window,interval,segment_id,pair_type,entry_delta_sec,candidate_d_engine,candidate_d_side,candidate_d_entry_ts,candidate_d_exit_ts,candidate_d_exit_reason,candidate_d_pnl_inr,candidate_d_mfe_usd,candidate_d_mae_usd,router_engine,router_side,router_entry_ts,router_exit_ts,router_exit_reason,router_pnl_inr,router_mfe_usd,router_mae_usd,paired_pnl_delta_router_minus_d
historical7d,500ms,0,exact_same_action,0.0,BURST,BUY,1789573152.468,1789573195.315,momentum_zero_cross,3.000000000000682,1.4400000000005093,-0.3000000000001819,BURST,BUY,1789573152.468,1789573195.315,momentum_zero_cross,3.000000000000682,1.4400000000005093,-0.3000000000001819,0.0
historical7d,500ms,0,exact_same_action,0.0,PRIMARY,BUY,1789573826.844,1789573965.96,emergency_stop,-15.504974999998787,0.0,-4.109999999999673,PRIMARY,BUY,1789573826.844,1789573965.96,emergency_stop,-15.504974999998787,0.0,-4.109999999999673,0.0
historical7d,500ms,0,exact_same_action,0.0,PRIMARY,BUY,1789574424.972,1789574554.4499998,emergency_stop,-14.844223511248194,0.17000000000007276,-4.059999999999491,PRIMARY,BUY,1789574424.972,1789574554.4499998,emergency_stop,-14.844223511248194,0.17000000000007276,-4.059999999999491,0.0
historical7d,500ms,0,exact_same_action,0.0,PRIMARY,BUY,1789575064.3500001,1789575964.473,max_hold,10.705540653721817,9.399999999999636,-1.4200000000000728,PRIMARY,BUY,1789575064.3500001,1789575964.473,max_hold,10.705540653721817,9.399999999999636,-1.4200000000000728,0.0
historical7d,500ms,0,exact_same_action,0.0,PRIMARY,SELL,1789576948.978,1789577221.412,momentum_zero_cross,-8.954176238190282,2.3400000000001455,-2.600000000000364,PRIMARY,SELL,1789576948.978,1789577221.412,momentum_zero_cross,-8.954176238190282,2.3400000000001455,-2.600000000000364,0.0
historical7d,500ms,0,exact_same_action,0.0,PRIMARY,SELL,1789577693.868,1789578593.993,max_hold,31.48844376189823,13.800000000000182,-1.2200000000002547,PRIMARY,SELL,1789577693.868,1789578593.993,max_hold,31.48844376189823,13.800000000000182,-1.2200000000002547,0.0
historical7d,500ms,0,exact_same_action,0.0,MICRO,BUY,1789578618.875,1789578804.99,trail,19.97635544919466,6.520000000000437,-0.11999999999989086,MICRO,BUY,1789578618.875,1789578804.99,trail,19.97635544919466,6.520000000000437,-0.11999999999989086,0.0
historical7d,500ms,0,exact_same_action,0.0,PRIMARY,SELL,1789579129.2659998,1789579778.929,emergency_stop,-15.933769042995813,3.130000000000109,-4.039999999999964,PRIMARY,SELL,1789579129.2659998,1789579778.929,emergency_stop,-15.933769042995813,3.130000000000109,-4.039999999999964,0.0
historical7d,500ms,0,exact_same_action,0.0,PRIMARY,BUY,1789580254.921,1789581155.4060001,max_hold,46.39117251268539,14.489999999999782,-0.6000000000003638,PRIMARY,BUY,1789580254.921,1789581155.4060001,max_hold,46.39117251268539,14.489999999999782,-0.6000000000003638,0.0
historical7d,500ms,0,exact_same_action,0.0,PRIMARY,BUY,1789581649.428,1789581743.4540002,emergency_stop,-17.148698661633343,1.949999999999818,-4.109999999999673,PRIMARY,BUY,1789581649.428,1789581743.4540002,emergency_stop,-17.148698661633343,1.949999999999818,-4.109999999999673,0.0
historical7d,500ms,0,exact_same_action,0.0,SECONDARY,BUY,1789582071.959,1789582518.9580002,emergency_stop,-16.90315725210084,1.9099999999998545,-4.180000000000291,SECONDARY,BUY,1789582071.959,1789582518.9580002,emergency_stop,-16.90315725210084,1.9099999999998545,-4.180000000000291,0.0
historical7d,500ms,0,exact_same_action,0.0,PRIMARY,SELL,1789583356.9459999,1789583760.496,emergency_stop,-16.255731956893825,2.0100000000002183,-4.149999999999636,PRIMARY,SELL,1789583356.9459999,1789583760.496,emergency_stop,-16.255731956893825,2.0100000000002183,-4.149999999999636,0.0
historical7d,500ms,0,exact_same_action,0.0,SECONDARY,BUY,1789584430.963,1789584507.463,emergency_stop,-15.446162231307163,2.2200000000002547,-4.069999999999709,SECONDARY,BUY,1789584430.963,1789584507.463,emergency_stop,-15.446162231307163,2.2200000000002547,-4.069999999999709,0.0
historical7d,500ms,0,exact_same_action,0.0,MICRO,SELL,1789584564.929,1789584565.278,momentum_zero_cross,-1.250955077132523,0.0,-0.3400000000001455,MICRO,SELL,1789584564.929,1789584565.278,momentum_zero_cross,-1.250955077132523,0.0,-0.3400000000001455,0.0
historical7d,500ms,0,exact_same_action,0.0,PRIMARY,SELL,1789586926.748,1789587086.985,momentum_zero_cross,-10.202314982014164,0.0,-2.7799999999997453,PRIMARY,SELL,1789586926.748,1789587086.985,momentum_zero_cross,-10.202314982014164,0.0,-2.7799999999997453,0.0
historical7d,500ms,0,exact_same_action,0.0,PRIMARY,BUY,1789592304.8969998,1789592403.4620001,emergency_stop,-26.698814240924378,9.100000000000364,-7.4299999999993815,PRIMARY,BUY,1789592304.8969998,1789592403.4620001,emergency_stop,-26.698814240924378,9.100000000000364,-7.4299999999993815,0.0
historical7d,500ms,0,exact_same_action,0.0,MICRO,SELL,1789592535.972,1789592539.9299998,emergency_stop,-14.013664096320696,0.0,-4.130000000000109,MICRO,SELL,1789592535.972,1789592539.9299998,emergency_stop,-14.013664096320696,0.0,-4.130000000000109,0.0
historical7d,500ms,0,exact_same_action,0.0,SECONDARY,BUY,1789592591.9859998,1789592605.4529998,emergency_stop,-13.415189024654024,2.300000000000182,-4.079999999999927,SECONDARY,BUY,1789592591.9859998,1789592605.4529998,emergency_stop,-13.415189024654024,2.300000000000182,-4.079999999999927,0.0
historical7d,500ms,0,exact_same_action,0.0,MICRO,BUY,1789592880.4620001,1789592904.4889998,emergency_stop,-15.650245005110873,2.649999999999636,-4.9099999999998545,MICRO,BUY,1789592880.4620001,1789592904.4889998,emergency_stop,-15.650245005110873,2.649999999999636,-4.9099999999998545,0.0
historical7d,500ms,0,exact_same_action,0.0,MICRO,SELL,1789592995.458,1789592995.906,momentum_zero_cross,-0.30700457704384865,0.0,-0.1000000000003638,MICRO,SELL,1789592995.458,1789592995.906,momentum_zero_cross,-0.30700457704384865,0.0,-0.1000000000003638,0.0
historical7d,500ms,0,exact_same_action,0.0,PRIMARY,SELL,1789593033.9889998,1789593933.999,max_hold,45.24921273246746,21.299999999999272,-2.130000000000109,PRIMARY,SELL,1789593033.9889998,1789593933.999,max_hold,45.24921273246746,21.299999999999272,-2.130000000000109,0.0
historical7d,500ms,0,exact_same_action,0.0,MICRO,SELL,1789594268.4220002,1789594346.9910002,trail,18.764671166246657,7.329999999999927,-2.350000000000364,MICRO,SELL,1789594268.4220002,1789594346.9910002,trail,18.764671166246657,7.329999999999927,-2.350000000000364,0.0
historical7d,500ms,0,simultaneous_substitution,0.0,PRIMARY,SELL,1789594424.963,1789594435.471,emergency_stop,-16.28461940690718,0.0,-4.589999999999236,MICRO,SELL,1789594424.963,1789594435.471,emergency_stop,-16.28461940690718,0.0,-4.589999999999236,0.0
historical7d,500ms,0,same_engine_timing_shift,20.45199990272522,MICRO,BUY,1789594746.48,1789594746.9750001,momentum_zero_cross,-1.2332565791225731,0.0,-0.3599999999996726,MICRO,BUY,1789594766.932,1789594881.492,emergency_stop,-13.358224179539917,3.350000000000364,-4.019999999999527,-12.124967600417344
historical7d,500ms,0,candidate_d_unmatched,nan,SECONDARY,BUY,1789594762.982,1789594922.468,take_profit,29.108267277189675,8.520000000000437,-1.5099999999993088,,,nan,nan,,nan,nan,nan,nan
historical7d,500ms,0,exact_same_action,0.0,MICRO,BUY,1789594989.979,1789595021.9539998,trail,18.809962177621678,6.0900000000001455,-2.319999999999709,MICRO,BUY,1789594989.979,1789595021.9539998,trail,16.67775534918748,6.0900000000001455,-2.319999999999709,-2.1322068284341995
historical7d,500ms,0,exact_same_action,0.0,PRIMARY,SELL,1789595292.485,1789595631.924,take_profit,94.47176740922143,25.020000000000437,-3.7600000000002183,PRIMARY,SELL,1789595292.485,1789595631.924,take_profit,83.76290230560973,25.020000000000437,-3.7600000000002183,-10.7088651036117
historical7d,500ms,0,exact_same_action,0.0,MICRO,SELL,1789595637.978,1789595676.449,emergency_stop,-18.789586859367482,0.42000000000007276,-4.190000000000509,MICRO,SELL,1789595637.978,1789595676.449,emergency_stop,-16.65968967899652,0.42000000000007276,-4.190000000000509,2.1298971803709605
historical7d,500ms,0,exact_same_action,0.0,MICRO,SELL,1789596313.4780002,1789596313.979,momentum_zero_cross,-0.3909119733437972,0.0,-0.09000000000014552,MICRO,SELL,1789596313.4780002,1789596313.979,momentum_zero_cross,-0.34660007250053243,0.0,-0.09000000000014552,0.04431190084326475
historical7d,500ms,0,exact_same_action,0.0,PRIMARY,SELL,1789596332.446,1789596617.4259999,take_profit,108.90401137475013,25.090000000000146,-3.25,PRIMARY,SELL,1789596332.446,1789596617.4259999,take_profit,96.55917652051664,25.090000000000146,-3.25,-12.344834854233483
historical7d,500ms,0,exact_same_action,0.0,SECONDARY,SELL,1789596621.4780002,1789596681.929,emergency_stop,-20.835551048600056,6.539999999999964,-4.039999999999964,SECONDARY,SELL,1789596621.4780002,1789596681.929,emergency_stop,-18.473733209706797,6.539999999999964,-4.039999999999964,2.361817838893259
historical7d,500ms,0,exact_same_action,0.0,MICRO,BUY,1789596891.473,1789596891.92,momentum_zero_cross,-3.0006287898772146,0.0,-0.6000000000003638,MICRO,BUY,1789596891.473,1789596891.92,momentum_zero_cross,-2.6604919445738187,0.0,-0.6000000000003638,0.34013684530339594
historical7d,500ms,0,exact_same_action,0.0,SECONDARY,BUY,1789596896.442,1789596961.988,emergency_stop,-22.951084461797656,4.5600000000004,-4.609999999999673,SECONDARY,BUY,1789596896.442,1789596961.988,emergency_stop,-20.349459931811364,4.5600000000004,-4.609999999999673,2.6016245299862923
historical7d,500ms,0,exact_same_action,0.0,MICRO,SELL,1789597030.492,1789597030.993,momentum_zero_cross,-6.632845984554728,0.0,-1.3799999999991996,MICRO,SELL,1789597030.492,1789597030.993,momentum_zero_cross,-5.8809784705920745,0.0,-1.3799999999991996,0.7518675139626536
historical7d,500ms,0,exact_same_action,0.0,PRIMARY,SELL,1789597139.999,1789597189.9910002,emergency_stop,-19.740154723742112,0.75,-4.149999999999636,PRIMARY,SELL,1789597139.999,1789597189.9910002,emergency_stop,-17.502505742906553,0.75,-4.149999999999636,2.2376489808355586
historical7d,500ms,0,exact_same_action,0.0,MICRO,BUY,1789597519.43,1789597531.484,emergency_stop,-18.48053663998875,0.0,-4.010000000000218,MICRO,BUY,1789597519.43,1789597531.484,emergency_stop,-16.385671905821876,0.0,-4.010000000000218,2.0948647341668725
historical7d,500ms,0,exact_same_action,0.0,SECONDARY,BUY,1789597832.972,1789598468.973,take_profit,35.80476891504488,8.010000000000218,-1.5600000000004002,SECONDARY,BUY,1789597832.972,1789598468.973,take_profit,31.746112547197797,8.010000000000218,-1.5600000000004002,-4.058656367847085
historical7d,500ms,0,exact_same_action,0.0,PRIMARY,BUY,1789598469.9750001,1789599370.496,max_hold,29.14204787850435,10.099999999999454,-2.5,PRIMARY,BUY,1789598469.9750001,1789599370.496,max_hold,25.83864551680115,10.099999999999454,-2.5,-3.303402361703199
historical7d,500ms,0,exact_same_action,0.0,MICRO,BUY,1789614642.982,1789614793.947,trail,26.718821442420243,6.529999999999745,-0.75,MICRO,BUY,1789614642.982,1789614793.947,trail,23.69010437274851,6.529999999999745,-0.75,-3.028717069671732
historical7d,500ms,0,exact_same_action,0.0,PRIMARY,BUY,1789615338.474,1789615398.95,emergency_stop,-20.733153579388386,0.27000000000043656,-4.019999999999527,PRIMARY,BUY,1789615338.474,1789615398.95,emergency_stop,-18.382943025029032,0.27000000000043656,-4.019999999999527,2.3502105543593537
historical7d,500ms,0,exact_same_action,0.0,PRIMARY,BUY,1789616035.973,1789616098.7059999,emergency_stop,-20.058028976583305,0.0,-4.009999999999309,PRIMARY,BUY,1789616035.973,1789616098.7059999,emergency_stop,-17.784347299557766,0.0,-4.009999999999309,2.2736816770255395
historical7d,500ms,0,exact_same_action,0.0,SECONDARY,BUY,1789617600.971,1789617657.826,take_profit,39.24917720171856,8.090000000000146,-0.8900000000003274,SECONDARY,BUY,1789617600.971,1789617657.826,take_profit,34.80007927958177,8.090000000000146,-0.8900000000003274,-4.449097922136787
historical7d,500ms,0,exact_same_action,0.0,MICRO,BUY,1789617976.963,1789618099.9689999,trail,29.93648180876144,7.709999999999127,0.0,MICRO,BUY,1789617976.963,1789618099.9689999,trail,26.543026238293727,7.709999999999127,0.0,-3.3934555704677116
historical7d,500ms,0,exact_same_action,0.0,MICRO,SELL,1789618204.957,1789618205.407,momentum_zero_cross,0.48334135174319015,0.09000000000014552,0.0,MICRO,SELL,1789618204.957,1789618205.407,momentum_zero_cross,0.42855210118969694,0.09000000000014552,0.0,-0.05478925055349321
historical7d,500ms,0,exact_same_action,0.0,PRIMARY,BUY,1789618633.982,1789619534.2089999,max_hold,57.448963560949295,12.079999999999927,-1.3400000000001455,PRIMARY,BUY,1789618633.982,1789619534.2089999,max_hold,50.936825405942564,12.079999999999927,-1.3400000000001455,-6.512138155006731
historical7d,500ms,0,candidate_d_unmatched,nan,PRIMARY,SELL,1789621006.3980002,1789621906.901,max_hold,95.02706015813553,16.36999999999989,-0.6100000000005821,,,nan,nan,,nan,nan,nan,nan
historical7d,500ms,0,candidate_d_unmatched,nan,MICRO,SELL,1789621980.452,1789622025.981,stagnation,-20.986848139906847,0.0,-3.219999999999345,,,nan,nan,,nan,nan,nan,nan
historical7d,500ms,0,exact_same_action,0.0,PRIMARY,SELL,1789623087.402,1789623987.642,max_hold,14.564980150400736,6.089999999999236,-3.180000000000291,PRIMARY,SELL,1789623087.402,1789623987.642,max_hold,11.220094397480507,6.089999999999236,-3.180000000000291,-3.344885752920229
historical7d,500ms,0,exact_same_action,0.0,PRIMARY,BUY,1789626636.3049998,1789626954.4950001,momentum_zero_cross,8.863202247922098,3.4099999999998545,-0.3999999999996362,PRIMARY,BUY,1789626636.3049998,1789626954.4950001,momentum_zero_cross,6.82774469026044,3.4099999999998545,-0.3999999999996362,-2.0354575576616583
historical7d,500ms,0,exact_same_action,0.0,PRIMARY,BUY,1789635294.824,1789636194.948,max_hold,43.333446019165535,7.3799999999992,-0.910000000000764,PRIMARY,BUY,1789635294.824,1789636194.948,max_hold,33.38180690138364,7.3799999999992,-0.910000000000764,-9.951639117781895
historical7d,500ms,0,exact_same_action,0.0,MICRO,SELL,1789636602.408,1789636862.664,momentum_zero_cross,-10.977544886270678,0.8400000000001455,-2.3099999999994907,MICRO,SELL,1789636602.408,1789636862.664,momentum_zero_cross,-8.456523016486743,0.8400000000001455,-2.3099999999994907,2.521021869783935
historical7d,500ms,0,exact_same_action,0.0,PRIMARY,BUY,1789639759.456,1789640406.004,momentum_zero_cross,52.05990886864004,13.69000000000051,-1.0599999999994907,PRIMARY,BUY,1789639759.456,1789640406.004,momentum_zero_cross,40.104214753379026,13.69000000000051,-1.0599999999994907,-11.955694115261018
historical7d,500ms,0,exact_same_action,0.0,PRIMARY,BUY,1789640864.822,1789641765.276,max_hold,15.341838227303068,7.279999999999745,-0.4399999999995998,PRIMARY,BUY,1789640864.822,1789641765.276,max_hold,11.818544986927376,7.279999999999745,-0.4399999999995998,-3.5232932403756916
historical7d,500ms,0,exact_same_action,0.0,PRIMARY,SELL,1789643496.452,1789643836.987,momentum_zero_cross,8.813817955293354,5.25,-0.7100000000000364,PRIMARY,SELL,1789643496.452,1789643836.987,momentum_zero_cross,6.789701629485512,5.25,-0.7100000000000364,-2.0241163258078423
historical7d,500ms,0,same_engine_timing_shift,7.604999780654907,PRIMARY,SELL,1789644738.46,1789644835.388,momentum_zero_cross,-16.83207411480435,0.7199999999993452,-2.2899999999999636,PRIMARY,SELL,1789644746.0649998,1789644835.388,momentum_zero_cross,-11.607605167049122,0.9600000000000364,-2.0499999999992724,5.224468947755227
historical7d,500ms,0,exact_same_action,0.0,PRIMARY,SELL,1789648231.488,1789648621.497,emergency_stop,-29.690681713595243,0.0,-4.109999999999673,PRIMARY,SELL,1789648231.488,1789648621.497,emergency_stop,-22.9140283690599,0.0,-4.109999999999673,6.776653344535344
historical7d,500ms,0,exact_same_action,0.0,PRIMARY,BUY,1789653260.3270001,1789654160.4550002,max_hold,58.601132405017594,10.229999999999563,-1.3800000000001091,PRIMARY,BUY,1789653260.3270001,1789654160.4550002,max_hold,45.22590701488512,10.229999999999563,-1.3800000000001091,-13.375225390132478
historical7d,500ms,0,exact_same_action,0.0,BURST,BUY,1789654187.951,1789654261.9539998,momentum_zero_cross,6.324712750053505,3.889999999999418,-1.1400000000003274,BURST,BUY,1789654187.951,1789654261.9539998,momentum_zero_cross,4.881149202933945,3.889999999999418,-1.1400000000003274,-1.4435635471195605
historical7d,500ms,0,exact_same_action,0.0,MICRO,SELL,1789654359.42,1789654388.461,momentum_zero_cross,-3.1450750275445993,0.09000000000014552,-0.819999999999709,MICRO,SELL,1789654359.42,1789654388.461,momentum_zero_cross,-2.427237579087984,0.09000000000014552,-0.819999999999709,0.7178374484566152
historical7d,500ms,0,exact_same_action,0.0,PRIMARY,SELL,1789655867.452,1789656007.483,momentum_zero_cross,-7.912566961138403,0.42000000000007276,-1.6899999999995998,PRIMARY,SELL,1789655867.452,1789656007.483,momentum_zero_cross,-6.1065887798928795,0.42000000000007276,-1.6899999999995998,1.8059781812455231
historical7d,500ms,0,exact_same_action,0.0,PRIMARY,BUY,1789656821.38,1789657721.4380002,max_hold,71.7577597182359,14.0,-0.21000000000003638,PRIMARY,BUY,1789656821.38,1789657721.4380002,max_hold,55.3796426011647,14.0,-0.21000000000003638,-16.378117117071206
historical7d,500ms,0,exact_same_action,0.0,SECONDARY,BUY,1789657766.486,1789658209.948,take_profit,63.786503807352574,8.029999999999745,-1.9500000000007276,SECONDARY,BUY,1789657766.486,1789658209.948,take_profit,49.22776014050094,8.029999999999745,-1.9500000000007276,-14.558743666851633
historical7d,500ms,0,same_engine_timing_shift,56.456000089645386,PRIMARY,BUY,1789658224.968,1789659125.299,max_hold,96.93633990662482,21.48999999999978,-1.7800000000006548,PRIMARY,BUY,1789658281.424,1789659181.772,max_hold,52.777473997397685,19.949999999999818,-1.5,-44.15886590922714
historical7d,500ms,0,candidate_d_unmatched,nan,MICRO,SELL,1789659163.1980002,1789659442.468,trail,45.698985699230356,5.520000000000437,-2.6099999999996726,,,nan,nan,,nan,nan,nan,nan
historical7d,500ms,0,exact_same_action,0.0,PRIMARY,BUY,1789659697.811,1789659739.4220002,emergency_stop,-38.53625522342672,0.4899999999997817,-4.0600000000004,PRIMARY,BUY,1789659697.811,1789659739.4220002,emergency_stop,-27.139139262815892,0.4899999999997817,-4.0600000000004,11.39711596061083
historical7d,500ms,0,exact_same_action,0.0,BURST,BUY,1789660114.463,1789660186.961,momentum_zero_cross,14.724266503194812,2.889999999999418,-0.8000000000001819,BURST,BUY,1789660114.463,1789660186.961,momentum_zero_cross,10.36955762453261,2.889999999999418,-0.8000000000001819,-4.354708878662201
historical7d,500ms,0,exact_same_action,0.0,MICRO,BUY,1789660200.981,1789660505.997,trail,50.616690691392904,7.280000000000655,-0.23999999999978172,MICRO,BUY,1789660200.981,1789660505.997,trail,35.64678014851588,7.280000000000655,-0.23999999999978172,-14.969910542877024
historical7d,500ms,0,exact_same_action,0.0,SECONDARY,SELL,1789660803.487,1789660845.472,momentum_zero_cross,-36.25078680053568,2.2399999999997817,-3.7799999999997453,SECONDARY,SELL,1789660803.487,1789660845.472,momentum_zero_cross,-25.52959922188576,2.2399999999997817,-3.7799999999997453,10.721187578649918
historical7d,500ms,0,exact_same_action,0.0,SECONDARY,SELL,1789661412.966,1789661741.483,emergency_stop,-39.6617483667371,4.380000000000109,-4.210000000000036,SECONDARY,SELL,1789661412.966,1789661741.483,emergency_stop,-27.93176726931394,4.380000000000109,-4.210000000000036,11.72998109742316
historical7d,500ms,0,exact_same_action,0.0,PRIMARY,BUY,1789661749.9420002,1789662495.4540002,emergency_stop,-37.31462309449378,5.920000000000073,-4.0900000000001455,PRIMARY,BUY,1789661749.9420002,1789662495.4540002,emergency_stop,-26.27880542179217,5.920000000000073,-4.0900000000001455,11.035817672701612
historical7d,500ms,0,exact_same_action,0.0,SECONDARY,SELL,1789662996.479,1789663061.473,emergency_stop,-35.993126629944406,0.0,-4.0700000000006185,SECONDARY,SELL,1789662996.479,1789663061.473,emergency_stop,-25.348142170295908,0.0,-4.0700000000006185,10.644984459648498
historical7d,500ms,0,exact_same_action,0.0,PRIMARY,SELL,1789663504.984,1789663549.472,emergency_stop,-34.55149357529465,0.0,-4.030000000000655,PRIMARY,SELL,1789663504.984,1789663549.472,emergency_stop,-24.332872782827394,0.0,-4.030000000000655,10.218620792467256
historical7d,500ms,0,exact_same_action,0.0,SECONDARY,BUY,1789663602.473,1789664765.407,take_profit,68.42780338279054,8.229999999999563,-0.660000000000764,SECONDARY,BUY,1789663602.473,1789664765.407,take_profit,48.19024772093571,8.229999999999563,-0.660000000000764,-20.237555661854834
historical7d,500ms,0,exact_same_action,0.0,PRIMARY,BUY,1789664819.497,1789665122.47,emergency_stop,-37.7823160218083,4.0,-4.280000000000655,PRIMARY,BUY,1789664819.497,1789665122.47,emergency_stop,-26.608177941592864,4.0,-4.280000000000655,11.174138080215435
historical7d,500ms,0,exact_same_action,0.0,MICRO,SELL,1789665128.421,1789665431.976,momentum_zero_cross,0.9398704216152566,1.7199999999993452,-3.0200000000004366,MICRO,SELL,1789665128.421,1789665431.976,momentum_zero_cross,0.6619032937510679,1.7199999999993452,-3.0200000000004366,-0.27796712786418865
historical7d,500ms,0,exact_same_action,0.0,PRIMARY,SELL,1789666760.28,1789667660.3630002,max_hold,52.84719213585868,6.470000000000255,-2.639999999999418,PRIMARY,SELL,1789666760.28,1789667660.3630002,max_hold,37.21760972124689,6.470000000000255,-2.639999999999418,-15.62958241461179
historical7d,500ms,0,exact_same_action,0.0,PRIMARY,SELL,1789668684.972,1789668791.965,momentum_zero_cross,-22.816582799831842,0.8299999999999272,-2.75,PRIMARY,SELL,1789668684.972,1789668791.965,momentum_zero_cross,-16.068567496142496,0.8299999999999272,-2.75,6.748015303689346
historical7d,500ms,0,exact_same_action,0.0,PRIMARY,BUY,1789670449.961,1789670824.465,momentum_zero_cross,1.8430765832530724,2.3700000000008004,-1.2599999999993088,PRIMARY,BUY,1789670449.961,1789670824.465,momentum_zero_cross,1.2979857999936764,2.3700000000008004,-1.2599999999993088,-0.5450907832593961
historical7d,500ms,0,exact_same_action,0.0,PRIMARY,BUY,1789671602.393,1789672502.4099998,max_hold,-19.338832111984257,1.699999999999818,-3.630000000000109,PRIMARY,BUY,1789671602.393,1789672502.4099998,max_hold,-13.619363241820642,1.699999999999818,-3.630000000000109,5.719468870163615
historical7d,500ms,0,exact_same_action,0.0,PRIMARY,SELL,1789673571.864,1789674472.351,max_hold,8.645336991880962,4.389999999999418,-0.22000000000025466,PRIMARY,SELL,1789673571.864,1789674472.351,max_hold,6.0884744310598755,4.389999999999418,-0.22000000000025466,-2.556862560821086
historical7d,500ms,0,exact_same_action,0.0,PRIMARY,SELL,1789681108.4099998,1789681137.875,momentum_zero_cross,-16.810641647282345,0.0,-2.339999999999236,PRIMARY,SELL,1789681108.4099998,1789681137.875,momentum_zero_cross,-11.83888631933136,0.0,-2.339999999999236,4.971755327950985
historical7d,500ms,0,exact_same_action,0.0,SECONDARY,SELL,1789684082.9740002,1789685283.444,max_hold,-18.284127050837345,0.6199999999998909,-3.9200000000000728,SECONDARY,SELL,1789684082.9740002,1789685283.444,max_hold,-12.876587708243061,0.6199999999998909,-3.9200000000000728,5.4075393425942835
historical7d,500ms,0,exact_same_action,0.0,BURST,BUY,1789701778.447,1789701844.474,momentum_zero_cross,8.78484490424723,1.7799999999997453,-0.36999999999989086,BURST,BUY,1789701778.447,1789701844.474,momentum_zero_cross,6.1867228114492425,1.7799999999997453,-0.36999999999989086,-2.598122092797987
historical7d,500ms,0,exact_same_action,0.0,PRIMARY,BUY,1789702326.9910002,1789703227.079,max_hold,-18.558018648090407,1.8299999999999272,-2.9700000000002547,PRIMARY,BUY,1789702326.9910002,1789703227.079,max_hold,-13.069475734276459,1.8299999999999272,-2.9700000000002547,5.488542913813948
historical7d,500ms,0,exact_same_action,0.0,PRIMARY,BUY,1789705225.456,1789705870.4950001,emergency_stop,-33.66214315304514,2.3299999999999272,-4.020000000000437,PRIMARY,BUY,1789705225.456,1789705870.4950001,emergency_stop,-23.706548174405125,2.3299999999999272,-4.020000000000437,9.955594978640018
historical7d,500ms,0,exact_same_action,0.0,PRIMARY,SELL,1789706581.792,1789707481.849,max_hold,-6.090901033018131,4.75,-1.449999999999818,PRIMARY,SELL,1789706581.792,1789707481.849,max_hold,-4.289514131892582,4.75,-1.449999999999818,1.8013869011255492
historical7d,500ms,0,exact_same_action,0.0,PRIMARY,SELL,1789712211.0449998,1789713111.404,max_hold,-3.3109630440388718,8.05999999999949,-0.7000000000007276,PRIMARY,SELL,1789712211.0449998,1789713111.404,max_hold,-2.3317441361448803,8.05999999999949,-0.7000000000007276,0.9792189078939915
historical7d,500ms,0,exact_same_action,0.0,BURST,BUY,1789713296.6780002,1789713363.177,momentum_zero_cross,9.097276758361804,1.949999999999818,-0.25,BURST,BUY,1789713296.6780002,1789713363.177,momentum_zero_cross,6.406752794897159,1.949999999999818,-0.25,-2.6905239634646456
historical7d,500ms,0,exact_same_action,0.0,PRIMARY,BUY,1789713750.544,1789714650.717,max_hold,34.505397132986005,4.710000000000036,-0.0500000000001819,PRIMARY,BUY,1789713750.544,1789714650.717,max_hold,24.30040938543495,4.710000000000036,-0.0500000000001819,-10.204987747551055
historical7d,500ms,0,exact_same_action,0.0,BURST,SELL,1789720203.473,1789720238.871,momentum_zero_cross,-2.261981011764123,1.0799999999999272,-2.230000000000473,BURST,SELL,1789720203.473,1789720238.871,momentum_zero_cross,-1.5929990429063017,1.0799999999999272,-2.230000000000473,0.6689819688578214
historical7d,500ms,0,exact_same_action,0.0,PRIMARY,BUY,1789721882.816,1789722322.498,momentum_zero_cross,45.39883228202899,11.590000000000146,-1.0100000000002183,PRIMARY,BUY,1789721882.816,1789722322.498,momentum_zero_cross,31.972105865704496,11.590000000000146,-1.0100000000002183,-13.426726416324495
historical7d,500ms,0,exact_same_action,0.0,SECONDARY,BUY,1789722363.9980001,1789723566.3990002,max_hold,59.690464111470035,7.5600000000004,-3.5200000000004366,SECONDARY,BUY,1789722363.9980001,1789723566.3990002,max_hold,42.03698072869601,7.5600000000004,-3.5200000000004366,-17.653483382774027
historical7d,500ms,0,exact_same_action,0.0,PRIMARY,BUY,1789723626.188,1789724526.463,max_hold,28.453117303784467,3.3299999999999272,-2.6599999999998545,PRIMARY,BUY,1789723626.188,1789724526.463,max_hold,20.0380942178112,3.3299999999999272,-2.6599999999998545,-8.415023085973267
historical7d,500ms,0,exact_same_action,0.0,BURST,SELL,1789728974.4169998,1789729004.9980001,momentum_zero_cross,-5.149270882860048,0.0,-0.8800000000001091,BURST,SELL,1789728974.4169998,1789729004.9980001,momentum_zero_cross,-3.626371550159026,0.0,-0.8800000000001091,1.5228993327010216
historical7d,500ms,0,exact_same_action,0.0,PRIMARY,SELL,1789730727.8140001,1789731283.302,momentum_zero_cross,11.747850867252671,3.0799999999999272,-1.0499999999992724,PRIMARY,SELL,1789730727.8140001,1789731283.302,momentum_zero_cross,8.27341834012309,3.0799999999999272,-1.0499999999992724,-3.474432527129581
historical7d,500ms,0,exact_same_action,0.0,PRIMARY,BUY,1789733442.8700001,1789733823.9889998,emergency_stop,-37.741318184418056,0.32999999999992724,-4.010000000000218,PRIMARY,BUY,1789733442.8700001,1789733823.9889998,emergency_stop,-26.579305234269405,0.32999999999992724,-4.010000000000218,11.16201295014865
historical7d,500ms,0,exact_same_action,0.0,PRIMARY,SELL,1789735360.477,1789736260.488,max_hold,12.415086617069326,5.480000000000473,-1.6700000000000728,PRIMARY,SELL,1789735360.477,1789736260.488,max_hold,8.743318796989364,5.480000000000473,-1.6700000000000728,-3.671767820079962
historical7d,500ms,0,exact_same_action,0.0,MICRO,SELL,1789740383.483,1789740428.924,stagnation,-32.737579247782065,0.0,-3.610000000000582,MICRO,SELL,1789740383.483,1789740428.924,stagnation,-23.05542448745555,0.0,-3.610000000000582,9.682154760326515
historical7d,500ms,0,router_unmatched,nan,,,nan,nan,,nan,nan,nan,PRIMARY,SELL,1789594453.99,1789594765.492,emergency_stop,-13.702850879152164,20.980000000000473,-4.0,nan
historical7d,500ms,0,router_unmatched,nan,,,nan,nan,,nan,nan,nan,PRIMARY,SELL,1789621329.987,1789621391.893,momentum_zero_cross,-12.146755613052884,0.0,-2.3599999999996726,nan
historical7d,500ms,0,router_unmatched,nan,,,nan,nan,,nan,nan,nan,SECONDARY,SELL,1789621640.4950001,1789622360.3769999,emergency_stop,-20.83001827095646,5.610000000000582,-4.119999999999891,nan
historical7d,500ms,0,router_unmatched,nan,,,nan,nan,,nan,nan,nan,SECONDARY,SELL,1789659334.932,1789659593.424,emergency_stop,-28.133721481337776,1.7799999999997453,-4.079999999999927,nan
historical7d,500ms,1,exact_same_action,0.0,PRIMARY,SELL,1789742547.9980001,1789742919.429,momentum_zero_cross,6.112499999996999,3.2299999999995634,-0.6500000000005457,PRIMARY,SELL,1789742547.9980001,1789742919.429,momentum_zero_cross,6.112499999996999,3.2299999999995634,-0.6500000000005457,0.0
historical7d,500ms,1,exact_same_action,0.0,SECONDARY,BUY,1789743897.458,1789743949.368,emergency_stop,-15.980502187500043,2.449999999999818,-4.210000000000036,SECONDARY,BUY,1789743897.458,1789743949.368,emergency_stop,-15.980502187500043,2.449999999999818,-4.210000000000036,0.0
historical7d,500ms,1,exact_same_action,0.0,PRIMARY,SELL,1789743963.4339998,1789744863.4689999,max_hold,21.65158100336491,5.889999999999418,-3.6900000000005093,PRIMARY,SELL,1789743963.4339998,1789744863.4689999,max_hold,21.65158100336491,5.889999999999418,-3.6900000000005093,0.0
historical7d,500ms,1,exact_same_action,0.0,MICRO,SELL,1789744864.375,1789745149.474,take_profit,25.66914512498394,10.220000000000255,-0.47999999999956344,MICRO,SELL,1789744864.375,1789745149.474,take_profit,25.66914512498394,10.220000000000255,-0.47999999999956344,0.0
historical7d,500ms,1,exact_same_action,0.0,SECONDARY,SELL,1789745230.8769999,1789745380.437,emergency_stop,-17.05068766702524,1.0100000000002183,-4.230000000000473,SECONDARY,SELL,1789745230.8769999,1789745380.437,emergency_stop,-17.05068766702524,1.0100000000002183,-4.230000000000473,0.0
historical7d,500ms,1,exact_same_action,0.0,MICRO,BUY,1789745476.022,1789745809.4329998,trail,23.51566701412273,9.25,-1.4099999999998545,MICRO,BUY,1789745476.022,1789745809.4329998,trail,23.51566701412273,9.25,-1.4099999999998545,0.0
historical7d,500ms,1,same_engine_timing_shift,4.6529998779296875,PRIMARY,BUY,1789747212.315,1789747341.9950001,momentum_zero_cross,-11.136714974818858,3.0600000000004,-2.7299999999995634,PRIMARY,BUY,1789747216.968,1789747341.9950001,momentum_zero_cross,-11.95259152975374,2.8599999999996726,-2.930000000000291,-0.8158765549348814
historical7d,500ms,1,exact_same_action,0.0,MICRO,SELL,1789747384.487,1789747429.951,stagnation,-4.954863191311185,0.0,-2.149999999999636,MICRO,SELL,1789747384.487,1789747429.951,stagnation,-4.947275539350292,0.0,-2.149999999999636,0.007587651960893282
historical7d,500ms,1,exact_same_action,0.0,SECONDARY,BUY,1789747489.987,1789748601.427,emergency_stop,-16.389001185029993,5.100000000000364,-4.139999999999418,SECONDARY,BUY,1789747489.987,1789748601.427,emergency_stop,-16.363903814592657,5.100000000000364,-4.139999999999418,0.025097370437336508
historical7d,500ms,1,exact_same_action,0.0,PRIMARY,SELL,1789749090.464,1789749990.493,max_hold,19.90769004924124,9.650000000000546,-0.8799999999991996,PRIMARY,SELL,1789749090.464,1789749990.493,max_hold,19.87720431883725,9.650000000000546,-0.8799999999991996,-0.030485730403988498
historical7d,500ms,1,exact_same_action,0.0,PRIMARY,SELL,1789750451.994,1789751026.465,emergency_stop,-16.299002169021882,2.5600000000004,-4.0900000000001455,PRIMARY,SELL,1789750451.994,1789751026.465,emergency_stop,-16.274042618981177,2.5600000000004,-4.0900000000001455,0.02495955004070538
historical7d,500ms,1,exact_same_action,0.0,BURST,SELL,1789751987.461,1789752078.403,momentum_zero_cross,10.738705176383522,3.949999999999818,-0.8699999999998909,BURST,SELL,1789751987.461,1789752078.403,momentum_zero_cross,10.72226041206956,3.949999999999818,-0.8699999999998909,-0.016444764313963134
historical7d,500ms,1,exact_same_action,0.0,PRIMARY,SELL,1789752079.999,1789752139.968,emergency_stop,-16.325609252645933,0.15999999999985448,-4.140000000000327,PRIMARY,SELL,1789752079.999,1789752139.968,emergency_stop,-16.30060895772844,0.15999999999985448,-4.140000000000327,0.02500029491749345
historical7d,500ms,1,exact_same_action,0.0,MICRO,BUY,1789752173.904,1789752174.202,momentum_zero_cross,-1.2609107966580542,0.0,-0.32999999999992724,MICRO,BUY,1789752173.904,1789752174.202,momentum_zero_cross,-1.2589798952568712,0.0,-0.32999999999992724,0.0019309014011830161
historical7d,500ms,1,exact_same_action,0.0,PRIMARY,BUY,1789753818.487,1789754157.972,momentum_zero_cross,5.29796411813984,5.639999999999418,-0.6599999999998545,PRIMARY,BUY,1789753818.487,1789754157.972,momentum_zero_cross,5.2898510570365085,5.639999999999418,-0.6599999999998545,-0.008113061103331098
historical7d,500ms,1,exact_same_action,0.0,SECONDARY,SELL,1789754302.941,1789754629.473,momentum_zero_cross,2.1951952335398786,2.709999999999127,-0.6700000000000728,SECONDARY,SELL,1789754302.941,1789754629.473,momentum_zero_cross,2.1918336114778363,2.709999999999127,-0.6700000000000728,-0.0033616220620422688
historical7d,500ms,1,exact_same_action,0.0,SECONDARY,BUY,1789757067.9889998,1789758267.99,max_hold,7.077861120159052,3.050000000000182,-2.6400000000003274,SECONDARY,BUY,1789757067.9889998,1789758267.99,max_hold,7.0670224058023186,3.050000000000182,-2.6400000000003274,-0.010838714356733448
historical7d,500ms,1,exact_same_action,0.0,PRIMARY,BUY,1789758584.742,1789758913.959,momentum_zero_cross,0.7841535261231682,4.739999999999782,-0.7300000000004729,PRIMARY,BUY,1789758584.742,1789758913.959,momentum_zero_cross,0.7829527091055434,4.739999999999782,-0.7300000000004729,-0.0012008170176248667
historical7d,500ms,1,exact_same_action,0.0,PRIMARY,BUY,1789759468.945,1789760369.1529999,max_hold,29.371332889850535,12.539999999999964,-3.9799999999995634,PRIMARY,BUY,1789759468.945,1789760369.1529999,max_hold,29.32635496755662,12.539999999999964,-3.9799999999995634,-0.04497792229391351
historical7d,500ms,1,exact_same_action,0.0,PRIMARY,BUY,1789761354.9889998,1789761545.753,momentum_zero_cross,-6.386278019258233,1.1000000000003638,-1.5799999999999272,PRIMARY,BUY,1789761354.9889998,1789761545.753,momentum_zero_cross,-6.376498363783463,1.1000000000003638,-1.5799999999999272,0.009779655474770443
historical7d,500ms,1,exact_same_action,0.0,PRIMARY,BUY,1789762637.884,1789762735.922,momentum_zero_cross,-7.788169717832306,1.0099999999993088,-1.9000000000005457,PRIMARY,BUY,1789762637.884,1789762735.922,momentum_zero_cross,-7.776243269220183,1.0099999999993088,-1.9000000000005457,0.01192644861212333
historical7d,500ms,1,exact_same_action,0.0,SECONDARY,BUY,1789763657.457,1789764857.978,max_hold,9.172219705015806,5.1899999999996,-1.1700000000000728,SECONDARY,BUY,1789763657.457,1789764857.978,max_hold,9.158173785251046,5.1899999999996,-1.1700000000000728,-0.014045919764759773
historical7d,500ms,1,exact_same_action,0.0,PRIMARY,SELL,1789767860.959,1789768061.9129999,momentum_zero_cross,-3.8217578737049407,1.8900000000003274,-0.930000000000291,PRIMARY,SELL,1789767860.959,1789768061.9129999,momentum_zero_cross,-3.8159054076519254,1.8900000000003274,-0.930000000000291,0.0058524660530152595
historical7d,500ms,2,exact_same_action,0.0,MICRO,BUY,1789963644.3939998,1789963940.188,momentum_zero_cross,-3.8249999999982265,2.740000000000691,-1.1699999999991633,MICRO,BUY,1789963644.3939998,1789963940.188,momentum_zero_cross,-3.8249999999982265,2.740000000000691,-1.1699999999991633,0.0
historical7d,500ms,2,exact_same_action,0.0,PRIMARY,SELL,1789967510.961,1789968412.476,max_hold,13.768856249999372,8.699999999999818,-1.9699999999993452,PRIMARY,SELL,1789967510.961,1789968412.476,max_hold,13.768856249999372,8.699999999999818,-1.9699999999993452,0.0
historical7d,500ms,2,exact_same_action,0.0,SECONDARY,SELL,1789968692.959,1789969892.9740002,max_hold,-4.360019970938763,3.149999999999636,-3.2100000000000364,SECONDARY,SELL,1789968692.959,1789969892.9740002,max_hold,-4.360019970938763,3.149999999999636,-3.2100000000000364,0.0
historical7d,500ms,2,exact_same_action,0.0,SECONDARY,SELL,1789970946.9539998,1789971214.91,emergency_stop,-15.5467029655791,0.0,-4.099999999999454,SECONDARY,SELL,1789970946.9539998,1789971214.91,emergency_stop,-15.5467029655791,0.0,-4.099999999999454,0.0
historical7d,500ms,2,exact_same_action,0.0,MICRO,BUY,1789984993.492,1789984994.3939998,momentum_zero_cross,-1.0290779799607217,0.0,-0.28000000000065484,MICRO,BUY,1789984993.492,1789984994.3939998,momentum_zero_cross,-1.0290779799607217,0.0,-0.28000000000065484,0.0
historical7d,500ms,2,exact_same_action,0.0,BURST,BUY,1789984997.647,1789985047.373,momentum_zero_cross,2.567292290503662,1.8800000000001091,-0.9799999999995634,BURST,BUY,1789984997.647,1789985047.373,momentum_zero_cross,2.567292290503662,1.8800000000001091,-0.9799999999995634,0.0
historical7d,500ms,2,exact_same_action,0.0,MICRO,BUY,1789985709.5100002,1789985754.127,momentum_zero_cross,-11.171049774755057,0.4099999999998545,-3.5900000000001455,MICRO,BUY,1789985709.5100002,1789985754.127,momentum_zero_cross,-11.171049774755057,0.4099999999998545,-3.5900000000001455,0.0
historical7d,500ms,2,exact_same_action,0.0,SECONDARY,SELL,1789993800.4910002,1789995000.6169999,max_hold,6.017063830562384,5.410000000000764,-2.8599999999996726,SECONDARY,SELL,1789993800.4910002,1789995000.6169999,max_hold,6.017063830562384,5.410000000000764,-2.8599999999996726,0.0
historical7d,500ms,3,exact_same_action,0.0,MICRO,SELL,1790004086.345,1790004330.451,trail,18.956249999999386,5.569999999999709,-0.7899999999999636,MICRO,SELL,1790004086.345,1790004330.451,trail,18.956249999999386,5.569999999999709,-0.7899999999999636,0.0
historical7d,500ms,3,exact_same_action,0.0,SECONDARY,BUY,1790005480.473,1790005558.881,emergency_stop,-15.56868749999998,0.5599999999994907,-4.0,SECONDARY,BUY,1790005480.473,1790005558.881,emergency_stop,-15.56868749999998,0.5599999999994907,-4.0,0.0
historical7d,500ms,3,exact_same_action,0.0,PRIMARY,SELL,1790005642.848,1790005976.655,emergency_stop,-15.101626874999983,0.0,-4.0,PRIMARY,SELL,1790005642.848,1790005976.655,emergency_stop,-15.101626874999983,0.0,-4.0,0.0
historical7d,500ms,3,exact_same_action,0.0,BURST,BUY,1790006264.459,1790006341.4889998,momentum_zero_cross,2.1606652651411555,2.149999999999636,-1.6700000000000728,BURST,BUY,1790006264.459,1790006341.4889998,momentum_zero_cross,2.1606652651411555,2.149999999999636,-1.6700000000000728,0.0
historical7d,500ms,3,exact_same_action,0.0,PRIMARY,BUY,1790006912.309,1790007812.4540002,max_hold,12.064986381896523,3.4099999999998545,-0.5799999999999272,PRIMARY,BUY,1790006912.309,1790007812.4540002,max_hold,12.064986381896523,3.4099999999998545,-0.5799999999999272,0.0
historical7d,500ms,3,exact_same_action,0.0,MICRO,SELL,1790008432.2870002,1790008477.479,stagnation,1.3944696546794917,0.36999999999989086,-1.1400000000003274,MICRO,SELL,1790008432.2870002,1790008477.479,stagnation,1.3944696546794917,0.36999999999989086,-1.1400000000003274,0.0
historical7d,500ms,3,exact_same_action,0.0,PRIMARY,SELL,1790008907.91,1790009045.98,momentum_zero_cross,-1.3983393079712263,2.5700000000006185,-0.5100000000002183,PRIMARY,SELL,1790008907.91,1790009045.98,momentum_zero_cross,-1.3983393079712263,2.5700000000006185,-0.5100000000002183,0.0
historical7d,500ms,3,exact_same_action,0.0,SECONDARY,BUY,1790009383.4910002,1790009571.948,emergency_stop,-15.263671922670078,0.5299999999997453,-4.050000000000182,SECONDARY,BUY,1790009383.4910002,1790009571.948,emergency_stop,-15.263671922670078,0.5299999999997453,-4.050000000000182,0.0
historical7d,500ms,3,exact_same_action,0.0,PRIMARY,SELL,1790009592.7849998,1790010322.499,take_profit,92.41801436740295,25.289999999999964,-1.0499999999992724,PRIMARY,SELL,1790009592.7849998,1790010322.499,take_profit,92.41801436740295,25.289999999999964,-1.0499999999992724,0.0
historical7d,500ms,3,exact_same_action,0.0,MICRO,SELL,1790010346.9689999,1790010391.982,stagnation,-7.999336428876632,0.0,-2.199999999999818,MICRO,SELL,1790010346.9689999,1790010391.982,stagnation,-7.999336428876632,0.0,-2.199999999999818,0.0
historical7d,500ms,3,exact_same_action,0.0,MICRO,BUY,1790010460.962,1790010461.461,momentum_zero_cross,0.2572482256372865,0.06000000000040018,0.0,MICRO,BUY,1790010460.962,1790010461.461,momentum_zero_cross,0.2572482256372865,0.06000000000040018,0.0,0.0
historical7d,500ms,3,exact_same_action,0.0,BURST,SELL,1790012061.956,1790012110.993,momentum_zero_cross,4.847021761515993,2.5,-0.06999999999970896,BURST,SELL,1790012061.956,1790012110.993,momentum_zero_cross,4.847021761515993,2.5,-0.06999999999970896,0.0
historical7d,500ms,3,exact_same_action,0.0,SECONDARY,BUY,1790016648.988,1790016677.4950001,emergency_stop,-17.995130200998126,0.06000000000040018,-4.1599999999998545,SECONDARY,BUY,1790016648.988,1790016677.4950001,emergency_stop,-17.995130200998126,0.06000000000040018,-4.1599999999998545,0.0
historical7d,500ms,3,exact_same_action,0.0,BURST,SELL,1790018047.4380002,1790018075.927,momentum_zero_cross,-4.484144203954165,0.15999999999985448,-1.2200000000002547,BURST,SELL,1790018047.4380002,1790018075.927,momentum_zero_cross,-4.484144203954165,0.15999999999985448,-1.2200000000002547,0.0
historical7d,500ms,3,exact_same_action,0.0,PRIMARY,BUY,1790018369.8179998,1790018583.9950001,emergency_stop,-17.875778944742642,0.43000000000029104,-4.300000000000182,PRIMARY,BUY,1790018369.8179998,1790018583.9950001,emergency_stop,-17.875778944742642,0.43000000000029104,-4.300000000000182,0.0
historical7d,500ms,3,exact_same_action,0.0,BURST,SELL,1790022664.515,1790022693.86,momentum_zero_cross,-2.0920065670591317,0.8699999999998909,-0.7399999999997817,BURST,SELL,1790022664.515,1790022693.86,momentum_zero_cross,-2.0920065670591317,0.8699999999998909,-0.7399999999997817,0.0
historical7d,500ms,4,exact_same_action,0.0,MICRO,SELL,1790050280.4819999,1790050703.485,trail,19.921874999999147,6.1599999999998545,-1.7399999999997817,MICRO,SELL,1790050280.4819999,1790050703.485,trail,19.921874999999147,6.1599999999998545,-1.7399999999997817,0.0
historical7d,500ms,4,exact_same_action,0.0,PRIMARY,SELL,1790052562.477,1790052905.838,emergency_stop,-15.675644531248134,1.180000000000291,-4.019999999999527,PRIMARY,SELL,1790052562.477,1790052905.838,emergency_stop,-15.675644531248134,1.180000000000291,-4.019999999999527,0.0
historical7d,500ms,4,exact_same_action,0.0,PRIMARY,SELL,1790057259.33,1790057517.401,momentum_zero_cross,-2.4203819062512437,2.130000000000109,-0.6400000000003274,PRIMARY,SELL,1790057259.33,1790057517.401,momentum_zero_cross,-2.4203819062512437,2.130000000000109,-0.6400000000003274,0.0
historical7d,500ms,4,exact_same_action,0.0,MICRO,BUY,1790066882.3779998,1790067216.333,trail,11.21580771537365,5.020000000000437,-0.930000000000291,MICRO,BUY,1790066882.3779998,1790067216.333,trail,11.21580771537365,5.020000000000437,-0.930000000000291,0.0
historical7d,500ms,4,exact_same_action,0.0,BURST,BUY,1790068421.339,1790068481.346,stagnation,0.8465187328594711,0.5500000000001819,-1.6099999999996726,BURST,BUY,1790068421.339,1790068481.346,stagnation,0.8465187328594711,0.5500000000001819,-1.6099999999996726,0.0
historical7d,500ms,4,exact_same_action,0.0,BURST,SELL,1790072966.384,1790073075.236,momentum_zero_cross,11.562483937741492,3.7299999999995634,-0.8599999999996726,BURST,SELL,1790072966.384,1790073075.236,momentum_zero_cross,11.562483937741492,3.7299999999995634,-0.8599999999996726,0.0
historical7d,500ms,4,exact_same_action,0.0,SECONDARY,SELL,1790074221.952,1790074679.497,take_profit,31.763492333436854,8.0600000000004,-0.7199999999993452,SECONDARY,SELL,1790074221.952,1790074679.497,take_profit,31.763492333436854,8.0600000000004,-0.7199999999993452,0.0
historical7d,500ms,4,exact_same_action,0.0,BURST,SELL,1790075668.965,1790075763.404,momentum_zero_cross,10.489556397882893,2.6099999999996726,-1.5,BURST,SELL,1790075668.965,1790075763.404,momentum_zero_cross,10.489556397882893,2.6099999999996726,-1.5,0.0
historical7d,500ms,4,exact_same_action,0.0,MICRO,SELL,1790076713.9889998,1790076761.968,emergency_stop,-17.07368900847074,1.2399999999997817,-4.010000000000218,MICRO,SELL,1790076713.9889998,1790076761.968,emergency_stop,-17.07368900847074,1.2399999999997817,-4.010000000000218,0.0
historical7d,500ms,4,exact_same_action,0.0,BURST,BUY,1790076896.465,1790077016.9580002,max_hold,29.692723756853216,7.190000000000509,-0.6700000000000728,BURST,BUY,1790076896.465,1790077016.9580002,max_hold,29.692723756853216,7.190000000000509,-0.6700000000000728,0.0
historical7d,500ms,4,exact_same_action,0.0,SECONDARY,BUY,1790077022.458,1790077286.496,take_profit,35.55927604228684,8.170000000000073,-1.3100000000004002,SECONDARY,BUY,1790077022.458,1790077286.496,take_profit,35.55927604228684,8.170000000000073,-1.3100000000004002,0.0
historical7d,500ms,4,exact_same_action,0.0,MICRO,BUY,1790077316.497,1790077739.476,trail,12.055890511562009,4.640000000000327,-1.9200000000000728,MICRO,BUY,1790077316.497,1790077739.476,trail,12.055890511562009,4.640000000000327,-1.9200000000000728,0.0
historical7d,500ms,4,exact_same_action,0.0,MICRO,BUY,1790077860.457,1790078021.9529998,trail,26.514678206765467,6.510000000000218,-0.48000000000047294,MICRO,BUY,1790077860.457,1790078021.9529998,trail,26.514678206765467,6.510000000000218,-0.48000000000047294,0.0
historical7d,500ms,4,exact_same_action,0.0,SECONDARY,SELL,1790078293.477,1790078642.9190001,take_profit,39.7089107276806,8.090000000000146,-1.7999999999992724,SECONDARY,SELL,1790078293.477,1790078642.9190001,take_profit,39.7089107276806,8.090000000000146,-1.7999999999992724,0.0
historical7d,500ms,4,exact_same_action,0.0,MICRO,BUY,1790081566.449,1790081648.442,trail,14.993888354996354,4.920000000000073,-2.0799999999999272,MICRO,BUY,1790081566.449,1790081648.442,trail,14.993888354996354,4.920000000000073,-2.0799999999999272,0.0
historical7d,500ms,4,exact_same_action,0.0,MICRO,SELL,1790081758.967,1790081759.4099998,momentum_zero_cross,-1.5424129651402492,0.0,-0.2899999999999636,MICRO,SELL,1790081758.967,1790081759.4099998,momentum_zero_cross,-1.5424129651402492,0.0,-0.2899999999999636,0.0
historical7d,500ms,4,simultaneous_substitution,0.0,MICRO,BUY,1790081889.859,1790081984.973,trail,27.703047904946487,6.140000000000327,-0.18999999999959982,BURST,BUY,1790081889.859,1790081973.912,momentum_zero_cross,24.41264757907023,6.140000000000327,-0.18999999999959982,-3.2904003258762557
historical7d,500ms,4,exact_same_action,0.0,PRIMARY,SELL,1790086794.95,1790087015.42,emergency_stop,-22.500670249064584,0.08999999999923602,-4.079999999999927,PRIMARY,SELL,1790086794.95,1790087015.42,emergency_stop,-22.399983999092775,0.08999999999923602,-4.079999999999927,0.1006862499718082
recent24h,500ms,0,exact_same_action,0.0,PRIMARY,BUY,1790192053.48,1790192132.808,momentum_zero_cross,-5.924999999999727,0.0,-1.5999999999994543,PRIMARY,BUY,1790192053.48,1790192132.808,momentum_zero_cross,-5.924999999999727,0.0,-1.5999999999994543,0.0
recent24h,500ms,0,exact_same_action,0.0,PRIMARY,SELL,1790193765.391,1790194095.9689999,emergency_stop,-15.08163937499893,2.2399999999997817,-4.069999999999709,PRIMARY,SELL,1790193765.391,1790194095.9689999,emergency_stop,-15.08163937499893,2.2399999999997817,-4.069999999999709,0.0
recent24h,500ms,0,exact_same_action,0.0,SECONDARY,SELL,1790194322.379,1790194893.464,emergency_stop,-14.657196835124783,2.6700000000000728,-4.079999999999927,SECONDARY,SELL,1790194322.379,1790194893.464,emergency_stop,-14.657196835124783,2.6700000000000728,-4.079999999999927,0.0
recent24h,500ms,0,exact_same_action,0.0,BURST,SELL,1790195523.451,1790195573.479,momentum_zero_cross,-0.5223781842655114,0.31999999999970896,-0.9099999999998545,BURST,SELL,1790195523.451,1790195573.479,momentum_zero_cross,-0.5223781842655114,0.31999999999970896,-0.9099999999998545,0.0
recent24h,500ms,0,exact_same_action,0.0,PRIMARY,SELL,1790196024.809,1790196053.956,emergency_stop,-14.192701839531443,0.5800000000008367,-4.079999999999927,PRIMARY,SELL,1790196024.809,1790196053.956,emergency_stop,-14.192701839531443,0.5800000000008367,-4.079999999999927,0.0
recent24h,500ms,0,exact_same_action,0.0,SECONDARY,BUY,1790196065.932,1790196279.938,take_profit,28.629622508804385,8.489999999999782,-0.7399999999997817,SECONDARY,BUY,1790196065.932,1790196279.938,take_profit,28.629622508804385,8.489999999999782,-0.7399999999997817,0.0
recent24h,500ms,0,exact_same_action,0.0,PRIMARY,BUY,1790196504.42,1790197404.635,max_hold,7.209629397094659,4.800000000000182,-1.2100000000000364,PRIMARY,BUY,1790196504.42,1790197404.635,max_hold,7.209629397094659,4.800000000000182,-1.2100000000000364,0.0
recent24h,500ms,0,exact_same_action,0.0,PRIMARY,SELL,1790203082.353,1790203297.458,momentum_zero_cross,-12.561286185515097,0.10999999999967258,-3.5100000000002183,PRIMARY,SELL,1790203082.353,1790203297.458,momentum_zero_cross,-12.561286185515097,0.10999999999967258,-3.5100000000002183,0.0
recent24h,500ms,0,exact_same_action,0.0,PRIMARY,BUY,1790227939.976,1790228840.297,max_hold,14.648048057843594,6.9099999999998545,-0.4600000000000364,PRIMARY,BUY,1790227939.976,1790228840.297,max_hold,14.648048057843594,6.9099999999998545,-0.4600000000000364,0.0
recent24h,500ms,0,exact_same_action,0.0,SECONDARY,SELL,1790230026.458,1790230694.91,emergency_stop,-14.626412926329214,0.0,-4.0,SECONDARY,SELL,1790230026.458,1790230694.91,emergency_stop,-14.626412926329214,0.0,-4.0,0.0
recent24h,500ms,0,exact_same_action,0.0,PRIMARY,SELL,1790240145.9169998,1790240417.971,momentum_zero_cross,-3.369559877902448,2.3099999999994907,-0.9499999999998181,PRIMARY,SELL,1790240145.9169998,1790240417.971,momentum_zero_cross,-3.369559877902448,2.3099999999994907,-0.9499999999998181,0.0
recent24h,500ms,0,exact_same_action,0.0,PRIMARY,SELL,1790243248.941,1790243458.4819999,momentum_zero_cross,-8.980165260654582,0.0,-2.7899999999999636,PRIMARY,SELL,1790243248.941,1790243458.4819999,momentum_zero_cross,-8.980165260654582,0.0,-2.7899999999999636,0.0
recent24h,500ms,0,exact_same_action,0.0,PRIMARY,BUY,1790244962.46,1790245088.685,momentum_zero_cross,-4.801452252574094,1.889999999999418,-1.4700000000002547,PRIMARY,BUY,1790244962.46,1790245088.685,momentum_zero_cross,-4.801452252574094,1.889999999999418,-1.4700000000002547,0.0
recent24h,500ms,0,exact_same_action,0.0,PRIMARY,BUY,1790245996.197,1790246066.9980001,emergency_stop,-14.356739477648158,0.36999999999989086,-4.200000000000728,PRIMARY,BUY,1790245996.197,1790246066.9980001,emergency_stop,-14.356739477648158,0.36999999999989086,-4.200000000000728,0.0
recent24h,500ms,0,exact_same_action,0.0,MICRO,BUY,1790247697.938,1790247997.4,momentum_zero_cross,-2.5491587337530675,1.839999999999236,-2.2100000000000364,MICRO,BUY,1790247697.938,1790247997.4,momentum_zero_cross,-2.5491587337530675,1.839999999999236,-2.2100000000000364,0.0
recent24h,500ms,0,exact_same_action,0.0,PRIMARY,SELL,1790248961.94,1790249518.46,emergency_stop,-13.85711845466281,5.960000000000036,-4.210000000000036,PRIMARY,SELL,1790248961.94,1790249518.46,emergency_stop,-13.85711845466281,5.960000000000036,-4.210000000000036,0.0
recent24h,500ms,0,exact_same_action,0.0,MICRO,BUY,1790249523.4659998,1790249568.963,stagnation,-4.526319124472568,0.0,-2.649999999999636,MICRO,BUY,1790249523.4659998,1790249568.963,stagnation,-4.526319124472568,0.0,-2.649999999999636,0.0
recent24h,500ms,0,exact_same_action,0.0,BURST,BUY,1790251280.4329998,1790251318.485,momentum_zero_cross,-0.15768006428918996,2.1599999999998545,-0.27000000000043656,BURST,BUY,1790251280.4329998,1790251318.485,momentum_zero_cross,-0.15768006428918996,2.1599999999998545,-0.27000000000043656,0.0
recent24h,500ms,0,exact_same_action,0.0,PRIMARY,SELL,1790253075.855,1790253135.485,emergency_stop,-12.798819862276432,0.06000000000040018,-4.059999999999491,PRIMARY,SELL,1790253075.855,1790253135.485,emergency_stop,-12.798819862276432,0.06000000000040018,-4.059999999999491,0.0
recent24h,500ms,0,exact_same_action,0.0,PRIMARY,SELL,1790253804.46,1790254284.3209999,emergency_stop,-12.286838696020128,1.4600000000000364,-4.020000000000437,PRIMARY,SELL,1790253804.46,1790254284.3209999,emergency_stop,-12.286838696020128,1.4600000000000364,-4.020000000000437,0.0
recent24h,500ms,0,exact_same_action,0.0,BURST,BUY,1790256394.957,1790256424.496,momentum_zero_cross,-5.0985551432978,0.0,-1.8299999999999272,BURST,BUY,1790256394.957,1790256424.496,momentum_zero_cross,-5.0985551432978,0.0,-1.8299999999999272,0.0
recent24h,500ms,0,exact_same_action,0.0,SECONDARY,SELL,1790256590.481,1790256720.447,emergency_stop,-12.464917971568104,0.5300000000006548,-4.259999999999309,SECONDARY,SELL,1790256590.481,1790256720.447,emergency_stop,-12.464917971568104,0.5300000000006548,-4.259999999999309,0.0
recent24h,500ms,0,candidate_d_unmatched,nan,PRIMARY,BUY,1790257759.983,1790257881.936,emergency_stop,-11.386851794921816,0.23999999999978172,-4.020000000000437,,,nan,nan,,nan,nan,nan,nan
recent24h,500ms,0,candidate_d_unmatched,nan,PRIMARY,SELL,1790258943.492,1790259008.941,momentum_zero_cross,-9.285362975365093,0.07000000000061846,-3.380000000000109,,,nan,nan,,nan,nan,nan,nan
recent24h,500ms,0,exact_same_action,0.0,MICRO,BUY,1790259382.96,1790259428.493,stagnation,-5.27469191631789,0.0,-3.589999999999236,MICRO,BUY,1790259382.96,1790259428.493,stagnation,-5.515673458624491,0.0,-3.589999999999236,-0.24098154230660107
recent24h,500ms,0,exact_same_action,0.0,PRIMARY,BUY,1790259744.944,1790260341.3,emergency_stop,-10.604552558320597,0.9600000000000364,-4.020000000000437,PRIMARY,BUY,1790259744.944,1790260341.3,emergency_stop,-11.089036101912926,0.9600000000000364,-4.020000000000437,-0.48448354359232937
recent24h,500ms,0,exact_same_action,0.0,PRIMARY,BUY,1790262741.964,1790263641.997,max_hold,4.119046947980403,3.9600000000000364,-1.4099999999998545,PRIMARY,BUY,1790262741.964,1790263641.997,max_hold,4.30723126321725,3.9600000000000364,-1.4099999999998545,0.18818431523684698
recent24h,500ms,0,exact_same_action,0.0,PRIMARY,BUY,1790264524.4659998,1790264619.959,emergency_stop,-10.77151755893932,0.0,-4.1599999999998545,PRIMARY,BUY,1790264524.4659998,1790264619.959,emergency_stop,-11.263629127826519,0.0,-4.1599999999998545,-0.4921115688871982
recent24h,500ms,0,exact_same_action,0.0,MICRO,BUY,1790265166.938,1790265212.216,stagnation,-4.289570437736234,0.37000000000080036,-2.139999999999418,MICRO,BUY,1790265166.938,1790265212.216,stagnation,-4.4855453527299565,0.37000000000080036,-2.139999999999418,-0.19597491499372222
recent24h,500ms,0,exact_same_action,0.0,PRIMARY,SELL,1790267679.908,1790268308.987,emergency_stop,-10.30161161344306,4.850000000000364,-4.1599999999998545,PRIMARY,SELL,1790267679.908,1790268308.987,emergency_stop,-10.772254884033178,4.850000000000364,-4.1599999999998545,-0.47064327059011823
recent24h,500ms,0,exact_same_action,0.0,PRIMARY,SELL,1790268793.948,1790269648.477,emergency_stop,-9.764283513846019,2.8799999999991996,-4.0700000000006185,PRIMARY,SELL,1790268793.948,1790269648.477,emergency_stop,-10.21037821245888,2.8799999999991996,-4.0700000000006185,-0.44609469861286044
recent24h,500ms,0,exact_same_action,0.0,PRIMARY,SELL,1790270166.463,1790270275.4329998,emergency_stop,-10.582639030985424,0.2600000000002183,-4.550000000000182,PRIMARY,SELL,1790270166.463,1790270275.4329998,emergency_stop,-11.06612142499435,0.2600000000002183,-4.550000000000182,-0.48348239400892545
recent24h,500ms,0,exact_same_action,0.0,SECONDARY,BUY,1790270870.484,1790271029.387,emergency_stop,-9.120728853770931,0.819999999999709,-4.0600000000004,SECONDARY,BUY,1790270870.484,1790271029.387,emergency_stop,-9.537421874142886,0.819999999999709,-4.0600000000004,-0.4166930203719552
recent24h,500ms,0,exact_same_action,0.0,BURST,SELL,1790271044.474,1790271067.4550002,momentum_zero_cross,-1.7642443730895154,0.0,-0.8500000000003638,BURST,SELL,1790271044.474,1790271067.4550002,momentum_zero_cross,-1.8448462995674582,0.0,-0.8500000000003638,-0.08060192647794273
recent24h,500ms,0,exact_same_action,0.0,MICRO,SELL,1790271091.9740002,1790271137.436,stagnation,-1.2123146784833294,0.18000000000029104,-1.5100000000002183,MICRO,SELL,1790271091.9740002,1790271137.436,stagnation,-1.2677009390681528,0.18000000000029104,-1.5100000000002183,-0.05538626058482343
recent24h,500ms,0,exact_same_action,0.0,PRIMARY,SELL,1790271201.909,1790271268.992,emergency_stop,-9.118844834663898,0.3999999999996362,-4.230000000000473,PRIMARY,SELL,1790271201.909,1790271268.992,emergency_stop,-9.535451781036206,0.3999999999996362,-4.230000000000473,-0.41660694637230833
recent24h,500ms,0,exact_same_action,0.0,PRIMARY,SELL,1790271720.309,1790272098.464,emergency_stop,-8.537318530151168,0.2599999999993088,-4.0900000000001455,PRIMARY,SELL,1790271720.309,1790272098.464,emergency_stop,-8.927357648870867,0.2599999999993088,-4.0900000000001455,-0.39003911871969876
recent24h,500ms,0,exact_same_action,0.0,PRIMARY,SELL,1790272615.978,1790273516.407,max_hold,10.076203593034604,6.699999999999818,-0.25,PRIMARY,SELL,1790272615.978,1790273516.407,max_hold,10.536548788728961,6.699999999999818,-0.25,0.46034519569435695
recent24h,500ms,0,exact_same_action,0.0,PRIMARY,BUY,1790275454.6790001,1790275583.9459999,momentum_zero_cross,-3.127369316842494,1.230000000000473,-1.4899999999997817,PRIMARY,BUY,1790275454.6790001,1790275583.9459999,momentum_zero_cross,-3.270247477935386,1.230000000000473,-1.4899999999997817,-0.14287816109289198
recent24h,500ms,0,router_unmatched,nan,,,nan,nan,,nan,nan,nan,PRIMARY,BUY,1790258422.987,1790258579.467,momentum_zero_cross,-4.362127304521711,0.5799999999999272,-2.2200000000002547,nan
historical7d,1s,0,exact_same_action,0.0,BURST,BUY,1789573154.725,1789573196.9129999,momentum_zero_cross,2.3625000000004093,1.4600000000000364,-0.2000000000007276,BURST,BUY,1789573154.725,1789573196.9129999,momentum_zero_cross,2.3625000000004093,1.4600000000000364,-0.2000000000007276,0.0
historical7d,1s,0,exact_same_action,0.0,PRIMARY,BUY,1789573826.844,1789573965.96,emergency_stop,-15.485324062498778,0.0,-4.109999999999673,PRIMARY,BUY,1789573826.844,1789573965.96,emergency_stop,-15.485324062498778,0.0,-4.109999999999673,0.0
historical7d,1s,0,exact_same_action,0.0,PRIMARY,BUY,1789574424.972,1789574557.852,emergency_stop,-14.898441583687285,0.15999999999985448,-4.079999999999927,PRIMARY,BUY,1789574424.972,1789574557.852,emergency_stop,-14.898441583687285,0.15999999999985448,-4.079999999999927,0.0
historical7d,1s,0,exact_same_action,0.0,PRIMARY,BUY,1789575094.938,1789575994.977,max_hold,15.044322157527835,9.799999999999272,-1.0200000000004366,PRIMARY,BUY,1789575094.938,1789575994.977,max_hold,15.044322157527835,9.799999999999272,-1.0200000000004366,0.0
historical7d,1s,0,exact_same_action,0.0,SECONDARY,SELL,1789576468.965,1789577098.9699998,take_profit,29.73275760001864,8.140000000000327,-2.149999999999636,SECONDARY,SELL,1789576468.965,1789577098.9699998,take_profit,29.73275760001864,8.140000000000327,-2.149999999999636,0.0
historical7d,1s,0,exact_same_action,0.0,PRIMARY,SELL,1789577099.722,1789577174.9529998,emergency_stop,-15.812727911807361,0.0,-4.079999999999927,PRIMARY,SELL,1789577099.722,1789577174.9529998,emergency_stop,-15.812727911807361,0.0,-4.079999999999927,0.0
historical7d,1s,0,exact_same_action,0.0,PRIMARY,SELL,1789577625.984,1789578526.721,max_hold,33.663375392610135,13.420000000000073,-1.6000000000003638,PRIMARY,SELL,1789577625.984,1789578526.721,max_hold,33.663375392610135,13.420000000000073,-1.6000000000003638,0.0
historical7d,1s,0,exact_same_action,0.0,MICRO,BUY,1789578618.875,1789578804.99,trail,21.110272652121875,6.520000000000437,0.0,MICRO,BUY,1789578618.875,1789578804.99,trail,21.110272652121875,6.520000000000437,0.0,0.0
historical7d,1s,0,exact_same_action,0.0,PRIMARY,SELL,1789579129.869,1789579777.976,emergency_stop,-16.87989580267093,2.8100000000004,-4.050000000000182,PRIMARY,SELL,1789579129.869,1789579777.976,emergency_stop,-16.87989580267093,2.8100000000004,-4.050000000000182,0.0
historical7d,1s,0,exact_same_action,0.0,PRIMARY,BUY,1789580254.921,1789581155.809,max_hold,49.222745191638985,14.489999999999782,-0.43000000000029104,PRIMARY,BUY,1789580254.921,1789581155.809,max_hold,49.222745191638985,14.489999999999782,-0.43000000000029104,0.0
historical7d,1s,0,exact_same_action,0.0,PRIMARY,BUY,1789581649.928,1789581743.95,emergency_stop,-17.729996446540508,1.6300000000001091,-4.019999999999527,PRIMARY,BUY,1789581649.928,1789581743.95,emergency_stop,-17.729996446540508,1.6300000000001091,-4.019999999999527,0.0
historical7d,1s,0,exact_same_action,0.0,SECONDARY,BUY,1789582071.959,1789582518.9580002,emergency_stop,-17.87983255830469,1.8099999999994907,-4.180000000000291,SECONDARY,BUY,1789582071.959,1789582518.9580002,emergency_stop,-17.87983255830469,1.8099999999994907,-4.180000000000291,0.0
historical7d,1s,0,exact_same_action,0.0,PRIMARY,SELL,1789583356.9459999,1789583760.997,emergency_stop,-17.857938318361185,2.0100000000002183,-4.309999999999491,PRIMARY,SELL,1789583356.9459999,1789583760.997,emergency_stop,-17.857938318361185,2.0100000000002183,-4.309999999999491,0.0
historical7d,1s,0,exact_same_action,0.0,MICRO,BUY,1789584430.963,1789584507.9180002,emergency_stop,-18.1226625729087,2.2200000000002547,-4.519999999999527,MICRO,BUY,1789584430.963,1789584507.9180002,emergency_stop,-18.1226625729087,2.2200000000002547,-4.519999999999527,0.0
historical7d,1s,0,exact_same_action,0.0,MICRO,SELL,1789584568.838,1789584569.9950001,momentum_zero_cross,-1.8592889534520072,0.0,-0.47999999999956344,MICRO,SELL,1789584568.838,1789584569.9950001,momentum_zero_cross,-1.8592889534520072,0.0,-0.47999999999956344,0.0
historical7d,1s,0,exact_same_action,0.0,PRIMARY,SELL,1789586926.748,1789587086.985,momentum_zero_cross,-10.72961568073888,0.0,-2.7799999999997453,PRIMARY,SELL,1789586926.748,1789587086.985,momentum_zero_cross,-10.72961568073888,0.0,-2.7799999999997453,0.0
historical7d,1s,0,exact_same_action,0.0,SECONDARY,BUY,1789592041.932,1789592367.977,take_profit,30.913053282466922,8.180000000000291,-2.130000000000109,SECONDARY,BUY,1789592041.932,1789592367.977,take_profit,30.913053282466922,8.180000000000291,-2.130000000000109,0.0
historical7d,1s,0,candidate_d_unmatched,nan,PRIMARY,BUY,1789592390.992,1789592402.978,emergency_stop,-19.77398235570186,7.539999999999964,-4.930000000000291,,,nan,nan,,nan,nan,nan,nan
historical7d,1s,0,exact_same_action,0.0,MICRO,SELL,1789592535.972,1789592539.9299998,emergency_stop,-15.952723437920765,0.0,-4.130000000000109,MICRO,SELL,1789592535.972,1789592539.9299998,emergency_stop,-16.565222541388646,0.0,-4.130000000000109,-0.6124991034678811
historical7d,1s,0,exact_same_action,0.0,SECONDARY,BUY,1789592591.9859998,1789592605.997,emergency_stop,-19.6507472408018,2.300000000000182,-5.25,SECONDARY,BUY,1789592591.9859998,1789592605.997,emergency_stop,-20.405230643858513,2.300000000000182,-5.25,-0.7544834030567138
historical7d,1s,0,exact_same_action,0.0,MICRO,SELL,1789593002.968,1789593003.9740002,momentum_zero_cross,-0.35956188701455055,0.0,-0.1000000000003638,MICRO,SELL,1789593002.968,1789593003.9740002,momentum_zero_cross,-0.37336713690148376,0.0,-0.1000000000003638,-0.013805249886933213
historical7d,1s,0,exact_same_action,0.0,PRIMARY,SELL,1789593033.9889998,1789593933.999,max_hold,52.995601800702275,21.089999999999236,-2.130000000000109,PRIMARY,SELL,1789593033.9889998,1789593933.999,max_hold,55.03034895324878,21.089999999999236,-2.130000000000109,2.034747152546508
historical7d,1s,0,exact_same_action,0.0,MICRO,SELL,1789594268.9689999,1789594279.979,trail,7.621643313715926,4.170000000000073,-0.7799999999997453,MICRO,SELL,1789594268.9689999,1789594279.979,trail,7.914273579310966,4.170000000000073,-0.7799999999997453,0.29263026559504013
historical7d,1s,0,exact_same_action,0.0,MICRO,SELL,1789594358.949,1789594389.985,trail,6.557033420830721,4.3700000000008,-2.6099999999996726,MICRO,SELL,1789594358.949,1789594389.985,trail,6.808788370842643,4.3700000000008,-2.6099999999996726,0.2517549500119216
historical7d,1s,0,exact_same_action,0.0,PRIMARY,SELL,1789594424.963,1789594435.9689999,emergency_stop,-21.589763121117404,0.0,-5.269999999999527,PRIMARY,SELL,1789594424.963,1789594435.9689999,emergency_stop,-22.418694344505543,0.0,-5.269999999999527,-0.828931223388139
historical7d,1s,0,simultaneous_substitution,0.0,SECONDARY,BUY,1789594762.982,1789594922.984,take_profit,35.5706464351355,9.039999999999964,-1.3299999999999272,MICRO,BUY,1789594762.982,1789594778.951,trail,8.539492313402993,4.650000000000546,-0.08999999999923602,-27.031154121732506
historical7d,1s,0,exact_same_action,0.0,MICRO,BUY,1789594989.979,1789595021.9539998,trail,21.64867119439922,5.970000000000255,-2.319999999999709,MICRO,BUY,1789594989.979,1789595021.9539998,trail,21.382502381591866,5.970000000000255,-2.319999999999709,-0.26616881280735427
historical7d,1s,0,exact_same_action,0.0,SECONDARY,BUY,1789595066.9980001,1789595074.951,emergency_stop,-17.892198705611563,0.0,-4.100000000000364,SECONDARY,BUY,1789595066.9980001,1789595074.951,emergency_stop,-17.672215444504157,0.0,-4.100000000000364,0.21998326110740507
historical7d,1s,0,same_engine_timing_shift,3.9890003204345703,PRIMARY,SELL,1789595330.9689999,1789595580.982,take_profit,106.8437227853955,25.26000000000022,0.0,PRIMARY,SELL,1789595334.9580002,1789595630.966,take_profit,108.53807058848467,25.979999999999563,-1.5100000000002183,1.6943478030891725
historical7d,1s,0,nearby_replacement,28.026000022888184,MICRO,SELL,1789595609.952,1789595643.983,trail,28.325021692703444,8.050000000000182,0.0,SECONDARY,SELL,1789595637.978,1789595676.9539998,emergency_stop,-22.463056635563404,0.42000000000007276,-4.5,-50.78807832826685
historical7d,1s,0,exact_same_action,0.0,SECONDARY,SELL,1789595768.968,1789595780.988,emergency_stop,-24.854308486262205,2.5999999999994543,-4.740000000000691,SECONDARY,SELL,1789595768.968,1789595780.988,emergency_stop,-22.86252465940251,2.5999999999994543,-4.740000000000691,1.9917838268596952
historical7d,1s,0,exact_same_action,0.0,SECONDARY,BUY,1789595933.964,1789595971.9889998,emergency_stop,-22.352460160867047,0.0,-4.420000000000073,SECONDARY,BUY,1789595933.964,1789595971.9889998,emergency_stop,-20.561170386558942,0.0,-4.420000000000073,1.7912897743081047
historical7d,1s,0,exact_same_action,0.0,MICRO,SELL,1789596352.959,1789596397.9889998,stagnation,-9.290001041272914,0.0,-3.9200000000000728,MICRO,SELL,1789596352.959,1789596397.9889998,stagnation,-8.54551547911194,0.0,-3.9200000000000728,0.7444855621609747
historical7d,1s,0,exact_same_action,0.0,PRIMARY,SELL,1789596538.9550002,1789596551.9689999,emergency_stop,-19.327394889997233,0.0,-4.010000000000218,PRIMARY,SELL,1789596538.9550002,1789596551.9689999,emergency_stop,-17.778528922613535,0.0,-4.010000000000218,1.5488659673836978
historical7d,1s,0,exact_same_action,0.0,MICRO,BUY,1789596893.973,1789596894.977,momentum_zero_cross,2.010182817989438,0.43000000000029104,0.0,MICRO,BUY,1789596893.973,1789596894.977,momentum_zero_cross,1.8490900389199392,0.43000000000029104,0.0,-0.1610927790694987
historical7d,1s,0,exact_same_action,0.0,SECONDARY,BUY,1789596912.948,1789596955.987,emergency_stop,-23.402701468149456,2.8200000000006185,-4.989999999999782,SECONDARY,BUY,1789596912.948,1789596955.987,emergency_stop,-21.52724706494808,2.8200000000006185,-4.989999999999782,1.875454403201374
historical7d,1s,0,exact_same_action,0.0,PRIMARY,SELL,1789597139.999,1789597189.9910002,emergency_stop,-18.734759472478455,0.75,-4.149999999999636,PRIMARY,SELL,1789597139.999,1789597189.9910002,emergency_stop,-17.233386342825117,0.75,-4.149999999999636,1.501373129653338
historical7d,1s,0,exact_same_action,0.0,MICRO,SELL,1789597586.985,1789597632.981,stagnation,2.493116830799341,0.569999999999709,-2.449999999999818,MICRO,SELL,1789597586.985,1789597632.981,stagnation,2.293322506012451,0.569999999999709,-2.449999999999818,-0.19979432478689008
historical7d,1s,0,exact_same_action,0.0,SECONDARY,BUY,1789597780.968,1789597881.968,take_profit,36.546328441579874,8.320000000000618,-0.07999999999992724,SECONDARY,BUY,1789597780.968,1789597881.968,take_profit,33.61756516654142,8.320000000000618,-0.07999999999992724,-2.928763275038456
historical7d,1s,0,exact_same_action,0.0,SECONDARY,BUY,1789598086.937,1789598176.878,emergency_stop,-18.946741166529133,2.319999999999709,-4.0600000000004,SECONDARY,BUY,1789598086.937,1789598176.878,emergency_stop,-17.42838016895608,2.319999999999709,-4.0600000000004,1.5183609975730512
historical7d,1s,0,exact_same_action,0.0,PRIMARY,SELL,1789598203.9580002,1789598253.957,emergency_stop,-20.767842660554752,0.0,-4.5900000000001455,PRIMARY,SELL,1789598203.9580002,1789598253.957,emergency_stop,-19.10354155344797,0.0,-4.5900000000001455,1.664301107106784
historical7d,1s,0,exact_same_action,0.0,SECONDARY,BUY,1789598297.943,1789598314.9580002,emergency_stop,-18.698573729281687,0.0,-4.279999999999745,SECONDARY,BUY,1789598297.943,1789598314.9580002,emergency_stop,-17.20010046618879,0.0,-4.279999999999745,1.4984732630928974
historical7d,1s,0,exact_same_action,0.0,SECONDARY,BUY,1789598469.9750001,1789599022.907,take_profit,34.6321220813001,8.1899999999996,-2.25,SECONDARY,BUY,1789598469.9750001,1789599022.907,take_profit,31.856760188230684,8.1899999999996,-2.25,-2.7753618930694195
historical7d,1s,0,exact_same_action,0.0,PRIMARY,BUY,1789599063.922,1789599103.9689999,emergency_stop,-18.08795881880069,0.0,-4.029999999999745,PRIMARY,BUY,1789599063.922,1789599103.9689999,emergency_stop,-16.638419240739008,0.0,-4.029999999999745,1.4495395780616818
historical7d,1s,0,exact_same_action,0.0,PRIMARY,BUY,1789599553.984,1789606800.963,emergency_stop,-53.36370427556867,1.0399999999999636,-12.259999999999309,PRIMARY,BUY,1789599553.984,1789606800.963,emergency_stop,-49.08722387475002,1.0399999999999636,-12.259999999999309,4.276480400818649
historical7d,1s,0,exact_same_action,0.0,MICRO,BUY,1789614642.982,1789614793.947,trail,21.30365039864898,6.529999999999745,-0.75,MICRO,BUY,1789614642.982,1789614793.947,trail,19.596410531542805,6.529999999999745,-0.75,-1.7072398671061748
historical7d,1s,0,exact_same_action,0.0,PRIMARY,BUY,1789615421.591,1789615738.8270001,emergency_stop,-16.73672382128043,0.569999999999709,-4.0700000000006185,PRIMARY,BUY,1789615421.591,1789615738.8270001,emergency_stop,-15.395470016521807,0.569999999999709,-4.0700000000006185,1.3412538047586242
historical7d,1s,0,exact_same_action,0.0,SECONDARY,BUY,1789617600.971,1789617657.826,take_profit,32.25233606694491,8.090000000000146,-0.4600000000000364,SECONDARY,BUY,1789617600.971,1789617657.826,take_profit,29.66768635150053,8.090000000000146,-0.4600000000000364,-2.5846497154443817
historical7d,1s,0,exact_same_action,0.0,SECONDARY,BUY,1789617977.909,1789618261.937,emergency_stop,-17.590910467301473,6.489999999999782,-4.1599999999998545,SECONDARY,BUY,1789617977.909,1789618261.937,emergency_stop,-16.181203535085903,6.489999999999782,-4.1599999999998545,1.4097069322155704
historical7d,1s,0,exact_same_action,0.0,PRIMARY,BUY,1789618633.982,1789619534.96,max_hold,45.472841844717195,11.710000000000036,-1.3400000000001455,PRIMARY,BUY,1789618633.982,1789619534.96,max_hold,41.82872231519101,11.710000000000036,-1.3400000000001455,-3.6441195295261863
historical7d,1s,0,exact_same_action,0.0,PRIMARY,SELL,1789621329.987,1789621393.8460002,momentum_zero_cross,-10.6948539447899,0.0,-2.4099999999998545,PRIMARY,SELL,1789621329.987,1789621393.8460002,momentum_zero_cross,-9.83778575761288,0.0,-2.4099999999998545,0.8570681871770205
historical7d,1s,0,exact_same_action,0.0,PRIMARY,SELL,1789621909.9020002,1789622248.9910002,emergency_stop,-19.739417594449023,3.7100000000000364,-4.530000000000655,PRIMARY,SELL,1789621909.9020002,1789622248.9910002,emergency_stop,-18.157532798177783,3.7100000000000364,-4.530000000000655,1.5818847962712397
historical7d,1s,0,exact_same_action,0.0,PRIMARY,SELL,1789623093.972,1789623994.9740002,max_hold,8.839827561042812,5.649999999999636,-3.5,PRIMARY,SELL,1789623093.972,1789623994.9740002,max_hold,8.131418168842437,5.649999999999636,-3.5,-0.7084093922003749
historical7d,1s,0,exact_same_action,0.0,PRIMARY,BUY,1789635295.977,1789636196.952,max_hold,27.450253383676436,7.229999999999563,-1.0299999999997453,PRIMARY,BUY,1789635295.977,1789636196.952,max_hold,25.250434758144046,7.229999999999563,-1.0299999999997453,-2.199818625532391
historical7d,1s,0,exact_same_action,0.0,MICRO,SELL,1789636602.907,1789636862.664,momentum_zero_cross,-6.587977435145568,0.930000000000291,-2.1700000000000728,MICRO,SELL,1789636602.907,1789636862.664,momentum_zero_cross,-6.060027646709793,0.930000000000291,-2.1700000000000728,0.5279497884357749
historical7d,1s,0,exact_same_action,0.0,SECONDARY,BUY,1789640119.977,1789640477.5609999,emergency_stop,-17.817474037662002,4.270000000000437,-4.019999999999527,SECONDARY,BUY,1789640119.977,1789640477.5609999,emergency_stop,-16.38961066969409,4.270000000000437,-4.019999999999527,1.4278633679679125
historical7d,1s,0,exact_same_action,0.0,PRIMARY,BUY,1789640906.6929998,1789641806.8899999,max_hold,6.018006983481029,5.4399999999996,-1.4400000000005093,PRIMARY,BUY,1789640906.6929998,1789641806.8899999,max_hold,5.535733699303695,5.4399999999996,-1.4400000000005093,-0.4822732841773334
historical7d,1s,0,exact_same_action,0.0,BURST,BUY,1789641992.757,1789642020.8430002,momentum_zero_cross,-3.952777436925311,0.0,-1.050000000000182,BURST,BUY,1789641992.757,1789642020.8430002,momentum_zero_cross,-3.6360082870455033,0.0,-1.050000000000182,0.31676914987980753
historical7d,1s,0,exact_same_action,0.0,PRIMARY,SELL,1789643496.9,1789643837.992,momentum_zero_cross,5.263160078815485,5.25,-0.7100000000000364,PRIMARY,SELL,1789643496.9,1789643837.992,momentum_zero_cross,4.841378996917647,5.25,-0.7100000000000364,-0.42178108189783803
historical7d,1s,0,same_engine_timing_shift,6.104999780654907,PRIMARY,SELL,1789644739.96,1789644835.7900002,momentum_zero_cross,-9.838998906058606,0.5500000000001819,-2.2799999999997453,PRIMARY,SELL,1789644746.0649998,1789644835.7900002,momentum_zero_cross,-8.129447178621128,0.7800000000006548,-2.0499999999992724,1.7095517274374785
historical7d,1s,0,exact_same_action,0.0,PRIMARY,SELL,1789648231.537,1789648562.968,emergency_stop,-17.1189873886725,0.0,-4.0,PRIMARY,SELL,1789648231.537,1789648562.968,emergency_stop,-15.774731714931312,0.0,-4.0,1.3442556737411895
historical7d,1s,0,exact_same_action,0.0,BURST,BUY,1789654187.951,1789654261.9539998,momentum_zero_cross,3.5286512754878543,3.8499999999994543,-0.8699999999998909,BURST,BUY,1789654187.951,1789654261.9539998,momentum_zero_cross,3.251566574738129,3.8499999999994543,-0.8699999999998909,-0.27708470074972524
historical7d,1s,0,exact_same_action,0.0,MICRO,SELL,1789654359.968,1789654388.962,momentum_zero_cross,-3.342255461056152,0.0,-0.9399999999995998,MICRO,SELL,1789654359.968,1789654388.962,momentum_zero_cross,-3.079807352145803,0.0,-0.9399999999995998,0.2624481089103492
historical7d,1s,0,exact_same_action,0.0,PRIMARY,SELL,1789656063.875,1789656172.82,momentum_zero_cross,-7.43342681454661,0.0,-1.7899999999999636,PRIMARY,SELL,1789656063.875,1789656172.82,momentum_zero_cross,-6.849722536721972,0.0,-1.7899999999999636,0.583704277824638
historical7d,1s,0,exact_same_action,0.0,SECONDARY,BUY,1789656500.8060002,1789656875.82,take_profit,32.81698369111117,8.010000000000218,-1.9899999999997817,SECONDARY,BUY,1789656500.8060002,1789656875.82,take_profit,30.240054605279933,8.010000000000218,-1.9899999999997817,-2.5769290858312353
historical7d,1s,0,exact_same_action,0.0,PRIMARY,BUY,1789656876.67,1789657776.993,max_hold,54.679995204519244,13.319999999999709,-0.6100000000005821,PRIMARY,BUY,1789656876.67,1789657776.993,max_hold,50.38628950073135,13.319999999999709,-0.6100000000005821,-4.293705703787893
historical7d,1s,0,same_engine_timing_shift,48.10000014305115,PRIMARY,BUY,1789658234.879,1789659135.966,max_hold,61.316654757504146,21.979999999999563,-1.110000000000582,PRIMARY,BUY,1789658282.979,1789659183.981,max_hold,34.60188384480104,19.710000000000036,-1.5,-26.71477091270311
historical7d,1s,0,candidate_d_unmatched,nan,MICRO,SELL,1789659164.844,1789659442.971,trail,26.261011206815073,5.579999999999927,-2.430000000000291,,,nan,nan,,nan,nan,nan,nan
historical7d,1s,0,exact_same_action,0.0,PRIMARY,BUY,1789659699.912,1789659734.815,emergency_stop,-22.83045972285823,0.020000000000436557,-4.219999999999345,PRIMARY,BUY,1789659699.912,1789659734.815,emergency_stop,-18.94286969718509,0.020000000000436557,-4.219999999999345,3.8875900256731413
historical7d,1s,0,exact_same_action,0.0,MICRO,BUY,1789660200.981,1789660505.997,trail,28.90526161700539,7.280000000000655,-0.18999999999959982,MICRO,BUY,1789660200.981,1789660505.997,trail,23.983249177666103,7.280000000000655,-0.18999999999959982,-4.922012439339287
historical7d,1s,0,exact_same_action,0.0,SECONDARY,SELL,1789660804.987,1789660839.977,emergency_stop,-22.913614751612382,0.26999999999952706,-4.199999999999818,SECONDARY,SELL,1789660804.987,1789660839.977,emergency_stop,-19.011865017186402,0.26999999999952706,-4.199999999999818,3.90174973442598
historical7d,1s,0,exact_same_action,0.0,SECONDARY,SELL,1789661412.966,1789661741.9859998,emergency_stop,-22.297511295924345,4.369999999999891,-4.220000000000255,SECONDARY,SELL,1789661412.966,1789661741.9859998,emergency_stop,-18.500672179952424,4.369999999999891,-4.220000000000255,3.7968391159719204
historical7d,1s,0,exact_same_action,0.0,PRIMARY,BUY,1789661749.9420002,1789662495.851,emergency_stop,-21.028975760804663,5.869999999999891,-4.109999999999673,PRIMARY,BUY,1789661749.9420002,1789662495.851,emergency_stop,-17.448143950572874,5.869999999999891,-4.109999999999673,3.580831810231789
historical7d,1s,0,exact_same_action,0.0,SECONDARY,SELL,1789662996.978,1789663295.981,take_profit,40.21604476835945,8.109999999999673,-3.699999999999818,SECONDARY,SELL,1789662996.978,1789663295.981,take_profit,33.36802259047204,8.109999999999673,-3.699999999999818,-6.848022177887415
historical7d,1s,0,simultaneous_substitution,0.0,PRIMARY,SELL,1789663504.984,1789663549.929,emergency_stop,-23.303758645240332,0.0,-4.430000000000291,SECONDARY,SELL,1789663504.984,1789663549.929,emergency_stop,-19.3355748780416,0.0,-4.430000000000291,3.968183767198731
historical7d,1s,0,simultaneous_substitution,0.0,PRIMARY,BUY,1789664822.9950001,1789665122.976,emergency_stop,-20.80036552387542,4.0700000000006185,-4.089999999999236,MICRO,BUY,1789664822.9950001,1789664988.932,trail,7.51101754330682,4.0700000000006185,-2.0799999999999272,28.31138306718224
historical7d,1s,0,same_engine_timing_shift,-34.032999753952026,MICRO,SELL,1789665128.972,1789665431.976,momentum_zero_cross,0.6901525681191739,1.75,-2.7899999999999636,MICRO,SELL,1789665094.9390001,1789665100.952,momentum_zero_cross,-0.2993203786085893,0.5900000000001455,-0.07999999999992724,-0.9894729467277632
historical7d,1s,0,exact_same_action,0.0,SECONDARY,BUY,1789666476.851,1789666737.9550002,emergency_stop,-19.788697753850027,0.7300000000004729,-4.009999999999309,SECONDARY,BUY,1789666476.851,1789666737.9550002,emergency_stop,-17.956537050298884,0.7300000000004729,-4.009999999999309,1.8321607035511427
historical7d,1s,0,exact_same_action,0.0,PRIMARY,SELL,1789666760.825,1789667660.962,max_hold,27.617655585934738,6.510000000000218,-2.5999999999994543,PRIMARY,SELL,1789666760.825,1789667660.962,max_hold,25.06064127816329,6.510000000000218,-2.5999999999994543,-2.55701430777145
historical7d,1s,0,exact_same_action,0.0,PRIMARY,SELL,1789668684.972,1789668791.965,momentum_zero_cross,-12.733564048546079,0.7699999999995271,-2.7100000000000364,PRIMARY,SELL,1789668684.972,1789668791.965,momentum_zero_cross,-11.554611499161739,0.7699999999995271,-2.7100000000000364,1.1789525493843396
historical7d,1s,0,exact_same_action,0.0,PRIMARY,BUY,1789670449.961,1789670824.967,momentum_zero_cross,-1.763299007450169,2.3200000000006185,-1.2599999999993088,PRIMARY,BUY,1789670449.961,1789670824.967,momentum_zero_cross,-1.600041819420584,2.3200000000006185,-1.2599999999993088,0.163257188029585
historical7d,1s,0,exact_same_action,0.0,PRIMARY,BUY,1789671602.992,1789672503.7619998,max_hold,-9.867352672958654,1.800000000000182,-3.4600000000000364,PRIMARY,BUY,1789671602.992,1789672503.7619998,max_hold,-8.953771797635126,1.800000000000182,-3.4600000000000364,0.9135808753235288
historical7d,1s,0,exact_same_action,0.0,PRIMARY,SELL,1789673571.864,1789674472.952,max_hold,4.858931139979496,4.359999999999673,-0.22000000000025466,PRIMARY,SELL,1789673571.864,1789674472.952,max_hold,4.4090610774485075,4.359999999999673,-0.22000000000025466,-0.44987006253098816
historical7d,1s,0,exact_same_action,0.0,SECONDARY,SELL,1789675361.956,1789675505.819,emergency_stop,-19.389059577695708,0.6399999999994179,-4.0,SECONDARY,SELL,1789675361.956,1789675505.819,emergency_stop,-17.593899861834444,0.6399999999994179,-4.0,1.7951597158612635
historical7d,1s,0,exact_same_action,0.0,PRIMARY,SELL,1789681108.9580002,1789681138.528,momentum_zero_cross,-9.121583078325065,0.0,-2.339999999999236,PRIMARY,SELL,1789681108.9580002,1789681138.528,momentum_zero_cross,-8.277050189998308,0.0,-2.339999999999236,0.8445328883267571
historical7d,1s,0,exact_same_action,0.0,SECONDARY,SELL,1789684082.9740002,1789685283.904,max_hold,-9.591210604225672,0.6199999999998909,-3.9200000000000728,SECONDARY,SELL,1789684082.9740002,1789685283.904,max_hold,-8.703196678947222,0.6199999999998909,-3.9200000000000728,0.8880139252784502
historical7d,1s,0,exact_same_action,0.0,PRIMARY,BUY,1789705238.932,1789705870.943,emergency_stop,-19.203919188832614,2.300000000000182,-4.210000000000036,PRIMARY,BUY,1789705238.932,1789705870.943,emergency_stop,-17.425900921556526,2.300000000000182,-4.210000000000036,1.7780182672760887
historical7d,1s,0,exact_same_action,0.0,PRIMARY,SELL,1789706581.792,1789707481.849,max_hold,-3.3131037007918755,4.690000000000509,-1.449999999999818,PRIMARY,SELL,1789706581.792,1789707481.849,max_hold,-3.006355956049566,4.690000000000509,-1.449999999999818,0.3067477447423097
historical7d,1s,0,exact_same_action,0.0,PRIMARY,SELL,1789712211.0449998,1789713111.404,max_hold,-1.8009755625523176,8.05999999999949,-0.7000000000007276,PRIMARY,SELL,1789712211.0449998,1789713111.404,max_hold,-1.6342300447416638,8.05999999999949,-0.7000000000007276,0.16674551781065383
historical7d,1s,0,exact_same_action,0.0,BURST,BUY,1789713296.6780002,1789713363.931,momentum_zero_cross,5.167356887766561,1.949999999999818,-0.25,BURST,BUY,1789713296.6780002,1789713363.931,momentum_zero_cross,4.688930851412138,1.949999999999818,-0.25,-0.47842603635442327
historical7d,1s,0,exact_same_action,0.0,PRIMARY,BUY,1789713750.544,1789714650.717,max_hold,18.775952528765753,4.710000000000036,-0.0500000000001819,PRIMARY,BUY,1789713750.544,1789714650.717,max_hold,17.037558076394415,4.710000000000036,-0.0500000000001819,-1.7383944523713382
historical7d,1s,0,exact_same_action,0.0,PRIMARY,BUY,1789721883.6169999,1789722322.851,momentum_zero_cross,24.936038824806968,11.61999999999989,-0.9800000000004729,PRIMARY,BUY,1789721883.6169999,1789722322.851,momentum_zero_cross,22.627305273699594,11.61999999999989,-0.9800000000004729,-2.308733551107373
historical7d,1s,0,exact_same_action,0.0,SECONDARY,BUY,1789722363.9980001,1789723566.905,max_hold,33.172520717550626,7.5600000000004,-3.5200000000004366,SECONDARY,BUY,1789722363.9980001,1789723566.905,max_hold,30.10120245030349,7.5600000000004,-3.5200000000004366,-3.071318267247136
historical7d,1s,0,exact_same_action,0.0,PRIMARY,BUY,1789723626.188,1789724526.8609998,max_hold,14.833679920605375,3.3299999999999272,-2.6599999999998545,PRIMARY,BUY,1789723626.188,1789724526.8609998,max_hold,13.460285583208869,3.3299999999999272,-2.6599999999998545,-1.3733943373965065
historical7d,1s,0,exact_same_action,0.0,BURST,SELL,1789728974.961,1789729004.9980001,momentum_zero_cross,-2.2975909304333495,0.03999999999996362,-0.7800000000006548,BURST,SELL,1789728974.961,1789729004.9980001,momentum_zero_cross,-2.0848656734236273,0.03999999999996362,-0.7800000000006548,0.21272525700972222
historical7d,1s,0,exact_same_action,0.0,PRIMARY,SELL,1789730727.8140001,1789731283.908,momentum_zero_cross,6.4115423709114925,3.0799999999999272,-1.0499999999992724,PRIMARY,SELL,1789730727.8140001,1789731283.908,momentum_zero_cross,5.817921904963872,3.0799999999999272,-1.0499999999992724,-0.5936204659476205
historical7d,1s,0,exact_same_action,0.0,PRIMARY,SELL,1789735360.577,1789736260.586,max_hold,6.985792672211871,5.420000000000073,-1.6900000000005093,PRIMARY,SELL,1789735360.577,1789736260.586,max_hold,6.339004542119181,5.420000000000073,-1.6900000000005093,-0.6467881300926903
historical7d,1s,0,exact_same_action,0.0,SECONDARY,SELL,1789740332.994,1789740495.973,emergency_stop,-21.949494128016113,2.7100000000000364,-4.230000000000473,SECONDARY,SELL,1789740332.994,1789740495.973,emergency_stop,-19.91727345819698,2.7100000000000364,-4.230000000000473,2.0322206698191323
historical7d,1s,0,router_unmatched,nan,,,nan,nan,,nan,nan,nan,SECONDARY,SELL,1789659334.932,1789659593.9699998,emergency_stop,-20.089032513046682,1.6599999999998545,-4.329999999999927,nan
historical7d,1s,0,router_unmatched,nan,,,nan,nan,,nan,nan,nan,SECONDARY,SELL,1789665120.9169998,1789666320.983,max_hold,27.223854422406383,7.389999999999418,-1.110000000000582,nan
historical7d,1s,1,exact_same_action,0.0,PRIMARY,SELL,1789742547.9980001,1789742913.921,momentum_zero_cross,5.84999999999809,3.2299999999995634,-0.6500000000005457,PRIMARY,SELL,1789742547.9980001,1789742913.921,momentum_zero_cross,5.84999999999809,3.2299999999995634,-0.6500000000005457,0.0
historical7d,1s,1,exact_same_action,0.0,BURST,SELL,1789743770.854,1789743811.972,momentum_zero_cross,1.2899175000005472,1.269999999999527,-0.15999999999985448,BURST,SELL,1789743770.854,1789743811.972,momentum_zero_cross,1.2899175000005472,1.269999999999527,-0.15999999999985448,0.0
historical7d,1s,1,exact_same_action,0.0,PRIMARY,SELL,1789743963.9420002,1789744863.971,max_hold,21.299876534997868,5.599999999999454,-3.850000000000364,PRIMARY,SELL,1789743963.9420002,1789744863.971,max_hold,21.299876534997868,5.599999999999454,-3.850000000000364,0.0
historical7d,1s,1,exact_same_action,0.0,MICRO,SELL,1789744864.826,1789745160.99,take_profit,27.356667587448,10.029999999999745,-0.4600000000000364,MICRO,SELL,1789744864.826,1789745160.99,take_profit,27.356667587448,10.029999999999745,-0.4600000000000364,0.0
historical7d,1s,1,exact_same_action,0.0,SECONDARY,SELL,1789745230.8769999,1789745380.688,emergency_stop,-17.0073717256465,0.9799999999995634,-4.079999999999927,SECONDARY,SELL,1789745230.8769999,1789745380.688,emergency_stop,-17.0073717256465,0.9799999999995634,-4.079999999999927,0.0
historical7d,1s,1,exact_same_action,0.0,MICRO,BUY,1789745476.976,1789745822.81,trail,24.20509986361369,9.30999999999949,-0.9499999999998181,MICRO,BUY,1789745476.976,1789745822.81,trail,24.20509986361369,9.30999999999949,-0.9499999999998181,0.0
historical7d,1s,1,same_engine_timing_shift,2.0,PRIMARY,BUY,1789747214.968,1789747341.9950001,momentum_zero_cross,-13.554085118482067,2.5799999999999272,-3.2100000000000364,PRIMARY,BUY,1789747216.968,1789747341.9950001,momentum_zero_cross,-12.371797319986277,2.8599999999996726,-2.930000000000291,1.182287798495791
historical7d,1s,1,exact_same_action,0.0,MICRO,SELL,1789747390.945,1789747436.957,stagnation,-11.661866221024658,0.0,-3.1099999999996726,MICRO,SELL,1789747390.945,1789747436.957,stagnation,-11.68696027954773,0.0,-3.1099999999996726,-0.025094058523071894
historical7d,1s,1,exact_same_action,0.0,SECONDARY,BUY,1789747489.987,1789748601.928,emergency_stop,-16.173680520505933,5.030000000000655,-4.009999999999309,SECONDARY,BUY,1789747489.987,1789748601.928,emergency_stop,-16.208483122235602,5.030000000000655,-4.009999999999309,-0.03480260172966965
historical7d,1s,1,exact_same_action,0.0,PRIMARY,SELL,1789749091.967,1789749991.997,max_hold,21.790030406288032,9.63000000000011,-0.8500000000003638,PRIMARY,SELL,1789749091.967,1789749991.997,max_hold,21.83691829608813,9.63000000000011,-0.8500000000003638,0.046887889800096616
historical7d,1s,1,exact_same_action,0.0,PRIMARY,SELL,1789750451.994,1789751026.864,emergency_stop,-16.587119808060432,2.5399999999999636,-4.069999999999709,PRIMARY,SELL,1789750451.994,1789751026.864,emergency_stop,-16.62281205039145,2.5399999999999636,-4.069999999999709,-0.035692242331016644
historical7d,1s,1,exact_same_action,0.0,SECONDARY,SELL,1789751974.95,1789752242.887,emergency_stop,-16.159819096195946,5.4399999999996,-4.0900000000001455,SECONDARY,SELL,1789751974.95,1789752242.887,emergency_stop,-16.19459187084767,5.4399999999996,-4.0900000000001455,-0.03477277465172435
historical7d,1s,1,exact_same_action,0.0,PRIMARY,BUY,1789753819.984,1789754157.972,momentum_zero_cross,4.251141681273982,5.350000000000364,-0.9399999999995998,PRIMARY,BUY,1789753819.984,1789754157.972,momentum_zero_cross,4.260289307916056,5.350000000000364,-0.9399999999995998,0.009147626642074691
historical7d,1s,1,exact_same_action,0.0,SECONDARY,SELL,1789754302.941,1789754630.972,momentum_zero_cross,1.0426700519426757,2.709999999999127,-0.5300000000006548,SECONDARY,SELL,1789754302.941,1789754630.972,momentum_zero_cross,1.044913674259019,2.709999999999127,-0.5300000000006548,0.002243622316343341
historical7d,1s,1,exact_same_action,0.0,SECONDARY,BUY,1789757067.9889998,1789758267.99,max_hold,7.081296554086479,3.050000000000182,-2.6400000000003274,SECONDARY,BUY,1789757067.9889998,1789758267.99,max_hold,7.096534121280235,3.050000000000182,-2.6400000000003274,0.015237567193755908
historical7d,1s,1,exact_same_action,0.0,PRIMARY,BUY,1789758585.943,1789758913.959,momentum_zero_cross,-0.11768012047919117,4.510000000000218,-0.9600000000000364,PRIMARY,BUY,1789758585.943,1789758913.959,momentum_zero_cross,-0.11793334511531182,4.510000000000218,-0.9600000000000364,-0.0002532246361206525
historical7d,1s,1,exact_same_action,0.0,PRIMARY,BUY,1789759468.945,1789760369.956,max_hold,29.334974851637035,12.539999999999964,-3.9799999999995634,PRIMARY,BUY,1789759468.945,1789760369.956,max_hold,29.39809798834158,12.539999999999964,-3.9799999999995634,0.06312313670454373
historical7d,1s,1,exact_same_action,0.0,PRIMARY,BUY,1789761354.9889998,1789761545.753,momentum_zero_cross,-6.3783726054611485,1.1000000000003638,-1.5399999999999636,PRIMARY,BUY,1789761354.9889998,1789761545.753,momentum_zero_cross,-6.392097617599841,1.1000000000003638,-1.5399999999999636,-0.013725012138692705
historical7d,1s,1,exact_same_action,0.0,PRIMARY,BUY,1789762637.884,1789762736.864,momentum_zero_cross,-9.416113976816924,1.0099999999993088,-2.300000000000182,PRIMARY,BUY,1789762637.884,1789762736.864,momentum_zero_cross,-9.436375615110128,1.0099999999993088,-2.300000000000182,-0.020261638293204598
historical7d,1s,1,exact_same_action,0.0,SECONDARY,BUY,1789763657.9139998,1789764857.978,max_hold,9.293919428155592,5.149999999999636,-1.1300000000001091,SECONDARY,BUY,1789763657.9139998,1789764857.978,max_hold,9.313918127644904,5.149999999999636,-1.1300000000001091,0.01999869948931199
historical7d,1s,1,exact_same_action,0.0,PRIMARY,SELL,1789767860.959,1789768061.9129999,momentum_zero_cross,-3.8065329097369065,1.819999999999709,-0.930000000000291,PRIMARY,SELL,1789767860.959,1789768061.9129999,momentum_zero_cross,-3.814723825135569,1.819999999999709,-0.930000000000291,-0.008190915398662568
historical7d,1s,2,exact_same_action,0.0,MICRO,BUY,1789963644.742,1789963943.9980001,momentum_zero_cross,-4.387499999996862,2.740000000000691,-1.1699999999991633,MICRO,BUY,1789963644.742,1789963943.9980001,momentum_zero_cross,-4.387499999996862,2.740000000000691,-1.1699999999991633,0.0
historical7d,1s,2,exact_same_action,0.0,PRIMARY,SELL,1789967510.961,1789968412.9859998,max_hold,14.385152812499683,8.699999999999818,-1.9699999999993452,PRIMARY,SELL,1789967510.961,1789968412.9859998,max_hold,14.385152812499683,8.699999999999818,-1.9699999999993452,0.0
historical7d,1s,2,exact_same_action,0.0,SECONDARY,SELL,1789968692.959,1789969892.9740002,max_hold,-4.360479931548151,3.149999999999636,-3.2100000000000364,SECONDARY,SELL,1789968692.959,1789969892.9740002,max_hold,-4.360479931548151,3.149999999999636,-3.2100000000000364,0.0
historical7d,1s,2,exact_same_action,0.0,SECONDARY,SELL,1789970946.9539998,1789971214.91,emergency_stop,-15.548343066087286,0.0,-4.099999999999454,SECONDARY,SELL,1789970946.9539998,1789971214.91,emergency_stop,-15.548343066087286,0.0,-4.099999999999454,0.0
historical7d,1s,2,exact_same_action,0.0,SECONDARY,SELL,1789984832.9750001,1789984990.985,emergency_stop,-15.180501503515917,2.430000000000291,-4.130000000000109,SECONDARY,SELL,1789984832.9750001,1789984990.985,emergency_stop,-15.180501503515917,2.430000000000291,-4.130000000000109,0.0
historical7d,1s,2,exact_same_action,0.0,MICRO,BUY,1789984996.8990002,1789985002.813,momentum_zero_cross,-1.2822524864394826,0.0500000000001819,-0.3599999999996726,MICRO,BUY,1789984996.8990002,1789985002.813,momentum_zero_cross,-1.2822524864394826,0.0500000000001819,-0.3599999999996726,0.0
historical7d,1s,2,exact_same_action,0.0,MICRO,BUY,1789985709.5100002,1789985754.127,momentum_zero_cross,-10.76315257312022,0.4099999999998545,-3.5900000000001455,MICRO,BUY,1789985709.5100002,1789985754.127,momentum_zero_cross,-10.76315257312022,0.4099999999998545,-3.5900000000001455,0.0
historical7d,1s,2,exact_same_action,0.0,PRIMARY,SELL,1789993811.904,1789994712.9950001,max_hold,-8.817538687946506,5.3200000000006185,-2.949999999999818,PRIMARY,SELL,1789993811.904,1789994712.9950001,max_hold,-8.817538687946506,5.3200000000006185,-2.949999999999818,0.0
historical7d,1s,3,exact_same_action,0.0,MICRO,SELL,1790004086.949,1790004353.822,trail,19.040625000000375,5.5900000000001455,-0.6700000000000728,MICRO,SELL,1790004086.949,1790004353.822,trail,19.040625000000375,5.5900000000001455,-0.6700000000000728,0.0
historical7d,1s,3,exact_same_action,0.0,PRIMARY,SELL,1790005642.848,1790005976.655,emergency_stop,-15.571218750000009,0.0,-4.0,PRIMARY,SELL,1790005642.848,1790005976.655,emergency_stop,-15.571218750000009,0.0,-4.0,0.0
historical7d,1s,3,exact_same_action,0.0,BURST,BUY,1790006264.808,1790006342.84,momentum_zero_cross,3.2473776703147,2.2100000000000364,-1.5499999999992724,BURST,BUY,1790006264.808,1790006342.84,momentum_zero_cross,3.2473776703147,2.2100000000000364,-1.5499999999992724,0.0
historical7d,1s,3,exact_same_action,0.0,PRIMARY,BUY,1790006919.9699998,1790007820.923,max_hold,9.956984804033775,3.069999999999709,-1.1199999999998909,PRIMARY,BUY,1790006919.9699998,1790007820.923,max_hold,9.956984804033775,3.069999999999709,-1.1199999999998909,0.0
historical7d,1s,3,exact_same_action,0.0,SECONDARY,SELL,1790008359.963,1790009559.9859998,max_hold,9.803884761547055,5.700000000000728,-1.639999999999418,SECONDARY,SELL,1790008359.963,1790009559.9859998,max_hold,9.803884761547055,5.700000000000728,-1.639999999999418,0.0
historical7d,1s,3,exact_same_action,0.0,PRIMARY,SELL,1790009590.981,1790010322.9980001,take_profit,98.9514749726757,25.0600000000004,-0.8800000000001091,PRIMARY,SELL,1790009590.981,1790010322.9980001,take_profit,98.9514749726757,25.0600000000004,-0.8800000000001091,0.0
historical7d,1s,3,exact_same_action,0.0,MICRO,SELL,1790010323.947,1790010435.882,emergency_stop,-19.466481623271328,2.5600000000004,-4.149999999999636,MICRO,SELL,1790010323.947,1790010435.882,emergency_stop,-19.466481623271328,2.5600000000004,-4.149999999999636,0.0
historical7d,1s,3,exact_same_action,0.0,BURST,SELL,1790012063.96,1790012110.993,momentum_zero_cross,2.8631735062972887,2.0,-0.4399999999995998,BURST,SELL,1790012063.96,1790012110.993,momentum_zero_cross,2.8631735062972887,2.0,-0.4399999999995998,0.0
historical7d,1s,3,exact_same_action,0.0,BURST,SELL,1790018048.984,1790018075.927,momentum_zero_cross,-6.712304669267273,0.0,-1.6199999999998909,BURST,SELL,1790018048.984,1790018075.927,momentum_zero_cross,-6.712304669267273,0.0,-1.6199999999998909,0.0
historical7d,1s,3,exact_same_action,0.0,PRIMARY,BUY,1790018369.8179998,1790018583.9950001,emergency_stop,-19.41816088043346,0.43000000000029104,-4.300000000000182,PRIMARY,BUY,1790018369.8179998,1790018583.9950001,emergency_stop,-19.41816088043346,0.43000000000029104,-4.300000000000182,0.0
historical7d,1s,3,exact_same_action,0.0,BURST,SELL,1790022664.515,1790022693.86,momentum_zero_cross,-2.27251188368633,0.8699999999998909,-0.7399999999997817,BURST,SELL,1790022664.515,1790022693.86,momentum_zero_cross,-2.27251188368633,0.8699999999998909,-0.7399999999997817,0.0
historical7d,1s,4,exact_same_action,0.0,MICRO,SELL,1790050280.984,1790050703.889,trail,19.837499999999864,6.279999999999745,-1.6199999999998909,MICRO,SELL,1790050280.984,1790050703.889,trail,19.837499999999864,6.279999999999745,-1.6199999999998909,0.0
historical7d,1s,4,exact_same_action,0.0,PRIMARY,SELL,1790052568.997,1790052905.838,emergency_stop,-16.140954374997726,1.050000000000182,-4.139999999999418,PRIMARY,SELL,1790052568.997,1790052905.838,emergency_stop,-16.140954374997726,1.050000000000182,-4.139999999999418,0.0
historical7d,1s,4,exact_same_action,0.0,PRIMARY,SELL,1790057264.7849998,1790057517.7500002,momentum_zero_cross,-2.871070310063337,2.100000000000364,-0.7600000000002183,PRIMARY,SELL,1790057264.7849998,1790057517.7500002,momentum_zero_cross,-2.871070310063337,2.100000000000364,-0.7600000000002183,0.0
historical7d,1s,4,exact_same_action,0.0,SECONDARY,BUY,1790066908.9950001,1790067373.983,emergency_stop,-16.865297881229743,3.410000000000764,-4.489999999999782,SECONDARY,BUY,1790066908.9950001,1790067373.983,emergency_stop,-16.865297881229743,3.410000000000764,-4.489999999999782,0.0
historical7d,1s,4,exact_same_action,0.0,BURST,SELL,1790072966.9689999,1790073076.985,momentum_zero_cross,10.09056969949521,3.6700000000000728,-0.7999999999992724,BURST,SELL,1790072966.9689999,1790073076.985,momentum_zero_cross,10.09056969949521,3.6700000000000728,-0.7999999999992724,0.0
historical7d,1s,4,exact_same_action,0.0,SECONDARY,SELL,1790073086.9550002,1790073984.9020002,emergency_stop,-14.969737638135953,1.449999999999818,-4.039999999999964,SECONDARY,SELL,1790073086.9550002,1790073984.9020002,emergency_stop,-14.969737638135953,1.449999999999818,-4.039999999999964,0.0
historical7d,1s,4,exact_same_action,0.0,SECONDARY,SELL,1790074221.952,1790074679.95,take_profit,28.960447023978322,8.0600000000004,-0.7199999999993452,SECONDARY,SELL,1790074221.952,1790074679.95,take_profit,28.960447023978322,8.0600000000004,-0.7199999999993452,0.0
historical7d,1s,4,exact_same_action,0.0,BURST,SELL,1790075668.965,1790075763.8,momentum_zero_cross,8.725612015714487,2.6099999999996726,-1.5,BURST,SELL,1790075668.965,1790075763.8,momentum_zero_cross,8.725612015714487,2.6099999999996726,-1.5,0.0
historical7d,1s,4,exact_same_action,0.0,MICRO,SELL,1790076713.9889998,1790076761.968,emergency_stop,-15.541769586183788,0.8299999999999272,-4.010000000000218,MICRO,SELL,1790076713.9889998,1790076761.968,emergency_stop,-15.541769586183788,0.8299999999999272,-4.010000000000218,0.0
historical7d,1s,4,exact_same_action,0.0,SECONDARY,BUY,1790076896.962,1790077058.901,take_profit,32.47939937186904,8.640000000000327,-0.7799999999997453,SECONDARY,BUY,1790076896.962,1790077058.901,take_profit,32.47939937186904,8.640000000000327,-0.7799999999997453,0.0
historical7d,1s,4,exact_same_action,0.0,MICRO,BUY,1790077062.904,1790077202.9859998,trail,8.605988260415744,4.199999999999818,-2.1900000000005093,MICRO,BUY,1790077062.904,1790077202.9859998,trail,8.605988260415744,4.199999999999818,-2.1900000000005093,0.0
historical7d,1s,4,exact_same_action,0.0,MICRO,BUY,1790077324.903,1790077739.925,trail,7.1991743643627215,4.010000000000218,-2.449999999999818,MICRO,BUY,1790077324.903,1790077739.925,trail,7.1991743643627215,4.010000000000218,-2.449999999999818,0.0
historical7d,1s,4,exact_same_action,0.0,MICRO,BUY,1790077899.91,1790078249.833,trail,10.880295246713057,4.949999999999818,-0.5900000000001455,MICRO,BUY,1790077899.91,1790078249.833,trail,10.880295246713057,4.949999999999818,-0.5900000000001455,0.0
historical7d,1s,4,exact_same_action,0.0,SECONDARY,SELL,1790078293.721,1790078642.9190001,take_profit,34.169789773803885,8.13000000000011,-1.7599999999993088,SECONDARY,SELL,1790078293.721,1790078642.9190001,take_profit,34.169789773803885,8.13000000000011,-1.7599999999993088,0.0
historical7d,1s,4,exact_same_action,0.0,MICRO,BUY,1790081569.965,1790081656.9689999,trail,9.631871124648427,4.190000000000509,-2.699999999999818,MICRO,BUY,1790081569.965,1790081656.9689999,trail,9.631871124648427,4.190000000000509,-2.699999999999818,0.0
historical7d,1s,4,exact_same_action,0.0,SECONDARY,SELL,1790081739.948,1790081787.968,emergency_stop,-30.995040216737692,1.7700000000004366,-6.8400000000001455,SECONDARY,SELL,1790081739.948,1790081787.968,emergency_stop,-30.995040216737692,1.7700000000004366,-6.8400000000001455,0.0
historical7d,1s,4,simultaneous_substitution,0.0,MICRO,BUY,1790081889.859,1790081989.981,trail,23.289701540350617,6.130000000000109,-0.18999999999959982,BURST,BUY,1790081889.859,1790081974.959,momentum_zero_cross,17.84074968019479,6.130000000000109,-0.18999999999959982,-5.448951860155827
historical7d,1s,4,exact_same_action,0.0,SECONDARY,SELL,1790086772.987,1790087024.978,emergency_stop,-18.20774975358615,0.02999999999974534,-4.069999999999709,SECONDARY,SELL,1790086772.987,1790087024.978,emergency_stop,-18.041420498054908,0.02999999999974534,-4.069999999999709,0.16632925553124167
recent24h,1s,0,exact_same_action,0.0,PRIMARY,BUY,1790192053.982,1790192132.808,momentum_zero_cross,-6.187500000002047,0.0,-1.6500000000005457,PRIMARY,BUY,1790192053.982,1790192132.808,momentum_zero_cross,-6.187500000002047,0.0,-1.6500000000005457,0.0
recent24h,1s,0,simultaneous_substitution,0.0,PRIMARY,SELL,1790193767.9910002,1790193786.978,emergency_stop,-15.03659062500142,0.0,-4.0600000000004,SECONDARY,SELL,1790193767.9910002,1790193786.978,emergency_stop,-15.03659062500142,0.0,-4.0600000000004,0.0
recent24h,1s,0,nearby_replacement,7.999000072479248,PRIMARY,SELL,1790194365.9689999,1790194850.809,emergency_stop,-14.363277281249898,0.9600000000000364,-4.0,MICRO,SELL,1790194373.968,1790194419.884,stagnation,-5.293075945662696,0.0,-2.350000000000364,9.070201335587203
recent24h,1s,0,exact_same_action,0.0,BURST,SELL,1790195523.912,1790195573.826,momentum_zero_cross,-1.1494212644317696,0.3000000000001819,-0.8899999999994179,BURST,SELL,1790195523.912,1790195573.826,momentum_zero_cross,-1.101887450566538,0.3000000000001819,-0.8899999999994179,0.0475338138652317
recent24h,1s,0,exact_same_action,0.0,PRIMARY,SELL,1790196024.809,1790196053.956,emergency_stop,-14.175854251376782,0.5800000000008367,-4.079999999999927,PRIMARY,SELL,1790196024.809,1790196053.956,emergency_stop,-13.58961799647444,0.5800000000008367,-4.079999999999927,0.5862362549023423
recent24h,1s,0,exact_same_action,0.0,SECONDARY,BUY,1790196065.932,1790196279.938,take_profit,28.59563743009947,8.489999999999782,-0.5299999999997453,SECONDARY,BUY,1790196065.932,1790196279.938,take_profit,27.413077346149777,8.489999999999782,-0.5299999999997453,-1.1825600839496921
recent24h,1s,0,exact_same_action,0.0,PRIMARY,BUY,1790196504.922,1790197405.895,max_hold,6.735330215513721,4.789999999999964,-1.2200000000002547,PRIMARY,BUY,1790196504.922,1790197405.895,max_hold,6.456793579127954,4.789999999999964,-1.2200000000002547,-0.2785366363857671
recent24h,1s,0,exact_same_action,0.0,PRIMARY,SELL,1790203082.952,1790203297.859,momentum_zero_cross,-12.28000451906742,0.02999999999974534,-3.5799999999999272,PRIMARY,SELL,1790203082.952,1790203297.859,momentum_zero_cross,-11.772170300981923,0.02999999999974534,-3.5799999999999272,0.5078342180854971
recent24h,1s,0,exact_same_action,0.0,PRIMARY,BUY,1790227939.976,1790228840.6009998,max_hold,14.872357070690596,6.9099999999998545,-0.4499999999998181,PRIMARY,BUY,1790227939.976,1790228840.6009998,max_hold,14.257317246205576,6.9099999999998545,-0.4499999999998181,-0.6150398244850201
recent24h,1s,0,exact_same_action,0.0,SECONDARY,SELL,1790230026.655,1790230697.855,emergency_stop,-15.085155713111428,0.0,-4.130000000000109,SECONDARY,SELL,1790230026.655,1790230697.855,emergency_stop,-14.461315693804357,0.0,-4.130000000000109,0.623840019307071
recent24h,1s,0,exact_same_action,0.0,PRIMARY,SELL,1790243248.941,1790243458.4819999,momentum_zero_cross,-9.0255755903126,0.0,-2.7399999999997817,PRIMARY,SELL,1790243248.941,1790243458.4819999,momentum_zero_cross,-8.65232685774405,0.0,-2.7399999999997817,0.37324873256855007
recent24h,1s,0,exact_same_action,0.0,PRIMARY,BUY,1790244962.708,1790245089.9299998,momentum_zero_cross,-3.8536420460543432,1.8099999999994907,-1.550000000000182,PRIMARY,BUY,1790244962.708,1790245089.9299998,momentum_zero_cross,-3.6942763640465954,1.8099999999994907,-1.550000000000182,0.1593656820077478
recent24h,1s,0,exact_same_action,0.0,PRIMARY,BUY,1790245996.197,1790246066.9980001,emergency_stop,-14.459958557911932,0.36999999999989086,-4.200000000000728,PRIMARY,BUY,1790245996.197,1790246066.9980001,emergency_stop,-13.861973293622828,0.36999999999989086,-4.200000000000728,0.5979852642891039
recent24h,1s,0,exact_same_action,0.0,MICRO,BUY,1790247697.938,1790247997.951,momentum_zero_cross,-2.634174093344533,1.839999999999236,-2.2100000000000364,MICRO,BUY,1790247697.938,1790247997.951,momentum_zero_cross,-2.5252389753714413,1.839999999999236,-2.2100000000000364,0.10893511797309152
recent24h,1s,0,exact_same_action,0.0,PRIMARY,SELL,1790248961.94,1790249521.964,emergency_stop,-14.849592938019725,5.880000000000109,-4.479999999999563,PRIMARY,SELL,1790248961.94,1790249521.964,emergency_stop,-14.235494514288858,5.880000000000109,-4.479999999999563,0.6140984237308675
recent24h,1s,0,exact_same_action,0.0,SECONDARY,BUY,1790251279.973,1790251411.604,emergency_stop,-13.645927361874316,2.0499999999992724,-4.260000000000218,SECONDARY,BUY,1790251279.973,1790251411.604,emergency_stop,-13.08160600180406,2.0499999999992724,-4.260000000000218,0.5643213600702559
recent24h,1s,0,exact_same_action,0.0,PRIMARY,SELL,1790253504.9689999,1790253653.8739998,momentum_zero_cross,-6.822034732832258,0.0,-2.430000000000291,PRIMARY,SELL,1790253504.9689999,1790253653.8739998,momentum_zero_cross,-6.539912469039876,0.0,-2.430000000000291,0.2821222637923819
recent24h,1s,0,exact_same_action,0.0,BURST,BUY,1790256394.957,1790256424.838,momentum_zero_cross,-4.635634619456863,0.0,-1.7200000000002547,BURST,BUY,1790256394.957,1790256424.838,momentum_zero_cross,-4.443929976462097,0.0,-1.7200000000002547,0.19170464299476642
recent24h,1s,0,exact_same_action,0.0,SECONDARY,SELL,1790256642.971,1790256688.952,emergency_stop,-13.32626622420302,0.0,-4.420000000000073,SECONDARY,SELL,1790256642.971,1790256688.952,emergency_stop,-12.775164310725772,0.0,-4.420000000000073,0.5511019134772468
recent24h,1s,0,candidate_d_unmatched,nan,PRIMARY,BUY,1790257759.983,1790257881.936,emergency_stop,-11.718482354177581,0.13000000000010914,-4.020000000000437,,,nan,nan,,nan,nan,nan,nan
recent24h,1s,0,exact_same_action,0.0,MICRO,BUY,1790259382.96,1790259428.948,stagnation,-6.361102674177904,0.0,-3.589999999999236,MICRO,BUY,1790259382.96,1790259428.948,stagnation,-6.215934809233427,0.0,-3.589999999999236,0.14516786494447764
recent24h,1s,0,exact_same_action,0.0,PRIMARY,BUY,1790259744.944,1790260348.967,emergency_stop,-11.39573874349422,0.9299999999993815,-4.100000000000364,PRIMARY,BUY,1790259744.944,1790260348.967,emergency_stop,-11.135674545886857,0.9299999999993815,-4.100000000000364,0.2600641976073632
recent24h,1s,0,exact_same_action,0.0,PRIMARY,BUY,1790262741.964,1790263641.997,max_hold,4.337308497848027,3.9600000000000364,-1.360000000000582,PRIMARY,BUY,1790262741.964,1790263641.997,max_hold,4.238326002754201,3.9600000000000364,-1.360000000000582,-0.09898249509382584
recent24h,1s,0,exact_same_action,0.0,SECONDARY,BUY,1790264485.926,1790265334.983,take_profit,21.812081977443103,8.0,-2.5299999999997453,SECONDARY,BUY,1790264485.926,1790265334.983,take_profit,21.314304542799107,8.0,-2.5299999999997453,-0.4977774346439965
recent24h,1s,0,exact_same_action,0.0,PRIMARY,SELL,1790267631.868,1790267934.972,momentum_zero_cross,-1.0982383275645755,2.769999999999527,-1.7700000000004366,PRIMARY,SELL,1790267631.868,1790267934.972,momentum_zero_cross,-1.0731752337302431,2.769999999999527,-1.7700000000004366,0.02506309383433236
recent24h,1s,0,exact_same_action,0.0,SECONDARY,BUY,1790267949.875,1790267992.881,emergency_stop,-11.72918678343588,0.0,-4.069999999999709,SECONDARY,BUY,1790267949.875,1790267992.881,emergency_stop,-11.461512908307553,0.0,-4.069999999999709,0.2676738751283274
recent24h,1s,0,exact_same_action,0.0,PRIMARY,SELL,1790268611.999,1790269512.829,max_hold,5.755424057779257,5.030000000000655,-2.009999999999309,PRIMARY,SELL,1790268611.999,1790269512.829,max_hold,5.6240784931636245,5.030000000000655,-2.009999999999309,-0.13134556461563207
recent24h,1s,0,exact_same_action,0.0,SECONDARY,SELL,1790269786.987,1790270987.981,max_hold,4.113738238461959,6.949999999999818,-3.300000000000182,SECONDARY,SELL,1790269786.987,1790270987.981,max_hold,4.019857880353267,6.949999999999818,-3.300000000000182,-0.09388035810869244
recent24h,1s,0,exact_same_action,0.0,BURST,SELL,1790271044.909,1790271068.987,momentum_zero_cross,-1.6347109178124597,0.27999999999974534,-0.569999999999709,BURST,SELL,1790271044.909,1790271068.987,momentum_zero_cross,-1.5974048867836599,0.27999999999974534,-0.569999999999709,0.03730603102879981
recent24h,1s,0,exact_same_action,0.0,MICRO,SELL,1790271091.9740002,1790271137.533,stagnation,-1.4849398506874494,0.18000000000029104,-1.3999999999996362,MICRO,SELL,1790271091.9740002,1790271137.533,stagnation,-1.4510517720418505,0.18000000000029104,-1.3999999999996362,0.03388807864559884
recent24h,1s,0,exact_same_action,0.0,PRIMARY,SELL,1790271201.909,1790271268.992,emergency_stop,-12.032304837879872,0.3999999999996362,-4.230000000000473,PRIMARY,SELL,1790271201.909,1790271268.992,emergency_stop,-11.757713451269078,0.3999999999996362,-4.230000000000473,0.2745913866107941
recent24h,1s,0,exact_same_action,0.0,PRIMARY,SELL,1790271720.915,1790272097.965,emergency_stop,-11.127267864364681,0.21000000000003638,-4.039999999999964,PRIMARY,SELL,1790271720.915,1790272097.965,emergency_stop,-10.873330488838214,0.21000000000003638,-4.039999999999964,0.25393737552646733
recent24h,1s,0,exact_same_action,0.0,PRIMARY,SELL,1790272615.978,1790273516.407,max_hold,13.300682180053531,6.699999999999818,-0.1999999999998181,PRIMARY,SELL,1790272615.978,1790273516.407,max_hold,12.997144926642829,6.699999999999818,-0.1999999999998181,-0.3035372534107026
recent24h,1s,0,exact_same_action,0.0,PRIMARY,BUY,1790275457.985,1790275583.9459999,momentum_zero_cross,-5.319503675943245,0.7100000000000364,-1.9200000000000728,PRIMARY,BUY,1790275457.985,1790275583.9459999,momentum_zero_cross,-5.198106328540612,0.7100000000000364,-1.9200000000000728,0.12139734740263286
recent24h,1s,0,router_unmatched,nan,,,nan,nan,,nan,nan,nan,PRIMARY,SELL,1790193865.71,1790194064.962,emergency_stop,-14.471001860858358,0.0,-4.029999999999745,nan
recent24h,1s,0,router_unmatched,nan,,,nan,nan,,nan,nan,nan,PRIMARY,SELL,1790194553.999,1790194724.979,emergency_stop,-13.804780834422653,0.0,-4.010000000000218,nan
recent24h,1s,0,router_unmatched,nan,,,nan,nan,,nan,nan,nan,PRIMARY,BUY,1790258422.987,1790258571.903,momentum_zero_cross,-4.247632301585558,0.5799999999999272,-2.2200000000002547,nan
