source,interval,engine,entries,aligned_60_300_1800_fraction,spread_count,spread_mean,spread_std,spread_min,spread_max,spread_p1,spread_p5,spread_p25,spread_p50,spread_p75,spread_p90,spread_p95,spread_p99,spread_p99_9,range60_count,range60_mean,range60_std,range60_min,range60_max,range60_p1,range60_p5,range60_p25,range60_p50,range60_p75,range60_p90,range60_p95,range60_p99,range60_p99_9,range300_count,range300_mean,range300_std,range300_min,range300_max,range300_p1,range300_p5,range300_p25,range300_p50,range300_p75,range300_p90,range300_p95,range300_p99,range300_p99_9,spread_over_range60_count,spread_over_range60_mean,spread_over_range60_std,spread_over_range60_min,spread_over_range60_max,spread_over_range60_p1,spread_over_range60_p5,spread_over_range60_p25,spread_over_range60_p50,spread_over_range60_p75,spread_over_range60_p90,spread_over_range60_p95,spread_over_range60_p99,spread_over_range60_p99_9,spread_over_stop4_count,spread_over_stop4_mean,spread_over_stop4_std,spread_over_stop4_min,spread_over_stop4_max,spread_over_stop4_p1,spread_over_stop4_p5,spread_over_stop4_p25,spread_over_stop4_p50,spread_over_stop4_p75,spread_over_stop4_p90,spread_over_stop4_p95,spread_over_stop4_p99,spread_over_stop4_p99_9,dir_m10_over_range60_count,dir_m10_over_range60_mean,dir_m10_over_range60_std,dir_m10_over_range60_min,dir_m10_over_range60_max,dir_m10_over_range60_p1,dir_m10_over_range60_p5,dir_m10_over_range60_p25,dir_m10_over_range60_p50,dir_m10_over_range60_p75,dir_m10_over_range60_p90,dir_m10_over_range60_p95,dir_m10_over_range60_p99,dir_m10_over_range60_p99_9,dir_m30_over_range60_count,dir_m30_over_range60_mean,dir_m30_over_range60_std,dir_m30_over_range60_min,dir_m30_over_range60_max,dir_m30_over_range60_p1,dir_m30_over_range60_p5,dir_m30_over_range60_p25,dir_m30_over_range60_p50,dir_m30_over_range60_p75,dir_m30_over_range60_p90,dir_m30_over_range60_p95,dir_m30_over_range60_p99,dir_m30_over_range60_p99_9,dir_m60_over_range60_count,dir_m60_over_range60_mean,dir_m60_over_range60_std,dir_m60_over_range60_min,dir_m60_over_range60_max,dir_m60_over_range60_p1,dir_m60_over_range60_p5,dir_m60_over_range60_p25,dir_m60_over_range60_p50,dir_m60_over_range60_p75,dir_m60_over_range60_p90,dir_m60_over_range60_p95,dir_m60_over_range60_p99,dir_m60_over_range60_p99_9,dir_m300_over_range300_count,dir_m300_over_range300_mean,dir_m300_over_range300_std,dir_m300_over_range300_min,dir_m300_over_range300_max,dir_m300_over_range300_p1,dir_m300_over_range300_p5,dir_m300_over_range300_p25,dir_m300_over_range300_p50,dir_m300_over_range300_p75,dir_m300_over_range300_p90,dir_m300_over_range300_p95,dir_m300_over_range300_p99,dir_m300_over_range300_p99_9,er60_count,er60_mean,er60_std,er60_min,er60_max,er60_p1,er60_p5,er60_p25,er60_p50,er60_p75,er60_p90,er60_p95,er60_p99,er60_p99_9,qacc_count,qacc_mean,qacc_std,qacc_min,qacc_max,qacc_p1,qacc_p5,qacc_p25,qacc_p50,qacc_p75,qacc_p90,qacc_p95,qacc_p99,qacc_p99_9
historical_first80,500ms,BURST,17,0.29411764705882354,17,0.24882352941163202,0.024942841231794983,0.21000000000003638,0.27999999999974534,0.21000000000003638,0.21000000000003638,0.22000000000025466,0.25,0.26999999999952706,0.27999999999974534,0.27999999999974534,0.27999999999974534,0.27999999999974534,17,4.412941176470667,0.46734248313174803,4.014999999999418,5.734999999999673,4.016599999999598,4.02300000000032,4.104999999999563,4.200000000000728,4.524999999999636,5.0930000000003925,5.279000000000632,5.643799999999865,5.725879999999692,17,6.108235294117655,1.6320358462546833,4.260000000000218,9.649999999999636,4.269600000000282,4.308000000000538,4.529999999998836,5.574999999999818,7.210000000000946,8.410999999999877,9.133999999999286,9.546799999999566,9.639679999999629,17,0.056975347439357935,0.008034128159555471,0.040658276863504525,0.06939281288717607,0.041127669217480206,0.04300523863338293,0.05298013245028592,0.05550049554008747,0.06303030303034204,0.06763249264700553,0.0684461630646021,0.06920348292266128,0.06937387989072459,17,0.062205882352908005,0.006235710307948746,0.052500000000009095,0.06999999999993634,0.052500000000009095,0.052500000000009095,0.055000000000063665,0.0625,0.06749999999988177,0.06999999999993634,0.06999999999993634,0.06999999999993634,0.06999999999993634,17,0.4347977428133019,0.11736185857516644,0.2478314745972828,0.7335640138408356,0.25375419623747214,0.2774450827982295,0.3689440993787506,0.4247787610622087,0.4770531400966685,0.5634843603144096,0.6278936145763465,0.7124299339879377,0.7314506058555458,17,0.7205623164726148,0.16636153224081596,0.45554202192472576,0.9883833494676707,0.46120427060535407,0.48385326532786727,0.561464690497025,0.7602209944751108,0.8548585485854683,0.9233543186523014,0.9460042362143845,0.9799075268170134,0.9875357672026049,17,0.8423961254766603,0.16746378042678034,0.5117719950435152,1.024309392265123,0.5125643697235279,0.5157338684435787,0.6902654867257118,0.9359129383310223,0.9842995169083104,0.9939460808871843,1.0058362998904948,1.0206147737901974,1.0239399304176304,15,0.395625659386419,0.36581545046087,-0.3999999999998869,0.9838978345365208,-0.341570776255627,-0.10785388127858735,0.0668965061370716,0.42939814814819616,0.6849920324496137,0.7755134194711142,0.8452424497762421,0.956166757584465,0.9811247268413154,17,0.33470265983223874,0.11287976786681866,0.16906144909811266,0.5446109921479755,0.17490360330512836,0.1982722201331912,0.24672489082978827,0.3078711391564676,0.4232749742532072,0.48751133126086266,0.5168994064069377,0.539068674999768,0.5440567604331548,17,1.2904654152577772,0.10962983740473703,1.2017804154302671,1.653061224489796,1.2017891269430758,1.2018239729943103,1.2148760330578512,1.2616822429906542,1.2964824120603016,1.395974025974026,1.470612244897959,1.6165714285714285,1.6494122448979593
historical_first80,500ms,PRIMARY,74,1.0,74,0.25783783783782455,0.03402186380756662,0.17000000000007276,0.2999999999992724,0.1773000000002321,0.18650000000043293,0.23999999999978172,0.26499999999987267,0.2899999999999636,0.2899999999999636,0.2935000000003128,0.2999999999992724,0.2999999999992724,74,3.2831081081081424,2.2111105658150234,1.1349999999993088,13.955000000000837,1.2700499999996009,1.3682499999998528,1.8687500000010004,2.6599999999998545,3.9124999999989996,5.379,8.12675000000085,10.743000000000421,13.633800000000827,74,7.1704729729729575,5.080766805350383,3.0399999999999636,40.724999999999454,3.069199999999937,3.611249999999427,4.708750000000009,6.0099999999997635,7.667500000000018,9.453500000000805,16.12425000000002,25.449749999999238,39.19747499999958,74,0.10350652680694274,0.04882776111679048,0.021497671085578964,0.21969696969699057,0.024140320957679765,0.03137278526907126,0.06536964238012105,0.09788221207802703,0.13560041219609037,0.1735278405586295,0.19035436390363414,0.21440975690976785,0.21916824841826835,74,0.06445945945945614,0.008505465951891654,0.04250000000001819,0.0749999999998181,0.044325000000058026,0.04662500000010823,0.05999999999994543,0.06624999999996817,0.0724999999999909,0.0724999999999909,0.0733750000000782,0.0749999999998181,0.0749999999998181,74,0.23653062245355147,0.28300305006592164,-0.413071895424739,0.8469184890654842,-0.3254147620830835,-0.2508566228028318,0.08658418050001485,0.19449931097866685,0.43457150828495106,0.660964019008849,0.7178873093853835,0.8137034530407988,0.843596985463016,74,0.4523103719936981,0.29011791677039306,-0.4498886414253266,0.997032640950029,-0.352911035941803,0.03166911404775328,0.2677792568253692,0.4601725926351037,0.6637830006829762,0.8128750689191376,0.9018724149773143,0.9516224383111319,0.9924916206861397,74,0.7299179059030296,0.2047212944686814,0.2524999999995998,1.1549636803877388,0.29893046719670213,0.42726792568725896,0.5668540389127135,0.726847074452369,0.9060656448818607,0.979764407618045,0.9936005625877651,1.0477751530540482,1.1442448276543709,74,0.7187110370112524,0.18748150675769146,0.17055279014933733,1.0,0.2066123846534422,0.42175926827573906,0.6032441490990788,0.7350945129593589,0.863346204003236,0.9609310750146522,0.9864149432530718,0.9952597402598522,0.9995259740259853,74,0.18149729460178737,0.0784229067334022,0.0452347083926054,0.38572113080974507,0.04988838404058539,0.06869905080963057,0.12208018407571723,0.17639092844811244,0.23211837557529028,0.2905947205626183,0.30997616524620725,0.37639646450581193,0.38478866417935187,74,1.005103084500795,0.17229041095620984,0.5133689839572193,1.430232558139535,0.5597634718222954,0.6807870370370371,0.9211453086314352,1.0020661157024793,1.1029660582444627,1.1974162679425837,1.2513794277929153,1.426841641872609,1.4298934665128424
historical_first80,500ms,MICRO,42,0.2857142857142857,42,0.25071428571421467,0.04300569492422151,0.11000000000058208,0.2899999999999636,0.11820000000038818,0.16149999999984174,0.23999999999978172,0.26499999999987267,0.28000000000042746,0.2899999999999636,0.2899999999999636,0.2899999999999636,0.2899999999999636,42,5.968452380952364,3.557567468840364,2.2700000000004366,17.044999999999163,2.41349999999984,2.782999999999538,3.466249999999718,4.832500000000891,6.626250000000709,10.427500000000144,15.657750000000512,16.665749999999086,17.00707499999916,42,14.044880952381023,8.548396291263819,6.395000000000437,53.73999999999978,6.889050000000407,7.934250000000293,9.053750000000491,10.797500000000582,17.694999999999936,22.355499999999573,27.960999999999913,43.91640000000005,52.757639999999896,42,0.05337831136574245,0.02492247493518978,0.016427104722778474,0.12334801762100947,0.01681357987578643,0.018318124302656027,0.031796799538357796,0.049707602339150246,0.06962869684643098,0.08528929604629513,0.09147100619987919,0.1120162544888031,0.12221484130778894,42,0.06267857142855367,0.010751423731055377,0.02750000000014552,0.0724999999999909,0.029550000000097044,0.040374999999960436,0.05999999999994543,0.06624999999996817,0.07000000000010687,0.0724999999999909,0.0724999999999909,0.0724999999999909,0.0724999999999909,42,0.3070639881326115,0.2021211951055092,0.031230082855310554,0.7592281879194341,0.04487736178787012,0.07827227847875005,0.13489305775596544,0.2507707245676878,0.42458248283541644,0.6014976677731537,0.6954008228051365,0.7388936393710832,0.7571947330645992,42,0.47060123020609934,0.2834672487247524,-0.04122807017537589,0.9834905660376606,-0.03840853086914888,0.012581482805598858,0.24791352703596503,0.5229168271081182,0.7057124290515541,0.8201231396842159,0.8863756677703855,0.9776080053907706,0.9829023099729717,42,0.8525949075035333,0.12359327603895312,0.5794297352341776,1.1762767710052024,0.6120478755855212,0.667919269432267,0.7569470344839728,0.8271685468129193,0.9554161719345456,1.0007346938775672,1.0183967112736003,1.1149191628376915,1.170141010188452,40,0.43167581654122145,0.43761195897652433,-0.42819843342038644,0.9952483801295644,-0.4123076679728617,-0.25995385837236806,-0.008716803898435441,0.5627204585538095,0.811958313349032,0.928269750900549,0.9804471842314334,0.9927265118790398,0.9949961933045119,42,0.2086331364978395,0.06907037876345205,0.12416787264841593,0.40596026490069725,0.12529268400630406,0.12740369080131486,0.1561576099417421,0.19716466073609185,0.23565121412799514,0.30199523525905725,0.3658439692422297,0.3950735435234989,0.4048715927629775,42,1.0114712056156507,0.1359327916076011,0.746031746031746,1.3544776119402986,0.772149880601208,0.8561014431239389,0.9108249704840614,0.9878627386075252,1.0871517729068627,1.1946718146718145,1.2792414453218472,1.3452413761070168,1.3535539883569705
historical_first80,500ms,SECONDARY,30,0.4,30,0.23400000000001456,0.04936935621740492,0.13000000000010914,0.2899999999999636,0.13290000000017244,0.14450000000001637,0.21249999999940883,0.25,0.27000000000043656,0.2899999999999636,0.2899999999999636,0.2899999999999636,0.2899999999999636,30,6.00049999999995,4.057161025068179,2.4149999999999636,23.32499999999891,2.441099999999742,2.7929999999997563,4.090000000000828,5.227499999999964,5.912500000000364,8.060500000000776,12.677749999999902,21.203649999999293,23.112864999998948,30,10.78683333333341,9.884817523465951,4.735000000000582,53.73999999999978,4.801700000000455,5.021250000000146,6.052500000000009,7.400000000000091,9.460000000000946,18.35499999999948,28.072499999999565,47.08594999999988,53.07459499999979,30,0.049377929164409154,0.023702860970022013,0.012433011789923995,0.11177644710572247,0.01320861210704982,0.01589812947383752,0.031980872498191426,0.049540016412624927,0.05803394772461749,0.08195519473676703,0.09487186431700136,0.10938198137881083,0.11153700053303131,30,0.05850000000000364,0.01234233905435123,0.032500000000027285,0.0724999999999909,0.03322500000004311,0.03612500000000409,0.05312499999985221,0.0625,0.06750000000010914,0.0724999999999909,0.0724999999999909,0.0724999999999909,0.0724999999999909,30,0.5354105619063116,0.23114758758779463,0.0947123765252343,0.9657603222557769,0.12657772887777555,0.21149715712659042,0.3578946511510843,0.4863065050120674,0.7055544558654192,0.8471539575288489,0.9335664404553036,0.9652782701326019,0.9657121170434594,30,0.7098052008279059,0.16953684526227472,0.36722835560720685,1.0,0.38722410204998725,0.44001704638774003,0.5688552156137887,0.7482362068463494,0.8228715960665436,0.901868791069787,0.9217240260512245,0.9810280373832567,0.9981028037383257,30,0.8366607516452655,0.1914601304435897,0.37160493827153174,1.0662525879916591,0.38364645597969804,0.4131916412010054,0.7985540875975697,0.9178026667715891,0.9530502333458454,1.0077941891745343,1.0209015101543009,1.0551701785955865,1.0651443470520519,29,0.4534238590005609,0.39879491443269777,-0.3101196953210235,0.9823182711198147,-0.3075788635579832,-0.2994958044216445,0.17417660133358934,0.5221238938054263,0.8386871508378941,0.897626639054296,0.9259017983327771,0.966685066585937,0.980754950666427,30,0.2653559115582381,0.11592313269821752,0.05279775477988029,0.563471011746567,0.07155665792784711,0.11979034844296457,0.17723317361531143,0.2686178995613559,0.2940630470733861,0.4284512587333866,0.49283930407447973,0.5549343685336725,0.5626173474252776,30,1.1134580359405406,0.16125574806079415,0.83,1.591093117408907,0.8657154786150713,0.9533060199876854,1.0057201021465125,1.0711752786220872,1.1936463590483057,1.2970676031606674,1.4297426470588233,1.5597329315421422,1.5879570988222305
current7d,500ms,MICRO,32,0.5625,32,0.25281250000000455,0.04071504444000564,0.1499999999996362,0.2900000000008731,0.15309999999970386,0.16549999999997453,0.24749999999994543,0.2699999999999818,0.27999999999974534,0.2899999999999636,0.2899999999999636,0.2900000000005912,0.2900000000008449,32,5.4964062500001205,1.9144945622045888,2.7399999999988722,11.850000000000364,2.7988999999993123,2.998750000000291,4.415000000000873,5.4200000000005275,6.3162499999998545,7.240000000000146,8.607749999999896,11.031600000000266,11.768160000000357,32,9.940156249999973,2.3844435554938914,6.459999999999127,15.450000000000728,6.545249999999578,6.757000000000062,8.363749999999982,9.670000000000073,11.527499999999463,13.182500000000074,14.084499999999615,15.181850000000514,15.423185000000707,32,0.052593128557494484,0.022146603963359223,0.014345991561187134,0.10583941605842445,0.015284184774391184,0.023785331512047907,0.038125619834760066,0.04560931160701871,0.06204370728466958,0.08796278749257429,0.09268083232404217,0.10265377045912259,0.10552085149849427,32,0.06320312500000114,0.01017876111000141,0.03749999999990905,0.07250000000021828,0.038274999999925965,0.04137499999999363,0.06187499999998636,0.06749999999999545,0.06999999999993634,0.0724999999999909,0.0724999999999909,0.0725000000001478,0.07250000000021123,32,0.35575755649905916,0.1723143400808819,0.052954719877110666,0.786689419795243,0.07671581053953033,0.14305542330247661,0.2073721996942836,0.33495590209383563,0.47987529903485476,0.5855990078521705,0.6146111040312703,0.7367405116888286,0.7816945289846017,32,0.524276655128781,0.21129339668131927,-0.06845965770172091,0.9231638418078957,0.016761301266370404,0.25644725320420453,0.3808574181302248,0.5214121732988182,0.6702658227847775,0.8187276971373083,0.8517509999139093,0.9032262647454098,0.9211700841016471,32,0.8607778408831255,0.1263611080530177,0.552058111380183,1.0373647984268453,0.5546602098466669,0.6272261792561392,0.7764641618101049,0.8919482686690936,0.9763192055248693,0.9913334847799837,1.0048432400788712,1.0284267621090237,1.0364709947950632,32,0.5047899997659695,0.32228862497533284,-0.23071297989030443,0.9755804643714753,-0.15596278945767067,0.012471931137691919,0.24736530939211324,0.5146901709401506,0.7508374866607996,0.9105168579876893,0.9502341317026262,0.9682218640548527,0.974844604339813,32,0.2298201761232982,0.071186603775867,0.1214488636363747,0.3760353395913835,0.12180437881952116,0.12988468907536127,0.16766301995880883,0.22255788882944783,0.2901598581450776,0.3218506610308069,0.34054332946920285,0.36727000314872815,0.37515880594711803,32,1.0726069665265967,0.1288117112830374,0.7945945945945946,1.3647058823529412,0.8063330974954012,0.87935416528597,0.9997261345852895,1.0606173786642978,1.1585377419098255,1.228829604130809,1.278779832105132,1.3456412279197394,1.3627994169096211
current7d,500ms,PRIMARY,84,1.0,84,0.2611904761904714,0.03318077333056774,0.16000000000076398,0.2999999999992724,0.16830000000019027,0.19149999999963258,0.25,0.27000000000043656,0.2899999999999636,0.2899999999999636,0.2999999999992724,0.2999999999992724,0.2999999999992724,84,3.586964285714181,4.6973565905943895,1.3299999999999272,42.17999999999938,1.334150000000018,1.4407500000002529,2.015000000000555,2.6875000000004547,3.6187500000003183,4.701000000000113,6.045000000000617,21.214199999999998,40.08341999999948,84,7.3078571428571495,5.414227140341515,3.264999999999418,48.899999999999636,3.6841499999995087,4.084750000000531,5.114999999999327,6.0349999999998545,7.500000000000227,10.972999999999779,13.137249999999941,25.859200000000257,46.59591999999974,84,0.10291024343708181,0.04585100677541223,0.004030346135611078,0.21641791044771055,0.013929839694139072,0.043405644512675284,0.06930435744317497,0.09898410549182915,0.13253968253970588,0.1588319907939032,0.19259436673666544,0.21575015258286692,0.21635113466122619,84,0.06529761904761786,0.008295193332641934,0.040000000000190994,0.0749999999998181,0.04207500000004757,0.047874999999908144,0.0625,0.06750000000010914,0.0724999999999909,0.0724999999999909,0.0749999999998181,0.0749999999998181,0.0749999999998181,84,0.23157163615112966,0.2732279028098578,-0.8955696202531828,0.7806691449826042,-0.498080168776614,-0.3019199499687223,0.11654864272469874,0.2478148472876224,0.3763892078070963,0.5296487270380424,0.654904362416416,0.7259058450431399,0.7751928149886579,84,0.44679885065305147,0.3162104599566639,-0.5316455696197941,1.0,-0.405841001447723,-0.16071636575421994,0.2736404781651408,0.4750502405681727,0.6924507833891477,0.8584144624729292,0.8754863761762177,0.9335999999999445,0.9933599999999946,84,0.7284764215730788,0.2479393036738588,0.1628571428570597,1.0982318271119815,0.2488114178501592,0.29138267839569165,0.5411654135331219,0.7885408253528479,0.9391209124816791,1.0005591961555385,1.0278217925822768,1.0587247270648403,1.0942811171072675,84,0.7611675378660916,0.16666155292180299,0.3718732629238794,0.9973262032084981,0.43427073351743706,0.48842662632371153,0.6089974768015647,0.7889953328421471,0.9114951876054369,0.9653357402919712,0.9903089156462538,0.9972090717165062,0.9973144900592988,84,0.18637445088180732,0.1043467844292537,0.03694068678457968,0.4394463667820367,0.03699404789381407,0.047850395954539285,0.09976835352817198,0.18153238740250688,0.26492469542549646,0.3316532928009982,0.3620257862075616,0.42896172491131385,0.4383979025949644,84,1.0647385662261692,0.14932326973773288,0.7792207792207793,1.6730769230769231,0.8154389610389611,0.8623523939025264,0.9859993475424097,1.0429960620429157,1.135258415251713,1.277186639921631,1.3469760071679828,1.4327792413066391,1.649047154899895
current7d,500ms,SECONDARY,15,0.6666666666666666,15,0.21933333333327026,0.05893122168169435,0.08999999999923602,0.2899999999999636,0.09279999999929714,0.10399999999954161,0.19000000000050932,0.21999999999934516,0.26499999999987267,0.2859999999998763,0.2899999999999636,0.2899999999999636,0.2899999999999636,15,4.986333333333399,1.726376230399581,2.485000000000582,9.850000000000364,2.5039000000006126,2.579500000000735,4.0275000000001455,4.824999999999818,5.975000000000364,6.281999999999607,7.483999999999647,9.37680000000022,9.802680000000352,15,7.711000000000118,1.4776041418457513,4.730000000001382,10.104999999999563,4.9029000000012095,5.594500000000517,6.755000000000109,7.6850000000004,8.740000000000236,9.632000000000334,9.926500000000123,10.069299999999675,10.101429999999574,15,0.04957230948768603,0.02312244384295628,0.011167512690321678,0.11670020120720148,0.014148110372719621,0.0260705011023114,0.034892107952032694,0.04730617608417274,0.0578334773840366,0.06828281582427734,0.08281493841089316,0.1099231486479398,0.11602249595127535,15,0.054833333333317566,0.014732805420423588,0.022499999999809006,0.0724999999999909,0.023199999999824285,0.025999999999885403,0.04750000000012733,0.05499999999983629,0.06624999999996817,0.07149999999996907,0.0724999999999909,0.0724999999999909,0.0724999999999909,15,0.5778356140955869,0.1922237648139876,0.19067357512955593,0.9014084507042923,0.20376260794474974,0.25611873920552497,0.4905257223908702,0.5326633165827882,0.6966780122532159,0.8540757420032644,0.8871149617954669,0.8985497529225273,0.9011225809261159,15,0.712392424217628,0.17492600058398058,0.4235897435898481,0.9422110552763417,0.42835797594742947,0.44743090537775515,0.5594084628670806,0.7560975609756314,0.8569041495096696,0.9093197798436032,0.9264760256129518,0.9390640493436637,0.941896354683074,15,0.860352890318193,0.15099949721030187,0.5121951219512628,1.0275952693822747,0.5169437634273181,0.535938329331539,0.8192164221285048,0.9243654822335164,0.9625232278901739,1.0071763554510498,1.0243091151656865,1.026938038538957,1.027529546297943,15,0.680909893088644,0.298449484922756,-0.16279069767437884,0.9712230215826514,-0.08343147208117943,0.2340054302916182,0.5387747368626437,0.7467300832342276,0.942481309283876,0.9618683544526949,0.9654683863900749,0.9700720945441361,0.9711079288787998,15,0.2879130394137838,0.10578904237284184,0.1017441860465142,0.502240325865295,0.11262087163771517,0.15612761400251907,0.2128171903115324,0.30204492122033555,0.3497928373357102,0.42149997378809195,0.46929840742210427,0.4956519421766568,0.5015814874964312,15,1.158370931666688,0.20708399814849054,0.9252336448598131,1.622093023255814,0.9259448370184636,0.9287896056530659,1.0185536359983929,1.1127982646420824,1.2279592372452328,1.4768848384424191,1.598392612859097,1.6173529411764707,1.6216190150478795
current7d,500ms,BURST,6,0.0,6,0.2516666666668546,0.019507833184634758,0.21000000000003638,0.27000000000043656,0.21200000000003455,0.22000000000002728,0.25250000000005457,0.2600000000002183,0.2600000000002183,0.2650000000003274,0.267500000000382,0.2695000000004256,0.26995000000043545,6,4.872500000000248,0.5082711710625184,4.155000000000655,5.369999999999891,4.15550000000062,4.157500000000482,4.415000000000191,5.1775000000002365,5.190000000000282,5.2800000000002,5.3250000000000455,5.360999999999922,5.369099999999894,6,8.745833333333243,6.298391604652382,5.109999999999673,22.74499999999989,5.117249999999695,5.146249999999782,5.404999999999973,6.0949999999998,6.9650000000001455,14.960000000000036,18.852499999999964,21.966499999999908,22.667149999999893,6,0.052384853357068294,0.007986193396329482,0.04046242774566778,0.06482593037225425,0.040860162969187215,0.04245110386326496,0.04883693394047391,0.05021757904381118,0.05771105853408068,0.06249720104653153,0.06366156570939288,0.06459305743968198,0.06480264307899702,6,0.06291666666671365,0.004876958296158689,0.052500000000009095,0.06750000000010914,0.05300000000000864,0.05500000000000682,0.06312500000001364,0.06500000000005457,0.06500000000005457,0.06625000000008185,0.0668750000000955,0.0673750000001064,0.06748750000010886,6,0.4861352567663042,0.07228016312738783,0.391992551210355,0.6156069364161764,0.39378692171372554,0.4009644037272078,0.43525570925362855,0.4801365632956662,0.5165167671791759,0.5683329507591859,0.5919699435876812,0.6108795378504773,0.6151341965596064,6,0.7016458232457392,0.13506668907134242,0.5316573556796316,0.9479768786126286,0.5344862526015304,0.5458018402891258,0.6039321865929899,0.6894998153589941,0.7542485269346468,0.8554913294796032,0.9017341040461159,0.938728323699326,0.9470520231212983,6,0.9126435149797407,0.07389218480269033,0.7821901323705145,0.9944134078212764,0.7861442095670235,0.8019605183530593,0.8719944155023929,0.9279965381335342,0.9744522086290626,0.9882031024700837,0.9913082551456801,0.9937923772861571,0.9943513047677645,6,0.37394770460343607,0.5400721953623178,-0.3455704550450921,1.0213492741246815,-0.3312273530364794,-0.2738549450020285,-0.053090544604113075,0.32758003349567016,0.9014410675142133,0.996402515273603,1.0088758946991423,1.0188545982395736,1.0210998065361707,6,0.3892155663609427,0.036012894523041766,0.3316326530612491,0.44181646168385036,0.33357457113282046,0.34134224341910596,0.3726369758821918,0.38344498104583974,0.4153012556373859,0.43314988426002554,0.43748317297193795,0.4409498039414679,0.4417297959096121,6,1.358761581360172,0.12787415169803415,1.248062015503876,1.6196319018404908,1.2481589147286822,1.2485465116279069,1.260576923076923,1.3193245778611633,1.3837551771744132,1.507929158467415,1.563780530153953,1.6084616275031833,1.6185148744067601
stage1:20260928T150531Z,500ms,MICRO,1,1.0,1,0.28000000000065484,0.0,0.28000000000065484,0.28000000000065484,0.28000000000065484,0.28000000000065484,0.28000000000065484,0.28000000000065484,0.28000000000065484,0.28000000000065484,0.28000000000065484,0.28000000000065484,0.28000000000065484,1,8.949999999998909,0.0,8.949999999998909,8.949999999998909,8.949999999998909,8.949999999998909,8.949999999998909,8.949999999998909,8.949999999998909,8.949999999998909,8.949999999998909,8.949999999998909,8.949999999998909,1,8.949999999998909,0.0,8.949999999998909,8.949999999998909,8.949999999998909,8.949999999998909,8.949999999998909,8.949999999998909,8.949999999998909,8.949999999998909,8.949999999998909,8.949999999998909,8.949999999998909,1,0.0312849162011943,0.0,0.0312849162011943,0.0312849162011943,0.0312849162011943,0.0312849162011943,0.0312849162011943,0.0312849162011943,0.0312849162011943,0.0312849162011943,0.0312849162011943,0.0312849162011943,0.0312849162011943,1,0.07000000000016371,0.0,0.07000000000016371,0.07000000000016371,0.07000000000016371,0.07000000000016371,0.07000000000016371,0.07000000000016371,0.07000000000016371,0.07000000000016371,0.07000000000016371,0.07000000000016371,0.07000000000016371,1,0.7810055865923512,0.0,0.7810055865923512,0.7810055865923512,0.7810055865923512,0.7810055865923512,0.7810055865923512,0.7810055865923512,0.7810055865923512,0.7810055865923512,0.7810055865923512,0.7810055865923512,0.7810055865923512,1,0.7301675977654359,0.0,0.7301675977654359,0.7301675977654359,0.7301675977654359,0.7301675977654359,0.7301675977654359,0.7301675977654359,0.7301675977654359,0.7301675977654359,0.7301675977654359,0.7301675977654359,0.7301675977654359,1,0.756983240223617,0.0,0.756983240223617,0.756983240223617,0.756983240223617,0.756983240223617,0.756983240223617,0.756983240223617,0.756983240223617,0.756983240223617,0.756983240223617,0.756983240223617,0.756983240223617,1,0.48938547486040707,0.0,0.48938547486040707,0.48938547486040707,0.48938547486040707,0.48938547486040707,0.48938547486040707,0.48938547486040707,0.48938547486040707,0.48938547486040707,0.48938547486040707,0.48938547486040707,0.48938547486040707,1,0.2918371742407114,0.0,0.2918371742407114,0.2918371742407114,0.2918371742407114,0.2918371742407114,0.2918371742407114,0.2918371742407114,0.2918371742407114,0.2918371742407114,0.2918371742407114,0.2918371742407114,0.2918371742407114,1,1.2032085561497325,0.0,1.2032085561497325,1.2032085561497325,1.2032085561497325,1.2032085561497325,1.2032085561497325,1.2032085561497325,1.2032085561497325,1.2032085561497325,1.2032085561497325,1.2032085561497325,1.2032085561497325
stage1:20260928T150531Z,500ms,PRIMARY,4,1.0,4,0.23749999999995453,0.07949056547769182,0.1000000000003638,0.2899999999999636,0.10540000000034525,0.12700000000027103,0.23499999999989996,0.27999999999974534,0.2824999999997999,0.2869999999998981,0.28849999999993087,0.28969999999995705,0.289969999999963,4,5.8762499999998,6.843887213236601,0.8850000000002183,17.5600000000004,0.8944500000002062,0.9322500000001582,1.1212499999999181,2.5299999999992906,7.284999999999172,13.44999999999991,15.50500000000015,17.14900000000035,17.518900000000393,4,9.779999999999745,5.415146581580342,4.515000000000327,17.5600000000004,4.527300000000296,4.576500000000169,4.822499999999536,8.522499999999127,13.479999999999336,15.927999999999976,16.744000000000185,17.396800000000358,17.543680000000396,4,0.15763545215564712,0.12331314642529374,0.005694760820066145,0.31638418079059466,0.0077778040058272945,0.016109976748871893,0.05777084046409488,0.1542314335059638,0.25409604519751605,0.2914689265533632,0.3039265536719789,0.3138926553668715,0.3161350282482223,4,0.05937499999998863,0.019872641369422954,0.02500000000009095,0.0724999999999909,0.02635000000008631,0.03175000000006776,0.05874999999997499,0.06999999999993634,0.07062499999994998,0.07174999999997453,0.07212499999998272,0.07242499999998926,0.07249249999999074,4,0.16637445176206278,0.21658048748821104,-0.09604519773910274,0.42916666666624664,-0.09290757757002824,-0.08035709689373022,-0.017604693512240116,0.16618816906055364,0.35016731433485654,0.3975669257336906,0.4133667961999686,0.426006692572991,0.42885066925692106,4,0.5588008351718031,0.31386214051472233,0.13559322033985396,0.9209844559586842,0.14313419366131952,0.17329808694718174,0.32411755337649284,0.5893128321943372,0.8239961139896473,0.8821891191710695,0.9015867875648768,0.9171049222799227,0.920596502590808,4,0.5744825437685697,0.22743724358719639,0.3069948186528162,0.9253986332573821,0.3117849740932211,0.33094559585484074,0.4267487046629388,0.5327683615820402,0.6805022006876711,0.8274400602294978,0.8764193467434398,0.9156027759545936,0.9244190475271032,4,0.810114142544694,0.10731915591360632,0.6416243654822987,0.9330865603644041,0.6465340503594142,0.6661727898678763,0.7643664874101866,0.8328728221660365,0.8786204773005439,0.91130012713886,0.922193343751632,0.9309079170418496,0.9328686960321486,4,0.1479201581633946,0.1183476607114986,0.0614035087718441,0.35196014728179803,0.062211422144543206,0.06544307563533966,0.08160134308932188,0.08915848829996814,0.15547730337404086,0.2733670097186952,0.3126635785002465,0.3441008335254877,0.351174215906167,4,0.9823010422928938,0.12663516839402897,0.8066037735849056,1.1645962732919255,0.8116739530602853,0.831954670961804,0.9333582604693971,0.979002061147372,1.0279448429708686,1.109935701163503,1.137265987227714,1.1591302160790833,1.1640496675706413
stage1:20260929T132027Z,500ms,SECONDARY,2,0.5,2,0.27999999999974534,0.010000000000218279,0.26999999999952706,0.2899999999999636,0.2701999999995314,0.2709999999995489,0.2749999999996362,0.27999999999974534,0.2849999999998545,0.28799999999992,0.2889999999999418,0.28979999999995926,0.28997999999996316,2,4.054999999999836,0.09999999999990905,3.9549999999999272,4.154999999999745,3.9569999999999252,3.964999999999918,4.004999999999882,4.054999999999836,4.104999999999791,4.1349999999997635,4.144999999999754,4.152999999999747,4.154799999999746,2,6.797500000000127,0.18749999999954525,6.610000000000582,6.984999999999673,6.613750000000573,6.628750000000537,6.703750000000355,6.797500000000127,6.8912499999999,6.9474999999997635,6.966249999999718,6.981249999999681,6.9846249999996735,2,0.06903172118334823,0.0007637060127965167,0.06826801517055171,0.06979542719614475,0.06828328929080764,0.06834438577183137,0.06864986817694997,0.06903172118334823,0.06941357418974649,0.06964268599358545,0.06971905659486509,0.06978015307588882,0.06979389978411915,2,0.06999999999993634,0.0025000000000545697,0.06749999999988177,0.0724999999999909,0.06754999999988286,0.06774999999988722,0.06874999999990905,0.06999999999993634,0.07124999999996362,0.07199999999998,0.07224999999998545,0.07244999999998981,0.07249499999999079,2,0.46872836863550793,0.2569353481784072,0.21179302045710074,0.7256637168139151,0.21693172742066888,0.23748655527494145,0.3402606945463043,0.46872836863550793,0.5971960427247115,0.6742766471782337,0.6999701819960743,0.720525009850347,0.7251498461175583,2,0.4249734908817838,0.03267505526221717,0.3922984356195667,0.457648546144001,0.39295193672481105,0.3955659411457884,0.40863596325067525,0.4249734908817838,0.44131101851289245,0.4511135350915576,0.4543810406177793,0.45699504503875665,0.4575831960334766,2,0.979475020575944,0.007287915645623921,0.9721871049303201,0.986762936221568,0.9723328632432326,0.9729158964948825,0.9758310627531321,0.979475020575944,0.983118978398756,0.9853053530924432,0.9860341446570056,0.9866171779086554,0.9867483603902767,2,0.44671475617189615,0.5117677062475774,-0.06505295007568127,0.9584824624194735,-0.054817595950729714,-0.013876179450923523,0.19083090304810743,0.44671475617189615,0.7025986092956849,0.8561289211699581,0.9073056917947158,0.948247108294522,0.9574589270069784,2,0.23062949042917402,0.0024714492495169077,0.2281580411796571,0.23310093967869092,0.22820747016464743,0.2284051861046088,0.22939376580441556,0.23062949042917402,0.23186521505393246,0.23260664982878754,0.2328537947537392,0.2330515106937006,0.23309599678019188,2,1.0218754846380507,0.014241896851791225,1.0076335877862594,1.036117381489842,1.0079184257232954,1.0090577774714387,1.014754536212155,1.0218754846380507,1.0289964330639463,1.0332690021194837,1.0346931918046627,1.035832543552806,1.0360888976961382
stage1:20260929T132027Z,500ms,MICRO,4,0.75,4,0.2400000000000091,0.042426406870939896,0.18000000000029104,0.27999999999974534,0.18120000000028993,0.18600000000028558,0.21000000000026375,0.25,0.27999999999974534,0.27999999999974534,0.27999999999974534,0.27999999999974534,0.27999999999974534,4,4.1925000000003365,1.3170302767973852,2.930000000000291,6.200000000000728,2.935100000000266,2.9555000000001654,3.0574999999996635,3.8200000000001637,4.955000000000837,5.702000000000772,5.951000000000749,6.150200000000732,6.195020000000728,4,8.179999999999609,1.180788931181613,6.459999999999127,9.360000000000582,6.49764999999913,6.648249999999143,7.401249999999209,8.449999999999363,9.228749999999764,9.307500000000255,9.333750000000418,9.35475000000055,9.359475000000579,4,0.06584403210527034,0.028016960581370362,0.029032258064559665,0.09556313993164421,0.02961503481601635,0.031946141821843084,0.04360167685097675,0.06939036521243874,0.09163272046673233,0.09399097214567946,0.09477705603866184,0.09540592315304773,0.09554741825378456,4,0.060000000000002274,0.010606601717734974,0.04500000000007276,0.06999999999993634,0.045300000000072484,0.046500000000071394,0.05250000000006594,0.0625,0.06999999999993634,0.06999999999993634,0.06999999999993634,0.06999999999993634,0.06999999999993634,4,0.5157447579614732,0.18680405699392458,0.27903225806449483,0.786689419795243,0.28354675287762837,0.30160473213016264,0.39189462839283395,0.49862867699307756,0.6224788065617168,0.7210051745018325,0.7538472971485377,0.7801209952659018,0.7860325773423088,4,0.4320892620963248,0.11280512163937491,0.29735682819385556,0.5580645161289897,0.2987774202763687,0.3044597886064215,0.3328716302566852,0.43646785203122695,0.5356854838708666,0.5491129032257405,0.5535887096773651,0.5571693548386647,0.5579749999999571,4,0.9445908292637433,0.08249067536967723,0.8032258064514483,1.0085324232080661,0.8083691203636273,0.8289423760123433,0.9318086542559234,0.9833025436977294,0.9960847187055494,1.0035533414070594,1.0060428823075627,1.0080345150279655,1.008482632390056,4,0.521143144954415,0.3164883480316036,0.01415351115951185,0.8684381075828116,0.02961031608113553,0.09143753576763027,0.40057363420010383,0.6009904805376686,0.7215599912919799,0.8096868610664789,0.8390624843246451,0.8625629829311783,0.8678505951176483,4,0.27709510214100985,0.01773741708204489,0.2561728395061197,0.30527768195923455,0.2566846030033197,0.25873165699211975,0.2689669269361201,0.2734649435493426,0.28159311875423226,0.29580385667723363,0.3005407693182341,0.30433029943103446,0.3051829437064145,4,1.1282642708465629,0.12310614328322006,0.9219143576826196,1.2301587301587302,0.9286761904082317,0.95572352131068,1.090960175822921,1.1804919977724508,1.2177960927960927,1.2252136752136753,1.2276862026862028,1.2296642246642246,1.2301092796092796
stage1:20260929T132027Z,500ms,PRIMARY,6,1.0,6,0.25833333333321207,0.019507833184388697,0.22000000000025466,0.27999999999974534,0.22150000000024192,0.227500000000191,0.2524999999998272,0.2649999999994179,0.2700000000002092,0.27500000000009095,0.27749999999991815,0.2794999999997799,0.2799499999997488,6,1.8591666666663211,0.41934886696186907,1.3350000000000364,2.6649999999999636,1.347250000000031,1.396250000000009,1.6212499999996908,1.764999999999418,1.979999999999336,2.3549999999995634,2.5099999999997635,2.6339999999999235,2.6618999999999597,6,6.189999999999752,1.2467190274212443,5.1299999999992,8.31500000000051,5.133499999999231,5.147499999999354,5.202499999999873,5.5174999999994725,7.051249999999754,7.887500000000273,8.101250000000391,8.272250000000486,8.310725000000508,6,0.14510952714550662,0.03144736643990002,0.10506566604118167,0.20224719101155744,0.10597484772512462,0.10961157446089642,0.12422181586575362,0.14093357899949344,0.15735283449997842,0.18023751955641526,0.19124235528398636,0.20004622386604323,0.20202709429700602,6,0.06458333333330302,0.004876958296097174,0.055000000000063665,0.06999999999993634,0.05537500000006048,0.05687500000004775,0.0631249999999568,0.06624999999985448,0.0675000000000523,0.06875000000002274,0.06937499999997954,0.06987499999994498,0.0699874999999372,6,-0.027170173227232766,0.4296838756976073,-0.8955696202531828,0.3325183374085913,-0.8627986439309614,-0.7317147386420761,-0.14159716419415025,0.19688099959063968,0.24473884721440664,0.2894683377586316,0.3109933375836115,0.3282133374435954,0.33208783741209175,6,0.25764624078415616,0.43237695053082553,-0.5316455696197941,0.8533007334961835,-0.5024366494877834,-0.38560096895974055,0.09455721788858779,0.32179978008387333,0.5018097126489495,0.690695310568282,0.7719980220322328,0.8370401912033935,0.8516746792669045,6,0.5046906780429373,0.2536562141328747,0.26641651031862534,0.9243697478990313,0.26764336206429773,0.27255076904698716,0.302075918417689,0.3849499834067114,0.6909924557055755,0.8504370229467518,0.8874033854228915,0.9169764754038033,0.9236304206495085,6,0.6866829867585625,0.17751384639618437,0.4470509383378043,0.9692307692307961,0.4515474593704022,0.46953354350079374,0.5644442726011967,0.6572371694857626,0.806180717650122,0.910795642126142,0.940013205678469,0.9633872565203307,0.9686464179597496,6,0.09828951153061327,0.07408785248510891,0.03694068678457968,0.22357723577211225,0.037470334059698046,0.03958892316017153,0.048061571732934086,0.051403813275582355,0.14744897496172432,0.20122756178049406,0.21240239877630315,0.22134226837295043,0.22335373903219607,6,1.0852920956655374,0.09674455141214419,0.9375,1.2065217391304348,0.9409090909090909,0.9545454545454546,1.0186363636363636,1.0838681102362204,1.1732936522745083,1.2004172676694829,1.2034695033999587,1.2059112919843396,1.2064606944158254
stage1:20261001T171601Z,500ms,SECONDARY,1,1.0,1,0.10999999999967258,0.0,0.10999999999967258,0.10999999999967258,0.10999999999967258,0.10999999999967258,0.10999999999967258,0.10999999999967258,0.10999999999967258,0.10999999999967258,0.10999999999967258,0.10999999999967258,0.10999999999967258,1,9.850000000000364,0.0,9.850000000000364,9.850000000000364,9.850000000000364,9.850000000000364,9.850000000000364,9.850000000000364,9.850000000000364,9.850000000000364,9.850000000000364,9.850000000000364,9.850000000000364,1,9.850000000000364,0.0,9.850000000000364,9.850000000000364,9.850000000000364,9.850000000000364,9.850000000000364,9.850000000000364,9.850000000000364,9.850000000000364,9.850000000000364,9.850000000000364,9.850000000000364,1,0.011167512690321678,0.0,0.011167512690321678,0.011167512690321678,0.011167512690321678,0.011167512690321678,0.011167512690321678,0.011167512690321678,0.011167512690321678,0.011167512690321678,0.011167512690321678,0.011167512690321678,0.011167512690321678,1,0.027499999999918145,0.0,0.027499999999918145,0.027499999999918145,0.027499999999918145,0.027499999999918145,0.027499999999918145,0.027499999999918145,0.027499999999918145,0.027499999999918145,0.027499999999918145,0.027499999999918145,0.027499999999918145,1,0.8137055837563484,0.0,0.8137055837563484,0.8137055837563484,0.8137055837563484,0.8137055837563484,0.8137055837563484,0.8137055837563484,0.8137055837563484,0.8137055837563484,0.8137055837563484,0.8137055837563484,0.8137055837563484,1,0.8375634517766188,0.0,0.8375634517766188,0.8375634517766188,0.8375634517766188,0.8375634517766188,0.8375634517766188,0.8375634517766188,0.8375634517766188,0.8375634517766188,0.8375634517766188,0.8375634517766188,0.8375634517766188,1,0.9243654822335164,0.0,0.9243654822335164,0.9243654822335164,0.9243654822335164,0.9243654822335164,0.9243654822335164,0.9243654822335164,0.9243654822335164,0.9243654822335164,0.9243654822335164,0.9243654822335164,0.9243654822335164,1,0.40406091370561686,0.0,0.40406091370561686,0.40406091370561686,0.40406091370561686,0.40406091370561686,0.40406091370561686,0.40406091370561686,0.40406091370561686,0.40406091370561686,0.40406091370561686,0.40406091370561686,0.40406091370561686,1,0.36095143706635086,0.0,0.36095143706635086,0.36095143706635086,0.36095143706635086,0.36095143706635086,0.36095143706635086,0.36095143706635086,0.36095143706635086,0.36095143706635086,0.36095143706635086,0.36095143706635086,0.36095143706635086,1,1.121405750798722,0.0,1.121405750798722,1.121405750798722,1.121405750798722,1.121405750798722,1.121405750798722,1.121405750798722,1.121405750798722,1.121405750798722,1.121405750798722,1.121405750798722,1.121405750798722
stage1:20261001T171601Z,500ms,MICRO,5,0.8,5,0.2500000000001819,0.04857983120620112,0.15999999999985448,0.2900000000008731,0.16319999999985157,0.17599999999983992,0.23999999999978172,0.27000000000043656,0.2899999999999636,0.2900000000005093,0.2900000000006912,0.29000000000083676,0.29000000000086945,5,6.5770000000000435,1.5625095199708559,4.900000000000546,9.210000000000036,4.907400000000525,4.9370000000004435,5.085000000000036,6.630000000000109,7.059999999999491,8.349999999999818,8.779999999999927,9.124000000000015,9.201400000000033,5,9.838000000000102,3.1341547504872596,6.774999999999636,15.450000000000728,6.78439999999966,6.821999999999752,7.010000000000218,9.659999999999854,10.295000000000073,13.388000000000467,14.419000000000596,15.243800000000702,15.429380000000725,5,0.041660978547620894,0.015445749441190298,0.0173724212812002,0.05918367346955935,0.01803729780105587,0.020696803880478547,0.03399433427759193,0.04072398190051767,0.05703048180923531,0.058322396805429735,0.05875303513749454,0.059097545803146384,0.05917506070291805,5,0.06250000000004548,0.01214495780155028,0.03999999999996362,0.07250000000021828,0.040799999999962894,0.04399999999995998,0.05999999999994543,0.06750000000010914,0.0724999999999909,0.07250000000012732,0.0725000000001728,0.07250000000020919,0.07250000000021736,5,0.2963493250358848,0.16050214273961153,0.12960339943330312,0.5806938159878418,0.13258252876209253,0.1444990460772502,0.2040816326530385,0.20846905537469865,0.3588987217305418,0.4919757782849218,0.5363347971363818,0.5718220122175498,0.5798066356108126,5,0.5600165236731784,0.1580946389823722,0.396681749622936,0.858849077090199,0.40012618071963046,0.4139039051064082,0.4827925270402969,0.5051020408163446,0.5566572237961154,0.7379723357725656,0.7984107064313822,0.8467614029584356,0.8576403096770226,5,0.8800074010864272,0.0423547621586913,0.8193877551018308,0.9433427762040134,0.8206621906089416,0.8257599326373847,0.8512486427795999,0.885369532428325,0.9006882989183667,0.9262809852897547,0.934811880746884,0.9416365971125875,0.9431721582948708,5,0.4787683677710513,0.3069257990014924,0.07605177993522441,0.9122681883023293,0.08189531759389974,0.10526946822860109,0.22214022140210782,0.47013113161730075,0.7132505175982942,0.8326611200207152,0.8724646541615222,0.9043074814741678,0.9114721176195131,5,0.24018200346985835,0.07258256651656236,0.13584841820335375,0.347760060744108,0.13872176624343008,0.15021515840373537,0.20768211920526183,0.22018004501125743,0.28943937418531085,0.32443178612058915,0.33609592343234856,0.3454272332817561,0.3475267779978728,5,1.0415713081182099,0.12270832610779564,0.8324607329842932,1.2041284403669725,0.8400084575110753,0.8701993556182038,1.021153846153846,1.039877300613497,1.110236220472441,1.16657155240916,1.1853499963880663,1.2003727515711913,1.2037528714873944
stage1:20261001T171601Z,500ms,PRIMARY,2,1.0,2,0.2199999999997999,0.03000000000020009,0.18999999999959982,0.25,0.19059999999960384,0.19299999999961984,0.20499999999969987,0.2199999999997999,0.23499999999989996,0.24399999999995997,0.24699999999997999,0.24939999999999599,0.2499399999999996,2,3.0075000000001637,0.8724999999999454,2.1350000000002183,3.880000000000109,2.152450000000217,2.222250000000213,2.571250000000191,3.0075000000001637,3.4437500000001364,3.70550000000012,3.7927500000001144,3.8625500000001103,3.878255000000109,2,6.2824999999998,0.8724999999999454,5.4099999999998545,7.154999999999745,5.427449999999854,5.497249999999849,5.846249999999827,6.2824999999998,6.718749999999773,6.980499999999756,7.067749999999751,7.137549999999746,7.153254999999746,2,0.08303254545009749,0.03406347328525354,0.04896907216484394,0.11709601873535103,0.04965034163054901,0.052375419493369296,0.06600080880747071,0.08303254545009749,0.10006428209272425,0.11028332407830033,0.11368967140682566,0.11641474926964596,0.11702789178878052,2,0.05499999999994998,0.007500000000050022,0.047499999999899956,0.0625,0.04764999999990096,0.04824999999990496,0.05124999999992497,0.05499999999994998,0.05874999999997499,0.06099999999998999,0.061749999999994996,0.062349999999998997,0.0624849999999999,2,0.1423667278300726,0.01356110722135688,0.12880562060871573,0.1559278350514295,0.12907684275314285,0.1301617313308514,0.13558617421939417,0.1423667278300726,0.14914728144075104,0.1532156136071581,0.1545717243292938,0.15565661290700236,0.15590071283698678,2,0.4272918225934135,0.10879065163312238,0.3185011709602911,0.5360824742265359,0.3206769839929536,0.32938023612360334,0.3728964967768523,0.4272918225934135,0.4816871484099747,0.5143243438999114,0.5252034090632236,0.5339066611938734,0.5358648929232697,2,0.6164622516235494,0.3226478186340169,0.2938144329895324,0.9391100702575663,0.30026738936221276,0.3260792148529341,0.4551383423065409,0.6164622516235494,0.7777861609405579,0.8745805065307629,0.9068452883941646,0.9326571138848859,0.9384647746202983,2,0.5350804279674132,0.059189442642611306,0.47589098532480184,0.5942698706100245,0.4770747741776541,0.481809929589063,0.5054857066461075,0.5350804279674132,0.5646751492887188,0.5824319820815022,0.5883509263457634,0.5930860817571723,0.5941514917247392,2,0.16418230960893596,0.09911381645827912,0.06506849315065684,0.2632961260672151,0.06705076947982243,0.07497987479648476,0.1146254013797964,0.16418230960893596,0.21373921783807553,0.24347336277555925,0.25338474442138714,0.2613138497380495,0.26309789843429854,2,1.017871485943775,0.08453815261044173,0.9333333333333333,1.1024096385542168,0.9350240963855422,0.9417871485943775,0.9756024096385543,1.017871485943775,1.0601405622489959,1.0855020080321285,1.0939558232931725,1.1007188755020079,1.102240562248996
stage1:20261002T071041Z,500ms,SECONDARY,1,1.0,1,0.21999999999934516,0.0,0.21999999999934516,0.21999999999934516,0.21999999999934516,0.21999999999934516,0.21999999999934516,0.21999999999934516,0.21999999999934516,0.21999999999934516,0.21999999999934516,0.21999999999934516,0.21999999999934516,1,5.970000000000255,0.0,5.970000000000255,5.970000000000255,5.970000000000255,5.970000000000255,5.970000000000255,5.970000000000255,5.970000000000255,5.970000000000255,5.970000000000255,5.970000000000255,5.970000000000255,1,7.6850000000004,0.0,7.6850000000004,7.6850000000004,7.6850000000004,7.6850000000004,7.6850000000004,7.6850000000004,7.6850000000004,7.6850000000004,7.6850000000004,7.6850000000004,7.6850000000004,1,0.03685092127292056,0.0,0.03685092127292056,0.03685092127292056,0.03685092127292056,0.03685092127292056,0.03685092127292056,0.03685092127292056,0.03685092127292056,0.03685092127292056,0.03685092127292056,0.03685092127292056,0.03685092127292056,1,0.05499999999983629,0.0,0.05499999999983629,0.05499999999983629,0.05499999999983629,0.05499999999983629,0.05499999999983629,0.05499999999983629,0.05499999999983629,0.05499999999983629,0.05499999999983629,0.05499999999983629,0.05499999999983629,1,0.5326633165827882,0.0,0.5326633165827882,0.5326633165827882,0.5326633165827882,0.5326633165827882,0.5326633165827882,0.5326633165827882,0.5326633165827882,0.5326633165827882,0.5326633165827882,0.5326633165827882,0.5326633165827882,1,0.9422110552763417,0.0,0.9422110552763417,0.9422110552763417,0.9422110552763417,0.9422110552763417,0.9422110552763417,0.9422110552763417,0.9422110552763417,0.9422110552763417,0.9422110552763417,0.9422110552763417,0.9422110552763417,1,0.9313232830821043,0.0,0.9313232830821043,0.9313232830821043,0.9313232830821043,0.9313232830821043,0.9313232830821043,0.9313232830821043,0.9313232830821043,0.9313232830821043,0.9313232830821043,0.9313232830821043,0.9313232830821043,1,0.9264801561482785,0.0,0.9264801561482785,0.9264801561482785,0.9264801561482785,0.9264801561482785,0.9264801561482785,0.9264801561482785,0.9264801561482785,0.9264801561482785,0.9264801561482785,0.9264801561482785,0.9264801561482785,1,0.328799526907129,0.0,0.328799526907129,0.328799526907129,0.328799526907129,0.328799526907129,0.328799526907129,0.328799526907129,0.328799526907129,0.328799526907129,0.328799526907129,0.328799526907129,0.328799526907129,1,1.1443298969072164,0.0,1.1443298969072164,1.1443298969072164,1.1443298969072164,1.1443298969072164,1.1443298969072164,1.1443298969072164,1.1443298969072164,1.1443298969072164,1.1443298969072164,1.1443298969072164,1.1443298969072164
stage1:20261002T071041Z,500ms,PRIMARY,4,1.0,4,0.2725000000000364,0.01785357107104638,0.25,0.2999999999992724,0.2506000000000131,0.2530000000000655,0.2650000000003274,0.27000000000043656,0.2775000000001455,0.2909999999996217,0.29549999999944704,0.2990999999993073,0.29990999999927587,4,2.6725000000001273,0.5796173306587823,2.290000000000873,3.675000000000182,2.2918000000008307,2.2990000000006603,2.334999999999809,2.362499999999727,2.7000000000000455,3.2850000000001276,3.480000000000154,3.636000000000176,3.671100000000181,4,5.696250000000191,1.1144189909990843,4.075000000000728,7.104999999999563,4.114600000000691,4.273000000000548,5.064999999999827,5.8025000000002365,6.4337500000006,6.836499999999979,6.970749999999771,7.078149999999605,7.102314999999567,4,0.10615763237082562,0.020994041183381707,0.07346938775521719,0.1310043668118594,0.07442320085940278,0.07823845327614513,0.09731471535985692,0.11007838745811294,0.11892130446908164,0.1261711418747483,0.12858775434330383,0.1305210443181483,0.13095603456248828,4,0.0681250000000091,0.004463392767761595,0.0625,0.0749999999998181,0.06265000000000327,0.06325000000001638,0.06625000000008185,0.06750000000010914,0.06937500000003638,0.07274999999990542,0.07387499999986176,0.07477499999982683,0.07497749999981897,4,0.3549748021186162,0.2971500406864121,-0.11353711790398216,0.7063829787235064,-0.09895205699843888,-0.04061181337626578,0.25108940473459973,0.4135266738274703,0.5174120712114868,0.6307946157186987,0.6685887972211024,0.6988241424230256,0.7056270950934583,4,0.7139742931212669,0.1864902157874112,0.4606986899562833,0.9102040816326773,0.46519351873127673,0.48317283383125037,0.5730694093311186,0.7424972004480535,0.8834020842382018,0.8994832826748871,0.9048436821537822,0.9091320017368982,0.9100968736430994,4,0.8842437630023989,0.09132619589932575,0.7510638297871608,1.0013605442177167,0.7544052773389557,0.7677710675461354,0.8346000185820339,0.8922753390023589,0.9419190834227238,0.9775839598997196,0.9894722520587181,0.998982885785917,1.0011227783745367,4,0.8284417549210265,0.17372413308428758,0.583873957367917,0.9971850809289897,0.588701296929083,0.6080106551737471,0.7045574463970674,0.8663539906935994,0.9902382992175583,0.9944063682444172,0.9957957245867034,0.9969072096605325,0.997157293802144,4,0.2827963460368752,0.06096564281673002,0.1851074986888409,0.35014272121796874,0.18810896122816873,0.20011481138548,0.2601440621720364,0.2979675821203456,0.3206198659851843,0.338333579124855,0.34423815017141185,0.34896180700865737,0.3500246297970376,4,1.1228732791560572,0.0982404945747245,0.994475138121547,1.262443438914027,0.9970827444430168,1.0075131697288964,1.0596652961582937,1.117287269794327,1.1804952527920904,1.2296641644652526,1.2460538016896399,1.2591655114691496,1.2621156461695393
stage1:20261002T071041Z,500ms,MICRO,1,0.0,1,0.2899999999999636,0.0,0.2899999999999636,0.2899999999999636,0.2899999999999636,0.2899999999999636,0.2899999999999636,0.2899999999999636,0.2899999999999636,0.2899999999999636,0.2899999999999636,0.2899999999999636,0.2899999999999636,1,4.425000000001091,0.0,4.425000000001091,4.425000000001091,4.425000000001091,4.425000000001091,4.425000000001091,4.425000000001091,4.425000000001091,4.425000000001091,4.425000000001091,4.425000000001091,4.425000000001091,1,8.225000000000364,0.0,8.225000000000364,8.225000000000364,8.225000000000364,8.225000000000364,8.225000000000364,8.225000000000364,8.225000000000364,8.225000000000364,8.225000000000364,8.225000000000364,8.225000000000364,1,0.06553672316381742,0.0,0.06553672316381742,0.06553672316381742,0.06553672316381742,0.06553672316381742,0.06553672316381742,0.06553672316381742,0.06553672316381742,0.06553672316381742,0.06553672316381742,0.06553672316381742,0.06553672316381742,1,0.0724999999999909,0.0,0.0724999999999909,0.0724999999999909,0.0724999999999909,0.0724999999999909,0.0724999999999909,0.0724999999999909,0.0724999999999909,0.0724999999999909,0.0724999999999909,0.0724999999999909,0.0724999999999909,1,0.6056497175140407,0.0,0.6056497175140407,0.6056497175140407,0.6056497175140407,0.6056497175140407,0.6056497175140407,0.6056497175140407,0.6056497175140407,0.6056497175140407,0.6056497175140407,0.6056497175140407,0.6056497175140407,1,0.9231638418078957,0.0,0.9231638418078957,0.9231638418078957,0.9231638418078957,0.9231638418078957,0.9231638418078957,0.9231638418078957,0.9231638418078957,0.9231638418078957,0.9231638418078957,0.9231638418078957,0.9231638418078957,1,0.5604519774010986,0.0,0.5604519774010986,0.5604519774010986,0.5604519774010986,0.5604519774010986,0.5604519774010986,0.5604519774010986,0.5604519774010986,0.5604519774010986,0.5604519774010986,0.5604519774010986,0.5604519774010986,1,0.10455927051678347,0.0,0.10455927051678347,0.10455927051678347,0.10455927051678347,0.10455927051678347,0.10455927051678347,0.10455927051678347,0.10455927051678347,0.10455927051678347,0.10455927051678347,0.10455927051678347,0.10455927051678347,1,0.14410226612431257,0.0,0.14410226612431257,0.14410226612431257,0.14410226612431257,0.14410226612431257,0.14410226612431257,0.14410226612431257,0.14410226612431257,0.14410226612431257,0.14410226612431257,0.14410226612431257,0.14410226612431257,1,1.3647058823529412,0.0,1.3647058823529412,1.3647058823529412,1.3647058823529412,1.3647058823529412,1.3647058823529412,1.3647058823529412,1.3647058823529412,1.3647058823529412,1.3647058823529412,1.3647058823529412,1.3647058823529412
stage1:20261002T071041Z,500ms,BURST,1,0.0,1,0.27000000000043656,0.0,0.27000000000043656,0.27000000000043656,0.27000000000043656,0.27000000000043656,0.27000000000043656,0.27000000000043656,0.27000000000043656,0.27000000000043656,0.27000000000043656,0.27000000000043656,0.27000000000043656,1,4.164999999999964,0.0,4.164999999999964,4.164999999999964,4.164999999999964,4.164999999999964,4.164999999999964,4.164999999999964,4.164999999999964,4.164999999999964,4.164999999999964,4.164999999999964,4.164999999999964,1,5.109999999999673,0.0,5.109999999999673,5.109999999999673,5.109999999999673,5.109999999999673,5.109999999999673,5.109999999999673,5.109999999999673,5.109999999999673,5.109999999999673,5.109999999999673,5.109999999999673,1,0.06482593037225425,0.0,0.06482593037225425,0.06482593037225425,0.06482593037225425,0.06482593037225425,0.06482593037225425,0.06482593037225425,0.06482593037225425,0.06482593037225425,0.06482593037225425,0.06482593037225425,0.06482593037225425,1,0.06750000000010914,0.0,0.06750000000010914,0.06750000000010914,0.06750000000010914,0.06750000000010914,0.06750000000010914,0.06750000000010914,0.06750000000010914,0.06750000000010914,0.06750000000010914,0.06750000000010914,0.06750000000010914,1,0.45738295318121536,0.0,0.45738295318121536,0.45738295318121536,0.45738295318121536,0.45738295318121536,0.45738295318121536,0.45738295318121536,0.45738295318121536,0.45738295318121536,0.45738295318121536,0.45738295318121536,0.45738295318121536,1,0.5882352941176086,0.0,0.5882352941176086,0.5882352941176086,0.5882352941176086,0.5882352941176086,0.5882352941176086,0.5882352941176086,0.5882352941176086,0.5882352941176086,0.5882352941176086,0.5882352941176086,0.5882352941176086,1,0.9819927971188911,0.0,0.9819927971188911,0.9819927971188911,0.9819927971188911,0.9819927971188911,0.9819927971188911,0.9819927971188911,0.9819927971188911,0.9819927971188911,0.9819927971188911,0.9819927971188911,0.9819927971188911,1,-0.058708414872837796,0.0,-0.058708414872837796,-0.058708414872837796,-0.058708414872837796,-0.058708414872837796,-0.058708414872837796,-0.058708414872837796,-0.058708414872837796,-0.058708414872837796,-0.058708414872837796,-0.058708414872837796,-0.058708414872837796,1,0.37047101449267644,0.0,0.37047101449267644,0.37047101449267644,0.37047101449267644,0.37047101449267644,0.37047101449267644,0.37047101449267644,0.37047101449267644,0.37047101449267644,0.37047101449267644,0.37047101449267644,0.37047101449267644,1,1.2923076923076924,0.0,1.2923076923076924,1.2923076923076924,1.2923076923076924,1.2923076923076924,1.2923076923076924,1.2923076923076924,1.2923076923076924,1.2923076923076924,1.2923076923076924,1.2923076923076924,1.2923076923076924
stage1:20261002T132739Z,500ms,SECONDARY,3,0.0,3,0.2700000000001334,0.01632993161853967,0.25,0.2899999999999636,0.2504000000000087,0.25200000000004363,0.2600000000002183,0.27000000000043656,0.2800000000002001,0.2860000000000582,0.2880000000000109,0.2895999999999731,0.2899599999999646,3,4.218333333333551,0.6516687979500773,3.3300000000008367,4.875,3.3524000000008165,3.4420000000007347,3.8900000000003274,4.449999999999818,4.662499999999909,4.789999999999964,4.832499999999982,4.866499999999997,4.874149999999999,3,7.535000000000157,1.3708634748460011,5.9650000000001455,9.305000000000291,5.992400000000143,6.102000000000134,6.650000000000091,7.335000000000036,8.320000000000164,8.91100000000024,9.108000000000265,9.265600000000285,9.301060000000291,3,0.06558267861642167,0.011041892647727541,0.05617977528090117,0.0810810810811918,0.05624592336502659,0.056510515701528256,0.0578334773840366,0.059487179487172026,0.07028413028418191,0.07676230076238785,0.07892169092178983,0.0806492030493114,0.08103789327800376,3,0.06750000000003335,0.0040824829046349174,0.0625,0.0724999999999909,0.06260000000000218,0.06300000000001091,0.06500000000005457,0.06750000000010914,0.07000000000005002,0.07150000000001455,0.07200000000000273,0.07239999999999328,0.07248999999999114,3,0.586162532454789,0.061204598834721506,0.5202247191012593,0.6676923076925166,0.5212316361306459,0.5252593042481926,0.5453976448359252,0.5705705705705911,0.6191314391315539,0.6482679602681315,0.6579801339803241,0.6657498729500781,0.6674980642182727,3,0.6988958535026014,0.19576488657985242,0.4235897435898481,0.8618618618616125,0.431342667819178,0.46235436473649766,0.6174128493230959,0.8112359550563437,0.8365489084589781,0.8517366805005587,0.8567992711810857,0.8608493437255071,0.861760610048002,3,0.8162415137696324,0.1355271944769411,0.6516516516515097,0.9835897435897585,0.6548882815398321,0.6678348010931217,0.7325673988595693,0.8134831460676288,0.8985364448286937,0.9495684240853326,0.9665790838375455,0.9801876116393159,0.9832495303947142,3,0.41431959804847224,0.11915267660962632,0.2733469665985139,0.5647501343363723,0.2759772611307542,0.2864984392597155,0.33910432990452216,0.40486169321053045,0.4848059137734514,0.532772446111204,0.5487612902237882,0.5615523655138555,0.5644303574541206,3,0.1773862890537307,0.033625530435547675,0.1342821782178426,0.21633205504169173,0.1352274273315189,0.13900842378622413,0.1579134060597502,0.18154463390165781,0.19893834447167477,0.20937457081368493,0.21285331292768833,0.21563630661889105,0.21626248019941166,3,1.1469399029346905,0.10488052384801407,1.0583941605839415,1.2942643391521198,1.0589895015536228,1.0613708654323484,1.073277684825976,1.0881612090680102,1.191212774110065,1.2530437131352978,1.2736540261437088,1.2901422765504376,1.2938521328919517
stage1:20261002T132739Z,500ms,MICRO,8,0.625,8,0.2537499999998545,0.03497767144902585,0.18999999999959982,0.2999999999992724,0.1913999999996304,0.19699999999975262,0.2400000000000091,0.2600000000002183,0.2749999999996362,0.29299999999975623,0.2964999999995143,0.2992999999993208,0.2999299999992772,8,5.520624999999768,1.6318422057217268,3.0450000000009823,8.784999999999854,3.092600000000812,3.283000000000129,4.7449999999996635,5.622499999999945,5.952499999999418,7.1959999999995485,7.990499999999701,8.626099999999823,8.769109999999852,8,11.953124999999659,2.914044587746659,9.470000000000255,18.585000000000036,9.491350000000212,9.576750000000038,9.917499999999336,10.4724999999994,13.326249999999845,15.1479999999995,16.866499999999768,18.24129999999998,18.550630000000034,8,0.050047811928531125,0.015788292839050075,0.02390438247012406,0.0853858784893709,0.025346962113178426,0.031117280685395887,0.044952970628223475,0.04917226816250589,0.05128717951698425,0.06210577223481938,0.07374582536209513,0.08305786786391574,0.0851530774268254,8,0.06343749999996362,0.008744417862256463,0.047499999999899956,0.0749999999998181,0.0478499999999076,0.049249999999938156,0.060000000000002274,0.06500000000005457,0.06874999999990905,0.07324999999993906,0.07412499999987858,0.0748249999998302,0.0749824999998193,8,0.4144106311454208,0.32108290731722205,0.052954719877110666,0.9556907037358637,0.06005418250440576,0.08845203301358612,0.17406188393375632,0.3173844712072923,0.5405019267194099,0.9337191633119961,0.9447049335239299,0.953493549693477,0.955470988331625,8,0.48044857023711274,0.2551660091086421,0.12643678160892763,0.8941377347751501,0.13203747320481576,0.15444023958836825,0.3261129663415647,0.43444509880521454,0.6236882827991332,0.845836948847952,0.869987341811551,0.8893076561824304,0.8936547269158782,8,0.8840596558979255,0.09757226803336493,0.7516778523490916,1.0373647984268453,0.7521022970380252,0.7538000757937596,0.7954301241178785,0.9011848669350366,0.9451708757189399,0.9990672018870714,1.0182160001569582,1.033535038772868,1.0369818224614475,8,0.36445985950820026,0.35845500931965,-0.23071297989030443,0.9607210115684438,-0.21813520083674975,-0.16782408462253104,0.1410080848809803,0.4208944971290355,0.5699121198453807,0.7397252548771552,0.8502231332227994,0.9386214358993149,0.958511054001531,8,0.2052684633086181,0.057383567010533765,0.12394864984511103,0.294362171992664,0.12539960044357054,0.13120340283740853,0.16472289897088643,0.19469414323053286,0.25266710783456936,0.27886010927259763,0.2866111406326308,0.2928119657206574,0.2942071513654634,8,1.0536159990886156,0.09891126610932531,0.9409368635437881,1.2724458204334366,0.9434433761189788,0.9534694264197413,0.9777746679558292,1.0318658706236958,1.0867378048780487,1.1670995997885676,1.219772710111002,1.2619111983689497,1.271392358226988
stage1:20261002T132739Z,500ms,PRIMARY,8,1.0,8,0.2599999999999909,0.023452078798901915,0.22000000000025466,0.2999999999992724,0.22210000000023683,0.23050000000016552,0.25,0.25500000000010914,0.2675000000001546,0.29299999999975623,0.2964999999995143,0.2992999999993208,0.2999299999992772,8,3.5856249999998226,0.8339868010794294,2.615000000000691,4.725000000000364,2.625500000000602,2.6675000000002456,2.768750000000182,3.3974999999995816,4.438749999999118,4.668999999999778,4.697000000000071,4.719400000000305,4.724440000000358,8,7.513749999999959,2.659232443300034,5.069999999999709,14.034999999999854,5.093799999999783,5.189000000000078,6.122499999999945,6.702500000000327,7.6274999999993724,10.153499999999802,12.094249999999827,13.646849999999848,13.996184999999857,8,0.07575954974416046,0.014953215533240881,0.05382131324004854,0.09560229445504165,0.05390567316509993,0.0542431128653055,0.06352778080468452,0.08010558245354107,0.08435880275313026,0.09438465945569087,0.09499347695536627,0.09548053095510657,0.09559011810504814,8,0.06499999999999773,0.005863019699725479,0.055000000000063665,0.0749999999998181,0.05552500000005921,0.05762500000004138,0.0625,0.06375000000002728,0.06687500000003865,0.07324999999993906,0.07412499999987858,0.0748249999998302,0.0749824999998193,8,0.25033822738998623,0.22993298332411857,-0.15217391304350542,0.6558317399616413,-0.14025820122431845,-0.09259535394757061,0.1489570798234873,0.2778369040591565,0.329656541878757,0.5045979658315477,0.5802148528965945,0.640708362548632,0.6543194022203405,8,0.5088159119996699,0.13626986396170743,0.31227436823124727,0.7227513227512594,0.3191161096810495,0.3464830754802583,0.4280006704725857,0.4609419838266503,0.5965606303582796,0.7147286226319006,0.71873997269158,0.7219490527393235,0.7226710957500658,8,0.7314051902055538,0.2962807736111981,0.22202166064970572,1.0506329113925341,0.22986687209301954,0.2612477178662748,0.5151683869245202,0.8554832427633545,0.9588214868572345,1.0287382605146271,1.0396855859535807,1.0484434463047434,1.0504139648837552,8,0.7380868643733752,0.13630619195170868,0.5304595653723332,0.9063116370809701,0.5336224033605659,0.5462737553134969,0.6444626176807269,0.7287138587017616,0.8791923322940647,0.8968472804033061,0.9015794587421381,0.9053652014132036,0.9062169935141934,8,0.17329129421524037,0.10153997525045932,0.026445925607369164,0.35562805872761544,0.03040813516070315,0.0462569733740391,0.10147370638864547,0.16456661099100572,0.22631036974688568,0.29853577234521583,0.32708191553641563,0.34991883008937547,0.35505713586379145,8,1.0528945715150122,0.0678214283088084,0.9230769230769231,1.1432038834951457,0.9275754625121714,0.9455696202531646,1.024108170310702,1.057347972972973,1.1007927452518482,1.131249453336832,1.1372266684159889,1.1420084404793143,1.1430843391935626
stage1:20261005T132049Z,500ms,PRIMARY,4,1.0,4,0.27500000000009095,0.01658312395172764,0.25,0.2899999999999636,0.2506000000000131,0.2530000000000655,0.2650000000003274,0.2800000000002001,0.2899999999999636,0.2899999999999636,0.2899999999999636,0.2899999999999636,0.2899999999999636,4,2.158750000000282,0.6560904567973084,1.5300000000006548,3.2600000000011278,1.5408000000006177,1.5840000000004693,1.7999999999997272,1.9224999999996726,2.2812500000002274,2.868500000000768,3.064250000000947,3.2208500000010916,3.256085000001124,4,5.3575000000003,1.0374999999996992,4.335000000000036,6.690000000000509,4.335600000000077,4.338000000000238,4.350000000001046,5.202500000000327,6.209999999999582,6.498000000000139,6.594000000000324,6.670800000000472,6.688080000000506,4,0.13651009290831856,0.031685790582910295,0.08895705521468199,0.17647058823550393,0.09025659752649672,0.09545476677375564,0.12144561301005026,0.14030636409154415,0.15537084398981243,0.16803069053722736,0.17225063938636562,0.17562659846567627,0.17638618925852118,4,0.06875000000002274,0.00414578098793191,0.0625,0.0724999999999909,0.06265000000000327,0.06325000000001638,0.06625000000008185,0.07000000000005002,0.0724999999999909,0.0724999999999909,0.0724999999999909,0.0724999999999909,0.0724999999999909,4,0.26553714458732675,0.07978804714217622,0.1601307189541085,0.36196319018401313,0.16192526285863573,0.16910343847674467,0.20499431656728942,0.2700273346055927,0.33057016262563,0.3494059791606599,0.3556845846723365,0.3607074690816778,0.36183761807377957,4,0.30626896293628314,0.32136031376147195,-0.11764705882331049,0.7730061349691917,-0.10813725490174528,-0.07009803921548445,0.12009803921581969,0.28485838779962563,0.47102931152008903,0.6522154055895507,0.712610770279371,0.7609270620312275,0.7717982276753952,4,0.6299034187933041,0.2562468729758034,0.30179028133000896,0.9391534391540172,0.3067561807332428,0.32661977834617817,0.4259377664108549,0.6393349773445953,0.8433006297270444,0.9008123153832281,0.9199828772686226,0.9353193267769382,0.9387700279163093,4,0.7835415009560083,0.17475161603816475,0.5528925619835796,0.9529276693451938,0.5565748434200367,0.5713039691658653,0.6449495978950084,0.8141728862476298,0.9527647893086297,0.9528625173305681,0.9528950933378809,0.9529211541437312,0.9529270178250475,4,0.13601528877991506,0.1003171517451299,0.050905953408130346,0.3031518624640312,0.05135118859899029,0.053132129362430044,0.06203683317962883,0.09500166962374937,0.1689801252240356,0.249483167568033,0.276317515016032,0.29778499297443134,0.30261517551507117,4,1.0990460415375445,0.14810214138998712,0.9595588235294118,1.3481781376518218,0.9617969035440264,0.9707492236024845,1.0155108238947752,1.044223602484472,1.1277588201272413,1.2600104106419896,1.3040942741469055,1.3393613649508385,1.3472964603817235
historical_first80,1s,BURST,12,0.25,12,0.2458333333331666,0.02019006906602587,0.21000000000003638,0.27999999999974534,0.21109999999996035,0.21549999999965622,0.23749999999972715,0.24499999999989086,0.25250000000005457,0.27799999999979264,0.27999999999974534,0.27999999999974534,0.27999999999974534,12,4.607083333333473,0.4791635869468761,4.014999999999418,5.650000000000546,4.016099999999542,4.020500000000038,4.119999999999891,4.595000000000255,4.864999999999782,5.096000000001277,5.350250000001005,5.590050000000638,5.644005000000555,12,6.104166666666515,1.3526468394311042,4.4999999999990905,8.930000000000291,4.501099999999215,4.505499999999711,5.047499999999218,5.885000000000218,6.847500000000309,7.867499999999654,8.38549999999991,8.821100000000216,8.919110000000284,12,0.05414145221947061,0.008546195794092715,0.04113614103819383,0.06820950060895861,0.0414366889536887,0.04263888061566817,0.047531291511467434,0.05331526785542379,0.06209114321516862,0.06449262470709458,0.06631071363023082,0.06782974321321306,0.06817152486938406,12,0.06145833333329165,0.0050475172665064676,0.052500000000009095,0.06999999999993634,0.05277499999999009,0.053874999999914054,0.05937499999993179,0.061249999999972715,0.06312500000001364,0.06949999999994816,0.06999999999993634,0.06999999999993634,0.06999999999993634,12,0.4064550731033498,0.10340814908309545,0.15317559153172375,0.5333998005982068,0.17035794515996078,0.23908735967290892,0.3419515747815194,0.4285955074851693,0.48799731987495293,0.49760255561985034,0.5141732124498596,0.5295544829685374,0.5330152688352399,12,0.6943892505082027,0.18925382561256948,0.4149068322983244,1.0,0.4223243280049668,0.4519943108315361,0.5587942477875905,0.6463090449411478,0.8339837527876701,0.9903805496828951,1.0,1.0,1.0,12,0.8790298037025445,0.15161923826067034,0.5491905354919668,1.0937880633374566,0.5618256098885429,0.6123659074748474,0.7935925764931481,0.944723821937298,0.9840514408102878,0.9968226065968938,1.040871295168493,1.083204709703664,1.0927297279740773,11,0.44011268969378553,0.35909089303996583,-0.26070528967252055,0.9988801791713082,-0.23363019449523403,-0.12532981378608796,0.2408365821686681,0.40222222222239246,0.7188727188726651,0.802230483271397,0.9005553312213526,0.9792152095813171,0.9969136822123091,12,0.44197039486366396,0.11867396793848273,0.2577440093510749,0.584585238406268,0.2609403916727276,0.27372592095933845,0.34081453638980663,0.4468489590194127,0.5600759730085857,0.5749796097620865,0.57973002394936,0.5836141955148864,0.5844881341171299,12,1.3089239984500058,0.08875777889162975,1.2018927444794953,1.5,1.2019317335979869,1.2020876900719528,1.2438796195228443,1.2731172143414202,1.3739202657807308,1.4087277701778387,1.451470588235294,1.490294117647059,1.499029411764706
historical_first80,1s,PRIMARY,69,1.0,69,0.2552173913043563,0.03932800365455919,0.1000000000003638,0.2999999999992724,0.1136000000000422,0.18000000000029104,0.23999999999978172,0.2600000000002183,0.2899999999999636,0.2899999999999636,0.2900000000008731,0.2999999999992724,0.2999999999992724,69,3.1782608695652597,2.0595067346134486,1.2000000000007276,13.920000000000073,1.2510000000006039,1.4309999999995853,1.9099999999998545,2.639999999999418,3.8299999999999272,5.3179999999996665,7.068000000000389,10.669600000000214,13.5949600000001,69,7.551521739130386,5.8501782646162095,3.5200000000004366,40.49499999999989,3.5676000000002386,3.832999999999811,4.949999999999818,5.949999999999818,7.864999999999782,9.842000000000192,16.473999999999787,35.37119999999994,39.98261999999992,69,0.10450429652155137,0.04931304806123732,0.02155172413787865,0.22500000000022738,0.024752131592880925,0.028924955809069862,0.06201550387614935,0.0982456140353363,0.14285714285714285,0.17090324654446765,0.18636861313876515,0.21336200716856163,0.22383620071706084,69,0.06380434782608907,0.009832000913639798,0.02500000000009095,0.0749999999998181,0.02840000000001055,0.04500000000007276,0.05999999999994543,0.06500000000005457,0.0724999999999909,0.0724999999999909,0.07250000000021828,0.0749999999998181,0.0749999999998181,69,0.2827027329432151,0.24456630877941254,-0.3055954088953605,0.8351409978307761,-0.23287470593075354,-0.08809016436807228,0.12359550561794691,0.2477650063857634,0.4455445544557368,0.615625384622359,0.6902308063439593,0.7764278116135223,0.8292696792090509,69,0.48197218310136236,0.2913301066145025,-0.6642754662841098,1.0,-0.41260635360431,-0.03044003451244147,0.3498349834989165,0.48235294117609295,0.6708333333324112,0.8039830508468108,0.923937561430697,0.9979821958460197,0.999798219584602,69,0.7438734375797964,0.22316405089646413,0.2672605790643579,1.1250000000009281,0.27682362170731556,0.3084429837160919,0.5875370919881786,0.7957446808510482,0.9103942652335965,1.0170146726863019,1.034484377821927,1.103960396039446,1.12289603960478,69,0.7389698344655414,0.18432333377915622,0.22629254351777542,0.9855394883204446,0.25768960879085634,0.40946890828679794,0.6545454545454229,0.7687894434883094,0.8871060171920193,0.9631427504899245,0.9739993441801374,0.9817849886693735,0.9851640383553375,69,0.22528652652556702,0.09761437617179168,0.05304600082879728,0.5114795918367531,0.057037147108770586,0.06498946259215145,0.17702845100094175,0.22633002705125035,0.2807609696224615,0.3560506258203765,0.3812188252162394,0.4637189583946814,0.5067035284925461,69,1.0208406894363424,0.1666813073047314,0.47368421052631576,1.4035087719298245,0.5621449851042701,0.7095238095238097,0.9288256227758007,1.0263157894736843,1.139240506329114,1.2268918596323704,1.2483850652271704,1.3335983314930675,1.3965177278861491
historical_first80,1s,SECONDARY,42,0.40476190476190477,42,0.2557142857142805,0.03259731636202653,0.1500000000005457,0.2999999999992724,0.15820000000035178,0.19149999999963258,0.23999999999978172,0.2600000000002183,0.27999999999974534,0.2899999999999636,0.2899999999999636,0.29589999999955574,0.29958999999930075,42,5.1689285714285775,3.2594230675063707,2.244999999999891,22.774999999999636,2.298299999999563,2.4077499999997145,3.3687500000003183,4.857500000000073,5.477500000000191,6.902499999998872,9.576000000000109,17.39374999999959,22.236874999999678,42,10.616904761904802,8.40415677708275,4.735000000000582,53.19000000000051,4.95025000000006,5.315500000000293,5.973750000000109,7.750000000000455,10.513750000000073,18.73350000000082,24.670499999998984,41.69565000000009,52.04056500000057,42,0.060060539812075646,0.025176848671156077,0.012733260153675884,0.1336302895319764,0.01938521036329817,0.02912460521154167,0.04633520302013024,0.05399132036378107,0.06790890269154981,0.09659185700120694,0.10394973136909608,0.12550853749050678,0.1328181143278295,42,0.06392857142857013,0.008149329090506632,0.037500000000136424,0.0749999999998181,0.039550000000087945,0.047874999999908144,0.05999999999994543,0.06500000000005457,0.06999999999993634,0.0724999999999909,0.0724999999999909,0.07397499999988894,0.07489749999982519,42,0.4570511680744612,0.21840481167541365,0.09533678756477797,0.963070238957387,0.10995630700243753,0.13798707080229514,0.2886037910309134,0.41497261173808453,0.6305601642161209,0.7097024975223134,0.8368390575079786,0.9432565763909911,0.9610888727007476,42,0.6597054259212278,0.17037694580372942,0.28654970760241816,0.936037441497965,0.31223893066002284,0.4310879755667268,0.5142550904878,0.6586897814187175,0.8133493241612532,0.8703032460171817,0.9102660092955529,0.9329763761980202,0.9357313349679706,42,0.8446245346657816,0.24572397415496405,0.13603322949111898,1.6541666666664794,0.1904746591632025,0.3966737097303241,0.7408050533245805,0.9052335012377473,0.9594445295237466,1.0295569081949787,1.0691139764541318,1.4346543466222712,1.6322154346620605,42,0.4740966027495828,0.43267295911816367,-0.3927083333333639,1.006235218232657,-0.3560819587534928,-0.3010052517011132,0.12655223715464095,0.5572319784538535,0.8821747676075905,0.9846166576368306,0.9990257668049304,1.004751141442492,1.0060868105536405,42,0.2843212773499333,0.11625998972489152,0.03890703890701949,0.593116164720107,0.046092850472070006,0.13755681561514507,0.2046532857335348,0.27227158976935295,0.3392439945462094,0.4265181022186631,0.5057258137224794,0.5658782123588928,0.5903923694839858,42,1.090309518584535,0.1937660440249971,0.7443609022556391,1.657258064516129,0.762047932330827,0.8168018406672418,0.9833925492907212,1.038108280254777,1.161902978085784,1.2857743321501962,1.4772278708133966,1.6546461633899598,1.6569968744035122
historical_first80,1s,MICRO,33,0.45454545454545453,33,0.25545454545449914,0.037666069377801495,0.1499999999996362,0.2899999999999636,0.1499999999996362,0.16199999999989814,0.25,0.2600000000002183,0.27999999999974534,0.2899999999999636,0.2899999999999636,0.2899999999999636,0.2899999999999636,33,5.960606060606082,3.6117398555551703,2.084999999999127,15.905000000000655,2.2929999999995925,2.906000000000495,3.3350000000000364,4.600000000000364,6.9299999999993815,9.999000000000708,15.632999999999447,15.831400000000212,15.89764000000061,33,13.903484848484863,9.201593199076248,6.309999999999491,53.19000000000051,6.543599999999642,7.334000000000378,8.730000000000473,9.590000000000146,15.674999999999272,24.905000000000292,28.47499999999945,45.55960000000013,52.42696000000047,33,0.05524240583436668,0.025333647433703043,0.015379685998063981,0.12470023980831038,0.015766001470713727,0.01719748486703182,0.03751803751807237,0.05601317957169058,0.0729729729728308,0.08424610402761287,0.09121787978973502,0.11552463989083481,0.12378267981656282,33,0.06386363636362478,0.009416517344450374,0.03749999999990905,0.0724999999999909,0.03749999999990905,0.040499999999974536,0.0625,0.06500000000005457,0.06999999999993634,0.0724999999999909,0.0724999999999909,0.0724999999999909,0.0724999999999909,33,0.3240067964038843,0.19401581469510093,0.07520000000004075,0.8899312070044764,0.07976219808307608,0.09695593196145391,0.18649193548408963,0.286423841059489,0.40685714285687674,0.6221160178033317,0.6975781203850784,0.8382396405161137,0.8847620503556402,33,0.47474692293045434,0.3259130989054414,-0.24661654135341246,1.0,-0.206957853592502,-0.07750067619502579,0.266304347826145,0.5146641438031069,0.7180327868855841,0.8763074999999663,0.9455083077768144,0.9908571428571429,0.9990857142857142,33,0.8865095762982791,0.1550958108769423,0.45038167938940676,1.1993410214169693,0.503682313388197,0.6236303161062692,0.817091454272691,0.9176029962545885,0.9736842105261784,1.0629560655737342,1.0873888718576825,1.1676947517063865,1.196176394445911,31,0.5304008226083146,0.32969756967178876,-0.24942675159237893,0.9784828592268364,-0.20457018187106632,-0.058665757657710656,0.32329351995264954,0.5972660357518186,0.7980542629167484,0.8883636363636469,0.9637701884048886,0.9767644936616867,0.9783110226703214,33,0.2742388870379628,0.09982448123821842,0.12742980561556186,0.6008080808079806,0.12880037409332343,0.13319373418972685,0.21547646739552317,0.2611940298507238,0.3118773946359669,0.39961521497756153,0.42170505507893935,0.5516278247269366,0.5958900551998763,33,1.0294457630463179,0.1526441859569431,0.788961038961039,1.3529411764705883,0.7901722629701905,0.8324210262410162,0.8983666061705989,1.0149700598802396,1.0757575757575757,1.2743793911007026,1.2943522277609332,1.3370491803278688,1.3513519768563165
current7d,1s,MICRO,19,0.5789473684210527,19,0.2573684210525052,0.03809159394263074,0.1499999999996362,0.2899999999999636,0.1517999999996755,0.15899999999983266,0.2549999999996544,0.27000000000043656,0.27999999999974534,0.2899999999999636,0.2899999999999636,0.2899999999999636,0.2899999999999636,19,4.841052631578973,1.832375923096999,2.5900000000001455,9.199999999999818,2.6512000000001716,2.8960000000002766,3.2100000000000364,4.385000000000218,5.742499999999836,7.171000000000276,8.223499999999783,9.004699999999811,9.180469999999817,19,9.297894736842242,1.9565976886513554,6.414999999999054,14.950000000000728,6.479799999999322,6.739000000000397,8.210000000000036,8.905000000000655,10.432500000000346,11.364999999999782,11.723499999999868,14.304700000000558,14.885470000000709,19,0.06193032609750615,0.02573692983599263,0.017391304347810613,0.11196911196909164,0.02024977899220161,0.03168367756976559,0.04256272923092885,0.057649667405608916,0.08543640647701668,0.09276342163712176,0.09720373713538892,0.1090160370023511,0.11167380447241756,19,0.0643421052631263,0.009522898485657684,0.03749999999990905,0.0724999999999909,0.037949999999918875,0.039749999999958166,0.0637499999999136,0.06750000000010914,0.06999999999993634,0.0724999999999909,0.0724999999999909,0.0724999999999909,0.0724999999999909,19,0.34921777252389286,0.1665316271618657,0.11694915254215811,0.786689419795243,0.12134422538820458,0.13892451677239048,0.24890722534298007,0.3130841121495188,0.414272629057158,0.5641174943859013,0.6511460061998613,0.7595807370761668,0.7839785515233353,19,0.4563222001440468,0.2230143714767315,-0.07374890254610961,0.8505434782608666,-0.06733124294499926,-0.04166060454055788,0.35703892159067213,0.48579040852568733,0.6086081297653995,0.6387777091157723,0.7246916535255383,0.825373113313801,0.8480264417661599,19,0.8882416945181534,0.11673649255113219,0.7194982896236233,1.1086448598131016,0.720100957041949,0.7225116267152516,0.8070985203209532,0.852173913043511,0.9606047572366694,1.0633575615757516,1.0753696054349604,1.1019898089374733,1.1079793547255388,19,0.5540073154358539,0.2511774726552095,0.010558732951956327,0.9452214452212089,0.045751618964528826,0.18652316301481883,0.3716378298571701,0.5303030303031655,0.728097086948279,0.8793102227884537,0.8969030969030047,0.935557775557568,0.9442550782548448,19,0.27652440276387497,0.08762070833970052,0.16223819943733045,0.3910177173466359,0.16230086026178261,0.16255150355959122,0.20521404645996125,0.24950099800391304,0.37208142446212045,0.38688410970056925,0.38908550098925,0.3906312740751587,0.39097907301948814,19,1.066961214123492,0.1397014028280924,0.8064516129032258,1.3032069970845481,0.8103029808084932,0.825708452429563,0.9639653110047847,1.080536912751678,1.1867085661080075,1.2404537677387815,1.26395501122087,1.2953565999118126,1.3024219573672746
current7d,1s,PRIMARY,78,1.0,78,0.25974358974353423,0.037790731429543443,0.09000000000014552,0.2999999999992724,0.1516000000000895,0.18849999999970352,0.25,0.27000000000043656,0.28000000000065484,0.29299999999975623,0.2999999999992724,0.2999999999992724,0.2999999999992724,78,3.5219871794871813,4.6584766506834825,0.7299999999995634,42.17999999999938,1.126550000000516,1.4247499999998126,2.0075000000006185,2.7049999999999272,3.613750000000209,5.197499999999489,6.064500000000588,16.954800000000045,39.657479999999495,78,7.293141025641011,5.5847874364992185,3.6049999999995634,48.89499999999862,3.8321500000003197,4.003000000000202,5.039999999999964,5.887499999999363,7.4275000000002365,11.325999999999746,13.40275000000001,27.4620499999994,46.751704999998736,78,0.10649396546568689,0.055819643482629154,0.004030346135611078,0.35616438356215585,0.011997267151144164,0.038407139302034016,0.06674731088355479,0.09847213673186425,0.13842245989290683,0.16949283280878313,0.2020569701313171,0.26127523793803403,0.34667546899974383,78,0.06493589743588356,0.009447682857385861,0.02250000000003638,0.0749999999998181,0.037900000000022374,0.04712499999992588,0.0625,0.06750000000010914,0.07000000000016371,0.07324999999993906,0.0749999999998181,0.0749999999998181,0.0749999999998181,78,0.2134195136968549,0.24842001584459894,-0.4783715012724884,0.8379629629628519,-0.4384439756439956,-0.18710774625762883,0.057022751763759434,0.2227142473358061,0.39044733484975186,0.4833624161071886,0.5644198956782426,0.8318619162641041,0.8373528582929771,78,0.4436390543059075,0.3057447126910929,-0.3153153153153027,1.0,-0.1716641534235698,-0.0545727894833615,0.22358681445741607,0.4337545322980496,0.6527712159688444,0.8634460910368523,0.922524631802473,1.0,1.0,78,0.7361935604768036,0.24902426334178546,0.22575976845145057,1.3974999999994009,0.22674277100718399,0.3129144441853029,0.5143371178255274,0.7884304021166049,0.9334624492869903,1.0005825242719635,1.0376459615373694,1.1718266064250196,1.3749326606419632,78,0.7605683643214496,0.15765549006648077,0.3718732629238794,1.0653325485580103,0.43648634008670345,0.49446926784633044,0.6211554457117185,0.7946020831828888,0.8812530712531396,0.9353733170134727,0.9813179890541341,1.049276898030014,1.0637269835052108,78,0.23631656497114803,0.12038563722835177,0.04670428622885642,0.507309941520292,0.051543616267405556,0.060484472236397475,0.11928070161751532,0.24550918431990626,0.3312538040169589,0.3972486504722004,0.43633190985574366,0.47906877701474176,0.504485825069737,78,1.0441082504210215,0.15817388394185808,0.7164179104477612,1.6730769230769231,0.754307369402985,0.8114292803970223,0.96565718426001,1.0406604747162023,1.090465658134666,1.1908382175607841,1.3381946239338327,1.5560752979414958,1.6613767605633807
current7d,1s,SECONDARY,21,0.5714285714285714,21,0.23809523809519478,0.056283216446017054,0.09000000000014552,0.2899999999999636,0.09400000000005093,0.10999999999967258,0.21000000000003638,0.2600000000002183,0.27999999999974534,0.2899999999999636,0.2899999999999636,0.2899999999999636,0.2899999999999636,21,5.342142857142746,1.544373483255485,3.6350000000002183,9.850000000000364,3.6480000000001382,3.699999999999818,4.2549999999992,4.875,6.279999999998836,6.464999999999236,7.890000000000327,9.458000000000357,9.810800000000365,21,8.117619047619103,1.638793559624369,5.914999999999964,11.219999999999345,5.942999999999847,6.0549999999993815,6.984999999999673,7.670000000000073,9.175000000001091,10.925000000001091,11.050000000000182,11.185999999999513,11.216599999999362,21,0.04799813512961765,0.016018087209983028,0.011167512690321678,0.07188703465978041,0.013081475590051928,0.020737327188972927,0.03692307692313662,0.047269763651174135,0.05963302752297788,0.06826801517055171,0.07079646017691178,0.07166891976320669,0.07186522317012305,21,0.059523809523798696,0.014070804111504263,0.02250000000003638,0.0724999999999909,0.023500000000012733,0.027499999999918145,0.052500000000009095,0.06500000000005457,0.06999999999993634,0.0724999999999909,0.0724999999999909,0.0724999999999909,0.0724999999999909,21,0.56473408586509,0.17761960391287382,0.22978177150188567,0.9251152073733163,0.23288817188773692,0.2453137734311419,0.45298165137616975,0.55493630573239,0.6343457943925174,0.8137055837563484,0.8816705336426268,0.9164262726271785,0.9242463138987026,21,0.6641111891254197,0.21231974272029136,0.2933985330072059,0.9509721048182646,0.3078287250807716,0.3655494933750343,0.4511691884457301,0.785031847133805,0.840609137055873,0.8948598130843386,0.9312820512822304,0.9470340941110578,0.9505783037475439,21,0.9001166397595028,0.10758926210324705,0.5372945638433527,1.0154849225752798,0.5846127211383947,0.7738853503185626,0.8542890716801605,0.9399830938293211,0.9721871049303201,1.0110041265471945,1.0143589743589148,1.0152597329320068,1.0154624036109525,21,0.5436747332143179,0.3936904255554263,-0.39547511312207323,0.995921696574284,-0.34916534211698197,-0.16392625809661693,0.3613963039013433,0.5616921269094739,0.9191655801825444,0.9608391608390673,0.9609316303530837,0.988923683330044,0.9952218952498599,21,0.34760604865785427,0.1082971544315425,0.12977099236646056,0.6458878994239242,0.15126109271360125,0.237221494102164,0.27592393254388115,0.3260135135136071,0.394828791055187,0.4517727792604796,0.5320239111871047,0.6231151017765604,0.6436106196591879,21,1.130206929580145,0.1970504704585766,0.9206896551724137,1.7647058823529411,0.9226144419079658,0.9303135888501742,1.032258064516129,1.0738636363636365,1.1443298969072164,1.2942643391521198,1.588235294117647,1.7294117647058824,1.7611764705882353
current7d,1s,BURST,5,0.2,5,0.2540000000000873,0.024166091947189747,0.21000000000003638,0.27999999999974534,0.21160000000003493,0.21800000000002911,0.25,0.2600000000002183,0.27000000000043656,0.27600000000002184,0.27799999999988356,0.279599999999773,0.27995999999974813,5,4.898000000000138,0.415939899504762,4.140000000000327,5.350000000000364,4.169800000000286,4.289000000000124,4.884999999999309,4.925000000000182,5.190000000000509,5.286000000000422,5.318000000000393,5.34360000000037,5.349360000000364,5,8.991000000000167,6.226130740676833,4.9399999999996,21.345000000000255,4.951999999999607,4.999999999999636,5.239999999999782,6.290000000000873,7.140000000000327,15.663000000000284,18.504000000000268,20.776800000000257,21.288180000000256,5,0.052249693286316276,0.006551000631290513,0.04046242774566778,0.060386473429946914,0.040937388579764256,0.04283723191615016,0.052336448598079684,0.0527918781726312,0.055271238485255836,0.05834037945207048,0.0593634264410087,0.06018186403215927,0.06036601249016815,5,0.06350000000002183,0.006041522986797437,0.052500000000009095,0.06999999999993634,0.05290000000000873,0.05450000000000728,0.0625,0.06500000000005457,0.06750000000010914,0.06900000000000546,0.06949999999997089,0.06989999999994324,0.06998999999993703,5,0.4758059751666871,0.043221526733810516,0.4046728971963974,0.5229468599033315,0.4064352198872213,0.41348451065051706,0.4487309644669959,0.4980732177261798,0.5046059365405311,0.5156104905582113,0.5192786752307714,0.5222132229688194,0.5228734962098802,5,0.69953856470299,0.1195311817769681,0.4887850467290679,0.8290685772775342,0.4953689105603855,0.5217043658856559,0.653381642512008,0.7630057803465777,0.7634517766497623,0.8028218570264255,0.8159452171519799,0.8264439052524234,0.8288061100750231,5,0.8684333007696654,0.08536060239687483,0.7461617195496505,0.9482233502539715,0.7477162169512369,0.7539342065575824,0.7850241545893099,0.9205607476636928,0.9421965317917029,0.9458126228690641,0.9470179865615178,0.9479822775154808,0.9481992429801225,5,0.3087097090718538,0.48323293056292765,-0.3682361208714213,0.9742366412215049,-0.35496325866961886,-0.3018718098624089,-0.036414565826359435,0.2823886639675385,0.6915739268680063,0.8611715554801055,0.9177040983508051,0.9629301326473649,0.9731059903640908,5,0.4727921409738912,0.08543224950514493,0.3578792341678974,0.6010296010296233,0.3596531737120691,0.366748931888756,0.4022277227721903,0.49078226208291537,0.5120418848168296,0.5654345145445059,0.5832320577870646,0.5974700923811116,0.6006736501647721,5,1.3919868485668823,0.1455178696365009,1.2136752136752136,1.6196319018404908,1.216716990174934,1.2288840961738157,1.2897196261682242,1.3463414634146342,1.490566037735849,1.5680055561986341,1.5938187290195625,1.614469267276305,1.6191156383840721
stage1:20260928T150531Z,1s,SECONDARY,2,1.0,2,0.2699999999999818,4.547473508864641e-13,0.26999999999952706,0.27000000000043656,0.26999999999953617,0.2699999999995725,0.26999999999975444,0.2699999999999818,0.2700000000002092,0.27000000000034563,0.2700000000003911,0.27000000000042745,0.27000000000043567,2,4.234999999999673,1.5100000000002183,2.7249999999994543,5.744999999999891,2.7551999999994585,2.8759999999994763,3.4799999999995634,4.234999999999673,4.989999999999782,5.442999999999847,5.593999999999869,5.714799999999887,5.741979999999891,2,8.082499999999072,0.5274999999996908,7.5549999999993815,8.609999999998763,7.565549999999376,7.607749999999351,7.818749999999227,8.082499999999072,8.346249999998918,8.504499999998824,8.557249999998794,8.59944999999877,8.608944999998764,2,0.07303997892060259,0.026042589886583145,0.04699738903401944,0.09908256880718573,0.0475182408317511,0.049601648022677754,0.06001868397731101,0.07303997892060259,0.08606127386389416,0.0938740508298691,0.09647830981852741,0.09856171700945407,0.09903048362741257,2,0.06749999999999545,1.1368683772161603e-13,0.06749999999988177,0.06750000000010914,0.06749999999988404,0.06749999999989313,0.06749999999993861,0.06749999999999545,0.0675000000000523,0.06750000000008641,0.06750000000009777,0.06750000000010686,0.06750000000010892,2,0.7843948866584896,0.1311838774841403,0.6532110091743493,0.9155787641426298,0.6558346867240321,0.6663293969227633,0.7188029479164194,0.7843948866584896,0.8499868254005597,0.8893419886458018,0.9024603763942158,0.912955086592947,0.9153163963876616,2,0.8566252265631555,0.051120639407137736,0.8055045871560178,0.9077458659702933,0.8065269999441605,0.8106166510967315,0.8310649068595867,0.8566252265631555,0.8821855462667244,0.8975217380888657,0.9026338020295795,0.9067234531821505,0.907643624691479,2,0.9340774985828182,0.02372066655486821,0.9103568320279499,0.9577981651376863,0.9108312453590472,0.9127288986834368,0.922217165305384,0.9340774985828182,0.9459378318602523,0.9530540318267127,0.9554260984821995,0.957323751806589,0.9577507238045766,2,0.6584103335124627,0.18653740167925403,0.47187293183320866,0.8449477351917167,0.47560367986679375,0.4905266720011341,0.5651416326728357,0.6584103335124627,0.7516790343520897,0.8076402548558659,0.8262939950237913,0.8412169871581316,0.8445746603883583,2,0.4138429752065664,0.01838842975236482,0.39545454545420156,0.4322314049589312,0.39582231404924884,0.39729338842943807,0.404648760330384,0.4138429752065664,0.42303719008274876,0.42855371900845823,0.4303925619836947,0.4318636363638839,0.4321946280994265,2,1.274120168446383,0.09063392991427277,1.18348623853211,1.3647540983606556,1.1852989171303956,1.1925496315235373,1.2288032034892464,1.274120168446383,1.3194371334035193,1.3466273123778012,1.3556907053692284,1.3629414197623702,1.3645728305008271
stage1:20260928T150531Z,1s,MICRO,1,1.0,1,0.28000000000065484,0.0,0.28000000000065484,0.28000000000065484,0.28000000000065484,0.28000000000065484,0.28000000000065484,0.28000000000065484,0.28000000000065484,0.28000000000065484,0.28000000000065484,0.28000000000065484,0.28000000000065484,1,8.4399999999996,0.0,8.4399999999996,8.4399999999996,8.4399999999996,8.4399999999996,8.4399999999996,8.4399999999996,8.4399999999996,8.4399999999996,8.4399999999996,8.4399999999996,8.4399999999996,1,8.4399999999996,0.0,8.4399999999996,8.4399999999996,8.4399999999996,8.4399999999996,8.4399999999996,8.4399999999996,8.4399999999996,8.4399999999996,8.4399999999996,8.4399999999996,8.4399999999996,1,0.03317535545031613,0.0,0.03317535545031613,0.03317535545031613,0.03317535545031613,0.03317535545031613,0.03317535545031613,0.03317535545031613,0.03317535545031613,0.03317535545031613,0.03317535545031613,0.03317535545031613,0.03317535545031613,1,0.07000000000016371,0.0,0.07000000000016371,0.07000000000016371,0.07000000000016371,0.07000000000016371,0.07000000000016371,0.07000000000016371,0.07000000000016371,0.07000000000016371,0.07000000000016371,0.07000000000016371,0.07000000000016371,1,0.8252369668247009,0.0,0.8252369668247009,0.8252369668247009,0.8252369668247009,0.8252369668247009,0.8252369668247009,0.8252369668247009,0.8252369668247009,0.8252369668247009,0.8252369668247009,0.8252369668247009,0.8252369668247009,1,0.7742890995260858,0.0,0.7742890995260858,0.7742890995260858,0.7742890995260858,0.7742890995260858,0.7742890995260858,0.7742890995260858,0.7742890995260858,0.7742890995260858,0.7742890995260858,0.7742890995260858,0.7742890995260858,1,0.802725118483515,0.0,0.802725118483515,0.802725118483515,0.802725118483515,0.802725118483515,0.802725118483515,0.802725118483515,0.802725118483515,0.802725118483515,0.802725118483515,0.802725118483515,0.802725118483515,1,0.5189573459716015,0.0,0.5189573459716015,0.5189573459716015,0.5189573459716015,0.5189573459716015,0.5189573459716015,0.5189573459716015,0.5189573459716015,0.5189573459716015,0.5189573459716015,0.5189573459716015,0.5189573459716015,1,0.3773322194374954,0.0,0.3773322194374954,0.3773322194374954,0.3773322194374954,0.3773322194374954,0.3773322194374954,0.3773322194374954,0.3773322194374954,0.3773322194374954,0.3773322194374954,0.3773322194374954,0.3773322194374954,1,1.2112299465240641,0.0,1.2112299465240641,1.2112299465240641,1.2112299465240641,1.2112299465240641,1.2112299465240641,1.2112299465240641,1.2112299465240641,1.2112299465240641,1.2112299465240641,1.2112299465240641,1.2112299465240641
stage1:20260928T150531Z,1s,PRIMARY,4,1.0,4,0.27500000000009095,0.015000000000024254,0.25,0.2899999999999636,0.25089999999999235,0.2544999999999618,0.272499999999809,0.2800000000002001,0.28250000000048203,0.287000000000171,0.2885000000000673,0.28969999999998436,0.2899699999999657,4,3.6525000000001455,3.4679199457315426,0.8850000000002183,9.4950000000008,0.8952000000001954,0.9360000000001036,1.1399999999996453,2.1149999999997817,4.627500000000282,7.548000000000594,8.521500000000694,9.300300000000778,9.475530000000797,4,9.577499999999873,6.329803018262761,4.494999999999891,20.17500000000109,4.508949999999868,4.564749999999776,4.843749999999318,6.819999999999254,11.553749999999809,16.72650000000058,18.45075000000083,19.830150000001037,20.140515000001084,4,0.16467316890884495,0.11372008315381531,0.030542390731957785,0.31638418079059466,0.032121959276221926,0.038440233453278475,0.07003160433856123,0.15588305205641367,0.2505246166266974,0.2900403551250358,0.3032122679578152,0.31374979822403876,0.31612074253393907,4,0.06875000000002274,0.0037500000000060636,0.0625,0.0724999999999909,0.06272499999999809,0.06362499999999045,0.06812499999995225,0.07000000000005002,0.07062500000012051,0.07175000000004275,0.07212500000001683,0.07242499999999609,0.07249249999999142,4,0.058187295753484886,0.20494641650804926,-0.1816745655608445,0.3224489795915943,-0.17910568452619224,-0.16883016038758322,-0.11745253969453817,0.04598738449159487,0.22162721993961793,0.2821202757308038,0.30228462766119896,0.3184161092055152,0.3220456925529864,4,0.14086627915392497,0.26018164536538435,-0.13796735123752393,0.5591836734699636,-0.13362866347909602,-0.1162739124453844,-0.029500157276826287,0.07112439719163012,0.24149083362238136,0.43210653753093076,0.495645105500447,0.5464759598760601,0.5579129021105732,4,0.428317568330566,0.1795585567075337,0.2379367720466288,0.6163265306126086,0.23860277631018773,0.2412667933644234,0.2545868786356017,0.42950348533151333,0.6032341750264777,0.6110895883781562,0.6137080594953823,0.6158028363891633,0.616274161190264,4,0.7495442886399865,0.08134450520882161,0.6388248847926806,0.8642936596220738,0.6414040898618087,0.6517209101383215,0.703305011520885,0.7475293050725959,0.7937685821916974,0.8360836286499232,0.8501886441359985,0.8614726565248587,0.8640115593123523,4,0.08618010963658813,0.03548595624482561,0.04264837458993889,0.12441314554005345,0.04316790368727292,0.04524602007660904,0.05563660202328963,0.0888294592081801,0.1193729668214786,0.12239707405262351,0.12340510979633848,0.12421153839131045,0.12439298482517915,4,0.9560081873234474,0.08974659129663733,0.8066037735849056,1.04136690647482,0.8115450046396535,0.8313099288586452,0.9301345499536035,0.988031034617032,1.013904671986876,1.0303820126796426,1.0358744595772313,1.0402684170953023,1.0412570575368683
stage1:20260929T132027Z,1s,SECONDARY,2,0.5,2,0.27999999999974534,0.010000000000218279,0.26999999999952706,0.2899999999999636,0.2701999999995314,0.2709999999995489,0.2749999999996362,0.27999999999974534,0.2849999999998545,0.28799999999992,0.2889999999999418,0.28979999999995926,0.28997999999996316,2,4.054999999999836,0.09999999999990905,3.9549999999999272,4.154999999999745,3.9569999999999252,3.964999999999918,4.004999999999882,4.054999999999836,4.104999999999791,4.1349999999997635,4.144999999999754,4.152999999999747,4.154799999999746,2,6.797500000000127,0.18749999999954525,6.610000000000582,6.984999999999673,6.613750000000573,6.628750000000537,6.703750000000355,6.797500000000127,6.8912499999999,6.9474999999997635,6.966249999999718,6.981249999999681,6.9846249999996735,2,0.06903172118334823,0.0007637060127965167,0.06826801517055171,0.06979542719614475,0.06828328929080764,0.06834438577183137,0.06864986817694997,0.06903172118334823,0.06941357418974649,0.06964268599358545,0.06971905659486509,0.06978015307588882,0.06979389978411915,2,0.06999999999993634,0.0025000000000545697,0.06749999999988177,0.0724999999999909,0.06754999999988286,0.06774999999988722,0.06874999999990905,0.06999999999993634,0.07124999999996362,0.07199999999998,0.07224999999998545,0.07244999999998981,0.07249499999999079,2,0.46872836863550793,0.2569353481784072,0.21179302045710074,0.7256637168139151,0.21693172742066888,0.23748655527494145,0.3402606945463043,0.46872836863550793,0.5971960427247115,0.6742766471782337,0.6999701819960743,0.720525009850347,0.7251498461175583,2,0.4230771571271166,0.030778721507549872,0.3922984356195667,0.4538558786346664,0.39291401004971765,0.3953763077703217,0.4076877963733416,0.4230771571271166,0.43846651788089147,0.4477001343331565,0.4507780064839114,0.45324030420451544,0.4537943211916513,2,1.0017373551125868,0.029550250182266757,0.9721871049303201,1.0312876052948536,0.9727781099339654,0.9751421299485468,0.9869622300214536,1.0017373551125868,1.0165124802037202,1.0253775552584004,1.028332580276627,1.0306966002912084,1.0312285047944891,2,0.44671475617189615,0.5117677062475774,-0.06505295007568127,0.9584824624194735,-0.054817595950729714,-0.013876179450923523,0.19083090304810743,0.44671475617189615,0.7025986092956849,0.8561289211699581,0.9073056917947158,0.948247108294522,0.9574589270069784,2,0.2967244709032921,0.020800538359410953,0.27592393254388115,0.31752500926270305,0.27633994331106937,0.27800398637982227,0.28632420172358664,0.2967244709032921,0.30712474008299756,0.31336490159082087,0.31544495542676193,0.3171089984955148,0.31748340818598425,2,1.018058690744921,0.018058690744920947,1.0,1.036117381489842,1.0003611738148983,1.001805869074492,1.0090293453724604,1.018058690744921,1.0270880361173815,1.0325056433408577,1.0343115124153497,1.0357562076749434,1.036081264108352
stage1:20260929T132027Z,1s,MICRO,3,0.6666666666666666,3,0.2700000000001334,0.008164965809084185,0.2600000000002183,0.27999999999974534,0.26020000000022264,0.2610000000002401,0.2650000000003274,0.27000000000043656,0.27500000000009095,0.27799999999988356,0.27899999999981445,0.2797999999997592,0.2799799999997467,3,3.298333333333479,0.5068256329570846,2.930000000000291,4.015000000000327,2.9304000000002817,2.9320000000002437,2.9400000000000546,2.949999999999818,3.4825000000000728,3.8020000000002256,3.9085000000002763,3.993700000000317,4.012870000000326,3,6.875,0.4937779527956444,6.414999999999054,7.5600000000004,6.419699999999084,6.438499999999204,6.5324999999998,6.650000000000546,7.105000000000473,7.378000000000429,7.469000000000415,7.5418000000004035,7.558180000000401,3,0.08394857476941069,0.013670127286139191,0.06475716064762069,0.09556313993164421,0.06529252590924761,0.06743398695575534,0.07814129218829394,0.09152542372896719,0.09354428183030569,0.0947555966911088,0.0951593683113765,0.09548238560759068,0.09555506449923885,3,0.06750000000003335,0.002041241452271046,0.06500000000005457,0.06999999999993634,0.06505000000005566,0.06525000000006002,0.06625000000008185,0.06750000000010914,0.06875000000002274,0.06949999999997089,0.06974999999995361,0.0699499999999398,0.06999499999993668,3,0.4203494286371896,0.2770187264358605,0.11694915254215811,0.786689419795243,0.1217583637627983,0.14099520864535908,0.2371794330581629,0.3574097135741677,0.5720495666847053,0.700833478551028,0.7437614491731355,0.7781038256708215,0.7858308603828008,3,0.588894634361495,0.16779941494352857,0.37883959044353666,0.789539227895346,0.38322890032957796,0.40078613987374323,0.4885723375945695,0.5983050847456023,0.6939221563204742,0.7512923992653973,0.7704158135803716,0.7857145450323512,0.7891567596090465,3,0.990902204025898,0.05711375828020562,0.9501867995019173,1.0716723549485003,0.9502000126644244,0.9502528653144532,0.9505171285645966,0.950847457627276,1.0112599062878882,1.0475073754842554,1.059589865216378,1.0692558570020758,1.0714307051538579,3,0.6353483807669195,0.24456918262961116,0.3060150375940747,0.8915343915343155,0.3140646511056406,0.34626310515190406,0.5072553753832215,0.7084957131723684,0.8000150523533419,0.8549266558619261,0.8732305236981207,0.8878736179670765,0.8911683141775916,3,0.3531462360762239,0.02354506377717053,0.3212631578946813,0.3774038461538719,0.32205332882039006,0.325214012523225,0.34101743103739995,0.3607717041801186,0.36908777516699526,0.37407741775912123,0.3757406319564966,0.37707120331439686,0.3773705818699244,3,1.1296005825335433,0.08402031182533859,1.0153846153846153,1.2150837988826815,1.0182435897435897,1.0296794871794872,1.0868589743589743,1.1583333333333334,1.1867085661080075,1.203733705772812,1.2094087523277466,1.2139487895716945,1.2149702979515828
stage1:20260929T132027Z,1s,PRIMARY,5,1.0,5,0.2739999999997963,0.010198039027336825,0.2599999999993088,0.2899999999999636,0.2603999999993175,0.2619999999993524,0.26999999999952706,0.27000000000043656,0.27999999999974534,0.2859999999998763,0.28799999999992,0.2895999999999549,0.28995999999996275,5,1.9169999999998253,0.44628018105215095,1.3100000000004002,2.6649999999999636,1.3274000000003434,1.3970000000001164,1.7449999999989814,1.7950000000000728,2.069999999999709,2.426999999999862,2.5459999999999128,2.6411999999999534,2.6626199999999627,5,5.918999999999869,1.2221431994657337,5.1299999999992,8.305000000000291,5.130399999999245,5.131999999999425,5.140000000000327,5.1850000000004,5.834999999999127,7.316999999999826,7.811000000000058,8.206200000000244,8.295120000000287,5,0.15016874899620694,0.03260036005940266,0.10506566604118167,0.20610687022927793,0.106466904133834,0.11207185650444335,0.14009661835749004,0.14484679665699066,0.15472779369609438,0.1855552396160045,0.19583105492264122,0.2040517071679506,0.20590135392314518,5,0.06849999999994907,0.002549509756834206,0.0649999999998272,0.0724999999999909,0.06509999999982938,0.0654999999998381,0.06749999999988177,0.06750000000010914,0.06999999999993634,0.07149999999996907,0.07199999999998,0.07239999999998872,0.07248999999999069,5,0.16440993140029492,0.2314381238387726,-0.24015009380875654,0.4351145038164388,-0.2272014716720134,-0.17540698312504088,0.0835654596098218,0.24641833810867195,0.29710144927529863,0.37990928199998275,0.4075118929082107,0.4295939816347932,0.4345624515982742,5,0.4244626144472517,0.28272676482665493,0.0525328330204202,0.8792270531400797,0.05925673459932702,0.08615234091495427,0.22063037249309056,0.4317548746515904,0.5381679389310777,0.7428034074564789,0.8110152302982792,0.8655846885717196,0.8778628166832436,5,0.5600247632031579,0.24672434007877728,0.2889305816133349,0.9247910863508564,0.29205934868697203,0.3045744169815206,0.36714975845426334,0.44274809160286266,0.7765042979944724,0.8654763710083028,0.8951337286795795,0.9188596148166011,0.9241979391974309,5,0.7303470329429432,0.162676904164247,0.537627934978927,0.9805447470816425,0.5406551223049391,0.5527638716089872,0.6133076181292277,0.6676413255360247,0.8526135389888944,0.9293722638445433,0.9549585054630929,0.9754274987579326,0.9800330222492716,5,0.14740112521643356,0.09951467399100579,0.051816958277236376,0.2876949740036913,0.05255640115826778,0.0555141726823934,0.07030303030302149,0.07924921793538592,0.24794144556283265,0.27179356262734783,0.2797442683155196,0.286104832866057,0.28753595988992786,5,1.107919093408873,0.14700268807595582,0.8173076923076923,1.2065217391304348,0.8302294197031039,0.8819163292847503,1.1403508771929824,1.1811023622047243,1.1943127962085307,1.2016381619616732,1.204079950546054,1.2060333814135586,1.2064729033587471
stage1:20261001T171601Z,1s,SECONDARY,2,1.0,2,0.19000000000005457,0.08000000000038199,0.10999999999967258,0.27000000000043656,0.11159999999968022,0.11799999999971078,0.14999999999986358,0.19000000000005457,0.23000000000024556,0.25400000000036016,0.26200000000039836,0.2684000000004289,0.2698400000004358,2,8.055000000000291,1.7950000000000728,6.260000000000218,9.850000000000364,6.29590000000022,6.439500000000225,7.157500000000255,8.055000000000291,8.952500000000327,9.49100000000035,9.670500000000356,9.814100000000362,9.846410000000363,2,8.252500000000055,1.5975000000003092,6.654999999999745,9.850000000000364,6.686949999999752,6.814749999999776,7.4537499999999,8.252500000000055,9.05125000000021,9.530500000000302,9.690250000000333,9.818050000000358,9.846805000000364,2,0.02714925155286269,0.015981738862541013,0.011167512690321678,0.0431309904154037,0.011487147467572498,0.012765686576575778,0.019158382121592182,0.02714925155286269,0.035140120984133195,0.0399346426428955,0.0415328165291496,0.04281135563815288,0.043099026937678614,2,0.04750000000001364,0.020000000000095497,0.027499999999918145,0.06750000000010914,0.027899999999920055,0.029499999999927695,0.037499999999965894,0.04750000000001364,0.05750000000006139,0.06350000000009004,0.06550000000009959,0.06710000000010723,0.06746000000010895,2,0.7195524723893425,0.09415311136700588,0.6253993610223366,0.8137055837563484,0.6272824232496768,0.6348146721590372,0.6724759167058396,0.7195524723893425,0.7666290280728454,0.7948749614829472,0.8042902726196478,0.8118225215290082,0.8135172775336144,2,0.6096016931285602,0.23100744392731284,0.37859424920124735,0.840609137055873,0.38321439807979363,0.40169499359397864,0.4940979711649038,0.6096016931285602,0.7251054150922166,0.7944076482704104,0.8175083926631417,0.8359889881773268,0.8401471221680185,2,0.9026471351421315,0.04224104377156784,0.8604060913705636,0.9448881789136993,0.8612509122459949,0.8646301957477204,0.8815266132563475,0.9026471351421315,0.9237676570279153,0.9364399701593857,0.9406640745365424,0.9440433580382679,0.9448036968261562,2,0.6824962720293503,0.27843535832373345,0.40406091370561686,0.9609316303530837,0.40962962087209154,0.43190444953799023,0.5432785928674836,0.6824962720293503,0.821713951191217,0.9052445586883371,0.9330880945207103,0.955362923186609,0.9603747596364363,2,0.33828126859258445,0.056547522462602556,0.28173374612998187,0.394828791055187,0.2828646965792339,0.28738849837624214,0.31000750736128313,0.33828126859258445,0.3665550298238857,0.3835192865626665,0.3891740388089267,0.39369784060593493,0.3947156960102618,2,1.1171041724233213,0.002818458137607061,1.1142857142857143,1.1199226305609284,1.1143420834484665,1.114567560099475,1.1156949433545178,1.1171041724233213,1.118513401492125,1.119358938933407,1.1196407847471677,1.1198662613981762,1.1199169936446531
stage1:20261001T171601Z,1s,MICRO,2,1.0,2,0.1999999999998181,0.03999999999996362,0.15999999999985448,0.23999999999978172,0.16079999999985375,0.16399999999985085,0.1799999999998363,0.1999999999998181,0.2199999999997999,0.231999999999789,0.23599999999978535,0.23919999999978245,0.2399199999997818,2,8.06750000000011,1.132499999999709,6.9350000000004,9.199999999999818,6.9576500000003945,7.048250000000371,7.501250000000255,8.06750000000011,8.633749999999964,8.973499999999877,9.086749999999848,9.177349999999825,9.197734999999819,2,9.912500000000364,0.3724999999994907,9.540000000000873,10.284999999999854,9.547450000000863,9.577250000000822,9.726250000000618,9.912500000000364,10.09875000000011,10.210499999999957,10.247749999999906,10.277549999999865,10.284254999999856,2,0.025999184978502843,0.008607880630692231,0.017391304347810613,0.034607065609195076,0.017563461960424458,0.018252092410879838,0.02169524466315673,0.025999184978502843,0.03030312529384896,0.032885489483056626,0.03374627754612585,0.03443490799658123,0.034589849847933694,2,0.049999999999954525,0.009999999999990905,0.03999999999996362,0.05999999999994543,0.04019999999996344,0.04099999999996271,0.04499999999995907,0.049999999999954525,0.05499999999994998,0.05799999999994725,0.05899999999994634,0.05979999999994561,0.05997999999994545,2,0.2380897150559706,0.029394062881946667,0.20869565217402394,0.2674837779379173,0.20928353343166287,0.2116350584622186,0.22339268361499728,0.2380897150559706,0.25278674649694394,0.26160496536152794,0.2645443716497226,0.26689589668027836,0.2674249898121534,2,0.7111405206733257,0.13940295758754095,0.5717375630857847,0.8505434782608666,0.5745256222375356,0.5856778588445388,0.6414390418795552,0.7111405206733257,0.7808419994670961,0.8226628867433584,0.8366031825021125,0.8477554191091158,0.8502646723456916,2,0.9033760697156639,0.05120215667215289,0.852173913043511,0.9545782263878168,0.853197956176954,0.8572941287107263,0.8777749913795874,0.9033760697156639,0.9289771480517404,0.9443377950533862,0.9494580107206014,0.9535541832543737,0.9544758220744725,2,0.5934846650339801,0.1219241399974772,0.4715605250365029,0.7154088050314573,0.4739990078364525,0.48375293903625066,0.5325225950352415,0.5934846650339801,0.6544467350327188,0.6910239770319618,0.7032163910317096,0.7129703222315078,0.7151649567514624,2,0.3095056275113133,0.05725337525905577,0.2522522522522575,0.36675900277036905,0.2533973197574386,0.2579775897781631,0.28087893988178536,0.3095056275113133,0.3381323151408412,0.3553083277185579,0.36103366524446345,0.36561393526518793,0.36664449601985094,2,1.1355111254434052,0.12408255401483392,1.0114285714285713,1.2595936794582392,1.013910222508868,1.0238368268300548,1.0734698484359884,1.1355111254434052,1.1975524024508222,1.2347771686552724,1.2471854240567557,1.2571120283779424,1.2593455143502095
stage1:20261001T171601Z,1s,PRIMARY,1,1.0,1,0.25,0.0,0.25,0.25,0.25,0.25,0.25,0.25,0.25,0.25,0.25,0.25,0.25,1,2.1350000000002183,0.0,2.1350000000002183,2.1350000000002183,2.1350000000002183,2.1350000000002183,2.1350000000002183,2.1350000000002183,2.1350000000002183,2.1350000000002183,2.1350000000002183,2.1350000000002183,2.1350000000002183,1,5.385000000000218,0.0,5.385000000000218,5.385000000000218,5.385000000000218,5.385000000000218,5.385000000000218,5.385000000000218,5.385000000000218,5.385000000000218,5.385000000000218,5.385000000000218,5.385000000000218,1,0.11709601873535103,0.0,0.11709601873535103,0.11709601873535103,0.11709601873535103,0.11709601873535103,0.11709601873535103,0.11709601873535103,0.11709601873535103,0.11709601873535103,0.11709601873535103,0.11709601873535103,0.11709601873535103,1,0.0625,0.0,0.0625,0.0625,0.0625,0.0625,0.0625,0.0625,0.0625,0.0625,0.0625,0.0625,0.0625,1,0.03747072599527825,0.0,0.03747072599527825,0.03747072599527825,0.03747072599527825,0.03747072599527825,0.03747072599527825,0.03747072599527825,0.03747072599527825,0.03747072599527825,0.03747072599527825,0.03747072599527825,0.03747072599527825,1,0.3185011709602911,0.0,0.3185011709602911,0.3185011709602911,0.3185011709602911,0.3185011709602911,0.3185011709602911,0.3185011709602911,0.3185011709602911,0.3185011709602911,0.3185011709602911,0.3185011709602911,0.3185011709602911,1,0.9344262295084761,0.0,0.9344262295084761,0.9344262295084761,0.9344262295084761,0.9344262295084761,0.9344262295084761,0.9344262295084761,0.9344262295084761,0.9344262295084761,0.9344262295084761,0.9344262295084761,0.9344262295084761,1,0.5970287836583129,0.0,0.5970287836583129,0.5970287836583129,0.5970287836583129,0.5970287836583129,0.5970287836583129,0.5970287836583129,0.5970287836583129,0.5970287836583129,0.5970287836583129,0.5970287836583129,0.5970287836583129,1,0.30574712643675084,0.0,0.30574712643675084,0.30574712643675084,0.30574712643675084,0.30574712643675084,0.30574712643675084,0.30574712643675084,0.30574712643675084,0.30574712643675084,0.30574712643675084,0.30574712643675084,0.30574712643675084,1,1.1385542168674698,0.0,1.1385542168674698,1.1385542168674698,1.1385542168674698,1.1385542168674698,1.1385542168674698,1.1385542168674698,1.1385542168674698,1.1385542168674698,1.1385542168674698,1.1385542168674698,1.1385542168674698
stage1:20261002T071041Z,1s,SECONDARY,1,1.0,1,0.21999999999934516,0.0,0.21999999999934516,0.21999999999934516,0.21999999999934516,0.21999999999934516,0.21999999999934516,0.21999999999934516,0.21999999999934516,0.21999999999934516,0.21999999999934516,0.21999999999934516,0.21999999999934516,1,5.914999999999964,0.0,5.914999999999964,5.914999999999964,5.914999999999964,5.914999999999964,5.914999999999964,5.914999999999964,5.914999999999964,5.914999999999964,5.914999999999964,5.914999999999964,5.914999999999964,1,7.670000000000073,0.0,7.670000000000073,7.670000000000073,7.670000000000073,7.670000000000073,7.670000000000073,7.670000000000073,7.670000000000073,7.670000000000073,7.670000000000073,7.670000000000073,7.670000000000073,1,0.037193575655003634,0.0,0.037193575655003634,0.037193575655003634,0.037193575655003634,0.037193575655003634,0.037193575655003634,0.037193575655003634,0.037193575655003634,0.037193575655003634,0.037193575655003634,0.037193575655003634,0.037193575655003634,1,0.05499999999983629,0.0,0.05499999999983629,0.05499999999983629,0.05499999999983629,0.05499999999983629,0.05499999999983629,0.05499999999983629,0.05499999999983629,0.05499999999983629,0.05499999999983629,0.05499999999983629,0.05499999999983629,1,0.537616229923821,0.0,0.537616229923821,0.537616229923821,0.537616229923821,0.537616229923821,0.537616229923821,0.537616229923821,0.537616229923821,0.537616229923821,0.537616229923821,0.537616229923821,0.537616229923821,1,0.9509721048182646,0.0,0.9509721048182646,0.9509721048182646,0.9509721048182646,0.9509721048182646,0.9509721048182646,0.9509721048182646,0.9509721048182646,0.9509721048182646,0.9509721048182646,0.9509721048182646,0.9509721048182646,1,0.9399830938293211,0.0,0.9399830938293211,0.9399830938293211,0.9399830938293211,0.9399830938293211,0.9399830938293211,0.9399830938293211,0.9399830938293211,0.9399830938293211,0.9399830938293211,0.9399830938293211,0.9399830938293211,1,0.9191655801825444,0.0,0.9191655801825444,0.9191655801825444,0.9191655801825444,0.9191655801825444,0.9191655801825444,0.9191655801825444,0.9191655801825444,0.9191655801825444,0.9191655801825444,0.9191655801825444,0.9191655801825444,1,0.3617436564737642,0.0,0.3617436564737642,0.3617436564737642,0.3617436564737642,0.3617436564737642,0.3617436564737642,0.3617436564737642,0.3617436564737642,0.3617436564737642,0.3617436564737642,0.3617436564737642,0.3617436564737642,1,1.1443298969072164,0.0,1.1443298969072164,1.1443298969072164,1.1443298969072164,1.1443298969072164,1.1443298969072164,1.1443298969072164,1.1443298969072164,1.1443298969072164,1.1443298969072164,1.1443298969072164,1.1443298969072164
stage1:20261002T071041Z,1s,PRIMARY,5,1.0,5,0.2780000000002474,0.00979795897108667,0.2600000000002183,0.2899999999999636,0.2608000000001994,0.2640000000001237,0.27999999999974534,0.28000000000065484,0.28000000000065484,0.2860000000002401,0.28800000000010184,0.28959999999999125,0.2899599999999664,5,2.3629999999995563,1.023301519592528,0.7299999999995634,3.675000000000182,0.779199999999546,0.9759999999994762,1.9599999999991269,2.264999999999418,3.1849999999994907,3.4789999999999055,3.5770000000000435,3.6554000000001543,3.6730400000001793,5,5.102999999999701,1.3026304157358501,3.6049999999995634,7.069999999999709,3.6181999999995607,3.670999999999549,3.9349999999994907,4.835000000000036,6.069999999999709,6.669999999999709,6.869999999999709,7.029999999999709,7.065999999999709,5,0.15823188212210154,0.1019815236573387,0.0761904761906506,0.35616438356215585,0.07665934065951688,0.07853479853498199,0.08791208791230758,0.12803532008831706,0.14285714285707657,0.27084148728012414,0.31350293542113994,0.34763209393395267,0.35531115459933554,5,0.06950000000006185,0.0024494897427716675,0.06500000000005457,0.0724999999999909,0.06520000000004984,0.06600000000003092,0.06999999999993634,0.07000000000016371,0.07000000000016371,0.07150000000006003,0.07200000000002546,0.07239999999999781,0.0724899999999916,5,0.1819913175218121,0.17093321431567587,-0.08843537414960599,0.40838852097108613,-0.0810623427452294,-0.051570217127723056,0.09589041095980866,0.19309262166429814,0.30102040816347364,0.36544127584804115,0.3869148984095636,0.40409379645878163,0.4079590485198557,5,0.46332209238732214,0.4322549154643724,-0.11643835616450303,1.0,-0.10661075389070832,-0.06730034479552949,0.1292517006803647,0.3995584988962375,0.9042386185245117,0.9616954474098047,0.9808477237049024,0.9961695447409805,0.999616954474098,5,0.5890825899304418,0.23357312168601635,0.3724489795917799,0.9955849889623749,0.37463108320245586,0.3833594976451596,0.4270015698586782,0.44489795918371083,0.705479452055665,0.879542774199691,0.9375638815810329,0.9839807674861065,0.9944245668147481,5,0.8326467954371474,0.11610793981025774,0.6990692864529646,1.0444810543658072,0.7020824697331803,0.7141352028540432,0.7743988684583577,0.7992376111816859,0.8460471567269213,0.9651074953102529,1.00479427483803,1.0365436984602518,1.0436873187752516,5,0.18595639888025672,0.08966981429512139,0.10520939734430586,0.346656418139812,0.10543197744446352,0.10632229784509417,0.1107738998482474,0.15044247787610085,0.21669980119281754,0.29467377136101425,0.3206650947504131,0.34145815346193226,0.34613659167202404,5,1.0310938378216394,0.21285804833654315,0.803076923076923,1.4175824175824177,0.806310989010989,0.8192472527472527,0.8839285714285714,0.9838709677419355,1.0670103092783505,1.2773535742607909,1.3474679959216043,1.403559533250255,1.4161801291492013
stage1:20261002T132739Z,1s,SECONDARY,5,0.6,5,0.2699999999998909,0.02607680962047298,0.23000000000047294,0.2999999999992724,0.23080000000045403,0.23400000000037835,0.25,0.27999999999974534,0.2899999999999636,0.2959999999995489,0.2979999999994106,0.29959999999930004,0.2999599999992752,5,5.522999999999774,0.7643271550845346,4.449999999999818,6.399999999999636,4.4669999999998256,4.5349999999998545,4.875,5.610000000000582,6.279999999998836,6.351999999999316,6.375999999999476,6.395199999999604,6.399519999999633,5,9.804000000000087,4.392899270413181,5.914999999999964,18.334999999999127,5.979799999999959,6.238999999999942,7.5349999999998545,8.0600000000004,9.175000000001091,14.670999999999914,16.502999999999517,17.968599999999206,18.298359999999136,5,0.049903418883703164,0.008464113785536326,0.03662420382173815,0.059487179487172026,0.036909235668867134,0.03804936305738306,0.043749999999962694,0.05347593582874176,0.05617977528090117,0.05816421780466369,0.05882569864591786,0.05935488331892119,0.059473949870346945,5,0.06749999999997272,0.006519202405118245,0.057500000000118234,0.0749999999998181,0.05770000000011351,0.05850000000009459,0.0625,0.06999999999993634,0.0724999999999909,0.07399999999988723,0.07449999999985266,0.07489999999982501,0.0749899999998188,5,0.6344928478777669,0.1867947944054281,0.44921875000002554,0.9803921568626434,0.4520589887640749,0.4634199438202723,0.5202247191012593,0.55493630573239,0.6676923076925166,0.8553122171945927,0.9178521870286179,0.9678841628958382,0.9791413574659629,5,0.6393703505107089,0.19326148381381372,0.38324420677351395,0.8112359550563437,0.3848580282461673,0.3913133141367808,0.4235897435898481,0.785031847133805,0.7937500000000337,0.8042415730338197,0.8077387640450817,0.8105365168540913,0.8111660112361184,5,0.8412170490646831,0.07341346249435794,0.7738853503185626,0.9835897435897585,0.775179936305821,0.7803582802548548,0.8062500000000231,0.8134831460676288,0.8288770053474427,0.9217046482928322,0.9526471959412953,0.9774012340600658,0.9829708926367892,5,0.62018392406498,0.23530965686928385,0.3563370935633102,0.9738205617671346,0.3584149707675294,0.366726479584406,0.4082840236687892,0.5591280653951399,0.8033498759305263,0.9056322874324914,0.9397264245998129,0.9670017343336703,0.9731386790237881,5,0.28155047118936394,0.05117656787684807,0.22388059701490315,0.36363636363648016,0.22441423289839357,0.22654877643235533,0.237221494102164,0.2706745695738372,0.31233933161943517,0.34311755082966217,0.35337695723307117,0.3615844823557984,0.363431175508412,5,1.1121112505428294,0.09308133522773152,1.0308370044052864,1.2942643391521198,1.0325020749537126,1.0391623571474176,1.0724637681159421,1.0748299319727892,1.0881612090680102,1.2118230871184759,1.2530437131352978,1.2860202139487553,1.2934399266317833
stage1:20261002T132739Z,1s,MICRO,3,0.6666666666666666,3,0.25999999999991513,4.2873991445054464e-13,0.2599999999993088,0.2600000000002183,0.259999999999327,0.2599999999993997,0.25999999999976353,0.2600000000002183,0.2600000000002183,0.2600000000002183,0.2600000000002183,0.2600000000002183,0.2600000000002183,3,3.8533333333331634,1.25820860308986,2.880000000000109,5.630000000000109,2.8834000000000923,2.8970000000000256,2.9649999999996908,3.0499999999992724,4.339999999999691,5.113999999999942,5.372000000000026,5.578400000000093,5.624840000000107,3,9.848333333333054,0.6029971439033989,9.384999999999309,10.699999999999818,9.386499999999323,9.392499999999382,9.422499999999673,9.460000000000036,10.079999999999927,10.451999999999861,10.57599999999984,10.675199999999823,10.697519999999818,3,0.07390161723610754,0.0197086655276468,0.0461811722913345,0.09027777777785015,0.04696246687829057,0.05008764522611484,0.06571353696523623,0.08524590163913796,0.08776183970849405,0.08927140255010771,0.08977459016397893,0.09017714025507591,0.09026771402557272,3,0.06499999999997878,1.0718497861263616e-13,0.0649999999998272,0.06500000000005457,0.06499999999983175,0.06499999999984993,0.06499999999994088,0.06500000000005457,0.06500000000005457,0.06500000000005457,0.06500000000005457,0.06500000000005457,0.06500000000005457,3,0.2970509179722833,0.07855943682810934,0.19097222222227814,0.37868852458987257,0.19358261791992656,0.20402420071052024,0.2562321146634886,0.32149200710469905,0.3500902658472858,0.36724922109283786,0.3729688728413552,0.3775445942401691,0.3785741315549022,3,0.39431667230154077,0.08964060873912236,0.2725694444443836,0.48579040852568733,0.2756098588341869,0.2877715163934004,0.3485798041894675,0.4245901639345514,0.45519028623011937,0.47355035960746017,0.47967038406657375,0.4845664036338646,0.48566800803650506,3,0.9655234340708253,0.08780408688384382,0.8491803278691028,1.0612788632325645,0.8519189435339369,0.8628734061932734,0.9176457194899557,0.9861111111108085,1.0236949871716865,1.0462453128082132,1.0537620880203888,1.0597755081901294,1.061128527728321,3,0.3997602013394226,0.15424718697104065,0.20607476635513688,0.5835095137420196,0.21014719750645636,0.22643692211173433,0.30788554513812405,0.40969632392111116,0.4966029188315654,0.548746875777838,0.5661281947599288,0.5800332499456015,0.5831618873623778,3,0.25221981251673625,0.09818062331963154,0.1625863151287313,0.3888708102828738,0.16343863506892875,0.16684791482971853,0.18389431363366743,0.20520231213860354,0.2970365612107387,0.35213711065401976,0.37050396046844675,0.38519744031998837,0.38850347328658524,3,1.0481171529570967,0.060942103438415,0.9627507163323782,1.101063829787234,0.9651064402607642,0.9745293359743081,1.0216438145420281,1.080536912751678,1.0908003712694558,1.0969584463801227,1.0990111380836782,1.1006532914465228,1.1010227759531628
stage1:20261002T132739Z,1s,PRIMARY,7,1.0,7,0.25714285714288315,0.035742845723425884,0.1999999999998181,0.2999999999992724,0.2005999999998312,0.20299999999988358,0.2300000000000182,0.27999999999974534,0.28000000000065484,0.2880000000001019,0.2939999999996871,0.29879999999935536,0.2998799999992807,7,3.913571428571231,0.8361634934361116,3.0799999999999272,5.529999999999745,3.0823999999998706,3.0919999999996435,3.1849999999994907,3.6549999999997453,4.380000000000109,4.890999999999986,5.210499999999865,5.466099999999769,5.5236099999997474,7,7.3942857142856155,2.7205506645473054,5.1899999999996,13.81500000000051,5.227799999999607,5.378999999999633,5.887499999999818,6.324999999999818,7.327499999999873,9.987000000000446,11.901000000000472,13.432200000000499,13.776720000000507,7,0.06866819425051301,0.01703643094828445,0.045207956600363745,0.09090909090901038,0.0453174276925842,0.04575531206146601,0.05556751945328235,0.06519208381854484,0.08411659475955369,0.08805594405603274,0.08948251748252155,0.09062377622371261,0.0908805594404806,7,0.06428571428572079,0.008935711430856471,0.049999999999954525,0.0749999999998181,0.0501499999999578,0.050749999999970895,0.05750000000000455,0.06999999999993634,0.07000000000016371,0.07200000000002547,0.07349999999992178,0.07469999999983884,0.07496999999982018,7,0.292746851597427,0.07622860075421642,0.22235157159485705,0.4445964432284851,0.22239509268377095,0.2225691770394265,0.23751830476345748,0.26136363636344173,0.3229398502341453,0.39610780806056317,0.42035212564452407,0.43974757971169287,0.44411155687680587,7,0.6755198225681299,0.2201137207877047,0.4240766073872202,1.0,0.4244998720861936,0.42619293088208726,0.46716807362098817,0.6353846153844922,0.8674206939816105,0.9532013969732204,0.9766006984866101,0.995320139697322,0.9995320139697322,7,0.8598815946113003,0.11682068584881375,0.5817307692308309,0.9512987012982277,0.5987979899847589,0.6670668730004705,0.8713925734748182,0.8974008207934265,0.9229778620034903,0.9388621456928109,0.9450804234955192,0.950055045737686,0.9511743357421735,7,0.7895417984116099,0.14979505246555044,0.5769091567136483,1.0151133501259693,0.5794566785952966,0.5896467661218897,0.6563242435761206,0.8580332409972674,0.8820441769460722,0.948313381287457,0.981713365706713,1.008433353242118,1.014445350437584,7,0.2941712417645844,0.09025603433061345,0.11660777385159465,0.4380600948864834,0.12550791485183613,0.16110847885280208,0.2655325823637489,0.31043421905365504,0.33151571991643003,0.37828021772984216,0.40817015630816267,0.43208210717081924,0.43746229611491694,7,1.0623921948428188,0.09987086983630114,0.8615916955017301,1.1886792452830188,0.8698961937716263,0.903114186851211,1.0287206266318538,1.072538860103627,1.1282471548738249,1.1648334002408671,1.1767563227619429,1.1862946607788036,1.1884407868325972
stage1:20261005T132049Z,1s,PRIMARY,4,1.0,4,0.25,0.014142135624039643,0.22999999999956344,0.27000000000043656,0.23059999999957653,0.23299999999962892,0.24499999999989086,0.25,0.25500000000010914,0.2640000000003056,0.26700000000037105,0.26940000000042347,0.2699400000004352,4,2.3662499999995816,0.8598937070939878,1.444999999999709,3.7299999999995634,1.4577499999997143,1.5087499999997362,1.7637499999998454,2.144999999999527,2.7474999999992633,3.3369999999994437,3.533499999999503,3.690699999999551,3.726069999999562,4,5.235000000000127,1.1640715184215802,3.9000000000005457,6.690000000000509,3.9121500000005107,3.9607500000003713,4.203749999999673,5.174999999999727,6.206250000000182,6.4965000000003785,6.5932500000004435,6.670650000000496,6.688065000000508,4,0.12137725854012955,0.04563689481098382,0.06166219839131109,0.18685121107300412,0.06291150599329183,0.06790873640121482,0.09289488844082977,0.1184978123481015,0.14698018244740127,0.170902799622763,0.17887700534788353,0.18525636992798,0.1866917269585017,4,0.0625,0.0035355339060099107,0.05749999999989086,0.06750000000010914,0.05764999999989413,0.05824999999990723,0.061249999999972715,0.0625,0.06375000000002728,0.0660000000000764,0.06675000000009276,0.06735000000010587,0.0674850000001088,4,0.355883781820876,0.1306991135021614,0.16955017301033926,0.5309917355376894,0.17416955017297842,0.19264705882353503,0.2850346020763181,0.36149660936773764,0.43234578911229554,0.49153335696753186,0.5112625462526106,0.5270458976806737,0.5305971517519878,4,0.42761697894519113,0.18203867864881548,0.21107266436010552,0.7148760330582938,0.21597043095336427,0.23556149732639925,0.3335168291915741,0.3922596091811825,0.48635975893479955,0.6234695234088962,0.6691727782335949,0.705735382093354,0.7139619679617998,4,0.8039012071742706,0.18450039852783537,0.49480968858151525,0.949197860962914,0.5048827532959707,0.5451750121537924,0.7466363064429007,0.8857986395763264,0.9430635403076962,0.9467441327008269,0.9479709968318705,0.9489524881367053,0.9491733236802932,4,0.8210042912959454,0.15845291079175886,0.5533498759305565,0.9593495934960982,0.5625570719603321,0.5993858560794347,0.7835297766749475,0.8856588478785636,0.9231333624995616,0.9448631010974835,0.9521063472967908,0.9579009442562367,0.959204728572112,4,0.23016647625753953,0.13368889681655383,0.09231762427379928,0.45057766367128693,0.09474068452657172,0.10443292553766152,0.1528941305931105,0.18888530854253593,0.26615765420696497,0.3768096598855582,0.41369366177842243,0.443200863292714,0.44983998363342964,4,1.0257976005410274,0.03950805641213075,0.9595588235294118,1.0575539568345325,0.961725816048963,0.9703937861271676,1.013733636518191,1.0430388109000825,1.055102774922919,1.056573484069887,1.0570637204522098,1.057455909558068,1.057544152106886
stage1:20261005T132049Z,1s,SECONDARY,1,0.0,1,0.2899999999999636,0.0,0.2899999999999636,0.2899999999999636,0.2899999999999636,0.2899999999999636,0.2899999999999636,0.2899999999999636,0.2899999999999636,0.2899999999999636,0.2899999999999636,0.2899999999999636,0.2899999999999636,1,6.415000000000873,0.0,6.415000000000873,6.415000000000873,6.415000000000873,6.415000000000873,6.415000000000873,6.415000000000873,6.415000000000873,6.415000000000873,6.415000000000873,6.415000000000873,6.415000000000873,1,11.050000000000182,0.0,11.050000000000182,11.050000000000182,11.050000000000182,11.050000000000182,11.050000000000182,11.050000000000182,11.050000000000182,11.050000000000182,11.050000000000182,11.050000000000182,11.050000000000182,1,0.045206547155093396,0.0,0.045206547155093396,0.045206547155093396,0.045206547155093396,0.045206547155093396,0.045206547155093396,0.045206547155093396,0.045206547155093396,0.045206547155093396,0.045206547155093396,0.045206547155093396,0.045206547155093396,1,0.0724999999999909,0.0,0.0724999999999909,0.0724999999999909,0.0724999999999909,0.0724999999999909,0.0724999999999909,0.0724999999999909,0.0724999999999909,0.0724999999999909,0.0724999999999909,0.0724999999999909,0.0724999999999909,1,0.3359314107560969,0.0,0.3359314107560969,0.3359314107560969,0.3359314107560969,0.3359314107560969,0.3359314107560969,0.3359314107560969,0.3359314107560969,0.3359314107560969,0.3359314107560969,0.3359314107560969,0.3359314107560969,1,0.3655494933750343,0.0,0.3655494933750343,0.3655494933750343,0.3655494933750343,0.3655494933750343,0.3655494933750343,0.3655494933750343,0.3655494933750343,0.3655494933750343,0.3655494933750343,0.3655494933750343,0.3655494933750343,1,0.9236165237724528,0.0,0.9236165237724528,0.9236165237724528,0.9236165237724528,0.9236165237724528,0.9236165237724528,0.9236165237724528,0.9236165237724528,0.9236165237724528,0.9236165237724528,0.9236165237724528,0.9236165237724528,1,-0.39547511312207323,0.0,-0.39547511312207323,-0.39547511312207323,-0.39547511312207323,-0.39547511312207323,-0.39547511312207323,-0.39547511312207323,-0.39547511312207323,-0.39547511312207323,-0.39547511312207323,-0.39547511312207323,-0.39547511312207323,1,0.4517727792604796,0.0,0.4517727792604796,0.4517727792604796,0.4517727792604796,0.4517727792604796,0.4517727792604796,0.4517727792604796,0.4517727792604796,0.4517727792604796,0.4517727792604796,0.4517727792604796,0.4517727792604796,1,1.032258064516129,0.0,1.032258064516129,1.032258064516129,1.032258064516129,1.032258064516129,1.032258064516129,1.032258064516129,1.032258064516129,1.032258064516129,1.032258064516129,1.032258064516129,1.032258064516129
