label,fold,episode_id,window,interval,segment_id,engine,side,entry_ts,episode_age_sec,episode_checkpoint_index,actual_pnl_inr,predicted_entry_ev_inr
historical_walkforward,hist_seg1,historical7d|500ms|1|1|2369,historical7d,500ms,1,PRIMARY,SELL,1789742547.9980001,0.0,0,6.112499999996999,-5.313795856964634
historical_walkforward,hist_seg1,historical7d|500ms|1|1|2370,historical7d,500ms,1,PRIMARY,SELL,1789742618.994,0.0,0,-2.700000000000955,2.1098221230895904
historical_walkforward,hist_seg1,historical7d|500ms|1|1|2371,historical7d,500ms,1,PRIMARY,SELL,1789742620.7,0.0,0,-4.6125000000017735,9.295337600160614
historical_walkforward,hist_seg1,historical7d|500ms|1|1|2371,historical7d,500ms,1,PRIMARY,SELL,1789742622.804,2.1039998531341553,1,-4.912500000001501,6.819290635435942
historical_walkforward,hist_seg1,historical7d|500ms|1|1|2372,historical7d,500ms,1,PRIMARY,SELL,1789742623.907,0.0,0,-5.587500000002592,6.142654832419308
historical_walkforward,hist_seg1,historical7d|500ms|1|1|2373,historical7d,500ms,1,PRIMARY,SELL,1789742625.91,0.0,0,-4.050000000003138,9.00180363650456
historical_walkforward,hist_seg1,historical7d|500ms|1|1|2374,historical7d,500ms,1,PRIMARY,SELL,1789742627.957,0.0,0,-3.5250000000019095,12.302260807318671
historical_walkforward,hist_seg1,historical7d|500ms|1|1|2375,historical7d,500ms,1,PRIMARY,SELL,1789742628.764,0.0,0,-3.712500000002592,15.257268142246714
historical_walkforward,hist_seg1,historical7d|500ms|1|1|2375,historical7d,500ms,1,PRIMARY,SELL,1789742630.961,2.197000026702881,1,-4.650000000002592,12.80793025478336
historical_walkforward,hist_seg1,historical7d|500ms|1|1|2375,historical7d,500ms,1,PRIMARY,SELL,1789742632.963,4.199000120162964,2,-4.800000000002456,11.327503421228837
historical_walkforward,hist_seg1,historical7d|500ms|1|1|2375,historical7d,500ms,1,PRIMARY,SELL,1789742635.418,6.6540000438690186,3,-5.512500000000955,11.508732451667889
historical_walkforward,hist_seg1,historical7d|500ms|1|1|2376,historical7d,500ms,1,PRIMARY,SELL,1789742637.817,0.0,0,-5.850000000001501,14.33284094351742
historical_walkforward,hist_seg1,historical7d|500ms|1|1|2377,historical7d,500ms,1,PRIMARY,SELL,1789742638.9689999,0.0,0,-13.462500000000546,14.33284094351742
historical_walkforward,hist_seg1,historical7d|500ms|1|1|2378,historical7d,500ms,1,PRIMARY,SELL,1789742640.473,0.0,0,-12.14999999999918,12.4636486770998
historical_walkforward,hist_seg1,historical7d|500ms|1|1|2379,historical7d,500ms,1,PRIMARY,SELL,1789742641.4259999,0.0,0,-10.724999999998772,13.893629086179093
historical_walkforward,hist_seg1,historical7d|500ms|1|1|2380,historical7d,500ms,1,PRIMARY,SELL,1789742644.379,0.0,0,-10.5375000000015,12.995214342905005
historical_walkforward,hist_seg1,historical7d|500ms|1|1|2381,historical7d,500ms,1,PRIMARY,SELL,1789742645.4780002,0.0,0,-9.787499999998772,17.37955650670269
historical_walkforward,hist_seg1,historical7d|500ms|1|1|2382,historical7d,500ms,1,PRIMARY,SELL,1789742647.2819998,0.0,0,-11.399999999999864,9.764894819293744
historical_walkforward,hist_seg1,historical7d|500ms|1|1|2383,historical7d,500ms,1,PRIMARY,SELL,1789742648.987,0.0,0,-10.799999999996999,13.307492983409547
historical_walkforward,hist_seg1,historical7d|500ms|1|1|2384,historical7d,500ms,1,PRIMARY,SELL,1789742651.436,0.0,0,-10.5375000000015,7.3389699652638125
historical_walkforward,hist_seg1,historical7d|500ms|1|1|2385,historical7d,500ms,1,PRIMARY,SELL,1789742654.94,0.0,0,-13.237500000002456,10.229876356232195
historical_walkforward,hist_seg1,historical7d|500ms|1|1|2386,historical7d,500ms,1,PRIMARY,SELL,1789742655.7910001,0.0,0,-13.199999999998226,8.395351427306567
historical_walkforward,hist_seg1,historical7d|500ms|1|1|2387,historical7d,500ms,1,PRIMARY,SELL,1789742657.003,0.0,0,-12.975000000000136,11.245394538958864
historical_walkforward,hist_seg1,historical7d|500ms|1|1|2388,historical7d,500ms,1,PRIMARY,SELL,1789742660.2510002,0.0,0,-13.274999999999864,8.943988384881608
historical_walkforward,hist_seg1,historical7d|500ms|1|1|2389,historical7d,500ms,1,PRIMARY,SELL,1789742661.904,0.0,0,-13.874999999999316,11.630950960875943
historical_walkforward,hist_seg1,historical7d|500ms|1|1|2390,historical7d,500ms,1,PRIMARY,SELL,1789742663.656,0.0,0,-15.7124999999985,11.026856276287065
historical_walkforward,hist_seg1,historical7d|500ms|1|1|2391,historical7d,500ms,1,PRIMARY,SELL,1789742834.9580002,0.0,0,-5.850000000001501,12.50717536287474
historical_walkforward,hist_seg1,historical7d|500ms|1|1|2392,historical7d,500ms,1,PRIMARY,SELL,1789742838.3100002,0.0,0,-5.775000000003274,15.638280762857107
historical_walkforward,hist_seg1,historical7d|500ms|1|1|2393,historical7d,500ms,1,PRIMARY,SELL,1789743095.9889998,0.0,0,-4.799999999999045,17.282762332583218
historical_walkforward,hist_seg1,historical7d|500ms|1|1|2393,historical7d,500ms,1,PRIMARY,SELL,1789743098.488,2.499000072479248,1,-4.237500000000409,17.891297486951323
historical_walkforward,hist_seg1,historical7d|500ms|1|1|2394,historical7d,500ms,1,PRIMARY,SELL,1789743101.443,0.0,0,-5.625,12.098020910032423
historical_walkforward,hist_seg1,historical7d|500ms|1|1|2395,historical7d,500ms,1,PRIMARY,SELL,1789743103.3990002,0.0,0,-5.774999999999864,13.576699230944465
historical_walkforward,hist_seg1,historical7d|500ms|1|1|2396,historical7d,500ms,1,PRIMARY,SELL,1789743111.956,0.0,0,-4.425000000001091,8.369919083867593
historical_walkforward,hist_seg1,historical7d|500ms|1|1|2396,historical7d,500ms,1,PRIMARY,SELL,1789743114.359,2.4029998779296875,1,-4.912500000001501,8.193109459262757
historical_walkforward,hist_seg1,historical7d|500ms|1|1|2397,historical7d,500ms,1,PRIMARY,SELL,1789743118.911,0.0,0,-4.425000000001091,7.178590010889272
historical_walkforward,hist_seg1,historical7d|500ms|1|1|2398,historical7d,500ms,1,PRIMARY,SELL,1789743119.9139998,0.0,0,-5.437499999999318,7.764589205023022
historical_walkforward,hist_seg1,historical7d|500ms|1|1|2399,historical7d,500ms,1,PRIMARY,SELL,1789743125.579,0.0,0,-4.387500000000273,7.4711122693901615
historical_walkforward,hist_seg1,historical7d|500ms|1|1|2399,historical7d,500ms,1,PRIMARY,SELL,1789743127.7859998,2.2069997787475586,1,-3.937500000000682,9.466191392159182
historical_walkforward,hist_seg1,historical7d|500ms|1|1|2400,historical7d,500ms,1,PRIMARY,SELL,1789743246.967,0.0,0,-6.112500000000409,10.0729377690106
historical_walkforward,hist_seg1,historical7d|500ms|1|1|2401,historical7d,500ms,1,PRIMARY,SELL,1789743250.463,0.0,0,-4.912500000001501,17.517439899674578
historical_walkforward,hist_seg1,historical7d|500ms|1|1|2402,historical7d,500ms,1,PRIMARY,SELL,1789743251.915,0.0,0,-4.875000000000682,19.997052006445426
historical_walkforward,hist_seg1,historical7d|500ms|1|1|2403,historical7d,500ms,1,PRIMARY,SELL,1789743254.4689999,0.0,0,-5.887499999998909,14.563943115434116
historical_walkforward,hist_seg1,historical7d|500ms|1|1|2404,historical7d,500ms,1,PRIMARY,SELL,1789743257.978,0.0,0,-6.674999999999046,19.47896198091591
historical_walkforward,hist_seg1,historical7d|500ms|1|1|2405,historical7d,500ms,1,PRIMARY,SELL,1789743260.479,0.0,0,-6.224999999999454,17.334390360431083
historical_walkforward,hist_seg1,historical7d|500ms|1|1|2406,historical7d,500ms,1,PRIMARY,SELL,1789743261.38,0.0,0,-6.562499999999999,17.621302213668812
historical_walkforward,hist_seg1,historical7d|500ms|1|1|2407,historical7d,500ms,1,PRIMARY,SELL,1789743273.411,0.0,0,-6.037500000002183,16.76168647922755
historical_walkforward,hist_seg1,historical7d|500ms|1|1|2408,historical7d,500ms,1,PRIMARY,SELL,1789743278.109,0.0,0,-5.512500000000955,7.3298625076960695
historical_walkforward,hist_seg1,historical7d|500ms|1|1|2409,historical7d,500ms,1,PRIMARY,SELL,1789743281.415,0.0,0,-5.887499999998909,6.95457429762371
historical_walkforward,hist_seg1,historical7d|500ms|1|1|2410,historical7d,500ms,1,PRIMARY,SELL,1789743284.423,0.0,0,-6.187500000002047,9.47862380065645
historical_walkforward,hist_seg1,historical7d|500ms|1|1|2411,historical7d,500ms,1,PRIMARY,SELL,1789743285.274,0.0,0,-5.5874999999991815,10.84868590283357
historical_walkforward,hist_seg1,historical7d|500ms|1|1|2412,historical7d,500ms,1,PRIMARY,SELL,1789743287.725,0.0,0,-6.112500000000409,9.57786861774604
historical_walkforward,hist_seg1,historical7d|500ms|1|1|2413,historical7d,500ms,1,PRIMARY,SELL,1789743290.7350001,0.0,0,-5.812500000000682,8.79486351432714
historical_walkforward,hist_seg1,historical7d|500ms|1|1|2413,historical7d,500ms,1,PRIMARY,SELL,1789743292.891,2.1559998989105225,1,-5.774999999999864,6.541073014323863
historical_walkforward,hist_seg1,historical7d|500ms|1|1|2414,historical7d,500ms,1,PRIMARY,SELL,1789743294.496,0.0,0,-5.5874999999991815,9.882575661314625
historical_walkforward,hist_seg1,historical7d|500ms|1|1|2415,historical7d,500ms,1,PRIMARY,SELL,1789743296.996,0.0,0,-6.750000000000681,5.8992104083417685
historical_walkforward,hist_seg1,historical7d|500ms|1|1|2416,historical7d,500ms,1,PRIMARY,SELL,1789743299.365,0.0,0,-6.112500000000409,6.332337700534122
historical_walkforward,hist_seg1,historical7d|500ms|1|2|2417,historical7d,500ms,1,SECONDARY,BUY,1789743897.458,0.0,0,-15.787500000000136,8.690740270286536
historical_walkforward,hist_seg1,historical7d|500ms|1|1|2418,historical7d,500ms,1,PRIMARY,SELL,1789743963.4339998,0.0,0,22.087499999997817,6.553480744755549
historical_walkforward,hist_seg1,historical7d|500ms|1|1|2418,historical7d,500ms,1,PRIMARY,SELL,1789743965.9859998,2.552000045776367,1,21.937500000001364,4.732580724858873
historical_walkforward,hist_seg1,historical7d|500ms|1|1|2419,historical7d,500ms,1,PRIMARY,SELL,1789743967.498,0.0,0,-15.412500000002183,5.137560212970084
historical_walkforward,hist_seg1,historical7d|500ms|1|4|2420,historical7d,500ms,1,BURST,SELL,1789743967.948,0.0,0,-2.0624999999972715,4.03363717674098
historical_walkforward,hist_seg1,historical7d|500ms|1|1|2421,historical7d,500ms,1,PRIMARY,SELL,1789743969.895,0.0,0,-16.012500000001637,4.195167560047918
historical_walkforward,hist_seg1,historical7d|500ms|1|1|2421,historical7d,500ms,1,PRIMARY,SELL,1789743971.8969998,2.001999855041504,1,23.812500000001364,7.245039931413905
historical_walkforward,hist_seg1,historical7d|500ms|1|1|2422,historical7d,500ms,1,PRIMARY,SELL,1789743974.458,0.0,0,-16.350000000002183,6.106774205234093
historical_walkforward,hist_seg1,historical7d|500ms|1|1|2422,historical7d,500ms,1,PRIMARY,SELL,1789743976.4620001,2.004000186920166,1,-15.2250000000015,7.861848940197791
historical_walkforward,hist_seg1,historical7d|500ms|1|1|2422,historical7d,500ms,1,PRIMARY,SELL,1789743978.4620001,4.004000186920166,2,25.35000000000082,10.198492347259041
historical_walkforward,hist_seg1,historical7d|500ms|1|1|2423,historical7d,500ms,1,PRIMARY,SELL,1789743979.461,0.0,0,22.837500000000546,9.712452352728492
historical_walkforward,hist_seg1,historical7d|500ms|1|1|2424,historical7d,500ms,1,PRIMARY,SELL,1789743980.364,0.0,0,22.76249999999891,7.782783651831386
historical_walkforward,hist_seg1,historical7d|500ms|1|1|2425,historical7d,500ms,1,PRIMARY,SELL,1789743983.967,0.0,0,-15.749999999999318,9.641852067317693
historical_walkforward,hist_seg1,historical7d|500ms|1|1|2426,historical7d,500ms,1,PRIMARY,SELL,1789743984.966,0.0,0,-16.125000000000682,5.885996950422581
historical_walkforward,hist_seg1,historical7d|500ms|1|1|2427,historical7d,500ms,1,PRIMARY,SELL,1789743986.921,0.0,0,-15.299999999999727,8.492701015025458
historical_walkforward,hist_seg1,historical7d|500ms|1|1|2427,historical7d,500ms,1,PRIMARY,SELL,1789743989.428,2.506999969482422,1,-15.9375,6.973965634453347
historical_walkforward,hist_seg1,historical7d|500ms|1|1|2428,historical7d,500ms,1,PRIMARY,SELL,1789743993.9950001,0.0,0,27.937499999999318,-4.930975610950414
historical_walkforward,hist_seg1,historical7d|500ms|1|1|2429,historical7d,500ms,1,PRIMARY,SELL,1789744018.368,0.0,0,27.975000000000136,12.865659451096576
historical_walkforward,hist_seg1,historical7d|500ms|1|1|2430,historical7d,500ms,1,PRIMARY,SELL,1789744019.2659998,0.0,0,26.549999999999727,12.876701157016536
historical_walkforward,hist_seg1,historical7d|500ms|1|1|2431,historical7d,500ms,1,PRIMARY,SELL,1789744057.371,0.0,0,-16.312500000001364,3.0812761729921494
historical_walkforward,hist_seg1,historical7d|500ms|1|1|2432,historical7d,500ms,1,PRIMARY,SELL,1789744059.971,0.0,0,-16.125000000000682,15.033106984132269
historical_walkforward,hist_seg1,historical7d|500ms|1|1|2433,historical7d,500ms,1,PRIMARY,SELL,1789744061.476,0.0,0,-15.599999999999454,15.335173532609065
historical_walkforward,hist_seg1,historical7d|500ms|1|1|2433,historical7d,500ms,1,PRIMARY,SELL,1789744063.983,2.506999969482422,1,-16.125000000000682,15.661255394327922
historical_walkforward,hist_seg1,historical7d|500ms|1|1|2433,historical7d,500ms,1,PRIMARY,SELL,1789744065.987,4.510999917984009,2,-15.749999999999318,11.926800806492437
historical_walkforward,hist_seg1,historical7d|500ms|1|1|2434,historical7d,500ms,1,PRIMARY,SELL,1789744067.488,0.0,0,-15.2250000000015,13.822091715106476
historical_walkforward,hist_seg1,historical7d|500ms|1|1|2435,historical7d,500ms,1,PRIMARY,SELL,1789744068.9459999,0.0,0,-15.074999999998225,17.39321636433744
historical_walkforward,hist_seg1,historical7d|500ms|1|1|2436,historical7d,500ms,1,PRIMARY,SELL,1789744069.8969998,0.0,0,-15.112499999999045,16.272896870378688
historical_walkforward,hist_seg1,historical7d|500ms|1|1|2437,historical7d,500ms,1,PRIMARY,SELL,1789744071.443,0.0,0,-15.187500000000682,15.157085665628735
historical_walkforward,hist_seg1,historical7d|500ms|1|1|2438,historical7d,500ms,1,PRIMARY,SELL,1789744072.493,0.0,0,-15.7124999999985,15.926988625260964
historical_walkforward,hist_seg1,historical7d|500ms|1|1|2439,historical7d,500ms,1,PRIMARY,SELL,1789744076.4099998,0.0,0,-15.899999999999181,13.074953530498497
historical_walkforward,hist_seg1,historical7d|500ms|1|1|2439,historical7d,500ms,1,PRIMARY,SELL,1789744078.46,2.0500001907348633,1,-15.337500000000546,15.58782545917547
historical_walkforward,hist_seg1,historical7d|500ms|1|2|2440,historical7d,500ms,1,SECONDARY,SELL,1789744804.983,0.0,0,30.975000000000822,0.2264138532740652
historical_walkforward,hist_seg1,historical7d|500ms|1|4|2441,historical7d,500ms,1,BURST,SELL,1789744809.4899998,0.0,0,0.0,-2.96814587064857
historical_walkforward,hist_seg1,historical7d|500ms|1|4|2442,historical7d,500ms,1,BURST,SELL,1789744812.492,0.0,0,-0.8249999999975444,-2.0165731803176565
historical_walkforward,hist_seg1,historical7d|500ms|1|4|2443,historical7d,500ms,1,BURST,SELL,1789744815.299,0.0,0,-1.912499999997408,-1.4163015651299289
historical_walkforward,hist_seg1,historical7d|500ms|1|3|2444,historical7d,500ms,1,MICRO,SELL,1789744843.99,0.0,0,25.49999999999983,-1.566618130378697
historical_walkforward,hist_seg1,historical7d|500ms|1|3|2445,historical7d,500ms,1,MICRO,SELL,1789744849.497,0.0,0,27.543750000000102,-0.6912618924800128
historical_walkforward,hist_seg1,historical7d|500ms|1|3|2445,historical7d,500ms,1,MICRO,SELL,1789744851.747,2.25,1,27.206249999998704,-6.514314087469968
historical_walkforward,hist_seg1,historical7d|500ms|1|3|2445,historical7d,500ms,1,MICRO,SELL,1789744853.9529998,4.455999851226807,2,26.765625000001876,-4.102431096431304
historical_walkforward,hist_seg1,historical7d|500ms|1|3|2445,historical7d,500ms,1,MICRO,SELL,1789744856.308,6.811000108718872,3,26.728125000001057,-4.102431096431304
historical_walkforward,hist_seg1,historical7d|500ms|1|3|2445,historical7d,500ms,1,MICRO,SELL,1789744858.77,9.273000001907349,4,26.96250000000191,-2.7023526478782736
historical_walkforward,hist_seg1,historical7d|500ms|1|3|2446,historical7d,500ms,1,MICRO,SELL,1789744864.375,0.0,0,25.078125000000853,-1.47041958411032
historical_walkforward,hist_seg1,historical7d|500ms|1|1|2447,historical7d,500ms,1,PRIMARY,SELL,1789744864.826,0.0,0,-17.737500000001774,-6.115047145934144
historical_walkforward,hist_seg1,historical7d|500ms|1|1|2448,historical7d,500ms,1,PRIMARY,SELL,1789744874.389,0.0,0,-15.112500000002456,0.676263166807154
historical_walkforward,hist_seg1,historical7d|500ms|1|1|2449,historical7d,500ms,1,PRIMARY,SELL,1789744875.493,0.0,0,-15.037499999997408,3.024251736074976
historical_walkforward,hist_seg1,historical7d|500ms|1|1|2450,historical7d,500ms,1,PRIMARY,SELL,1789744887.952,0.0,0,-15.149999999999864,-2.7757541502775993
historical_walkforward,hist_seg1,historical7d|500ms|1|1|2451,historical7d,500ms,1,PRIMARY,SELL,1789744890.3569999,0.0,0,-15.0,-2.873785148034371
historical_walkforward,hist_seg1,historical7d|500ms|1|3|2452,historical7d,500ms,1,MICRO,SELL,1789744890.3569999,0.0,0,-1.5750000000002728,-2.873785148034371
historical_walkforward,hist_seg1,historical7d|500ms|1|3|2453,historical7d,500ms,1,MICRO,SELL,1789744903.927,0.0,0,0.37499999999795364,-0.6196355384386784
historical_walkforward,hist_seg1,historical7d|500ms|1|1|2454,historical7d,500ms,1,PRIMARY,SELL,1789744905.481,0.0,0,-15.0,0.8213983629701841
historical_walkforward,hist_seg1,historical7d|500ms|1|3|2455,historical7d,500ms,1,MICRO,SELL,1789744905.481,0.0,0,-0.8999999999991815,0.8213983629701841
historical_walkforward,hist_seg1,historical7d|500ms|1|1|2454,historical7d,500ms,1,PRIMARY,SELL,1789744907.983,2.502000093460083,1,-15.2250000000015,-4.749388766397353
historical_walkforward,hist_seg1,historical7d|500ms|1|3|2455,historical7d,500ms,1,MICRO,SELL,1789744907.983,2.502000093460083,1,-1.8374999999991812,-4.749388766397353
historical_walkforward,hist_seg1,historical7d|500ms|1|3|2456,historical7d,500ms,1,MICRO,SELL,1789744911.437,0.0,0,-4.612499999998363,-0.34630058435387334
historical_walkforward,hist_seg1,historical7d|500ms|1|3|2457,historical7d,500ms,1,MICRO,SELL,1789744914.94,0.0,0,-6.225000000002865,-1.4152670122518762
historical_walkforward,hist_seg1,historical7d|500ms|1|1|2458,historical7d,500ms,1,PRIMARY,SELL,1789744915.34,0.0,0,-15.299999999999727,-0.9684743862906704
historical_walkforward,hist_seg1,historical7d|500ms|1|3|2459,historical7d,500ms,1,MICRO,SELL,1789744916.499,0.0,0,-6.937499999997953,-0.34630058435387334
historical_walkforward,hist_seg1,historical7d|500ms|1|1|2458,historical7d,500ms,1,PRIMARY,SELL,1789744917.499,2.1590001583099365,1,-15.262499999998907,3.152525896613358
historical_walkforward,hist_seg1,historical7d|500ms|1|1|2460,historical7d,500ms,1,PRIMARY,SELL,1789744928.964,0.0,0,-15.262499999998907,-1.2046752467225303
historical_walkforward,hist_seg1,historical7d|500ms|1|1|2460,historical7d,500ms,1,PRIMARY,SELL,1789744931.364,2.4000000953674316,1,-15.149999999999864,-0.5790660442393012
historical_walkforward,hist_seg1,historical7d|500ms|1|1|2461,historical7d,500ms,1,PRIMARY,SELL,1789744933.964,0.0,0,-15.075000000001635,0.9975632074523374
historical_walkforward,hist_seg1,historical7d|500ms|1|1|2462,historical7d,500ms,1,PRIMARY,SELL,1789744934.967,0.0,0,-15.112499999999045,0.12030475682564518
historical_walkforward,hist_seg1,historical7d|500ms|1|1|2463,historical7d,500ms,1,PRIMARY,SELL,1789744935.77,0.0,0,-15.149999999999864,0.08681568878386134
historical_walkforward,hist_seg1,historical7d|500ms|1|1|2464,historical7d,500ms,1,PRIMARY,SELL,1789744937.472,0.0,0,-15.037499999997408,-0.45800833617505693
historical_walkforward,hist_seg1,historical7d|500ms|1|1|2464,historical7d,500ms,1,PRIMARY,SELL,1789744939.978,2.50600004196167,1,-15.0,-1.5257654842353516
historical_walkforward,hist_seg1,historical7d|500ms|1|1|2464,historical7d,500ms,1,PRIMARY,SELL,1789744942.431,4.959000110626221,2,-15.337500000000546,1.696837734056101
historical_walkforward,hist_seg1,historical7d|500ms|1|1|2465,historical7d,500ms,1,PRIMARY,SELL,1789744943.328,0.0,0,-15.299999999999727,-1.7069797239055122
historical_walkforward,hist_seg1,historical7d|500ms|1|1|2466,historical7d,500ms,1,PRIMARY,SELL,1789744948.488,0.0,0,-15.074999999998225,0.9851796925437502
historical_walkforward,hist_seg1,historical7d|500ms|1|1|2467,historical7d,500ms,1,PRIMARY,SELL,1789744951.041,0.0,0,-15.449999999999589,0.26043253395695776
historical_walkforward,hist_seg1,historical7d|500ms|1|1|2468,historical7d,500ms,1,PRIMARY,SELL,1789744952.043,0.0,0,-15.149999999999864,-2.3543421184536895
historical_walkforward,hist_seg1,historical7d|500ms|1|1|2469,historical7d,500ms,1,PRIMARY,SELL,1789744984.4380002,0.0,0,-15.037500000000819,-2.183450075426333
historical_walkforward,hist_seg1,historical7d|500ms|1|1|2470,historical7d,500ms,1,PRIMARY,SELL,1789744995.356,0.0,0,-15.074999999998225,-1.006761590856329
historical_walkforward,hist_seg1,historical7d|500ms|1|1|2471,historical7d,500ms,1,PRIMARY,SELL,1789744999.908,0.0,0,-16.049999999999045,-5.146539710810204
historical_walkforward,hist_seg1,historical7d|500ms|1|1|2472,historical7d,500ms,1,PRIMARY,SELL,1789745002.8579998,0.0,0,-15.525000000001228,1.9858085775066503
historical_walkforward,hist_seg1,historical7d|500ms|1|1|2473,historical7d,500ms,1,PRIMARY,SELL,1789745004.963,0.0,0,-15.299999999999727,1.2241423427676863
historical_walkforward,hist_seg1,historical7d|500ms|1|1|2474,historical7d,500ms,1,PRIMARY,SELL,1789745006.2140002,0.0,0,-15.899999999999181,1.3234792545687748
historical_walkforward,hist_seg1,historical7d|500ms|1|4|2475,historical7d,500ms,1,BURST,SELL,1789745006.2140002,0.0,0,2.9624999999998636,1.3234792545687748
historical_walkforward,hist_seg1,historical7d|500ms|1|1|2476,historical7d,500ms,1,PRIMARY,SELL,1789745007.815,0.0,0,-15.599999999999454,-4.32157072535044
historical_walkforward,hist_seg1,historical7d|500ms|1|4|2477,historical7d,500ms,1,BURST,SELL,1789745007.815,0.0,0,2.09999999999809,-4.32157072535044
historical_walkforward,hist_seg1,historical7d|500ms|1|1|2476,historical7d,500ms,1,PRIMARY,SELL,1789745009.92,2.1050000190734863,1,-15.037500000000819,-4.161631899944335
historical_walkforward,hist_seg1,historical7d|500ms|1|4|2477,historical7d,500ms,1,BURST,SELL,1789745009.92,2.1050000190734863,1,1.6874999999993177,-4.161631899944335
historical_walkforward,hist_seg1,historical7d|500ms|1|1|2478,historical7d,500ms,1,PRIMARY,SELL,1789745011.976,0.0,0,-16.837500000002592,-4.143259259509642
historical_walkforward,hist_seg1,historical7d|500ms|1|4|2479,historical7d,500ms,1,BURST,SELL,1789745011.976,0.0,0,-0.41250000000218273,-4.143259259509642
historical_walkforward,hist_seg1,historical7d|500ms|1|4|2480,historical7d,500ms,1,BURST,SELL,1789745012.978,0.0,0,-1.3125000000013642,-5.551495273536395
historical_walkforward,hist_seg1,historical7d|500ms|1|1|2478,historical7d,500ms,1,PRIMARY,SELL,1789745014.279,2.302999973297119,1,-17.212500000000546,-6.952531828743475
historical_walkforward,hist_seg1,historical7d|500ms|1|1|2481,historical7d,500ms,1,PRIMARY,SELL,1789745015.492,0.0,0,-15.149999999999864,-2.032847892077228
historical_walkforward,hist_seg1,historical7d|500ms|1|1|2482,historical7d,500ms,1,PRIMARY,SELL,1789745016.44,0.0,0,-18.375000000002046,-5.025627678516747
historical_walkforward,hist_seg1,historical7d|500ms|1|1|2483,historical7d,500ms,1,PRIMARY,SELL,1789745018.9550002,0.0,0,-17.212500000000546,-8.11841268204253
historical_walkforward,hist_seg1,historical7d|500ms|1|1|2484,historical7d,500ms,1,PRIMARY,SELL,1789745020.498,0.0,0,-18.56250000000273,-6.338738153436722
historical_walkforward,hist_seg1,historical7d|500ms|1|1|2485,historical7d,500ms,1,PRIMARY,SELL,1789745022.496,0.0,0,-15.862499999998361,-4.605368723306593
historical_walkforward,hist_seg1,historical7d|500ms|1|1|2486,historical7d,500ms,1,PRIMARY,SELL,1789745024.91,0.0,0,-15.262499999998907,-10.323276483850176
historical_walkforward,hist_seg1,historical7d|500ms|1|1|2487,historical7d,500ms,1,PRIMARY,SELL,1789745026.9539998,0.0,0,-16.68750000000273,-7.30423003526306
historical_walkforward,hist_seg1,historical7d|500ms|1|1|2488,historical7d,500ms,1,PRIMARY,SELL,1789745029.956,0.0,0,-15.825000000000953,-7.475570354035986
historical_walkforward,hist_seg1,historical7d|500ms|1|1|2489,historical7d,500ms,1,PRIMARY,SELL,1789745031.46,0.0,0,-16.012500000001637,-5.525431517923613
historical_walkforward,hist_seg1,historical7d|500ms|1|1|2490,historical7d,500ms,1,PRIMARY,SELL,1789745032.46,0.0,0,-17.062500000000682,-11.583688027416924
historical_walkforward,hist_seg1,historical7d|500ms|1|1|2491,historical7d,500ms,1,PRIMARY,SELL,1789745035.22,0.0,0,-17.062500000000682,-7.933824327676258
historical_walkforward,hist_seg1,historical7d|500ms|1|1|2491,historical7d,500ms,1,PRIMARY,SELL,1789745037.318,2.0980000495910645,1,-16.91250000000082,-10.365272182769807
historical_walkforward,hist_seg1,historical7d|500ms|1|1|2492,historical7d,500ms,1,PRIMARY,SELL,1789745038.467,0.0,0,-18.375000000002046,-8.218402676973314
historical_walkforward,hist_seg1,historical7d|500ms|1|1|2493,historical7d,500ms,1,PRIMARY,SELL,1789745041.828,0.0,0,-17.325000000003,-5.630102142098114
historical_walkforward,hist_seg1,historical7d|500ms|1|1|2494,historical7d,500ms,1,PRIMARY,SELL,1789745044.331,0.0,0,-15.299999999999727,-5.1816985378677005
historical_walkforward,hist_seg1,historical7d|500ms|1|1|2495,historical7d,500ms,1,PRIMARY,SELL,1789745045.9859998,0.0,0,-15.7124999999985,-6.508348696789664
historical_walkforward,hist_seg1,historical7d|500ms|1|1|2496,historical7d,500ms,1,PRIMARY,SELL,1789745047.782,0.0,0,-18.337500000001228,-5.769734179473263
historical_walkforward,hist_seg1,historical7d|500ms|1|1|2497,historical7d,500ms,1,PRIMARY,SELL,1789745050.032,0.0,0,-18.56250000000273,-10.310110069440446
historical_walkforward,hist_seg1,historical7d|500ms|1|1|2498,historical7d,500ms,1,PRIMARY,SELL,1789745051.4899998,0.0,0,-15.337500000000546,-3.6765839444575565
historical_walkforward,hist_seg1,historical7d|500ms|1|1|2499,historical7d,500ms,1,PRIMARY,SELL,1789745052.687,0.0,0,-15.562499999998636,-6.1803893267908805
historical_walkforward,hist_seg1,historical7d|500ms|1|1|2499,historical7d,500ms,1,PRIMARY,SELL,1789745054.99,2.302999973297119,1,-15.0,-8.019399307954048
historical_walkforward,hist_seg1,historical7d|500ms|1|1|2500,historical7d,500ms,1,PRIMARY,SELL,1789745056.493,0.0,0,-15.862499999998361,-6.460415006695065
historical_walkforward,hist_seg1,historical7d|500ms|1|1|2501,historical7d,500ms,1,PRIMARY,SELL,1789745057.994,0.0,0,-15.112499999999045,-1.7333646434297723
historical_walkforward,hist_seg1,historical7d|500ms|1|1|2502,historical7d,500ms,1,PRIMARY,SELL,1789745058.8969998,0.0,0,-15.299999999999727,-1.0540020462210817
historical_walkforward,hist_seg1,historical7d|500ms|1|1|2503,historical7d,500ms,1,PRIMARY,SELL,1789745061.498,0.0,0,-15.299999999999727,-6.0348537005634
historical_walkforward,hist_seg1,historical7d|500ms|1|1|2504,historical7d,500ms,1,PRIMARY,SELL,1789745063.351,0.0,0,-15.337500000000546,-5.794356568686154
historical_walkforward,hist_seg1,historical7d|500ms|1|1|2505,historical7d,500ms,1,PRIMARY,SELL,1789745064.856,0.0,0,-15.074999999998225,-4.554445318620835
historical_walkforward,hist_seg1,historical7d|500ms|1|1|2506,historical7d,500ms,1,PRIMARY,SELL,1789745066.71,0.0,0,-15.337500000000546,-2.796027613379742
historical_walkforward,hist_seg1,historical7d|500ms|1|1|2507,historical7d,500ms,1,PRIMARY,SELL,1789745068.968,0.0,0,-15.112499999999045,-4.099242584014084
historical_walkforward,hist_seg1,historical7d|500ms|1|1|2508,historical7d,500ms,1,PRIMARY,SELL,1789745071.313,0.0,0,-15.037499999997408,-0.22620194675260963
historical_walkforward,hist_seg1,historical7d|500ms|1|1|2509,historical7d,500ms,1,PRIMARY,SELL,1789745073.965,0.0,0,-15.67500000000109,-2.4484612412339457
historical_walkforward,hist_seg1,historical7d|500ms|1|3|2510,historical7d,500ms,1,MICRO,SELL,1789745073.965,0.0,0,7.199999999996862,-2.4484612412339457
historical_walkforward,hist_seg1,historical7d|500ms|1|1|2511,historical7d,500ms,1,PRIMARY,SELL,1789745074.916,0.0,0,-15.149999999999864,-4.241254823485996
historical_walkforward,hist_seg1,historical7d|500ms|1|3|2512,historical7d,500ms,1,MICRO,SELL,1789745074.916,0.0,0,-0.14999999999986358,-4.241254823485996
historical_walkforward,hist_seg1,historical7d|500ms|1|1|2513,historical7d,500ms,1,PRIMARY,SELL,1789745077.4689999,0.0,0,-16.16249999999809,-3.2446789734016392
historical_walkforward,hist_seg1,historical7d|500ms|1|3|2514,historical7d,500ms,1,MICRO,SELL,1789745077.4689999,0.0,0,-2.174999999999727,-3.2446789734016392
historical_walkforward,hist_seg1,historical7d|500ms|1|1|2513,historical7d,500ms,1,PRIMARY,SELL,1789745079.471,2.002000093460083,1,-15.22499999999809,-2.7139424168973783
historical_walkforward,hist_seg1,historical7d|500ms|1|3|2514,historical7d,500ms,1,MICRO,SELL,1789745079.471,2.002000093460083,1,-2.2499999999979536,-2.7139424168973783
historical_walkforward,hist_seg1,historical7d|500ms|1|1|2513,historical7d,500ms,1,PRIMARY,SELL,1789745081.982,4.513000249862671,2,-15.450000000003,-6.099428550117945
historical_walkforward,hist_seg1,historical7d|500ms|1|3|2514,historical7d,500ms,1,MICRO,SELL,1789745081.982,4.513000249862671,2,7.987499999996999,-6.099428550117945
historical_walkforward,hist_seg1,historical7d|500ms|1|1|2513,historical7d,500ms,1,PRIMARY,SELL,1789745083.987,6.51800012588501,3,-17.024999999999864,-6.83039161135907
historical_walkforward,hist_seg1,historical7d|500ms|1|1|2513,historical7d,500ms,1,PRIMARY,SELL,1789745086.437,8.968000173568726,4,-17.5874999999985,-4.155689943354169
historical_walkforward,hist_seg1,historical7d|500ms|1|1|2513,historical7d,500ms,1,PRIMARY,SELL,1789745088.8409998,11.371999979019165,5,-15.037499999997408,-7.107095652852579
historical_walkforward,hist_seg1,historical7d|500ms|1|1|2515,historical7d,500ms,1,PRIMARY,SELL,1789745089.9459999,0.0,0,-15.112500000002456,-9.216393243341065
historical_walkforward,hist_seg1,historical7d|500ms|1|3|2516,historical7d,500ms,1,MICRO,SELL,1789745090.4940002,0.0,0,-1.8375000000025918,-8.94145473183957
historical_walkforward,hist_seg1,historical7d|500ms|1|1|2515,historical7d,500ms,1,PRIMARY,SELL,1789745092.497,2.5510001182556152,1,-15.0,-3.4604812483645864
historical_walkforward,hist_seg1,historical7d|500ms|1|3|2516,historical7d,500ms,1,MICRO,SELL,1789745092.497,2.002999782562256,1,0.5999999999994543,-3.4604812483645864
historical_walkforward,hist_seg1,historical7d|500ms|1|1|2517,historical7d,500ms,1,PRIMARY,SELL,1789745093.9980001,0.0,0,-15.0,-2.6970598023748944
historical_walkforward,hist_seg1,historical7d|500ms|1|3|2518,historical7d,500ms,1,MICRO,SELL,1789745093.9980001,0.0,0,0.5625000000020464,-2.6970598023748944
historical_walkforward,hist_seg1,historical7d|500ms|1|1|2517,historical7d,500ms,1,PRIMARY,SELL,1789745096.4529998,2.4549996852874756,1,-15.71250000000191,-5.721969959322115
historical_walkforward,hist_seg1,historical7d|500ms|1|3|2518,historical7d,500ms,1,MICRO,SELL,1789745096.4529998,2.4549996852874756,1,-2.137500000002319,-5.721969959322115
historical_walkforward,hist_seg1,historical7d|500ms|1|1|2519,historical7d,500ms,1,PRIMARY,SELL,1789745099.409,0.0,0,-15.0,-2.9754766606402168
historical_walkforward,hist_seg1,historical7d|500ms|1|3|2520,historical7d,500ms,1,MICRO,SELL,1789745099.409,0.0,0,-2.512500000000273,-2.9754766606402168
historical_walkforward,hist_seg1,historical7d|500ms|1|1|2521,historical7d,500ms,1,PRIMARY,SELL,1789745101.967,0.0,0,-15.975000000000819,-3.0879667948855563
historical_walkforward,hist_seg1,historical7d|500ms|1|3|2522,historical7d,500ms,1,MICRO,SELL,1789745101.967,0.0,0,-1.7625000000009547,-3.0879667948855563
historical_walkforward,hist_seg1,historical7d|500ms|1|1|2523,historical7d,500ms,1,PRIMARY,SELL,1789745103.968,0.0,0,-15.525000000001228,-4.023885571699865
historical_walkforward,hist_seg1,historical7d|500ms|1|3|2524,historical7d,500ms,1,MICRO,SELL,1789745103.968,0.0,0,1.4250000000004093,-4.023885571699865
historical_walkforward,hist_seg1,historical7d|500ms|1|1|2525,historical7d,500ms,1,PRIMARY,SELL,1789745106.468,0.0,0,-15.337500000000546,-4.178252627041092
historical_walkforward,hist_seg1,historical7d|500ms|1|1|2526,historical7d,500ms,1,PRIMARY,SELL,1789745109.4259999,0.0,0,-15.7124999999985,-4.741843896973112
historical_walkforward,hist_seg1,historical7d|500ms|1|1|2526,historical7d,500ms,1,PRIMARY,SELL,1789745111.4750001,2.0490002632141113,1,-16.575000000000273,-4.354889765652658
historical_walkforward,hist_seg1,historical7d|500ms|1|1|2527,historical7d,500ms,1,PRIMARY,SELL,1789745113.9859998,0.0,0,-15.299999999999727,-5.31869977161764
historical_walkforward,hist_seg1,historical7d|500ms|1|1|2528,historical7d,500ms,1,PRIMARY,SELL,1789745115.836,0.0,0,-16.499999999998636,-5.855251713475055
historical_walkforward,hist_seg1,historical7d|500ms|1|1|2528,historical7d,500ms,1,PRIMARY,SELL,1789745117.987,2.1510000228881836,1,-15.787500000000136,1.9815581324976979
historical_walkforward,hist_seg1,historical7d|500ms|1|1|2529,historical7d,500ms,1,PRIMARY,SELL,1789745119.9390001,0.0,0,-15.9375,-0.9984894009285961
historical_walkforward,hist_seg1,historical7d|500ms|1|3|2530,historical7d,500ms,1,MICRO,SELL,1789745119.9390001,0.0,0,-0.4875000000004093,-0.9984894009285961
historical_walkforward,hist_seg1,historical7d|500ms|1|1|2531,historical7d,500ms,1,PRIMARY,SELL,1789745121.996,0.0,0,-15.825000000000953,0.5411975951334772
historical_walkforward,hist_seg1,historical7d|500ms|1|1|2532,historical7d,500ms,1,PRIMARY,SELL,1789745123.9980001,0.0,0,-15.787500000000136,0.9690964027833234
historical_walkforward,hist_seg1,historical7d|500ms|1|1|2533,historical7d,500ms,1,PRIMARY,SELL,1789745124.748,0.0,0,-15.825000000000953,1.7460323520179262
historical_walkforward,hist_seg1,historical7d|500ms|1|1|2533,historical7d,500ms,1,PRIMARY,SELL,1789745126.95,2.202000141143799,1,-15.187500000000682,-0.16384341652337764
historical_walkforward,hist_seg1,historical7d|500ms|1|1|2534,historical7d,500ms,1,PRIMARY,SELL,1789745129.957,0.0,0,-15.337500000000546,0.6000031035417442
historical_walkforward,hist_seg1,historical7d|500ms|1|1|2535,historical7d,500ms,1,PRIMARY,SELL,1789745136.665,0.0,0,-15.037499999997408,-1.7971853351328597
historical_walkforward,hist_seg1,historical7d|500ms|1|1|2536,historical7d,500ms,1,PRIMARY,SELL,1789745138.4659998,0.0,0,-15.9375,0.7820031537983481
historical_walkforward,hist_seg1,historical7d|500ms|1|1|2537,historical7d,500ms,1,PRIMARY,SELL,1789745139.365,0.0,0,-16.312500000001364,-4.995463729385043
historical_walkforward,hist_seg1,historical7d|500ms|1|1|2538,historical7d,500ms,1,PRIMARY,SELL,1789745141.921,0.0,0,-15.9375,-2.250632958962402
historical_walkforward,hist_seg1,historical7d|500ms|1|1|2539,historical7d,500ms,1,PRIMARY,SELL,1789745142.671,0.0,0,-15.262500000002317,-0.5658162237387365
historical_walkforward,hist_seg1,historical7d|500ms|1|1|2540,historical7d,500ms,1,PRIMARY,SELL,1789745143.973,0.0,0,-15.037500000000819,0.2591381860303611
historical_walkforward,hist_seg1,historical7d|500ms|1|1|2540,historical7d,500ms,1,PRIMARY,SELL,1789745146.372,2.3989999294281006,1,-16.575000000000273,0.14444285623843015
historical_walkforward,hist_seg1,historical7d|500ms|1|1|2541,historical7d,500ms,1,PRIMARY,SELL,1789745148.976,0.0,0,-15.187500000000682,1.671465348571129
historical_walkforward,hist_seg1,historical7d|500ms|1|1|2542,historical7d,500ms,1,PRIMARY,SELL,1789745150.476,0.0,0,-15.787500000000136,0.41327156685911454
historical_walkforward,hist_seg1,historical7d|500ms|1|1|2542,historical7d,500ms,1,PRIMARY,SELL,1789745152.4819999,2.005999803543091,1,-15.037500000000819,-2.6151160301905967
historical_walkforward,hist_seg1,historical7d|500ms|1|1|2543,historical7d,500ms,1,PRIMARY,SELL,1789745160.99,0.0,0,-15.525000000001228,-1.6128304970277678
historical_walkforward,hist_seg1,historical7d|500ms|1|1|2544,historical7d,500ms,1,PRIMARY,SELL,1789745163.993,0.0,0,-15.337500000000546,-1.6302860090847946
historical_walkforward,hist_seg1,historical7d|500ms|1|1|2545,historical7d,500ms,1,PRIMARY,SELL,1789745169.2499998,0.0,0,-15.975000000000819,0.41327156685911454
historical_walkforward,hist_seg1,historical7d|500ms|1|1|2546,historical7d,500ms,1,PRIMARY,SELL,1789745170.957,0.0,0,-16.20000000000232,3.221843603334426
historical_walkforward,hist_seg1,historical7d|500ms|1|1|2547,historical7d,500ms,1,PRIMARY,SELL,1789745173.756,0.0,0,-16.462500000001228,-2.098354507825118
historical_walkforward,hist_seg1,historical7d|500ms|1|1|2548,historical7d,500ms,1,PRIMARY,SELL,1789745176.415,0.0,0,-15.0,-4.8118063215281435
historical_walkforward,hist_seg1,historical7d|500ms|1|1|2549,historical7d,500ms,1,PRIMARY,SELL,1789745178.474,0.0,0,-15.037500000000819,-3.8113767718570064
historical_walkforward,hist_seg1,historical7d|500ms|1|1|2550,historical7d,500ms,1,PRIMARY,SELL,1789745213.964,0.0,0,-15.037500000000819,2.114244617345966
historical_walkforward,hist_seg1,historical7d|500ms|1|1|2551,historical7d,500ms,1,PRIMARY,SELL,1789745228.1729999,0.0,0,-15.262500000002317,-0.7806429067024525
historical_walkforward,hist_seg1,historical7d|500ms|1|1|2552,historical7d,500ms,1,PRIMARY,SELL,1789745229.875,0.0,0,-15.449999999999589,0.5148712563120439
historical_walkforward,hist_seg1,historical7d|500ms|1|2|2553,historical7d,500ms,1,SECONDARY,SELL,1789745230.8769999,0.0,0,-15.862500000001772,-2.263894992201687
historical_walkforward,hist_seg1,historical7d|500ms|1|4|2554,historical7d,500ms,1,BURST,SELL,1789745230.8769999,0.0,0,-3.937500000000682,-2.263894992201687
historical_walkforward,hist_seg1,historical7d|500ms|1|1|2552,historical7d,500ms,1,PRIMARY,SELL,1789745231.981,2.1059999465942383,1,-15.112499999999045,-2.5749119651709944
historical_walkforward,hist_seg1,historical7d|500ms|1|4|2555,historical7d,500ms,1,BURST,SELL,1789745232.48,0.0,0,-4.349999999999454,-3.3901809956868174
historical_walkforward,hist_seg1,historical7d|500ms|1|1|2556,historical7d,500ms,1,PRIMARY,SELL,1789745233.988,0.0,0,-16.537500000002865,-2.2558921321863856
historical_walkforward,hist_seg1,historical7d|500ms|1|4|2557,historical7d,500ms,1,BURST,SELL,1789745233.988,0.0,0,-4.6125000000017735,-2.2558921321863856
historical_walkforward,hist_seg1,historical7d|500ms|1|1|2558,historical7d,500ms,1,PRIMARY,SELL,1789745237.444,0.0,0,-16.12499999999727,-2.602781910358574
historical_walkforward,hist_seg1,historical7d|500ms|1|1|2559,historical7d,500ms,1,PRIMARY,SELL,1789745238.9420002,0.0,0,-16.049999999999045,-5.084013194517014
historical_walkforward,hist_seg1,historical7d|500ms|1|1|2560,historical7d,500ms,1,PRIMARY,SELL,1789745240.444,0.0,0,-15.599999999999454,-5.154267889045185
historical_walkforward,hist_seg1,historical7d|500ms|1|1|2561,historical7d,500ms,1,PRIMARY,SELL,1789745241.447,0.0,0,-15.337499999997135,-0.731617939312762
historical_walkforward,hist_seg1,historical7d|500ms|1|1|2562,historical7d,500ms,1,PRIMARY,SELL,1789745242.3990002,0.0,0,-15.262500000002317,1.255602883368832
historical_walkforward,hist_seg1,historical7d|500ms|1|1|2563,historical7d,500ms,1,PRIMARY,SELL,1789745243.9980001,0.0,0,-15.2250000000015,1.5341773279720465
historical_walkforward,hist_seg1,historical7d|500ms|1|1|2564,historical7d,500ms,1,PRIMARY,SELL,1789745245.3,0.0,0,-15.375000000001364,-1.3839978037356802
historical_walkforward,hist_seg1,historical7d|500ms|1|1|2565,historical7d,500ms,1,PRIMARY,SELL,1789745246.4550002,0.0,0,-15.63749999999686,-1.4259750070654749
historical_walkforward,hist_seg1,historical7d|500ms|1|1|2566,historical7d,500ms,1,PRIMARY,SELL,1789745249.812,0.0,0,-15.187499999997272,-1.8302378160126351
historical_walkforward,hist_seg1,historical7d|500ms|1|1|2567,historical7d,500ms,1,PRIMARY,SELL,1789745250.761,0.0,0,-16.012499999998226,-3.602595971386194
historical_walkforward,hist_seg1,historical7d|500ms|1|1|2568,historical7d,500ms,1,PRIMARY,SELL,1789745253.121,0.0,0,-15.524999999997817,-2.4235503767132536
historical_walkforward,hist_seg1,historical7d|500ms|1|1|2569,historical7d,500ms,1,PRIMARY,SELL,1789745254.317,0.0,0,-15.749999999999318,-5.892728554938908
historical_walkforward,hist_seg1,historical7d|500ms|1|1|2570,historical7d,500ms,1,PRIMARY,SELL,1789745255.768,0.0,0,-15.299999999999727,-4.156893003969013
historical_walkforward,hist_seg1,historical7d|500ms|1|1|2571,historical7d,500ms,1,PRIMARY,SELL,1789745256.82,0.0,0,-16.050000000002456,-5.900651786798945
historical_walkforward,hist_seg1,historical7d|500ms|1|1|2572,historical7d,500ms,1,PRIMARY,SELL,1789745259.375,0.0,0,-16.012500000001637,-3.3826972984719985
historical_walkforward,hist_seg1,historical7d|500ms|1|1|2573,historical7d,500ms,1,PRIMARY,SELL,1789745260.981,0.0,0,-15.487500000000411,-1.1533389580221702
historical_walkforward,hist_seg1,historical7d|500ms|1|1|2574,historical7d,500ms,1,PRIMARY,SELL,1789745262.4780002,0.0,0,-15.0,-4.916827534346641
historical_walkforward,hist_seg1,historical7d|500ms|1|1|2575,historical7d,500ms,1,PRIMARY,SELL,1789745264.733,0.0,0,-15.149999999999864,-2.7491412392781673
historical_walkforward,hist_seg1,historical7d|500ms|1|1|2576,historical7d,500ms,1,PRIMARY,SELL,1789745267.284,0.0,0,-16.1625000000015,-5.137847903822933
historical_walkforward,hist_seg1,historical7d|500ms|1|1|2577,historical7d,500ms,1,PRIMARY,SELL,1789745269.738,0.0,0,-15.337500000000546,-3.1905978292643695
historical_walkforward,hist_seg1,historical7d|500ms|1|1|2577,historical7d,500ms,1,PRIMARY,SELL,1789745271.848,2.1100001335144043,1,-16.20000000000232,-2.4901601269173126
historical_walkforward,hist_seg1,historical7d|500ms|1|1|2578,historical7d,500ms,1,PRIMARY,SELL,1789745273.3470001,0.0,0,-15.562500000002046,-1.7988625704971022
historical_walkforward,hist_seg1,historical7d|500ms|1|1|2579,historical7d,500ms,1,PRIMARY,SELL,1789745275.851,0.0,0,-16.1625000000015,-3.808922001608467
historical_walkforward,hist_seg1,historical7d|500ms|1|1|2580,historical7d,500ms,1,PRIMARY,SELL,1789745277.402,0.0,0,-15.074999999998225,3.8745097640542396
historical_walkforward,hist_seg1,historical7d|500ms|1|1|2581,historical7d,500ms,1,PRIMARY,SELL,1789745279.458,0.0,0,-15.412499999998772,-1.6864464932556693
historical_walkforward,hist_seg1,historical7d|500ms|1|1|2582,historical7d,500ms,1,PRIMARY,SELL,1789745280.96,0.0,0,-16.16249999999809,-4.653652906740944
historical_walkforward,hist_seg1,historical7d|500ms|1|1|2582,historical7d,500ms,1,PRIMARY,SELL,1789745282.965,2.004999876022339,1,-15.71250000000191,-1.5662678268345218
historical_walkforward,hist_seg1,historical7d|500ms|1|1|2583,historical7d,500ms,1,PRIMARY,SELL,1789745283.963,0.0,0,-15.7124999999985,-3.4234042812040113
historical_walkforward,hist_seg1,historical7d|500ms|1|1|2584,historical7d,500ms,1,PRIMARY,SELL,1789745285.515,0.0,0,-15.074999999998225,-2.097146269339196
historical_walkforward,hist_seg1,historical7d|500ms|1|1|2584,historical7d,500ms,1,PRIMARY,SELL,1789745287.668,2.1529998779296875,1,-16.049999999999045,-0.9659152425632224
historical_walkforward,hist_seg1,historical7d|500ms|1|1|2585,historical7d,500ms,1,PRIMARY,SELL,1789745302.284,0.0,0,-15.599999999999454,-0.5603740069505109
historical_walkforward,hist_seg1,historical7d|500ms|1|1|2586,historical7d,500ms,1,PRIMARY,SELL,1789745304.386,0.0,0,-15.374999999997954,0.13494984082214304
historical_walkforward,hist_seg1,historical7d|500ms|1|1|2587,historical7d,500ms,1,PRIMARY,SELL,1789745306.185,0.0,0,-15.599999999999454,2.170534285216463
historical_walkforward,hist_seg1,historical7d|500ms|1|1|2588,historical7d,500ms,1,PRIMARY,SELL,1789745356.959,0.0,0,-15.112499999999045,-1.4850001643774824
historical_walkforward,hist_seg1,historical7d|500ms|1|3|2589,historical7d,500ms,1,MICRO,BUY,1789745476.022,0.0,0,22.59374999999949,-0.30989527514406867
historical_walkforward,hist_seg1,historical7d|500ms|1|3|2590,historical7d,500ms,1,MICRO,BUY,1789745477.828,0.0,0,22.631250000000307,0.09385883220960067
historical_walkforward,hist_seg1,historical7d|500ms|1|3|2591,historical7d,500ms,1,MICRO,BUY,1789745480.3379998,0.0,0,-3.112499999999727,-0.35291847876941707
historical_walkforward,hist_seg1,historical7d|500ms|1|3|2592,historical7d,500ms,1,MICRO,BUY,1789745482.4390001,0.0,0,-1.3499999999987722,0.19018540911452242
historical_walkforward,hist_seg1,historical7d|500ms|1|3|2593,historical7d,500ms,1,MICRO,BUY,1789745483.992,0.0,0,-1.5374999999994543,-0.49621073365021784
historical_walkforward,hist_seg1,historical7d|500ms|1|3|2594,historical7d,500ms,1,MICRO,BUY,1789745484.963,0.0,0,-1.4625000000012278,-5.387648619664115
historical_walkforward,hist_seg1,historical7d|500ms|1|3|2595,historical7d,500ms,1,MICRO,BUY,1789745485.9950001,0.0,0,-0.37499999999795364,-2.299476002674611
historical_walkforward,hist_seg1,historical7d|500ms|1|3|2596,historical7d,500ms,1,MICRO,BUY,1789745577.4529998,0.0,0,19.621875000001125,3.829773338166739
historical_walkforward,hist_seg1,historical7d|500ms|1|4|2597,historical7d,500ms,1,BURST,BUY,1789745637.9910002,0.0,0,-1.1625000000015007,2.8306341488697337
historical_walkforward,hist_seg1,historical7d|500ms|1|4|2598,historical7d,500ms,1,BURST,BUY,1789745640.9980001,0.0,0,-0.22500000000150064,3.64212348363246
historical_walkforward,hist_seg1,historical7d|500ms|1|4|2599,historical7d,500ms,1,BURST,BUY,1789745641.9950001,0.0,0,-1.7625000000009547,3.610926037861294
historical_walkforward,hist_seg1,historical7d|500ms|1|3|2600,historical7d,500ms,1,MICRO,BUY,1789745708.896,0.0,0,-3.1500000000005457,3.5958421798958917
historical_walkforward,hist_seg1,historical7d|500ms|1|3|2601,historical7d,500ms,1,MICRO,BUY,1789745710.497,0.0,0,-2.887500000001637,3.4965052680948
historical_walkforward,hist_seg1,historical7d|500ms|1|1|2602,historical7d,500ms,1,PRIMARY,BUY,1789747212.315,0.0,0,-10.237499999998363,7.618111276070251
historical_walkforward,hist_seg1,historical7d|500ms|1|1|2603,historical7d,500ms,1,PRIMARY,BUY,1789747214.317,0.0,0,-13.53749999999877,-3.818371688079856
historical_walkforward,hist_seg1,historical7d|500ms|1|1|2604,historical7d,500ms,1,PRIMARY,BUY,1789747216.472,0.0,0,-12.1875,-7.875502718208461
historical_walkforward,hist_seg1,historical7d|500ms|1|1|2605,historical7d,500ms,1,PRIMARY,BUY,1789747218.425,0.0,0,-12.749999999998634,-7.141417042096399
historical_walkforward,hist_seg1,historical7d|500ms|1|1|2606,historical7d,500ms,1,PRIMARY,BUY,1789747221.3769999,0.0,0,-14.32499999999891,-5.664024363299784
historical_walkforward,hist_seg1,historical7d|500ms|1|1|2607,historical7d,500ms,1,PRIMARY,BUY,1789747235.8430002,0.0,0,-13.31250000000068,-9.286304487292558
historical_walkforward,hist_seg1,historical7d|500ms|1|1|2608,historical7d,500ms,1,PRIMARY,BUY,1789747240.848,0.0,0,-12.375000000000684,-8.321543388859405
historical_walkforward,hist_seg1,historical7d|500ms|1|1|2609,historical7d,500ms,1,PRIMARY,BUY,1789747243.4529998,0.0,0,-12.825000000000273,-7.252909720667655
historical_walkforward,hist_seg1,historical7d|500ms|1|1|2610,historical7d,500ms,1,PRIMARY,BUY,1789747245.401,0.0,0,-14.137499999998226,-6.322513509547925
historical_walkforward,hist_seg1,historical7d|500ms|1|1|2611,historical7d,500ms,1,PRIMARY,BUY,1789747246.258,0.0,0,-14.512499999999589,-8.137517041612176
historical_walkforward,hist_seg1,historical7d|500ms|1|1|2612,historical7d,500ms,1,PRIMARY,BUY,1789747247.9550002,0.0,0,-15.599999999999454,-8.729675618540448
historical_walkforward,hist_seg1,historical7d|500ms|1|1|2613,historical7d,500ms,1,PRIMARY,BUY,1789747249.355,0.0,0,-15.337500000000546,-9.830895125168599
historical_walkforward,hist_seg1,historical7d|500ms|1|1|2614,historical7d,500ms,1,PRIMARY,BUY,1789747251.46,0.0,0,-15.67500000000109,-7.947632404009996
historical_walkforward,hist_seg1,historical7d|500ms|1|1|2615,historical7d,500ms,1,PRIMARY,BUY,1789747252.866,0.0,0,-15.2250000000015,-9.99676605684291
historical_walkforward,hist_seg1,historical7d|500ms|1|1|2616,historical7d,500ms,1,PRIMARY,BUY,1789747254.472,0.0,0,-15.075000000001635,-7.8041953953901775
historical_walkforward,hist_seg1,historical7d|500ms|1|1|2617,historical7d,500ms,1,PRIMARY,BUY,1789747255.9740002,0.0,0,-15.562499999998636,-7.78323777364529
historical_walkforward,hist_seg1,historical7d|500ms|1|1|2617,historical7d,500ms,1,PRIMARY,BUY,1789747257.977,2.002999782562256,1,-15.375000000001364,-9.909513618888885
historical_walkforward,hist_seg1,historical7d|500ms|1|1|2618,historical7d,500ms,1,PRIMARY,BUY,1789747258.929,0.0,0,-15.22499999999809,-10.321629165012126
historical_walkforward,hist_seg1,historical7d|500ms|1|1|2619,historical7d,500ms,1,PRIMARY,BUY,1789747260.474,0.0,0,-15.22499999999809,-9.467368043153924
historical_walkforward,hist_seg1,historical7d|500ms|1|1|2620,historical7d,500ms,1,PRIMARY,BUY,1789747261.822,0.0,0,-15.787500000000136,-10.159187972774044
historical_walkforward,hist_seg1,historical7d|500ms|1|1|2621,historical7d,500ms,1,PRIMARY,BUY,1789747264.4889998,0.0,0,-16.19999999999891,-12.775462161034401
historical_walkforward,hist_seg1,historical7d|500ms|1|1|2622,historical7d,500ms,1,PRIMARY,BUY,1789747267.486,0.0,0,-15.449999999999589,-12.118136361011768
historical_walkforward,hist_seg1,historical7d|500ms|1|1|2623,historical7d,500ms,1,PRIMARY,BUY,1789747268.937,0.0,0,-15.299999999999727,-11.92518281720843
historical_walkforward,hist_seg1,historical7d|500ms|1|1|2624,historical7d,500ms,1,PRIMARY,BUY,1789747269.9390001,0.0,0,-15.299999999999727,-12.723231149896762
historical_walkforward,hist_seg1,historical7d|500ms|1|1|2625,historical7d,500ms,1,PRIMARY,BUY,1789747271.4899998,0.0,0,-16.19999999999891,-5.735675106923822
historical_walkforward,hist_seg1,historical7d|500ms|1|1|2626,historical7d,500ms,1,PRIMARY,BUY,1789747273.445,0.0,0,-15.524999999997817,-10.806546647743048
historical_walkforward,hist_seg1,historical7d|500ms|1|1|2627,historical7d,500ms,1,PRIMARY,BUY,1789747274.9459999,0.0,0,-15.299999999999727,-9.063232325188892
historical_walkforward,hist_seg1,historical7d|500ms|1|1|2628,historical7d,500ms,1,PRIMARY,BUY,1789747276.449,0.0,0,-15.375000000001364,-9.004841264666616
historical_walkforward,hist_seg1,historical7d|500ms|1|1|2629,historical7d,500ms,1,PRIMARY,BUY,1789747279.85,0.0,0,-15.374999999997954,-9.363417302561388
historical_walkforward,hist_seg1,historical7d|500ms|1|1|2630,historical7d,500ms,1,PRIMARY,BUY,1789747281.906,0.0,0,-15.037500000000819,-5.908572342924671
historical_walkforward,hist_seg1,historical7d|500ms|1|1|2631,historical7d,500ms,1,PRIMARY,BUY,1789747282.961,0.0,0,-15.375000000001364,-7.967681345966283
historical_walkforward,hist_seg1,historical7d|500ms|1|1|2632,historical7d,500ms,1,PRIMARY,BUY,1789747284.96,0.0,0,-15.0,-7.612411119291805
historical_walkforward,hist_seg1,historical7d|500ms|1|1|2633,historical7d,500ms,1,PRIMARY,BUY,1789747285.911,0.0,0,-15.187500000000682,-6.29790452255505
historical_walkforward,hist_seg1,historical7d|500ms|1|1|2634,historical7d,500ms,1,PRIMARY,BUY,1789747287.9169998,0.0,0,-15.449999999999589,-9.017550474372534
historical_walkforward,hist_seg1,historical7d|500ms|1|1|2635,historical7d,500ms,1,PRIMARY,BUY,1789747301.997,0.0,0,-14.850000000000135,-1.5622111133486536
historical_walkforward,hist_seg1,historical7d|500ms|1|3|2636,historical7d,500ms,1,MICRO,SELL,1789747384.487,0.0,0,-4.6499999999991815,-12.97038941433326
historical_walkforward,hist_seg1,historical7d|500ms|1|3|2637,historical7d,500ms,1,MICRO,SELL,1789747390.945,0.0,0,-10.0874999999985,-11.002839189936763
historical_walkforward,hist_seg1,historical7d|500ms|1|3|2638,historical7d,500ms,1,MICRO,SELL,1789747408.923,0.0,0,-15.262499999998907,-8.123205928476635
historical_walkforward,hist_seg1,historical7d|500ms|1|3|2639,historical7d,500ms,1,MICRO,SELL,1789747410.669,0.0,0,-13.53749999999877,-8.045140198503768
historical_walkforward,hist_seg1,historical7d|500ms|1|3|2640,historical7d,500ms,1,MICRO,SELL,1789747413.972,0.0,0,-15.262499999998907,-8.585954591330557
historical_walkforward,hist_seg1,historical7d|500ms|1|2|2641,historical7d,500ms,1,SECONDARY,BUY,1789747489.987,0.0,0,-15.524999999997817,-7.811532686715963
historical_walkforward,hist_seg1,historical7d|500ms|1|3|2642,historical7d,500ms,1,MICRO,BUY,1789747494.997,0.0,0,-1.7250000000001364,-6.788371091075592
historical_walkforward,hist_seg1,historical7d|500ms|1|3|2643,historical7d,500ms,1,MICRO,BUY,1789747501.46,0.0,0,-4.349999999999454,-7.7623268526734455
historical_walkforward,hist_seg1,historical7d|500ms|1|3|2644,historical7d,500ms,1,MICRO,BUY,1789747502.409,0.0,0,-4.837499999999864,-8.11964794703021
historical_walkforward,hist_seg1,historical7d|500ms|1|3|2645,historical7d,500ms,1,MICRO,BUY,1789747504.414,0.0,0,-4.049999999999727,-7.30637623359067
historical_walkforward,hist_seg1,historical7d|500ms|1|3|2646,historical7d,500ms,1,MICRO,BUY,1789747522.4889998,0.0,0,-3.3749999999986353,-6.754203949660142
historical_walkforward,hist_seg1,historical7d|500ms|1|3|2647,historical7d,500ms,1,MICRO,BUY,1789747523.292,0.0,0,-2.9624999999998636,-6.988714816908081
historical_walkforward,hist_seg1,historical7d|500ms|1|3|2648,historical7d,500ms,1,MICRO,BUY,1789747527.4499998,0.0,0,-3.337499999997817,-6.336624853688938
historical_walkforward,hist_seg1,historical7d|500ms|1|3|2649,historical7d,500ms,1,MICRO,BUY,1789747528.248,0.0,0,-3.2624999999995907,-8.102241497149672
historical_walkforward,hist_seg1,historical7d|500ms|1|3|2650,historical7d,500ms,1,MICRO,BUY,1789747529.451,0.0,0,-3.6000000000001364,-6.223385758688982
historical_walkforward,hist_seg1,historical7d|500ms|1|3|2651,historical7d,500ms,1,MICRO,BUY,1789747531.449,0.0,0,-4.7624999999982265,-7.99210609476729
historical_walkforward,hist_seg1,historical7d|500ms|1|3|2652,historical7d,500ms,1,MICRO,BUY,1789747534.405,0.0,0,-4.162499999998772,-9.772924371880569
historical_walkforward,hist_seg1,historical7d|500ms|1|3|2653,historical7d,500ms,1,MICRO,BUY,1789747536.356,0.0,0,-5.625,-5.932855034698237
historical_walkforward,hist_seg1,historical7d|500ms|1|3|2654,historical7d,500ms,1,MICRO,BUY,1789747537.909,0.0,0,-4.7624999999982265,-5.93887629865375
historical_walkforward,hist_seg1,historical7d|500ms|1|1|2655,historical7d,500ms,1,PRIMARY,SELL,1789749090.464,0.0,0,19.46250000000191,5.112341245663712
historical_walkforward,hist_seg1,historical7d|500ms|1|1|2656,historical7d,500ms,1,PRIMARY,SELL,1789749091.465,0.0,0,19.9125000000015,7.398262146930203
historical_walkforward,hist_seg1,historical7d|500ms|1|1|2657,historical7d,500ms,1,PRIMARY,SELL,1789749093.963,0.0,0,19.875000000000682,7.47906592638619
historical_walkforward,hist_seg1,historical7d|500ms|1|1|2658,historical7d,500ms,1,PRIMARY,SELL,1789749096.4190001,0.0,0,20.3999999999985,6.282958932950799
historical_walkforward,hist_seg1,historical7d|500ms|1|1|2659,historical7d,500ms,1,PRIMARY,SELL,1789749098.9180002,0.0,0,19.6875,6.7851860505575265
historical_walkforward,hist_seg1,historical7d|500ms|1|1|2660,historical7d,500ms,1,PRIMARY,SELL,1789749101.47,0.0,0,17.624999999999318,4.758983397089855
historical_walkforward,hist_seg1,historical7d|500ms|1|1|2661,historical7d,500ms,1,PRIMARY,SELL,1789749103.9689999,0.0,0,19.42500000000109,9.21808972160707
historical_walkforward,hist_seg1,historical7d|500ms|1|1|2662,historical7d,500ms,1,PRIMARY,SELL,1789749105.971,0.0,0,18.337499999997817,8.172892011953143
historical_walkforward,hist_seg1,historical7d|500ms|1|1|2663,historical7d,500ms,1,PRIMARY,SELL,1789749109.479,0.0,0,18.187499999997954,7.811842380015625
historical_walkforward,hist_seg1,historical7d|500ms|1|1|2664,historical7d,500ms,1,PRIMARY,SELL,1789749110.928,0.0,0,20.174999999997,6.882547260035064
historical_walkforward,hist_seg1,historical7d|500ms|1|1|2665,historical7d,500ms,1,PRIMARY,SELL,1789749134.4889998,0.0,0,16.537499999999454,6.088339049368594
historical_walkforward,hist_seg1,historical7d|500ms|1|1|2666,historical7d,500ms,1,PRIMARY,SELL,1789749135.4899998,0.0,0,16.949999999998226,6.372661937181174
historical_walkforward,hist_seg1,historical7d|500ms|1|1|2667,historical7d,500ms,1,PRIMARY,SELL,1789749264.905,0.0,0,20.062500000001364,5.272413696323667
historical_walkforward,hist_seg1,historical7d|500ms|1|1|2668,historical7d,500ms,1,PRIMARY,SELL,1789749266.459,0.0,0,18.30000000000041,4.272781898588216
historical_walkforward,hist_seg1,historical7d|500ms|1|1|2669,historical7d,500ms,1,PRIMARY,SELL,1789749288.485,0.0,0,21.07499999999959,6.5252790915645456
historical_walkforward,hist_seg1,historical7d|500ms|1|1|2670,historical7d,500ms,1,PRIMARY,SELL,1789749289.983,0.0,0,21.30000000000109,6.666649771583336
historical_walkforward,hist_seg1,historical7d|500ms|1|1|2671,historical7d,500ms,1,PRIMARY,SELL,1789749291.14,0.0,0,19.6875,4.728623666506436
historical_walkforward,hist_seg1,historical7d|500ms|1|1|2672,historical7d,500ms,1,PRIMARY,SELL,1789749292.838,0.0,0,20.550000000001774,5.146501428452948
historical_walkforward,hist_seg1,historical7d|500ms|1|1|2673,historical7d,500ms,1,PRIMARY,SELL,1789749293.8899999,0.0,0,19.499999999999318,5.383754769137767
historical_walkforward,hist_seg1,historical7d|500ms|1|1|2674,historical7d,500ms,1,PRIMARY,SELL,1789749295.9420002,0.0,0,16.312500000001364,6.502597103401647
historical_walkforward,hist_seg1,historical7d|500ms|1|1|2675,historical7d,500ms,1,PRIMARY,SELL,1789749297.941,0.0,0,15.562499999998636,6.583452231116025
historical_walkforward,hist_seg1,historical7d|500ms|1|1|2676,historical7d,500ms,1,PRIMARY,SELL,1789749298.9910002,0.0,0,13.499999999997952,4.224250479020702
historical_walkforward,hist_seg1,historical7d|500ms|1|1|2677,historical7d,500ms,1,PRIMARY,SELL,1789749300.448,0.0,0,15.037500000000819,4.806915881187314
historical_walkforward,hist_seg1,historical7d|500ms|1|1|2678,historical7d,500ms,1,PRIMARY,SELL,1789749302.448,0.0,0,15.074999999998225,5.544971132363338
historical_walkforward,hist_seg1,historical7d|500ms|1|1|2679,historical7d,500ms,1,PRIMARY,SELL,1789749303.999,0.0,0,15.975000000000819,5.672019504343794
historical_walkforward,hist_seg1,historical7d|500ms|1|1|2680,historical7d,500ms,1,PRIMARY,SELL,1789749307.356,0.0,0,16.499999999998636,3.122301218368518
historical_walkforward,hist_seg1,historical7d|500ms|1|1|2681,historical7d,500ms,1,PRIMARY,SELL,1789749308.4540002,0.0,0,14.437499999997954,5.572682592542706
historical_walkforward,hist_seg1,historical7d|500ms|1|1|2682,historical7d,500ms,1,PRIMARY,SELL,1789749309.459,0.0,0,14.587500000001228,3.7405735703724052
historical_walkforward,hist_seg1,historical7d|500ms|1|1|2683,historical7d,500ms,1,PRIMARY,SELL,1789749310.907,0.0,0,14.137500000001637,3.221638130169606
historical_walkforward,hist_seg1,historical7d|500ms|1|1|2683,historical7d,500ms,1,PRIMARY,SELL,1789749312.961,2.053999900817871,1,15.0,3.221638130169606
historical_walkforward,hist_seg1,historical7d|500ms|1|1|2684,historical7d,500ms,1,PRIMARY,SELL,1789749314.46,0.0,0,14.962500000002592,2.756780131892998
historical_walkforward,hist_seg1,historical7d|500ms|1|1|2684,historical7d,500ms,1,PRIMARY,SELL,1789749316.461,2.000999927520752,1,19.42500000000109,3.3533469356847174
historical_walkforward,hist_seg1,historical7d|500ms|1|1|2685,historical7d,500ms,1,PRIMARY,SELL,1789749317.963,0.0,0,19.9125000000015,4.841436791719709
historical_walkforward,hist_seg1,historical7d|500ms|1|1|2686,historical7d,500ms,1,PRIMARY,SELL,1789749320.412,0.0,0,13.649999999997817,5.277681922363136
historical_walkforward,hist_seg1,historical7d|500ms|1|1|2687,historical7d,500ms,1,PRIMARY,SELL,1789749322.4620001,0.0,0,11.849999999999454,4.112941548467558
historical_walkforward,hist_seg1,historical7d|500ms|1|1|2688,historical7d,500ms,1,PRIMARY,SELL,1789749325.719,0.0,0,13.124999999999998,4.555370062437078
historical_walkforward,hist_seg1,historical7d|500ms|1|1|2689,historical7d,500ms,1,PRIMARY,SELL,1789749328.869,0.0,0,13.500000000001362,4.579823291531001
historical_walkforward,hist_seg1,historical7d|500ms|1|1|2690,historical7d,500ms,1,PRIMARY,SELL,1789749332.373,0.0,0,9.6000000000015,4.975398336250491
historical_walkforward,hist_seg1,historical7d|500ms|1|1|2691,historical7d,500ms,1,PRIMARY,SELL,1789749335.928,0.0,0,11.812499999998636,8.233714995291269
historical_walkforward,hist_seg1,historical7d|500ms|1|1|2692,historical7d,500ms,1,PRIMARY,SELL,1789749341.988,0.0,0,12.487499999999727,8.795982480739184
historical_walkforward,hist_seg1,historical7d|500ms|1|1|2693,historical7d,500ms,1,PRIMARY,SELL,1789749343.483,0.0,0,12.862500000001091,6.772651319668379
historical_walkforward,hist_seg1,historical7d|500ms|1|1|2694,historical7d,500ms,1,PRIMARY,SELL,1789749344.984,0.0,0,12.075000000000955,6.845599978245201
historical_walkforward,hist_seg1,historical7d|500ms|1|1|2695,historical7d,500ms,1,PRIMARY,SELL,1789749345.99,0.0,0,8.099999999999454,6.512788442764945
historical_walkforward,hist_seg1,historical7d|500ms|1|1|2696,historical7d,500ms,1,PRIMARY,SELL,1789749347.484,0.0,0,6.150000000001228,5.176193340515072
historical_walkforward,hist_seg1,historical7d|500ms|1|1|2697,historical7d,500ms,1,PRIMARY,SELL,1789749348.4329998,0.0,0,6.712499999999864,5.313525891725986
historical_walkforward,hist_seg1,historical7d|500ms|1|1|2698,historical7d,500ms,1,PRIMARY,SELL,1789749349.985,0.0,0,7.687500000000682,4.800151037039137
historical_walkforward,hist_seg1,historical7d|500ms|1|1|2699,historical7d,500ms,1,PRIMARY,SELL,1789749350.9889998,0.0,0,13.049999999998363,5.196004187158383
historical_walkforward,hist_seg1,historical7d|500ms|1|1|2700,historical7d,500ms,1,PRIMARY,SELL,1789749356.4899998,0.0,0,14.47499999999877,5.897246995805546
historical_walkforward,hist_seg1,historical7d|500ms|1|1|2701,historical7d,500ms,1,PRIMARY,SELL,1789749359.488,0.0,0,13.049999999998363,4.825167097058232
historical_walkforward,hist_seg1,historical7d|500ms|1|1|2702,historical7d,500ms,1,PRIMARY,SELL,1789749365.9910002,0.0,0,-16.38749999999959,4.41677335214177
historical_walkforward,hist_seg1,historical7d|500ms|1|1|2703,historical7d,500ms,1,PRIMARY,SELL,1789749369.3969998,0.0,0,-15.637500000000271,6.493704275299802
historical_walkforward,hist_seg1,historical7d|500ms|1|1|2704,historical7d,500ms,1,PRIMARY,SELL,1789749370.297,0.0,0,-16.462500000001228,5.615901622869537
historical_walkforward,hist_seg1,historical7d|500ms|1|1|2705,historical7d,500ms,1,PRIMARY,SELL,1789749371.497,0.0,0,-15.0,4.631053725004627
historical_walkforward,hist_seg1,historical7d|500ms|1|1|2705,historical7d,500ms,1,PRIMARY,SELL,1789749373.949,2.4519999027252197,1,-15.599999999999454,4.955881821934717
historical_walkforward,hist_seg1,historical7d|500ms|1|1|2706,historical7d,500ms,1,PRIMARY,SELL,1789749374.999,0.0,0,-15.149999999999864,3.612969881261053
historical_walkforward,hist_seg1,historical7d|500ms|1|1|2707,historical7d,500ms,1,PRIMARY,SELL,1789749375.901,0.0,0,14.100000000000817,6.010624058053058
historical_walkforward,hist_seg1,historical7d|500ms|1|1|2708,historical7d,500ms,1,PRIMARY,SELL,1789749377.999,0.0,0,-15.67500000000109,4.467482976496852
historical_walkforward,hist_seg1,historical7d|500ms|1|1|2709,historical7d,500ms,1,PRIMARY,SELL,1789749380.6950002,0.0,0,-15.337499999997135,3.4873966459207324
historical_walkforward,hist_seg1,historical7d|500ms|1|1|2710,historical7d,500ms,1,PRIMARY,SELL,1789749383.9529998,0.0,0,-15.599999999999454,5.544971132363338
historical_walkforward,hist_seg1,historical7d|500ms|1|1|2711,historical7d,500ms,1,PRIMARY,SELL,1789749385.956,0.0,0,-15.22499999999809,5.766359190528785
historical_walkforward,hist_seg1,historical7d|500ms|1|1|2712,historical7d,500ms,1,PRIMARY,SELL,1789749389.355,0.0,0,-15.074999999998225,4.985798562547751
historical_walkforward,hist_seg1,historical7d|500ms|1|1|2713,historical7d,500ms,1,PRIMARY,SELL,1789749390.459,0.0,0,-15.337499999997135,3.778506478127275
historical_walkforward,hist_seg1,historical7d|500ms|1|1|2714,historical7d,500ms,1,PRIMARY,SELL,1789749398.468,0.0,0,-16.049999999999045,7.7040445259938855
historical_walkforward,hist_seg1,historical7d|500ms|1|1|2715,historical7d,500ms,1,PRIMARY,SELL,1789749399.922,0.0,0,-16.087499999999864,7.412315061604224
historical_walkforward,hist_seg1,historical7d|500ms|1|1|2716,historical7d,500ms,1,PRIMARY,SELL,1789749402.967,0.0,0,-15.074999999998225,6.625478746511486
historical_walkforward,hist_seg1,historical7d|500ms|1|1|2717,historical7d,500ms,1,PRIMARY,SELL,1789749403.8700001,0.0,0,-15.674999999997679,5.394417437691068
historical_walkforward,hist_seg1,historical7d|500ms|1|1|2718,historical7d,500ms,1,PRIMARY,SELL,1789749414.9750001,0.0,0,-15.824999999997543,4.796449071625049
historical_walkforward,hist_seg1,historical7d|500ms|1|1|2719,historical7d,500ms,1,PRIMARY,SELL,1789749417.882,0.0,0,-15.337500000000546,5.18290821823448
historical_walkforward,hist_seg1,historical7d|500ms|1|1|2720,historical7d,500ms,1,PRIMARY,SELL,1789749419.781,0.0,0,-15.22499999999809,4.981659546109439
historical_walkforward,hist_seg1,historical7d|500ms|1|1|2721,historical7d,500ms,1,PRIMARY,SELL,1789749421.334,0.0,0,-15.037500000000819,4.101673845164852
historical_walkforward,hist_seg1,historical7d|500ms|1|1|2722,historical7d,500ms,1,PRIMARY,SELL,1789749423.484,0.0,0,-15.374999999997954,4.849696587397415
historical_walkforward,hist_seg1,historical7d|500ms|1|2|2723,historical7d,500ms,1,SECONDARY,SELL,1789749423.992,0.0,0,-16.38749999999959,2.5802430966102343
historical_walkforward,hist_seg1,historical7d|500ms|1|1|2724,historical7d,500ms,1,PRIMARY,SELL,1789749425.889,0.0,0,-15.412499999998772,1.8717356377092902
historical_walkforward,hist_seg1,historical7d|500ms|1|1|2725,historical7d,500ms,1,PRIMARY,SELL,1789749429.4910002,0.0,0,-15.149999999999864,5.798011963173152
historical_walkforward,hist_seg1,historical7d|500ms|1|1|2726,historical7d,500ms,1,PRIMARY,SELL,1789749430.497,0.0,0,-15.112499999999045,6.944942600258721
historical_walkforward,hist_seg1,historical7d|500ms|1|1|2727,historical7d,500ms,1,PRIMARY,SELL,1789749431.949,0.0,0,-16.237499999999727,7.273879088913371
historical_walkforward,hist_seg1,historical7d|500ms|1|1|2728,historical7d,500ms,1,PRIMARY,SELL,1789749433.4060001,0.0,0,-15.22499999999809,7.584701663872886
historical_walkforward,hist_seg1,historical7d|500ms|1|1|2729,historical7d,500ms,1,PRIMARY,SELL,1789749434.352,0.0,0,-15.975000000000819,12.360796662091479
historical_walkforward,hist_seg1,historical7d|500ms|1|1|2730,historical7d,500ms,1,PRIMARY,SELL,1789749435.949,0.0,0,-15.749999999999318,10.303193626650012
historical_walkforward,hist_seg1,historical7d|500ms|1|1|2731,historical7d,500ms,1,PRIMARY,SELL,1789749436.999,0.0,0,-15.037500000000819,10.181899180595547
historical_walkforward,hist_seg1,historical7d|500ms|1|1|2732,historical7d,500ms,1,PRIMARY,SELL,1789749437.949,0.0,0,-16.275000000000546,9.666916325311664
historical_walkforward,hist_seg1,historical7d|500ms|1|1|2733,historical7d,500ms,1,PRIMARY,SELL,1789749460.421,0.0,0,-16.125000000000682,8.229800462724295
historical_walkforward,hist_seg1,historical7d|500ms|1|1|2734,historical7d,500ms,1,PRIMARY,SELL,1789749461.671,0.0,0,-16.275000000000546,7.978046237279661
historical_walkforward,hist_seg1,historical7d|500ms|1|1|2735,historical7d,500ms,1,PRIMARY,SELL,1789749772.999,0.0,0,-15.22499999999809,-10.960044375246119
historical_walkforward,hist_seg1,historical7d|500ms|1|1|2736,historical7d,500ms,1,PRIMARY,SELL,1789749773.95,0.0,0,-15.487500000000411,-10.743788221216384
historical_walkforward,hist_seg1,historical7d|500ms|1|1|2737,historical7d,500ms,1,PRIMARY,SELL,1789749776.449,0.0,0,-15.337500000000546,-9.107430996310017
historical_walkforward,hist_seg1,historical7d|500ms|1|1|2738,historical7d,500ms,1,PRIMARY,SELL,1789749778.799,0.0,0,-7.612500000002456,-10.943061814671184
historical_walkforward,hist_seg1,historical7d|500ms|1|1|2739,historical7d,500ms,1,PRIMARY,SELL,1789749785.267,0.0,0,-5.512500000000955,-6.461276443572193
historical_walkforward,hist_seg1,historical7d|500ms|1|1|2740,historical7d,500ms,1,PRIMARY,SELL,1789749812.999,0.0,0,19.312500000002046,-5.316449115709934
historical_walkforward,hist_seg1,historical7d|500ms|1|1|2741,historical7d,500ms,1,PRIMARY,SELL,1789749813.85,0.0,0,18.30000000000041,-4.976776885901221
historical_walkforward,hist_seg1,historical7d|500ms|1|1|2742,historical7d,500ms,1,PRIMARY,SELL,1789749814.951,0.0,0,18.600000000000136,-5.1226752196544245
historical_walkforward,hist_seg1,historical7d|500ms|1|1|2743,historical7d,500ms,1,PRIMARY,SELL,1789749837.681,0.0,0,-15.487500000000411,-7.1946593300881485
historical_walkforward,hist_seg1,historical7d|500ms|1|1|2744,historical7d,500ms,1,PRIMARY,SELL,1789749845.484,0.0,0,-17.32499999999959,-4.371479427374852
historical_walkforward,hist_seg1,historical7d|500ms|1|1|2745,historical7d,500ms,1,PRIMARY,SELL,1789749847.938,0.0,0,-17.024999999999864,-9.294709132431253
historical_walkforward,hist_seg1,historical7d|500ms|1|1|2745,historical7d,500ms,1,PRIMARY,SELL,1789749849.9910002,2.0530002117156982,1,-17.13749999999891,-9.254197889452836
historical_walkforward,hist_seg1,historical7d|500ms|1|1|2746,historical7d,500ms,1,PRIMARY,SELL,1789749852.9950001,0.0,0,-15.299999999999727,-10.414479782864815
historical_walkforward,hist_seg1,historical7d|500ms|1|1|2747,historical7d,500ms,1,PRIMARY,SELL,1789749859.452,0.0,0,-15.187500000000682,-7.716118700671356
historical_walkforward,hist_seg1,historical7d|500ms|1|1|2748,historical7d,500ms,1,PRIMARY,SELL,1789749866.912,0.0,0,-15.0,-5.086034897564486
historical_walkforward,hist_seg1,historical7d|500ms|1|1|2749,historical7d,500ms,1,PRIMARY,SELL,1789749868.463,0.0,0,-15.525000000001228,-7.119261980994027
historical_walkforward,hist_seg1,historical7d|500ms|1|1|2750,historical7d,500ms,1,PRIMARY,SELL,1789749872.971,0.0,0,-15.525000000001228,-5.365341371411222
historical_walkforward,hist_seg1,historical7d|500ms|1|1|2751,historical7d,500ms,1,PRIMARY,SELL,1789749874.973,0.0,0,-15.112499999999045,-7.459268239957326
historical_walkforward,hist_seg1,historical7d|500ms|1|1|2752,historical7d,500ms,1,PRIMARY,SELL,1789749876.319,0.0,0,-15.112500000002456,-6.361639074022525
historical_walkforward,hist_seg1,historical7d|500ms|1|1|2753,historical7d,500ms,1,PRIMARY,SELL,1789749881.428,0.0,0,-15.149999999999864,-8.466727356761005
historical_walkforward,hist_seg1,historical7d|500ms|1|1|2754,historical7d,500ms,1,PRIMARY,SELL,1789749886.983,0.0,0,-15.037500000000819,-6.723430040511628
historical_walkforward,hist_seg1,historical7d|500ms|1|1|2755,historical7d,500ms,1,PRIMARY,SELL,1789749901.997,0.0,0,-16.42500000000041,-7.1294094416344675
historical_walkforward,hist_seg1,historical7d|500ms|1|1|2756,historical7d,500ms,1,PRIMARY,SELL,1789750106.91,0.0,0,-15.9375,-10.50426197481387
historical_walkforward,hist_seg1,historical7d|500ms|1|1|2756,historical7d,500ms,1,PRIMARY,SELL,1789750108.965,2.054999828338623,1,-15.449999999999589,-8.646796576629528
historical_walkforward,hist_seg1,historical7d|500ms|1|1|2757,historical7d,500ms,1,PRIMARY,SELL,1789750253.479,0.0,0,-15.037500000000819,-9.136263629715556
historical_walkforward,hist_seg1,historical7d|500ms|1|1|2758,historical7d,500ms,1,PRIMARY,SELL,1789750255.483,0.0,0,-15.187500000000682,-6.840751237523296
historical_walkforward,hist_seg1,historical7d|500ms|1|1|2759,historical7d,500ms,1,PRIMARY,SELL,1789750269.492,0.0,0,-15.149999999999864,-5.665933339638677
historical_walkforward,hist_seg1,historical7d|500ms|1|1|2760,historical7d,500ms,1,PRIMARY,SELL,1789750271.499,0.0,0,-15.262499999998907,-5.772256419525315
historical_walkforward,hist_seg1,historical7d|500ms|1|1|2761,historical7d,500ms,1,PRIMARY,SELL,1789750275.499,0.0,0,-16.537499999999454,-9.062909450591988
historical_walkforward,hist_seg1,historical7d|500ms|1|1|2762,historical7d,500ms,1,PRIMARY,SELL,1789750281.962,0.0,0,-15.037500000000819,-6.025462896583492
historical_walkforward,hist_seg1,historical7d|500ms|1|1|2763,historical7d,500ms,1,PRIMARY,SELL,1789750282.961,0.0,0,-15.187500000000682,-7.246315620969236
historical_walkforward,hist_seg1,historical7d|500ms|1|1|2764,historical7d,500ms,1,PRIMARY,SELL,1789750283.9689999,0.0,0,-15.187500000000682,-6.555867714930375
historical_walkforward,hist_seg1,historical7d|500ms|1|1|2765,historical7d,500ms,1,PRIMARY,SELL,1789750284.963,0.0,0,-15.149999999999864,-6.304113489485741
historical_walkforward,hist_seg1,historical7d|500ms|1|1|2766,historical7d,500ms,1,PRIMARY,SELL,1789750286.415,0.0,0,-15.975000000000819,-7.542261269575886
historical_walkforward,hist_seg1,historical7d|500ms|1|1|2767,historical7d,500ms,1,PRIMARY,SELL,1789750287.4659998,0.0,0,-15.562499999998636,-6.949359417348593
historical_walkforward,hist_seg1,historical7d|500ms|1|1|2768,historical7d,500ms,1,PRIMARY,SELL,1789750289.973,0.0,0,-15.825000000000953,-7.227447623611226
historical_walkforward,hist_seg1,historical7d|500ms|1|1|2769,historical7d,500ms,1,PRIMARY,SELL,1789750294.473,0.0,0,-15.0,-6.370338491360354
historical_walkforward,hist_seg1,historical7d|500ms|1|1|2770,historical7d,500ms,1,PRIMARY,SELL,1789750295.4190001,0.0,0,-16.38749999999959,-7.516669745761189
historical_walkforward,hist_seg1,historical7d|500ms|1|1|2771,historical7d,500ms,1,PRIMARY,SELL,1789750300.486,0.0,0,-15.599999999999454,-7.8898095758245725
historical_walkforward,hist_seg1,historical7d|500ms|1|1|2772,historical7d,500ms,1,PRIMARY,SELL,1789750308.4899998,0.0,0,-15.074999999998225,-8.811029904756934
historical_walkforward,hist_seg1,historical7d|500ms|1|1|2773,historical7d,500ms,1,PRIMARY,SELL,1789750310.9420002,0.0,0,-15.825000000000953,-4.662323418799131
historical_walkforward,hist_seg1,historical7d|500ms|1|1|2774,historical7d,500ms,1,PRIMARY,SELL,1789750433.971,0.0,0,-15.524999999997817,-8.755128080031318
historical_walkforward,hist_seg1,historical7d|500ms|1|1|2775,historical7d,500ms,1,PRIMARY,SELL,1789750434.922,0.0,0,-15.374999999997954,-9.131170383507255
historical_walkforward,hist_seg1,historical7d|500ms|1|1|2776,historical7d,500ms,1,PRIMARY,SELL,1789750451.994,0.0,0,-15.337500000000546,-9.638230343933651
historical_walkforward,hist_seg1,historical7d|500ms|1|1|2777,historical7d,500ms,1,PRIMARY,SELL,1789750458.948,0.0,0,-15.562500000002046,-10.566844747763906
historical_walkforward,hist_seg1,historical7d|500ms|1|1|2778,historical7d,500ms,1,PRIMARY,SELL,1789750633.416,0.0,0,-15.149999999999864,-6.464763840817734
historical_walkforward,hist_seg1,historical7d|500ms|1|1|2779,historical7d,500ms,1,PRIMARY,SELL,1789750635.472,0.0,0,-15.037499999997408,-8.311417465046661
historical_walkforward,hist_seg1,historical7d|500ms|1|1|2780,historical7d,500ms,1,PRIMARY,SELL,1789750687.2499998,0.0,0,-15.187500000000682,-6.552801610218557
historical_walkforward,hist_seg1,historical7d|500ms|1|4|2781,historical7d,500ms,1,BURST,SELL,1789751987.461,0.0,0,10.424999999999045,-7.790784174667022
historical_walkforward,hist_seg1,historical7d|500ms|1|1|2782,historical7d,500ms,1,PRIMARY,SELL,1789752032.405,0.0,0,-15.412500000002183,-7.902662647216793
historical_walkforward,hist_seg1,historical7d|500ms|1|1|2783,historical7d,500ms,1,PRIMARY,SELL,1789752033.554,0.0,0,-15.299999999999727,-5.6082727472709015
historical_walkforward,hist_seg1,historical7d|500ms|1|1|2784,historical7d,500ms,1,PRIMARY,SELL,1789752034.957,0.0,0,-15.487499999997,-6.580798852914755
historical_walkforward,hist_seg1,historical7d|500ms|1|1|2785,historical7d,500ms,1,PRIMARY,SELL,1789752038.46,0.0,0,-15.075000000001635,-8.263541410272701
historical_walkforward,hist_seg1,historical7d|500ms|1|1|2786,historical7d,500ms,1,PRIMARY,SELL,1789752039.963,0.0,0,-15.0,-9.326974362878717
historical_walkforward,hist_seg1,historical7d|500ms|1|1|2787,historical7d,500ms,1,PRIMARY,SELL,1789752041.414,0.0,0,-15.112499999999045,-9.619972264978282
historical_walkforward,hist_seg1,historical7d|500ms|1|1|2788,historical7d,500ms,1,PRIMARY,SELL,1789752042.4169998,0.0,0,-15.487500000000411,-8.583050756661613
historical_walkforward,hist_seg1,historical7d|500ms|1|1|2789,historical7d,500ms,1,PRIMARY,SELL,1789752044.968,0.0,0,-15.187500000000682,-8.380519143875654
historical_walkforward,hist_seg1,historical7d|500ms|1|1|2790,historical7d,500ms,1,PRIMARY,SELL,1789752047.471,0.0,0,-15.899999999999181,-9.513903774212423
historical_walkforward,hist_seg1,historical7d|500ms|1|1|2791,historical7d,500ms,1,PRIMARY,SELL,1789752050.3779998,0.0,0,-15.112500000002456,-8.10767154138459
historical_walkforward,hist_seg1,historical7d|500ms|1|1|2792,historical7d,500ms,1,PRIMARY,SELL,1789752052.4329998,0.0,0,-15.037500000000819,-9.122070007290352
historical_walkforward,hist_seg1,historical7d|500ms|1|1|2793,historical7d,500ms,1,PRIMARY,SELL,1789752054.484,0.0,0,-15.262499999998907,-9.872821866758299
historical_walkforward,hist_seg1,historical7d|500ms|1|1|2794,historical7d,500ms,1,PRIMARY,SELL,1789752057.483,0.0,0,-15.0,-9.72080627321223
historical_walkforward,hist_seg1,historical7d|500ms|1|1|2795,historical7d,500ms,1,PRIMARY,SELL,1789752058.4819999,0.0,0,-17.062500000000682,-11.364777594039824
historical_walkforward,hist_seg1,historical7d|500ms|1|1|2796,historical7d,500ms,1,PRIMARY,SELL,1789752059.481,0.0,0,-15.0,-11.655308318030567
historical_walkforward,hist_seg1,historical7d|500ms|1|1|2797,historical7d,500ms,1,PRIMARY,SELL,1789752062.485,0.0,0,-16.462500000001228,-10.702015436738833
historical_walkforward,hist_seg1,historical7d|500ms|1|1|2798,historical7d,500ms,1,PRIMARY,SELL,1789752073.445,0.0,0,-15.337500000000546,-8.089535474204583
historical_walkforward,hist_seg1,historical7d|500ms|1|1|2799,historical7d,500ms,1,PRIMARY,SELL,1789752079.999,0.0,0,-15.525000000001228,-7.256290888351998
historical_walkforward,hist_seg1,historical7d|500ms|1|1|2800,historical7d,500ms,1,PRIMARY,SELL,1789752081.452,0.0,0,-15.412500000002183,-8.04569815962097
historical_walkforward,hist_seg1,historical7d|500ms|1|3|2801,historical7d,500ms,1,MICRO,BUY,1789752173.904,0.0,0,-1.2374999999997272,-8.664345486858034
historical_walkforward,hist_seg1,historical7d|500ms|1|3|2802,historical7d,500ms,1,MICRO,BUY,1789752189.231,0.0,0,-0.22499999999809003,-9.08706418494952
historical_walkforward,hist_seg1,historical7d|500ms|1|3|2803,historical7d,500ms,1,MICRO,BUY,1789752191.234,0.0,0,-1.6499999999984993,-10.598964020532968
historical_walkforward,hist_seg1,historical7d|500ms|1|1|2804,historical7d,500ms,1,PRIMARY,BUY,1789753818.487,0.0,0,5.212499999997817,-4.5072595525704555
historical_walkforward,hist_seg1,historical7d|500ms|1|1|2805,historical7d,500ms,1,PRIMARY,BUY,1789753819.984,0.0,0,4.162499999998772,-8.463489554029742
historical_walkforward,hist_seg1,historical7d|500ms|1|1|2806,historical7d,500ms,1,PRIMARY,BUY,1789753821.985,0.0,0,4.387500000000273,-7.083843695419943
historical_walkforward,hist_seg1,historical7d|500ms|1|1|2807,historical7d,500ms,1,PRIMARY,BUY,1789753823.4889998,0.0,0,5.512499999997544,-6.055315329096376
historical_walkforward,hist_seg1,historical7d|500ms|1|1|2808,historical7d,500ms,1,PRIMARY,BUY,1789753824.488,0.0,0,5.399999999998499,-5.9714097425514465
historical_walkforward,hist_seg1,historical7d|500ms|1|1|2809,historical7d,500ms,1,PRIMARY,BUY,1789753825.4950001,0.0,0,3.6000000000001364,-5.490496937076794
historical_walkforward,hist_seg1,historical7d|500ms|1|1|2810,historical7d,500ms,1,PRIMARY,BUY,1789753828.4910002,0.0,0,-15.787500000000136,-6.377307771541205
historical_walkforward,hist_seg1,historical7d|500ms|1|1|2811,historical7d,500ms,1,PRIMARY,BUY,1789753837.4550002,0.0,0,-15.30000000000314,-8.183848697769696
historical_walkforward,hist_seg1,historical7d|500ms|1|1|2812,historical7d,500ms,1,PRIMARY,BUY,1789753839.451,0.0,0,-16.312500000001364,-6.045964062393677
historical_walkforward,hist_seg1,historical7d|500ms|1|1|2813,historical7d,500ms,1,PRIMARY,BUY,1789753841.4550002,0.0,0,-16.012500000001637,-6.9729003268073155
historical_walkforward,hist_seg1,historical7d|500ms|1|1|2814,historical7d,500ms,1,PRIMARY,BUY,1789753843.853,0.0,0,-15.0,-6.868232587904237
historical_walkforward,hist_seg1,historical7d|500ms|1|1|2815,historical7d,500ms,1,PRIMARY,BUY,1789753845.4529998,0.0,0,-15.787500000000136,-8.072110646737485
historical_walkforward,hist_seg1,historical7d|500ms|1|1|2816,historical7d,500ms,1,PRIMARY,BUY,1789753848.804,0.0,0,-15.374999999997954,-8.939220693817877
historical_walkforward,hist_seg1,historical7d|500ms|1|1|2817,historical7d,500ms,1,PRIMARY,BUY,1789753850.906,0.0,0,-16.537500000002865,-8.687466468373245
historical_walkforward,hist_seg1,historical7d|500ms|1|1|2818,historical7d,500ms,1,PRIMARY,BUY,1789753851.956,0.0,0,-16.350000000002183,-10.08853244884922
historical_walkforward,hist_seg1,historical7d|500ms|1|1|2819,historical7d,500ms,1,PRIMARY,BUY,1789753853.957,0.0,0,-16.275000000000546,-9.132994589873386
historical_walkforward,hist_seg1,historical7d|500ms|1|1|2820,historical7d,500ms,1,PRIMARY,BUY,1789753854.757,0.0,0,-15.0,-10.775802069840863
historical_walkforward,hist_seg1,historical7d|500ms|1|1|2821,historical7d,500ms,1,PRIMARY,BUY,1789753856.911,0.0,0,-15.9375,-9.513903638193394
historical_walkforward,hist_seg1,historical7d|500ms|1|1|2822,historical7d,500ms,1,PRIMARY,BUY,1789753859.463,0.0,0,-16.20000000000232,-7.603555793944612
historical_walkforward,hist_seg1,historical7d|500ms|1|1|2823,historical7d,500ms,1,PRIMARY,BUY,1789753860.368,0.0,0,-15.487500000000411,-8.427631203246621
historical_walkforward,hist_seg1,historical7d|500ms|1|1|2824,historical7d,500ms,1,PRIMARY,BUY,1789753862.9750001,0.0,0,-15.787500000000136,-7.970590135780381
historical_walkforward,hist_seg1,historical7d|500ms|1|1|2825,historical7d,500ms,1,PRIMARY,BUY,1789753864.316,0.0,0,-16.499999999998636,-7.970590135780381
historical_walkforward,hist_seg1,historical7d|500ms|1|1|2826,historical7d,500ms,1,PRIMARY,BUY,1789753865.471,0.0,0,-15.562499999998636,-7.817469153793341
historical_walkforward,hist_seg1,historical7d|500ms|1|1|2827,historical7d,500ms,1,PRIMARY,BUY,1789753870.23,0.0,0,-15.037500000000819,-6.564651692102406
historical_walkforward,hist_seg1,historical7d|500ms|1|1|2828,historical7d,500ms,1,PRIMARY,BUY,1789753878.484,0.0,0,-15.0,-7.648586839679033
historical_walkforward,hist_seg1,historical7d|500ms|1|1|2829,historical7d,500ms,1,PRIMARY,BUY,1789753880.284,0.0,0,-15.299999999999727,-8.276429349872588
historical_walkforward,hist_seg1,historical7d|500ms|1|1|2830,historical7d,500ms,1,PRIMARY,BUY,1789753883.2849998,0.0,0,-15.862500000001772,-7.2897957230275034
historical_walkforward,hist_seg1,historical7d|500ms|1|1|2831,historical7d,500ms,1,PRIMARY,BUY,1789753884.84,0.0,0,-15.749999999999318,-7.770938377707432
historical_walkforward,hist_seg1,historical7d|500ms|1|1|2832,historical7d,500ms,1,PRIMARY,BUY,1789753886.994,0.0,0,-16.91250000000082,-8.466777136689046
historical_walkforward,hist_seg1,historical7d|500ms|1|1|2832,historical7d,500ms,1,PRIMARY,BUY,1789753889.447,2.453000068664551,1,-15.0,-9.53177929139399
historical_walkforward,hist_seg1,historical7d|500ms|1|1|2833,historical7d,500ms,1,PRIMARY,BUY,1789753891.457,0.0,0,-15.63749999999686,-7.369732453034184
historical_walkforward,hist_seg1,historical7d|500ms|1|3|2834,historical7d,500ms,1,MICRO,BUY,1789753891.457,0.0,0,-4.162499999998772,-7.369732453034184
historical_walkforward,hist_seg1,historical7d|500ms|1|1|2835,historical7d,500ms,1,PRIMARY,BUY,1789753893.149,0.0,0,-17.250000000001364,-8.836843820971277
historical_walkforward,hist_seg1,historical7d|500ms|1|1|2836,historical7d,500ms,1,PRIMARY,BUY,1789753894.9529998,0.0,0,-15.112499999999045,-9.87713054351982
historical_walkforward,hist_seg1,historical7d|500ms|1|1|2836,historical7d,500ms,1,PRIMARY,BUY,1789753897.257,2.30400013923645,1,-17.77499999999918,-11.08726715465729
historical_walkforward,hist_seg1,historical7d|500ms|1|1|2837,historical7d,500ms,1,PRIMARY,BUY,1789753899.8060002,0.0,0,-15.487499999997,-8.762107536549847
historical_walkforward,hist_seg1,historical7d|500ms|1|1|2837,historical7d,500ms,1,PRIMARY,BUY,1789753901.9129999,2.106999635696411,1,-15.412499999998772,-7.2043967872329215
historical_walkforward,hist_seg1,historical7d|500ms|1|1|2838,historical7d,500ms,1,PRIMARY,BUY,1789753904.962,0.0,0,-17.77499999999918,-7.287359318711303
historical_walkforward,hist_seg1,historical7d|500ms|1|1|2838,historical7d,500ms,1,PRIMARY,BUY,1789753906.966,2.004000186920166,1,-17.400000000001228,-8.655575167079457
historical_walkforward,hist_seg1,historical7d|500ms|1|1|2838,historical7d,500ms,1,PRIMARY,BUY,1789753909.4659998,4.503999948501587,2,-15.149999999999864,-7.413578283640231
historical_walkforward,hist_seg1,historical7d|500ms|1|1|2839,historical7d,500ms,1,PRIMARY,BUY,1789753910.973,0.0,0,-16.725000000000136,-8.61126646783308
historical_walkforward,hist_seg1,historical7d|500ms|1|1|2840,historical7d,500ms,1,PRIMARY,BUY,1789753911.972,0.0,0,-16.800000000001774,-7.471475075719969
historical_walkforward,hist_seg1,historical7d|500ms|1|1|2841,historical7d,500ms,1,PRIMARY,BUY,1789753913.279,0.0,0,-15.899999999999181,-8.821803492348293
historical_walkforward,hist_seg1,historical7d|500ms|1|1|2842,historical7d,500ms,1,PRIMARY,BUY,1789753915.428,0.0,0,-17.437499999998636,-6.48271245014767
historical_walkforward,hist_seg1,historical7d|500ms|1|1|2843,historical7d,500ms,1,PRIMARY,BUY,1789753917.476,0.0,0,-17.85000000000082,-7.069723328172248
historical_walkforward,hist_seg1,historical7d|500ms|1|3|2844,historical7d,500ms,1,MICRO,BUY,1789753918.4780002,0.0,0,2.0624999999972715,-8.166756318958146
historical_walkforward,hist_seg1,historical7d|500ms|1|1|2845,historical7d,500ms,1,PRIMARY,BUY,1789753919.428,0.0,0,-15.149999999999864,-7.57768689537928
historical_walkforward,hist_seg1,historical7d|500ms|1|3|2846,historical7d,500ms,1,MICRO,BUY,1789753919.428,0.0,0,1.8374999999991812,-7.57768689537928
historical_walkforward,hist_seg1,historical7d|500ms|1|1|2847,historical7d,500ms,1,PRIMARY,BUY,1789753920.228,0.0,0,-17.287499999998772,-6.817969102727616
historical_walkforward,hist_seg1,historical7d|500ms|1|1|2848,historical7d,500ms,1,PRIMARY,BUY,1789753922.934,0.0,0,-17.77499999999918,-8.25777531789289
historical_walkforward,hist_seg1,historical7d|500ms|1|3|2849,historical7d,500ms,1,MICRO,BUY,1789753922.934,0.0,0,1.9125000000008188,-8.25777531789289
historical_walkforward,hist_seg1,historical7d|500ms|1|1|2850,historical7d,500ms,1,PRIMARY,BUY,1789753924.487,0.0,0,-15.9375,-10.826557837454885
historical_walkforward,hist_seg1,historical7d|500ms|1|3|2851,historical7d,500ms,1,MICRO,BUY,1789753924.487,0.0,0,0.8249999999975444,-10.826557837454885
historical_walkforward,hist_seg1,historical7d|500ms|1|1|2852,historical7d,500ms,1,PRIMARY,BUY,1789753925.936,0.0,0,-16.38749999999959,-9.059413231762276
historical_walkforward,hist_seg1,historical7d|500ms|1|1|2852,historical7d,500ms,1,PRIMARY,BUY,1789753928.488,2.551999807357788,1,-15.749999999999318,-8.97482007574876
historical_walkforward,hist_seg1,historical7d|500ms|1|1|2853,historical7d,500ms,1,PRIMARY,BUY,1789753929.992,0.0,0,-15.749999999999318,-5.565401693609438
historical_walkforward,hist_seg1,historical7d|500ms|1|1|2853,historical7d,500ms,1,PRIMARY,BUY,1789753932.248,2.255999803543091,1,-15.899999999999181,-7.119444829031674
historical_walkforward,hist_seg1,historical7d|500ms|1|1|2854,historical7d,500ms,1,PRIMARY,BUY,1789753934.4550002,0.0,0,-15.299999999999727,-5.459760663487166
historical_walkforward,hist_seg1,historical7d|500ms|1|1|2855,historical7d,500ms,1,PRIMARY,BUY,1789753935.9020002,0.0,0,-16.087499999999864,-8.136467448719987
historical_walkforward,hist_seg1,historical7d|500ms|1|1|2856,historical7d,500ms,1,PRIMARY,BUY,1789753936.999,0.0,0,-15.149999999999864,-8.249351835088069
historical_walkforward,hist_seg1,historical7d|500ms|1|1|2857,historical7d,500ms,1,PRIMARY,BUY,1789753938.448,0.0,0,-15.7124999999985,-5.378618072162985
historical_walkforward,hist_seg1,historical7d|500ms|1|1|2858,historical7d,500ms,1,PRIMARY,BUY,1789753939.6529999,0.0,0,-15.262499999998907,-5.279934671492217
historical_walkforward,hist_seg1,historical7d|500ms|1|1|2859,historical7d,500ms,1,PRIMARY,BUY,1789753953.474,0.0,0,-16.237499999999727,-0.9445310958077027
historical_walkforward,hist_seg1,historical7d|500ms|1|1|2860,historical7d,500ms,1,PRIMARY,BUY,1789753956.878,0.0,0,-16.237499999999727,-4.060789800459227
historical_walkforward,hist_seg1,historical7d|500ms|1|1|2861,historical7d,500ms,1,PRIMARY,BUY,1789753958.875,0.0,0,-15.037500000000819,-4.195536553661071
historical_walkforward,hist_seg1,historical7d|500ms|1|1|2862,historical7d,500ms,1,PRIMARY,BUY,1789753961.8899999,0.0,0,-15.0,-4.364228083097306
historical_walkforward,hist_seg1,historical7d|500ms|1|1|2863,historical7d,500ms,1,PRIMARY,BUY,1789753964.994,0.0,0,-15.412500000002183,-3.656824548046102
historical_walkforward,hist_seg1,historical7d|500ms|1|1|2864,historical7d,500ms,1,PRIMARY,BUY,1789753966.992,0.0,0,-15.149999999999864,-2.6387047241375576
historical_walkforward,hist_seg1,historical7d|500ms|1|1|2865,historical7d,500ms,1,PRIMARY,BUY,1789753968.9420002,0.0,0,-15.449999999999589,-3.3489638041147236
historical_walkforward,hist_seg1,historical7d|500ms|1|1|2865,historical7d,500ms,1,PRIMARY,BUY,1789753970.993,2.050999879837036,1,-15.299999999999727,-3.4704351623059133
historical_walkforward,hist_seg1,historical7d|500ms|1|1|2866,historical7d,500ms,1,PRIMARY,BUY,1789753973.4,0.0,0,-15.449999999999589,-3.812252567074163
historical_walkforward,hist_seg1,historical7d|500ms|1|1|2867,historical7d,500ms,1,PRIMARY,BUY,1789753974.449,0.0,0,-15.600000000002865,-3.2815116224064087
historical_walkforward,hist_seg1,historical7d|500ms|1|1|2868,historical7d,500ms,1,PRIMARY,BUY,1789753977.3990002,0.0,0,-16.12499999999727,-3.499165384177298
historical_walkforward,hist_seg1,historical7d|500ms|1|2|2869,historical7d,500ms,1,SECONDARY,SELL,1789754302.941,0.0,0,2.1374999999989086,-5.380149601388656
historical_walkforward,hist_seg1,historical7d|500ms|1|2|2870,historical7d,500ms,1,SECONDARY,BUY,1789757067.9889998,0.0,0,6.862499999999726,-3.7834188569459446
historical_walkforward,hist_seg1,historical7d|500ms|1|1|2871,historical7d,500ms,1,PRIMARY,BUY,1789758584.742,0.0,0,0.7499999999993179,-7.038681991374223
historical_walkforward,hist_seg1,historical7d|500ms|1|1|2871,historical7d,500ms,1,PRIMARY,BUY,1789758587.3430002,2.6010000705718994,1,-0.22499999999809003,-5.791518212968426
historical_walkforward,hist_seg1,historical7d|500ms|1|1|2871,historical7d,500ms,1,PRIMARY,BUY,1789758589.4,4.6579999923706055,2,-0.5624999999986358,-5.5514702849608195
historical_walkforward,hist_seg1,historical7d|500ms|1|1|2871,historical7d,500ms,1,PRIMARY,BUY,1789758591.452,6.7099997997283936,3,0.7875000000001364,-6.555696595968323
historical_walkforward,hist_seg1,historical7d|500ms|1|1|2872,historical7d,500ms,1,PRIMARY,BUY,1789758593.956,0.0,0,0.9375,-4.561269261293631
historical_walkforward,hist_seg1,historical7d|500ms|1|1|2872,historical7d,500ms,1,PRIMARY,BUY,1789758595.957,2.000999927520752,1,0.5250000000012278,-4.296201063646277
historical_walkforward,hist_seg1,historical7d|500ms|1|1|2872,historical7d,500ms,1,PRIMARY,BUY,1789758598.411,4.454999923706055,2,-0.3375000000005457,-3.9771197976486445
historical_walkforward,hist_seg1,historical7d|500ms|1|1|2873,historical7d,500ms,1,PRIMARY,BUY,1789758600.761,0.0,0,-1.3124999999979536,-9.36787437543631
historical_walkforward,hist_seg1,historical7d|500ms|1|1|2874,historical7d,500ms,1,PRIMARY,BUY,1789758602.315,0.0,0,-1.0124999999982265,-5.962971973669668
historical_walkforward,hist_seg1,historical7d|500ms|1|1|2875,historical7d,500ms,1,PRIMARY,BUY,1789758604.968,0.0,0,-0.6749999999976808,-7.557361170824149
historical_walkforward,hist_seg1,historical7d|500ms|1|1|2876,historical7d,500ms,1,PRIMARY,BUY,1789758605.768,0.0,0,-0.2624999999989086,-5.21572383584289
historical_walkforward,hist_seg1,historical7d|500ms|1|1|2877,historical7d,500ms,1,PRIMARY,BUY,1789758609.978,0.0,0,-0.37499999999795364,-6.972465557997613
historical_walkforward,hist_seg1,historical7d|500ms|1|1|2878,historical7d,500ms,1,PRIMARY,BUY,1789758676.836,0.0,0,-5.249999999998636,-6.507131859396596
historical_walkforward,hist_seg1,historical7d|500ms|1|1|2879,historical7d,500ms,1,PRIMARY,BUY,1789758684.8430002,0.0,0,-4.124999999997954,-5.811571865241833
historical_walkforward,hist_seg1,historical7d|500ms|1|1|2880,historical7d,500ms,1,PRIMARY,BUY,1789758687.644,0.0,0,-3.6749999999983625,-4.724856349634871
historical_walkforward,hist_seg1,historical7d|500ms|1|1|2881,historical7d,500ms,1,PRIMARY,BUY,1789758738.26,0.0,0,-8.287500000000136,-7.935950462142439
historical_walkforward,hist_seg1,historical7d|500ms|1|1|2882,historical7d,500ms,1,PRIMARY,BUY,1789758747.4350002,0.0,0,18.97499999999809,-7.570213916315651
historical_walkforward,hist_seg1,historical7d|500ms|1|1|2883,historical7d,500ms,1,PRIMARY,BUY,1789758748.4780002,0.0,0,18.000000000000682,-6.091581444760972
historical_walkforward,hist_seg1,historical7d|500ms|1|1|2884,historical7d,500ms,1,PRIMARY,BUY,1789758750.43,0.0,0,16.012499999998226,-9.367968526635881
historical_walkforward,hist_seg1,historical7d|500ms|1|1|2885,historical7d,500ms,1,PRIMARY,BUY,1789758753.983,0.0,0,-15.075000000001635,-9.891425249443937
historical_walkforward,hist_seg1,historical7d|500ms|1|1|2886,historical7d,500ms,1,PRIMARY,BUY,1789758755.388,0.0,0,-15.2250000000015,-9.700728242628596
historical_walkforward,hist_seg1,historical7d|500ms|1|1|2886,historical7d,500ms,1,PRIMARY,BUY,1789758757.487,2.0989999771118164,1,14.287499999998088,-9.441828060598082
historical_walkforward,hist_seg1,historical7d|500ms|1|1|2887,historical7d,500ms,1,PRIMARY,BUY,1789758758.993,0.0,0,13.800000000001091,-9.533369837435856
historical_walkforward,hist_seg1,historical7d|500ms|1|1|2888,historical7d,500ms,1,PRIMARY,BUY,1789758761.492,0.0,0,13.012500000000955,-10.115403279419192
historical_walkforward,hist_seg1,historical7d|500ms|1|1|2889,historical7d,500ms,1,PRIMARY,BUY,1789758770.8579998,0.0,0,-16.1625000000015,-10.193291592159772
historical_walkforward,hist_seg1,historical7d|500ms|1|1|2890,historical7d,500ms,1,PRIMARY,BUY,1789758772.707,0.0,0,-15.337500000000546,-10.360818121470977
historical_walkforward,hist_seg1,historical7d|500ms|1|1|2891,historical7d,500ms,1,PRIMARY,BUY,1789758775.36,0.0,0,-15.599999999999454,-8.648977005833123
historical_walkforward,hist_seg1,historical7d|500ms|1|1|2891,historical7d,500ms,1,PRIMARY,BUY,1789758777.965,2.6050000190734863,1,-15.187500000000682,-10.548333485813114
historical_walkforward,hist_seg1,historical7d|500ms|1|1|2892,historical7d,500ms,1,PRIMARY,BUY,1789758778.916,0.0,0,-15.449999999999589,-9.333634600018462
historical_walkforward,hist_seg1,historical7d|500ms|1|1|2893,historical7d,500ms,1,PRIMARY,BUY,1789758780.875,0.0,0,-15.075000000001635,-7.416901478809093
historical_walkforward,hist_seg1,historical7d|500ms|1|1|2894,historical7d,500ms,1,PRIMARY,BUY,1789758786.481,0.0,0,-15.337500000000546,-5.579110953587968
historical_walkforward,hist_seg1,historical7d|500ms|1|1|2895,historical7d,500ms,1,PRIMARY,BUY,1789758788.936,0.0,0,-15.187500000000682,-8.18692856885438
historical_walkforward,hist_seg1,historical7d|500ms|1|1|2895,historical7d,500ms,1,PRIMARY,BUY,1789758790.988,2.051999807357788,1,-15.337500000000546,-6.435638342984638
historical_walkforward,hist_seg1,historical7d|500ms|1|1|2895,historical7d,500ms,1,PRIMARY,BUY,1789758793.4950001,4.559000015258789,2,-15.037500000000819,-7.13074092309475
historical_walkforward,hist_seg1,historical7d|500ms|1|1|2896,historical7d,500ms,1,PRIMARY,BUY,1789758796.448,0.0,0,-15.075000000001635,-4.046355126136506
historical_walkforward,hist_seg1,historical7d|500ms|1|1|2897,historical7d,500ms,1,PRIMARY,BUY,1789758798.8019998,0.0,0,-15.074999999998225,-6.948746242295317
historical_walkforward,hist_seg1,historical7d|500ms|1|1|2898,historical7d,500ms,1,PRIMARY,BUY,1789758801.156,0.0,0,-16.012500000001637,-1.1556139585896488
historical_walkforward,hist_seg1,historical7d|500ms|1|1|2898,historical7d,500ms,1,PRIMARY,BUY,1789758803.412,2.25600004196167,1,-15.975000000000819,-0.8202739206585827
historical_walkforward,hist_seg1,historical7d|500ms|1|1|2899,historical7d,500ms,1,PRIMARY,BUY,1789758805.4129999,0.0,0,-15.67500000000109,-2.518913032859862
historical_walkforward,hist_seg1,historical7d|500ms|1|1|2900,historical7d,500ms,1,PRIMARY,BUY,1789758807.717,0.0,0,-15.412500000002183,-1.4358378124060558
historical_walkforward,hist_seg1,historical7d|500ms|1|1|2901,historical7d,500ms,1,PRIMARY,BUY,1789758968.984,0.0,0,-4.274999999997817,-4.752938157906173
historical_walkforward,hist_seg1,historical7d|500ms|1|1|2902,historical7d,500ms,1,PRIMARY,BUY,1789758971.339,0.0,0,-4.6875,-3.4755007623032026
historical_walkforward,hist_seg1,historical7d|500ms|1|1|2903,historical7d,500ms,1,PRIMARY,BUY,1789759143.4940002,0.0,0,13.724999999999453,-6.7486612843753635
historical_walkforward,hist_seg1,historical7d|500ms|1|1|2904,historical7d,500ms,1,PRIMARY,BUY,1789759144.849,0.0,0,13.724999999999453,-5.916584720406351
historical_walkforward,hist_seg1,historical7d|500ms|1|1|2905,historical7d,500ms,1,PRIMARY,BUY,1789759146.9980001,0.0,0,64.9125000000015,-7.405631966607317
historical_walkforward,hist_seg1,historical7d|500ms|1|1|2906,historical7d,500ms,1,PRIMARY,BUY,1789759150.4540002,0.0,0,65.40000000000191,-7.550226402964026
historical_walkforward,hist_seg1,historical7d|500ms|1|1|2907,historical7d,500ms,1,PRIMARY,BUY,1789759151.409,0.0,0,66.5625,-8.62754883692224
historical_walkforward,hist_seg1,historical7d|500ms|1|1|2908,historical7d,500ms,1,PRIMARY,BUY,1789759155.477,0.0,0,64.83749999999986,-8.5409837522894
historical_walkforward,hist_seg1,historical7d|500ms|1|1|2909,historical7d,500ms,1,PRIMARY,BUY,1789759158.423,0.0,0,64.49999999999932,-7.603182748283241
historical_walkforward,hist_seg1,historical7d|500ms|1|1|2910,historical7d,500ms,1,PRIMARY,BUY,1789759168.783,0.0,0,60.112499999999045,-5.518079276666513
historical_walkforward,hist_seg1,historical7d|500ms|1|1|2911,historical7d,500ms,1,PRIMARY,BUY,1789759170.582,0.0,0,58.762500000000266,-4.611773990495618
historical_walkforward,hist_seg1,historical7d|500ms|1|1|2912,historical7d,500ms,1,PRIMARY,BUY,1789759172.4950001,0.0,0,59.850000000000136,-4.431071096713162
historical_walkforward,hist_seg1,historical7d|500ms|1|1|2913,historical7d,500ms,1,PRIMARY,BUY,1789759182.803,0.0,0,54.824999999999584,-5.414470740967601
historical_walkforward,hist_seg1,historical7d|500ms|1|1|2914,historical7d,500ms,1,PRIMARY,BUY,1789759187.355,0.0,0,53.25000000000272,-6.320862231106198
historical_walkforward,hist_seg1,historical7d|500ms|1|1|2915,historical7d,500ms,1,PRIMARY,BUY,1789759194.4659998,0.0,0,50.58749999999918,-6.831842506546891
historical_walkforward,hist_seg1,historical7d|500ms|1|1|2916,historical7d,500ms,1,PRIMARY,BUY,1789759213.536,0.0,0,50.625,-8.425756456565091
historical_walkforward,hist_seg1,historical7d|500ms|1|1|2917,historical7d,500ms,1,PRIMARY,BUY,1789759214.887,0.0,0,50.58749999999918,-6.886673859751598
historical_walkforward,hist_seg1,historical7d|500ms|1|1|2918,historical7d,500ms,1,PRIMARY,BUY,1789759221.797,0.0,0,46.61250000000109,-7.348615309587173
historical_walkforward,hist_seg1,historical7d|500ms|1|1|2919,historical7d,500ms,1,PRIMARY,BUY,1789759226.149,0.0,0,46.087499999999864,-7.03059138968784
historical_walkforward,hist_seg1,historical7d|500ms|1|1|2920,historical7d,500ms,1,PRIMARY,BUY,1789759227.356,0.0,0,43.87500000000273,-6.484252389559553
historical_walkforward,hist_seg1,historical7d|500ms|1|1|2921,historical7d,500ms,1,PRIMARY,BUY,1789759230.409,0.0,0,47.51250000000027,-5.0900729427274065
historical_walkforward,hist_seg1,historical7d|500ms|1|1|2922,historical7d,500ms,1,PRIMARY,BUY,1789759237.2659998,0.0,0,43.950000000000955,-5.206788192768937
historical_walkforward,hist_seg1,historical7d|500ms|1|1|2923,historical7d,500ms,1,PRIMARY,BUY,1789759239.726,0.0,0,46.537499999999454,-6.385738266925879
historical_walkforward,hist_seg1,historical7d|500ms|1|1|2923,historical7d,500ms,1,PRIMARY,BUY,1789759242.7289999,3.002999782562256,1,49.72499999999741,-3.11736279918451
historical_walkforward,hist_seg1,historical7d|500ms|1|1|2924,historical7d,500ms,1,PRIMARY,BUY,1789759245.988,0.0,0,49.200000000003,-2.6342129151776827
historical_walkforward,hist_seg1,historical7d|500ms|1|1|2925,historical7d,500ms,1,PRIMARY,BUY,1789759247.994,0.0,0,49.94999999999891,-4.6405756315308855
historical_walkforward,hist_seg1,historical7d|500ms|1|1|2926,historical7d,500ms,1,PRIMARY,BUY,1789759254.96,0.0,0,48.71249999999919,-5.765189640140525
historical_walkforward,hist_seg1,historical7d|500ms|1|1|2927,historical7d,500ms,1,PRIMARY,BUY,1789759261.91,0.0,0,48.412499999999454,1.622126335861566
historical_walkforward,hist_seg1,historical7d|500ms|1|1|2928,historical7d,500ms,1,PRIMARY,BUY,1789759263.1139998,0.0,0,47.325000000003,-1.9138853282765462
historical_walkforward,hist_seg1,historical7d|500ms|1|1|2929,historical7d,500ms,1,PRIMARY,BUY,1789759266.415,0.0,0,40.80000000000041,-0.5787361993749166
historical_walkforward,hist_seg1,historical7d|500ms|1|1|2930,historical7d,500ms,1,PRIMARY,BUY,1789759268.4620001,0.0,0,41.624999999997954,-1.6259657705014232
historical_walkforward,hist_seg1,historical7d|500ms|1|1|2931,historical7d,500ms,1,PRIMARY,BUY,1789759269.772,0.0,0,42.299999999999045,-2.3312070935937346
historical_walkforward,hist_seg1,historical7d|500ms|1|1|2932,historical7d,500ms,1,PRIMARY,BUY,1789759271.767,0.0,0,44.58750000000123,-5.036706353006497
historical_walkforward,hist_seg1,historical7d|500ms|1|1|2933,historical7d,500ms,1,PRIMARY,BUY,1789759277.375,0.0,0,44.2875000000015,-8.638454436277295
historical_walkforward,hist_seg1,historical7d|500ms|1|1|2934,historical7d,500ms,1,PRIMARY,BUY,1789759288.94,0.0,0,41.43750000000068,-5.1247239313499025
historical_walkforward,hist_seg1,historical7d|500ms|1|1|2935,historical7d,500ms,1,PRIMARY,BUY,1789759291.496,0.0,0,40.83750000000123,-5.188397567683893
historical_walkforward,hist_seg1,historical7d|500ms|1|1|2936,historical7d,500ms,1,PRIMARY,BUY,1789759292.402,0.0,0,40.650000000000546,-5.889202654649324
historical_walkforward,hist_seg1,historical7d|500ms|1|1|2936,historical7d,500ms,1,PRIMARY,BUY,1789759295.152,2.75,1,40.199999999997544,-4.643520361636299
historical_walkforward,hist_seg1,historical7d|500ms|1|1|2937,historical7d,500ms,1,PRIMARY,BUY,1789759300.465,0.0,0,40.98750000000109,-4.951856330559743
historical_walkforward,hist_seg1,historical7d|500ms|1|1|2938,historical7d,500ms,1,PRIMARY,BUY,1789759303.9740002,0.0,0,41.06250000000273,-6.5573942196196136
historical_walkforward,hist_seg1,historical7d|500ms|1|1|2939,historical7d,500ms,1,PRIMARY,BUY,1789759305.3779998,0.0,0,41.9624999999985,-7.667402789701349
historical_walkforward,hist_seg1,historical7d|500ms|1|1|2940,historical7d,500ms,1,PRIMARY,BUY,1789759306.485,0.0,0,42.14999999999918,-8.47686173298103
historical_walkforward,hist_seg1,historical7d|500ms|1|1|2941,historical7d,500ms,1,PRIMARY,BUY,1789759309.976,0.0,0,39.82499999999959,-7.575912213915067
historical_walkforward,hist_seg1,historical7d|500ms|1|1|2942,historical7d,500ms,1,PRIMARY,BUY,1789759312.132,0.0,0,37.91249999999877,-8.017252645528817
historical_walkforward,hist_seg1,historical7d|500ms|1|1|2943,historical7d,500ms,1,PRIMARY,BUY,1789759314.934,0.0,0,36.97499999999877,-7.63232719334341
historical_walkforward,hist_seg1,historical7d|500ms|1|1|2943,historical7d,500ms,1,PRIMARY,BUY,1789759317.39,2.4560000896453857,1,36.86249999999973,-6.396588977382147
historical_walkforward,hist_seg1,historical7d|500ms|1|1|2943,historical7d,500ms,1,PRIMARY,BUY,1789759319.4940002,4.56000018119812,2,37.68750000000068,-4.9324258023850875
historical_walkforward,hist_seg1,historical7d|500ms|1|1|2944,historical7d,500ms,1,PRIMARY,BUY,1789759321.496,0.0,0,37.53750000000082,-6.768281282362904
historical_walkforward,hist_seg1,historical7d|500ms|1|1|2945,historical7d,500ms,1,PRIMARY,BUY,1789759323.9529998,0.0,0,35.8500000000015,-7.945908980524293
historical_walkforward,hist_seg1,historical7d|500ms|1|1|2946,historical7d,500ms,1,PRIMARY,BUY,1789759325.456,0.0,0,35.475000000000136,-6.37606527728193
historical_walkforward,hist_seg1,historical7d|500ms|1|1|2947,historical7d,500ms,1,PRIMARY,BUY,1789759326.257,0.0,0,33.48749999999768,-7.68886269876453
historical_walkforward,hist_seg1,historical7d|500ms|1|1|2948,historical7d,500ms,1,PRIMARY,BUY,1789759327.908,0.0,0,32.212500000000546,-5.16096048885369
historical_walkforward,hist_seg1,historical7d|500ms|1|1|2949,historical7d,500ms,1,PRIMARY,BUY,1789759330.461,0.0,0,35.21249999999782,-9.669367621026439
historical_walkforward,hist_seg1,historical7d|500ms|1|1|2950,historical7d,500ms,1,PRIMARY,BUY,1789759333.4659998,0.0,0,30.937499999999996,-7.465504099618728
historical_walkforward,hist_seg1,historical7d|500ms|1|1|2950,historical7d,500ms,1,PRIMARY,BUY,1789759335.9689999,2.503000020980835,1,30.26250000000232,-6.315217563351803
historical_walkforward,hist_seg1,historical7d|500ms|1|1|2951,historical7d,500ms,1,PRIMARY,BUY,1789759468.945,0.0,0,28.050000000001774,-6.208395878211102
historical_walkforward,hist_seg1,historical7d|500ms|1|1|2952,historical7d,500ms,1,PRIMARY,BUY,1789759470.3470001,0.0,0,-15.412499999998772,-6.150160560077782
historical_walkforward,hist_seg1,historical7d|500ms|1|1|2953,historical7d,500ms,1,PRIMARY,BUY,1789759548.9580002,0.0,0,35.13749999999959,-8.48848301865387
historical_walkforward,hist_seg1,historical7d|500ms|1|1|2954,historical7d,500ms,1,PRIMARY,BUY,1789759551.909,0.0,0,33.600000000000136,-8.575082084738852
historical_walkforward,hist_seg1,historical7d|500ms|1|1|2955,historical7d,500ms,1,PRIMARY,BUY,1789759554.464,0.0,0,-15.299999999999727,-9.53766455981599
historical_walkforward,hist_seg1,historical7d|500ms|1|1|2956,historical7d,500ms,1,PRIMARY,BUY,1789759556.3660002,0.0,0,-15.449999999999589,-7.1763278913688096
historical_walkforward,hist_seg1,historical7d|500ms|1|1|2957,historical7d,500ms,1,PRIMARY,BUY,1789759717.967,0.0,0,21.037499999998772,-3.9826203600023944
historical_walkforward,hist_seg1,historical7d|500ms|1|1|2958,historical7d,500ms,1,PRIMARY,BUY,1789759730.931,0.0,0,21.450000000000955,-3.5644022442428063
historical_walkforward,hist_seg1,historical7d|500ms|1|1|2959,historical7d,500ms,1,PRIMARY,BUY,1789759734.99,0.0,0,16.762500000000955,-0.5867639297287756
historical_walkforward,hist_seg1,historical7d|500ms|1|1|2960,historical7d,500ms,1,PRIMARY,BUY,1789759736.493,0.0,0,16.875,-3.0699550339929136
historical_walkforward,hist_seg1,historical7d|500ms|1|1|2960,historical7d,500ms,1,PRIMARY,BUY,1789759738.849,2.3559999465942383,1,15.637500000000271,0.2754129975803371
historical_walkforward,hist_seg1,historical7d|500ms|1|1|2961,historical7d,500ms,1,PRIMARY,BUY,1789759740.797,0.0,0,17.962499999999864,-0.3145966142299358
historical_walkforward,hist_seg1,historical7d|500ms|1|1|2962,historical7d,500ms,1,PRIMARY,BUY,1789759742.7510002,0.0,0,15.637500000000271,0.05957517726830892
historical_walkforward,hist_seg1,historical7d|500ms|1|1|2963,historical7d,500ms,1,PRIMARY,BUY,1789759745.905,0.0,0,16.19999999999891,-9.121015680905833
historical_walkforward,hist_seg1,historical7d|500ms|1|1|2964,historical7d,500ms,1,PRIMARY,BUY,1789759747.407,0.0,0,17.924999999999045,-9.362765359268643
historical_walkforward,hist_seg1,historical7d|500ms|1|1|2965,historical7d,500ms,1,PRIMARY,BUY,1789759752.966,0.0,0,15.22499999999809,-7.880546846224008
historical_walkforward,hist_seg1,historical7d|500ms|1|1|2966,historical7d,500ms,1,PRIMARY,BUY,1789759755.971,0.0,0,13.987499999998363,-11.272206901642095
historical_walkforward,hist_seg1,historical7d|500ms|1|1|2967,historical7d,500ms,1,PRIMARY,BUY,1789759757.9750001,0.0,0,11.92499999999768,-10.490788858241174
historical_walkforward,hist_seg1,historical7d|500ms|1|3|2968,historical7d,500ms,1,MICRO,BUY,1789759757.9750001,0.0,0,24.43124999999867,-10.490788858241174
historical_walkforward,hist_seg1,historical7d|500ms|1|1|2969,historical7d,500ms,1,PRIMARY,BUY,1789759758.973,0.0,0,10.987500000001091,-9.653914419144616
historical_walkforward,hist_seg1,historical7d|500ms|1|3|2970,historical7d,500ms,1,MICRO,BUY,1789759758.973,0.0,0,23.71875000000017,-9.653914419144616
historical_walkforward,hist_seg1,historical7d|500ms|1|1|2971,historical7d,500ms,1,PRIMARY,BUY,1789759760.971,0.0,0,11.212499999999181,-8.643659015092728
historical_walkforward,hist_seg1,historical7d|500ms|1|3|2972,historical7d,500ms,1,MICRO,BUY,1789759760.971,0.0,0,23.75625000000099,-8.643659015092728
historical_walkforward,hist_seg1,historical7d|500ms|1|1|2971,historical7d,500ms,1,PRIMARY,BUY,1789759763.324,2.3529999256134033,1,11.325000000001637,-5.822634755302178
historical_walkforward,hist_seg1,historical7d|500ms|1|3|2973,historical7d,500ms,1,MICRO,BUY,1789759764.473,0.0,0,23.081249999999898,-4.185361067324737
historical_walkforward,hist_seg1,historical7d|500ms|1|1|2974,historical7d,500ms,1,PRIMARY,BUY,1789759765.977,0.0,0,7.424999999998362,-7.833672984775482
historical_walkforward,hist_seg1,historical7d|500ms|1|3|2975,historical7d,500ms,1,MICRO,BUY,1789759765.977,0.0,0,20.971874999999898,-7.833672984775482
historical_walkforward,hist_seg1,historical7d|500ms|1|1|2976,historical7d,500ms,1,PRIMARY,BUY,1789759767.477,0.0,0,7.687500000000682,-10.563723332279398
historical_walkforward,hist_seg1,historical7d|500ms|1|3|2977,historical7d,500ms,1,MICRO,BUY,1789759767.477,0.0,0,20.915625000000375,-10.563723332279398
historical_walkforward,hist_seg1,historical7d|500ms|1|1|2978,historical7d,500ms,1,PRIMARY,BUY,1789759768.276,0.0,0,5.5500000000017735,-11.176925396949725
historical_walkforward,hist_seg1,historical7d|500ms|1|3|2979,historical7d,500ms,1,MICRO,BUY,1789759768.276,0.0,0,21.45000000000181,-11.176925396949725
historical_walkforward,hist_seg1,historical7d|500ms|1|1|2980,historical7d,500ms,1,PRIMARY,BUY,1789759769.429,0.0,0,4.537500000000136,-10.562325384663364
historical_walkforward,hist_seg1,historical7d|500ms|1|3|2981,historical7d,500ms,1,MICRO,BUY,1789759769.429,0.0,0,19.84687500000092,-10.562325384663364
historical_walkforward,hist_seg1,historical7d|500ms|1|1|2982,historical7d,500ms,1,PRIMARY,BUY,1789759772.486,0.0,0,3.8250000000016375,-14.088045619730956
historical_walkforward,hist_seg1,historical7d|500ms|1|3|2983,historical7d,500ms,1,MICRO,BUY,1789759772.486,0.0,0,19.743750000000375,-14.088045619730956
historical_walkforward,hist_seg1,historical7d|500ms|1|1|2984,historical7d,500ms,1,PRIMARY,BUY,1789759774.386,0.0,0,3.0749999999989086,-11.55303339779299
historical_walkforward,hist_seg1,historical7d|500ms|1|3|2985,historical7d,500ms,1,MICRO,BUY,1789759774.386,0.0,0,19.668749999998738,-11.55303339779299
historical_walkforward,hist_seg1,historical7d|500ms|1|1|2986,historical7d,500ms,1,PRIMARY,BUY,1789759775.937,0.0,0,1.5374999999994543,-14.599529586422705
historical_walkforward,hist_seg1,historical7d|500ms|1|3|2987,historical7d,500ms,1,MICRO,BUY,1789759775.937,0.0,0,-3.487499999997681,-14.599529586422705
historical_walkforward,hist_seg1,historical7d|500ms|1|1|2988,historical7d,500ms,1,PRIMARY,BUY,1789759777.688,0.0,0,1.6874999999993177,-8.728100029965372
historical_walkforward,hist_seg1,historical7d|500ms|1|3|2989,historical7d,500ms,1,MICRO,BUY,1789759777.688,0.0,0,-5.325000000000273,-8.728100029965372
historical_walkforward,hist_seg1,historical7d|500ms|1|1|2990,historical7d,500ms,1,PRIMARY,BUY,1789759778.99,0.0,0,2.3249999999995907,-8.858065259699622
historical_walkforward,hist_seg1,historical7d|500ms|1|1|2991,historical7d,500ms,1,PRIMARY,BUY,1789759781.4940002,0.0,0,1.3124999999979536,-8.858065259699622
historical_walkforward,hist_seg1,historical7d|500ms|1|1|2992,historical7d,500ms,1,PRIMARY,BUY,1789759782.4940002,0.0,0,0.07500000000163709,-9.207453192089787
historical_walkforward,hist_seg1,historical7d|500ms|1|1|2993,historical7d,500ms,1,PRIMARY,BUY,1789759783.997,0.0,0,-1.0124999999982265,-7.350337788652142
historical_walkforward,hist_seg1,historical7d|500ms|1|1|2994,historical7d,500ms,1,PRIMARY,BUY,1789759786.452,0.0,0,-2.1000000000015007,-9.105072636273537
historical_walkforward,hist_seg1,historical7d|500ms|1|1|2995,historical7d,500ms,1,PRIMARY,BUY,1789759788.9529998,0.0,0,-0.3375000000005457,-6.409309470206082
historical_walkforward,hist_seg1,historical7d|500ms|1|1|2995,historical7d,500ms,1,PRIMARY,BUY,1789759790.957,2.004000186920166,1,0.7125000000019099,-6.529952597158191
historical_walkforward,hist_seg1,historical7d|500ms|1|1|2995,historical7d,500ms,1,PRIMARY,BUY,1789759792.959,4.006000280380249,2,-1.3874999999995907,-10.049925957043596
historical_walkforward,hist_seg1,historical7d|500ms|1|1|2996,historical7d,500ms,1,PRIMARY,BUY,1789759794.46,0.0,0,-1.0874999999998636,-7.750155211161519
historical_walkforward,hist_seg1,historical7d|500ms|1|1|2997,historical7d,500ms,1,PRIMARY,BUY,1789759796.313,0.0,0,0.9375,-3.2725941529404694
historical_walkforward,hist_seg1,historical7d|500ms|1|1|2998,historical7d,500ms,1,PRIMARY,BUY,1789759799.0670002,0.0,0,0.2624999999989086,-4.0661179167020745
historical_walkforward,hist_seg1,historical7d|500ms|1|1|2999,historical7d,500ms,1,PRIMARY,BUY,1789759800.472,0.0,0,2.58750000000191,1.9098081511292624
historical_walkforward,hist_seg1,historical7d|500ms|1|1|3000,historical7d,500ms,1,PRIMARY,BUY,1789759803.472,0.0,0,6.112500000000409,2.8570244072303335
historical_walkforward,hist_seg1,historical7d|500ms|1|1|3001,historical7d,500ms,1,PRIMARY,BUY,1789759809.483,0.0,0,5.062499999997954,2.5500875508109995
historical_walkforward,hist_seg1,historical7d|500ms|1|1|3002,historical7d,500ms,1,PRIMARY,BUY,1789759891.479,0.0,0,7.387500000000955,-6.090716186586645
historical_walkforward,hist_seg1,historical7d|500ms|1|1|3003,historical7d,500ms,1,PRIMARY,BUY,1789759892.932,0.0,0,5.962500000000546,-7.520175552063123
historical_walkforward,hist_seg1,historical7d|500ms|1|1|3004,historical7d,500ms,1,PRIMARY,BUY,1789759935.983,0.0,0,1.049999999999045,-5.416735072983086
historical_walkforward,hist_seg1,historical7d|500ms|1|1|3005,historical7d,500ms,1,PRIMARY,BUY,1789759936.9859998,0.0,0,1.0124999999982265,-5.637601966060745
historical_walkforward,hist_seg1,historical7d|500ms|1|1|3006,historical7d,500ms,1,PRIMARY,BUY,1789759939.485,0.0,0,5.512500000000955,-5.596790817231754
historical_walkforward,hist_seg1,historical7d|500ms|1|1|3006,historical7d,500ms,1,PRIMARY,BUY,1789759941.486,2.001000165939331,1,9.337499999999181,-6.019961919107898
historical_walkforward,hist_seg1,historical7d|500ms|1|1|3006,historical7d,500ms,1,PRIMARY,BUY,1789759943.487,4.002000093460083,2,10.200000000000955,-7.50243298040943
historical_walkforward,hist_seg1,historical7d|500ms|1|1|3007,historical7d,500ms,1,PRIMARY,BUY,1789759956.956,0.0,0,9.262499999997544,-1.7971593678075382
historical_walkforward,hist_seg1,historical7d|500ms|1|1|3008,historical7d,500ms,1,PRIMARY,BUY,1789759961.4620001,0.0,0,10.724999999998772,-3.8852753252881187
historical_walkforward,hist_seg1,historical7d|500ms|1|1|3009,historical7d,500ms,1,PRIMARY,BUY,1789759963.964,0.0,0,8.88749999999959,-5.462136291100105
historical_walkforward,hist_seg1,historical7d|500ms|1|1|3010,historical7d,500ms,1,PRIMARY,BUY,1789759964.9139998,0.0,0,9.037499999999454,-5.8219865418810945
historical_walkforward,hist_seg1,historical7d|500ms|1|1|3011,historical7d,500ms,1,PRIMARY,BUY,1789759965.867,0.0,0,8.024999999997817,-4.431863865764713
historical_walkforward,hist_seg1,historical7d|500ms|1|1|3012,historical7d,500ms,1,PRIMARY,BUY,1789759966.965,0.0,0,6.6000000000008185,-4.872212151005473
historical_walkforward,hist_seg1,historical7d|500ms|1|1|3013,historical7d,500ms,1,PRIMARY,BUY,1789759969.467,0.0,0,5.174999999996999,-9.059589630368073
historical_walkforward,hist_seg1,historical7d|500ms|1|1|3013,historical7d,500ms,1,PRIMARY,BUY,1789759971.8209999,2.3539998531341553,1,3.562499999999318,-9.271444255017334
historical_walkforward,hist_seg1,historical7d|500ms|1|1|3014,historical7d,500ms,1,PRIMARY,BUY,1789759973.922,0.0,0,1.9125000000008188,-9.831945314411142
historical_walkforward,hist_seg1,historical7d|500ms|1|1|3015,historical7d,500ms,1,PRIMARY,BUY,1789759976.474,0.0,0,2.9250000000024556,-10.03856841310182
historical_walkforward,hist_seg1,historical7d|500ms|1|1|3016,historical7d,500ms,1,PRIMARY,BUY,1789759978.476,0.0,0,2.8125,-11.494200697379702
historical_walkforward,hist_seg1,historical7d|500ms|1|1|3017,historical7d,500ms,1,PRIMARY,BUY,1789759980.479,0.0,0,0.9000000000025921,-9.080747248201993
historical_walkforward,hist_seg1,historical7d|500ms|1|1|3018,historical7d,500ms,1,PRIMARY,BUY,1789759981.876,0.0,0,0.5250000000012278,-9.027375157459952
historical_walkforward,hist_seg1,historical7d|500ms|1|1|3019,historical7d,500ms,1,PRIMARY,BUY,1789759984.429,0.0,0,-0.8249999999975444,-8.099756962809964
historical_walkforward,hist_seg1,historical7d|500ms|1|1|3020,historical7d,500ms,1,PRIMARY,BUY,1789759986.881,0.0,0,1.4250000000004093,-11.797428221491083
historical_walkforward,hist_seg1,historical7d|500ms|1|1|3021,historical7d,500ms,1,PRIMARY,BUY,1789759988.4899998,0.0,0,1.65000000000191,-11.448355274641349
historical_walkforward,hist_seg1,historical7d|500ms|1|1|3022,historical7d,500ms,1,PRIMARY,BUY,1789759990.44,0.0,0,4.349999999999454,-9.735578704166713
historical_walkforward,hist_seg1,historical7d|500ms|1|1|3023,historical7d,500ms,1,PRIMARY,BUY,1789759996.492,0.0,0,2.7375000000017735,-8.79865570246922
historical_walkforward,hist_seg1,historical7d|500ms|1|1|3024,historical7d,500ms,1,PRIMARY,BUY,1789759998.9980001,0.0,0,1.3499999999987722,-11.63765964404642
historical_walkforward,hist_seg1,historical7d|500ms|1|1|3025,historical7d,500ms,1,PRIMARY,BUY,1789760000.4940002,0.0,0,0.9375,-8.834151328856974
historical_walkforward,hist_seg1,historical7d|500ms|1|1|3025,historical7d,500ms,1,PRIMARY,BUY,1789760002.4940002,2.0,1,1.6874999999993177,-10.298418379225955
historical_walkforward,hist_seg1,historical7d|500ms|1|1|3026,historical7d,500ms,1,PRIMARY,BUY,1789760004.7489998,0.0,0,4.349999999999454,-10.2446372344466
historical_walkforward,hist_seg1,historical7d|500ms|1|1|3027,historical7d,500ms,1,PRIMARY,BUY,1789760006.4529998,0.0,0,4.125000000001364,-8.219749939169908
historical_walkforward,hist_seg1,historical7d|500ms|1|1|3028,historical7d,500ms,1,PRIMARY,BUY,1789760008.9529998,0.0,0,0.6375000000002728,-10.980065798309317
historical_walkforward,hist_seg1,historical7d|500ms|1|1|3029,historical7d,500ms,1,PRIMARY,BUY,1789760010.4060001,0.0,0,-15.67500000000109,-12.385478021672183
historical_walkforward,hist_seg1,historical7d|500ms|1|1|3029,historical7d,500ms,1,PRIMARY,BUY,1789760012.456,2.049999952316284,1,-15.112499999999045,-3.926402683762594
historical_walkforward,hist_seg1,historical7d|500ms|1|1|3029,historical7d,500ms,1,PRIMARY,BUY,1789760014.465,4.05899977684021,2,-15.375000000001364,-3.9034011886283944
historical_walkforward,hist_seg1,historical7d|500ms|1|2|3030,historical7d,500ms,1,SECONDARY,BUY,1789760014.465,0.0,0,-15.375000000001364,-4.176760937776834
historical_walkforward,hist_seg1,historical7d|500ms|1|1|3031,historical7d,500ms,1,PRIMARY,BUY,1789760015.4620001,0.0,0,-15.525000000001228,-6.413428267772
historical_walkforward,hist_seg1,historical7d|500ms|1|3|3032,historical7d,500ms,1,MICRO,BUY,1789760015.4620001,0.0,0,-15.525000000001228,-6.413428267772
historical_walkforward,hist_seg1,historical7d|500ms|1|1|3033,historical7d,500ms,1,PRIMARY,BUY,1789760016.761,0.0,0,-15.187499999997272,-4.9926219558987395
historical_walkforward,hist_seg1,historical7d|500ms|1|1|3034,historical7d,500ms,1,PRIMARY,BUY,1789760018.411,0.0,0,-15.074999999998225,-5.491418886809875
historical_walkforward,hist_seg1,historical7d|500ms|1|3|3035,historical7d,500ms,1,MICRO,BUY,1789760019.365,0.0,0,-15.262499999998907,-6.733951409839287
historical_walkforward,hist_seg1,historical7d|500ms|1|1|3036,historical7d,500ms,1,PRIMARY,BUY,1789760021.4659998,0.0,0,-15.074999999998225,-8.177674794563444
historical_walkforward,hist_seg1,historical7d|500ms|1|3|3037,historical7d,500ms,1,MICRO,BUY,1789760021.4659998,0.0,0,-15.074999999998225,-8.177674794563444
historical_walkforward,hist_seg1,historical7d|500ms|1|1|3038,historical7d,500ms,1,PRIMARY,BUY,1789760024.409,0.0,0,-15.149999999999864,-9.858560654881222
historical_walkforward,hist_seg1,historical7d|500ms|1|3|3039,historical7d,500ms,1,MICRO,BUY,1789760025.966,0.0,0,-7.987500000000409,-7.247652966575542
historical_walkforward,hist_seg1,historical7d|500ms|1|1|3038,historical7d,500ms,1,PRIMARY,BUY,1789760026.465,2.055999994277954,1,-15.0,-8.62957664047374
historical_walkforward,hist_seg1,historical7d|500ms|1|1|3040,historical7d,500ms,1,PRIMARY,BUY,1789760028.4659998,0.0,0,-15.074999999998225,-8.632693178544878
historical_walkforward,hist_seg1,historical7d|500ms|1|1|3041,historical7d,500ms,1,PRIMARY,BUY,1789760029.4169998,0.0,0,-15.112499999999045,-7.947779982828371
historical_walkforward,hist_seg1,historical7d|500ms|1|1|3042,historical7d,500ms,1,PRIMARY,BUY,1789760031.968,0.0,0,-15.187500000000682,-14.492206356967227
historical_walkforward,hist_seg1,historical7d|500ms|1|1|3043,historical7d,500ms,1,PRIMARY,BUY,1789760033.375,0.0,0,-15.262499999998907,-9.535554452307244
historical_walkforward,hist_seg1,historical7d|500ms|1|1|3044,historical7d,500ms,1,PRIMARY,BUY,1789760035.82,0.0,0,-15.487500000000411,-5.607861162728662
historical_walkforward,hist_seg1,historical7d|500ms|1|1|3045,historical7d,500ms,1,PRIMARY,BUY,1789760037.476,0.0,0,-15.374999999997954,-9.359088884256293
historical_walkforward,hist_seg1,historical7d|500ms|1|1|3046,historical7d,500ms,1,PRIMARY,BUY,1789760038.4750001,0.0,0,-15.037500000000819,-4.772093213003417
historical_walkforward,hist_seg1,historical7d|500ms|1|1|3047,historical7d,500ms,1,PRIMARY,BUY,1789760042.493,0.0,0,-15.112499999999045,-0.6205742150461117
historical_walkforward,hist_seg1,historical7d|500ms|1|1|3048,historical7d,500ms,1,PRIMARY,BUY,1789760046.483,0.0,0,-15.67500000000109,0.48162435359675526
historical_walkforward,hist_seg1,historical7d|500ms|1|1|3049,historical7d,500ms,1,PRIMARY,BUY,1789760047.937,0.0,0,-15.187500000000682,0.5731149293830371
historical_walkforward,hist_seg1,historical7d|500ms|1|1|3050,historical7d,500ms,1,PRIMARY,BUY,1789760056.849,0.0,0,-15.337500000000546,-10.218151516278043
historical_walkforward,hist_seg1,historical7d|500ms|1|1|3050,historical7d,500ms,1,PRIMARY,BUY,1789760058.851,2.002000093460083,1,-15.67500000000109,-10.974606556174173
historical_walkforward,hist_seg1,historical7d|500ms|1|1|3051,historical7d,500ms,1,PRIMARY,BUY,1789760063.4099998,0.0,0,-15.149999999999864,-8.809174139697063
historical_walkforward,hist_seg1,historical7d|500ms|1|1|3052,historical7d,500ms,1,PRIMARY,BUY,1789760064.8630002,0.0,0,-16.087499999999864,-9.637323288202133
historical_walkforward,hist_seg1,historical7d|500ms|1|1|3053,historical7d,500ms,1,PRIMARY,BUY,1789760070.373,0.0,0,-15.637500000000271,-1.4767671356141734
historical_walkforward,hist_seg1,historical7d|500ms|1|1|3054,historical7d,500ms,1,PRIMARY,BUY,1789760198.411,0.0,0,-1.3124999999979536,-4.985977793082437
historical_walkforward,hist_seg1,historical7d|500ms|1|1|3055,historical7d,500ms,1,PRIMARY,BUY,1789761354.9889998,0.0,0,-5.774999999999864,-4.774727354668769
historical_walkforward,hist_seg1,historical7d|500ms|1|1|3056,historical7d,500ms,1,PRIMARY,BUY,1789761368.408,0.0,0,-5.287499999999454,-4.416121315864228
historical_walkforward,hist_seg1,historical7d|500ms|1|1|3057,historical7d,500ms,1,PRIMARY,BUY,1789761369.407,0.0,0,-4.912500000001501,-1.6272098403813309
historical_walkforward,hist_seg1,historical7d|500ms|1|1|3058,historical7d,500ms,1,PRIMARY,BUY,1789761486.4819999,0.0,0,-10.162500000000136,-5.4431113415857455
historical_walkforward,hist_seg1,historical7d|500ms|1|1|3059,historical7d,500ms,1,PRIMARY,BUY,1789761488.9740002,0.0,0,-8.325000000000955,-5.78479954496461
historical_walkforward,hist_seg1,historical7d|500ms|1|1|3060,historical7d,500ms,1,PRIMARY,BUY,1789761491.425,0.0,0,-7.649999999999864,-8.502323979464288
historical_walkforward,hist_seg1,historical7d|500ms|1|1|3061,historical7d,500ms,1,PRIMARY,BUY,1789761634.281,0.0,0,-9.074999999996862,-6.273239099419755
historical_walkforward,hist_seg1,historical7d|500ms|1|1|3062,historical7d,500ms,1,PRIMARY,BUY,1789761635.286,0.0,0,-9.749999999997954,-7.493696537924376
historical_walkforward,hist_seg1,historical7d|500ms|1|1|3063,historical7d,500ms,1,PRIMARY,BUY,1789761636.936,0.0,0,-9.299999999998363,-3.5191930853447615
historical_walkforward,hist_seg1,historical7d|500ms|1|1|3064,historical7d,500ms,1,PRIMARY,BUY,1789761638.486,0.0,0,-9.59999999999809,-6.592044343649637
historical_walkforward,hist_seg1,historical7d|500ms|1|1|3065,historical7d,500ms,1,PRIMARY,BUY,1789761640.496,0.0,0,-10.124999999999318,-7.493696537924376
historical_walkforward,hist_seg1,historical7d|500ms|1|1|3066,historical7d,500ms,1,PRIMARY,BUY,1789762074.391,0.0,0,-3.562499999999318,-5.3311246481047485
historical_walkforward,hist_seg1,historical7d|500ms|1|1|3067,historical7d,500ms,1,PRIMARY,BUY,1789762637.884,0.0,0,-7.125000000002046,-3.944467587241244
historical_walkforward,hist_seg1,historical7d|500ms|1|1|3068,historical7d,500ms,1,PRIMARY,BUY,1789762644.8409998,0.0,0,-5.812500000000682,-6.245480905779867
historical_walkforward,hist_seg1,historical7d|500ms|1|1|3069,historical7d,500ms,1,PRIMARY,BUY,1789762645.9390001,0.0,0,-5.13749999999959,-3.786702868246558
historical_walkforward,hist_seg1,historical7d|500ms|1|1|3070,historical7d,500ms,1,PRIMARY,BUY,1789762646.99,0.0,0,-5.13749999999959,-3.410660564770624
historical_walkforward,hist_seg1,historical7d|500ms|1|1|3071,historical7d,500ms,1,PRIMARY,BUY,1789762654.7,0.0,0,-4.199999999999591,2.1756752188503072
historical_walkforward,hist_seg1,historical7d|500ms|1|1|3072,historical7d,500ms,1,PRIMARY,BUY,1789762660.769,0.0,0,-7.3500000000001355,0.7673325679027954
historical_walkforward,hist_seg1,historical7d|500ms|1|1|3073,historical7d,500ms,1,PRIMARY,BUY,1789762666.88,0.0,0,-7.837500000000545,-2.600093863081433
historical_walkforward,hist_seg1,historical7d|500ms|1|1|3074,historical7d,500ms,1,PRIMARY,BUY,1789762668.379,0.0,0,-8.137500000000273,-4.454230407277709
historical_walkforward,hist_seg1,historical7d|500ms|1|1|3075,historical7d,500ms,1,PRIMARY,BUY,1789762670.084,0.0,0,-7.799999999999727,-5.046617024122188
historical_walkforward,hist_seg1,historical7d|500ms|1|1|3076,historical7d,500ms,1,PRIMARY,BUY,1789762671.9859998,0.0,0,-8.362500000001774,-3.8707230987817294
historical_walkforward,hist_seg1,historical7d|500ms|1|1|3076,historical7d,500ms,1,PRIMARY,BUY,1789762673.9910002,2.005000352859497,1,-7.425000000001773,-7.602616357459468
historical_walkforward,hist_seg1,historical7d|500ms|1|1|3076,historical7d,500ms,1,PRIMARY,BUY,1789762676.24,4.254000186920166,2,-7.612499999999045,-5.041598329930699
historical_walkforward,hist_seg1,historical7d|500ms|1|1|3076,historical7d,500ms,1,PRIMARY,BUY,1789762678.2910001,6.305000305175781,3,-7.837500000000545,-5.215076666416896
historical_walkforward,hist_seg1,historical7d|500ms|1|1|3077,historical7d,500ms,1,PRIMARY,BUY,1789762679.445,0.0,0,-7.537500000000818,-5.6552760833768
historical_walkforward,hist_seg1,historical7d|500ms|1|1|3078,historical7d,500ms,1,PRIMARY,BUY,1789762683.6499999,0.0,0,-7.837500000000545,-5.659856539212816
historical_walkforward,hist_seg1,historical7d|500ms|1|1|3079,historical7d,500ms,1,PRIMARY,BUY,1789762686.851,0.0,0,-6.900000000000546,-5.7378715995067235
historical_walkforward,hist_seg1,historical7d|500ms|1|1|3079,historical7d,500ms,1,PRIMARY,BUY,1789762688.9550002,2.1040000915527344,1,-6.712499999999864,-8.488016478317974
historical_walkforward,hist_seg1,historical7d|500ms|1|1|3080,historical7d,500ms,1,PRIMARY,BUY,1789762691.962,0.0,0,-15.074999999998225,-4.0935853440521015
historical_walkforward,hist_seg1,historical7d|500ms|1|1|3080,historical7d,500ms,1,PRIMARY,BUY,1789762694.165,2.203000068664551,1,-15.674999999997679,-4.457443126804298
historical_walkforward,hist_seg1,historical7d|500ms|1|1|3080,historical7d,500ms,1,PRIMARY,BUY,1789762696.964,5.002000093460083,2,-15.412499999998772,-6.019919998980477
historical_walkforward,hist_seg1,historical7d|500ms|1|1|3080,historical7d,500ms,1,PRIMARY,BUY,1789762699.4169998,7.454999923706055,3,-15.075000000001635,-2.411261559382296
historical_walkforward,hist_seg1,historical7d|500ms|1|1|3081,historical7d,500ms,1,PRIMARY,BUY,1789762701.472,0.0,0,-15.112499999999045,-7.580935371155602
historical_walkforward,hist_seg1,historical7d|500ms|1|1|3082,historical7d,500ms,1,PRIMARY,BUY,1789762703.474,0.0,0,-15.412499999998772,-6.378079489351346
historical_walkforward,hist_seg1,historical7d|500ms|1|1|3083,historical7d,500ms,1,PRIMARY,BUY,1789762710.985,0.0,0,-6.937500000001364,-7.0133882342097476
historical_walkforward,hist_seg1,historical7d|500ms|1|1|3084,historical7d,500ms,1,PRIMARY,BUY,1789762714.889,0.0,0,-6.5249999999991815,-4.492893865662736
historical_walkforward,hist_seg1,historical7d|500ms|1|1|3085,historical7d,500ms,1,PRIMARY,BUY,1789762717.748,0.0,0,-6.787500000001501,-7.86699462224349
historical_walkforward,hist_seg1,historical7d|500ms|1|2|3086,historical7d,500ms,1,SECONDARY,BUY,1789763657.457,0.0,0,8.512500000001637,2.690717404245073
historical_walkforward,hist_seg1,historical7d|500ms|1|1|3087,historical7d,500ms,1,PRIMARY,BUY,1789763699.256,0.0,0,8.512499999998226,22.85242299134255
historical_walkforward,hist_seg1,historical7d|500ms|1|1|3087,historical7d,500ms,1,PRIMARY,BUY,1789763701.46,2.2039999961853027,1,9.037499999999454,22.84566052930823
historical_walkforward,hist_seg1,historical7d|500ms|1|1|3088,historical7d,500ms,1,PRIMARY,BUY,1789763768.471,0.0,0,7.799999999999727,33.00921966351396
historical_walkforward,hist_seg1,historical7d|500ms|1|1|3089,historical7d,500ms,1,PRIMARY,BUY,1789763769.323,0.0,0,7.912499999998771,38.46493222410092
historical_walkforward,hist_seg1,historical7d|500ms|1|1|3090,historical7d,500ms,1,PRIMARY,BUY,1789763783.999,0.0,0,0.7499999999993179,29.537727643092524
historical_walkforward,hist_seg1,historical7d|500ms|1|1|3090,historical7d,500ms,1,PRIMARY,BUY,1789763785.999,2.0,1,0.1875000000006821,36.97491302004417
historical_walkforward,hist_seg1,historical7d|500ms|1|1|3090,historical7d,500ms,1,PRIMARY,BUY,1789763788.4940002,4.495000123977661,2,0.2624999999989086,34.92264680224665
historical_walkforward,hist_seg1,historical7d|500ms|1|1|3090,historical7d,500ms,1,PRIMARY,BUY,1789763790.8460002,6.8470001220703125,3,-0.7875000000001364,37.026841310373676
historical_walkforward,hist_seg1,historical7d|500ms|1|1|3090,historical7d,500ms,1,PRIMARY,BUY,1789763792.95,8.950999975204468,4,-4.762500000001637,30.055179657991452
historical_walkforward,hist_seg1,historical7d|500ms|1|1|3091,historical7d,500ms,1,PRIMARY,BUY,1789763794.451,0.0,0,-5.5874999999991815,37.99186347802747
historical_walkforward,hist_seg1,historical7d|500ms|1|1|3092,historical7d,500ms,1,PRIMARY,BUY,1789763795.404,0.0,0,-5.362499999997681,35.820413397097624
historical_walkforward,hist_seg1,historical7d|500ms|1|1|3093,historical7d,500ms,1,PRIMARY,BUY,1789763796.4060001,0.0,0,-5.999999999997954,35.87290138994069
historical_walkforward,hist_seg1,historical7d|500ms|1|1|3093,historical7d,500ms,1,PRIMARY,BUY,1789763798.456,2.049999952316284,1,-5.587500000002592,35.87290138994069
historical_walkforward,hist_seg1,historical7d|500ms|1|1|3093,historical7d,500ms,1,PRIMARY,BUY,1789763800.46,4.053999900817871,2,-15.187500000000682,32.30295244716427
historical_walkforward,hist_seg1,historical7d|500ms|1|1|3093,historical7d,500ms,1,PRIMARY,BUY,1789763802.915,6.508999824523926,3,-4.349999999999454,35.04396469179469
historical_walkforward,hist_seg1,historical7d|500ms|1|1|3093,historical7d,500ms,1,PRIMARY,BUY,1789763804.964,8.557999849319458,4,-5.287499999999454,30.180764831915905
historical_walkforward,hist_seg1,historical7d|500ms|1|1|3093,historical7d,500ms,1,PRIMARY,BUY,1789763806.967,10.560999870300293,5,-6.112500000000409,24.26908851759867
historical_walkforward,hist_seg1,historical7d|500ms|1|1|3093,historical7d,500ms,1,PRIMARY,BUY,1789763809.424,13.01799988746643,6,-4.912500000001501,21.09944855579028
historical_walkforward,hist_seg1,historical7d|500ms|1|1|3094,historical7d,500ms,1,PRIMARY,BUY,1789763812.4780002,0.0,0,-3.8250000000016375,27.03210844785473
historical_walkforward,hist_seg1,historical7d|500ms|1|1|3094,historical7d,500ms,1,PRIMARY,BUY,1789763814.4780002,2.0,1,-4.7250000000008185,26.37763424154301
historical_walkforward,hist_seg1,historical7d|500ms|1|1|3094,historical7d,500ms,1,PRIMARY,BUY,1789763816.881,4.4029998779296875,2,-5.025000000000546,29.335111295450186
historical_walkforward,hist_seg1,historical7d|500ms|1|1|3094,historical7d,500ms,1,PRIMARY,BUY,1789763819.488,7.009999752044678,3,-5.249999999998636,29.551698356314006
historical_walkforward,hist_seg1,historical7d|500ms|1|1|3094,historical7d,500ms,1,PRIMARY,BUY,1789763821.838,9.359999895095825,4,-6.6374999999982265,28.176224852188067
historical_walkforward,hist_seg1,historical7d|500ms|1|1|3094,historical7d,500ms,1,PRIMARY,BUY,1789763823.993,11.514999866485596,5,-5.8124999999972715,34.11705878439322
historical_walkforward,hist_seg1,historical7d|500ms|1|1|3094,historical7d,500ms,1,PRIMARY,BUY,1789763826.848,14.369999885559082,6,-4.6125000000017735,33.213402342124816
historical_walkforward,hist_seg1,historical7d|500ms|1|1|3094,historical7d,500ms,1,PRIMARY,BUY,1789763828.952,16.473999738693237,7,-4.837499999999864,36.68045050861885
historical_walkforward,hist_seg1,historical7d|500ms|1|1|3094,historical7d,500ms,1,PRIMARY,BUY,1789763831.456,18.977999925613403,8,-6.5249999999991815,28.983539630674734
historical_walkforward,hist_seg1,historical7d|500ms|1|1|3095,historical7d,500ms,1,PRIMARY,BUY,1789763832.107,0.0,0,-6.824999999998909,28.993289239169272
historical_walkforward,hist_seg1,historical7d|500ms|1|1|3095,historical7d,500ms,1,PRIMARY,BUY,1789763834.46,2.3529999256134033,1,-7.837500000000545,34.960138524908004
historical_walkforward,hist_seg1,historical7d|500ms|1|1|3095,historical7d,500ms,1,PRIMARY,BUY,1789763836.915,4.807999849319458,2,-7.837500000000545,35.76677057873847
historical_walkforward,hist_seg1,historical7d|500ms|1|1|3095,historical7d,500ms,1,PRIMARY,BUY,1789763839.3660002,7.259000062942505,3,-7.3125000000027285,30.39902340115006
historical_walkforward,hist_seg1,historical7d|500ms|1|1|3095,historical7d,500ms,1,PRIMARY,BUY,1789763841.4169998,9.309999704360962,4,-8.362500000001774,30.146081411391002
historical_walkforward,hist_seg1,historical7d|500ms|1|1|3096,historical7d,500ms,1,PRIMARY,BUY,1789764610.3420002,0.0,0,-5.999999999997954,-0.5018653225079561
historical_walkforward,hist_seg1,historical7d|500ms|1|1|3097,historical7d,500ms,1,PRIMARY,BUY,1789764616.452,0.0,0,-7.649999999999864,-0.07088779156493566
historical_walkforward,hist_seg1,historical7d|500ms|1|1|3097,historical7d,500ms,1,PRIMARY,BUY,1789764618.4529998,2.000999927520752,1,-7.649999999999864,2.9512850928966587
historical_walkforward,hist_seg1,historical7d|500ms|1|1|3097,historical7d,500ms,1,PRIMARY,BUY,1789764620.4550002,4.003000259399414,2,-7.649999999999864,0.7646219158527457
historical_walkforward,hist_seg1,historical7d|500ms|1|1|3098,historical7d,500ms,1,PRIMARY,BUY,1789764628.468,0.0,0,-9.637499999998909,-0.47523959405365546
historical_walkforward,hist_seg1,historical7d|500ms|1|1|3098,historical7d,500ms,1,PRIMARY,BUY,1789764630.916,2.447999954223633,1,-9.449999999998226,-1.7623974643248936
historical_walkforward,hist_seg1,historical7d|500ms|1|1|3098,historical7d,500ms,1,PRIMARY,BUY,1789764633.3500001,4.882000207901001,2,-8.66249999999809,2.2643425196162497
historical_walkforward,hist_seg1,historical7d|500ms|1|1|3099,historical7d,500ms,1,PRIMARY,BUY,1789764634.7,0.0,0,-9.074999999996862,0.574823324929932
historical_walkforward,hist_seg1,historical7d|500ms|1|1|3100,historical7d,500ms,1,PRIMARY,BUY,1789764637.705,0.0,0,-9.074999999996862,-0.09799690664937627
historical_walkforward,hist_seg1,historical7d|500ms|1|1|3101,historical7d,500ms,1,PRIMARY,BUY,1789764640.8569999,0.0,0,-8.66249999999809,0.5002982371022072
historical_walkforward,hist_seg1,historical7d|500ms|1|1|3102,historical7d,500ms,1,PRIMARY,BUY,1789764642.36,0.0,0,-8.774999999997135,0.8351849700023029
historical_walkforward,hist_seg1,historical7d|500ms|1|1|3103,historical7d,500ms,1,PRIMARY,BUY,1789764644.163,0.0,0,-8.2124999999985,1.310468019617787
historical_walkforward,hist_seg1,historical7d|500ms|1|1|3104,historical7d,500ms,1,PRIMARY,BUY,1789764646.4659998,0.0,0,-7.274999999998499,0.8457200780187404
historical_walkforward,hist_seg1,historical7d|500ms|1|1|3105,historical7d,500ms,1,PRIMARY,SELL,1789767860.959,0.0,0,-3.4875000000010914,-25.06678961765201
historical_walkforward,hist_seg1,historical7d|500ms|1|1|3106,historical7d,500ms,1,PRIMARY,SELL,1789767872.479,0.0,0,-8.625000000000682,-21.352514273672888
historical_walkforward,hist_seg1,historical7d|500ms|1|1|3107,historical7d,500ms,1,PRIMARY,SELL,1789767874.4339998,0.0,0,-7.537500000000818,-20.737122466586733
historical_walkforward,hist_seg1,historical7d|500ms|1|1|3108,historical7d,500ms,1,PRIMARY,SELL,1789767876.9859998,0.0,0,-7.200000000000273,-22.913386999103786
historical_walkforward,hist_seg1,historical7d|500ms|1|1|3109,historical7d,500ms,1,PRIMARY,SELL,1789767877.736,0.0,0,-7.3500000000001355,-22.913386999103786
historical_walkforward,hist_seg1,historical7d|500ms|1|1|3110,historical7d,500ms,1,PRIMARY,SELL,1789767878.685,0.0,0,-7.2375000000010905,-21.173491934935196
historical_walkforward,hist_seg1,historical7d|500ms|1|1|3111,historical7d,500ms,1,PRIMARY,SELL,1789767892.4099998,0.0,0,-7.5,-19.845126401902814
historical_walkforward,hist_seg1,historical7d|500ms|1|1|3112,historical7d,500ms,1,PRIMARY,SELL,1789767895.568,0.0,0,-7.27500000000191,-19.943548468880717
historical_walkforward,hist_seg1,historical7d|500ms|1|1|3113,historical7d,500ms,1,PRIMARY,SELL,1789767899.373,0.0,0,-7.912500000002182,-22.020513789347824
historical_walkforward,hist_seg1,historical7d|500ms|1|1|3114,historical7d,500ms,1,PRIMARY,SELL,1789767910.296,0.0,0,-7.987500000000409,-21.00993335054858
historical_walkforward,hist_seg1,historical7d|500ms|1|1|3115,historical7d,500ms,1,PRIMARY,SELL,1789767912.292,0.0,0,-9.187500000002728,-18.585079337240018
historical_walkforward,hist_seg1,historical7d|500ms|1|1|3116,historical7d,500ms,1,PRIMARY,SELL,1789767922.108,0.0,0,-9.6000000000015,-18.252187660828834
historical_walkforward,hist_seg1,historical7d|500ms|1|1|3117,historical7d,500ms,1,PRIMARY,SELL,1789767923.259,0.0,0,-9.562500000000682,-18.51845764469549
historical_walkforward,hist_seg1,historical7d|500ms|1|1|3118,historical7d,500ms,1,PRIMARY,SELL,1789767924.007,0.0,0,-9.562500000000682,-18.777433033995802
historical_walkforward,hist_seg1,historical7d|500ms|1|1|3119,historical7d,500ms,1,PRIMARY,SELL,1789767943.4950001,0.0,0,-9.075000000000273,-17.4011447397131
historical_walkforward,hist_seg1,historical7d|500ms|1|1|3119,historical7d,500ms,1,PRIMARY,SELL,1789767945.851,2.3559999465942383,1,-9.787500000002183,-18.350071520729834
historical_walkforward,hist_seg1,historical7d|500ms|1|1|3120,historical7d,500ms,1,PRIMARY,SELL,1789767949.404,0.0,0,-9.712500000000546,-18.333716054125958
historical_walkforward,hist_seg1,historical7d|500ms|1|1|3121,historical7d,500ms,1,PRIMARY,SELL,1789767951.458,0.0,0,-10.350000000000819,-23.80579828457508
historical_walkforward,hist_seg1,historical7d|500ms|1|1|3121,historical7d,500ms,1,PRIMARY,SELL,1789767953.46,2.002000093460083,1,-10.987500000001091,-22.655843106507447
historical_walkforward,hist_seg1,historical7d|500ms|1|1|3121,historical7d,500ms,1,PRIMARY,SELL,1789767955.461,4.003000020980835,2,-10.5375000000015,-19.10066216469735
historical_walkforward,hist_seg1,historical7d|500ms|1|1|3122,historical7d,500ms,1,PRIMARY,SELL,1789767956.263,0.0,0,-10.612499999999727,-18.895320759129724
historical_walkforward,hist_seg1,historical7d|500ms|1|1|3123,historical7d,500ms,1,PRIMARY,SELL,1789767959.7710001,0.0,0,-11.137500000000955,-23.663976083774852
historical_walkforward,hist_seg1,historical7d|500ms|1|1|3124,historical7d,500ms,1,PRIMARY,SELL,1789767965.3820002,0.0,0,-11.587500000000546,-18.805850653844473
historical_walkforward,hist_seg1,historical7d|500ms|1|1|3125,historical7d,500ms,1,PRIMARY,SELL,1789767966.3779998,0.0,0,-11.362500000002456,-18.588989396623628
historical_walkforward,hist_seg1,historical7d|500ms|1|1|3126,historical7d,500ms,1,PRIMARY,SELL,1789767968.831,0.0,0,-11.100000000000136,-17.140700107151446
historical_walkforward,hist_seg1,historical7d|500ms|1|1|3126,historical7d,500ms,1,PRIMARY,SELL,1789767971.436,2.6050000190734863,1,-10.462499999999864,-17.445181075477016
historical_walkforward,hist_seg1,historical7d|500ms|1|1|3127,historical7d,500ms,1,PRIMARY,SELL,1789768387.979,0.0,0,-3.8250000000016375,-19.203340180697392
historical_walkforward,hist_seg1,historical7d|500ms|1|1|3128,historical7d,500ms,1,PRIMARY,SELL,1789768501.9299998,0.0,0,-6.224999999999454,-22.818160357480103
historical_walkforward,hist_seg1,historical7d|500ms|1|1|3129,historical7d,500ms,1,PRIMARY,SELL,1789768503.938,0.0,0,-7.5,-27.4599041168162
historical_walkforward,hist_seg1,historical7d|500ms|1|1|3130,historical7d,500ms,1,PRIMARY,SELL,1789768506.691,0.0,0,-7.425000000001773,-19.051191879720736
historical_walkforward,hist_seg1,historical7d|500ms|1|1|3131,historical7d,500ms,1,PRIMARY,SELL,1789768508.393,0.0,0,-7.537500000000818,-22.231680476881298
historical_walkforward,hist_seg1,historical7d|500ms|1|1|3132,historical7d,500ms,1,PRIMARY,SELL,1789768510.498,0.0,0,-6.862499999999726,-19.17962442262357
historical_walkforward,hist_seg1,historical7d|500ms|1|1|3133,historical7d,500ms,1,PRIMARY,SELL,1789768511.1980002,0.0,0,-6.07499999999959,-19.423130591955918
historical_walkforward,hist_seg1,historical7d|500ms|1|1|3134,historical7d,500ms,1,PRIMARY,SELL,1789768512.449,0.0,0,-5.737500000002456,-18.671903956399554
historical_walkforward,hist_seg1,historical7d|500ms|1|1|3134,historical7d,500ms,1,PRIMARY,SELL,1789768514.8979998,2.4489998817443848,1,-5.962500000000546,-19.293969484882815
historical_walkforward,hist_seg1,historical7d|1s|1|1|1247,historical7d,1s,1,PRIMARY,SELL,1789742547.9980001,0.0,0,5.84999999999809,-5.313795856964634
historical_walkforward,hist_seg1,historical7d|1s|1|1|1248,historical7d,1s,1,PRIMARY,SELL,1789742618.994,0.0,0,-2.9624999999998636,2.1098221230895904
historical_walkforward,hist_seg1,historical7d|1s|1|1|1249,historical7d,1s,1,PRIMARY,SELL,1789742620.7,0.0,0,-4.875000000000682,9.295337600160614
historical_walkforward,hist_seg1,historical7d|1s|1|1|1249,historical7d,1s,1,PRIMARY,SELL,1789742622.804,2.1039998531341553,1,-5.175000000000409,6.819290635435942
historical_walkforward,hist_seg1,historical7d|1s|1|1|1249,historical7d,1s,1,PRIMARY,SELL,1789742624.852,4.1519999504089355,2,-5.962500000000546,11.583622499038002
historical_walkforward,hist_seg1,historical7d|1s|1|1|1250,historical7d,1s,1,PRIMARY,SELL,1789742627.957,0.0,0,-3.7875000000008185,12.302260807318671
historical_walkforward,hist_seg1,historical7d|1s|1|1|1250,historical7d,1s,1,PRIMARY,SELL,1789742629.959,2.002000093460083,1,-4.125000000001364,10.228883837231953
historical_walkforward,hist_seg1,historical7d|1s|1|1|1250,historical7d,1s,1,PRIMARY,SELL,1789742632.963,5.00600004196167,2,-5.062500000001364,12.549628584652266
historical_walkforward,hist_seg1,historical7d|1s|1|1|1250,historical7d,1s,1,PRIMARY,SELL,1789742635.967,8.009999990463257,3,-4.949999999998909,5.42217499134617
historical_walkforward,hist_seg1,historical7d|1s|1|1|1250,historical7d,1s,1,PRIMARY,SELL,1789742638.9689999,11.01199984550476,4,-6.224999999999454,15.804963086599592
historical_walkforward,hist_seg1,historical7d|1s|1|1|1251,historical7d,1s,1,PRIMARY,SELL,1789742642.627,0.0,0,-3.8624999999990446,14.465653862252552
historical_walkforward,hist_seg1,historical7d|1s|1|1|1252,historical7d,1s,1,PRIMARY,SELL,1789742645.4780002,0.0,0,-4.087500000000546,17.37955650670269
historical_walkforward,hist_seg1,historical7d|1s|1|1|1253,historical7d,1s,1,PRIMARY,SELL,1789742647.936,0.0,0,-4.087500000000546,6.396118347116243
historical_walkforward,hist_seg1,historical7d|1s|1|1|1254,historical7d,1s,1,PRIMARY,SELL,1789742654.94,0.0,0,-3.9750000000015007,10.229876356232195
historical_walkforward,hist_seg1,historical7d|1s|1|1|1255,historical7d,1s,1,PRIMARY,SELL,1789742657.8049998,0.0,0,-4.275000000001228,11.966400832789132
historical_walkforward,hist_seg1,historical7d|1s|1|1|1256,historical7d,1s,1,PRIMARY,SELL,1789742661.904,0.0,0,-3.3000000000004093,11.630950960875943
historical_walkforward,hist_seg1,historical7d|1s|1|1|1257,historical7d,1s,1,PRIMARY,SELL,1789742838.3100002,0.0,0,-6.037500000002183,15.638280762857107
historical_walkforward,hist_seg1,historical7d|1s|1|1|1258,historical7d,1s,1,PRIMARY,SELL,1789743095.9889998,0.0,0,-4.799999999999045,17.282762332583218
historical_walkforward,hist_seg1,historical7d|1s|1|1|1258,historical7d,1s,1,PRIMARY,SELL,1789743098.988,2.999000072479248,1,-4.499999999999318,17.2000525624792
historical_walkforward,hist_seg1,historical7d|1s|1|1|1259,historical7d,1s,1,PRIMARY,SELL,1789743101.992,0.0,0,-5.700000000001637,18.785467608079454
historical_walkforward,hist_seg1,historical7d|1s|1|1|1260,historical7d,1s,1,PRIMARY,SELL,1789743111.956,0.0,0,-4.425000000001091,8.369919083867593
historical_walkforward,hist_seg1,historical7d|1s|1|1|1261,historical7d,1s,1,PRIMARY,SELL,1789743117.811,0.0,0,-4.499999999999318,9.081631525735029
historical_walkforward,hist_seg1,historical7d|1s|1|1|1261,historical7d,1s,1,PRIMARY,SELL,1789743119.9139998,2.102999687194824,1,-5.437499999999318,7.764589205023022
historical_walkforward,hist_seg1,historical7d|1s|1|1|1262,historical7d,1s,1,PRIMARY,SELL,1789743125.579,0.0,0,-4.387500000000273,7.4711122693901615
historical_walkforward,hist_seg1,historical7d|1s|1|1|1262,historical7d,1s,1,PRIMARY,SELL,1789743127.7859998,2.2069997787475586,1,-3.937500000000682,9.466191392159182
historical_walkforward,hist_seg1,historical7d|1s|1|1|1263,historical7d,1s,1,PRIMARY,SELL,1789743246.967,0.0,0,-6.112500000000409,10.0729377690106
historical_walkforward,hist_seg1,historical7d|1s|1|1|1264,historical7d,1s,1,PRIMARY,SELL,1789743250.965,0.0,0,-5.100000000002183,18.69052723860788
historical_walkforward,hist_seg1,historical7d|1s|1|1|1265,historical7d,1s,1,PRIMARY,SELL,1789743254.8209999,0.0,0,-5.887499999998909,15.563720083111312
historical_walkforward,hist_seg1,historical7d|1s|1|1|1266,historical7d,1s,1,PRIMARY,SELL,1789743257.978,0.0,0,-6.674999999999046,19.47896198091591
historical_walkforward,hist_seg1,historical7d|1s|1|1|1267,historical7d,1s,1,PRIMARY,SELL,1789743261.835,0.0,0,-6.712499999999864,17.209753263638458
historical_walkforward,hist_seg1,historical7d|1s|1|1|1268,historical7d,1s,1,PRIMARY,SELL,1789743273.411,0.0,0,-6.037500000002183,16.76168647922755
historical_walkforward,hist_seg1,historical7d|1s|1|1|1269,historical7d,1s,1,PRIMARY,SELL,1789743278.109,0.0,0,-5.512500000000955,7.3298625076960695
historical_walkforward,hist_seg1,historical7d|1s|1|1|1270,historical7d,1s,1,PRIMARY,SELL,1789743281.415,0.0,0,-5.887499999998909,6.95457429762371
historical_walkforward,hist_seg1,historical7d|1s|1|1|1271,historical7d,1s,1,PRIMARY,SELL,1789743285.274,0.0,0,-5.5874999999991815,10.84868590283357
historical_walkforward,hist_seg1,historical7d|1s|1|1|1272,historical7d,1s,1,PRIMARY,SELL,1789743287.725,0.0,0,-6.112500000000409,9.57786861774604
historical_walkforward,hist_seg1,historical7d|1s|1|1|1273,historical7d,1s,1,PRIMARY,SELL,1789743290.7350001,0.0,0,-5.812500000000682,8.79486351432714
historical_walkforward,hist_seg1,historical7d|1s|1|1|1273,historical7d,1s,1,PRIMARY,SELL,1789743292.891,2.1559998989105225,1,-5.774999999999864,6.541073014323863
historical_walkforward,hist_seg1,historical7d|1s|1|1|1274,historical7d,1s,1,PRIMARY,SELL,1789743294.496,0.0,0,-5.5874999999991815,9.882575661314625
historical_walkforward,hist_seg1,historical7d|1s|1|1|1275,historical7d,1s,1,PRIMARY,SELL,1789743296.996,0.0,0,-6.750000000000681,5.8992104083417685
historical_walkforward,hist_seg1,historical7d|1s|1|4|1276,historical7d,1s,1,BURST,SELL,1789743770.854,0.0,0,1.2750000000005457,0.7745513987324593
historical_walkforward,hist_seg1,historical7d|1s|1|4|1277,historical7d,1s,1,BURST,SELL,1789743774.9740002,0.0,0,0.3750000000013642,3.1233974158883693
historical_walkforward,hist_seg1,historical7d|1s|1|1|1278,historical7d,1s,1,PRIMARY,SELL,1789743963.9420002,0.0,0,20.999999999997954,3.5586678655764334
historical_walkforward,hist_seg1,historical7d|1s|1|4|1279,historical7d,1s,1,BURST,SELL,1789743964.941,0.0,0,-1.7624999999975441,5.21481213603488
historical_walkforward,hist_seg1,historical7d|1s|1|1|1278,historical7d,1s,1,PRIMARY,SELL,1789743965.9859998,2.043999671936035,1,21.937500000001364,4.732580724858873
historical_walkforward,hist_seg1,historical7d|1s|1|1|1280,historical7d,1s,1,PRIMARY,SELL,1789743967.948,0.0,0,20.962500000000546,4.03363717674098
historical_walkforward,hist_seg1,historical7d|1s|1|1|1280,historical7d,1s,1,PRIMARY,SELL,1789743970.952,3.003999948501587,1,23.17500000000109,7.167719880221862
historical_walkforward,hist_seg1,historical7d|1s|1|1|1281,historical7d,1s,1,PRIMARY,SELL,1789743974.809,0.0,0,-15.112499999999045,1.9835174998224079
historical_walkforward,hist_seg1,historical7d|1s|1|1|1281,historical7d,1s,1,PRIMARY,SELL,1789743976.9580002,2.1490001678466797,1,-15.449999999999589,8.302004008210117
historical_walkforward,hist_seg1,historical7d|1s|1|1|1282,historical7d,1s,1,PRIMARY,SELL,1789743980.9689999,0.0,0,22.68749999999727,8.871780248022162
historical_walkforward,hist_seg1,historical7d|1s|1|1|1283,historical7d,1s,1,PRIMARY,SELL,1789743983.967,0.0,0,-15.749999999999318,9.641852067317693
historical_walkforward,hist_seg1,historical7d|1s|1|1|1283,historical7d,1s,1,PRIMARY,SELL,1789743986.921,2.9539999961853027,1,-15.299999999999727,8.492701015025458
historical_walkforward,hist_seg1,historical7d|1s|1|1|1283,historical7d,1s,1,PRIMARY,SELL,1789743989.5310001,5.564000129699707,2,-15.9375,8.765954863743794
historical_walkforward,hist_seg1,historical7d|1s|1|1|1284,historical7d,1s,1,PRIMARY,SELL,1789743993.9950001,0.0,0,28.049999999998363,-4.930975610950414
historical_walkforward,hist_seg1,historical7d|1s|1|1|1285,historical7d,1s,1,PRIMARY,SELL,1789744017.9190001,0.0,0,28.462500000000546,18.067146212979477
historical_walkforward,hist_seg1,historical7d|1s|1|1|1286,historical7d,1s,1,PRIMARY,SELL,1789744057.979,0.0,0,-16.42500000000041,7.4422681470144765
historical_walkforward,hist_seg1,historical7d|1s|1|1|1287,historical7d,1s,1,PRIMARY,SELL,1789744061.825,0.0,0,-15.2250000000015,14.272748908981539
historical_walkforward,hist_seg1,historical7d|1s|1|1|1287,historical7d,1s,1,PRIMARY,SELL,1789744063.983,2.1579999923706055,1,-16.125000000000682,15.661255394327922
historical_walkforward,hist_seg1,historical7d|1s|1|1|1287,historical7d,1s,1,PRIMARY,SELL,1789744065.987,4.161999940872192,2,-15.749999999999318,10.891820570878783
historical_walkforward,hist_seg1,historical7d|1s|1|1|1288,historical7d,1s,1,PRIMARY,SELL,1789744068.9459999,0.0,0,-15.074999999998225,17.39321636433744
historical_walkforward,hist_seg1,historical7d|1s|1|1|1289,historical7d,1s,1,PRIMARY,SELL,1789744072.9980001,0.0,0,-15.187500000000682,15.967803032211634
historical_walkforward,hist_seg1,historical7d|1s|1|1|1290,historical7d,1s,1,PRIMARY,SELL,1789744076.951,0.0,0,-16.462499999997817,13.144560197347746
historical_walkforward,hist_seg1,historical7d|1s|1|2|1291,historical7d,1s,1,SECONDARY,SELL,1789744804.983,0.0,0,30.975000000000822,0.2264138532740652
historical_walkforward,hist_seg1,historical7d|1s|1|4|1292,historical7d,1s,1,BURST,SELL,1789744809.936,0.0,0,-0.14999999999986358,-2.1608000719927825
historical_walkforward,hist_seg1,historical7d|1s|1|4|1293,historical7d,1s,1,BURST,SELL,1789744815.903,0.0,0,-1.8374999999991812,-0.32935163032314635
historical_walkforward,hist_seg1,historical7d|1s|1|3|1294,historical7d,1s,1,MICRO,SELL,1789744843.99,0.0,0,25.49999999999983,-1.566618130378697
historical_walkforward,hist_seg1,historical7d|1s|1|3|1295,historical7d,1s,1,MICRO,SELL,1789744849.8470001,0.0,0,28.321875000000034,-0.3454724028784339
historical_walkforward,hist_seg1,historical7d|1s|1|3|1295,historical7d,1s,1,MICRO,SELL,1789744852.903,3.055999994277954,1,27.759374999999693,2.0133483255983484
historical_walkforward,hist_seg1,historical7d|1s|1|3|1295,historical7d,1s,1,MICRO,SELL,1789744854.9550002,5.108000040054321,2,27.79687500000051,-4.102431096431304
historical_walkforward,hist_seg1,historical7d|1s|1|3|1295,historical7d,1s,1,MICRO,SELL,1789744857.761,7.913999795913696,3,28.134375000001057,1.9948698682146013
historical_walkforward,hist_seg1,historical7d|1s|1|3|1296,historical7d,1s,1,MICRO,SELL,1789744860.516,0.0,0,27.646875000000648,-1.7277162319928205
historical_walkforward,hist_seg1,historical7d|1s|1|3|1297,historical7d,1s,1,MICRO,SELL,1789744862.822,0.0,0,26.66250000000133,-3.1928322446778945
historical_walkforward,hist_seg1,historical7d|1s|1|1|1298,historical7d,1s,1,PRIMARY,SELL,1789744864.826,0.0,0,-17.737500000001774,-6.115047145934144
historical_walkforward,hist_seg1,historical7d|1s|1|3|1299,historical7d,1s,1,MICRO,SELL,1789744864.826,0.0,0,25.88437499999884,-6.115047145934144
historical_walkforward,hist_seg1,historical7d|1s|1|1|1300,historical7d,1s,1,PRIMARY,SELL,1789744866.728,0.0,0,-17.85000000000082,0.06923196250385849
historical_walkforward,hist_seg1,historical7d|1s|1|1|1301,historical7d,1s,1,PRIMARY,SELL,1789744877.691,0.0,0,-15.525000000001228,-1.9225429699824497
historical_walkforward,hist_seg1,historical7d|1s|1|1|1302,historical7d,1s,1,PRIMARY,SELL,1789744887.952,0.0,0,-15.149999999999864,-2.7757541502775993
historical_walkforward,hist_seg1,historical7d|1s|1|1|1303,historical7d,1s,1,PRIMARY,SELL,1789744890.9580002,0.0,0,-15.037500000000819,-3.8745388887741483
historical_walkforward,hist_seg1,historical7d|1s|1|3|1304,historical7d,1s,1,MICRO,SELL,1789744903.927,0.0,0,0.37499999999795364,-0.6196355384386784
historical_walkforward,hist_seg1,historical7d|1s|1|1|1305,historical7d,1s,1,PRIMARY,SELL,1789744905.98,0.0,0,-15.22499999999809,2.0826078127208785
historical_walkforward,hist_seg1,historical7d|1s|1|3|1306,historical7d,1s,1,MICRO,SELL,1789744905.98,0.0,0,-0.8249999999975444,2.0826078127208785
historical_walkforward,hist_seg1,historical7d|1s|1|1|1305,historical7d,1s,1,PRIMARY,SELL,1789744907.983,2.003000020980835,1,-15.149999999999864,-4.749388766397353
historical_walkforward,hist_seg1,historical7d|1s|1|3|1306,historical7d,1s,1,MICRO,SELL,1789744907.983,2.003000020980835,1,-2.1000000000015007,-4.749388766397353
historical_walkforward,hist_seg1,historical7d|1s|1|3|1307,historical7d,1s,1,MICRO,SELL,1789744911.889,0.0,0,-4.875000000000682,-1.5535926687743442
historical_walkforward,hist_seg1,historical7d|1s|1|1|1308,historical7d,1s,1,PRIMARY,SELL,1789744914.94,0.0,0,-15.67500000000109,-1.4152670122518762
historical_walkforward,hist_seg1,historical7d|1s|1|1|1308,historical7d,1s,1,PRIMARY,SELL,1789744916.997,2.056999921798706,1,-15.637500000000271,1.4297858919429642
historical_walkforward,hist_seg1,historical7d|1s|1|1|1309,historical7d,1s,1,PRIMARY,SELL,1789744928.964,0.0,0,-15.262499999998907,-1.2046752467225303
historical_walkforward,hist_seg1,historical7d|1s|1|1|1310,historical7d,1s,1,PRIMARY,SELL,1789744933.964,0.0,0,-15.075000000001635,0.9975632074523374
historical_walkforward,hist_seg1,historical7d|1s|1|1|1311,historical7d,1s,1,PRIMARY,SELL,1789744937.922,0.0,0,-15.337500000000546,0.2195208839704656
historical_walkforward,hist_seg1,historical7d|1s|1|1|1311,historical7d,1s,1,PRIMARY,SELL,1789744939.978,2.055999994277954,1,-15.374999999997954,-1.5257654842353516
historical_walkforward,hist_seg1,historical7d|1s|1|1|1312,historical7d,1s,1,PRIMARY,SELL,1789744943.98,0.0,0,-15.562499999998636,0.12030475682564518
historical_walkforward,hist_seg1,historical7d|1s|1|1|1313,historical7d,1s,1,PRIMARY,SELL,1789744952.591,0.0,0,-15.0,-3.01997025884584
historical_walkforward,hist_seg1,historical7d|1s|1|1|1314,historical7d,1s,1,PRIMARY,SELL,1789744999.908,0.0,0,-16.38749999999959,-5.146539710810204
historical_walkforward,hist_seg1,historical7d|1s|1|1|1315,historical7d,1s,1,PRIMARY,SELL,1789745002.8579998,0.0,0,-15.7124999999985,1.9858085775066503
historical_walkforward,hist_seg1,historical7d|1s|1|1|1315,historical7d,1s,1,PRIMARY,SELL,1789745004.963,2.1050002574920654,1,-15.187500000000682,1.2241423427676863
historical_walkforward,hist_seg1,historical7d|1s|1|1|1316,historical7d,1s,1,PRIMARY,SELL,1789745006.9180002,0.0,0,-15.862499999998361,-1.3439053906462395
historical_walkforward,hist_seg1,historical7d|1s|1|4|1317,historical7d,1s,1,BURST,SELL,1789745007.815,0.0,0,3.787499999997408,-4.32157072535044
historical_walkforward,hist_seg1,historical7d|1s|1|1|1316,historical7d,1s,1,PRIMARY,SELL,1789745009.92,3.001999855041504,1,-15.037500000000819,-4.161631899944335
historical_walkforward,hist_seg1,historical7d|1s|1|4|1317,historical7d,1s,1,BURST,SELL,1789745009.92,2.1050000190734863,1,3.3749999999986353,-4.161631899944335
historical_walkforward,hist_seg1,historical7d|1s|1|1|1318,historical7d,1s,1,PRIMARY,SELL,1789745011.976,0.0,0,-16.837500000002592,-4.143259259509642
historical_walkforward,hist_seg1,historical7d|1s|1|4|1319,historical7d,1s,1,BURST,SELL,1789745011.976,0.0,0,1.274999999997135,-4.143259259509642
historical_walkforward,hist_seg1,historical7d|1s|1|1|1320,historical7d,1s,1,PRIMARY,SELL,1789745016.9420002,0.0,0,-17.62500000000273,-6.346348331859383
historical_walkforward,hist_seg1,historical7d|1s|1|1|1320,historical7d,1s,1,PRIMARY,SELL,1789745018.9550002,2.013000011444092,1,-17.212500000000546,-8.11841268204253
historical_walkforward,hist_seg1,historical7d|1s|1|1|1321,historical7d,1s,1,PRIMARY,SELL,1789745020.9950001,0.0,0,-18.52500000000191,-4.459936970222572
historical_walkforward,hist_seg1,historical7d|1s|1|1|1322,historical7d,1s,1,PRIMARY,SELL,1789745022.952,0.0,0,-15.7124999999985,-4.492308863936596
historical_walkforward,hist_seg1,historical7d|1s|1|1|1323,historical7d,1s,1,PRIMARY,SELL,1789745024.91,0.0,0,-15.262499999998907,-10.323276483850176
historical_walkforward,hist_seg1,historical7d|1s|1|1|1323,historical7d,1s,1,PRIMARY,SELL,1789745026.9539998,2.043999671936035,1,-16.68750000000273,-7.30423003526306
historical_walkforward,hist_seg1,historical7d|1s|1|1|1324,historical7d,1s,1,PRIMARY,SELL,1789745029.956,0.0,0,-15.825000000000953,-7.475570354035986
historical_walkforward,hist_seg1,historical7d|1s|1|1|1325,historical7d,1s,1,PRIMARY,SELL,1789745032.859,0.0,0,-18.225000000002183,-14.443491277573052
historical_walkforward,hist_seg1,historical7d|1s|1|1|1326,historical7d,1s,1,PRIMARY,SELL,1789745035.9169998,0.0,0,-17.062500000000682,-7.933824327676258
historical_walkforward,hist_seg1,historical7d|1s|1|1|1327,historical7d,1s,1,PRIMARY,SELL,1789745038.922,0.0,0,-18.337500000001228,-2.6637440495407527
historical_walkforward,hist_seg1,historical7d|1s|1|1|1328,historical7d,1s,1,PRIMARY,SELL,1789745041.828,0.0,0,-17.325000000003,-5.630102142098114
historical_walkforward,hist_seg1,historical7d|1s|1|1|1329,historical7d,1s,1,PRIMARY,SELL,1789745045.9859998,0.0,0,-15.7124999999985,-6.508348696789664
historical_walkforward,hist_seg1,historical7d|1s|1|1|1329,historical7d,1s,1,PRIMARY,SELL,1789745048.981,2.995000123977661,1,-18.337500000001228,-7.576852990417233
historical_walkforward,hist_seg1,historical7d|1s|1|1|1330,historical7d,1s,1,PRIMARY,SELL,1789745051.887,0.0,0,-15.037500000000819,-3.5575198563800994
historical_walkforward,hist_seg1,historical7d|1s|1|1|1330,historical7d,1s,1,PRIMARY,SELL,1789745053.9420002,2.055000066757202,1,-18.675000000001774,-10.898879563735282
historical_walkforward,hist_seg1,historical7d|1s|1|1|1331,historical7d,1s,1,PRIMARY,SELL,1789745056.993,0.0,0,-15.562499999998636,-8.74203108185467
historical_walkforward,hist_seg1,historical7d|1s|1|2|1332,historical7d,1s,1,SECONDARY,SELL,1789745058.8969998,0.0,0,-15.299999999999727,-1.0540020462210817
historical_walkforward,hist_seg1,historical7d|1s|1|1|1331,historical7d,1s,1,PRIMARY,SELL,1789745059.948,2.9549999237060547,1,-15.337500000000546,-1.2537855358461378
historical_walkforward,hist_seg1,historical7d|1s|1|1|1333,historical7d,1s,1,PRIMARY,SELL,1789745061.947,0.0,0,-15.862499999998361,-4.278974208935987
historical_walkforward,hist_seg1,historical7d|1s|1|1|1334,historical7d,1s,1,PRIMARY,SELL,1789745064.856,0.0,0,-15.524999999997817,-4.554445318620835
historical_walkforward,hist_seg1,historical7d|1s|1|1|1334,historical7d,1s,1,PRIMARY,SELL,1789745067.911,3.055000066757202,1,-16.1625000000015,-3.985814015091919
historical_walkforward,hist_seg1,historical7d|1s|1|1|1335,historical7d,1s,1,PRIMARY,SELL,1789745073.965,0.0,0,-15.562500000002046,-2.4484612412339457
historical_walkforward,hist_seg1,historical7d|1s|1|2|1336,historical7d,1s,1,SECONDARY,SELL,1789745074.916,0.0,0,-15.149999999999864,-4.241254823485996
historical_walkforward,hist_seg1,historical7d|1s|1|1|1337,historical7d,1s,1,PRIMARY,SELL,1789745077.971,0.0,0,-15.674999999997679,-4.018736978364679
historical_walkforward,hist_seg1,historical7d|1s|1|1|1337,historical7d,1s,1,PRIMARY,SELL,1789745079.9750001,2.004000186920166,1,-16.275000000000546,-3.9212345013178505
historical_walkforward,hist_seg1,historical7d|1s|1|1|1337,historical7d,1s,1,PRIMARY,SELL,1789745081.982,4.011000156402588,2,-15.450000000003,-7.321553713541373
historical_walkforward,hist_seg1,historical7d|1s|1|1|1337,historical7d,1s,1,PRIMARY,SELL,1789745083.987,6.016000032424927,3,-17.024999999999864,-6.83039161135907
historical_walkforward,hist_seg1,historical7d|1s|1|1|1337,historical7d,1s,1,PRIMARY,SELL,1789745086.99,9.019000053405762,4,-15.075000000001635,-6.982211514676794
historical_walkforward,hist_seg1,historical7d|1s|1|1|1337,historical7d,1s,1,PRIMARY,SELL,1789745089.9459999,11.974999904632568,5,-15.637500000000271,-7.207036610315512
historical_walkforward,hist_seg1,historical7d|1s|1|3|1338,historical7d,1s,1,MICRO,SELL,1789745090.994,0.0,0,-1.4999999999986358,-8.977019021281258
historical_walkforward,hist_seg1,historical7d|1s|1|1|1337,historical7d,1s,1,PRIMARY,SELL,1789745092.997,15.026000022888184,6,-15.412499999998772,-3.3747782956295995
historical_walkforward,hist_seg1,historical7d|1s|1|3|1338,historical7d,1s,1,MICRO,SELL,1789745092.997,2.003000020980835,1,0.5624999999986358,-4.797261425280605
historical_walkforward,hist_seg1,historical7d|1s|1|1|1337,historical7d,1s,1,PRIMARY,SELL,1789745095.9529998,17.98199987411499,7,-15.262500000002317,-2.2229100442320084
historical_walkforward,hist_seg1,historical7d|1s|1|3|1338,historical7d,1s,1,MICRO,SELL,1789745095.9529998,4.958999872207642,2,-0.7875000000001364,-2.2229100442320084
historical_walkforward,hist_seg1,historical7d|1s|1|1|1337,historical7d,1s,1,PRIMARY,SELL,1789745097.9580002,19.987000226974487,8,-15.487500000000411,-2.2455777400514068
historical_walkforward,hist_seg1,historical7d|1s|1|3|1338,historical7d,1s,1,MICRO,SELL,1789745097.9580002,6.964000225067139,3,-1.4250000000004093,-2.2455777400514068
historical_walkforward,hist_seg1,historical7d|1s|1|1|1339,historical7d,1s,1,PRIMARY,SELL,1789745099.966,0.0,0,-15.825000000000953,-3.3323897584240525
historical_walkforward,hist_seg1,historical7d|1s|1|3|1340,historical7d,1s,1,MICRO,SELL,1789745099.966,0.0,0,-2.1000000000015007,-3.3323897584240525
historical_walkforward,hist_seg1,historical7d|1s|1|1|1339,historical7d,1s,1,PRIMARY,SELL,1789745101.967,2.000999927520752,1,-15.975000000000819,-3.0879667948855563
historical_walkforward,hist_seg1,historical7d|1s|1|3|1340,historical7d,1s,1,MICRO,SELL,1789745101.967,2.000999927520752,1,-1.7250000000001364,-3.0879667948855563
historical_walkforward,hist_seg1,historical7d|1s|1|1|1339,historical7d,1s,1,PRIMARY,SELL,1789745103.968,4.001999855041504,2,-15.525000000001228,-3.59356719988158
historical_walkforward,hist_seg1,historical7d|1s|1|3|1340,historical7d,1s,1,MICRO,SELL,1789745103.968,4.001999855041504,2,1.4250000000004093,-3.59356719988158
historical_walkforward,hist_seg1,historical7d|1s|1|1|1341,historical7d,1s,1,PRIMARY,SELL,1789745106.72,0.0,0,-15.599999999999454,-4.720403414673135
historical_walkforward,hist_seg1,historical7d|1s|1|1|1342,historical7d,1s,1,PRIMARY,SELL,1789745109.926,0.0,0,-15.899999999999181,-4.741843896973112
historical_walkforward,hist_seg1,historical7d|1s|1|1|1343,historical7d,1s,1,PRIMARY,SELL,1789745113.9859998,0.0,0,-15.299999999999727,-5.31869977161764
historical_walkforward,hist_seg1,historical7d|1s|1|1|1344,historical7d,1s,1,PRIMARY,SELL,1789745115.836,0.0,0,-16.38749999999959,-5.855251713475055
historical_walkforward,hist_seg1,historical7d|1s|1|1|1344,historical7d,1s,1,PRIMARY,SELL,1789745117.987,2.1510000228881836,1,-15.67500000000109,1.9815581324976979
historical_walkforward,hist_seg1,historical7d|1s|1|3|1345,historical7d,1s,1,MICRO,SELL,1789745119.9390001,0.0,0,-0.6749999999976808,-0.9984894009285961
historical_walkforward,hist_seg1,historical7d|1s|1|1|1344,historical7d,1s,1,PRIMARY,SELL,1789745120.8899999,5.053999900817871,2,-15.749999999999318,-2.7389375562964955
historical_walkforward,hist_seg1,historical7d|1s|1|1|1346,historical7d,1s,1,PRIMARY,SELL,1789745123.9980001,0.0,0,-15.67500000000109,0.9690964027833234
historical_walkforward,hist_seg1,historical7d|1s|1|1|1346,historical7d,1s,1,PRIMARY,SELL,1789745126.95,2.9519999027252197,1,-15.187500000000682,-0.16384341652337764
historical_walkforward,hist_seg1,historical7d|1s|1|1|1347,historical7d,1s,1,PRIMARY,SELL,1789745129.957,0.0,0,-15.337500000000546,0.6000031035417442
historical_walkforward,hist_seg1,historical7d|1s|1|1|1347,historical7d,1s,1,PRIMARY,SELL,1789745132.965,3.007999897003174,1,-15.562500000002046,2.401584851901036
historical_walkforward,hist_seg1,historical7d|1s|1|1|1348,historical7d,1s,1,PRIMARY,SELL,1789745139.9180002,0.0,0,-15.299999999999727,0.8813400655994363
historical_walkforward,hist_seg1,historical7d|1s|1|1|1348,historical7d,1s,1,PRIMARY,SELL,1789745141.921,2.002999782562256,1,-15.9375,-2.250632958962402
historical_walkforward,hist_seg1,historical7d|1s|1|1|1348,historical7d,1s,1,PRIMARY,SELL,1789745143.973,4.054999828338623,2,-15.037500000000819,0.6894565578486467
historical_walkforward,hist_seg1,historical7d|1s|1|1|1348,historical7d,1s,1,PRIMARY,SELL,1789745146.372,6.453999757766724,3,-16.575000000000273,1.5669259858894347
historical_walkforward,hist_seg1,historical7d|1s|1|1|1349,historical7d,1s,1,PRIMARY,SELL,1789745148.976,0.0,0,-15.187500000000682,1.671465348571129
historical_walkforward,hist_seg1,historical7d|1s|1|1|1350,historical7d,1s,1,PRIMARY,SELL,1789745150.825,0.0,0,-15.71250000000191,-4.357004355998759
historical_walkforward,hist_seg1,historical7d|1s|1|1|1351,historical7d,1s,1,PRIMARY,SELL,1789745160.99,0.0,0,-15.525000000001228,-1.6128304970277678
historical_walkforward,hist_seg1,historical7d|1s|1|1|1352,historical7d,1s,1,PRIMARY,SELL,1789745163.993,0.0,0,-15.337500000000546,-1.6302860090847946
historical_walkforward,hist_seg1,historical7d|1s|1|1|1353,historical7d,1s,1,PRIMARY,SELL,1789745170.957,0.0,0,-16.20000000000232,3.221843603334426
historical_walkforward,hist_seg1,historical7d|1s|1|1|1354,historical7d,1s,1,PRIMARY,SELL,1789745173.756,0.0,0,-16.462500000001228,-2.098354507825118
historical_walkforward,hist_seg1,historical7d|1s|1|1|1355,historical7d,1s,1,PRIMARY,SELL,1789745177.92,0.0,0,-15.0,-0.4858995454721102
historical_walkforward,hist_seg1,historical7d|1s|1|1|1356,historical7d,1s,1,PRIMARY,SELL,1789745213.964,0.0,0,-15.825000000000953,2.114244617345966
historical_walkforward,hist_seg1,historical7d|1s|1|1|1357,historical7d,1s,1,PRIMARY,SELL,1789745229.875,0.0,0,-15.449999999999589,0.5148712563120439
historical_walkforward,hist_seg1,historical7d|1s|1|2|1358,historical7d,1s,1,SECONDARY,SELL,1789745230.8769999,0.0,0,-15.299999999999727,-2.263894992201687
historical_walkforward,hist_seg1,historical7d|1s|1|4|1359,historical7d,1s,1,BURST,SELL,1789745230.8769999,0.0,0,-2.2500000000013642,-2.263894992201687
historical_walkforward,hist_seg1,historical7d|1s|1|1|1357,historical7d,1s,1,PRIMARY,SELL,1789745231.981,2.1059999465942383,1,-15.074999999998225,-2.5749119651709944
historical_walkforward,hist_seg1,historical7d|1s|1|4|1360,historical7d,1s,1,BURST,SELL,1789745232.937,0.0,0,-1.7625000000009547,-2.207764977409458
historical_walkforward,hist_seg1,historical7d|1s|1|1|1357,historical7d,1s,1,PRIMARY,SELL,1789745233.988,4.11299991607666,2,-15.975000000000819,-1.8255737603681006
historical_walkforward,hist_seg1,historical7d|1s|1|4|1360,historical7d,1s,1,BURST,SELL,1789745234.988,2.050999879837036,1,-2.3249999999995907,-2.127152419070071
historical_walkforward,hist_seg1,historical7d|1s|1|1|1361,historical7d,1s,1,PRIMARY,SELL,1789745237.992,0.0,0,-16.6499999999985,-5.02088228097343
historical_walkforward,hist_seg1,historical7d|1s|1|1|1362,historical7d,1s,1,PRIMARY,SELL,1789745243.9980001,0.0,0,-15.2250000000015,1.5341773279720465
historical_walkforward,hist_seg1,historical7d|1s|1|1|1363,historical7d,1s,1,PRIMARY,SELL,1789745246.4550002,0.0,0,-15.63749999999686,-1.4259750070654749
historical_walkforward,hist_seg1,historical7d|1s|1|1|1364,historical7d,1s,1,PRIMARY,SELL,1789745249.812,0.0,0,-15.187499999997272,-1.8302378160126351
historical_walkforward,hist_seg1,historical7d|1s|1|1|1364,historical7d,1s,1,PRIMARY,SELL,1789745251.965,2.1529998779296875,1,-15.374999999997954,-1.7025440828829854
historical_walkforward,hist_seg1,historical7d|1s|1|1|1365,historical7d,1s,1,PRIMARY,SELL,1789745254.9180002,0.0,0,-15.974999999997408,-6.052667380345014
historical_walkforward,hist_seg1,historical7d|1s|1|1|1365,historical7d,1s,1,PRIMARY,SELL,1789745257.9699998,3.051999568939209,1,-15.562499999998636,-5.900651786798945
historical_walkforward,hist_seg1,historical7d|1s|1|1|1366,historical7d,1s,1,PRIMARY,SELL,1789745260.981,0.0,0,-15.187500000000682,-1.1533389580221702
historical_walkforward,hist_seg1,historical7d|1s|1|1|1367,historical7d,1s,1,PRIMARY,SELL,1789745262.977,0.0,0,-15.487500000000411,-3.5347128920180677
historical_walkforward,hist_seg1,historical7d|1s|1|1|1367,historical7d,1s,1,PRIMARY,SELL,1789745265.9329998,2.9559998512268066,1,-15.0,-3.7377168165598036
historical_walkforward,hist_seg1,historical7d|1s|1|1|1368,historical7d,1s,1,PRIMARY,SELL,1789745269.738,0.0,0,-15.337500000000546,-3.1905978292643695
historical_walkforward,hist_seg1,historical7d|1s|1|1|1368,historical7d,1s,1,PRIMARY,SELL,1789745271.848,2.1100001335144043,1,-16.20000000000232,-2.4901601269173126
historical_walkforward,hist_seg1,historical7d|1s|1|1|1369,historical7d,1s,1,PRIMARY,SELL,1789745273.997,0.0,0,-15.037500000000819,-3.0678066895195415
historical_walkforward,hist_seg1,historical7d|1s|1|1|1370,historical7d,1s,1,PRIMARY,SELL,1789745277.9529998,0.0,0,-15.337499999997135,3.7610811951320744
historical_walkforward,hist_seg1,historical7d|1s|1|1|1371,historical7d,1s,1,PRIMARY,SELL,1789745280.96,0.0,0,-17.249999999997954,-4.653652906740944
historical_walkforward,hist_seg1,historical7d|1s|1|1|1371,historical7d,1s,1,PRIMARY,SELL,1789745282.965,2.004999876022339,1,-15.149999999999864,-1.5662678268345218
historical_walkforward,hist_seg1,historical7d|1s|1|1|1372,historical7d,1s,1,PRIMARY,SELL,1789745285.515,0.0,0,-16.16249999999809,-2.097146269339196
historical_walkforward,hist_seg1,historical7d|1s|1|1|1372,historical7d,1s,1,PRIMARY,SELL,1789745287.668,2.1529998779296875,1,-16.049999999999045,-0.9659152425632224
historical_walkforward,hist_seg1,historical7d|1s|1|1|1373,historical7d,1s,1,PRIMARY,SELL,1789745302.938,0.0,0,-17.06249999999727,1.5133655526794227
historical_walkforward,hist_seg1,historical7d|1s|1|1|1374,historical7d,1s,1,PRIMARY,SELL,1789745304.985,0.0,0,-15.149999999999864,2.6829229533252357
historical_walkforward,hist_seg1,historical7d|1s|1|1|1375,historical7d,1s,1,PRIMARY,SELL,1789745306.636,0.0,0,-16.61249999999768,2.170534285216463
historical_walkforward,hist_seg1,historical7d|1s|1|1|1376,historical7d,1s,1,PRIMARY,SELL,1789745356.959,0.0,0,-15.112499999999045,-1.4850001643774824
historical_walkforward,hist_seg1,historical7d|1s|1|2|1377,historical7d,1s,1,SECONDARY,BUY,1789745382.945,0.0,0,30.412500000002183,-0.27160141671727234
historical_walkforward,hist_seg1,historical7d|1s|1|3|1378,historical7d,1s,1,MICRO,BUY,1789745476.976,0.0,0,22.462500000000034,-1.6085459902872505
historical_walkforward,hist_seg1,historical7d|1s|1|3|1379,historical7d,1s,1,MICRO,BUY,1789745480.586,0.0,0,-2.9624999999998636,-0.5714132443034757
historical_walkforward,hist_seg1,historical7d|1s|1|3|1380,historical7d,1s,1,MICRO,BUY,1789745483.992,0.0,0,-1.3499999999987722,-0.49621073365021784
historical_walkforward,hist_seg1,historical7d|1s|1|3|1380,historical7d,1s,1,MICRO,BUY,1789745485.9950001,2.003000020980835,1,0.11250000000245562,-2.299476002674611
historical_walkforward,hist_seg1,historical7d|1s|1|3|1381,historical7d,1s,1,MICRO,BUY,1789745577.9529998,0.0,0,19.724999999999966,1.8898885474802227
historical_walkforward,hist_seg1,historical7d|1s|1|2|1382,historical7d,1s,1,SECONDARY,BUY,1789745633.9859998,0.0,0,-6.78749999999809,3.58944480188748
historical_walkforward,hist_seg1,historical7d|1s|1|4|1383,historical7d,1s,1,BURST,BUY,1789745637.9910002,0.0,0,-1.6874999999993177,2.8306341488697337
historical_walkforward,hist_seg1,historical7d|1s|1|4|1383,historical7d,1s,1,BURST,BUY,1789745640.9980001,3.006999969482422,1,-0.7499999999993179,3.64212348363246
historical_walkforward,hist_seg1,historical7d|1s|1|4|1383,historical7d,1s,1,BURST,BUY,1789745643.854,5.86299991607666,2,-2.4374999999986358,4.372746135533947
historical_walkforward,hist_seg1,historical7d|1s|1|2|1384,historical7d,1s,1,SECONDARY,BUY,1789745707.9950001,0.0,0,-15.149999999999864,4.916562833238528
historical_walkforward,hist_seg1,historical7d|1s|1|3|1385,historical7d,1s,1,MICRO,BUY,1789745708.896,0.0,0,-3.4124999999994543,3.5958421798958917
historical_walkforward,hist_seg1,historical7d|1s|1|1|1386,historical7d,1s,1,PRIMARY,BUY,1789747214.968,0.0,0,-12.037500000000136,-4.872704009220413
historical_walkforward,hist_seg1,historical7d|1s|1|1|1387,historical7d,1s,1,PRIMARY,BUY,1789747216.968,0.0,0,-10.987500000001091,-0.9921132476211274
historical_walkforward,hist_seg1,historical7d|1s|1|1|1388,historical7d,1s,1,PRIMARY,BUY,1789747218.925,0.0,0,-13.500000000001362,-5.978079868281452
historical_walkforward,hist_seg1,historical7d|1s|1|1|1389,historical7d,1s,1,PRIMARY,BUY,1789747235.8430002,0.0,0,-13.31250000000068,-9.286304487292558
historical_walkforward,hist_seg1,historical7d|1s|1|1|1390,historical7d,1s,1,PRIMARY,BUY,1789747240.848,0.0,0,-12.375000000000684,-8.321543388859405
historical_walkforward,hist_seg1,historical7d|1s|1|1|1391,historical7d,1s,1,PRIMARY,BUY,1789747243.952,0.0,0,-12.899999999998498,-8.932582088083837
historical_walkforward,hist_seg1,historical7d|1s|1|1|1392,historical7d,1s,1,PRIMARY,BUY,1789747246.9020002,0.0,0,-15.562499999998636,-11.048749039871206
historical_walkforward,hist_seg1,historical7d|1s|1|1|1393,historical7d,1s,1,PRIMARY,BUY,1789747249.96,0.0,0,-15.599999999999454,-8.345497802812071
historical_walkforward,hist_seg1,historical7d|1s|1|1|1394,historical7d,1s,1,PRIMARY,BUY,1789747251.912,0.0,0,-15.975000000000819,-9.521879670793538
historical_walkforward,hist_seg1,historical7d|1s|1|1|1395,historical7d,1s,1,PRIMARY,BUY,1789747255.9740002,0.0,0,-15.412499999998772,-7.78323777364529
historical_walkforward,hist_seg1,historical7d|1s|1|1|1395,historical7d,1s,1,PRIMARY,BUY,1789747257.977,2.002999782562256,1,-15.825000000000953,-9.909513618888885
historical_walkforward,hist_seg1,historical7d|1s|1|1|1396,historical7d,1s,1,PRIMARY,BUY,1789747261.822,0.0,0,-16.237499999999727,-10.159187972774044
historical_walkforward,hist_seg1,historical7d|1s|1|1|1397,historical7d,1s,1,PRIMARY,BUY,1789747264.982,0.0,0,-15.112499999999045,-14.112918079481789
historical_walkforward,hist_seg1,historical7d|1s|1|2|1398,historical7d,1s,1,SECONDARY,BUY,1789747264.982,0.0,0,-15.112499999999045,-13.392290559126739
historical_walkforward,hist_seg1,historical7d|1s|1|1|1399,historical7d,1s,1,PRIMARY,BUY,1789747268.937,0.0,0,-15.299999999999727,-11.92518281720843
historical_walkforward,hist_seg1,historical7d|1s|1|1|1400,historical7d,1s,1,PRIMARY,BUY,1789747274.9459999,0.0,0,-15.299999999999727,-9.063232325188892
historical_walkforward,hist_seg1,historical7d|1s|1|1|1401,historical7d,1s,1,PRIMARY,BUY,1789747276.9,0.0,0,-15.149999999999864,-8.632316880879678
historical_walkforward,hist_seg1,historical7d|1s|1|1|1402,historical7d,1s,1,PRIMARY,BUY,1789747279.85,0.0,0,-15.974999999997408,-9.363417302561388
historical_walkforward,hist_seg1,historical7d|1s|1|1|1402,historical7d,1s,1,PRIMARY,BUY,1789747281.906,2.055999994277954,1,-15.337500000000546,-5.908572342924671
historical_walkforward,hist_seg1,historical7d|1s|1|1|1402,historical7d,1s,1,PRIMARY,BUY,1789747283.911,4.061000108718872,2,-15.112499999999045,-5.830298705325174
historical_walkforward,hist_seg1,historical7d|1s|1|1|1403,historical7d,1s,1,PRIMARY,BUY,1789747286.964,0.0,0,-16.16249999999809,-4.955265365960165
historical_walkforward,hist_seg1,historical7d|1s|1|1|1404,historical7d,1s,1,PRIMARY,BUY,1789747298.9859998,0.0,0,-15.037500000000819,-6.992276541305695
historical_walkforward,hist_seg1,historical7d|1s|1|1|1405,historical7d,1s,1,PRIMARY,BUY,1789747301.997,0.0,0,-15.67500000000109,-1.5622111133486536
historical_walkforward,hist_seg1,historical7d|1s|1|3|1406,historical7d,1s,1,MICRO,SELL,1789747390.945,0.0,0,-10.612499999999727,-11.002839189936763
historical_walkforward,hist_seg1,historical7d|1s|1|3|1407,historical7d,1s,1,MICRO,SELL,1789747408.923,0.0,0,-14.662499999999453,-8.123205928476635
historical_walkforward,hist_seg1,historical7d|1s|1|3|1408,historical7d,1s,1,MICRO,SELL,1789747410.669,0.0,0,-13.53749999999877,-8.045140198503768
historical_walkforward,hist_seg1,historical7d|1s|1|3|1409,historical7d,1s,1,MICRO,SELL,1789747413.972,0.0,0,-11.174999999998363,-8.585954591330557
historical_walkforward,hist_seg1,historical7d|1s|1|2|1410,historical7d,1s,1,SECONDARY,BUY,1789747489.987,0.0,0,-15.037499999997408,-7.811532686715963
historical_walkforward,hist_seg1,historical7d|1s|1|3|1411,historical7d,1s,1,MICRO,BUY,1789747494.997,0.0,0,-1.7250000000001364,-6.788371091075592
historical_walkforward,hist_seg1,historical7d|1s|1|3|1412,historical7d,1s,1,MICRO,BUY,1789747496.8460002,0.0,0,-1.3124999999979536,-6.372050815833323
historical_walkforward,hist_seg1,historical7d|1s|1|3|1413,historical7d,1s,1,MICRO,BUY,1789747502.9580002,0.0,0,-4.162499999998772,-8.678960866924598
historical_walkforward,hist_seg1,historical7d|1s|1|3|1414,historical7d,1s,1,MICRO,BUY,1789747504.414,0.0,0,-4.049999999999727,-7.30637623359067
historical_walkforward,hist_seg1,historical7d|1s|1|3|1415,historical7d,1s,1,MICRO,BUY,1789747523.798,0.0,0,-6.78749999999809,-7.509320044831974
historical_walkforward,hist_seg1,historical7d|1s|1|3|1416,historical7d,1s,1,MICRO,BUY,1789747529.852,0.0,0,-7.649999999999864,-7.391901344563348
historical_walkforward,hist_seg1,historical7d|1s|1|3|1417,historical7d,1s,1,MICRO,BUY,1789747537.909,0.0,0,-8.399999999999181,-5.93887629865375
historical_walkforward,hist_seg1,historical7d|1s|1|1|1418,historical7d,1s,1,PRIMARY,SELL,1789749091.967,0.0,0,20.88749999999891,6.5550016289120165
historical_walkforward,hist_seg1,historical7d|1s|1|1|1419,historical7d,1s,1,PRIMARY,SELL,1789749096.9169998,0.0,0,20.36249999999768,6.1559105609703435
historical_walkforward,hist_seg1,historical7d|1s|1|1|1420,historical7d,1s,1,PRIMARY,SELL,1789749098.9180002,0.0,0,19.6875,6.7851860505575265
historical_walkforward,hist_seg1,historical7d|1s|1|1|1421,historical7d,1s,1,PRIMARY,SELL,1789749101.82,0.0,0,17.699999999997544,4.758983397089855
historical_walkforward,hist_seg1,historical7d|1s|1|1|1422,historical7d,1s,1,PRIMARY,SELL,1789749103.9689999,0.0,0,20.66250000000082,9.21808972160707
historical_walkforward,hist_seg1,historical7d|1s|1|1|1423,historical7d,1s,1,PRIMARY,SELL,1789749105.971,0.0,0,17.924999999999045,8.172892011953143
historical_walkforward,hist_seg1,historical7d|1s|1|1|1424,historical7d,1s,1,PRIMARY,SELL,1789749109.978,0.0,0,19.799999999999045,7.075031088959014
historical_walkforward,hist_seg1,historical7d|1s|1|1|1424,historical7d,1s,1,PRIMARY,SELL,1789749111.979,2.001000165939331,1,20.737499999999045,8.328854507024232
historical_walkforward,hist_seg1,historical7d|1s|1|1|1425,historical7d,1s,1,PRIMARY,SELL,1789749135.994,0.0,0,15.825000000000953,5.765795896127475
historical_walkforward,hist_seg1,historical7d|1s|1|1|1426,historical7d,1s,1,PRIMARY,SELL,1789749264.905,0.0,0,20.062500000001364,5.272413696323667
historical_walkforward,hist_seg1,historical7d|1s|1|1|1427,historical7d,1s,1,PRIMARY,SELL,1789749266.907,0.0,0,17.55000000000109,4.01668627944235
historical_walkforward,hist_seg1,historical7d|1s|1|1|1428,historical7d,1s,1,PRIMARY,SELL,1789749289.983,0.0,0,21.262500000000273,6.666649771583336
historical_walkforward,hist_seg1,historical7d|1s|1|1|1429,historical7d,1s,1,PRIMARY,SELL,1789749292.838,0.0,0,20.550000000001774,5.146501428452948
historical_walkforward,hist_seg1,historical7d|1s|1|1|1430,historical7d,1s,1,PRIMARY,SELL,1789749295.9420002,0.0,0,16.312500000001364,6.502597103401647
historical_walkforward,hist_seg1,historical7d|1s|1|1|1431,historical7d,1s,1,PRIMARY,SELL,1789749297.941,0.0,0,14.73749999999768,6.583452231116025
historical_walkforward,hist_seg1,historical7d|1s|1|1|1432,historical7d,1s,1,PRIMARY,SELL,1789749300.997,0.0,0,15.562499999998636,5.262456950692559
historical_walkforward,hist_seg1,historical7d|1s|1|1|1433,historical7d,1s,1,PRIMARY,SELL,1789749302.9980001,0.0,0,14.850000000000135,5.396717840830855
historical_walkforward,hist_seg1,historical7d|1s|1|1|1434,historical7d,1s,1,PRIMARY,SELL,1789749309.9580002,0.0,0,14.55000000000041,4.947865654792876
historical_walkforward,hist_seg1,historical7d|1s|1|1|1434,historical7d,1s,1,PRIMARY,SELL,1789749311.96,2.001999855041504,1,15.975000000000819,1.754644190776435
historical_walkforward,hist_seg1,historical7d|1s|1|1|1435,historical7d,1s,1,PRIMARY,SELL,1789749314.959,0.0,0,16.349999999998772,3.9504524132551806
historical_walkforward,hist_seg1,historical7d|1s|1|1|1435,historical7d,1s,1,PRIMARY,SELL,1789749317.963,3.003999948501587,1,19.9125000000015,4.841436791719709
historical_walkforward,hist_seg1,historical7d|1s|1|1|1436,historical7d,1s,1,PRIMARY,SELL,1789749325.719,0.0,0,13.124999999999998,4.555370062437078
historical_walkforward,hist_seg1,historical7d|1s|1|1|1437,historical7d,1s,1,PRIMARY,SELL,1789749328.869,0.0,0,13.500000000001362,4.579823291531001
historical_walkforward,hist_seg1,historical7d|1s|1|1|1438,historical7d,1s,1,PRIMARY,SELL,1789749335.928,0.0,0,11.812499999998636,8.233714995291269
historical_walkforward,hist_seg1,historical7d|1s|1|1|1439,historical7d,1s,1,PRIMARY,SELL,1789749341.988,0.0,0,12.862500000001091,8.795982480739184
historical_walkforward,hist_seg1,historical7d|1s|1|1|1440,historical7d,1s,1,PRIMARY,SELL,1789749344.984,0.0,0,12.14999999999918,6.845599978245201
historical_walkforward,hist_seg1,historical7d|1s|1|1|1441,historical7d,1s,1,PRIMARY,SELL,1789749348.835,0.0,0,6.6374999999982265,3.9928052383833497
historical_walkforward,hist_seg1,historical7d|1s|1|1|1441,historical7d,1s,1,PRIMARY,SELL,1789749350.9889998,2.1539998054504395,1,13.53749999999877,5.196004187158383
historical_walkforward,hist_seg1,historical7d|1s|1|1|1442,historical7d,1s,1,PRIMARY,SELL,1789749356.988,0.0,0,13.237499999999045,0.9691826069776046
historical_walkforward,hist_seg1,historical7d|1s|1|1|1443,historical7d,1s,1,PRIMARY,SELL,1789749359.9859998,0.0,0,14.812499999999318,5.015864103873572
historical_walkforward,hist_seg1,historical7d|1s|1|1|1444,historical7d,1s,1,PRIMARY,SELL,1789749365.9910002,0.0,0,-16.38749999999959,4.41677335214177
historical_walkforward,hist_seg1,historical7d|1s|1|1|1445,historical7d,1s,1,PRIMARY,SELL,1789749371.9459999,0.0,0,-15.037500000000819,5.504222898541325
historical_walkforward,hist_seg1,historical7d|1s|1|1|1445,historical7d,1s,1,PRIMARY,SELL,1789749373.949,2.003000020980835,1,-15.599999999999454,4.955881821934717
historical_walkforward,hist_seg1,historical7d|1s|1|1|1446,historical7d,1s,1,PRIMARY,SELL,1789749377.999,0.0,0,-15.67500000000109,4.467482976496852
historical_walkforward,hist_seg1,historical7d|1s|1|1|1447,historical7d,1s,1,PRIMARY,SELL,1789749380.6950002,0.0,0,-15.187499999997272,3.4873966459207324
historical_walkforward,hist_seg1,historical7d|1s|1|1|1448,historical7d,1s,1,PRIMARY,SELL,1789749383.9529998,0.0,0,-15.449999999999589,5.544971132363338
historical_walkforward,hist_seg1,historical7d|1s|1|1|1449,historical7d,1s,1,PRIMARY,SELL,1789749385.956,0.0,0,-15.074999999998225,5.766359190528785
historical_walkforward,hist_seg1,historical7d|1s|1|1|1450,historical7d,1s,1,PRIMARY,SELL,1789749399.922,0.0,0,-16.087499999999864,7.412315061604224
historical_walkforward,hist_seg1,historical7d|1s|1|1|1451,historical7d,1s,1,PRIMARY,SELL,1789749402.967,0.0,0,-15.074999999998225,6.625478746511486
historical_walkforward,hist_seg1,historical7d|1s|1|1|1452,historical7d,1s,1,PRIMARY,SELL,1789749414.9750001,0.0,0,-15.824999999997543,4.796449071625049
historical_walkforward,hist_seg1,historical7d|1s|1|1|1453,historical7d,1s,1,PRIMARY,SELL,1789749417.882,0.0,0,-15.337500000000546,5.18290821823448
historical_walkforward,hist_seg1,historical7d|1s|1|1|1454,historical7d,1s,1,PRIMARY,SELL,1789749419.781,0.0,0,-15.22499999999809,4.981659546109439
historical_walkforward,hist_seg1,historical7d|1s|1|1|1455,historical7d,1s,1,PRIMARY,SELL,1789749423.992,0.0,0,-16.38749999999959,2.5802430966102343
historical_walkforward,hist_seg1,historical7d|1s|1|2|1456,historical7d,1s,1,SECONDARY,SELL,1789749423.992,0.0,0,-16.38749999999959,2.5802430966102343
historical_walkforward,hist_seg1,historical7d|1s|1|1|1455,historical7d,1s,1,PRIMARY,SELL,1789749426.985,2.992999792098999,1,-15.0,4.75863400376217
historical_walkforward,hist_seg1,historical7d|1s|1|1|1457,historical7d,1s,1,PRIMARY,SELL,1789749430.9950001,0.0,0,-15.2250000000015,5.5748751705100235
historical_walkforward,hist_seg1,historical7d|1s|1|1|1458,historical7d,1s,1,PRIMARY,SELL,1789749435.949,0.0,0,-15.749999999999318,10.303193626650012
historical_walkforward,hist_seg1,historical7d|1s|1|1|1458,historical7d,1s,1,PRIMARY,SELL,1789749437.949,2.0,1,-16.275000000000546,9.666916325311664
historical_walkforward,hist_seg1,historical7d|1s|1|1|1459,historical7d,1s,1,PRIMARY,SELL,1789749461.671,0.0,0,-16.275000000000546,7.978046237279661
historical_walkforward,hist_seg1,historical7d|1s|1|1|1460,historical7d,1s,1,PRIMARY,SELL,1789749772.999,0.0,0,-15.9375,-10.960044375246119
historical_walkforward,hist_seg1,historical7d|1s|1|2|1461,historical7d,1s,1,SECONDARY,SELL,1789749772.999,0.0,0,-15.9375,-10.960044375246119
historical_walkforward,hist_seg1,historical7d|1s|1|1|1462,historical7d,1s,1,PRIMARY,SELL,1789749779.9539998,0.0,0,20.774999999999864,-7.440295634928492
historical_walkforward,hist_seg1,historical7d|1s|1|1|1463,historical7d,1s,1,PRIMARY,SELL,1789749812.999,0.0,0,19.125000000001364,-5.316449115709934
historical_walkforward,hist_seg1,historical7d|1s|1|1|1464,historical7d,1s,1,PRIMARY,SELL,1789749845.941,0.0,0,-15.0,-7.697167649650267
historical_walkforward,hist_seg1,historical7d|1s|1|1|1465,historical7d,1s,1,PRIMARY,SELL,1789749847.938,0.0,0,-16.087499999999864,-9.294709132431253
historical_walkforward,hist_seg1,historical7d|1s|1|1|1465,historical7d,1s,1,PRIMARY,SELL,1789749849.9910002,2.0530002117156982,1,-16.19999999999891,-9.254197889452836
historical_walkforward,hist_seg1,historical7d|1s|1|1|1466,historical7d,1s,1,PRIMARY,SELL,1789749852.9950001,0.0,0,-15.299999999999727,-10.414479782864815
historical_walkforward,hist_seg1,historical7d|1s|1|1|1467,historical7d,1s,1,PRIMARY,SELL,1789749866.912,0.0,0,-15.0,-5.086034897564486
historical_walkforward,hist_seg1,historical7d|1s|1|1|1468,historical7d,1s,1,PRIMARY,SELL,1789749868.963,0.0,0,-16.19999999999891,-6.963154185435771
historical_walkforward,hist_seg1,historical7d|1s|1|1|1469,historical7d,1s,1,PRIMARY,SELL,1789749872.971,0.0,0,-16.237499999999727,-5.365341371411222
historical_walkforward,hist_seg1,historical7d|1s|1|1|1470,historical7d,1s,1,PRIMARY,SELL,1789749874.973,0.0,0,-15.112499999999045,-7.459268239957326
historical_walkforward,hist_seg1,historical7d|1s|1|1|1471,historical7d,1s,1,PRIMARY,SELL,1789749886.983,0.0,0,-15.749999999999318,-6.723430040511628
historical_walkforward,hist_seg1,historical7d|1s|1|1|1472,historical7d,1s,1,PRIMARY,SELL,1789749901.997,0.0,0,-16.42500000000041,-7.1294094416344675
historical_walkforward,hist_seg1,historical7d|1s|1|1|1473,historical7d,1s,1,PRIMARY,SELL,1789750106.91,0.0,0,-15.562499999998636,-10.50426197481387
historical_walkforward,hist_seg1,historical7d|1s|1|1|1473,historical7d,1s,1,PRIMARY,SELL,1789750108.965,2.054999828338623,1,-15.074999999998225,-8.646796576629528
historical_walkforward,hist_seg1,historical7d|1s|1|1|1474,historical7d,1s,1,PRIMARY,SELL,1789750253.981,0.0,0,-15.900000000002592,-9.136263629715556
historical_walkforward,hist_seg1,historical7d|1s|1|1|1475,historical7d,1s,1,PRIMARY,SELL,1789750255.9329998,0.0,0,-15.375000000001364,-8.099254750175703
historical_walkforward,hist_seg1,historical7d|1s|1|1|1476,historical7d,1s,1,PRIMARY,SELL,1789750281.962,0.0,0,-15.262500000002317,-6.025462896583492
historical_walkforward,hist_seg1,historical7d|1s|1|1|1476,historical7d,1s,1,PRIMARY,SELL,1789750283.9689999,2.006999969482422,1,-15.187500000000682,-6.555867714930375
historical_walkforward,hist_seg1,historical7d|1s|1|1|1477,historical7d,1s,1,PRIMARY,SELL,1789750289.973,0.0,0,-15.449999999999589,-7.227447623611226
historical_walkforward,hist_seg1,historical7d|1s|1|1|1478,historical7d,1s,1,PRIMARY,SELL,1789750295.9740002,0.0,0,-15.337499999997135,-7.100835790572901
historical_walkforward,hist_seg1,historical7d|1s|1|1|1479,historical7d,1s,1,PRIMARY,SELL,1789750310.9420002,0.0,0,-15.449999999999589,-4.662323418799131
historical_walkforward,hist_seg1,historical7d|1s|1|1|1480,historical7d,1s,1,PRIMARY,SELL,1789750433.971,0.0,0,-15.524999999997817,-8.755128080031318
historical_walkforward,hist_seg1,historical7d|1s|1|1|1481,historical7d,1s,1,PRIMARY,SELL,1789750451.994,0.0,0,-15.262499999998907,-9.638230343933651
historical_walkforward,hist_seg1,historical7d|1s|1|1|1482,historical7d,1s,1,PRIMARY,SELL,1789750458.948,0.0,0,-15.562500000002046,-10.566844747763906
historical_walkforward,hist_seg1,historical7d|1s|1|1|1483,historical7d,1s,1,PRIMARY,SELL,1789750633.9190001,0.0,0,-15.2250000000015,-7.630666179187432
historical_walkforward,hist_seg1,historical7d|1s|1|1|1484,historical7d,1s,1,PRIMARY,SELL,1789750687.891,0.0,0,-15.187500000000682,-5.097169325940673
historical_walkforward,hist_seg1,historical7d|1s|1|2|1485,historical7d,1s,1,SECONDARY,SELL,1789751974.95,0.0,0,-15.337500000000546,-5.312044486022573
historical_walkforward,hist_seg1,historical7d|1s|1|3|1486,historical7d,1s,1,MICRO,SELL,1789751983.9539998,0.0,0,1.6874999999993177,-8.543096636139689
historical_walkforward,hist_seg1,historical7d|1s|1|1|1487,historical7d,1s,1,PRIMARY,SELL,1789752032.9550002,0.0,0,-15.637500000000271,-7.155951772202356
historical_walkforward,hist_seg1,historical7d|1s|1|1|1487,historical7d,1s,1,PRIMARY,SELL,1789752034.957,2.001999855041504,1,-15.487499999997,-6.580798852914755
historical_walkforward,hist_seg1,historical7d|1s|1|1|1488,historical7d,1s,1,PRIMARY,SELL,1789752039.963,0.0,0,-15.824999999997543,-9.326974362878717
historical_walkforward,hist_seg1,historical7d|1s|1|1|1489,historical7d,1s,1,PRIMARY,SELL,1789752042.616,0.0,0,-15.562500000002046,-8.583050756661613
historical_walkforward,hist_seg1,historical7d|1s|1|1|1490,historical7d,1s,1,PRIMARY,SELL,1789752044.968,0.0,0,-15.187500000000682,-8.380519143875654
historical_walkforward,hist_seg1,historical7d|1s|1|1|1491,historical7d,1s,1,PRIMARY,SELL,1789752047.471,0.0,0,-15.899999999999181,-9.513903774212423
historical_walkforward,hist_seg1,historical7d|1s|1|1|1492,historical7d,1s,1,PRIMARY,SELL,1789752054.983,0.0,0,-15.262499999998907,-11.143112465079104
historical_walkforward,hist_seg1,historical7d|1s|1|1|1493,historical7d,1s,1,PRIMARY,SELL,1789752065.938,0.0,0,-15.187500000000682,-10.453021505243353
historical_walkforward,hist_seg1,historical7d|1s|1|1|1494,historical7d,1s,1,PRIMARY,SELL,1789752074.793,0.0,0,-16.125000000000682,-8.017986699441604
historical_walkforward,hist_seg1,historical7d|1s|1|1|1495,historical7d,1s,1,PRIMARY,SELL,1789752079.999,0.0,0,-15.525000000001228,-7.256290888351998
historical_walkforward,hist_seg1,historical7d|1s|1|3|1496,historical7d,1s,1,MICRO,BUY,1789752173.904,0.0,0,-1.1999999999989086,-8.664345486858034
historical_walkforward,hist_seg1,historical7d|1s|1|1|1497,historical7d,1s,1,PRIMARY,BUY,1789753819.984,0.0,0,4.162499999998772,-8.463489554029742
historical_walkforward,hist_seg1,historical7d|1s|1|1|1498,historical7d,1s,1,PRIMARY,BUY,1789753821.985,0.0,0,4.387500000000273,-7.083843695419943
historical_walkforward,hist_seg1,historical7d|1s|1|1|1499,historical7d,1s,1,PRIMARY,BUY,1789753837.9539998,0.0,0,-16.800000000001774,-8.85915380378279
historical_walkforward,hist_seg1,historical7d|1s|1|1|1500,historical7d,1s,1,PRIMARY,BUY,1789753841.956,0.0,0,-15.22499999999809,-6.619026321937497
historical_walkforward,hist_seg1,historical7d|1s|1|1|1501,historical7d,1s,1,PRIMARY,BUY,1789753843.853,0.0,0,-16.687499999999318,-6.868232587904237
historical_walkforward,hist_seg1,historical7d|1s|1|1|1502,historical7d,1s,1,PRIMARY,BUY,1789753848.804,0.0,0,-15.449999999999589,-8.939220693817877
historical_walkforward,hist_seg1,historical7d|1s|1|1|1502,historical7d,1s,1,PRIMARY,BUY,1789753850.906,2.1019999980926514,1,-16.125000000000682,-8.687466468373245
historical_walkforward,hist_seg1,historical7d|1s|1|1|1503,historical7d,1s,1,PRIMARY,BUY,1789753853.957,0.0,0,-15.862499999998361,-9.132994589873386
historical_walkforward,hist_seg1,historical7d|1s|1|1|1503,historical7d,1s,1,PRIMARY,BUY,1789753855.959,2.002000093460083,1,-15.412499999998772,-8.916798160622925
historical_walkforward,hist_seg1,historical7d|1s|1|1|1504,historical7d,1s,1,PRIMARY,BUY,1789753860.865,0.0,0,-15.149999999999864,-10.125354803632272
historical_walkforward,hist_seg1,historical7d|1s|1|1|1504,historical7d,1s,1,PRIMARY,BUY,1789753862.9750001,2.1100001335144043,1,-15.862500000001772,-7.970590135780381
historical_walkforward,hist_seg1,historical7d|1s|1|1|1505,historical7d,1s,1,PRIMARY,BUY,1789753880.9910002,0.0,0,-17.512500000000273,-8.609668923044243
historical_walkforward,hist_seg1,historical7d|1s|1|1|1506,historical7d,1s,1,PRIMARY,BUY,1789753883.987,0.0,0,-15.599999999999454,-8.061469101698178
historical_walkforward,hist_seg1,historical7d|1s|1|1|1506,historical7d,1s,1,PRIMARY,BUY,1789753885.992,2.005000114440918,1,-15.037500000000819,-9.19842858493844
historical_walkforward,hist_seg1,historical7d|1s|1|2|1507,historical7d,1s,1,SECONDARY,BUY,1789753886.994,0.0,0,-16.91250000000082,-8.466777136689046
historical_walkforward,hist_seg1,historical7d|1s|1|1|1506,historical7d,1s,1,PRIMARY,BUY,1789753887.994,4.006999969482422,2,-17.1000000000015,-8.113343205578493
historical_walkforward,hist_seg1,historical7d|1s|1|1|1508,historical7d,1s,1,PRIMARY,BUY,1789753891.9550002,0.0,0,-15.749999999999318,-7.333098126822702
historical_walkforward,hist_seg1,historical7d|1s|1|3|1509,historical7d,1s,1,MICRO,BUY,1789753891.9550002,0.0,0,-4.275000000001228,-7.333098126822702
historical_walkforward,hist_seg1,historical7d|1s|1|1|1510,historical7d,1s,1,PRIMARY,BUY,1789753894.9529998,0.0,0,-15.112499999999045,-9.87713054351982
historical_walkforward,hist_seg1,historical7d|1s|1|1|1510,historical7d,1s,1,PRIMARY,BUY,1789753897.957,3.004000186920166,1,-17.5874999999985,-8.742011212830196
historical_walkforward,hist_seg1,historical7d|1s|1|1|1510,historical7d,1s,1,PRIMARY,BUY,1789753900.9550002,6.002000331878662,2,-15.412499999998772,-5.19964375019331
historical_walkforward,hist_seg1,historical7d|1s|1|1|1510,historical7d,1s,1,PRIMARY,BUY,1789753902.962,8.009000062942505,3,-15.262500000002317,-6.26043340312678
historical_walkforward,hist_seg1,historical7d|1s|1|1|1511,historical7d,1s,1,PRIMARY,BUY,1789753904.962,0.0,0,-17.77499999999918,-7.287359318711303
historical_walkforward,hist_seg1,historical7d|1s|1|1|1511,historical7d,1s,1,PRIMARY,BUY,1789753906.966,2.004000186920166,1,-17.400000000001228,-8.655575167079457
historical_walkforward,hist_seg1,historical7d|1s|1|1|1511,historical7d,1s,1,PRIMARY,BUY,1789753909.925,4.963000059127808,2,-15.22499999999809,-5.418904804065486
historical_walkforward,hist_seg1,historical7d|1s|1|1|1511,historical7d,1s,1,PRIMARY,BUY,1789753911.972,7.009999990463257,3,-16.800000000001774,-6.736022411929824
historical_walkforward,hist_seg1,historical7d|1s|1|1|1512,historical7d,1s,1,PRIMARY,BUY,1789753913.921,0.0,0,-15.9375,-7.72678874888548
historical_walkforward,hist_seg1,historical7d|1s|1|1|1513,historical7d,1s,1,PRIMARY,BUY,1789753917.979,0.0,0,-17.662500000000136,-8.14104389964126
historical_walkforward,hist_seg1,historical7d|1s|1|1|1514,historical7d,1s,1,PRIMARY,BUY,1789753920.8300002,0.0,0,-17.737500000001774,-6.977415280191552
historical_walkforward,hist_seg1,historical7d|1s|1|1|1515,historical7d,1s,1,PRIMARY,BUY,1789753922.934,0.0,0,-17.77499999999918,-8.25777531789289
historical_walkforward,hist_seg1,historical7d|1s|1|3|1516,historical7d,1s,1,MICRO,BUY,1789753922.934,0.0,0,2.1000000000015007,-8.25777531789289
historical_walkforward,hist_seg1,historical7d|1s|1|1|1517,historical7d,1s,1,PRIMARY,BUY,1789753924.992,0.0,0,-17.737500000001774,-9.783787877970642
historical_walkforward,hist_seg1,historical7d|1s|1|1|1517,historical7d,1s,1,PRIMARY,BUY,1789753926.994,2.001999855041504,1,-16.6499999999985,-7.4969507284146175
historical_walkforward,hist_seg1,historical7d|1s|1|1|1517,historical7d,1s,1,PRIMARY,BUY,1789753929.992,5.0,2,-15.749999999999318,-4.829949029819293
historical_walkforward,hist_seg1,historical7d|1s|1|1|1517,historical7d,1s,1,PRIMARY,BUY,1789753932.8979998,7.905999660491943,3,-15.9375,-4.852669807302484
historical_walkforward,hist_seg1,historical7d|1s|1|1|1518,historical7d,1s,1,PRIMARY,BUY,1789753934.9980001,0.0,0,-16.275000000000546,-6.416156978853584
historical_walkforward,hist_seg1,historical7d|1s|1|1|1518,historical7d,1s,1,PRIMARY,BUY,1789753936.999,2.000999927520752,1,-15.149999999999864,-8.249351835088069
historical_walkforward,hist_seg1,historical7d|1s|1|1|1519,historical7d,1s,1,PRIMARY,BUY,1789753953.984,0.0,0,-15.075000000001635,-3.191790149701479
historical_walkforward,hist_seg1,historical7d|1s|1|1|1520,historical7d,1s,1,PRIMARY,BUY,1789753958.875,0.0,0,-15.037500000000819,-4.195536553661071
historical_walkforward,hist_seg1,historical7d|1s|1|1|1521,historical7d,1s,1,PRIMARY,BUY,1789753961.8899999,0.0,0,-15.0,-4.364228083097306
historical_walkforward,hist_seg1,historical7d|1s|1|1|1522,historical7d,1s,1,PRIMARY,BUY,1789753964.994,0.0,0,-15.412500000002183,-3.656824548046102
historical_walkforward,hist_seg1,historical7d|1s|1|1|1522,historical7d,1s,1,PRIMARY,BUY,1789753967.8430002,2.8490002155303955,1,-15.787500000000136,-4.598122740754576
historical_walkforward,hist_seg1,historical7d|1s|1|1|1522,historical7d,1s,1,PRIMARY,BUY,1789753969.9910002,4.997000217437744,2,-15.862500000001772,-2.16154594725609
historical_walkforward,hist_seg1,historical7d|1s|1|1|1522,historical7d,1s,1,PRIMARY,BUY,1789753971.993,6.999000072479248,3,-15.075000000001635,-1.0511186277324949
historical_walkforward,hist_seg1,historical7d|1s|1|1|1523,historical7d,1s,1,PRIMARY,BUY,1789753974.908,0.0,0,-15.525000000001228,-3.967268090852169
historical_walkforward,hist_seg1,historical7d|1s|1|1|1524,historical7d,1s,1,PRIMARY,BUY,1789753994.7849998,0.0,0,-16.125000000000682,-1.6999371854452028
historical_walkforward,hist_seg1,historical7d|1s|1|2|1525,historical7d,1s,1,SECONDARY,SELL,1789754302.941,0.0,0,1.0124999999982265,-5.380149601388656
historical_walkforward,hist_seg1,historical7d|1s|1|2|1526,historical7d,1s,1,SECONDARY,BUY,1789757067.9889998,0.0,0,6.862499999999726,-3.7834188569459446
historical_walkforward,hist_seg1,historical7d|1s|1|1|1527,historical7d,1s,1,PRIMARY,BUY,1789758585.943,0.0,0,-0.11249999999904502,-5.628128054515071
historical_walkforward,hist_seg1,historical7d|1s|1|1|1527,historical7d,1s,1,PRIMARY,BUY,1789758588.797,2.8539998531341553,1,-0.4124999999987722,-5.791518212968426
historical_walkforward,hist_seg1,historical7d|1s|1|1|1527,historical7d,1s,1,PRIMARY,BUY,1789758590.952,5.008999824523926,2,0.2625000000023192,-7.047737403993376
historical_walkforward,hist_seg1,historical7d|1s|1|1|1528,historical7d,1s,1,PRIMARY,BUY,1789758593.956,0.0,0,0.9375,-4.561269261293631
historical_walkforward,hist_seg1,historical7d|1s|1|1|1528,historical7d,1s,1,PRIMARY,BUY,1789758595.957,2.000999927520752,1,0.5250000000012278,-4.296201063646277
historical_walkforward,hist_seg1,historical7d|1s|1|1|1528,historical7d,1s,1,PRIMARY,BUY,1789758598.7129998,4.756999731063843,2,-0.37499999999795364,-4.430632158621573
historical_walkforward,hist_seg1,historical7d|1s|1|1|1528,historical7d,1s,1,PRIMARY,BUY,1789758600.761,6.804999828338623,3,-1.3124999999979536,-8.62559817599593
historical_walkforward,hist_seg1,historical7d|1s|1|1|1529,historical7d,1s,1,PRIMARY,BUY,1789758602.9139998,0.0,0,-1.0874999999998636,-5.1197114556514824
historical_walkforward,hist_seg1,historical7d|1s|1|1|1529,historical7d,1s,1,PRIMARY,BUY,1789758604.968,2.05400013923645,1,-0.6749999999976808,-7.557361170824149
historical_walkforward,hist_seg1,historical7d|1s|1|1|1530,historical7d,1s,1,PRIMARY,BUY,1789758609.978,0.0,0,-0.37499999999795364,-6.972465557997613
historical_walkforward,hist_seg1,historical7d|1s|1|1|1531,historical7d,1s,1,PRIMARY,BUY,1789758676.836,0.0,0,-5.249999999998636,-6.507131859396596
historical_walkforward,hist_seg1,historical7d|1s|1|1|1532,historical7d,1s,1,PRIMARY,BUY,1789758684.8430002,0.0,0,-4.124999999997954,-5.811571865241833
historical_walkforward,hist_seg1,historical7d|1s|1|1|1533,historical7d,1s,1,PRIMARY,BUY,1789758687.644,0.0,0,-3.6749999999983625,-4.724856349634871
historical_walkforward,hist_seg1,historical7d|1s|1|1|1534,historical7d,1s,1,PRIMARY,BUY,1789758738.811,0.0,0,-8.2124999999985,-7.681578197957934
historical_walkforward,hist_seg1,historical7d|1s|1|1|1535,historical7d,1s,1,PRIMARY,BUY,1789758750.979,0.0,0,16.6499999999985,-10.981874739355021
historical_walkforward,hist_seg1,historical7d|1s|1|1|1536,historical7d,1s,1,PRIMARY,BUY,1789758753.983,0.0,0,-15.075000000001635,-9.891425249443937
historical_walkforward,hist_seg1,historical7d|1s|1|1|1537,historical7d,1s,1,PRIMARY,BUY,1789758755.388,0.0,0,-15.2250000000015,-9.700728242628596
historical_walkforward,hist_seg1,historical7d|1s|1|1|1537,historical7d,1s,1,PRIMARY,BUY,1789758757.9910002,2.6030001640319824,1,13.200000000001637,-10.302548207228968
historical_walkforward,hist_seg1,historical7d|1s|1|1|1537,historical7d,1s,1,PRIMARY,BUY,1789758759.992,4.604000091552734,2,-15.71250000000191,-9.133670522622092
historical_walkforward,hist_seg1,historical7d|1s|1|1|1538,historical7d,1s,1,PRIMARY,BUY,1789758761.943,0.0,0,13.874999999999316,-11.0388909868007
historical_walkforward,hist_seg1,historical7d|1s|1|1|1539,historical7d,1s,1,PRIMARY,BUY,1789758770.8579998,0.0,0,-16.237499999999727,-10.193291592159772
historical_walkforward,hist_seg1,historical7d|1s|1|1|1540,historical7d,1s,1,PRIMARY,BUY,1789758772.707,0.0,0,-15.412499999998772,-10.360818121470977
historical_walkforward,hist_seg1,historical7d|1s|1|1|1541,historical7d,1s,1,PRIMARY,BUY,1789758775.812,0.0,0,-15.674999999997679,-9.11610809036594
historical_walkforward,hist_seg1,historical7d|1s|1|1|1541,historical7d,1s,1,PRIMARY,BUY,1789758777.965,2.1529998779296875,1,-15.187500000000682,-10.548333485813114
historical_walkforward,hist_seg1,historical7d|1s|1|1|1542,historical7d,1s,1,PRIMARY,BUY,1789758780.875,0.0,0,-15.075000000001635,-7.416901478809093
historical_walkforward,hist_seg1,historical7d|1s|1|1|1543,historical7d,1s,1,PRIMARY,BUY,1789758786.88,0.0,0,-15.187500000000682,-6.075689368632067
historical_walkforward,hist_seg1,historical7d|1s|1|1|1544,historical7d,1s,1,PRIMARY,BUY,1789758788.936,0.0,0,-15.187500000000682,-8.18692856885438
historical_walkforward,hist_seg1,historical7d|1s|1|1|1544,historical7d,1s,1,PRIMARY,BUY,1789758790.988,2.051999807357788,1,-15.337500000000546,-6.435638342984638
historical_walkforward,hist_seg1,historical7d|1s|1|1|1544,historical7d,1s,1,PRIMARY,BUY,1789758793.895,4.958999872207642,2,-15.562499999998636,-5.587274162110237
historical_walkforward,hist_seg1,historical7d|1s|1|1|1545,historical7d,1s,1,PRIMARY,BUY,1789758796.949,0.0,0,-15.487500000000411,-7.7962770333806946
historical_walkforward,hist_seg1,historical7d|1s|1|1|1546,historical7d,1s,1,PRIMARY,BUY,1789758798.8019998,0.0,0,-15.074999999998225,-6.948746242295317
historical_walkforward,hist_seg1,historical7d|1s|1|1|1547,historical7d,1s,1,PRIMARY,BUY,1789758801.156,0.0,0,-16.012500000001637,-1.1556139585896488
historical_walkforward,hist_seg1,historical7d|1s|1|1|1547,historical7d,1s,1,PRIMARY,BUY,1789758803.412,2.25600004196167,1,-15.975000000000819,-0.8202739206585827
historical_walkforward,hist_seg1,historical7d|1s|1|1|1548,historical7d,1s,1,PRIMARY,BUY,1789758807.717,0.0,0,-15.412500000002183,-1.4358378124060558
historical_walkforward,hist_seg1,historical7d|1s|1|1|1549,historical7d,1s,1,PRIMARY,BUY,1789758971.938,0.0,0,-4.6499999999991815,-3.2718092926889164
historical_walkforward,hist_seg1,historical7d|1s|1|1|1550,historical7d,1s,1,PRIMARY,BUY,1789759143.997,0.0,0,13.987499999998363,-6.23341834452373
historical_walkforward,hist_seg1,historical7d|1s|1|1|1550,historical7d,1s,1,PRIMARY,BUY,1789759145.997,2.0,1,64.9125000000015,-6.934918261226989
historical_walkforward,hist_seg1,historical7d|1s|1|1|1551,historical7d,1s,1,PRIMARY,BUY,1789759158.976,0.0,0,64.31249999999864,-7.192344522577641
historical_walkforward,hist_seg1,historical7d|1s|1|1|1552,historical7d,1s,1,PRIMARY,BUY,1789759168.783,0.0,0,59.70000000000027,-5.518079276666513
historical_walkforward,hist_seg1,historical7d|1s|1|1|1553,historical7d,1s,1,PRIMARY,BUY,1789759170.582,0.0,0,58.762500000000266,-4.611773990495618
historical_walkforward,hist_seg1,historical7d|1s|1|1|1554,historical7d,1s,1,PRIMARY,BUY,1789759172.838,0.0,0,60.599999999999454,-4.299631152595348
historical_walkforward,hist_seg1,historical7d|1s|1|1|1555,historical7d,1s,1,PRIMARY,BUY,1789759182.803,0.0,0,54.824999999999584,-5.414470740967601
historical_walkforward,hist_seg1,historical7d|1s|1|1|1556,historical7d,1s,1,PRIMARY,BUY,1789759213.536,0.0,0,50.625,-8.425756456565091
historical_walkforward,hist_seg1,historical7d|1s|1|1|1557,historical7d,1s,1,PRIMARY,BUY,1789759221.797,0.0,0,46.65000000000191,-7.348615309587173
historical_walkforward,hist_seg1,historical7d|1s|1|1|1558,historical7d,1s,1,PRIMARY,BUY,1789759237.9740002,0.0,0,46.61250000000109,-5.797975116790318
historical_walkforward,hist_seg1,historical7d|1s|1|1|1558,historical7d,1s,1,PRIMARY,BUY,1789759240.63,2.6559998989105225,1,46.23749999999973,-5.7201030196807405
historical_walkforward,hist_seg1,historical7d|1s|1|1|1558,historical7d,1s,1,PRIMARY,BUY,1789759242.7289999,4.75499963760376,2,49.72499999999741,-2.6633023101892417
historical_walkforward,hist_seg1,historical7d|1s|1|1|1559,historical7d,1s,1,PRIMARY,BUY,1789759245.988,0.0,0,49.35000000000286,-2.6342129151776827
historical_walkforward,hist_seg1,historical7d|1s|1|1|1560,historical7d,1s,1,PRIMARY,BUY,1789759247.994,0.0,0,51.0749999999996,-4.6405756315308855
historical_walkforward,hist_seg1,historical7d|1s|1|1|1561,historical7d,1s,1,PRIMARY,BUY,1789759254.96,0.0,0,48.862499999999045,-5.765189640140525
historical_walkforward,hist_seg1,historical7d|1s|1|1|1562,historical7d,1s,1,PRIMARY,BUY,1789759261.91,0.0,0,48.150000000000546,1.622126335861566
historical_walkforward,hist_seg1,historical7d|1s|1|1|1563,historical7d,1s,1,PRIMARY,BUY,1789759263.8620002,0.0,0,43.049999999998356,-4.26020075491816
historical_walkforward,hist_seg1,historical7d|1s|1|1|1564,historical7d,1s,1,PRIMARY,BUY,1789759269.772,0.0,0,42.299999999999045,-2.3312070935937346
historical_walkforward,hist_seg1,historical7d|1s|1|1|1565,historical7d,1s,1,PRIMARY,BUY,1789759271.767,0.0,0,44.58750000000123,-5.036706353006497
historical_walkforward,hist_seg1,historical7d|1s|1|1|1566,historical7d,1s,1,PRIMARY,BUY,1789759289.442,0.0,0,40.05000000000109,-5.482341886344826
historical_walkforward,hist_seg1,historical7d|1s|1|1|1567,historical7d,1s,1,PRIMARY,BUY,1789759292.402,0.0,0,40.462499999999864,-5.889202654649324
historical_walkforward,hist_seg1,historical7d|1s|1|1|1567,historical7d,1s,1,PRIMARY,BUY,1789759295.152,2.75,1,40.199999999997544,-4.643520361636299
historical_walkforward,hist_seg1,historical7d|1s|1|1|1568,historical7d,1s,1,PRIMARY,BUY,1789759300.763,0.0,0,40.3125,-5.882931181736814
historical_walkforward,hist_seg1,historical7d|1s|1|1|1569,historical7d,1s,1,PRIMARY,BUY,1789759303.9740002,0.0,0,41.21250000000259,-6.5573942196196136
historical_walkforward,hist_seg1,historical7d|1s|1|1|1570,historical7d,1s,1,PRIMARY,BUY,1789759306.973,0.0,0,44.13750000000164,-7.732858673172535
historical_walkforward,hist_seg1,historical7d|1s|1|1|1571,historical7d,1s,1,PRIMARY,BUY,1789759309.976,0.0,0,39.82499999999959,-7.575912213915067
historical_walkforward,hist_seg1,historical7d|1s|1|1|1572,historical7d,1s,1,PRIMARY,BUY,1789759312.132,0.0,0,37.91249999999877,-8.017252645528817
historical_walkforward,hist_seg1,historical7d|1s|1|1|1573,historical7d,1s,1,PRIMARY,BUY,1789759314.934,0.0,0,36.97499999999877,-7.63232719334341
historical_walkforward,hist_seg1,historical7d|1s|1|1|1573,historical7d,1s,1,PRIMARY,BUY,1789759317.891,2.9570000171661377,1,36.48750000000177,-8.73390839203905
historical_walkforward,hist_seg1,historical7d|1s|1|1|1573,historical7d,1s,1,PRIMARY,BUY,1789759319.997,5.062999963760376,2,37.42499999999836,-6.689334164706293
historical_walkforward,hist_seg1,historical7d|1s|1|1|1574,historical7d,1s,1,PRIMARY,BUY,1789759321.901,0.0,0,37.31250000000273,-7.765059880242753
historical_walkforward,hist_seg1,historical7d|1s|1|1|1575,historical7d,1s,1,PRIMARY,BUY,1789759323.9529998,0.0,0,35.8500000000015,-7.945908980524293
historical_walkforward,hist_seg1,historical7d|1s|1|1|1576,historical7d,1s,1,PRIMARY,BUY,1789759327.908,0.0,0,32.212500000000546,-5.16096048885369
historical_walkforward,hist_seg1,historical7d|1s|1|1|1577,historical7d,1s,1,PRIMARY,BUY,1789759330.86,0.0,0,34.72500000000082,-6.716649672769427
historical_walkforward,hist_seg1,historical7d|1s|1|1|1578,historical7d,1s,1,PRIMARY,BUY,1789759333.868,0.0,0,30.22499999999809,-5.9442087975897575
historical_walkforward,hist_seg1,historical7d|1s|1|1|1578,historical7d,1s,1,PRIMARY,BUY,1789759335.9689999,2.1009998321533203,1,30.26250000000232,-6.315217563351803
historical_walkforward,hist_seg1,historical7d|1s|1|1|1579,historical7d,1s,1,PRIMARY,BUY,1789759468.945,0.0,0,28.050000000001774,-6.208395878211102
historical_walkforward,hist_seg1,historical7d|1s|1|1|1580,historical7d,1s,1,PRIMARY,BUY,1789759470.3470001,0.0,0,-15.412499999998772,-6.150160560077782
historical_walkforward,hist_seg1,historical7d|1s|1|1|1581,historical7d,1s,1,PRIMARY,BUY,1789759548.9580002,0.0,0,35.10000000000218,-8.48848301865387
historical_walkforward,hist_seg1,historical7d|1s|1|1|1582,historical7d,1s,1,PRIMARY,BUY,1789759551.909,0.0,0,33.600000000000136,-8.575082084738852
historical_walkforward,hist_seg1,historical7d|1s|1|1|1583,historical7d,1s,1,PRIMARY,BUY,1789759554.963,0.0,0,-15.149999999999864,-8.694189337339017
historical_walkforward,hist_seg1,historical7d|1s|1|1|1584,historical7d,1s,1,PRIMARY,BUY,1789759556.965,0.0,0,-15.187499999997272,-7.428199834285896
historical_walkforward,hist_seg1,historical7d|1s|1|1|1585,historical7d,1s,1,PRIMARY,BUY,1789759717.967,0.0,0,21.037499999998772,-3.9826203600023944
historical_walkforward,hist_seg1,historical7d|1s|1|1|1586,historical7d,1s,1,PRIMARY,BUY,1789759730.931,0.0,0,21.450000000000955,-3.5644022442428063
historical_walkforward,hist_seg1,historical7d|1s|1|1|1587,historical7d,1s,1,PRIMARY,BUY,1789759734.99,0.0,0,16.762500000000955,-0.5867639297287756
historical_walkforward,hist_seg1,historical7d|1s|1|1|1588,historical7d,1s,1,PRIMARY,BUY,1789759736.7910001,0.0,0,15.524999999997817,-3.166815913244392
historical_walkforward,hist_seg1,historical7d|1s|1|1|1588,historical7d,1s,1,PRIMARY,BUY,1789759738.849,2.057999849319458,1,15.637500000000271,0.2754129975803371
historical_walkforward,hist_seg1,historical7d|1s|1|1|1589,historical7d,1s,1,PRIMARY,BUY,1789759740.797,0.0,0,17.962499999999864,-0.3145966142299358
historical_walkforward,hist_seg1,historical7d|1s|1|1|1590,historical7d,1s,1,PRIMARY,BUY,1789759742.7510002,0.0,0,15.637500000000271,0.05957517726830892
historical_walkforward,hist_seg1,historical7d|1s|1|1|1591,historical7d,1s,1,PRIMARY,BUY,1789759745.905,0.0,0,16.1625000000015,-9.121015680905833
historical_walkforward,hist_seg1,historical7d|1s|1|1|1592,historical7d,1s,1,PRIMARY,BUY,1789759752.966,0.0,0,15.299999999999727,-7.880546846224008
historical_walkforward,hist_seg1,historical7d|1s|1|1|1593,historical7d,1s,1,PRIMARY,BUY,1789759755.971,0.0,0,13.987499999998363,-11.272206901642095
historical_walkforward,hist_seg1,historical7d|1s|1|1|1593,historical7d,1s,1,PRIMARY,BUY,1789759757.9750001,2.004000186920166,1,11.92499999999768,-10.490788858241174
historical_walkforward,hist_seg1,historical7d|1s|1|2|1594,historical7d,1s,1,SECONDARY,BUY,1789759757.9750001,0.0,0,31.649999999998496,-10.490788858241174
historical_walkforward,hist_seg1,historical7d|1s|1|3|1595,historical7d,1s,1,MICRO,BUY,1789759757.9750001,0.0,0,24.10312499999833,-10.490788858241174
historical_walkforward,hist_seg1,historical7d|1s|1|1|1596,historical7d,1s,1,PRIMARY,BUY,1789759760.971,0.0,0,11.212499999999181,-8.643659015092728
historical_walkforward,hist_seg1,historical7d|1s|1|1|1596,historical7d,1s,1,PRIMARY,BUY,1789759763.973,3.002000093460083,1,10.912499999999454,-5.643445162321323
historical_walkforward,hist_seg1,historical7d|1s|1|1|1596,historical7d,1s,1,PRIMARY,BUY,1789759765.977,5.00600004196167,2,7.424999999998362,-7.369402263754672
historical_walkforward,hist_seg1,historical7d|1s|1|2|1597,historical7d,1s,1,SECONDARY,BUY,1789759765.977,0.0,0,11.812499999998636,-7.833672984775482
historical_walkforward,hist_seg1,historical7d|1s|1|1|1598,historical7d,1s,1,PRIMARY,BUY,1789759769.934,0.0,0,4.424999999997681,-12.719202781610846
historical_walkforward,hist_seg1,historical7d|1s|1|1|1599,historical7d,1s,1,PRIMARY,BUY,1789759775.937,0.0,0,1.5374999999994543,-14.599529586422705
historical_walkforward,hist_seg1,historical7d|1s|1|1|1600,historical7d,1s,1,PRIMARY,BUY,1789759777.688,0.0,0,1.6874999999993177,-8.728100029965372
historical_walkforward,hist_seg1,historical7d|1s|1|1|1601,historical7d,1s,1,PRIMARY,BUY,1789759782.9950001,0.0,0,1.2000000000023192,-9.465655679060035
historical_walkforward,hist_seg1,historical7d|1s|1|1|1602,historical7d,1s,1,PRIMARY,BUY,1789759786.808,0.0,0,-0.7875000000001364,-9.64301099346742
historical_walkforward,hist_seg1,historical7d|1s|1|1|1602,historical7d,1s,1,PRIMARY,BUY,1789759788.9529998,2.1449997425079346,1,-0.3375000000005457,-6.409309470206082
historical_walkforward,hist_seg1,historical7d|1s|1|1|1602,historical7d,1s,1,PRIMARY,BUY,1789759790.957,4.148999929428101,2,0.7125000000019099,-6.052735817859562
historical_walkforward,hist_seg1,historical7d|1s|1|1|1602,historical7d,1s,1,PRIMARY,BUY,1789759792.959,6.151000022888184,3,-1.3874999999995907,-9.69734692244451
historical_walkforward,hist_seg1,historical7d|1s|1|1|1603,historical7d,1s,1,PRIMARY,BUY,1789759796.9169998,0.0,0,0.3375000000005457,-5.154038189278249
historical_walkforward,hist_seg1,historical7d|1s|1|1|1604,historical7d,1s,1,PRIMARY,BUY,1789759800.825,0.0,0,1.875,-1.381033666476362
historical_walkforward,hist_seg1,historical7d|1s|1|1|1605,historical7d,1s,1,PRIMARY,BUY,1789759892.932,0.0,0,5.962500000000546,-7.520175552063123
historical_walkforward,hist_seg1,historical7d|1s|1|1|1606,historical7d,1s,1,PRIMARY,BUY,1789759935.983,0.0,0,1.3499999999987722,-5.416735072983086
historical_walkforward,hist_seg1,historical7d|1s|1|1|1607,historical7d,1s,1,PRIMARY,BUY,1789759939.985,0.0,0,5.774999999999864,-8.830244485608214
historical_walkforward,hist_seg1,historical7d|1s|1|1|1607,historical7d,1s,1,PRIMARY,BUY,1789759941.9859998,2.000999927520752,1,10.987500000001091,-6.803401408347903
historical_walkforward,hist_seg1,historical7d|1s|1|1|1608,historical7d,1s,1,PRIMARY,BUY,1789759961.96,0.0,0,10.874999999998636,-6.757325449668628
historical_walkforward,hist_seg1,historical7d|1s|1|1|1609,historical7d,1s,1,PRIMARY,BUY,1789759963.964,0.0,0,8.88749999999959,-5.462136291100105
historical_walkforward,hist_seg1,historical7d|1s|1|1|1609,historical7d,1s,1,PRIMARY,BUY,1789759966.965,3.000999927520752,1,6.6000000000008185,-4.872212151005473
historical_walkforward,hist_seg1,historical7d|1s|1|1|1610,historical7d,1s,1,PRIMARY,BUY,1789759969.467,0.0,0,4.612499999998363,-9.059589630368073
historical_walkforward,hist_seg1,historical7d|1s|1|1|1610,historical7d,1s,1,PRIMARY,BUY,1789759971.8209999,2.3539998531341553,1,3.562499999999318,-9.271444255017334
historical_walkforward,hist_seg1,historical7d|1s|1|1|1611,historical7d,1s,1,PRIMARY,BUY,1789759973.922,0.0,0,1.9125000000008188,-9.831945314411142
historical_walkforward,hist_seg1,historical7d|1s|1|1|1612,historical7d,1s,1,PRIMARY,BUY,1789759976.979,0.0,0,1.4250000000004093,-9.523198480461968
historical_walkforward,hist_seg1,historical7d|1s|1|1|1613,historical7d,1s,1,PRIMARY,BUY,1789759980.977,0.0,0,0.29999999999972715,-9.491967435430164
historical_walkforward,hist_seg1,historical7d|1s|1|1|1614,historical7d,1s,1,PRIMARY,BUY,1789759986.881,0.0,0,1.4250000000004093,-11.797428221491083
historical_walkforward,hist_seg1,historical7d|1s|1|1|1615,historical7d,1s,1,PRIMARY,BUY,1789759988.837,0.0,0,1.950000000001637,-12.672527240043634
historical_walkforward,hist_seg1,historical7d|1s|1|1|1616,historical7d,1s,1,PRIMARY,BUY,1789759990.984,0.0,0,5.249999999998636,-8.209550495141674
historical_walkforward,hist_seg1,historical7d|1s|1|1|1617,historical7d,1s,1,PRIMARY,BUY,1789759996.795,0.0,0,2.4749999999994543,-9.911861239068589
historical_walkforward,hist_seg1,historical7d|1s|1|1|1617,historical7d,1s,1,PRIMARY,BUY,1789759998.9980001,2.203000068664551,1,0.4875000000004093,-11.63765964404642
historical_walkforward,hist_seg1,historical7d|1s|1|1|1618,historical7d,1s,1,PRIMARY,BUY,1789760000.9980001,0.0,0,0.9750000000008185,-7.793394349413384
historical_walkforward,hist_seg1,historical7d|1s|1|1|1618,historical7d,1s,1,PRIMARY,BUY,1789760002.999,2.000999927520752,1,1.875,-11.901416467094842
historical_walkforward,hist_seg1,historical7d|1s|1|1|1619,historical7d,1s,1,PRIMARY,BUY,1789760008.9529998,0.0,0,0.825000000000955,-10.980065798309317
historical_walkforward,hist_seg1,historical7d|1s|1|1|1620,historical7d,1s,1,PRIMARY,BUY,1789760010.957,0.0,0,-16.38749999999959,-0.67732657247236
historical_walkforward,hist_seg1,historical7d|1s|1|1|1620,historical7d,1s,1,PRIMARY,BUY,1789760013.909,2.9519999027252197,1,-16.65000000000191,-3.4582330924996927
historical_walkforward,hist_seg1,historical7d|1s|1|1|1621,historical7d,1s,1,PRIMARY,BUY,1789760015.9139998,0.0,0,-16.65000000000191,-4.327635226724398
historical_walkforward,hist_seg1,historical7d|1s|1|1|1622,historical7d,1s,1,PRIMARY,BUY,1789760018.96,0.0,0,-16.61250000000109,-3.639375423402352
historical_walkforward,hist_seg1,historical7d|1s|1|1|1623,historical7d,1s,1,PRIMARY,BUY,1789760021.8140001,0.0,0,-15.037500000000819,-10.085126607194937
historical_walkforward,hist_seg1,historical7d|1s|1|3|1624,historical7d,1s,1,MICRO,BUY,1789760021.8140001,0.0,0,-15.037500000000819,-10.085126607194937
historical_walkforward,hist_seg1,historical7d|1s|1|1|1625,historical7d,1s,1,PRIMARY,BUY,1789760024.81,0.0,0,-15.0,-11.986736753253473
historical_walkforward,hist_seg1,historical7d|1s|1|3|1626,historical7d,1s,1,MICRO,BUY,1789760024.81,0.0,0,-5.662499999997408,-11.986736753253473
historical_walkforward,hist_seg1,historical7d|1s|1|1|1625,historical7d,1s,1,PRIMARY,BUY,1789760026.9129999,2.1029999256134033,1,-15.9375,-6.086699093053368
historical_walkforward,hist_seg1,historical7d|1s|1|1|1627,historical7d,1s,1,PRIMARY,BUY,1789760029.968,0.0,0,-15.149999999999864,-10.523762290239985
historical_walkforward,hist_seg1,historical7d|1s|1|1|1628,historical7d,1s,1,PRIMARY,BUY,1789760031.968,0.0,0,-15.187500000000682,-14.492206356967227
historical_walkforward,hist_seg1,historical7d|1s|1|1|1629,historical7d,1s,1,PRIMARY,BUY,1789760035.82,0.0,0,-15.487500000000411,-5.607861162728662
historical_walkforward,hist_seg1,historical7d|1s|1|1|1630,historical7d,1s,1,PRIMARY,BUY,1789760038.876,0.0,0,-15.074999999998225,-7.411766931566844
historical_walkforward,hist_seg1,historical7d|1s|1|1|1631,historical7d,1s,1,PRIMARY,BUY,1789760047.937,0.0,0,-15.187500000000682,0.5731149293830371
historical_walkforward,hist_seg1,historical7d|1s|1|1|1632,historical7d,1s,1,PRIMARY,BUY,1789760056.849,0.0,0,-15.899999999999181,-10.218151516278043
historical_walkforward,hist_seg1,historical7d|1s|1|1|1632,historical7d,1s,1,PRIMARY,BUY,1789760058.851,2.002000093460083,1,-15.67500000000109,-10.974606556174173
historical_walkforward,hist_seg1,historical7d|1s|1|1|1633,historical7d,1s,1,PRIMARY,BUY,1789760063.96,0.0,0,-16.012500000001637,-9.369583200888446
historical_walkforward,hist_seg1,historical7d|1s|1|1|1634,historical7d,1s,1,PRIMARY,BUY,1789760198.411,0.0,0,-1.6874999999993177,-4.985977793082437
historical_walkforward,hist_seg1,historical7d|1s|1|1|1635,historical7d,1s,1,PRIMARY,BUY,1789761354.9889998,0.0,0,-5.774999999999864,-4.774727354668769
historical_walkforward,hist_seg1,historical7d|1s|1|1|1636,historical7d,1s,1,PRIMARY,BUY,1789761488.9740002,0.0,0,-8.325000000000955,-5.78479954496461
historical_walkforward,hist_seg1,historical7d|1s|1|1|1637,historical7d,1s,1,PRIMARY,BUY,1789761632.927,0.0,0,-8.249999999999318,-4.395738381276131
historical_walkforward,hist_seg1,historical7d|1s|1|1|1638,historical7d,1s,1,PRIMARY,BUY,1789761636.936,0.0,0,-9.375,-3.5191930853447615
historical_walkforward,hist_seg1,historical7d|1s|1|1|1639,historical7d,1s,1,PRIMARY,BUY,1789761638.987,0.0,0,-9.6000000000015,-7.874681222521696
historical_walkforward,hist_seg1,historical7d|1s|1|1|1640,historical7d,1s,1,PRIMARY,BUY,1789762637.884,0.0,0,-8.625000000000682,-3.944467587241244
historical_walkforward,hist_seg1,historical7d|1s|1|1|1641,historical7d,1s,1,PRIMARY,BUY,1789762644.8409998,0.0,0,-7.312499999999318,-6.245480905779867
historical_walkforward,hist_seg1,historical7d|1s|1|1|1641,historical7d,1s,1,PRIMARY,BUY,1789762646.99,2.1490001678466797,1,-6.6374999999982265,-3.410660564770624
historical_walkforward,hist_seg1,historical7d|1s|1|1|1642,historical7d,1s,1,PRIMARY,BUY,1789762655.91,0.0,0,-5.774999999999864,1.3805886082248995
historical_walkforward,hist_seg1,historical7d|1s|1|1|1643,historical7d,1s,1,PRIMARY,BUY,1789762660.769,0.0,0,-8.849999999998772,0.7673325679027954
historical_walkforward,hist_seg1,historical7d|1s|1|1|1644,historical7d,1s,1,PRIMARY,BUY,1789762668.833,0.0,0,-9.749999999997954,-4.454230407277709
historical_walkforward,hist_seg1,historical7d|1s|1|1|1645,historical7d,1s,1,PRIMARY,BUY,1789762671.9859998,0.0,0,-9.86250000000041,-3.8707230987817294
historical_walkforward,hist_seg1,historical7d|1s|1|1|1645,historical7d,1s,1,PRIMARY,BUY,1789762673.9910002,2.005000352859497,1,-8.92500000000041,-7.602616357459468
historical_walkforward,hist_seg1,historical7d|1s|1|1|1645,historical7d,1s,1,PRIMARY,BUY,1789762676.944,4.958000183105469,2,-9.749999999997954,-4.876164223141386
historical_walkforward,hist_seg1,historical7d|1s|1|1|1646,historical7d,1s,1,PRIMARY,BUY,1789762679.994,0.0,0,-8.812499999997954,-5.914172976492743
historical_walkforward,hist_seg1,historical7d|1s|1|1|1647,historical7d,1s,1,PRIMARY,BUY,1789762683.6499999,0.0,0,-9.337499999999181,-5.659856539212816
historical_walkforward,hist_seg1,historical7d|1s|1|1|1648,historical7d,1s,1,PRIMARY,BUY,1789762686.851,0.0,0,-8.399999999999181,-5.7378715995067235
historical_walkforward,hist_seg1,historical7d|1s|1|1|1648,historical7d,1s,1,PRIMARY,BUY,1789762688.9550002,2.1040000915527344,1,-8.2124999999985,-8.488016478317974
historical_walkforward,hist_seg1,historical7d|1s|1|1|1649,historical7d,1s,1,PRIMARY,BUY,1789762691.962,0.0,0,-15.074999999998225,-4.0935853440521015
historical_walkforward,hist_seg1,historical7d|1s|1|1|1649,historical7d,1s,1,PRIMARY,BUY,1789762694.557,2.5950000286102295,1,-15.637500000000271,-1.8562556823201704
historical_walkforward,hist_seg1,historical7d|1s|1|1|1649,historical7d,1s,1,PRIMARY,BUY,1789762696.964,5.002000093460083,2,-15.412499999998772,-6.019919998980477
historical_walkforward,hist_seg1,historical7d|1s|1|1|1649,historical7d,1s,1,PRIMARY,BUY,1789762699.9689999,8.006999969482422,3,-15.0,-2.313136785979836
historical_walkforward,hist_seg1,historical7d|1s|1|1|1650,historical7d,1s,1,PRIMARY,BUY,1789762703.926,0.0,0,-15.337499999997135,-4.76032864967261
historical_walkforward,hist_seg1,historical7d|1s|1|1|1651,historical7d,1s,1,PRIMARY,BUY,1789762710.985,0.0,0,-8.4375,-7.0133882342097476
historical_walkforward,hist_seg1,historical7d|1s|1|1|1652,historical7d,1s,1,PRIMARY,BUY,1789762717.748,0.0,0,-8.287500000000136,-7.86699462224349
historical_walkforward,hist_seg1,historical7d|1s|1|1|1652,historical7d,1s,1,PRIMARY,BUY,1789762719.8019998,2.053999900817871,1,-8.287500000000136,-6.25338012963529
historical_walkforward,hist_seg1,historical7d|1s|1|2|1653,historical7d,1s,1,SECONDARY,BUY,1789763657.9139998,0.0,0,8.6625000000015,4.005463892063064
historical_walkforward,hist_seg1,historical7d|1s|1|1|1654,historical7d,1s,1,PRIMARY,BUY,1789763699.963,0.0,0,8.362500000001774,30.387652606634916
historical_walkforward,hist_seg1,historical7d|1s|1|1|1654,historical7d,1s,1,PRIMARY,BUY,1789763701.971,2.007999897003174,1,9.112500000001091,29.390435163683907
historical_walkforward,hist_seg1,historical7d|1s|1|1|1655,historical7d,1s,1,PRIMARY,BUY,1789763769.323,0.0,0,7.912499999998771,38.46493222410092
historical_walkforward,hist_seg1,historical7d|1s|1|1|1656,historical7d,1s,1,PRIMARY,BUY,1789763783.999,0.0,0,0.7499999999993179,29.537727643092524
historical_walkforward,hist_seg1,historical7d|1s|1|1|1656,historical7d,1s,1,PRIMARY,BUY,1789763785.999,2.0,1,0.2624999999989086,36.97491302004417
historical_walkforward,hist_seg1,historical7d|1s|1|1|1656,historical7d,1s,1,PRIMARY,BUY,1789763788.8460002,4.8470001220703125,2,-1.0874999999998636,36.35402107879437
historical_walkforward,hist_seg1,historical7d|1s|1|1|1656,historical7d,1s,1,PRIMARY,BUY,1789763790.8460002,6.8470001220703125,3,-0.7875000000001364,37.026841310373676
historical_walkforward,hist_seg1,historical7d|1s|1|1|1656,historical7d,1s,1,PRIMARY,BUY,1789763792.95,8.950999975204468,4,-4.6125000000017735,30.055179657991452
historical_walkforward,hist_seg1,historical7d|1s|1|1|1657,historical7d,1s,1,PRIMARY,BUY,1789763796.965,0.0,0,-5.587500000002592,35.87290138994069
historical_walkforward,hist_seg1,historical7d|1s|1|1|1657,historical7d,1s,1,PRIMARY,BUY,1789763799.9580002,2.9930002689361572,1,-15.449999999999589,35.805138748136706
historical_walkforward,hist_seg1,historical7d|1s|1|1|1657,historical7d,1s,1,PRIMARY,BUY,1789763802.915,5.950000047683716,2,-5.4375000000027285,35.04396469179469
historical_walkforward,hist_seg1,historical7d|1s|1|1|1657,historical7d,1s,1,PRIMARY,BUY,1789763804.964,7.999000072479248,3,-5.287499999999454,30.180764831915905
historical_walkforward,hist_seg1,historical7d|1s|1|1|1657,historical7d,1s,1,PRIMARY,BUY,1789763806.967,10.002000093460083,4,-6.037499999998772,24.26908851759867
historical_walkforward,hist_seg1,historical7d|1s|1|1|1657,historical7d,1s,1,PRIMARY,BUY,1789763809.822,12.85700011253357,5,-4.837499999999864,21.443347961501754
historical_walkforward,hist_seg1,historical7d|1s|1|1|1658,historical7d,1s,1,PRIMARY,BUY,1789763812.828,0.0,0,-4.312499999998636,20.223866555831773
historical_walkforward,hist_seg1,historical7d|1s|1|1|1658,historical7d,1s,1,PRIMARY,BUY,1789763814.878,2.049999952316284,1,-3.7875000000008185,28.469207252030756
historical_walkforward,hist_seg1,historical7d|1s|1|1|1658,historical7d,1s,1,PRIMARY,BUY,1789763816.881,4.052999973297119,2,-5.025000000000546,29.297799940993887
historical_walkforward,hist_seg1,historical7d|1s|1|1|1658,historical7d,1s,1,PRIMARY,BUY,1789763819.988,7.159999847412109,3,-5.40000000000191,36.40816011744601
historical_walkforward,hist_seg1,historical7d|1s|1|1|1658,historical7d,1s,1,PRIMARY,BUY,1789763822.94,10.111999988555908,4,-5.962500000000546,29.231477931558814
historical_walkforward,hist_seg1,historical7d|1s|1|1|1658,historical7d,1s,1,PRIMARY,BUY,1789763825.5500002,12.722000122070312,5,-4.46250000000191,35.979091429101224
historical_walkforward,hist_seg1,historical7d|1s|1|1|1658,historical7d,1s,1,PRIMARY,BUY,1789763827.999,15.171000003814697,6,-4.987500000003138,36.588959932832566
historical_walkforward,hist_seg1,historical7d|1s|1|1|1658,historical7d,1s,1,PRIMARY,BUY,1789763830.8049998,17.976999759674072,7,-6.262500000000272,36.11610672308514
historical_walkforward,hist_seg1,historical7d|1s|1|1|1659,historical7d,1s,1,PRIMARY,BUY,1789763832.9580002,0.0,0,-6.412500000000136,30.119621831721503
historical_walkforward,hist_seg1,historical7d|1s|1|1|1659,historical7d,1s,1,PRIMARY,BUY,1789763835.5609999,2.602999687194824,1,-7.949999999999591,28.48783933394921
historical_walkforward,hist_seg1,historical7d|1s|1|1|1659,historical7d,1s,1,PRIMARY,BUY,1789763838.865,5.906999826431274,2,-6.937500000001364,34.290303243991765
historical_walkforward,hist_seg1,historical7d|1s|1|1|1659,historical7d,1s,1,PRIMARY,BUY,1789763840.965,8.006999731063843,3,-8.325000000000955,29.262639858454122
historical_walkforward,hist_seg1,historical7d|1s|1|1|1659,historical7d,1s,1,PRIMARY,BUY,1789763842.972,10.013999700546265,4,-7.7250000000015,30.496216153585465
historical_walkforward,hist_seg1,historical7d|1s|1|1|1660,historical7d,1s,1,PRIMARY,BUY,1789764616.951,0.0,0,-7.7250000000015,2.1752603199964913
historical_walkforward,hist_seg1,historical7d|1s|1|1|1660,historical7d,1s,1,PRIMARY,BUY,1789764618.9529998,2.001999855041504,1,-7.612499999999045,0.5992054220687235
historical_walkforward,hist_seg1,historical7d|1s|1|1|1660,historical7d,1s,1,PRIMARY,BUY,1789764621.656,4.704999923706055,2,-6.750000000000681,1.2003065684897174
historical_walkforward,hist_seg1,historical7d|1s|1|1|1661,historical7d,1s,1,PRIMARY,BUY,1789764628.8140001,0.0,0,-9.112500000001091,-0.872392454500836
historical_walkforward,hist_seg1,historical7d|1s|1|1|1661,historical7d,1s,1,PRIMARY,BUY,1789764630.916,2.1019997596740723,1,-9.375,-1.7623974643248936
historical_walkforward,hist_seg1,historical7d|1s|1|1|1662,historical7d,1s,1,PRIMARY,BUY,1789764634.7,0.0,0,-8.999999999998636,0.574823324929932
historical_walkforward,hist_seg1,historical7d|1s|1|1|1663,historical7d,1s,1,PRIMARY,BUY,1789764637.705,0.0,0,-8.999999999998636,-0.09799690664937627
historical_walkforward,hist_seg1,historical7d|1s|1|1|1664,historical7d,1s,1,PRIMARY,BUY,1789764640.8569999,0.0,0,-8.587499999999864,0.5002982371022072
historical_walkforward,hist_seg1,historical7d|1s|1|1|1665,historical7d,1s,1,PRIMARY,BUY,1789764642.6590002,0.0,0,-8.6625000000015,0.9266755457885849
historical_walkforward,hist_seg1,historical7d|1s|1|1|1666,historical7d,1s,1,PRIMARY,BUY,1789764644.8140001,0.0,0,-8.062499999998636,1.1201499844714797
historical_walkforward,hist_seg1,historical7d|1s|1|1|1667,historical7d,1s,1,PRIMARY,BUY,1789764646.615,0.0,0,-7.050000000000408,3.5237219608961947
historical_walkforward,hist_seg1,historical7d|1s|1|1|1668,historical7d,1s,1,PRIMARY,SELL,1789767860.959,0.0,0,-3.4875000000010914,-25.06678961765201
historical_walkforward,hist_seg1,historical7d|1s|1|1|1669,historical7d,1s,1,PRIMARY,SELL,1789767872.88,0.0,0,-8.550000000002456,-23.16292938121589
historical_walkforward,hist_seg1,historical7d|1s|1|1|1670,historical7d,1s,1,PRIMARY,SELL,1789767876.9859998,0.0,0,-7.200000000000273,-22.913386999103786
historical_walkforward,hist_seg1,historical7d|1s|1|1|1671,historical7d,1s,1,PRIMARY,SELL,1789767895.568,0.0,0,-7.27500000000191,-19.943548468880717
historical_walkforward,hist_seg1,historical7d|1s|1|1|1672,historical7d,1s,1,PRIMARY,SELL,1789767912.793,0.0,0,-9.187500000002728,-20.665737127483
historical_walkforward,hist_seg1,historical7d|1s|1|1|1673,historical7d,1s,1,PRIMARY,SELL,1789767924.8630002,0.0,0,-8.812500000001364,-16.792069007876737
historical_walkforward,hist_seg1,historical7d|1s|1|1|1674,historical7d,1s,1,PRIMARY,SELL,1789767944.997,0.0,0,-9.300000000001774,-18.027024420724718
historical_walkforward,hist_seg1,historical7d|1s|1|1|1674,historical7d,1s,1,PRIMARY,SELL,1789767947.1529999,2.1559998989105225,1,-9.674999999999727,-24.07998174346794
historical_walkforward,hist_seg1,historical7d|1s|1|1|1675,historical7d,1s,1,PRIMARY,SELL,1789767949.956,0.0,0,-9.712500000000546,-24.72640563934738
historical_walkforward,hist_seg1,historical7d|1s|1|1|1676,historical7d,1s,1,PRIMARY,SELL,1789767951.908,0.0,0,-10.80000000000041,-24.769450212586573
historical_walkforward,hist_seg1,historical7d|1s|1|1|1676,historical7d,1s,1,PRIMARY,SELL,1789767953.959,2.0510001182556152,1,-10.762500000003001,-24.143691393062973
historical_walkforward,hist_seg1,historical7d|1s|1|1|1677,historical7d,1s,1,PRIMARY,SELL,1789767956.663,0.0,0,-10.687500000001364,-20.630754706892837
historical_walkforward,hist_seg1,historical7d|1s|1|1|1678,historical7d,1s,1,PRIMARY,SELL,1789767959.7710001,0.0,0,-11.137500000000955,-23.663976083774852
historical_walkforward,hist_seg1,historical7d|1s|1|1|1679,historical7d,1s,1,PRIMARY,SELL,1789767966.3779998,0.0,0,-11.362500000002456,-18.588989396623628
historical_walkforward,hist_seg1,historical7d|1s|1|1|1680,historical7d,1s,1,PRIMARY,SELL,1789767969.632,0.0,0,-11.325000000001637,-18.245985831355515
historical_walkforward,hist_seg1,historical7d|1s|1|1|1681,historical7d,1s,1,PRIMARY,SELL,1789768387.979,0.0,0,-4.012499999998909,-19.203340180697392
historical_walkforward,hist_seg1,historical7d|1s|1|1|1682,historical7d,1s,1,PRIMARY,SELL,1789768501.9299998,0.0,0,-6.412499999996726,-22.818160357480103
historical_walkforward,hist_seg1,historical7d|1s|1|1|1682,historical7d,1s,1,PRIMARY,SELL,1789768503.938,2.008000135421753,1,-7.6874999999972715,-27.4599041168162
historical_walkforward,hist_seg1,historical7d|1s|1|1|1683,historical7d,1s,1,PRIMARY,SELL,1789768506.691,0.0,0,-7.612499999999045,-19.051191879720736
historical_walkforward,hist_seg1,historical7d|1s|1|1|1684,historical7d,1s,1,PRIMARY,SELL,1789768508.9420002,0.0,0,-7.5749999999982265,-21.76825972120277
historical_walkforward,hist_seg1,historical7d|1s|1|1|1685,historical7d,1s,1,PRIMARY,SELL,1789768512.8019998,0.0,0,-5.8124999999972715,-18.443300253712096
historical_walkforward,hist_seg1,historical7d|1s|1|1|1685,historical7d,1s,1,PRIMARY,SELL,1789768514.8979998,2.0959999561309814,1,-6.149999999997817,-19.293969484882815
historical_walkforward,hist_seg1,historical7d|1s|1|1|1685,historical7d,1s,1,PRIMARY,SELL,1789768516.9539998,4.1519999504089355,2,-5.062499999997954,-15.420601585719725
historical_walkforward,hist_seg2,historical7d|500ms|2|3|3135,historical7d,500ms,2,MICRO,BUY,1789963644.3939998,0.0,0,-3.8249999999982265,34.795676280995025
historical_walkforward,hist_seg2,historical7d|500ms|2|4|3136,historical7d,500ms,2,BURST,BUY,1789963653.855,0.0,0,-2.58750000000191,-0.8318984261257076
historical_walkforward,hist_seg2,historical7d|500ms|2|1|3137,historical7d,500ms,2,PRIMARY,BUY,1789963659.3660002,0.0,0,-6.862499999999726,-4.5141719798740905
historical_walkforward,hist_seg2,historical7d|500ms|2|1|3138,historical7d,500ms,2,PRIMARY,BUY,1789963662.365,0.0,0,-6.562499999999999,-11.21685889662031
historical_walkforward,hist_seg2,historical7d|500ms|2|1|3139,historical7d,500ms,2,PRIMARY,BUY,1789963665.977,0.0,0,-6.750000000000681,-8.721972751781319
historical_walkforward,hist_seg2,historical7d|500ms|2|1|3140,historical7d,500ms,2,PRIMARY,BUY,1789963754.931,0.0,0,-15.487499999997,-2.571054112482883
historical_walkforward,hist_seg2,historical7d|500ms|2|1|3141,historical7d,500ms,2,PRIMARY,SELL,1789967510.961,0.0,0,13.874999999999316,-3.819520933140392
historical_walkforward,hist_seg2,historical7d|500ms|2|1|3142,historical7d,500ms,2,PRIMARY,SELL,1789967514.452,0.0,0,14.100000000000817,-4.834404623094718
historical_walkforward,hist_seg2,historical7d|500ms|2|1|3143,historical7d,500ms,2,PRIMARY,SELL,1789967515.71,0.0,0,14.0625,-3.8522897093615085
historical_walkforward,hist_seg2,historical7d|500ms|2|1|3144,historical7d,500ms,2,PRIMARY,SELL,1789967518.4620001,0.0,0,14.212499999999864,-4.913393654650259
historical_walkforward,hist_seg2,historical7d|500ms|2|1|3145,historical7d,500ms,2,PRIMARY,SELL,1789967519.962,0.0,0,14.887500000000953,-4.550292207225613
historical_walkforward,hist_seg2,historical7d|500ms|2|1|3146,historical7d,500ms,2,PRIMARY,SELL,1789967520.761,0.0,0,16.68750000000273,-4.1781886865078395
historical_walkforward,hist_seg2,historical7d|500ms|2|1|3147,historical7d,500ms,2,PRIMARY,SELL,1789967676.4889998,0.0,0,0.037500000000818545,-5.8143525593731225
historical_walkforward,hist_seg2,historical7d|500ms|2|1|3148,historical7d,500ms,2,PRIMARY,SELL,1789967850.6590002,0.0,0,-15.67500000000109,-4.2311821350415455
historical_walkforward,hist_seg2,historical7d|500ms|2|1|3149,historical7d,500ms,2,PRIMARY,SELL,1789967936.584,0.0,0,-16.012499999998226,-2.803270475205003
historical_walkforward,hist_seg2,historical7d|500ms|2|1|3150,historical7d,500ms,2,PRIMARY,SELL,1789967939.8620002,0.0,0,-16.16249999999809,-2.570190316993118
historical_walkforward,hist_seg2,historical7d|500ms|2|2|3151,historical7d,500ms,2,SECONDARY,SELL,1789968692.959,0.0,0,-4.275000000001228,3.8603004211990424
historical_walkforward,hist_seg2,historical7d|500ms|2|1|3152,historical7d,500ms,2,PRIMARY,SELL,1789968909.7459998,0.0,0,-7.050000000000408,7.140010944535813
historical_walkforward,hist_seg2,historical7d|500ms|2|2|3153,historical7d,500ms,2,SECONDARY,SELL,1789970946.9539998,0.0,0,-15.374999999997954,-3.8216437775967185
historical_walkforward,hist_seg2,historical7d|500ms|2|3|3154,historical7d,500ms,2,MICRO,BUY,1789984993.492,0.0,0,-1.0500000000024556,-0.5151695559362541
historical_walkforward,hist_seg2,historical7d|500ms|2|3|3155,historical7d,500ms,2,MICRO,BUY,1789984995.4529998,0.0,0,-0.3374999999971351,1.0542392925128725
historical_walkforward,hist_seg2,historical7d|500ms|2|3|3156,historical7d,500ms,2,MICRO,BUY,1789984996.8990002,0.0,0,-1.1249999999972715,1.0542392925128725
historical_walkforward,hist_seg2,historical7d|500ms|2|4|3157,historical7d,500ms,2,BURST,BUY,1789984997.647,0.0,0,2.6250000000027285,1.329387540545606
historical_walkforward,hist_seg2,historical7d|500ms|2|3|3156,historical7d,500ms,2,MICRO,BUY,1789984998.9020002,2.003000020980835,1,-1.912499999997408,0.7017872208939495
historical_walkforward,hist_seg2,historical7d|500ms|2|3|3158,historical7d,500ms,2,MICRO,BUY,1789985000.404,0.0,0,-2.174999999999727,-1.1190773121648208
historical_walkforward,hist_seg2,historical7d|500ms|2|3|3159,historical7d,500ms,2,MICRO,BUY,1789985002.358,0.0,0,-1.1999999999989086,-2.907825490933992
historical_walkforward,hist_seg2,historical7d|500ms|2|3|3160,historical7d,500ms,2,MICRO,BUY,1789985709.5100002,0.0,0,-11.362499999999045,10.747266846955105
historical_walkforward,hist_seg2,historical7d|500ms|2|3|3161,historical7d,500ms,2,MICRO,BUY,1789985713.428,0.0,0,-10.912499999999454,11.547189104695464
historical_walkforward,hist_seg2,historical7d|500ms|2|2|3162,historical7d,500ms,2,SECONDARY,SELL,1789993800.4910002,0.0,0,6.262500000000272,3.1172616656923036
historical_walkforward,hist_seg2,historical7d|500ms|2|1|3163,historical7d,500ms,2,PRIMARY,SELL,1789993811.904,0.0,0,-10.687499999997954,0.2633187844969588
historical_walkforward,hist_seg2,historical7d|500ms|2|1|3164,historical7d,500ms,2,PRIMARY,SELL,1789993831.932,0.0,0,-10.0874999999985,1.1036508578560962
historical_walkforward,hist_seg2,historical7d|500ms|2|1|3165,historical7d,500ms,2,PRIMARY,SELL,1789993835.488,0.0,0,-11.175000000001774,1.580297279616293
historical_walkforward,hist_seg2,historical7d|500ms|2|1|3166,historical7d,500ms,2,PRIMARY,SELL,1789993837.9910002,0.0,0,-11.812499999998636,-1.725186056764879
historical_walkforward,hist_seg2,historical7d|500ms|2|1|3167,historical7d,500ms,2,PRIMARY,SELL,1789993845.951,0.0,0,-12.224999999997408,2.547939131457241
historical_walkforward,hist_seg2,historical7d|500ms|2|1|3168,historical7d,500ms,2,PRIMARY,SELL,1789993846.595,0.0,0,-11.399999999999864,3.6349620141458527
historical_walkforward,hist_seg2,historical7d|500ms|2|1|3169,historical7d,500ms,2,PRIMARY,SELL,1789993946.9889998,0.0,0,-15.262500000002317,-5.3214365621504625
historical_walkforward,hist_seg2,historical7d|500ms|2|2|3170,historical7d,500ms,2,SECONDARY,SELL,1789993946.9889998,0.0,0,-15.262500000002317,-5.982320946571888
historical_walkforward,hist_seg2,historical7d|500ms|2|1|3171,historical7d,500ms,2,PRIMARY,SELL,1789994105.94,0.0,0,-15.487500000000411,4.335347551094486
historical_walkforward,hist_seg2,historical7d|500ms|2|1|3172,historical7d,500ms,2,PRIMARY,SELL,1789994108.456,0.0,0,-15.262499999998907,8.74072526036532
historical_walkforward,hist_seg2,historical7d|500ms|2|1|3173,historical7d,500ms,2,PRIMARY,SELL,1789994162.981,0.0,0,-15.450000000003,14.3281677918755
historical_walkforward,hist_seg2,historical7d|1s|2|3|1686,historical7d,1s,2,MICRO,BUY,1789963644.742,0.0,0,-4.387499999996862,35.88030009106688
historical_walkforward,hist_seg2,historical7d|1s|2|4|1687,historical7d,1s,2,BURST,BUY,1789963653.855,0.0,0,-2.8125,-0.8318984261257076
historical_walkforward,hist_seg2,historical7d|1s|2|4|1688,historical7d,1s,2,BURST,BUY,1789963655.961,0.0,0,-2.09999999999809,-3.816418727323596
historical_walkforward,hist_seg2,historical7d|1s|2|1|1689,historical7d,1s,2,PRIMARY,BUY,1789963659.3660002,0.0,0,-6.862499999999726,-4.5141719798740905
historical_walkforward,hist_seg2,historical7d|1s|2|1|1690,historical7d,1s,2,PRIMARY,BUY,1789963662.9169998,0.0,0,-6.000000000001364,-8.584430763513463
historical_walkforward,hist_seg2,historical7d|1s|2|1|1691,historical7d,1s,2,PRIMARY,BUY,1789963665.977,0.0,0,-6.750000000000681,-8.721972751781319
historical_walkforward,hist_seg2,historical7d|1s|2|1|1692,historical7d,1s,2,PRIMARY,BUY,1789963754.931,0.0,0,-15.487499999997,-2.571054112482883
historical_walkforward,hist_seg2,historical7d|1s|2|1|1693,historical7d,1s,2,PRIMARY,SELL,1789967510.961,0.0,0,14.512499999999589,-3.819520933140392
historical_walkforward,hist_seg2,historical7d|1s|2|1|1694,historical7d,1s,2,PRIMARY,SELL,1789967514.66,0.0,0,14.024999999999181,-4.301250352257033
historical_walkforward,hist_seg2,historical7d|1s|2|1|1695,historical7d,1s,2,PRIMARY,SELL,1789967519.962,0.0,0,15.187500000000682,-4.550292207225613
historical_walkforward,hist_seg2,historical7d|1s|2|1|1696,historical7d,1s,2,PRIMARY,SELL,1789967850.6590002,0.0,0,-15.2250000000015,-4.2311821350415455
historical_walkforward,hist_seg2,historical7d|1s|2|1|1697,historical7d,1s,2,PRIMARY,SELL,1789967939.8620002,0.0,0,-15.412499999998772,-2.570190316993118
historical_walkforward,hist_seg2,historical7d|1s|2|2|1698,historical7d,1s,2,SECONDARY,SELL,1789968692.959,0.0,0,-4.275000000001228,3.8603004211990424
historical_walkforward,hist_seg2,historical7d|1s|2|1|1699,historical7d,1s,2,PRIMARY,SELL,1789968909.7459998,0.0,0,-6.599999999997408,7.140010944535813
historical_walkforward,hist_seg2,historical7d|1s|2|2|1700,historical7d,1s,2,SECONDARY,BUY,1789969430.8899999,0.0,0,-8.287500000000136,7.557610132344418
historical_walkforward,hist_seg2,historical7d|1s|2|2|1701,historical7d,1s,2,SECONDARY,SELL,1789970946.9539998,0.0,0,-15.374999999997954,-3.8216437775967185
historical_walkforward,hist_seg2,historical7d|1s|2|2|1702,historical7d,1s,2,SECONDARY,SELL,1789984832.9750001,0.0,0,-15.487500000000411,0.07782106207547997
historical_walkforward,hist_seg2,historical7d|1s|2|3|1703,historical7d,1s,2,MICRO,BUY,1789984996.8990002,0.0,0,-1.3499999999987722,1.0542392925128725
historical_walkforward,hist_seg2,historical7d|1s|2|4|1704,historical7d,1s,2,BURST,BUY,1789984997.647,0.0,0,2.6250000000027285,1.329387540545606
historical_walkforward,hist_seg2,historical7d|1s|2|3|1703,historical7d,1s,2,MICRO,BUY,1789984998.9020002,2.003000020980835,1,-2.1374999999989086,0.7017872208939495
historical_walkforward,hist_seg2,historical7d|1s|2|3|1705,historical7d,1s,2,MICRO,BUY,1789985709.5100002,0.0,0,-11.362499999999045,10.747266846955105
historical_walkforward,hist_seg2,historical7d|1s|2|1|1706,historical7d,1s,2,PRIMARY,SELL,1789993811.904,0.0,0,-9.524999999999864,0.2633187844969588
historical_walkforward,hist_seg2,historical7d|1s|2|1|1707,historical7d,1s,2,PRIMARY,SELL,1789993831.932,0.0,0,-10.0874999999985,1.1036508578560962
historical_walkforward,hist_seg2,historical7d|1s|2|1|1708,historical7d,1s,2,PRIMARY,SELL,1789993835.837,0.0,0,-11.175000000001774,1.1354556386316328
historical_walkforward,hist_seg2,historical7d|1s|2|1|1709,historical7d,1s,2,PRIMARY,SELL,1789993837.9910002,0.0,0,-11.662499999998772,-1.725186056764879
historical_walkforward,hist_seg2,historical7d|1s|2|1|1710,historical7d,1s,2,PRIMARY,SELL,1789993845.951,0.0,0,-12.112499999998363,2.547939131457241
historical_walkforward,hist_seg2,historical7d|1s|2|1|1711,historical7d,1s,2,PRIMARY,SELL,1789993946.9889998,0.0,0,-16.800000000001774,-5.3214365621504625
historical_walkforward,hist_seg2,historical7d|1s|2|1|1712,historical7d,1s,2,PRIMARY,SELL,1789994105.94,0.0,0,-15.037500000000819,4.335347551094486
historical_walkforward,hist_seg2,historical7d|1s|2|1|1713,historical7d,1s,2,PRIMARY,SELL,1789994162.981,0.0,0,-15.450000000003,14.3281677918755
historical_walkforward,hist_seg3,historical7d|500ms|3|3|3174,historical7d,500ms,3,MICRO,SELL,1790004086.345,0.0,0,18.956249999999386,-3.1294560161029086
historical_walkforward,hist_seg3,historical7d|500ms|3|3|3175,historical7d,500ms,3,MICRO,SELL,1790004087.9459999,0.0,0,12.487500000003138,-7.10702395721456
historical_walkforward,hist_seg3,historical7d|500ms|3|3|3175,historical7d,500ms,3,MICRO,SELL,1790004089.948,2.002000093460083,1,11.51250000000232,-5.706980024941553
historical_walkforward,hist_seg3,historical7d|500ms|3|3|3176,historical7d,500ms,3,MICRO,SELL,1790004092.4529998,0.0,0,12.1875,-5.513762694806727
historical_walkforward,hist_seg3,historical7d|500ms|3|3|3177,historical7d,500ms,3,MICRO,SELL,1790004094.459,0.0,0,11.775000000001228,-4.489070692062032
historical_walkforward,hist_seg3,historical7d|500ms|3|3|3178,historical7d,500ms,3,MICRO,SELL,1790004106.926,0.0,0,12.562500000001362,-3.900937431696492
historical_walkforward,hist_seg3,historical7d|500ms|3|3|3179,historical7d,500ms,3,MICRO,SELL,1790004109.831,0.0,0,12.525000000000544,-3.2393464505491116
historical_walkforward,hist_seg3,historical7d|500ms|3|3|3180,historical7d,500ms,3,MICRO,SELL,1790004117.983,0.0,0,-8.4375,-5.82891113791519
historical_walkforward,hist_seg3,historical7d|500ms|3|3|3181,historical7d,500ms,3,MICRO,SELL,1790004133.4169998,0.0,0,-6.6374999999982265,-3.6452459229884226
historical_walkforward,hist_seg3,historical7d|500ms|3|2|3182,historical7d,500ms,3,SECONDARY,SELL,1790004286.924,0.0,0,-15.787500000000136,-5.965555024815805
historical_walkforward,hist_seg3,historical7d|500ms|3|2|3183,historical7d,500ms,3,SECONDARY,BUY,1790005480.473,0.0,0,-15.0,-1.8863703395697615
historical_walkforward,hist_seg3,historical7d|500ms|3|1|3184,historical7d,500ms,3,PRIMARY,SELL,1790005642.848,0.0,0,-15.0,8.48257499640085
historical_walkforward,hist_seg3,historical7d|500ms|3|1|3185,historical7d,500ms,3,PRIMARY,SELL,1790005649.854,0.0,0,-15.449999999999589,9.14210066817455
historical_walkforward,hist_seg3,historical7d|500ms|3|1|3186,historical7d,500ms,3,PRIMARY,SELL,1790005654.864,0.0,0,-15.037500000000819,5.820264946775695
historical_walkforward,hist_seg3,historical7d|500ms|3|1|3187,historical7d,500ms,3,PRIMARY,SELL,1790005656.9129999,0.0,0,-15.037500000000819,7.702455654470198
historical_walkforward,hist_seg3,historical7d|500ms|3|1|3188,historical7d,500ms,3,PRIMARY,SELL,1790005665.9740002,0.0,0,-15.112499999999045,9.128041214500508
historical_walkforward,hist_seg3,historical7d|500ms|3|1|3189,historical7d,500ms,3,PRIMARY,SELL,1790005779.912,0.0,0,-15.862500000001772,13.785629815070644
historical_walkforward,hist_seg3,historical7d|500ms|3|1|3190,historical7d,500ms,3,PRIMARY,SELL,1790005781.514,0.0,0,-15.562500000002046,12.296410730413706
historical_walkforward,hist_seg3,historical7d|500ms|3|1|3191,historical7d,500ms,3,PRIMARY,SELL,1790005785.224,0.0,0,-15.149999999999864,13.407915057621594
historical_walkforward,hist_seg3,historical7d|500ms|3|1|3192,historical7d,500ms,3,PRIMARY,SELL,1790005788.8270001,0.0,0,-15.0,4.908033968255762
historical_walkforward,hist_seg3,historical7d|500ms|3|1|3193,historical7d,500ms,3,PRIMARY,SELL,1790005790.085,0.0,0,-15.262499999998907,5.143829900248735
historical_walkforward,hist_seg3,historical7d|500ms|3|1|3194,historical7d,500ms,3,PRIMARY,SELL,1790005791.879,0.0,0,-15.412499999998772,4.452393724423891
historical_walkforward,hist_seg3,historical7d|500ms|3|1|3195,historical7d,500ms,3,PRIMARY,SELL,1790005792.9329998,0.0,0,-15.149999999999864,3.2796360948223007
historical_walkforward,hist_seg3,historical7d|500ms|3|1|3196,historical7d,500ms,3,PRIMARY,SELL,1790005810.71,0.0,0,-15.262499999998907,7.649527176507258
historical_walkforward,hist_seg3,historical7d|500ms|3|1|3196,historical7d,500ms,3,PRIMARY,SELL,1790005813.716,3.00600004196167,1,-15.149999999999864,8.217895564047257
historical_walkforward,hist_seg3,historical7d|500ms|3|4|3197,historical7d,500ms,3,BURST,BUY,1790006264.459,0.0,0,2.2125000000005457,12.835970272374677
historical_walkforward,hist_seg3,historical7d|500ms|3|1|3198,historical7d,500ms,3,PRIMARY,BUY,1790006317.4950001,0.0,0,-16.38749999999959,6.60702922080213
historical_walkforward,hist_seg3,historical7d|500ms|3|1|3199,historical7d,500ms,3,PRIMARY,BUY,1790006318.446,0.0,0,-16.350000000002183,6.356458505120543
historical_walkforward,hist_seg3,historical7d|500ms|3|1|3200,historical7d,500ms,3,PRIMARY,BUY,1790006332.463,0.0,0,-16.500000000002046,10.720653740939978
historical_walkforward,hist_seg3,historical7d|500ms|3|3|3201,historical7d,500ms,3,MICRO,BUY,1790006332.463,0.0,0,-8.737500000003138,11.923715415744315
historical_walkforward,hist_seg3,historical7d|500ms|3|1|3202,historical7d,500ms,3,PRIMARY,BUY,1790006334.47,0.0,0,-15.899999999999181,9.840047751630069
historical_walkforward,hist_seg3,historical7d|500ms|3|3|3203,historical7d,500ms,3,MICRO,BUY,1790006334.47,0.0,0,-6.937499999997953,11.043109426434405
historical_walkforward,hist_seg3,historical7d|500ms|3|1|3204,historical7d,500ms,3,PRIMARY,BUY,1790006336.328,0.0,0,-15.899999999999181,13.80204437830066
historical_walkforward,hist_seg3,historical7d|500ms|3|3|3205,historical7d,500ms,3,MICRO,BUY,1790006336.328,0.0,0,-6.299999999997681,15.005106053104996
historical_walkforward,hist_seg3,historical7d|500ms|3|3|3206,historical7d,500ms,3,MICRO,BUY,1790006338.879,0.0,0,-6.750000000000681,6.0592308687862335
historical_walkforward,hist_seg3,historical7d|500ms|3|1|3207,historical7d,500ms,3,PRIMARY,BUY,1790006339.386,0.0,0,-15.637500000000271,8.297859218453434
historical_walkforward,hist_seg3,historical7d|500ms|3|1|3208,historical7d,500ms,3,PRIMARY,BUY,1790006912.309,0.0,0,12.299999999999045,1.7577084188542478
historical_walkforward,hist_seg3,historical7d|500ms|3|1|3209,historical7d,500ms,3,PRIMARY,BUY,1790006919.4750001,0.0,0,10.424999999999045,2.9726541253875816
historical_walkforward,hist_seg3,historical7d|500ms|3|1|3210,historical7d,500ms,3,PRIMARY,BUY,1790006936.992,0.0,0,5.587500000002592,0.5567583281821037
historical_walkforward,hist_seg3,historical7d|500ms|3|1|3211,historical7d,500ms,3,PRIMARY,BUY,1790006940.896,0.0,0,8.21250000000191,0.10709523391529739
historical_walkforward,hist_seg3,historical7d|500ms|3|1|3212,historical7d,500ms,3,PRIMARY,BUY,1790006943.8060002,0.0,0,5.662499999997408,-1.1555980318968786
historical_walkforward,hist_seg3,historical7d|500ms|3|1|3213,historical7d,500ms,3,PRIMARY,BUY,1790006946.912,0.0,0,5.812500000000682,2.425371326010457
historical_walkforward,hist_seg3,historical7d|500ms|3|1|3214,historical7d,500ms,3,PRIMARY,BUY,1790006948.1139998,0.0,0,7.387500000000955,2.3060449220770036
historical_walkforward,hist_seg3,historical7d|500ms|3|1|3215,historical7d,500ms,3,PRIMARY,BUY,1790006950.92,0.0,0,6.412500000000136,1.5508566102079724
historical_walkforward,hist_seg3,historical7d|500ms|3|1|3216,historical7d,500ms,3,PRIMARY,BUY,1790006952.976,0.0,0,4.199999999999591,-3.064673823527555
historical_walkforward,hist_seg3,historical7d|500ms|3|1|3217,historical7d,500ms,3,PRIMARY,BUY,1790006957.28,0.0,0,4.6125000000017735,-4.48149534142116
historical_walkforward,hist_seg3,historical7d|500ms|3|1|3218,historical7d,500ms,3,PRIMARY,BUY,1790006958.987,0.0,0,5.175000000000409,-4.411861824514096
historical_walkforward,hist_seg3,historical7d|500ms|3|1|3219,historical7d,500ms,3,PRIMARY,BUY,1790006960.488,0.0,0,6.637500000001637,-4.79000522541428
historical_walkforward,hist_seg3,historical7d|500ms|3|1|3220,historical7d,500ms,3,PRIMARY,BUY,1790006961.446,0.0,0,5.700000000001637,-2.328601859627504
historical_walkforward,hist_seg3,historical7d|500ms|3|1|3221,historical7d,500ms,3,PRIMARY,BUY,1790006962.99,0.0,0,5.512499999997544,1.0009242449578708
historical_walkforward,hist_seg3,historical7d|500ms|3|1|3222,historical7d,500ms,3,PRIMARY,BUY,1790006963.985,0.0,0,5.999999999997954,0.05804447794057961
historical_walkforward,hist_seg3,historical7d|500ms|3|1|3223,historical7d,500ms,3,PRIMARY,BUY,1790006965.8899999,0.0,0,6.825000000002319,-3.796758506345247
historical_walkforward,hist_seg3,historical7d|500ms|3|1|3224,historical7d,500ms,3,PRIMARY,BUY,1790006967.4910002,0.0,0,7.125000000002046,-4.362786639997078
historical_walkforward,hist_seg3,historical7d|500ms|3|1|3225,historical7d,500ms,3,PRIMARY,BUY,1790006968.295,0.0,0,6.6000000000008185,-3.7343534164732306
historical_walkforward,hist_seg3,historical7d|500ms|3|1|3226,historical7d,500ms,3,PRIMARY,BUY,1790006969.745,0.0,0,7.050000000000408,-4.211312308602423
historical_walkforward,hist_seg3,historical7d|500ms|3|1|3227,historical7d,500ms,3,PRIMARY,BUY,1790006971.362,0.0,0,7.162499999999455,-3.2345206820328207
historical_walkforward,hist_seg3,historical7d|500ms|3|1|3228,historical7d,500ms,3,PRIMARY,BUY,1790006974.849,0.0,0,10.650000000000546,3.485086622163628
historical_walkforward,hist_seg3,historical7d|500ms|3|1|3229,historical7d,500ms,3,PRIMARY,BUY,1790007887.909,0.0,0,-16.350000000002183,-2.084530745993797
historical_walkforward,hist_seg3,historical7d|500ms|3|1|3230,historical7d,500ms,3,PRIMARY,BUY,1790007961.923,0.0,0,-15.037500000000819,-0.13947239497772174
historical_walkforward,hist_seg3,historical7d|500ms|3|1|3231,historical7d,500ms,3,PRIMARY,BUY,1790007967.977,0.0,0,-15.0,-3.5905251026389036
historical_walkforward,hist_seg3,historical7d|500ms|3|1|3232,historical7d,500ms,3,PRIMARY,BUY,1790007970.9750001,0.0,0,-15.487500000000411,-1.9256623794450984
historical_walkforward,hist_seg3,historical7d|500ms|3|3|3233,historical7d,500ms,3,MICRO,SELL,1790008432.2870002,0.0,0,1.3874999999995907,-7.199392857392215
historical_walkforward,hist_seg3,historical7d|500ms|3|1|3234,historical7d,500ms,3,PRIMARY,SELL,1790008907.91,0.0,0,-1.3874999999995907,-4.545142878029542
historical_walkforward,hist_seg3,historical7d|500ms|3|1|3235,historical7d,500ms,3,PRIMARY,SELL,1790008908.957,0.0,0,-2.6625000000001364,-4.727418840098318
historical_walkforward,hist_seg3,historical7d|500ms|3|1|3236,historical7d,500ms,3,PRIMARY,SELL,1790008911.96,0.0,0,-2.7375000000017735,-4.869925683657688
historical_walkforward,hist_seg3,historical7d|500ms|3|1|3237,historical7d,500ms,3,PRIMARY,SELL,1790008913.96,0.0,0,-15.299999999999727,-4.812756078791343
historical_walkforward,hist_seg3,historical7d|500ms|3|1|3238,historical7d,500ms,3,PRIMARY,SELL,1790008920.876,0.0,0,-15.525000000001228,-2.1757655194509904
historical_walkforward,hist_seg3,historical7d|500ms|3|1|3239,historical7d,500ms,3,PRIMARY,SELL,1790008946.963,0.0,0,-15.037500000000819,-1.7644044527071368
historical_walkforward,hist_seg3,historical7d|500ms|3|1|3240,historical7d,500ms,3,PRIMARY,SELL,1790008951.465,0.0,0,-16.275000000000546,-0.4324777573584184
historical_walkforward,hist_seg3,historical7d|500ms|3|1|3241,historical7d,500ms,3,PRIMARY,SELL,1790008957.4659998,0.0,0,-16.19999999999891,6.944531498824947
historical_walkforward,hist_seg3,historical7d|500ms|3|1|3242,historical7d,500ms,3,PRIMARY,SELL,1790008959.924,0.0,0,-15.825000000000953,-3.415933317149935
historical_walkforward,hist_seg3,historical7d|500ms|3|1|3243,historical7d,500ms,3,PRIMARY,SELL,1790008964.48,0.0,0,-16.500000000002046,0.6753836792122819
historical_walkforward,hist_seg3,historical7d|500ms|3|1|3244,historical7d,500ms,3,PRIMARY,SELL,1790008971.487,0.0,0,-16.575000000000273,8.355220065490757
historical_walkforward,hist_seg3,historical7d|500ms|3|1|3245,historical7d,500ms,3,PRIMARY,SELL,1790008981.444,0.0,0,-15.037500000000819,-3.1924515796124013
historical_walkforward,hist_seg3,historical7d|500ms|3|1|3246,historical7d,500ms,3,PRIMARY,SELL,1790008988.461,0.0,0,-15.037499999997408,-3.7217161145648814
historical_walkforward,hist_seg3,historical7d|500ms|3|1|3247,historical7d,500ms,3,PRIMARY,SELL,1790008991.3630002,0.0,0,-15.674999999997679,-5.209613705510448
historical_walkforward,hist_seg3,historical7d|500ms|3|1|3248,historical7d,500ms,3,PRIMARY,SELL,1790008993.915,0.0,0,-15.187499999997272,-1.7752777906165833
historical_walkforward,hist_seg3,historical7d|500ms|3|1|3249,historical7d,500ms,3,PRIMARY,SELL,1790009008.492,0.0,0,-15.375000000001364,-6.20016303292148
historical_walkforward,hist_seg3,historical7d|500ms|3|1|3250,historical7d,500ms,3,PRIMARY,SELL,1790009119.006,0.0,0,-15.149999999999864,-9.416259405657144
historical_walkforward,hist_seg3,historical7d|500ms|3|1|3251,historical7d,500ms,3,PRIMARY,SELL,1790009128.916,0.0,0,-15.787500000000136,-7.844853073280975
historical_walkforward,hist_seg3,historical7d|500ms|3|1|3252,historical7d,500ms,3,PRIMARY,SELL,1790009132.671,0.0,0,-15.037499999997408,-12.887259347139885
historical_walkforward,hist_seg3,historical7d|500ms|3|1|3253,historical7d,500ms,3,PRIMARY,SELL,1790009135.876,0.0,0,-15.449999999999589,-12.64821471909761
historical_walkforward,hist_seg3,historical7d|500ms|3|1|3254,historical7d,500ms,3,PRIMARY,SELL,1790009139.485,0.0,0,-15.22499999999809,-10.78872771192009
historical_walkforward,hist_seg3,historical7d|500ms|3|1|3255,historical7d,500ms,3,PRIMARY,SELL,1790009158.407,0.0,0,-15.71250000000191,-4.379631752561057
historical_walkforward,hist_seg3,historical7d|500ms|3|1|3256,historical7d,500ms,3,PRIMARY,SELL,1790009159.864,0.0,0,-15.187500000000682,-6.355592095706187
historical_walkforward,hist_seg3,historical7d|500ms|3|1|3257,historical7d,500ms,3,PRIMARY,SELL,1790009160.965,0.0,0,-15.562500000002046,-3.3706011324889724
historical_walkforward,hist_seg3,historical7d|500ms|3|1|3258,historical7d,500ms,3,PRIMARY,SELL,1790009162.712,0.0,0,-15.299999999999727,-4.487030827304989
historical_walkforward,hist_seg3,historical7d|500ms|3|1|3259,historical7d,500ms,3,PRIMARY,SELL,1790009166.472,0.0,0,-15.562500000002046,-7.773713350775699
historical_walkforward,hist_seg3,historical7d|500ms|3|1|3260,historical7d,500ms,3,PRIMARY,SELL,1790009168.379,0.0,0,-15.524999999997817,-8.859641244927499
historical_walkforward,hist_seg3,historical7d|500ms|3|1|3261,historical7d,500ms,3,PRIMARY,SELL,1790009169.4220002,0.0,0,-15.825000000000953,-8.466995141455849
historical_walkforward,hist_seg3,historical7d|500ms|3|1|3262,historical7d,500ms,3,PRIMARY,SELL,1790009171.476,0.0,0,-16.12499999999727,-9.858972733772802
historical_walkforward,hist_seg3,historical7d|500ms|3|2|3263,historical7d,500ms,3,SECONDARY,BUY,1790009383.4910002,0.0,0,-15.187500000000682,-5.273697711902484
historical_walkforward,hist_seg3,historical7d|500ms|3|1|3264,historical7d,500ms,3,PRIMARY,SELL,1790009592.7849998,0.0,0,94.83749999999986,-8.20654539568502
historical_walkforward,hist_seg3,historical7d|500ms|3|1|3265,historical7d,500ms,3,PRIMARY,SELL,1790009647.46,0.0,0,94.23750000000041,-7.1367810387628055
historical_walkforward,hist_seg3,historical7d|500ms|3|1|3266,historical7d,500ms,3,PRIMARY,SELL,1790009649.464,0.0,0,94.19999999999959,-7.402008652971013
historical_walkforward,hist_seg3,historical7d|500ms|3|1|3266,historical7d,500ms,3,PRIMARY,SELL,1790009651.465,2.000999927520752,1,94.50000000000273,-7.584109028851956
historical_walkforward,hist_seg3,historical7d|500ms|3|1|3267,historical7d,500ms,3,PRIMARY,SELL,1790009653.467,0.0,0,94.12499999999795,-7.844562445914586
historical_walkforward,hist_seg3,historical7d|500ms|3|1|3268,historical7d,500ms,3,PRIMARY,SELL,1790009654.3209999,0.0,0,94.16250000000218,-6.303180909028037
historical_walkforward,hist_seg3,historical7d|500ms|3|1|3269,historical7d,500ms,3,PRIMARY,SELL,1790009656.477,0.0,0,93.9750000000015,-8.652052815654688
historical_walkforward,hist_seg3,historical7d|500ms|3|1|3270,historical7d,500ms,3,PRIMARY,SELL,1790009659.22,0.0,0,94.65000000000259,-8.38290164410872
historical_walkforward,hist_seg3,historical7d|500ms|3|1|3271,historical7d,500ms,3,PRIMARY,SELL,1790009661.979,0.0,0,94.12500000000136,-5.717235186783545
historical_walkforward,hist_seg3,historical7d|500ms|3|1|3272,historical7d,500ms,3,PRIMARY,SELL,1790009664.4899998,0.0,0,94.08750000000055,-7.255882412327771
historical_walkforward,hist_seg3,historical7d|500ms|3|1|3273,historical7d,500ms,3,PRIMARY,SELL,1790009665.985,0.0,0,94.01250000000232,-5.757335212992053
historical_walkforward,hist_seg3,historical7d|500ms|3|1|3274,historical7d,500ms,3,PRIMARY,SELL,1790009667.838,0.0,0,94.04999999999973,-5.932502009291539
historical_walkforward,hist_seg3,historical7d|500ms|3|1|3275,historical7d,500ms,3,PRIMARY,SELL,1790009669.4940002,0.0,0,94.23750000000041,-6.057212509241891
historical_walkforward,hist_seg3,historical7d|500ms|3|1|3276,historical7d,500ms,3,PRIMARY,SELL,1790009671.497,0.0,0,94.23750000000041,-6.9911251395207685
historical_walkforward,hist_seg3,historical7d|500ms|3|1|3277,historical7d,500ms,3,PRIMARY,SELL,1790009674.197,0.0,0,94.01250000000232,-8.117620041140565
historical_walkforward,hist_seg3,historical7d|500ms|3|1|3278,historical7d,500ms,3,PRIMARY,SELL,1790009675.947,0.0,0,94.08750000000055,-6.868765353424227
historical_walkforward,hist_seg3,historical7d|500ms|3|1|3279,historical7d,500ms,3,PRIMARY,SELL,1790009676.9529998,0.0,0,94.01250000000232,-9.248837875760117
historical_walkforward,hist_seg3,historical7d|500ms|3|1|3280,historical7d,500ms,3,PRIMARY,SELL,1790009679.959,0.0,0,94.31250000000205,-8.194910563217341
historical_walkforward,hist_seg3,historical7d|500ms|3|1|3281,historical7d,500ms,3,PRIMARY,SELL,1790009680.906,0.0,0,93.82500000000164,-9.753378007514135
historical_walkforward,hist_seg3,historical7d|500ms|3|1|3282,historical7d,500ms,3,PRIMARY,SELL,1790009682.856,0.0,0,94.04999999999973,-9.272397774459487
historical_walkforward,hist_seg3,historical7d|500ms|3|1|3283,historical7d,500ms,3,PRIMARY,SELL,1790009685.457,0.0,0,93.82500000000164,-8.978179615792058
historical_walkforward,hist_seg3,historical7d|500ms|3|1|3284,historical7d,500ms,3,PRIMARY,SELL,1790009686.909,0.0,0,94.12500000000136,-7.872903687825151
historical_walkforward,hist_seg3,historical7d|500ms|3|1|3285,historical7d,500ms,3,PRIMARY,SELL,1790009689.465,0.0,0,94.50000000000273,-9.000650237431971
historical_walkforward,hist_seg3,historical7d|500ms|3|1|3285,historical7d,500ms,3,PRIMARY,SELL,1790009691.472,2.006999969482422,1,94.23750000000041,-9.045741212539621
historical_walkforward,hist_seg3,historical7d|500ms|3|1|3286,historical7d,500ms,3,PRIMARY,SELL,1790009692.868,0.0,0,94.19999999999959,-7.213312534571152
historical_walkforward,hist_seg3,historical7d|500ms|3|1|3287,historical7d,500ms,3,PRIMARY,SELL,1790009694.8209999,0.0,0,94.42500000000109,-7.783661840961054
historical_walkforward,hist_seg3,historical7d|500ms|3|1|3288,historical7d,500ms,3,PRIMARY,SELL,1790009695.624,0.0,0,94.31250000000205,-6.456492479977567
historical_walkforward,hist_seg3,historical7d|500ms|3|1|3289,historical7d,500ms,3,PRIMARY,SELL,1790009698.3779998,0.0,0,93.78750000000082,-6.110054659244387
historical_walkforward,hist_seg3,historical7d|500ms|3|1|3290,historical7d,500ms,3,PRIMARY,SELL,1790009701.481,0.0,0,93.75,0.8267391610527967
historical_walkforward,hist_seg3,historical7d|500ms|3|1|3291,historical7d,500ms,3,PRIMARY,SELL,1790009702.335,0.0,0,39.712500000000546,-8.0018559060857
historical_walkforward,hist_seg3,historical7d|500ms|3|1|3292,historical7d,500ms,3,PRIMARY,SELL,1790009703.993,0.0,0,38.812500000001364,-5.889800667670736
historical_walkforward,hist_seg3,historical7d|500ms|3|1|3293,historical7d,500ms,3,PRIMARY,SELL,1790009704.838,0.0,0,39.000000000002046,-6.0258955629405735
historical_walkforward,hist_seg3,historical7d|500ms|3|1|3294,historical7d,500ms,3,PRIMARY,SELL,1790009706.99,0.0,0,38.4375,-8.811694074941657
historical_walkforward,hist_seg3,historical7d|500ms|3|1|3295,historical7d,500ms,3,PRIMARY,SELL,1790009707.9889998,0.0,0,39.712499999997135,-9.492624793392798
historical_walkforward,hist_seg3,historical7d|500ms|3|1|3296,historical7d,500ms,3,PRIMARY,SELL,1790009709.891,0.0,0,42.4125000000015,-10.861498665567577
historical_walkforward,hist_seg3,historical7d|500ms|3|1|3297,historical7d,500ms,3,PRIMARY,SELL,1790009710.8419998,0.0,0,41.4750000000015,-11.200467000615173
historical_walkforward,hist_seg3,historical7d|500ms|3|1|3298,historical7d,500ms,3,PRIMARY,SELL,1790009712.444,0.0,0,40.3125,-11.750618985532759
historical_walkforward,hist_seg3,historical7d|500ms|3|1|3299,historical7d,500ms,3,PRIMARY,SELL,1790009715.448,0.0,0,38.92500000000041,-8.354230404415011
historical_walkforward,hist_seg3,historical7d|500ms|3|1|3300,historical7d,500ms,3,PRIMARY,SELL,1790009716.95,0.0,0,39.44999999999823,-6.97430453854252
historical_walkforward,hist_seg3,historical7d|500ms|3|1|3301,historical7d,500ms,3,PRIMARY,SELL,1790009717.853,0.0,0,39.974999999999454,-6.089478569143144
historical_walkforward,hist_seg3,historical7d|500ms|3|1|3302,historical7d,500ms,3,PRIMARY,SELL,1790009719.202,0.0,0,41.51249999999891,-5.7150940231281755
historical_walkforward,hist_seg3,historical7d|500ms|3|1|3303,historical7d,500ms,3,PRIMARY,SELL,1790009721.456,0.0,0,41.66249999999877,-5.4753190825790305
historical_walkforward,hist_seg3,historical7d|500ms|3|1|3304,historical7d,500ms,3,PRIMARY,SELL,1790009739.371,0.0,0,93.93750000000068,-5.337562907172723
historical_walkforward,hist_seg3,historical7d|500ms|3|1|3305,historical7d,500ms,3,PRIMARY,SELL,1790009741.274,0.0,0,44.96249999999918,-3.5024407098868835
historical_walkforward,hist_seg3,historical7d|500ms|3|1|3306,historical7d,500ms,3,PRIMARY,SELL,1790009742.924,0.0,0,42.975000000000136,-5.210385582544909
historical_walkforward,hist_seg3,historical7d|500ms|3|1|3307,historical7d,500ms,3,PRIMARY,SELL,1790009743.8339999,0.0,0,43.76250000000027,-5.1121132490409185
historical_walkforward,hist_seg3,historical7d|500ms|3|1|3308,historical7d,500ms,3,PRIMARY,SELL,1790009745.98,0.0,0,93.82500000000164,-4.913189755889695
historical_walkforward,hist_seg3,historical7d|500ms|3|1|3309,historical7d,500ms,3,PRIMARY,SELL,1790009746.879,0.0,0,93.78749999999741,-4.913189755889695
historical_walkforward,hist_seg3,historical7d|500ms|3|1|3310,historical7d,500ms,3,PRIMARY,SELL,1790009779.379,0.0,0,37.23750000000109,-8.27793016047008
historical_walkforward,hist_seg3,historical7d|500ms|3|1|3311,historical7d,500ms,3,PRIMARY,SELL,1790009782.832,0.0,0,38.17500000000109,-7.804592654706964
historical_walkforward,hist_seg3,historical7d|500ms|3|1|3312,historical7d,500ms,3,PRIMARY,SELL,1790009784.185,0.0,0,38.62500000000068,-6.245824609759854
historical_walkforward,hist_seg3,historical7d|500ms|3|1|3313,historical7d,500ms,3,PRIMARY,SELL,1790009785.994,0.0,0,36.3374999999985,-6.943443389396867
historical_walkforward,hist_seg3,historical7d|500ms|3|1|3314,historical7d,500ms,3,PRIMARY,SELL,1790009791.947,0.0,0,36.15000000000123,-7.956913024710932
historical_walkforward,hist_seg3,historical7d|500ms|3|1|3315,historical7d,500ms,3,PRIMARY,SELL,1790009792.701,0.0,0,29.362500000003134,-7.31977906293419
historical_walkforward,hist_seg3,historical7d|500ms|3|1|3316,historical7d,500ms,3,PRIMARY,SELL,1790009793.9,0.0,0,32.77499999999918,-6.033926700491064
historical_walkforward,hist_seg3,historical7d|500ms|3|1|3317,historical7d,500ms,3,PRIMARY,SELL,1790009795.812,0.0,0,38.39999999999918,-5.1590017528797745
historical_walkforward,hist_seg3,historical7d|500ms|3|1|3318,historical7d,500ms,3,PRIMARY,SELL,1790009797.356,0.0,0,39.07500000000027,-7.380970331753601
historical_walkforward,hist_seg3,historical7d|500ms|3|1|3319,historical7d,500ms,3,PRIMARY,SELL,1790009798.4620001,0.0,0,38.17500000000109,-7.741228168326156
historical_walkforward,hist_seg3,historical7d|500ms|3|1|3320,historical7d,500ms,3,PRIMARY,SELL,1790010033.498,0.0,0,17.32499999999959,-10.809860597575
historical_walkforward,hist_seg3,historical7d|500ms|3|1|3321,historical7d,500ms,3,PRIMARY,SELL,1790010035.95,0.0,0,15.899999999999181,-10.99771044783007
historical_walkforward,hist_seg3,historical7d|500ms|3|1|3322,historical7d,500ms,3,PRIMARY,SELL,1790010038.208,0.0,0,14.587499999997817,-10.68354612315472
historical_walkforward,hist_seg3,historical7d|500ms|3|1|3323,historical7d,500ms,3,PRIMARY,SELL,1790010039.403,0.0,0,14.962500000002592,-10.514629139786628
historical_walkforward,hist_seg3,historical7d|500ms|3|1|3324,historical7d,500ms,3,PRIMARY,SELL,1790010040.3070002,0.0,0,14.587500000001228,-10.37853424451679
historical_walkforward,hist_seg3,historical7d|500ms|3|1|3325,historical7d,500ms,3,PRIMARY,SELL,1790010044.9539998,0.0,0,16.725000000000136,-10.987542138330927
historical_walkforward,hist_seg3,historical7d|500ms|3|1|3326,historical7d,500ms,3,PRIMARY,SELL,1790010047.8569999,0.0,0,20.662499999997408,-7.4745761078430535
historical_walkforward,hist_seg3,historical7d|500ms|3|1|3327,historical7d,500ms,3,PRIMARY,SELL,1790010049.8579998,0.0,0,19.162500000002183,-9.430130164297031
historical_walkforward,hist_seg3,historical7d|500ms|3|1|3328,historical7d,500ms,3,PRIMARY,SELL,1790010051.408,0.0,0,21.30000000000109,-9.148025249036468
historical_walkforward,hist_seg3,historical7d|500ms|3|1|3329,historical7d,500ms,3,PRIMARY,SELL,1790010055.961,0.0,0,23.17499999999768,-7.239398616836744
historical_walkforward,hist_seg3,historical7d|500ms|3|1|3329,historical7d,500ms,3,PRIMARY,SELL,1790010057.961,2.0,1,24.11249999999768,-5.531413220658099
historical_walkforward,hist_seg3,historical7d|500ms|3|1|3330,historical7d,500ms,3,PRIMARY,SELL,1790010058.864,0.0,0,23.287500000000136,-5.359268235139962
historical_walkforward,hist_seg3,historical7d|500ms|3|1|3331,historical7d,500ms,3,PRIMARY,SELL,1790010059.867,0.0,0,22.125000000002046,-6.4671337859470315
historical_walkforward,hist_seg3,historical7d|500ms|3|1|3332,historical7d,500ms,3,PRIMARY,SELL,1790010061.317,0.0,0,21.974999999998772,-6.656123373468537
historical_walkforward,hist_seg3,historical7d|500ms|3|1|3333,historical7d,500ms,3,PRIMARY,SELL,1790010063.871,0.0,0,19.537500000000136,-5.122772731871451
historical_walkforward,hist_seg3,historical7d|500ms|3|1|3334,historical7d,500ms,3,PRIMARY,SELL,1790010065.4750001,0.0,0,15.187499999997272,-7.342565108311149
historical_walkforward,hist_seg3,historical7d|500ms|3|1|3335,historical7d,500ms,3,PRIMARY,SELL,1790010068.471,0.0,0,17.250000000001364,-8.77000288351086
historical_walkforward,hist_seg3,historical7d|500ms|3|1|3336,historical7d,500ms,3,PRIMARY,SELL,1790010069.973,0.0,0,19.350000000002865,-8.988763552139206
historical_walkforward,hist_seg3,historical7d|500ms|3|1|3337,historical7d,500ms,3,PRIMARY,SELL,1790010072.477,0.0,0,15.487500000000411,-8.560618762384083
historical_walkforward,hist_seg3,historical7d|500ms|3|1|3338,historical7d,500ms,3,PRIMARY,SELL,1790010075.929,0.0,0,18.30000000000041,-6.756347619311799
historical_walkforward,hist_seg3,historical7d|500ms|3|1|3339,historical7d,500ms,3,PRIMARY,SELL,1790010084.497,0.0,0,21.11250000000041,-7.64873264105302
historical_walkforward,hist_seg3,historical7d|500ms|3|1|3340,historical7d,500ms,3,PRIMARY,SELL,1790010099.981,0.0,0,22.387499999997544,-5.069616414362245
historical_walkforward,hist_seg3,historical7d|500ms|3|1|3341,historical7d,500ms,3,PRIMARY,SELL,1790010102.131,0.0,0,22.312499999999318,-5.523158389753926
historical_walkforward,hist_seg3,historical7d|500ms|3|1|3342,historical7d,500ms,3,PRIMARY,SELL,1790010108.486,0.0,0,19.19999999999959,-5.569931667766974
historical_walkforward,hist_seg3,historical7d|500ms|3|1|3343,historical7d,500ms,3,PRIMARY,SELL,1790010135.937,0.0,0,21.674999999999045,-8.614647371837687
historical_walkforward,hist_seg3,historical7d|500ms|3|1|3344,historical7d,500ms,3,PRIMARY,SELL,1790010138.94,0.0,0,17.962499999999864,-9.68770638686719
historical_walkforward,hist_seg3,historical7d|500ms|3|1|3345,historical7d,500ms,3,PRIMARY,SELL,1790010143.997,0.0,0,15.449999999999589,-7.572757440742678
historical_walkforward,hist_seg3,historical7d|500ms|3|1|3346,historical7d,500ms,3,PRIMARY,SELL,1790010148.497,0.0,0,1.3125000000013642,-13.542934179302925
historical_walkforward,hist_seg3,historical7d|500ms|3|1|3347,historical7d,500ms,3,PRIMARY,SELL,1790010151.999,0.0,0,-1.7250000000001364,-14.118558769043906
historical_walkforward,hist_seg3,historical7d|500ms|3|1|3348,historical7d,500ms,3,PRIMARY,SELL,1790010152.851,0.0,0,-1.4625000000012278,-14.271675889517331
historical_walkforward,hist_seg3,historical7d|500ms|3|1|3349,historical7d,500ms,3,PRIMARY,SELL,1790010159.46,0.0,0,0.3375000000005457,-14.60620795193266
historical_walkforward,hist_seg3,historical7d|500ms|3|1|3350,historical7d,500ms,3,PRIMARY,SELL,1790010172.927,0.0,0,11.625000000001364,-5.7892944177970636
historical_walkforward,hist_seg3,historical7d|500ms|3|1|3351,historical7d,500ms,3,PRIMARY,SELL,1790010175.4259999,0.0,0,14.887500000000953,-5.514721431657744
historical_walkforward,hist_seg3,historical7d|500ms|3|1|3352,historical7d,500ms,3,PRIMARY,SELL,1790010182.994,0.0,0,8.737500000003138,-13.293078880575237
historical_walkforward,hist_seg3,historical7d|500ms|3|1|3353,historical7d,500ms,3,PRIMARY,SELL,1790010196.4169998,0.0,0,-16.312499999997954,-14.353173958667119
historical_walkforward,hist_seg3,historical7d|500ms|3|1|3354,historical7d,500ms,3,PRIMARY,SELL,1790010203.423,0.0,0,-15.112500000002456,-14.190478716734763
historical_walkforward,hist_seg3,historical7d|500ms|3|3|3355,historical7d,500ms,3,MICRO,SELL,1790010203.423,0.0,0,22.60312499999884,-11.753864226523035
historical_walkforward,hist_seg3,historical7d|500ms|3|1|3356,historical7d,500ms,3,PRIMARY,SELL,1790010205.871,0.0,0,-15.299999999999727,-15.196223506956743
historical_walkforward,hist_seg3,historical7d|500ms|3|1|3357,historical7d,500ms,3,PRIMARY,SELL,1790010207.626,0.0,0,-15.037499999997408,-14.881802397131395
historical_walkforward,hist_seg3,historical7d|500ms|3|1|3358,historical7d,500ms,3,PRIMARY,SELL,1790010209.381,0.0,0,-16.16249999999809,-14.378093951730119
historical_walkforward,hist_seg3,historical7d|500ms|3|1|3359,historical7d,500ms,3,PRIMARY,SELL,1790010220.493,0.0,0,-15.112499999999045,-7.813523662533743
historical_walkforward,hist_seg3,historical7d|500ms|3|1|3360,historical7d,500ms,3,PRIMARY,SELL,1790010227.442,0.0,0,-15.0,-15.738125347876801
historical_walkforward,hist_seg3,historical7d|500ms|3|1|3361,historical7d,500ms,3,PRIMARY,SELL,1790010228.492,0.0,0,-15.637500000000271,-7.814149211704497
historical_walkforward,hist_seg3,historical7d|500ms|3|1|3362,historical7d,500ms,3,PRIMARY,SELL,1790010229.444,0.0,0,-15.337500000000546,-6.033883930787892
historical_walkforward,hist_seg3,historical7d|500ms|3|1|3363,historical7d,500ms,3,PRIMARY,SELL,1790010232.996,0.0,0,-15.187500000000682,-14.407343931537458
historical_walkforward,hist_seg3,historical7d|500ms|3|1|3364,historical7d,500ms,3,PRIMARY,SELL,1790010234.996,0.0,0,-15.074999999998225,-9.426689254798077
historical_walkforward,hist_seg3,historical7d|500ms|3|1|3365,historical7d,500ms,3,PRIMARY,SELL,1790010237.3969998,0.0,0,-16.012500000001637,-15.927807804076657
historical_walkforward,hist_seg3,historical7d|500ms|3|1|3366,historical7d,500ms,3,PRIMARY,SELL,1790010243.457,0.0,0,-15.075000000001635,-16.327084991428098
historical_walkforward,hist_seg3,historical7d|500ms|3|1|3367,historical7d,500ms,3,PRIMARY,SELL,1790010247.9580002,0.0,0,-15.299999999999727,-16.246117432504654
historical_walkforward,hist_seg3,historical7d|500ms|3|1|3368,historical7d,500ms,3,PRIMARY,SELL,1790010250.48,0.0,0,-15.525000000001228,-20.938653351180122
historical_walkforward,hist_seg3,historical7d|500ms|3|1|3369,historical7d,500ms,3,PRIMARY,SELL,1790010253.978,0.0,0,-15.299999999999727,-18.601277024970123
historical_walkforward,hist_seg3,historical7d|500ms|3|1|3370,historical7d,500ms,3,PRIMARY,SELL,1790010256.477,0.0,0,-15.599999999999454,-18.80270113198004
historical_walkforward,hist_seg3,historical7d|500ms|3|1|3371,historical7d,500ms,3,PRIMARY,SELL,1790010271.339,0.0,0,-15.187500000000682,-19.61284341081811
historical_walkforward,hist_seg3,historical7d|500ms|3|1|3372,historical7d,500ms,3,PRIMARY,SELL,1790010277.9980001,0.0,0,-15.412500000002183,-13.611941335016471
historical_walkforward,hist_seg3,historical7d|500ms|3|1|3373,historical7d,500ms,3,PRIMARY,SELL,1790010316.488,0.0,0,-15.112499999999045,-15.452534591683703
historical_walkforward,hist_seg3,historical7d|500ms|3|1|3374,historical7d,500ms,3,PRIMARY,SELL,1790010323.947,0.0,0,-15.562499999998636,-15.954986398062704
historical_walkforward,hist_seg3,historical7d|500ms|3|1|3375,historical7d,500ms,3,PRIMARY,SELL,1790010341.962,0.0,0,-15.525000000001228,-17.180857786977832
historical_walkforward,hist_seg3,historical7d|500ms|3|1|3376,historical7d,500ms,3,PRIMARY,SELL,1790010346.9689999,0.0,0,-16.42500000000041,-15.465273102149183
historical_walkforward,hist_seg3,historical7d|500ms|3|3|3377,historical7d,500ms,3,MICRO,SELL,1790010346.9689999,0.0,0,-6.900000000000546,-13.028658611937455
historical_walkforward,hist_seg3,historical7d|500ms|3|1|3378,historical7d,500ms,3,PRIMARY,SELL,1790010352.985,0.0,0,-15.075000000001635,-15.761504290537744
historical_walkforward,hist_seg3,historical7d|500ms|3|1|3379,historical7d,500ms,3,PRIMARY,SELL,1790010355.985,0.0,0,-15.337500000000546,-20.10279639036039
historical_walkforward,hist_seg3,historical7d|500ms|3|1|3380,historical7d,500ms,3,PRIMARY,SELL,1790010357.932,0.0,0,-15.037500000000819,-18.398464792554346
historical_walkforward,hist_seg3,historical7d|500ms|3|1|3381,historical7d,500ms,3,PRIMARY,SELL,1790010362.492,0.0,0,-16.012500000001637,-18.609848537948203
historical_walkforward,hist_seg3,historical7d|500ms|3|1|3382,historical7d,500ms,3,PRIMARY,SELL,1790010364.8969998,0.0,0,-15.0,-21.807799798908682
historical_walkforward,hist_seg3,historical7d|500ms|3|1|3383,historical7d,500ms,3,PRIMARY,SELL,1790010367.997,0.0,0,-15.825000000000953,-16.39186883632617
historical_walkforward,hist_seg3,historical7d|500ms|3|1|3384,historical7d,500ms,3,PRIMARY,SELL,1790010369.997,0.0,0,-15.037499999997408,-15.836563899105183
historical_walkforward,hist_seg3,historical7d|500ms|3|1|3385,historical7d,500ms,3,PRIMARY,SELL,1790010374.411,0.0,0,-15.299999999999727,-15.401287377617129
historical_walkforward,hist_seg3,historical7d|500ms|3|1|3386,historical7d,500ms,3,PRIMARY,SELL,1790010377.8620002,0.0,0,-15.825000000000953,-15.834763830081753
historical_walkforward,hist_seg3,historical7d|500ms|3|1|3387,historical7d,500ms,3,PRIMARY,SELL,1790010378.711,0.0,0,-16.012500000001637,-22.018612355201295
historical_walkforward,hist_seg3,historical7d|500ms|3|1|3388,historical7d,500ms,3,PRIMARY,SELL,1790010387.473,0.0,0,-15.112499999999045,-18.0915351434045
historical_walkforward,hist_seg3,historical7d|500ms|3|1|3389,historical7d,500ms,3,PRIMARY,SELL,1790010390.4259999,0.0,0,-16.012499999998226,-16.62225732466761
historical_walkforward,hist_seg3,historical7d|500ms|3|1|3390,historical7d,500ms,3,PRIMARY,SELL,1790010394.4339998,0.0,0,-15.899999999999181,-14.182376383768004
historical_walkforward,hist_seg3,historical7d|500ms|3|3|3391,historical7d,500ms,3,MICRO,BUY,1790010460.962,0.0,0,0.22500000000150064,-5.219966043335964
historical_walkforward,hist_seg3,historical7d|500ms|3|3|3392,historical7d,500ms,3,MICRO,BUY,1790010464.9169998,0.0,0,-1.5000000000020466,-4.9586046642429835
historical_walkforward,hist_seg3,historical7d|500ms|3|3|3393,historical7d,500ms,3,MICRO,BUY,1790010469.479,0.0,0,-0.4499999999995907,-5.660351209989625
historical_walkforward,hist_seg3,historical7d|500ms|3|4|3394,historical7d,500ms,3,BURST,SELL,1790012061.956,0.0,0,4.237500000000409,-6.226746890725067
historical_walkforward,hist_seg3,historical7d|500ms|3|4|3395,historical7d,500ms,3,BURST,SELL,1790012063.96,0.0,0,2.3625000000004093,-6.467496494126737
historical_walkforward,hist_seg3,historical7d|500ms|3|4|3396,historical7d,500ms,3,BURST,SELL,1790012065.961,0.0,0,2.1374999999989086,-6.443804632055079
historical_walkforward,hist_seg3,historical7d|500ms|3|2|3397,historical7d,500ms,3,SECONDARY,BUY,1790016648.988,0.0,0,-15.599999999999454,14.47441565036587
historical_walkforward,hist_seg3,historical7d|500ms|3|4|3398,historical7d,500ms,3,BURST,SELL,1790018047.4380002,0.0,0,-4.012500000002319,-3.5051452477264813
historical_walkforward,hist_seg3,historical7d|500ms|3|4|3399,historical7d,500ms,3,BURST,SELL,1790018048.4350002,0.0,0,-5.5500000000017735,-4.11674209656134
historical_walkforward,hist_seg3,historical7d|500ms|3|4|3399,historical7d,500ms,3,BURST,SELL,1790018050.4380002,2.003000020980835,1,-3.3000000000004093,-3.4374075980365197
historical_walkforward,hist_seg3,historical7d|500ms|3|4|3400,historical7d,500ms,3,BURST,SELL,1790018051.451,0.0,0,-3.1125000000031378,-5.124047562456152
historical_walkforward,hist_seg3,historical7d|500ms|3|1|3401,historical7d,500ms,3,PRIMARY,BUY,1790018369.8179998,0.0,0,-16.125000000000682,13.712009840971223
historical_walkforward,hist_seg3,historical7d|500ms|3|1|3402,historical7d,500ms,3,PRIMARY,BUY,1790018371.471,0.0,0,-15.112500000002456,23.294535411079195
historical_walkforward,hist_seg3,historical7d|500ms|3|1|3402,historical7d,500ms,3,PRIMARY,BUY,1790018373.979,2.508000135421753,1,-16.087499999999864,20.59473152260967
historical_walkforward,hist_seg3,historical7d|500ms|3|1|3403,historical7d,500ms,3,PRIMARY,BUY,1790018375.174,0.0,0,-15.037500000000819,26.80786157468506
historical_walkforward,hist_seg3,historical7d|500ms|3|1|3403,historical7d,500ms,3,PRIMARY,BUY,1790018377.4350002,2.261000156402588,1,-15.299999999999727,27.352647749370874
historical_walkforward,hist_seg3,historical7d|500ms|3|1|3403,historical7d,500ms,3,PRIMARY,BUY,1790018379.4350002,4.261000156402588,2,-15.074999999998225,20.088250095084124
historical_walkforward,hist_seg3,historical7d|500ms|3|1|3403,historical7d,500ms,3,PRIMARY,BUY,1790018381.4899998,6.315999746322632,3,-15.075000000001635,9.515134103065893
historical_walkforward,hist_seg3,historical7d|500ms|3|1|3404,historical7d,500ms,3,PRIMARY,BUY,1790018383.9420002,0.0,0,-16.012500000001637,6.257206226706706
historical_walkforward,hist_seg3,historical7d|500ms|3|1|3404,historical7d,500ms,3,PRIMARY,BUY,1790018386.447,2.504999876022339,1,-16.237499999999727,5.967105798194293
historical_walkforward,hist_seg3,historical7d|500ms|3|1|3405,historical7d,500ms,3,PRIMARY,BUY,1790018388.201,0.0,0,-16.387500000003,11.75311969081517
historical_walkforward,hist_seg3,historical7d|500ms|3|1|3406,historical7d,500ms,3,PRIMARY,BUY,1790018391.451,0.0,0,-15.2250000000015,11.185873904293388
historical_walkforward,hist_seg3,historical7d|500ms|3|1|3406,historical7d,500ms,3,PRIMARY,BUY,1790018393.754,2.302999973297119,1,-15.9375,12.205577313991071
historical_walkforward,hist_seg3,historical7d|500ms|3|1|3406,historical7d,500ms,3,PRIMARY,BUY,1790018395.856,4.4049999713897705,2,-15.825000000000953,11.263640343430119
historical_walkforward,hist_seg3,historical7d|500ms|3|1|3406,historical7d,500ms,3,PRIMARY,BUY,1790018397.968,6.516999959945679,3,-15.67500000000109,13.799811758614132
historical_walkforward,hist_seg3,historical7d|500ms|3|1|3407,historical7d,500ms,3,PRIMARY,BUY,1790018402.483,0.0,0,-15.975000000000819,11.97702015803611
historical_walkforward,hist_seg3,historical7d|500ms|3|1|3408,historical7d,500ms,3,PRIMARY,BUY,1790018414.428,0.0,0,-9.900000000001228,12.933768413846897
historical_walkforward,hist_seg3,historical7d|500ms|3|1|3409,historical7d,500ms,3,PRIMARY,BUY,1790018417.28,0.0,0,-10.124999999999318,12.309202052341913
historical_walkforward,hist_seg3,historical7d|500ms|3|1|3410,historical7d,500ms,3,PRIMARY,BUY,1790018418.437,0.0,0,-9.974999999999454,13.083690236581733
historical_walkforward,hist_seg3,historical7d|500ms|3|1|3411,historical7d,500ms,3,PRIMARY,BUY,1790018419.932,0.0,0,-10.3125,18.384184323152432
historical_walkforward,hist_seg3,historical7d|500ms|3|1|3412,historical7d,500ms,3,PRIMARY,BUY,1790018421.944,0.0,0,-9.6000000000015,20.960936691003646
historical_walkforward,hist_seg3,historical7d|500ms|3|1|3413,historical7d,500ms,3,PRIMARY,BUY,1790018423.4910002,0.0,0,-8.962500000001228,13.077137213370948
historical_walkforward,hist_seg3,historical7d|500ms|3|1|3414,historical7d,500ms,3,PRIMARY,BUY,1790018427.8460002,0.0,0,-9.86250000000041,15.691916512271037
historical_walkforward,hist_seg3,historical7d|500ms|3|4|3415,historical7d,500ms,3,BURST,SELL,1790022664.515,0.0,0,-1.9499999999982265,0.16762872430076647
historical_walkforward,hist_seg3,historical7d|1s|3|3|1714,historical7d,1s,3,MICRO,SELL,1790004086.949,0.0,0,19.040625000000375,-3.232572765074069
historical_walkforward,hist_seg3,historical7d|1s|3|3|1714,historical7d,1s,3,MICRO,SELL,1790004089.948,2.999000072479248,1,11.549999999999727,-5.706980024941553
historical_walkforward,hist_seg3,historical7d|1s|3|3|1715,historical7d,1s,3,MICRO,SELL,1790004092.957,0.0,0,18.70312499999983,-4.613169961808466
historical_walkforward,hist_seg3,historical7d|1s|3|3|1716,historical7d,1s,3,MICRO,SELL,1790004094.91,0.0,0,11.774999999997817,-3.4083487733788393
historical_walkforward,hist_seg3,historical7d|1s|3|3|1717,historical7d,1s,3,MICRO,SELL,1790004117.983,0.0,0,-8.137500000000273,-5.82891113791519
historical_walkforward,hist_seg3,historical7d|1s|3|2|1718,historical7d,1s,3,SECONDARY,SELL,1790004286.924,0.0,0,-15.71250000000191,-5.965555024815805
historical_walkforward,hist_seg3,historical7d|1s|3|1|1719,historical7d,1s,3,PRIMARY,SELL,1790005642.848,0.0,0,-15.0,8.48257499640085
historical_walkforward,hist_seg3,historical7d|1s|3|1|1720,historical7d,1s,3,PRIMARY,SELL,1790005649.854,0.0,0,-15.449999999999589,9.14210066817455
historical_walkforward,hist_seg3,historical7d|1s|3|1|1721,historical7d,1s,3,PRIMARY,SELL,1790005654.864,0.0,0,-15.150000000003274,5.820264946775695
historical_walkforward,hist_seg3,historical7d|1s|3|1|1722,historical7d,1s,3,PRIMARY,SELL,1790005656.9129999,0.0,0,-15.150000000003274,7.702455654470198
historical_walkforward,hist_seg3,historical7d|1s|3|1|1723,historical7d,1s,3,PRIMARY,SELL,1790005665.9740002,0.0,0,-15.112499999999045,9.128041214500508
historical_walkforward,hist_seg3,historical7d|1s|3|1|1724,historical7d,1s,3,PRIMARY,SELL,1790005779.912,0.0,0,-15.862500000001772,13.785629815070644
historical_walkforward,hist_seg3,historical7d|1s|3|1|1724,historical7d,1s,3,PRIMARY,SELL,1790005782.968,3.055999994277954,1,-15.450000000003,14.96624495612926
historical_walkforward,hist_seg3,historical7d|1s|3|1|1725,historical7d,1s,3,PRIMARY,SELL,1790005785.8700001,0.0,0,-15.262499999998907,13.441131892986327
historical_walkforward,hist_seg3,historical7d|1s|3|1|1726,historical7d,1s,3,PRIMARY,SELL,1790005788.8270001,0.0,0,-15.0,4.908033968255762
historical_walkforward,hist_seg3,historical7d|1s|3|1|1727,historical7d,1s,3,PRIMARY,SELL,1790005790.733,0.0,0,-15.187500000000682,8.096176639658877
historical_walkforward,hist_seg3,historical7d|1s|3|1|1727,historical7d,1s,3,PRIMARY,SELL,1790005792.9329998,2.1999998092651367,1,-15.149999999999864,3.2796360948223007
historical_walkforward,hist_seg3,historical7d|1s|3|1|1728,historical7d,1s,3,PRIMARY,SELL,1790005810.71,0.0,0,-15.262499999998907,7.649527176507258
historical_walkforward,hist_seg3,historical7d|1s|3|1|1728,historical7d,1s,3,PRIMARY,SELL,1790005813.716,3.00600004196167,1,-15.187500000000682,8.217895564047257
historical_walkforward,hist_seg3,historical7d|1s|3|4|1729,historical7d,1s,3,BURST,BUY,1790006264.808,0.0,0,3.225000000002183,14.334514018073456
historical_walkforward,hist_seg3,historical7d|1s|3|4|1730,historical7d,1s,3,BURST,BUY,1790006289.9550002,0.0,0,0.8999999999991815,22.29468279361306
historical_walkforward,hist_seg3,historical7d|1s|3|1|1731,historical7d,1s,3,PRIMARY,BUY,1790006318.798,0.0,0,-16.687499999999318,4.185222805626524
historical_walkforward,hist_seg3,historical7d|1s|3|1|1732,historical7d,1s,3,PRIMARY,BUY,1790006334.971,0.0,0,-16.687499999999318,14.116953460525467
historical_walkforward,hist_seg3,historical7d|1s|3|3|1733,historical7d,1s,3,MICRO,BUY,1790006334.971,0.0,0,-7.200000000000273,15.320015135329802
historical_walkforward,hist_seg3,historical7d|1s|3|1|1734,historical7d,1s,3,PRIMARY,BUY,1790006336.977,0.0,0,-16.725000000000136,9.931004579561261
historical_walkforward,hist_seg3,historical7d|1s|3|3|1735,historical7d,1s,3,MICRO,BUY,1790006336.977,0.0,0,-6.974999999998772,11.134066254365596
historical_walkforward,hist_seg3,historical7d|1s|3|1|1736,historical7d,1s,3,PRIMARY,BUY,1790006919.9699998,0.0,0,9.82499999999959,1.3846543924159405
historical_walkforward,hist_seg3,historical7d|1s|3|1|1737,historical7d,1s,3,PRIMARY,BUY,1790006936.992,0.0,0,5.924999999999727,0.5567583281821037
historical_walkforward,hist_seg3,historical7d|1s|3|1|1738,historical7d,1s,3,PRIMARY,BUY,1790006940.896,0.0,0,8.21250000000191,0.10709523391529739
historical_walkforward,hist_seg3,historical7d|1s|3|1|1739,historical7d,1s,3,PRIMARY,BUY,1790006943.8060002,0.0,0,5.662499999997408,-1.1555980318968786
historical_walkforward,hist_seg3,historical7d|1s|3|1|1740,historical7d,1s,3,PRIMARY,BUY,1790006946.912,0.0,0,5.812500000000682,2.425371326010457
historical_walkforward,hist_seg3,historical7d|1s|3|1|1741,historical7d,1s,3,PRIMARY,BUY,1790006948.665,0.0,0,7.012499999999591,2.251546115702412
historical_walkforward,hist_seg3,historical7d|1s|3|1|1742,historical7d,1s,3,PRIMARY,BUY,1790006950.92,0.0,0,7.4624999999991815,1.5508566102079724
historical_walkforward,hist_seg3,historical7d|1s|3|1|1743,historical7d,1s,3,PRIMARY,BUY,1790006952.976,0.0,0,4.124999999997954,-3.064673823527555
historical_walkforward,hist_seg3,historical7d|1s|3|2|1744,historical7d,1s,3,SECONDARY,BUY,1790006952.976,0.0,0,0.5624999999986358,-2.3211036722348415
historical_walkforward,hist_seg3,historical7d|1s|3|1|1745,historical7d,1s,3,PRIMARY,BUY,1790006958.987,0.0,0,6.937500000001364,-4.411861824514096
historical_walkforward,hist_seg3,historical7d|1s|3|1|1746,historical7d,1s,3,PRIMARY,BUY,1790006962.99,0.0,0,5.999999999997954,1.0009242449578708
historical_walkforward,hist_seg3,historical7d|1s|3|1|1746,historical7d,1s,3,PRIMARY,BUY,1790006965.8899999,2.8999998569488525,1,7.050000000000408,-3.796758506345247
historical_walkforward,hist_seg3,historical7d|1s|3|1|1747,historical7d,1s,3,PRIMARY,BUY,1790006969.745,0.0,0,7.050000000000408,-4.211312308602423
historical_walkforward,hist_seg3,historical7d|1s|3|1|1748,historical7d,1s,3,PRIMARY,BUY,1790006971.854,0.0,0,7.5,-2.185760015448033
historical_walkforward,hist_seg3,historical7d|1s|3|1|1749,historical7d,1s,3,PRIMARY,BUY,1790007961.923,0.0,0,-15.337500000000546,-0.13947239497772174
historical_walkforward,hist_seg3,historical7d|1s|3|1|1750,historical7d,1s,3,PRIMARY,BUY,1790007967.977,0.0,0,-15.900000000002592,-3.5905251026389036
historical_walkforward,hist_seg3,historical7d|1s|3|1|1751,historical7d,1s,3,PRIMARY,BUY,1790007970.9750001,0.0,0,-16.049999999999045,-1.9256623794450984
historical_walkforward,hist_seg3,historical7d|1s|3|2|1752,historical7d,1s,3,SECONDARY,SELL,1790008359.963,0.0,0,9.487500000002456,-4.864409234416415
historical_walkforward,hist_seg3,historical7d|1s|3|2|1753,historical7d,1s,3,SECONDARY,SELL,1790008384.932,0.0,0,11.812499999998636,-3.7414896712141874
historical_walkforward,hist_seg3,historical7d|1s|3|2|1754,historical7d,1s,3,SECONDARY,SELL,1790008743.9689999,0.0,0,-5.6999999999982265,-0.268079913904045
historical_walkforward,hist_seg3,historical7d|1s|3|1|1755,historical7d,1s,3,PRIMARY,SELL,1790008907.91,0.0,0,-0.3375000000005457,-4.545142878029542
historical_walkforward,hist_seg3,historical7d|1s|3|1|1755,historical7d,1s,3,PRIMARY,SELL,1790008909.9580002,2.0480000972747803,1,-2.2125000000005457,-5.04895848209365
historical_walkforward,hist_seg3,historical7d|1s|3|1|1756,historical7d,1s,3,PRIMARY,SELL,1790008911.96,0.0,0,-1.6875000000027285,-4.869925683657688
historical_walkforward,hist_seg3,historical7d|1s|3|1|1757,historical7d,1s,3,PRIMARY,SELL,1790008913.96,0.0,0,-15.299999999999727,-4.812756078791343
historical_walkforward,hist_seg3,historical7d|1s|3|2|1758,historical7d,1s,3,SECONDARY,SELL,1790008913.96,0.0,0,-15.299999999999727,-2.676773759342497
historical_walkforward,hist_seg3,historical7d|1s|3|1|1759,historical7d,1s,3,PRIMARY,SELL,1790008920.876,0.0,0,-15.562500000002046,-2.1757655194509904
historical_walkforward,hist_seg3,historical7d|1s|3|1|1760,historical7d,1s,3,PRIMARY,SELL,1790008946.963,0.0,0,-15.449999999999589,-1.7644044527071368
historical_walkforward,hist_seg3,historical7d|1s|3|1|1761,historical7d,1s,3,PRIMARY,SELL,1790008959.924,0.0,0,-16.237499999999727,-3.415933317149935
historical_walkforward,hist_seg3,historical7d|1s|3|1|1762,historical7d,1s,3,PRIMARY,SELL,1790008993.915,0.0,0,-15.187499999997272,-1.7752777906165833
historical_walkforward,hist_seg3,historical7d|1s|3|1|1763,historical7d,1s,3,PRIMARY,SELL,1790009132.671,0.0,0,-15.037499999997408,-12.887259347139885
historical_walkforward,hist_seg3,historical7d|1s|3|1|1764,historical7d,1s,3,PRIMARY,SELL,1790009135.876,0.0,0,-15.449999999999589,-12.64821471909761
historical_walkforward,hist_seg3,historical7d|1s|3|1|1765,historical7d,1s,3,PRIMARY,SELL,1790009139.9859998,0.0,0,-15.487499999997,-10.411566271732184
historical_walkforward,hist_seg3,historical7d|1s|3|1|1766,historical7d,1s,3,PRIMARY,SELL,1790009158.9580002,0.0,0,-15.337500000000546,-4.620698297479129
historical_walkforward,hist_seg3,historical7d|1s|3|1|1766,historical7d,1s,3,PRIMARY,SELL,1790009160.965,2.0069997310638428,1,-15.600000000002865,-3.3706011324889724
historical_walkforward,hist_seg3,historical7d|1s|3|1|1767,historical7d,1s,3,PRIMARY,SELL,1790009162.712,0.0,0,-15.337500000000546,-4.487030827304989
historical_walkforward,hist_seg3,historical7d|1s|3|2|1768,historical7d,1s,3,SECONDARY,SELL,1790009331.992,0.0,0,-15.974999999997408,-7.184897413832723
historical_walkforward,hist_seg3,historical7d|1s|3|1|1769,historical7d,1s,3,PRIMARY,SELL,1790009590.981,0.0,0,93.9750000000015,-8.31042089864725
historical_walkforward,hist_seg3,historical7d|1s|3|1|1770,historical7d,1s,3,PRIMARY,SELL,1790009592.7849998,0.0,0,94.16250000000218,-8.20654539568502
historical_walkforward,hist_seg3,historical7d|1s|3|1|1771,historical7d,1s,3,PRIMARY,SELL,1790009647.968,0.0,0,95.66250000000082,-7.643075197889085
historical_walkforward,hist_seg3,historical7d|1s|3|1|1772,historical7d,1s,3,PRIMARY,SELL,1790009649.967,0.0,0,94.31250000000205,-8.700840980871083
historical_walkforward,hist_seg3,historical7d|1s|3|1|1772,historical7d,1s,3,PRIMARY,SELL,1790009651.9699998,2.002999782562256,1,94.53750000000014,-7.834455962050543
historical_walkforward,hist_seg3,historical7d|1s|3|1|1773,historical7d,1s,3,PRIMARY,SELL,1790009656.9699998,0.0,0,94.46250000000191,-9.370832041647343
historical_walkforward,hist_seg3,historical7d|1s|3|1|1774,historical7d,1s,3,PRIMARY,SELL,1790009659.968,0.0,0,94.61250000000177,-7.362772247117877
historical_walkforward,hist_seg3,historical7d|1s|3|1|1775,historical7d,1s,3,PRIMARY,SELL,1790009661.979,0.0,0,94.12500000000136,-5.717235186783545
historical_walkforward,hist_seg3,historical7d|1s|3|1|1776,historical7d,1s,3,PRIMARY,SELL,1790009665.985,0.0,0,94.01250000000232,-5.757335212992053
historical_walkforward,hist_seg3,historical7d|1s|3|1|1777,historical7d,1s,3,PRIMARY,SELL,1790009669.4940002,0.0,0,94.23750000000041,-6.057212509241891
historical_walkforward,hist_seg3,historical7d|1s|3|1|1778,historical7d,1s,3,PRIMARY,SELL,1790009674.644,0.0,0,94.12500000000136,-8.188930505560016
historical_walkforward,hist_seg3,historical7d|1s|3|1|1778,historical7d,1s,3,PRIMARY,SELL,1790009676.9529998,2.30899977684021,1,94.01250000000232,-9.248837875760117
historical_walkforward,hist_seg3,historical7d|1s|3|1|1779,historical7d,1s,3,PRIMARY,SELL,1790009679.959,0.0,0,94.31250000000205,-8.194910563217341
historical_walkforward,hist_seg3,historical7d|1s|3|1|1780,historical7d,1s,3,PRIMARY,SELL,1790009682.856,0.0,0,94.95000000000232,-9.272397774459487
historical_walkforward,hist_seg3,historical7d|1s|3|1|1781,historical7d,1s,3,PRIMARY,SELL,1790009685.7059999,0.0,0,95.17500000000041,-8.84208472052222
historical_walkforward,hist_seg3,historical7d|1s|3|1|1781,historical7d,1s,3,PRIMARY,SELL,1790009687.962,2.25600004196167,1,94.12500000000136,-8.096759563353151
historical_walkforward,hist_seg3,historical7d|1s|3|1|1782,historical7d,1s,3,PRIMARY,SELL,1790009689.869,0.0,0,94.53750000000014,-9.731091105167243
historical_walkforward,hist_seg3,historical7d|1s|3|1|1782,historical7d,1s,3,PRIMARY,SELL,1790009691.972,2.1029999256134033,1,94.9125000000015,-8.070166584170297
historical_walkforward,hist_seg3,historical7d|1s|3|1|1782,historical7d,1s,3,PRIMARY,SELL,1790009694.8209999,4.95199990272522,2,94.42500000000109,-7.783661840961054
historical_walkforward,hist_seg3,historical7d|1s|3|1|1783,historical7d,1s,3,PRIMARY,SELL,1790009698.535,0.0,0,94.46250000000191,-8.08601500238951
historical_walkforward,hist_seg3,historical7d|1s|3|1|1784,historical7d,1s,3,PRIMARY,SELL,1790009703.993,0.0,0,38.96250000000123,-5.889800667670736
historical_walkforward,hist_seg3,historical7d|1s|3|1|1784,historical7d,1s,3,PRIMARY,SELL,1790009706.99,2.996999979019165,1,38.549999999999045,-8.811694074941657
historical_walkforward,hist_seg3,historical7d|1s|3|1|1784,historical7d,1s,3,PRIMARY,SELL,1790009709.891,5.898000001907349,2,42.4125000000015,-10.82531493157654
historical_walkforward,hist_seg3,historical7d|1s|3|1|1785,historical7d,1s,3,PRIMARY,SELL,1790009712.943,0.0,0,40.199999999997544,-11.750618985532759
historical_walkforward,hist_seg3,historical7d|1s|3|1|1786,historical7d,1s,3,PRIMARY,SELL,1790009716.95,0.0,0,39.44999999999823,-6.97430453854252
historical_walkforward,hist_seg3,historical7d|1s|3|1|1787,historical7d,1s,3,PRIMARY,SELL,1790009719.756,0.0,0,41.06249999999932,-6.094283405942869
historical_walkforward,hist_seg3,historical7d|1s|3|1|1788,historical7d,1s,3,PRIMARY,SELL,1790009741.973,0.0,0,43.237500000002456,-4.00944293188605
historical_walkforward,hist_seg3,historical7d|1s|3|1|1788,historical7d,1s,3,PRIMARY,SELL,1790009744.882,2.9089999198913574,1,46.424999999997,-4.9255954048297435
historical_walkforward,hist_seg3,historical7d|1s|3|1|1788,historical7d,1s,3,PRIMARY,SELL,1790009747.683,5.710000038146973,2,94.16249999999877,-4.1486746629755205
historical_walkforward,hist_seg3,historical7d|1s|3|1|1789,historical7d,1s,3,PRIMARY,SELL,1790009782.832,0.0,0,38.17500000000109,-7.804592654706964
historical_walkforward,hist_seg3,historical7d|1s|3|1|1790,historical7d,1s,3,PRIMARY,SELL,1790009785.994,0.0,0,36.26250000000027,-6.943443389396867
historical_walkforward,hist_seg3,historical7d|1s|3|1|1791,historical7d,1s,3,PRIMARY,SELL,1790009791.947,0.0,0,36.15000000000123,-7.956913024710932
historical_walkforward,hist_seg3,historical7d|1s|3|1|1791,historical7d,1s,3,PRIMARY,SELL,1790009794.956,3.009000062942505,1,35.66250000000082,-5.743209539548043
historical_walkforward,hist_seg3,historical7d|1s|3|1|1792,historical7d,1s,3,PRIMARY,SELL,1790009798.817,0.0,0,38.775000000000546,-6.9635548020068825
historical_walkforward,hist_seg3,historical7d|1s|3|1|1793,historical7d,1s,3,PRIMARY,SELL,1790010035.95,0.0,0,15.9375,-10.99771044783007
historical_walkforward,hist_seg3,historical7d|1s|3|1|1794,historical7d,1s,3,PRIMARY,SELL,1790010040.901,0.0,0,14.475000000002181,-10.764976072985213
historical_walkforward,hist_seg3,historical7d|1s|3|1|1795,historical7d,1s,3,PRIMARY,SELL,1790010044.9539998,0.0,0,17.8125,-10.987542138330927
historical_walkforward,hist_seg3,historical7d|1s|3|2|1796,historical7d,1s,3,SECONDARY,SELL,1790010044.9539998,0.0,0,31.012500000001637,-9.301410890082066
historical_walkforward,hist_seg3,historical7d|1s|3|1|1797,historical7d,1s,3,PRIMARY,SELL,1790010047.8569999,0.0,0,20.662499999997408,-7.4745761078430535
historical_walkforward,hist_seg3,historical7d|1s|3|1|1798,historical7d,1s,3,PRIMARY,SELL,1790010049.8579998,0.0,0,20.062500000001364,-9.430130164297031
historical_walkforward,hist_seg3,historical7d|1s|3|1|1799,historical7d,1s,3,PRIMARY,SELL,1790010055.961,0.0,0,23.17499999999768,-7.239398616836744
historical_walkforward,hist_seg3,historical7d|1s|3|1|1799,historical7d,1s,3,PRIMARY,SELL,1790010057.961,2.0,1,24.11249999999768,-5.531413220658099
historical_walkforward,hist_seg3,historical7d|1s|3|1|1800,historical7d,1s,3,PRIMARY,SELL,1790010061.978,0.0,0,20.550000000001774,-5.946676935745692
historical_walkforward,hist_seg3,historical7d|1s|3|1|1801,historical7d,1s,3,PRIMARY,SELL,1790010063.871,0.0,0,19.537500000000136,-5.122772731871451
historical_walkforward,hist_seg3,historical7d|1s|3|1|1802,historical7d,1s,3,PRIMARY,SELL,1790010065.822,0.0,0,15.074999999998225,-8.400413262682921
historical_walkforward,hist_seg3,historical7d|1s|3|1|1803,historical7d,1s,3,PRIMARY,SELL,1790010069.973,0.0,0,19.50000000000273,-8.988763552139206
historical_walkforward,hist_seg3,historical7d|1s|3|1|1804,historical7d,1s,3,PRIMARY,SELL,1790010072.675,0.0,0,15.412499999998772,-8.455647112735848
historical_walkforward,hist_seg3,historical7d|1s|3|1|1805,historical7d,1s,3,PRIMARY,SELL,1790010075.929,0.0,0,18.30000000000041,-6.756347619311799
historical_walkforward,hist_seg3,historical7d|1s|3|1|1806,historical7d,1s,3,PRIMARY,SELL,1790010084.8969998,0.0,0,21.750000000000682,-6.097199288556882
historical_walkforward,hist_seg3,historical7d|1s|3|1|1807,historical7d,1s,3,PRIMARY,SELL,1790010099.981,0.0,0,20.662499999997408,-5.069616414362245
historical_walkforward,hist_seg3,historical7d|1s|3|1|1808,historical7d,1s,3,PRIMARY,SELL,1790010108.535,0.0,0,18.97499999999809,-5.264919789129043
historical_walkforward,hist_seg3,historical7d|1s|3|1|1809,historical7d,1s,3,PRIMARY,SELL,1790010135.937,0.0,0,21.674999999999045,-8.614647371837687
historical_walkforward,hist_seg3,historical7d|1s|3|1|1810,historical7d,1s,3,PRIMARY,SELL,1790010138.94,0.0,0,18.000000000000682,-9.68770638686719
historical_walkforward,hist_seg3,historical7d|1s|3|1|1811,historical7d,1s,3,PRIMARY,SELL,1790010143.997,0.0,0,15.337500000000546,-7.572757440742678
historical_walkforward,hist_seg3,historical7d|1s|3|1|1812,historical7d,1s,3,PRIMARY,SELL,1790010151.999,0.0,0,-1.3874999999995907,-14.118558769043906
historical_walkforward,hist_seg3,historical7d|1s|3|1|1813,historical7d,1s,3,PRIMARY,SELL,1790010159.9699998,0.0,0,0.8624999999983629,-14.909303437786916
historical_walkforward,hist_seg3,historical7d|1s|3|1|1814,historical7d,1s,3,PRIMARY,SELL,1790010172.927,0.0,0,11.625000000001364,-5.7892944177970636
historical_walkforward,hist_seg3,historical7d|1s|3|1|1815,historical7d,1s,3,PRIMARY,SELL,1790010182.994,0.0,0,8.587500000003274,-13.293078880575237
historical_walkforward,hist_seg3,historical7d|1s|3|1|1816,historical7d,1s,3,PRIMARY,SELL,1790010205.871,0.0,0,-15.299999999999727,-15.196223506956743
historical_walkforward,hist_seg3,historical7d|1s|3|1|1817,historical7d,1s,3,PRIMARY,SELL,1790010207.626,0.0,0,-15.037499999997408,-14.881802397131395
historical_walkforward,hist_seg3,historical7d|1s|3|1|1818,historical7d,1s,3,PRIMARY,SELL,1790010220.996,0.0,0,-15.487500000000411,-7.813523662533743
historical_walkforward,hist_seg3,historical7d|1s|3|2|1819,historical7d,1s,3,SECONDARY,SELL,1790010220.996,0.0,0,-15.487500000000411,-10.195527384944475
historical_walkforward,hist_seg3,historical7d|1s|3|1|1820,historical7d,1s,3,PRIMARY,SELL,1790010229.994,0.0,0,-15.299999999999727,-15.638436570394706
historical_walkforward,hist_seg3,historical7d|1s|3|1|1821,historical7d,1s,3,PRIMARY,SELL,1790010232.996,0.0,0,-15.187500000000682,-14.407343931537458
historical_walkforward,hist_seg3,historical7d|1s|3|1|1822,historical7d,1s,3,PRIMARY,SELL,1790010234.996,0.0,0,-16.875,-9.426689254798077
historical_walkforward,hist_seg3,historical7d|1s|3|1|1823,historical7d,1s,3,PRIMARY,SELL,1790010247.9580002,0.0,0,-15.299999999999727,-16.246117432504654
historical_walkforward,hist_seg3,historical7d|1s|3|1|1824,historical7d,1s,3,PRIMARY,SELL,1790010253.978,0.0,0,-15.299999999999727,-18.601277024970123
historical_walkforward,hist_seg3,historical7d|1s|3|1|1825,historical7d,1s,3,PRIMARY,SELL,1790010277.9980001,0.0,0,-15.037500000000819,-13.611941335016471
historical_walkforward,hist_seg3,historical7d|1s|3|1|1826,historical7d,1s,3,PRIMARY,SELL,1790010289.856,0.0,0,-17.212500000000546,-14.49776104771508
historical_walkforward,hist_seg3,historical7d|1s|3|1|1827,historical7d,1s,3,PRIMARY,SELL,1790010323.947,0.0,0,-15.562499999998636,-15.954986398062704
historical_walkforward,hist_seg3,historical7d|1s|3|3|1828,historical7d,1s,3,MICRO,SELL,1790010323.947,0.0,0,-15.562499999998636,-14.460933004807128
historical_walkforward,hist_seg3,historical7d|1s|3|1|1829,historical7d,1s,3,PRIMARY,SELL,1790010341.962,0.0,0,-15.525000000001228,-17.180857786977832
historical_walkforward,hist_seg3,historical7d|1s|3|3|1830,historical7d,1s,3,MICRO,SELL,1790010341.962,0.0,0,-1.2750000000005457,-14.744243296766104
historical_walkforward,hist_seg3,historical7d|1s|3|1|1831,historical7d,1s,3,PRIMARY,SELL,1790010346.9689999,0.0,0,-16.42500000000041,-15.465273102149183
historical_walkforward,hist_seg3,historical7d|1s|3|1|1832,historical7d,1s,3,PRIMARY,SELL,1790010352.985,0.0,0,-15.075000000001635,-15.761504290537744
historical_walkforward,hist_seg3,historical7d|1s|3|1|1833,historical7d,1s,3,PRIMARY,SELL,1790010355.985,0.0,0,-15.337500000000546,-20.10279639036039
historical_walkforward,hist_seg3,historical7d|1s|3|1|1834,historical7d,1s,3,PRIMARY,SELL,1790010357.932,0.0,0,-15.787500000000136,-18.398464792554346
historical_walkforward,hist_seg3,historical7d|1s|3|1|1835,historical7d,1s,3,PRIMARY,SELL,1790010362.8899999,0.0,0,-15.075000000001635,-19.27791139650871
historical_walkforward,hist_seg3,historical7d|1s|3|1|1836,historical7d,1s,3,PRIMARY,SELL,1790010364.8969998,0.0,0,-18.000000000000682,-21.807799798908682
historical_walkforward,hist_seg3,historical7d|1s|3|1|1837,historical7d,1s,3,PRIMARY,SELL,1790010367.997,0.0,0,-15.67500000000109,-16.39186883632617
historical_walkforward,hist_seg3,historical7d|1s|3|1|1838,historical7d,1s,3,PRIMARY,SELL,1790010369.997,0.0,0,-15.037499999997408,-15.836563899105183
historical_walkforward,hist_seg3,historical7d|1s|3|1|1839,historical7d,1s,3,PRIMARY,SELL,1790010377.8620002,0.0,0,-15.825000000000953,-15.834763830081753
historical_walkforward,hist_seg3,historical7d|1s|3|1|1840,historical7d,1s,3,PRIMARY,SELL,1790010390.98,0.0,0,-15.22499999999809,-20.40727027751612
historical_walkforward,hist_seg3,historical7d|1s|3|1|1841,historical7d,1s,3,PRIMARY,SELL,1790010394.985,0.0,0,-15.787500000000136,-14.182376383768004
historical_walkforward,hist_seg3,historical7d|1s|3|3|1842,historical7d,1s,3,MICRO,BUY,1790010460.962,0.0,0,1.8000000000017735,-5.219966043335964
historical_walkforward,hist_seg3,historical7d|1s|3|3|1843,historical7d,1s,3,MICRO,BUY,1790010464.9169998,0.0,0,-1.3500000000021828,-4.9586046642429835
historical_walkforward,hist_seg3,historical7d|1s|3|4|1844,historical7d,1s,3,BURST,SELL,1790012063.96,0.0,0,2.3625000000004093,-6.467496494126737
historical_walkforward,hist_seg3,historical7d|1s|3|4|1844,historical7d,1s,3,BURST,SELL,1790012065.961,2.000999927520752,1,2.1374999999989086,-6.443804632055079
historical_walkforward,hist_seg3,historical7d|1s|3|4|1845,historical7d,1s,3,BURST,SELL,1790018048.984,0.0,0,-5.512500000000955,-3.5051452477264813
historical_walkforward,hist_seg3,historical7d|1s|3|4|1846,historical7d,1s,3,BURST,SELL,1790018051.9420002,0.0,0,-3.187500000001364,-5.824605630885846
historical_walkforward,hist_seg3,historical7d|1s|3|1|1847,historical7d,1s,3,PRIMARY,BUY,1790018369.8179998,0.0,0,-16.125000000000682,13.712009840971223
historical_walkforward,hist_seg3,historical7d|1s|3|1|1848,historical7d,1s,3,PRIMARY,BUY,1790018371.9699998,0.0,0,-15.037500000000819,20.10385713177611
historical_walkforward,hist_seg3,historical7d|1s|3|1|1848,historical7d,1s,3,PRIMARY,BUY,1790018373.979,2.009000301361084,1,-16.19999999999891,20.59473152260967
historical_walkforward,hist_seg3,historical7d|1s|3|1|1849,historical7d,1s,3,PRIMARY,BUY,1790018375.977,0.0,0,-15.375000000001364,29.431108191471814
historical_walkforward,hist_seg3,historical7d|1s|3|1|1849,historical7d,1s,3,PRIMARY,BUY,1790018378.934,2.9570000171661377,1,-15.037500000000819,22.278832797012807
historical_walkforward,hist_seg3,historical7d|1s|3|1|1849,historical7d,1s,3,PRIMARY,BUY,1790018381.4899998,5.512999773025513,2,-16.65000000000191,9.515134103065893
historical_walkforward,hist_seg3,historical7d|1s|3|1|1849,historical7d,1s,3,PRIMARY,BUY,1790018383.9420002,7.965000152587891,3,-16.012500000001637,7.851440671329766
historical_walkforward,hist_seg3,historical7d|1s|3|1|1849,historical7d,1s,3,PRIMARY,BUY,1790018386.6009998,10.623999834060669,4,-16.20000000000232,7.6334898043673345
historical_walkforward,hist_seg3,historical7d|1s|3|1|1850,historical7d,1s,3,PRIMARY,BUY,1790018388.9529998,0.0,0,-15.9375,7.849551136157897
historical_walkforward,hist_seg3,historical7d|1s|3|1|1851,historical7d,1s,3,PRIMARY,BUY,1790018391.6529999,0.0,0,-15.487500000000411,13.981483197720348
historical_walkforward,hist_seg3,historical7d|1s|3|1|1851,historical7d,1s,3,PRIMARY,BUY,1790018393.754,2.1010000705718994,1,-16.049999999999045,12.205577313991071
historical_walkforward,hist_seg3,historical7d|1s|3|1|1851,historical7d,1s,3,PRIMARY,BUY,1790018395.856,4.203000068664551,2,-15.9375,11.263640343430119
historical_walkforward,hist_seg3,historical7d|1s|3|1|1851,historical7d,1s,3,PRIMARY,BUY,1790018397.968,6.315000057220459,3,-15.787500000000136,13.799811758614132
historical_walkforward,hist_seg3,historical7d|1s|3|1|1852,historical7d,1s,3,PRIMARY,BUY,1790018402.972,0.0,0,-15.749999999999318,12.13476639194183
historical_walkforward,hist_seg3,historical7d|1s|3|1|1853,historical7d,1s,3,PRIMARY,BUY,1790018414.879,0.0,0,-10.04999999999768,12.313492011691437
historical_walkforward,hist_seg3,historical7d|1s|3|1|1854,historical7d,1s,3,PRIMARY,BUY,1790018419.932,0.0,0,-10.27499999999918,18.384184323152432
historical_walkforward,hist_seg3,historical7d|1s|3|1|1855,historical7d,1s,3,PRIMARY,BUY,1790018421.944,0.0,0,-9.562500000000682,20.960936691003646
historical_walkforward,hist_seg3,historical7d|1s|3|1|1856,historical7d,1s,3,PRIMARY,BUY,1790018423.892,0.0,0,-8.962499999997817,14.008622247043968
historical_walkforward,hist_seg3,historical7d|1s|3|1|1857,historical7d,1s,3,PRIMARY,BUY,1790018427.8460002,0.0,0,-9.82499999999959,15.691916512271037
historical_walkforward,hist_seg3,historical7d|1s|3|4|1858,historical7d,1s,3,BURST,SELL,1790022664.515,0.0,0,-1.9499999999982265,0.16762872430076647
historical_walkforward,hist_seg4,historical7d|500ms|4|3|3416,historical7d,500ms,4,MICRO,SELL,1790050280.4819999,0.0,0,19.921874999999147,20.531607765529
historical_walkforward,hist_seg4,historical7d|500ms|4|3|3417,historical7d,500ms,4,MICRO,SELL,1790050314.885,0.0,0,-8.92500000000041,-3.352951318058779
historical_walkforward,hist_seg4,historical7d|500ms|4|2|3418,historical7d,500ms,4,SECONDARY,SELL,1790050319.982,0.0,0,-15.187499999997272,-3.503760731616231
historical_walkforward,hist_seg4,historical7d|500ms|4|1|3419,historical7d,500ms,4,PRIMARY,SELL,1790052562.477,0.0,0,-15.074999999998225,-7.842173183075191
historical_walkforward,hist_seg4,historical7d|500ms|4|1|3420,historical7d,500ms,4,PRIMARY,SELL,1790052563.331,0.0,0,-15.149999999999864,-8.311995027553976
historical_walkforward,hist_seg4,historical7d|500ms|4|1|3421,historical7d,500ms,4,PRIMARY,SELL,1790052568.997,0.0,0,-15.22499999999809,-3.301687538562065
historical_walkforward,hist_seg4,historical7d|500ms|4|1|3422,historical7d,500ms,4,PRIMARY,SELL,1790057259.33,0.0,0,-2.400000000001228,11.28984592437268
historical_walkforward,hist_seg4,historical7d|500ms|4|1|3423,historical7d,500ms,4,PRIMARY,SELL,1790057264.7849998,0.0,0,-2.512500000000273,10.398334105391122
historical_walkforward,hist_seg4,historical7d|500ms|4|1|3424,historical7d,500ms,4,PRIMARY,SELL,1790057267.1430001,0.0,0,-2.7375000000017735,14.104034780936898
historical_walkforward,hist_seg4,historical7d|500ms|4|1|3425,historical7d,500ms,4,PRIMARY,SELL,1790057268.591,0.0,0,-3.8624999999990446,6.9021043585557065
historical_walkforward,hist_seg4,historical7d|500ms|4|1|3426,historical7d,500ms,4,PRIMARY,SELL,1790057281.507,0.0,0,-4.799999999999045,6.129399234668573
historical_walkforward,hist_seg4,historical7d|500ms|4|1|3427,historical7d,500ms,4,PRIMARY,SELL,1790057282.95,0.0,0,-4.799999999999045,9.422277065900097
historical_walkforward,hist_seg4,historical7d|500ms|4|1|3428,historical7d,500ms,4,PRIMARY,SELL,1790057379.2659998,0.0,0,-9.637499999998909,-3.249394650046816
historical_walkforward,hist_seg4,historical7d|500ms|4|1|3429,historical7d,500ms,4,PRIMARY,SELL,1790057380.865,0.0,0,-10.3125,-1.1524175262230265
historical_walkforward,hist_seg4,historical7d|500ms|4|3|3430,historical7d,500ms,4,MICRO,BUY,1790066882.3779998,0.0,0,11.175000000001774,6.85035335639852
historical_walkforward,hist_seg4,historical7d|500ms|4|4|3431,historical7d,500ms,4,BURST,BUY,1790068421.339,0.0,0,0.825000000000955,10.763527191984604
historical_walkforward,hist_seg4,historical7d|500ms|4|4|3432,historical7d,500ms,4,BURST,SELL,1790072966.384,0.0,0,11.25,0.007558972565072308
historical_walkforward,hist_seg4,historical7d|500ms|4|4|3433,historical7d,500ms,4,BURST,SELL,1790072969.476,0.0,0,9.450000000001637,-0.9288911838128215
historical_walkforward,hist_seg4,historical7d|500ms|4|4|3433,historical7d,500ms,4,BURST,SELL,1790072971.4780002,2.002000093460083,1,10.5375000000015,-2.2496385181121736
historical_walkforward,hist_seg4,historical7d|500ms|4|2|3434,historical7d,500ms,4,SECONDARY,SELL,1790074221.952,0.0,0,30.2250000000015,10.454096698679216
historical_walkforward,hist_seg4,historical7d|500ms|4|3|3435,historical7d,500ms,4,MICRO,SELL,1790074283.993,0.0,0,19.190624999998533,-2.503369601611768
historical_walkforward,hist_seg4,historical7d|500ms|4|3|3436,historical7d,500ms,4,MICRO,SELL,1790074285.997,0.0,0,12.899999999998498,-6.396942285761964
historical_walkforward,hist_seg4,historical7d|500ms|4|3|3437,historical7d,500ms,4,MICRO,SELL,1790074289.4540002,0.0,0,18.843749999997783,-6.610559007930839
historical_walkforward,hist_seg4,historical7d|500ms|4|3|3438,historical7d,500ms,4,MICRO,SELL,1790074299.467,0.0,0,8.92500000000041,-7.587883763520916
historical_walkforward,hist_seg4,historical7d|500ms|4|3|3439,historical7d,500ms,4,MICRO,SELL,1790074301.468,0.0,0,6.900000000000546,-3.503873201296255
historical_walkforward,hist_seg4,historical7d|500ms|4|3|3440,historical7d,500ms,4,MICRO,SELL,1790074331.405,0.0,0,-5.287500000002865,-10.325874570751031
historical_walkforward,hist_seg4,historical7d|500ms|4|3|3441,historical7d,500ms,4,MICRO,SELL,1790074332.907,0.0,0,-4.8749999999972715,-5.541011933695484
historical_walkforward,hist_seg4,historical7d|500ms|4|4|3442,historical7d,500ms,4,BURST,SELL,1790075668.965,0.0,0,9.412500000000819,-0.3006481949555637
historical_walkforward,hist_seg4,historical7d|500ms|4|3|3443,historical7d,500ms,4,MICRO,SELL,1790076713.9889998,0.0,0,-15.037500000000819,1.5685677156633684
historical_walkforward,hist_seg4,historical7d|500ms|4|3|3444,historical7d,500ms,4,MICRO,SELL,1790076716.4899998,0.0,0,-18.112499999999727,3.0079827081669133
historical_walkforward,hist_seg4,historical7d|500ms|4|4|3445,historical7d,500ms,4,BURST,BUY,1790076896.465,0.0,0,26.96250000000191,16.624471889118162
historical_walkforward,hist_seg4,historical7d|500ms|4|2|3446,historical7d,500ms,4,SECONDARY,BUY,1790077022.458,0.0,0,30.637500000000273,3.841105122989912
historical_walkforward,hist_seg4,historical7d|500ms|4|3|3447,historical7d,500ms,4,MICRO,BUY,1790077062.904,0.0,0,8.062499999998636,6.040166116183955
historical_walkforward,hist_seg4,historical7d|500ms|4|2|3448,historical7d,500ms,4,SECONDARY,BUY,1790077270.472,0.0,0,30.11249999999904,4.1065200836037405
historical_walkforward,hist_seg4,historical7d|500ms|4|3|3449,historical7d,500ms,4,MICRO,BUY,1790077316.497,0.0,0,9.787500000002183,-3.3736912138117012
historical_walkforward,hist_seg4,historical7d|500ms|4|3|3450,historical7d,500ms,4,MICRO,BUY,1790077324.903,0.0,0,7.762500000002319,-1.391648066255276
historical_walkforward,hist_seg4,historical7d|500ms|4|3|3451,historical7d,500ms,4,MICRO,BUY,1790077329.962,0.0,0,8.362500000001774,-3.7428142926656824
historical_walkforward,hist_seg4,historical7d|500ms|4|3|3452,historical7d,500ms,4,MICRO,BUY,1790077350.981,0.0,0,25.92187500000051,10.453191503382996
historical_walkforward,hist_seg4,historical7d|500ms|4|3|3453,historical7d,500ms,4,MICRO,BUY,1790077375.968,0.0,0,-9.562500000000682,1.315849198257768
historical_walkforward,hist_seg4,historical7d|500ms|4|3|3454,historical7d,500ms,4,MICRO,BUY,1790077379.981,0.0,0,-15.187500000000682,2.825521028657319
historical_walkforward,hist_seg4,historical7d|500ms|4|3|3455,historical7d,500ms,4,MICRO,BUY,1790077394.498,0.0,0,-3.2624999999995907,0.28782889358452296
historical_walkforward,hist_seg4,historical7d|500ms|4|3|3456,historical7d,500ms,4,MICRO,BUY,1790077717.448,0.0,0,-3.8999999999998636,7.835888078125143
historical_walkforward,hist_seg4,historical7d|500ms|4|3|3457,historical7d,500ms,4,MICRO,BUY,1790077860.457,0.0,0,21.112499999999557,5.3096693074758585
historical_walkforward,hist_seg4,historical7d|500ms|4|3|3458,historical7d,500ms,4,MICRO,BUY,1790077895.3939998,0.0,0,9.937499999998636,2.3693938589604198
historical_walkforward,hist_seg4,historical7d|500ms|4|3|3459,historical7d,500ms,4,MICRO,BUY,1790077897.3969998,0.0,0,9.037499999999454,3.366692437529851
historical_walkforward,hist_seg4,historical7d|500ms|4|3|3460,historical7d,500ms,4,MICRO,BUY,1790077899.392,0.0,0,12.300000000002456,2.196424410531874
historical_walkforward,hist_seg4,historical7d|500ms|4|3|3461,historical7d,500ms,4,MICRO,BUY,1790077903.442,0.0,0,10.650000000000546,-3.417530453007053
historical_walkforward,hist_seg4,historical7d|500ms|4|3|3462,historical7d,500ms,4,MICRO,BUY,1790077904.496,0.0,0,9.937500000002046,2.773654666155486
historical_walkforward,hist_seg4,historical7d|500ms|4|3|3463,historical7d,500ms,4,MICRO,BUY,1790077905.348,0.0,0,10.57500000000232,3.5518803107560393
historical_walkforward,hist_seg4,historical7d|500ms|4|3|3464,historical7d,500ms,4,MICRO,BUY,1790077906.3980002,0.0,0,11.399999999999864,2.9894199342235623
historical_walkforward,hist_seg4,historical7d|500ms|4|3|3465,historical7d,500ms,4,MICRO,BUY,1790077908.957,0.0,0,9.674999999999727,-2.239819708865966
historical_walkforward,hist_seg4,historical7d|500ms|4|3|3466,historical7d,500ms,4,MICRO,BUY,1790077913.9550002,0.0,0,8.025000000001228,-6.178358743373343
historical_walkforward,hist_seg4,historical7d|500ms|4|2|3467,historical7d,500ms,4,SECONDARY,SELL,1790078293.477,0.0,0,30.337500000000546,26.98396808333697
historical_walkforward,hist_seg4,historical7d|500ms|4|3|3468,historical7d,500ms,4,MICRO,BUY,1790081566.449,0.0,0,10.80000000000041,17.815040047466557
historical_walkforward,hist_seg4,historical7d|500ms|4|3|3469,historical7d,500ms,4,MICRO,BUY,1790081569.465,0.0,0,8.062500000002046,1.1928696536904742
historical_walkforward,hist_seg4,historical7d|500ms|4|3|3470,historical7d,500ms,4,MICRO,BUY,1790081570.9699998,0.0,0,9.187499999999318,12.38151965242227
historical_walkforward,hist_seg4,historical7d|500ms|4|3|3471,historical7d,500ms,4,MICRO,BUY,1790081614.959,0.0,0,-15.525000000001228,-2.2388398675267474
historical_walkforward,hist_seg4,historical7d|500ms|4|3|3472,historical7d,500ms,4,MICRO,BUY,1790081632.4750001,0.0,0,-15.262500000002317,-2.683052007315543
historical_walkforward,hist_seg4,historical7d|500ms|4|3|3473,historical7d,500ms,4,MICRO,BUY,1790081633.4780002,0.0,0,-15.262499999998907,-3.8311573485481785
historical_walkforward,hist_seg4,historical7d|500ms|4|3|3474,historical7d,500ms,4,MICRO,BUY,1790081634.4220002,0.0,0,-15.562500000002046,0.327582924331824
historical_walkforward,hist_seg4,historical7d|500ms|4|3|3475,historical7d,500ms,4,MICRO,BUY,1790081637.423,0.0,0,-15.149999999999864,2.877359197699164
historical_walkforward,hist_seg4,historical7d|500ms|4|3|3475,historical7d,500ms,4,MICRO,BUY,1790081639.43,2.006999969482422,1,-15.2250000000015,2.820983171641506
historical_walkforward,hist_seg4,historical7d|500ms|4|3|3476,historical7d,500ms,4,MICRO,BUY,1790081643.48,0.0,0,-15.412499999998772,3.673450454036125
historical_walkforward,hist_seg4,historical7d|500ms|4|3|3477,historical7d,500ms,4,MICRO,BUY,1790081658.9529998,0.0,0,-5.84999999999809,-1.2322107366991935
historical_walkforward,hist_seg4,historical7d|500ms|4|3|3478,historical7d,500ms,4,MICRO,SELL,1790081758.967,0.0,0,-1.0874999999998636,7.098365412958187
historical_walkforward,hist_seg4,historical7d|500ms|4|3|3479,historical7d,500ms,4,MICRO,SELL,1790081759.92,0.0,0,-0.9000000000025921,7.098365412958187
historical_walkforward,hist_seg4,historical7d|500ms|4|3|3480,historical7d,500ms,4,MICRO,SELL,1790081762.458,0.0,0,-0.9750000000008185,5.837789250372601
historical_walkforward,hist_seg4,historical7d|500ms|4|3|3480,historical7d,500ms,4,MICRO,SELL,1790081764.815,2.3570001125335693,1,-1.0124999999982265,8.776546423199715
historical_walkforward,hist_seg4,historical7d|500ms|4|3|3480,historical7d,500ms,4,MICRO,SELL,1790081766.967,4.509000062942505,2,-1.049999999999045,9.49362479599905
historical_walkforward,hist_seg4,historical7d|500ms|4|3|3481,historical7d,500ms,4,MICRO,SELL,1790081769.77,0.0,0,-0.8249999999975444,9.43442077955288
historical_walkforward,hist_seg4,historical7d|500ms|4|3|3482,historical7d,500ms,4,MICRO,SELL,1790081774.978,0.0,0,-1.1250000000006821,6.324241065369363
historical_walkforward,hist_seg4,historical7d|500ms|4|3|3483,historical7d,500ms,4,MICRO,BUY,1790081889.859,0.0,0,19.57500000000266,10.59582980387927
historical_walkforward,hist_seg4,historical7d|500ms|4|4|3484,historical7d,500ms,4,BURST,BUY,1790081889.859,0.0,0,17.250000000001364,10.59582980387927
historical_walkforward,hist_seg4,historical7d|500ms|4|3|3485,historical7d,500ms,4,MICRO,BUY,1790081891.464,0.0,0,19.90312500000215,8.050143183716104
historical_walkforward,hist_seg4,historical7d|500ms|4|3|3486,historical7d,500ms,4,MICRO,BUY,1790081959.452,0.0,0,-6.78749999999809,18.959864896613453
historical_walkforward,hist_seg4,historical7d|500ms|4|3|3486,historical7d,500ms,4,MICRO,BUY,1790081961.9550002,2.503000259399414,1,-8.512500000001637,23.88390534593533
historical_walkforward,hist_seg4,historical7d|500ms|4|3|3486,historical7d,500ms,4,MICRO,BUY,1790081963.956,4.504000186920166,2,-12.63749999999959,13.092223139896163
historical_walkforward,hist_seg4,historical7d|500ms|4|3|3486,historical7d,500ms,4,MICRO,BUY,1790081965.957,6.505000114440918,3,-12.449999999998909,3.752152548798365
historical_walkforward,hist_seg4,historical7d|500ms|4|3|3487,historical7d,500ms,4,MICRO,BUY,1790081967.461,0.0,0,-10.5375000000015,3.5485803352155942
historical_walkforward,hist_seg4,historical7d|500ms|4|1|3488,historical7d,500ms,4,PRIMARY,SELL,1790086794.95,0.0,0,-15.299999999999727,16.6373643295132
historical_walkforward,hist_seg4,historical7d|500ms|4|1|3489,historical7d,500ms,4,PRIMARY,SELL,1790086813.372,0.0,0,-15.0,10.581116307794662
historical_walkforward,hist_seg4,historical7d|500ms|4|1|3490,historical7d,500ms,4,PRIMARY,SELL,1790086814.925,0.0,0,-15.22499999999809,15.574150408489208
historical_walkforward,hist_seg4,historical7d|500ms|4|1|3491,historical7d,500ms,4,PRIMARY,SELL,1790086818.928,0.0,0,-15.037499999997408,18.520199851027986
historical_walkforward,hist_seg4,historical7d|500ms|4|1|3492,historical7d,500ms,4,PRIMARY,SELL,1790086821.2259998,0.0,0,-15.412499999998772,14.721626747882945
historical_walkforward,hist_seg4,historical7d|500ms|4|1|3493,historical7d,500ms,4,PRIMARY,SELL,1790086824.389,0.0,0,-15.0,15.554200984660215
historical_walkforward,hist_seg4,historical7d|500ms|4|1|3494,historical7d,500ms,4,PRIMARY,SELL,1790086825.4339998,0.0,0,-16.19999999999891,15.661300338283702
historical_walkforward,hist_seg4,historical7d|500ms|4|1|3495,historical7d,500ms,4,PRIMARY,SELL,1790086826.4940002,0.0,0,-16.687499999999318,15.598279889242365
historical_walkforward,hist_seg4,historical7d|500ms|4|1|3496,historical7d,500ms,4,PRIMARY,SELL,1790086910.57,0.0,0,-16.462500000001228,14.784577783552617
historical_walkforward,hist_seg4,historical7d|500ms|4|1|3497,historical7d,500ms,4,PRIMARY,SELL,1790086937.952,0.0,0,-17.85000000000082,18.302878578804684
historical_walkforward,hist_seg4,historical7d|1s|4|3|1859,historical7d,1s,4,MICRO,SELL,1790050280.984,0.0,0,19.837499999999864,-0.4479615489255414
historical_walkforward,hist_seg4,historical7d|1s|4|3|1860,historical7d,1s,4,MICRO,SELL,1790050314.885,0.0,0,-8.92500000000041,-3.352951318058779
historical_walkforward,hist_seg4,historical7d|1s|4|2|1861,historical7d,1s,4,SECONDARY,SELL,1790050319.982,0.0,0,-15.22499999999809,-3.503760731616231
historical_walkforward,hist_seg4,historical7d|1s|4|1|1862,historical7d,1s,4,PRIMARY,SELL,1790052568.997,0.0,0,-15.524999999997817,-3.301687538562065
historical_walkforward,hist_seg4,historical7d|1s|4|1|1863,historical7d,1s,4,PRIMARY,SELL,1790057264.7849998,0.0,0,-2.8500000000008185,10.398334105391122
historical_walkforward,hist_seg4,historical7d|1s|4|1|1864,historical7d,1s,4,PRIMARY,SELL,1790057268.591,0.0,0,-4.199999999999591,6.9021043585557065
historical_walkforward,hist_seg4,historical7d|1s|4|1|1865,historical7d,1s,4,PRIMARY,SELL,1790057281.507,0.0,0,-5.13749999999959,6.129399234668573
historical_walkforward,hist_seg4,historical7d|1s|4|1|1866,historical7d,1s,4,PRIMARY,SELL,1790057380.865,0.0,0,-10.650000000000546,-1.1524175262230265
historical_walkforward,hist_seg4,historical7d|1s|4|2|1867,historical7d,1s,4,SECONDARY,BUY,1790066908.9950001,0.0,0,-16.83749999999918,13.255587219269884
historical_walkforward,hist_seg4,historical7d|1s|4|4|1868,historical7d,1s,4,BURST,SELL,1790072966.9689999,0.0,0,10.425000000002456,-3.5799847837665375
historical_walkforward,hist_seg4,historical7d|1s|4|4|1869,historical7d,1s,4,BURST,SELL,1790072969.982,0.0,0,8.400000000002592,-1.9862866043088825
historical_walkforward,hist_seg4,historical7d|1s|4|4|1869,historical7d,1s,4,BURST,SELL,1790072971.982,2.0,1,9.974999999999454,-2.385552259997078
historical_walkforward,hist_seg4,historical7d|1s|4|2|1870,historical7d,1s,4,SECONDARY,SELL,1790073086.9550002,0.0,0,-15.149999999999864,-6.688633227456533
historical_walkforward,hist_seg4,historical7d|1s|4|2|1871,historical7d,1s,4,SECONDARY,SELL,1790074221.952,0.0,0,30.2250000000015,10.454096698679216
historical_walkforward,hist_seg4,historical7d|1s|4|3|1872,historical7d,1s,4,MICRO,SELL,1790074283.993,0.0,0,19.190624999998533,-2.503369601611768
historical_walkforward,hist_seg4,historical7d|1s|4|3|1873,historical7d,1s,4,MICRO,SELL,1790074285.997,0.0,0,12.899999999998498,-6.396942285761964
historical_walkforward,hist_seg4,historical7d|1s|4|3|1874,historical7d,1s,4,MICRO,SELL,1790074331.956,0.0,0,-5.325000000000273,-5.94027758938368
historical_walkforward,hist_seg4,historical7d|1s|4|4|1875,historical7d,1s,4,BURST,SELL,1790075668.965,0.0,0,8.587499999999864,-0.3006481949555637
historical_walkforward,hist_seg4,historical7d|1s|4|3|1876,historical7d,1s,4,MICRO,SELL,1790076713.9889998,0.0,0,-15.037500000000819,1.5685677156633684
historical_walkforward,hist_seg4,historical7d|1s|4|3|1877,historical7d,1s,4,MICRO,SELL,1790076716.992,0.0,0,-15.862499999998361,2.9204187741685583
historical_walkforward,hist_seg4,historical7d|1s|4|2|1878,historical7d,1s,4,SECONDARY,BUY,1790076896.962,0.0,0,32.40000000000123,14.541453282149865
historical_walkforward,hist_seg4,historical7d|1s|4|4|1879,historical7d,1s,4,BURST,BUY,1790076896.962,0.0,0,26.887500000000273,14.541453282149865
historical_walkforward,hist_seg4,historical7d|1s|4|3|1880,historical7d,1s,4,MICRO,BUY,1790077062.904,0.0,0,8.062499999998636,6.040166116183955
historical_walkforward,hist_seg4,historical7d|1s|4|3|1881,historical7d,1s,4,MICRO,BUY,1790077324.903,0.0,0,6.637500000001637,-1.391648066255276
historical_walkforward,hist_seg4,historical7d|1s|4|3|1882,historical7d,1s,4,MICRO,BUY,1790077350.981,0.0,0,26.85937500000051,10.453191503382996
historical_walkforward,hist_seg4,historical7d|1s|4|3|1883,historical7d,1s,4,MICRO,BUY,1790077353.9350002,0.0,0,26.18437499999942,10.413556806184019
historical_walkforward,hist_seg4,historical7d|1s|4|3|1884,historical7d,1s,4,MICRO,BUY,1790077375.968,0.0,0,-9.449999999998226,1.315849198257768
historical_walkforward,hist_seg4,historical7d|1s|4|3|1885,historical7d,1s,4,MICRO,BUY,1790077379.981,0.0,0,-15.187500000000682,2.825521028657319
historical_walkforward,hist_seg4,historical7d|1s|4|3|1886,historical7d,1s,4,MICRO,BUY,1790077899.91,0.0,0,9.899999999997817,1.3978742803159496
historical_walkforward,hist_seg4,historical7d|1s|4|3|1887,historical7d,1s,4,MICRO,BUY,1790077906.548,0.0,0,10.162500000000136,-0.6153379079213748
historical_walkforward,hist_seg4,historical7d|1s|4|3|1887,historical7d,1s,4,MICRO,BUY,1790077908.957,2.4089999198913574,1,8.324999999997544,-2.239819708865966
historical_walkforward,hist_seg4,historical7d|1s|4|3|1888,historical7d,1s,4,MICRO,BUY,1790077913.9550002,0.0,0,6.674999999999046,-6.178358743373343
historical_walkforward,hist_seg4,historical7d|1s|4|2|1889,historical7d,1s,4,SECONDARY,SELL,1790078293.721,0.0,0,30.487500000000406,25.980594924741787
historical_walkforward,hist_seg4,historical7d|1s|4|2|1890,historical7d,1s,4,SECONDARY,SELL,1790078572.964,0.0,0,17.624999999999318,-1.7234475824056383
historical_walkforward,hist_seg4,historical7d|1s|4|3|1891,historical7d,1s,4,MICRO,BUY,1790081569.965,0.0,0,8.100000000002865,2.3409749949231107
historical_walkforward,hist_seg4,historical7d|1s|4|3|1892,historical7d,1s,4,MICRO,BUY,1790081614.959,0.0,0,-15.525000000001228,-2.2388398675267474
historical_walkforward,hist_seg4,historical7d|1s|4|3|1893,historical7d,1s,4,MICRO,BUY,1790081637.9299998,0.0,0,-15.525000000001228,7.259360392612701
historical_walkforward,hist_seg4,historical7d|1s|4|3|1894,historical7d,1s,4,MICRO,BUY,1790081643.922,0.0,0,-15.412499999998772,2.848878885001716
historical_walkforward,hist_seg4,historical7d|1s|4|2|1895,historical7d,1s,4,SECONDARY,SELL,1790081739.948,0.0,0,-25.650000000000546,1.9151948514764237
historical_walkforward,hist_seg4,historical7d|1s|4|3|1896,historical7d,1s,4,MICRO,SELL,1790081758.967,0.0,0,-0.7499999999993179,7.098365412958187
historical_walkforward,hist_seg4,historical7d|1s|4|3|1897,historical7d,1s,4,MICRO,SELL,1790081762.911,0.0,0,-0.3375000000005457,5.006761181887622
historical_walkforward,hist_seg4,historical7d|1s|4|3|1897,historical7d,1s,4,MICRO,SELL,1790081765.815,2.9040000438690186,1,0.6749999999976808,7.740996351812013
historical_walkforward,hist_seg4,historical7d|1s|4|3|1897,historical7d,1s,4,MICRO,SELL,1790081767.815,4.9040000438690186,2,-0.7875000000001364,7.895323794917364
historical_walkforward,hist_seg4,historical7d|1s|4|3|1898,historical7d,1s,4,MICRO,SELL,1790081774.978,0.0,0,-1.2750000000005457,6.324241065369363
historical_walkforward,hist_seg4,historical7d|1s|4|3|1899,historical7d,1s,4,MICRO,BUY,1790081889.859,0.0,0,20.315625000002626,10.59582980387927
historical_walkforward,hist_seg4,historical7d|1s|4|4|1900,historical7d,1s,4,BURST,BUY,1790081889.859,0.0,0,15.562500000002046,10.59582980387927
historical_walkforward,hist_seg4,historical7d|1s|4|3|1901,historical7d,1s,4,MICRO,BUY,1790081891.8070002,0.0,0,20.090625000001125,6.644870486142212
historical_walkforward,hist_seg4,historical7d|1s|4|3|1902,historical7d,1s,4,MICRO,BUY,1790081959.904,0.0,0,-7.950000000003001,21.15899548128354
historical_walkforward,hist_seg4,historical7d|1s|4|3|1902,historical7d,1s,4,MICRO,BUY,1790081961.9550002,2.0510001182556152,1,-9.750000000001364,23.88390534593533
historical_walkforward,hist_seg4,historical7d|1s|4|3|1902,historical7d,1s,4,MICRO,BUY,1790081963.956,4.052000045776367,2,-13.387499999998909,13.092223139896163
historical_walkforward,hist_seg4,historical7d|1s|4|3|1902,historical7d,1s,4,MICRO,BUY,1790081965.957,6.052999973297119,3,-12.487499999999727,3.752152548798365
historical_walkforward,hist_seg4,historical7d|1s|4|3|1903,historical7d,1s,4,MICRO,BUY,1790081967.961,0.0,0,-10.08750000000191,4.156963179069124
historical_walkforward,hist_seg4,historical7d|1s|4|2|1904,historical7d,1s,4,SECONDARY,SELL,1790086772.987,0.0,0,-15.262499999998907,14.36925405611046
historical_walkforward,hist_seg4,historical7d|1s|4|1|1905,historical7d,1s,4,PRIMARY,SELL,1790086813.869,0.0,0,-15.075000000001635,15.267754744542888
historical_walkforward,hist_seg4,historical7d|1s|4|1|1906,historical7d,1s,4,PRIMARY,SELL,1790086826.685,0.0,0,-15.862500000001772,14.282167223666121
historical_walkforward,hist_seg4,historical7d|1s|4|1|1907,historical7d,1s,4,PRIMARY,SELL,1790086910.57,0.0,0,-16.61250000000109,14.784577783552617
historical_walkforward,hist_seg4,historical7d|1s|4|1|1908,historical7d,1s,4,PRIMARY,SELL,1790086937.952,0.0,0,-18.000000000000682,18.302878578804684
recent_after_first80,whole_recent,recent24h|500ms|0|1|1,recent24h,500ms,0,PRIMARY,BUY,1790192053.48,0.0,0,-5.924999999999727,-5.618821928778317
recent_after_first80,whole_recent,recent24h|500ms|0|1|2,recent24h,500ms,0,PRIMARY,BUY,1790192074.8009999,0.0,0,-4.350000000002865,-5.402129383172264
recent_after_first80,whole_recent,recent24h|500ms|0|1|3,recent24h,500ms,0,PRIMARY,SELL,1790193765.391,0.0,0,-15.262499999998907,6.675959257012357
recent_after_first80,whole_recent,recent24h|500ms|0|1|4,recent24h,500ms,0,PRIMARY,SELL,1790193767.4940002,0.0,0,-15.825000000000953,2.45375614214278
recent_after_first80,whole_recent,recent24h|500ms|0|2|5,recent24h,500ms,0,SECONDARY,SELL,1790193767.4940002,0.0,0,-15.825000000000953,0.18710755418495695
recent_after_first80,whole_recent,recent24h|500ms|0|3|6,recent24h,500ms,0,MICRO,SELL,1790193767.4940002,0.0,0,-15.825000000000953,0.18710755418495695
recent_after_first80,whole_recent,recent24h|500ms|0|1|7,recent24h,500ms,0,PRIMARY,SELL,1790193768.948,0.0,0,-16.050000000002456,-4.716534750062474
recent_after_first80,whole_recent,recent24h|500ms|0|3|8,recent24h,500ms,0,MICRO,SELL,1790193768.948,0.0,0,-16.050000000002456,-3.6273911534739294
recent_after_first80,whole_recent,recent24h|500ms|0|1|9,recent24h,500ms,0,PRIMARY,SELL,1790193770.4950001,0.0,0,-15.487500000000411,-1.673074756527591
recent_after_first80,whole_recent,recent24h|500ms|0|3|10,recent24h,500ms,0,MICRO,SELL,1790193770.4950001,0.0,0,-15.487500000000411,-0.5839311599390463
recent_after_first80,whole_recent,recent24h|500ms|0|1|11,recent24h,500ms,0,PRIMARY,SELL,1790193771.8990002,0.0,0,-15.975000000000819,-3.0447002664838614
recent_after_first80,whole_recent,recent24h|500ms|0|3|12,recent24h,500ms,0,MICRO,SELL,1790193771.8990002,0.0,0,-15.975000000000819,-1.955556669895318
recent_after_first80,whole_recent,recent24h|500ms|0|1|13,recent24h,500ms,0,PRIMARY,SELL,1790193776.461,0.0,0,-17.32499999999959,10.159240232035899
recent_after_first80,whole_recent,recent24h|500ms|0|1|14,recent24h,500ms,0,PRIMARY,SELL,1790193822.471,0.0,0,-16.19999999999891,4.461520917507116
recent_after_first80,whole_recent,recent24h|500ms|0|1|15,recent24h,500ms,0,PRIMARY,SELL,1790193823.964,0.0,0,-9.637499999998909,2.398030236219917
recent_after_first80,whole_recent,recent24h|500ms|0|1|16,recent24h,500ms,0,PRIMARY,SELL,1790193846.9459999,0.0,0,-15.67500000000109,0.9900897223611518
recent_after_first80,whole_recent,recent24h|500ms|0|1|17,recent24h,500ms,0,PRIMARY,SELL,1790193848.993,0.0,0,-15.0,4.475857106920555
recent_after_first80,whole_recent,recent24h|500ms|0|1|18,recent24h,500ms,0,PRIMARY,SELL,1790193849.938,0.0,0,-15.074999999998225,1.7958420818771628
recent_after_first80,whole_recent,recent24h|500ms|0|1|19,recent24h,500ms,0,PRIMARY,SELL,1790193852.967,0.0,0,-15.074999999998225,-0.595622975942465
recent_after_first80,whole_recent,recent24h|500ms|0|1|20,recent24h,500ms,0,PRIMARY,SELL,1790193853.796,0.0,0,-15.037500000000819,-3.4523947104127846
recent_after_first80,whole_recent,recent24h|500ms|0|1|21,recent24h,500ms,0,PRIMARY,SELL,1790193855.449,0.0,0,-15.0,-0.7273545335728511
recent_after_first80,whole_recent,recent24h|500ms|0|1|22,recent24h,500ms,0,PRIMARY,SELL,1790193857.999,0.0,0,-15.562499999998636,-1.881131708242432
recent_after_first80,whole_recent,recent24h|500ms|0|1|23,recent24h,500ms,0,PRIMARY,SELL,1790193858.949,0.0,0,-15.0,-1.746856983063461
recent_after_first80,whole_recent,recent24h|500ms|0|1|24,recent24h,500ms,0,PRIMARY,SELL,1790193860.4540002,0.0,0,-15.112499999999045,0.9877169724715238
recent_after_first80,whole_recent,recent24h|500ms|0|1|25,recent24h,500ms,0,PRIMARY,SELL,1790193862.456,0.0,0,-16.16249999999809,-2.619652332017351
recent_after_first80,whole_recent,recent24h|500ms|0|1|25,recent24h,500ms,0,PRIMARY,SELL,1790193864.456,2.0,1,-15.149999999999864,-5.5747721921720705
recent_after_first80,whole_recent,recent24h|500ms|0|1|26,recent24h,500ms,0,PRIMARY,SELL,1790193866.961,0.0,0,-16.237499999999727,-0.8535209550310524
recent_after_first80,whole_recent,recent24h|500ms|0|1|27,recent24h,500ms,0,PRIMARY,SELL,1790193868.467,0.0,0,-16.049999999999045,3.013247896603895
recent_after_first80,whole_recent,recent24h|500ms|0|1|28,recent24h,500ms,0,PRIMARY,SELL,1790193872.7710001,0.0,0,-15.449999999999589,-0.10070144780703781
recent_after_first80,whole_recent,recent24h|500ms|0|1|29,recent24h,500ms,0,PRIMARY,SELL,1790193874.471,0.0,0,-15.112499999999045,-1.5029853397973905
recent_after_first80,whole_recent,recent24h|500ms|0|1|30,recent24h,500ms,0,PRIMARY,SELL,1790193980.499,0.0,0,-15.449999999999589,-2.860373656668466
recent_after_first80,whole_recent,recent24h|500ms|0|1|31,recent24h,500ms,0,PRIMARY,SELL,1790193981.303,0.0,0,-15.112499999999045,1.528258772338816
recent_after_first80,whole_recent,recent24h|500ms|0|1|32,recent24h,500ms,0,PRIMARY,SELL,1790193987.449,0.0,0,-15.787500000000136,-1.0999624737474707
recent_after_first80,whole_recent,recent24h|500ms|0|1|33,recent24h,500ms,0,PRIMARY,SELL,1790193988.9539998,0.0,0,-15.299999999999727,4.701440927158617
recent_after_first80,whole_recent,recent24h|500ms|0|2|34,recent24h,500ms,0,SECONDARY,SELL,1790194322.379,0.0,0,-15.299999999999727,0.2696677752329052
recent_after_first80,whole_recent,recent24h|500ms|0|1|35,recent24h,500ms,0,PRIMARY,SELL,1790194365.9689999,0.0,0,-15.524999999997817,2.1921261080624865
recent_after_first80,whole_recent,recent24h|500ms|0|1|36,recent24h,500ms,0,PRIMARY,SELL,1790194367.9689999,0.0,0,-15.22499999999809,4.682407884629906
recent_after_first80,whole_recent,recent24h|500ms|0|1|37,recent24h,500ms,0,PRIMARY,SELL,1790194373.968,0.0,0,-15.075000000001635,5.730638256842383
recent_after_first80,whole_recent,recent24h|500ms|0|3|38,recent24h,500ms,0,MICRO,SELL,1790194373.968,0.0,0,-5.962500000000546,6.168514046094435
recent_after_first80,whole_recent,recent24h|500ms|0|1|39,recent24h,500ms,0,PRIMARY,SELL,1790194419.884,0.0,0,-15.787500000000136,5.56528206566963
recent_after_first80,whole_recent,recent24h|500ms|0|1|40,recent24h,500ms,0,PRIMARY,SELL,1790194437.96,0.0,0,-15.22499999999809,10.004990086794711
recent_after_first80,whole_recent,recent24h|500ms|0|1|41,recent24h,500ms,0,PRIMARY,SELL,1790194439.915,0.0,0,-15.037500000000819,14.455915152095196
recent_after_first80,whole_recent,recent24h|500ms|0|1|41,recent24h,500ms,0,PRIMARY,SELL,1790194442.474,2.559000015258789,1,-15.337499999997135,17.877940489117737
recent_after_first80,whole_recent,recent24h|500ms|0|1|42,recent24h,500ms,0,PRIMARY,SELL,1790194446.429,0.0,0,-15.412499999998772,7.024903178962987
recent_after_first80,whole_recent,recent24h|500ms|0|1|42,recent24h,500ms,0,PRIMARY,SELL,1790194448.431,2.002000093460083,1,-15.299999999999727,12.083008011304397
recent_after_first80,whole_recent,recent24h|500ms|0|1|43,recent24h,500ms,0,PRIMARY,SELL,1790194449.4259999,0.0,0,-15.074999999998225,8.191498979772813
recent_after_first80,whole_recent,recent24h|500ms|0|1|44,recent24h,500ms,0,PRIMARY,SELL,1790194450.391,0.0,0,-15.262499999998907,9.283806348946884
recent_after_first80,whole_recent,recent24h|500ms|0|1|45,recent24h,500ms,0,PRIMARY,SELL,1790194453.983,0.0,0,-15.112499999999045,11.43640707792415
recent_after_first80,whole_recent,recent24h|500ms|0|1|46,recent24h,500ms,0,PRIMARY,SELL,1790194455.431,0.0,0,-15.112500000002456,7.666513710818114
recent_after_first80,whole_recent,recent24h|500ms|0|1|47,recent24h,500ms,0,PRIMARY,SELL,1790194457.486,0.0,0,-15.262499999998907,7.387934415323909
recent_after_first80,whole_recent,recent24h|500ms|0|1|48,recent24h,500ms,0,PRIMARY,SELL,1790194458.9889998,0.0,0,-15.337500000000546,11.327488576555334
recent_after_first80,whole_recent,recent24h|500ms|0|1|49,recent24h,500ms,0,PRIMARY,SELL,1790194463.452,0.0,0,-15.149999999999864,10.555593886484088
recent_after_first80,whole_recent,recent24h|500ms|0|1|50,recent24h,500ms,0,PRIMARY,SELL,1790194472.912,0.0,0,-15.0,8.116403826984515
recent_after_first80,whole_recent,recent24h|500ms|0|1|51,recent24h,500ms,0,PRIMARY,SELL,1790194477.811,0.0,0,-15.975000000000819,5.596076723522067
recent_after_first80,whole_recent,recent24h|500ms|0|1|52,recent24h,500ms,0,PRIMARY,SELL,1790194482.371,0.0,0,-15.2250000000015,6.398391886118277
recent_after_first80,whole_recent,recent24h|500ms|0|1|52,recent24h,500ms,0,PRIMARY,SELL,1790194484.43,2.059000015258789,1,-15.899999999999181,7.351657311896357
recent_after_first80,whole_recent,recent24h|500ms|0|1|53,recent24h,500ms,0,PRIMARY,SELL,1790194553.999,0.0,0,-15.037500000000819,4.701730481975904
recent_after_first80,whole_recent,recent24h|500ms|0|1|54,recent24h,500ms,0,PRIMARY,SELL,1790194556.9459999,0.0,0,-15.074999999998225,3.9931858305220036
recent_after_first80,whole_recent,recent24h|500ms|0|1|55,recent24h,500ms,0,PRIMARY,SELL,1790194559.4550002,0.0,0,-15.037499999997408,3.2599261502571486
recent_after_first80,whole_recent,recent24h|500ms|0|1|55,recent24h,500ms,0,PRIMARY,SELL,1790194561.456,2.000999927520752,1,-15.412500000002183,3.8337718131353298
recent_after_first80,whole_recent,recent24h|500ms|0|1|56,recent24h,500ms,0,PRIMARY,SELL,1790194562.3539999,0.0,0,-15.149999999999864,5.8081307364673185
recent_after_first80,whole_recent,recent24h|500ms|0|1|57,recent24h,500ms,0,PRIMARY,SELL,1790194566.4620001,0.0,0,-15.637500000000271,3.816307715260595
recent_after_first80,whole_recent,recent24h|500ms|0|1|58,recent24h,500ms,0,PRIMARY,SELL,1790194568.263,0.0,0,-15.149999999999864,1.6056021434253354
recent_after_first80,whole_recent,recent24h|500ms|0|1|59,recent24h,500ms,0,PRIMARY,SELL,1790194570.217,0.0,0,-15.112499999999045,2.0530214131864373
recent_after_first80,whole_recent,recent24h|500ms|0|1|60,recent24h,500ms,0,PRIMARY,SELL,1790194572.971,0.0,0,-15.0,3.6478800582776256
recent_after_first80,whole_recent,recent24h|500ms|0|1|61,recent24h,500ms,0,PRIMARY,SELL,1790194574.32,0.0,0,-15.187499999997272,5.338710747988862
recent_after_first80,whole_recent,recent24h|500ms|0|1|62,recent24h,500ms,0,PRIMARY,SELL,1790194575.172,0.0,0,-15.562500000002046,2.042556067105318
recent_after_first80,whole_recent,recent24h|500ms|0|1|62,recent24h,500ms,0,PRIMARY,SELL,1790194577.33,2.1579999923706055,1,-15.0,1.2829785427453178
recent_after_first80,whole_recent,recent24h|500ms|0|1|63,recent24h,500ms,0,PRIMARY,SELL,1790194579.375,0.0,0,-15.375000000001364,0.9136729924470233
recent_after_first80,whole_recent,recent24h|500ms|0|1|63,recent24h,500ms,0,PRIMARY,SELL,1790194581.473,2.0980000495910645,1,-15.074999999998225,2.3331511952809323
recent_after_first80,whole_recent,recent24h|500ms|0|1|63,recent24h,500ms,0,PRIMARY,SELL,1790194583.474,4.098999977111816,2,-15.037500000000819,1.1152304950934686
recent_after_first80,whole_recent,recent24h|500ms|0|1|64,recent24h,500ms,0,PRIMARY,SELL,1790194584.3270001,0.0,0,-15.037500000000819,2.697158518610181
recent_after_first80,whole_recent,recent24h|500ms|0|1|65,recent24h,500ms,0,PRIMARY,SELL,1790194585.38,0.0,0,-15.075000000001635,0.043667784482783495
recent_after_first80,whole_recent,recent24h|500ms|0|1|66,recent24h,500ms,0,PRIMARY,SELL,1790194587.582,0.0,0,-15.187500000000682,0.34151252795207676
recent_after_first80,whole_recent,recent24h|500ms|0|1|67,recent24h,500ms,0,PRIMARY,SELL,1790194590.436,0.0,0,-15.337500000000546,1.8432839899165179
recent_after_first80,whole_recent,recent24h|500ms|0|4|68,recent24h,500ms,0,BURST,SELL,1790195523.451,0.0,0,-0.5625000000020464,-4.309209356115793
recent_after_first80,whole_recent,recent24h|500ms|0|4|69,recent24h,500ms,0,BURST,SELL,1790195525.407,0.0,0,1.8374999999991812,-3.741927421509798
recent_after_first80,whole_recent,recent24h|500ms|0|4|70,recent24h,500ms,0,BURST,SELL,1790195528.905,0.0,0,-0.41250000000218273,-4.585258557736731
recent_after_first80,whole_recent,recent24h|500ms|0|4|71,recent24h,500ms,0,BURST,SELL,1790195530.971,0.0,0,-0.9750000000008185,-4.228934284996489
recent_after_first80,whole_recent,recent24h|500ms|0|1|72,recent24h,500ms,0,PRIMARY,SELL,1790196024.809,0.0,0,-15.299999999999727,-0.29260294851258684
recent_after_first80,whole_recent,recent24h|500ms|0|1|73,recent24h,500ms,0,PRIMARY,SELL,1790196031.488,0.0,0,-15.299999999999727,5.789202590542665
recent_after_first80,whole_recent,recent24h|500ms|0|1|74,recent24h,500ms,0,PRIMARY,SELL,1790196034.474,0.0,0,-15.149999999999864,10.924281388866547
recent_after_first80,whole_recent,recent24h|500ms|0|1|75,recent24h,500ms,0,PRIMARY,SELL,1790196036.075,0.0,0,-15.149999999999864,12.43156048783543
recent_after_first80,whole_recent,recent24h|500ms|0|1|76,recent24h,500ms,0,PRIMARY,SELL,1790196047.457,0.0,0,-16.949999999998226,5.382660470894547
recent_after_first80,whole_recent,recent24h|500ms|0|2|77,recent24h,500ms,0,SECONDARY,BUY,1790196065.932,0.0,0,31.83749999999918,-1.7113264848174154
recent_after_first80,whole_recent,recent24h|500ms|0|3|78,recent24h,500ms,0,MICRO,BUY,1790196103.82,0.0,0,11.437499999997272,2.8643790010981567
recent_after_first80,whole_recent,recent24h|500ms|0|3|79,recent24h,500ms,0,MICRO,BUY,1790196108.463,0.0,0,8.924999999996999,3.5982697564328636
recent_after_first80,whole_recent,recent24h|500ms|0|3|79,recent24h,500ms,0,MICRO,BUY,1790196110.9190001,2.4560000896453857,1,8.4375,-1.4159849384346659
recent_after_first80,whole_recent,recent24h|500ms|0|3|80,recent24h,500ms,0,MICRO,BUY,1790196112.479,0.0,0,8.137500000000273,-1.94064720818926
recent_after_first80,whole_recent,recent24h|500ms|0|3|81,recent24h,500ms,0,MICRO,BUY,1790196113.92,0.0,0,0.5624999999986358,-1.14087993460429
recent_after_first80,whole_recent,recent24h|500ms|0|3|81,recent24h,500ms,0,MICRO,BUY,1790196115.921,2.000999927520752,1,8.137500000000273,-1.9395129894374643
recent_after_first80,whole_recent,recent24h|500ms|0|3|82,recent24h,500ms,0,MICRO,BUY,1790196127.9859998,0.0,0,7.6874999999972715,-0.3628658480312323
recent_after_first80,whole_recent,recent24h|500ms|0|3|83,recent24h,500ms,0,MICRO,BUY,1790196129.089,0.0,0,8.062499999998636,-1.7030597912679186
recent_after_first80,whole_recent,recent24h|500ms|0|3|84,recent24h,500ms,0,MICRO,BUY,1790196131.498,0.0,0,8.4375,-3.259663955392573
recent_after_first80,whole_recent,recent24h|500ms|0|3|85,recent24h,500ms,0,MICRO,BUY,1790196132.9420002,0.0,0,7.724999999998089,-0.4205419722059745
recent_after_first80,whole_recent,recent24h|500ms|0|3|86,recent24h,500ms,0,MICRO,BUY,1790196134.4529998,0.0,0,11.512499999998909,-1.052639697596627
recent_after_first80,whole_recent,recent24h|500ms|0|3|87,recent24h,500ms,0,MICRO,BUY,1790196136.4540002,0.0,0,10.3125,0.8641742164503501
recent_after_first80,whole_recent,recent24h|500ms|0|3|88,recent24h,500ms,0,MICRO,BUY,1790196156.9169998,0.0,0,11.512499999998909,-0.7489373648575108
recent_after_first80,whole_recent,recent24h|500ms|0|3|89,recent24h,500ms,0,MICRO,BUY,1790196158.983,0.0,0,11.100000000000136,-0.010844466412726433
recent_after_first80,whole_recent,recent24h|500ms|0|3|90,recent24h,500ms,0,MICRO,BUY,1790196160.473,0.0,0,8.699999999998909,0.2250641855026616
recent_after_first80,whole_recent,recent24h|500ms|0|3|91,recent24h,500ms,0,MICRO,BUY,1790196161.983,0.0,0,8.849999999998772,0.9792919753297569
recent_after_first80,whole_recent,recent24h|500ms|0|3|92,recent24h,500ms,0,MICRO,BUY,1790196163.983,0.0,0,8.4375,-2.2725769978380637
recent_after_first80,whole_recent,recent24h|500ms|0|3|93,recent24h,500ms,0,MICRO,BUY,1790196165.4390001,0.0,0,8.062499999998636,1.9576114838606213
recent_after_first80,whole_recent,recent24h|500ms|0|1|94,recent24h,500ms,0,PRIMARY,BUY,1790196167.427,0.0,0,18.07499999999891,-2.8872922096966827
recent_after_first80,whole_recent,recent24h|500ms|0|3|95,recent24h,500ms,0,MICRO,BUY,1790196167.427,0.0,0,10.500000000000682,-2.643574714630165
recent_after_first80,whole_recent,recent24h|500ms|0|1|96,recent24h,500ms,0,PRIMARY,BUY,1790196169.99,0.0,0,18.30000000000041,-2.7343851455968937
recent_after_first80,whole_recent,recent24h|500ms|0|3|97,recent24h,500ms,0,MICRO,BUY,1790196169.99,0.0,0,9.750000000001364,-2.296509356344842
recent_after_first80,whole_recent,recent24h|500ms|0|1|98,recent24h,500ms,0,PRIMARY,BUY,1790196171.485,0.0,0,19.46250000000191,-3.153299562746766
recent_after_first80,whole_recent,recent24h|500ms|0|3|99,recent24h,500ms,0,MICRO,BUY,1790196171.485,0.0,0,10.687500000001364,-2.7154237734947144
recent_after_first80,whole_recent,recent24h|500ms|0|1|100,recent24h,500ms,0,PRIMARY,BUY,1790196172.993,0.0,0,19.6875,-3.2029450380950486
recent_after_first80,whole_recent,recent24h|500ms|0|3|101,recent24h,500ms,0,MICRO,BUY,1790196172.993,0.0,0,10.500000000000682,-2.765069248842997
recent_after_first80,whole_recent,recent24h|500ms|0|1|102,recent24h,500ms,0,PRIMARY,BUY,1790196173.9859998,0.0,0,20.17500000000041,-3.7744638811483306
recent_after_first80,whole_recent,recent24h|500ms|0|1|103,recent24h,500ms,0,PRIMARY,BUY,1790196176.492,0.0,0,18.5249999999985,-5.2070976087616785
recent_after_first80,whole_recent,recent24h|500ms|0|1|104,recent24h,500ms,0,PRIMARY,BUY,1790196184.4499998,0.0,0,17.174999999999727,-5.996351824320683
recent_after_first80,whole_recent,recent24h|500ms|0|1|105,recent24h,500ms,0,PRIMARY,BUY,1790196185.905,0.0,0,15.7124999999985,-3.4306739904682426
recent_after_first80,whole_recent,recent24h|500ms|0|1|106,recent24h,500ms,0,PRIMARY,BUY,1790196187.9169998,0.0,0,14.7749999999985,-4.828723203176146
recent_after_first80,whole_recent,recent24h|500ms|0|1|107,recent24h,500ms,0,PRIMARY,BUY,1790196189.923,0.0,0,16.349999999998772,-4.747731875130397
recent_after_first80,whole_recent,recent24h|500ms|0|1|108,recent24h,500ms,0,PRIMARY,BUY,1790196191.409,0.0,0,17.962499999999864,-6.234143028521122
recent_after_first80,whole_recent,recent24h|500ms|0|1|109,recent24h,500ms,0,PRIMARY,BUY,1790196219.667,0.0,0,19.312500000002046,1.9275123786412311
recent_after_first80,whole_recent,recent24h|500ms|0|1|110,recent24h,500ms,0,PRIMARY,BUY,1790196221.46,0.0,0,19.575000000000955,1.5118684910544078
recent_after_first80,whole_recent,recent24h|500ms|0|1|111,recent24h,500ms,0,PRIMARY,BUY,1790196222.414,0.0,0,19.049999999999727,4.207798658567386
recent_after_first80,whole_recent,recent24h|500ms|0|1|112,recent24h,500ms,0,PRIMARY,BUY,1790196224.9169998,0.0,0,19.612500000001774,4.578588046711186
recent_after_first80,whole_recent,recent24h|500ms|0|1|113,recent24h,500ms,0,PRIMARY,BUY,1790196225.9689999,0.0,0,20.962500000000546,2.0797388231644494
recent_after_first80,whole_recent,recent24h|500ms|0|1|113,recent24h,500ms,0,PRIMARY,BUY,1790196228.467,2.498000144958496,1,18.600000000000136,-1.0410334376631347
recent_after_first80,whole_recent,recent24h|500ms|0|1|113,recent24h,500ms,0,PRIMARY,BUY,1790196230.477,4.508000135421753,2,19.349999999999454,-3.163460376431913
recent_after_first80,whole_recent,recent24h|500ms|0|1|114,recent24h,500ms,0,PRIMARY,BUY,1790196231.367,0.0,0,19.42500000000109,-3.330211649911036
recent_after_first80,whole_recent,recent24h|500ms|0|1|115,recent24h,500ms,0,PRIMARY,BUY,1790196232.4689999,0.0,0,19.612500000001774,-3.431394303187146
recent_after_first80,whole_recent,recent24h|500ms|0|1|116,recent24h,500ms,0,PRIMARY,BUY,1790196234.977,0.0,0,17.024999999999864,-2.063490145952674
recent_after_first80,whole_recent,recent24h|500ms|0|1|116,recent24h,500ms,0,PRIMARY,BUY,1790196236.983,2.00600004196167,1,16.237499999999727,-5.9130557959459935
recent_after_first80,whole_recent,recent24h|500ms|0|1|117,recent24h,500ms,0,PRIMARY,BUY,1790196238.872,0.0,0,16.83749999999918,-4.676457459653804
recent_after_first80,whole_recent,recent24h|500ms|0|1|118,recent24h,500ms,0,PRIMARY,BUY,1790196240.3830001,0.0,0,19.01250000000232,-4.408711246618654
recent_after_first80,whole_recent,recent24h|500ms|0|1|119,recent24h,500ms,0,PRIMARY,BUY,1790196264.471,0.0,0,19.42500000000109,-1.7469050680726261
recent_after_first80,whole_recent,recent24h|500ms|0|1|120,recent24h,500ms,0,PRIMARY,BUY,1790196265.474,0.0,0,16.65000000000191,-1.1944596546770105
recent_after_first80,whole_recent,recent24h|500ms|0|1|121,recent24h,500ms,0,PRIMARY,BUY,1790196266.9689999,0.0,0,15.299999999999727,-3.5233208082764635
recent_after_first80,whole_recent,recent24h|500ms|0|1|122,recent24h,500ms,0,PRIMARY,BUY,1790196267.961,0.0,0,16.125000000000682,-3.5622975780694435
recent_after_first80,whole_recent,recent24h|500ms|0|1|123,recent24h,500ms,0,PRIMARY,BUY,1790196269.666,0.0,0,16.349999999998772,-5.812726278931327
recent_after_first80,whole_recent,recent24h|500ms|0|1|124,recent24h,500ms,0,PRIMARY,BUY,1790196272.4620001,0.0,0,15.975000000000819,-5.788180382945879
recent_after_first80,whole_recent,recent24h|500ms|0|1|125,recent24h,500ms,0,PRIMARY,BUY,1790196275.979,0.0,0,15.525000000001228,-7.684576251382247
recent_after_first80,whole_recent,recent24h|500ms|0|1|126,recent24h,500ms,0,PRIMARY,BUY,1790196277.966,0.0,0,14.737500000001091,-8.84485838121342
recent_after_first80,whole_recent,recent24h|500ms|0|1|127,recent24h,500ms,0,PRIMARY,BUY,1790196278.973,0.0,0,14.250000000000682,-8.275282466835003
recent_after_first80,whole_recent,recent24h|500ms|0|1|128,recent24h,500ms,0,PRIMARY,BUY,1790196282.984,0.0,0,15.149999999999864,-12.628537158956435
recent_after_first80,whole_recent,recent24h|500ms|0|1|129,recent24h,500ms,0,PRIMARY,BUY,1790196284.9889998,0.0,0,15.487500000000411,-11.244274392434598
recent_after_first80,whole_recent,recent24h|500ms|0|1|129,recent24h,500ms,0,PRIMARY,BUY,1790196287.441,2.452000141143799,1,15.637500000000271,-10.70686526282801
recent_after_first80,whole_recent,recent24h|500ms|0|1|130,recent24h,500ms,0,PRIMARY,BUY,1790196288.39,0.0,0,15.825000000000953,-11.61495406817301
recent_after_first80,whole_recent,recent24h|500ms|0|1|131,recent24h,500ms,0,PRIMARY,BUY,1790196290.9910002,0.0,0,15.525000000001228,-10.222564450010944
recent_after_first80,whole_recent,recent24h|500ms|0|1|132,recent24h,500ms,0,PRIMARY,BUY,1790196292.241,0.0,0,14.887500000000953,-11.74372060547836
recent_after_first80,whole_recent,recent24h|500ms|0|1|133,recent24h,500ms,0,PRIMARY,BUY,1790196294.448,0.0,0,16.38749999999959,3.549076756802497
recent_after_first80,whole_recent,recent24h|500ms|0|1|134,recent24h,500ms,0,PRIMARY,BUY,1790196297.351,0.0,0,15.149999999999864,-8.891032490030454
recent_after_first80,whole_recent,recent24h|500ms|0|1|134,recent24h,500ms,0,PRIMARY,BUY,1790196299.402,2.050999879837036,1,16.462500000001228,-10.314222655415895
recent_after_first80,whole_recent,recent24h|500ms|0|1|135,recent24h,500ms,0,PRIMARY,BUY,1790196302.46,0.0,0,17.062500000000682,-13.850833691445702
recent_after_first80,whole_recent,recent24h|500ms|0|1|136,recent24h,500ms,0,PRIMARY,BUY,1790196303.496,0.0,0,16.725000000000136,-10.635856729544757
recent_after_first80,whole_recent,recent24h|500ms|0|1|136,recent24h,500ms,0,PRIMARY,BUY,1790196305.916,2.419999837875366,1,18.07499999999891,-5.3788099982000155
recent_after_first80,whole_recent,recent24h|500ms|0|1|136,recent24h,500ms,0,PRIMARY,BUY,1790196308.4689999,4.972999811172485,2,16.087499999999864,-10.05891013163634
recent_after_first80,whole_recent,recent24h|500ms|0|1|137,recent24h,500ms,0,PRIMARY,BUY,1790196309.424,0.0,0,15.22499999999809,-9.578021546286895
recent_after_first80,whole_recent,recent24h|500ms|0|1|137,recent24h,500ms,0,PRIMARY,BUY,1790196311.985,2.560999870300293,1,16.1625000000015,-3.8820164738155434
recent_after_first80,whole_recent,recent24h|500ms|0|1|137,recent24h,500ms,0,PRIMARY,BUY,1790196314.431,5.006999969482422,2,17.09999999999809,-1.8660069463094078
recent_after_first80,whole_recent,recent24h|500ms|0|1|137,recent24h,500ms,0,PRIMARY,BUY,1790196316.488,7.063999891281128,3,14.812499999999318,-3.8198478721887885
recent_after_first80,whole_recent,recent24h|500ms|0|1|138,recent24h,500ms,0,PRIMARY,BUY,1790196319.436,0.0,0,16.762499999997544,-4.161087465195733
recent_after_first80,whole_recent,recent24h|500ms|0|1|139,recent24h,500ms,0,PRIMARY,BUY,1790196321.486,0.0,0,14.287500000001499,-3.8593502042980687
recent_after_first80,whole_recent,recent24h|500ms|0|1|139,recent24h,500ms,0,PRIMARY,BUY,1790196323.7459998,2.2599997520446777,1,14.887499999997543,-6.891476317898536
recent_after_first80,whole_recent,recent24h|500ms|0|1|140,recent24h,500ms,0,PRIMARY,BUY,1790196330.96,0.0,0,15.599999999999454,-5.308417271034627
recent_after_first80,whole_recent,recent24h|500ms|0|1|141,recent24h,500ms,0,PRIMARY,BUY,1790196334.4689999,0.0,0,12.825000000000273,-3.304351488698377
recent_after_first80,whole_recent,recent24h|500ms|0|1|142,recent24h,500ms,0,PRIMARY,BUY,1790196335.358,0.0,0,13.162499999997408,-5.327702437251622
recent_after_first80,whole_recent,recent24h|500ms|0|1|143,recent24h,500ms,0,PRIMARY,BUY,1790196337.411,0.0,0,13.162499999997408,5.348548208807724
recent_after_first80,whole_recent,recent24h|500ms|0|1|144,recent24h,500ms,0,PRIMARY,BUY,1790196338.4689999,0.0,0,12.337499999999862,-3.645829361635501
recent_after_first80,whole_recent,recent24h|500ms|0|1|145,recent24h,500ms,0,PRIMARY,BUY,1790196343.464,0.0,0,13.087499999999181,-5.847662595662001
recent_after_first80,whole_recent,recent24h|500ms|0|1|146,recent24h,500ms,0,PRIMARY,BUY,1790196357.9859998,0.0,0,14.32499999999891,-6.416245113471164
recent_after_first80,whole_recent,recent24h|500ms|0|1|147,recent24h,500ms,0,PRIMARY,BUY,1790196360.492,0.0,0,13.987500000001774,-3.2301135754775623
recent_after_first80,whole_recent,recent24h|500ms|0|1|147,recent24h,500ms,0,PRIMARY,BUY,1790196362.496,2.003999948501587,1,14.587500000001228,-3.6980884130422216
recent_after_first80,whole_recent,recent24h|500ms|0|1|148,recent24h,500ms,0,PRIMARY,BUY,1790196364.497,0.0,0,16.125000000000682,2.304177278429132
recent_after_first80,whole_recent,recent24h|500ms|0|1|149,recent24h,500ms,0,PRIMARY,BUY,1790196367.498,0.0,0,16.987500000002456,-3.6391610421545497
recent_after_first80,whole_recent,recent24h|500ms|0|1|150,recent24h,500ms,0,PRIMARY,BUY,1790196371.468,0.0,0,19.42499999999768,-6.631038566310812
recent_after_first80,whole_recent,recent24h|500ms|0|1|151,recent24h,500ms,0,PRIMARY,BUY,1790196373.458,0.0,0,17.85000000000082,-6.383238521789421
recent_after_first80,whole_recent,recent24h|500ms|0|1|152,recent24h,500ms,0,PRIMARY,BUY,1790196375.98,0.0,0,18.412499999999454,-3.7939986128267296
recent_after_first80,whole_recent,recent24h|500ms|0|1|153,recent24h,500ms,0,PRIMARY,BUY,1790196377.463,0.0,0,18.112499999999727,-5.778446914788557
recent_after_first80,whole_recent,recent24h|500ms|0|1|153,recent24h,500ms,0,PRIMARY,BUY,1790196379.463,2.0,1,17.512500000000273,-6.4038870673729456
recent_after_first80,whole_recent,recent24h|500ms|0|1|154,recent24h,500ms,0,PRIMARY,BUY,1790196380.421,0.0,0,18.48750000000109,-5.2924416346770755
recent_after_first80,whole_recent,recent24h|500ms|0|1|155,recent24h,500ms,0,PRIMARY,BUY,1790196385.278,0.0,0,17.13749999999891,-1.669153117347802
recent_after_first80,whole_recent,recent24h|500ms|0|1|156,recent24h,500ms,0,PRIMARY,BUY,1790196386.372,0.0,0,15.787500000000136,-4.349692027934639
recent_after_first80,whole_recent,recent24h|500ms|0|1|157,recent24h,500ms,0,PRIMARY,BUY,1790196388.926,0.0,0,15.562500000002046,-4.1007640602166955
recent_after_first80,whole_recent,recent24h|500ms|0|1|158,recent24h,500ms,0,PRIMARY,BUY,1790196391.477,0.0,0,15.299999999999727,-4.075816200610548
recent_after_first80,whole_recent,recent24h|500ms|0|1|159,recent24h,500ms,0,PRIMARY,BUY,1790196392.481,0.0,0,14.099999999997406,-4.4656679929280685
recent_after_first80,whole_recent,recent24h|500ms|0|1|159,recent24h,500ms,0,PRIMARY,BUY,1790196395.485,3.003999948501587,1,14.587499999997817,-0.2973534328355747
recent_after_first80,whole_recent,recent24h|500ms|0|1|160,recent24h,500ms,0,PRIMARY,BUY,1790196396.14,0.0,0,14.812499999999318,-1.9722818378022284
recent_after_first80,whole_recent,recent24h|500ms|0|1|161,recent24h,500ms,0,PRIMARY,BUY,1790196460.956,0.0,0,-1.0874999999998636,-0.21287251951217914
recent_after_first80,whole_recent,recent24h|500ms|0|1|162,recent24h,500ms,0,PRIMARY,BUY,1790196463.868,0.0,0,-2.400000000001228,7.030151215671439
recent_after_first80,whole_recent,recent24h|500ms|0|1|162,recent24h,500ms,0,PRIMARY,BUY,1790196465.924,2.055999994277954,1,-3.3000000000004093,0.6930405111567375
recent_after_first80,whole_recent,recent24h|500ms|0|1|162,recent24h,500ms,0,PRIMARY,BUY,1790196468.181,4.312999963760376,2,-3.5250000000019095,0.29707798355535836
recent_after_first80,whole_recent,recent24h|500ms|0|1|162,recent24h,500ms,0,PRIMARY,BUY,1790196470.4339998,6.565999746322632,3,12.487499999999727,0.6930185714627641
recent_after_first80,whole_recent,recent24h|500ms|0|1|162,recent24h,500ms,0,PRIMARY,BUY,1790196472.941,9.072999954223633,4,10.500000000000682,1.9285565568901941
recent_after_first80,whole_recent,recent24h|500ms|0|1|162,recent24h,500ms,0,PRIMARY,BUY,1790196475.184,11.315999984741211,5,11.73750000000041,-5.415662571796748
recent_after_first80,whole_recent,recent24h|500ms|0|1|163,recent24h,500ms,0,PRIMARY,BUY,1790196477.688,0.0,0,10.950000000000273,-4.5662029498742225
recent_after_first80,whole_recent,recent24h|500ms|0|1|164,recent24h,500ms,0,PRIMARY,BUY,1790196478.984,0.0,0,11.362499999999045,-3.693408855540428
recent_after_first80,whole_recent,recent24h|500ms|0|1|165,recent24h,500ms,0,PRIMARY,BUY,1790196481.2819998,0.0,0,11.362499999999045,0.9145642752311034
recent_after_first80,whole_recent,recent24h|500ms|0|1|166,recent24h,500ms,0,PRIMARY,BUY,1790196482.994,0.0,0,11.212499999999181,-1.4251386951159117
recent_after_first80,whole_recent,recent24h|500ms|0|1|167,recent24h,500ms,0,PRIMARY,BUY,1790196493.4540002,0.0,0,6.787500000001501,0.9086776190315204
recent_after_first80,whole_recent,recent24h|500ms|0|1|168,recent24h,500ms,0,PRIMARY,BUY,1790196495.663,0.0,0,7.050000000000408,1.4884092671728044
recent_after_first80,whole_recent,recent24h|500ms|0|1|169,recent24h,500ms,0,PRIMARY,BUY,1790196498.2649999,0.0,0,8.2124999999985,-1.8770897668298836
recent_after_first80,whole_recent,recent24h|500ms|0|1|169,recent24h,500ms,0,PRIMARY,BUY,1790196500.4689999,2.2039999961853027,1,7.5,-2.5751857619650105
recent_after_first80,whole_recent,recent24h|500ms|0|1|170,recent24h,500ms,0,PRIMARY,BUY,1790196503.472,0.0,0,7.087500000001228,-0.8893977285112253
recent_after_first80,whole_recent,recent24h|500ms|0|1|170,recent24h,500ms,0,PRIMARY,BUY,1790196505.872,2.4000000953674316,1,7.837500000000545,-0.9420381537033309
recent_after_first80,whole_recent,recent24h|500ms|0|1|171,recent24h,500ms,0,PRIMARY,BUY,1790196507.9390001,0.0,0,6.637500000001637,-1.009557051776684
recent_after_first80,whole_recent,recent24h|500ms|0|1|171,recent24h,500ms,0,PRIMARY,BUY,1790196509.9859998,2.04699969291687,1,7.124999999998636,-0.9459773950758545
recent_after_first80,whole_recent,recent24h|500ms|0|1|172,recent24h,500ms,0,PRIMARY,BUY,1790196512.481,0.0,0,7.012499999999591,-0.7299184742663456
recent_after_first80,whole_recent,recent24h|500ms|0|1|173,recent24h,500ms,0,PRIMARY,BUY,1790196514.431,0.0,0,8.549999999999045,-1.756341646949537
recent_after_first80,whole_recent,recent24h|500ms|0|1|174,recent24h,500ms,0,PRIMARY,BUY,1790196561.996,0.0,0,-4.575000000000955,6.849862666452837
recent_after_first80,whole_recent,recent24h|500ms|0|1|175,recent24h,500ms,0,PRIMARY,BUY,1790196563.496,0.0,0,-4.537500000000136,6.174147291350575
recent_after_first80,whole_recent,recent24h|500ms|0|1|176,recent24h,500ms,0,PRIMARY,BUY,1790196600.4540002,0.0,0,-6.562499999999999,4.62596003721338
recent_after_first80,whole_recent,recent24h|500ms|0|1|177,recent24h,500ms,0,PRIMARY,BUY,1790196605.8460002,0.0,0,-8.587499999999864,1.1593124641442543
recent_after_first80,whole_recent,recent24h|500ms|0|1|178,recent24h,500ms,0,PRIMARY,BUY,1790197249.961,0.0,0,-4.199999999999591,1.639902129839288
recent_after_first80,whole_recent,recent24h|500ms|0|1|178,recent24h,500ms,0,PRIMARY,BUY,1790197251.962,2.000999927520752,1,-4.987499999999727,-0.6822103542592004
recent_after_first80,whole_recent,recent24h|500ms|0|1|178,recent24h,500ms,0,PRIMARY,BUY,1790197254.485,4.523999929428101,2,-4.537500000000136,-1.3850464254025963
recent_after_first80,whole_recent,recent24h|500ms|0|1|179,recent24h,500ms,0,PRIMARY,BUY,1790197257.479,0.0,0,-5.625,2.3510443449738694
recent_after_first80,whole_recent,recent24h|500ms|0|1|180,recent24h,500ms,0,PRIMARY,BUY,1790197259.484,0.0,0,-5.062499999997954,-0.699179456042746
recent_after_first80,whole_recent,recent24h|500ms|0|1|181,recent24h,500ms,0,PRIMARY,BUY,1790197261.484,0.0,0,-5.999999999997954,-0.23033394060706153
recent_after_first80,whole_recent,recent24h|500ms|0|1|182,recent24h,500ms,0,PRIMARY,BUY,1790197263.533,0.0,0,-6.07499999999959,-1.186267946475489
recent_after_first80,whole_recent,recent24h|500ms|0|1|183,recent24h,500ms,0,PRIMARY,BUY,1790197264.99,0.0,0,-6.4499999999975435,0.7197773685599
recent_after_first80,whole_recent,recent24h|500ms|0|1|184,recent24h,500ms,0,PRIMARY,BUY,1790197267.947,0.0,0,-6.07499999999959,0.2100750050730885
recent_after_first80,whole_recent,recent24h|500ms|0|1|184,recent24h,500ms,0,PRIMARY,BUY,1790197269.948,2.000999927520752,1,-15.262499999998907,-0.765020599308619
recent_after_first80,whole_recent,recent24h|500ms|0|1|184,recent24h,500ms,0,PRIMARY,BUY,1790197272.458,4.510999917984009,2,-15.449999999999589,-1.2688138609666813
recent_after_first80,whole_recent,recent24h|500ms|0|1|184,recent24h,500ms,0,PRIMARY,BUY,1790197274.608,6.66100001335144,3,-15.299999999999727,-1.399336727625197
recent_after_first80,whole_recent,recent24h|500ms|0|1|184,recent24h,500ms,0,PRIMARY,BUY,1790197276.655,8.70799994468689,4,-15.487500000000411,-2.107293818228556
recent_after_first80,whole_recent,recent24h|500ms|0|1|184,recent24h,500ms,0,PRIMARY,BUY,1790197278.9129999,10.965999841690063,5,-15.525000000001228,-1.199394111620696
recent_after_first80,whole_recent,recent24h|500ms|0|1|185,recent24h,500ms,0,PRIMARY,BUY,1790197284.9299998,0.0,0,-15.187500000000682,-2.506684183133511
recent_after_first80,whole_recent,recent24h|500ms|0|1|186,recent24h,500ms,0,PRIMARY,SELL,1790203082.353,0.0,0,-12.937500000002727,-6.7745980279488185
recent_after_first80,whole_recent,recent24h|500ms|0|1|187,recent24h,500ms,0,PRIMARY,SELL,1790203083.959,0.0,0,-12.1875,-7.303849416677322
recent_after_first80,whole_recent,recent24h|500ms|0|1|188,recent24h,500ms,0,PRIMARY,SELL,1790203092.973,0.0,0,-14.250000000000682,-7.375662615101408
recent_after_first80,whole_recent,recent24h|500ms|0|1|189,recent24h,500ms,0,PRIMARY,SELL,1790203096.223,0.0,0,-13.61250000000041,-7.962568315634708
recent_after_first80,whole_recent,recent24h|500ms|0|1|189,recent24h,500ms,0,PRIMARY,SELL,1790203098.3260002,2.1030001640319824,1,-13.724999999999453,-5.303049649562383
recent_after_first80,whole_recent,recent24h|500ms|0|1|189,recent24h,500ms,0,PRIMARY,SELL,1790203100.332,4.108999967575073,2,-13.012500000000955,-7.308594859037623
recent_after_first80,whole_recent,recent24h|500ms|0|1|189,recent24h,500ms,0,PRIMARY,SELL,1790203102.9859998,6.762999773025513,3,-12.825000000000273,-6.137852600858386
recent_after_first80,whole_recent,recent24h|500ms|0|1|189,recent24h,500ms,0,PRIMARY,SELL,1790203104.987,8.763999938964844,4,-12.862500000001091,-6.870405996040108
recent_after_first80,whole_recent,recent24h|500ms|0|1|189,recent24h,500ms,0,PRIMARY,SELL,1790203107.094,10.871000051498413,5,-12.750000000002045,-7.022738723441056
recent_after_first80,whole_recent,recent24h|500ms|0|1|190,recent24h,500ms,0,PRIMARY,SELL,1790203110.445,0.0,0,-11.287500000000819,-4.906732945661936
recent_after_first80,whole_recent,recent24h|500ms|0|1|191,recent24h,500ms,0,PRIMARY,SELL,1790203113.6499999,0.0,0,-11.362500000002456,-5.420556686523447
recent_after_first80,whole_recent,recent24h|500ms|0|1|192,recent24h,500ms,0,PRIMARY,SELL,1790203133.976,0.0,0,-11.662500000002183,-6.599743227468865
recent_after_first80,whole_recent,recent24h|500ms|0|1|193,recent24h,500ms,0,PRIMARY,SELL,1790203136.982,0.0,0,-11.399999999999864,-1.2135995674469913
recent_after_first80,whole_recent,recent24h|500ms|0|1|194,recent24h,500ms,0,PRIMARY,SELL,1790203137.984,0.0,0,-11.51250000000232,-5.260441230636182
recent_after_first80,whole_recent,recent24h|500ms|0|1|194,recent24h,500ms,0,PRIMARY,SELL,1790203140.43,2.446000099182129,1,-12.037500000000136,-3.116927647860493
recent_after_first80,whole_recent,recent24h|500ms|0|1|195,recent24h,500ms,0,PRIMARY,BUY,1790227939.976,0.0,0,15.487500000000411,2.715703494435303
recent_after_first80,whole_recent,recent24h|500ms|0|1|196,recent24h,500ms,0,PRIMARY,BUY,1790227958.43,0.0,0,9.749999999997954,-1.3212562642913213
recent_after_first80,whole_recent,recent24h|500ms|0|1|197,recent24h,500ms,0,PRIMARY,BUY,1790228000.732,0.0,0,4.537500000000136,1.2788258174163496
recent_after_first80,whole_recent,recent24h|500ms|0|1|198,recent24h,500ms,0,PRIMARY,BUY,1790228007.393,0.0,0,5.587500000002592,1.469150358399519
recent_after_first80,whole_recent,recent24h|500ms|0|1|199,recent24h,500ms,0,PRIMARY,BUY,1790228037.4899998,0.0,0,-4.237500000000409,0.9959570202877099
recent_after_first80,whole_recent,recent24h|500ms|0|1|200,recent24h,500ms,0,PRIMARY,BUY,1790228039.339,0.0,0,-4.199999999999591,1.2205994779756808
recent_after_first80,whole_recent,recent24h|500ms|0|1|201,recent24h,500ms,0,PRIMARY,BUY,1790228500.332,0.0,0,-15.449999999999589,10.409233582349149
recent_after_first80,whole_recent,recent24h|500ms|0|1|202,recent24h,500ms,0,PRIMARY,BUY,1790228532.972,0.0,0,-15.0,3.5006343473807795
recent_after_first80,whole_recent,recent24h|500ms|0|1|203,recent24h,500ms,0,PRIMARY,BUY,1790228553.641,0.0,0,-5.325000000000273,3.9755536981348607
recent_after_first80,whole_recent,recent24h|500ms|0|1|204,recent24h,500ms,0,PRIMARY,BUY,1790228555.152,0.0,0,-5.250000000002046,5.305149589058495
recent_after_first80,whole_recent,recent24h|500ms|0|1|205,recent24h,500ms,0,PRIMARY,BUY,1790228559.456,0.0,0,-4.950000000002319,7.5277472429450105
recent_after_first80,whole_recent,recent24h|500ms|0|1|206,recent24h,500ms,0,PRIMARY,BUY,1790228594.0089998,0.0,0,-8.775000000000546,4.022082406081534
recent_after_first80,whole_recent,recent24h|500ms|0|2|207,recent24h,500ms,0,SECONDARY,SELL,1790230026.458,0.0,0,-15.0,-4.161349821394255
recent_after_first80,whole_recent,recent24h|500ms|0|1|208,recent24h,500ms,0,PRIMARY,SELL,1790240145.9169998,0.0,0,-3.562499999999318,1.149208920626935
recent_after_first80,whole_recent,recent24h|500ms|0|1|209,recent24h,500ms,0,PRIMARY,SELL,1790240149.922,0.0,0,-2.3625000000004093,4.232098763642422
recent_after_first80,whole_recent,recent24h|500ms|0|1|210,recent24h,500ms,0,PRIMARY,SELL,1790240150.9299998,0.0,0,-2.9624999999998636,-0.225992581366315
recent_after_first80,whole_recent,recent24h|500ms|0|1|211,recent24h,500ms,0,PRIMARY,SELL,1790240168.412,0.0,0,-15.187500000000682,1.3606850065185756
recent_after_first80,whole_recent,recent24h|500ms|0|1|212,recent24h,500ms,0,PRIMARY,SELL,1790240170.155,0.0,0,-15.149999999999864,-3.0819201410350114
recent_after_first80,whole_recent,recent24h|500ms|0|1|213,recent24h,500ms,0,PRIMARY,SELL,1790240172.257,0.0,0,-15.824999999997543,1.3681341915987708
recent_after_first80,whole_recent,recent24h|500ms|0|1|214,recent24h,500ms,0,PRIMARY,SELL,1790240173.3100002,0.0,0,-16.087499999999864,1.9308673078727678
recent_after_first80,whole_recent,recent24h|500ms|0|1|215,recent24h,500ms,0,PRIMARY,SELL,1790240177.474,0.0,0,-15.824999999997543,0.8789363903570998
recent_after_first80,whole_recent,recent24h|500ms|0|1|216,recent24h,500ms,0,PRIMARY,SELL,1790240178.018,0.0,0,-15.149999999999864,0.8789363903570998
recent_after_first80,whole_recent,recent24h|500ms|0|1|217,recent24h,500ms,0,PRIMARY,SELL,1790240180.92,0.0,0,-15.037499999997408,0.8789363903570998
recent_after_first80,whole_recent,recent24h|500ms|0|1|218,recent24h,500ms,0,PRIMARY,SELL,1790240182.23,0.0,0,-15.7124999999985,4.1140781040172145
recent_after_first80,whole_recent,recent24h|500ms|0|1|219,recent24h,500ms,0,PRIMARY,SELL,1790240187.3820002,0.0,0,-15.22499999999809,1.0641710775704916
recent_after_first80,whole_recent,recent24h|500ms|0|1|220,recent24h,500ms,0,PRIMARY,SELL,1790240188.936,0.0,0,-15.149999999999864,-0.08546557201824778
recent_after_first80,whole_recent,recent24h|500ms|0|1|221,recent24h,500ms,0,PRIMARY,SELL,1790240191.885,0.0,0,-15.562499999998636,1.0981761143425661
recent_after_first80,whole_recent,recent24h|500ms|0|1|222,recent24h,500ms,0,PRIMARY,SELL,1790240193.141,0.0,0,-15.037499999997408,-1.865899517058072
recent_after_first80,whole_recent,recent24h|500ms|0|1|223,recent24h,500ms,0,PRIMARY,SELL,1790240196.449,0.0,0,-16.049999999999045,4.086317370752041
recent_after_first80,whole_recent,recent24h|500ms|0|1|224,recent24h,500ms,0,PRIMARY,SELL,1790240198.999,0.0,0,-15.187499999997272,2.5110389955979713
recent_after_first80,whole_recent,recent24h|500ms|0|1|225,recent24h,500ms,0,PRIMARY,SELL,1790240200.752,0.0,0,-15.262499999998907,2.9522956362934596
recent_after_first80,whole_recent,recent24h|500ms|0|1|226,recent24h,500ms,0,PRIMARY,SELL,1790240202.8009999,0.0,0,-15.487500000000411,4.509097022205199
recent_after_first80,whole_recent,recent24h|500ms|0|1|227,recent24h,500ms,0,PRIMARY,SELL,1790240204.7059999,0.0,0,-15.149999999999864,3.605915034188546
recent_after_first80,whole_recent,recent24h|500ms|0|1|228,recent24h,500ms,0,PRIMARY,SELL,1790240206.309,0.0,0,-15.037499999997408,2.5409784940401843
recent_after_first80,whole_recent,recent24h|500ms|0|1|229,recent24h,500ms,0,PRIMARY,SELL,1790240207.309,0.0,0,-15.037499999997408,2.968509751873491
recent_after_first80,whole_recent,recent24h|500ms|0|1|230,recent24h,500ms,0,PRIMARY,SELL,1790240210.968,0.0,0,-15.187500000000682,3.363457125995092
recent_after_first80,whole_recent,recent24h|500ms|0|1|231,recent24h,500ms,0,PRIMARY,SELL,1790240211.665,0.0,0,-15.449999999999589,4.3821094156202625
recent_after_first80,whole_recent,recent24h|500ms|0|1|232,recent24h,500ms,0,PRIMARY,SELL,1790240216.927,0.0,0,-15.0,3.3404757910269454
recent_after_first80,whole_recent,recent24h|500ms|0|1|233,recent24h,500ms,0,PRIMARY,SELL,1790240218.325,0.0,0,-15.487500000000411,4.084278760597313
recent_after_first80,whole_recent,recent24h|500ms|0|1|234,recent24h,500ms,0,PRIMARY,SELL,1790240219.8830001,0.0,0,-15.262499999998907,3.6567475027640075
recent_after_first80,whole_recent,recent24h|500ms|0|1|235,recent24h,500ms,0,PRIMARY,SELL,1790240222.983,0.0,0,-15.262499999998907,3.989572025537254
recent_after_first80,whole_recent,recent24h|500ms|0|1|236,recent24h,500ms,0,PRIMARY,SELL,1790240227.948,0.0,0,-15.187500000000682,15.975929573205544
recent_after_first80,whole_recent,recent24h|500ms|0|1|237,recent24h,500ms,0,PRIMARY,SELL,1790240232.401,0.0,0,-15.037500000000819,9.734000997826794
recent_after_first80,whole_recent,recent24h|500ms|0|1|238,recent24h,500ms,0,PRIMARY,SELL,1790240235.1660001,0.0,0,-15.0,10.684915022887612
recent_after_first80,whole_recent,recent24h|500ms|0|1|239,recent24h,500ms,0,PRIMARY,SELL,1790240251.9750001,0.0,0,-15.075000000001635,11.600833988867993
recent_after_first80,whole_recent,recent24h|500ms|0|1|240,recent24h,500ms,0,PRIMARY,SELL,1790240253.421,0.0,0,-15.637500000000271,15.537162624301562
recent_after_first80,whole_recent,recent24h|500ms|0|1|241,recent24h,500ms,0,PRIMARY,SELL,1790240254.3219998,0.0,0,-15.112500000002456,12.901414787980052
recent_after_first80,whole_recent,recent24h|500ms|0|1|242,recent24h,500ms,0,PRIMARY,SELL,1790240255.724,0.0,0,-15.599999999999454,11.05039001891577
recent_after_first80,whole_recent,recent24h|500ms|0|1|243,recent24h,500ms,0,PRIMARY,SELL,1790240257.181,0.0,0,-15.0,7.640606869250853
recent_after_first80,whole_recent,recent24h|500ms|0|1|244,recent24h,500ms,0,PRIMARY,SELL,1790240260.28,0.0,0,-15.037499999997408,8.366551153649416
recent_after_first80,whole_recent,recent24h|500ms|0|1|245,recent24h,500ms,0,PRIMARY,SELL,1790240329.3409998,0.0,0,-10.874999999998636,-4.511533297864779
recent_after_first80,whole_recent,recent24h|500ms|0|1|246,recent24h,500ms,0,PRIMARY,SELL,1790240338.4620001,0.0,0,-11.662499999998772,1.3333269121720333
recent_after_first80,whole_recent,recent24h|500ms|0|1|247,recent24h,500ms,0,PRIMARY,SELL,1790240340.356,0.0,0,-11.174999999998363,1.965094322628662
recent_after_first80,whole_recent,recent24h|500ms|0|1|248,recent24h,500ms,0,PRIMARY,SELL,1790240343.016,0.0,0,-10.53749999999809,5.623141249682553
recent_after_first80,whole_recent,recent24h|500ms|0|1|248,recent24h,500ms,0,PRIMARY,SELL,1790240345.4190001,2.4030001163482666,1,-10.98749999999768,6.356110713243338
recent_after_first80,whole_recent,recent24h|500ms|0|1|248,recent24h,500ms,0,PRIMARY,SELL,1790240347.924,4.9079999923706055,2,-11.287499999997408,7.060804980405494
recent_after_first80,whole_recent,recent24h|500ms|0|1|249,recent24h,500ms,0,PRIMARY,SELL,1790240348.728,0.0,0,-12.224999999997408,4.3540070412326655
recent_after_first80,whole_recent,recent24h|500ms|0|1|250,recent24h,500ms,0,PRIMARY,SELL,1790240349.6729999,0.0,0,-11.137499999997544,7.49969063229666
recent_after_first80,whole_recent,recent24h|500ms|0|1|251,recent24h,500ms,0,PRIMARY,SELL,1790240352.726,0.0,0,-13.124999999999998,0.03353801999786464
recent_after_first80,whole_recent,recent24h|500ms|0|1|252,recent24h,500ms,0,PRIMARY,SELL,1790243248.941,0.0,0,-9.562500000000682,-0.5631053971498152
recent_after_first80,whole_recent,recent24h|500ms|0|1|253,recent24h,500ms,0,PRIMARY,SELL,1790243249.839,0.0,0,-10.162500000000136,-1.4786897119217142
recent_after_first80,whole_recent,recent24h|500ms|0|1|254,recent24h,500ms,0,PRIMARY,SELL,1790243327.664,0.0,0,-9.000000000002046,10.175213601255841
recent_after_first80,whole_recent,recent24h|500ms|0|1|255,recent24h,500ms,0,PRIMARY,SELL,1790243331.316,0.0,0,-9.037500000002865,3.3653440367697187
recent_after_first80,whole_recent,recent24h|500ms|0|1|256,recent24h,500ms,0,PRIMARY,SELL,1790243332.113,0.0,0,-8.812500000001364,8.112601090918398
recent_after_first80,whole_recent,recent24h|500ms|0|1|257,recent24h,500ms,0,PRIMARY,SELL,1790243362.407,0.0,0,-9.225000000000136,1.9698593824518316
recent_after_first80,whole_recent,recent24h|500ms|0|1|258,recent24h,500ms,0,PRIMARY,SELL,1790243366.96,0.0,0,-8.4375,2.232294697619073
recent_after_first80,whole_recent,recent24h|500ms|0|1|259,recent24h,500ms,0,PRIMARY,SELL,1790243371.167,0.0,0,-8.137500000000273,8.786617559883393
recent_after_first80,whole_recent,recent24h|500ms|0|1|260,recent24h,500ms,0,PRIMARY,SELL,1790243375.3779998,0.0,0,-9.300000000001774,4.325821556175993
recent_after_first80,whole_recent,recent24h|500ms|0|1|260,recent24h,500ms,0,PRIMARY,SELL,1790243377.733,2.3550002574920654,1,-9.112500000001091,13.595583607904546
recent_after_first80,whole_recent,recent24h|500ms|0|1|261,recent24h,500ms,0,PRIMARY,BUY,1790244962.46,0.0,0,-5.212500000001228,2.115203575196776
recent_after_first80,whole_recent,recent24h|500ms|0|1|262,recent24h,500ms,0,PRIMARY,BUY,1790244967.961,0.0,0,-5.175000000000409,-0.7799972893115792
recent_after_first80,whole_recent,recent24h|500ms|0|1|263,recent24h,500ms,0,PRIMARY,BUY,1790244969.764,0.0,0,-3.97499999999809,-1.0946093565990405
recent_after_first80,whole_recent,recent24h|500ms|0|1|263,recent24h,500ms,0,PRIMARY,BUY,1790244971.924,2.1600000858306885,1,-4.425000000001091,-1.0165676467501472
recent_after_first80,whole_recent,recent24h|500ms|0|1|264,recent24h,500ms,0,PRIMARY,BUY,1790244972.868,0.0,0,-5.099999999998772,-1.3248270124103805
recent_after_first80,whole_recent,recent24h|500ms|0|1|265,recent24h,500ms,0,PRIMARY,BUY,1790244974.7710001,0.0,0,-5.6625000000008185,-1.1137332945969252
recent_after_first80,whole_recent,recent24h|500ms|0|1|266,recent24h,500ms,0,PRIMARY,BUY,1790244975.875,0.0,0,-6.374999999999317,-2.1854568060678443
recent_after_first80,whole_recent,recent24h|500ms|0|1|267,recent24h,500ms,0,PRIMARY,BUY,1790244977.224,0.0,0,-5.774999999999864,-2.5952163752543873
recent_after_first80,whole_recent,recent24h|500ms|0|1|268,recent24h,500ms,0,PRIMARY,BUY,1790244979.4819999,0.0,0,-6.300000000001091,1.0356335292181091
recent_after_first80,whole_recent,recent24h|500ms|0|1|269,recent24h,500ms,0,PRIMARY,BUY,1790244982.9910002,0.0,0,-6.6000000000008185,-3.3482867202490727
recent_after_first80,whole_recent,recent24h|500ms|0|1|270,recent24h,500ms,0,PRIMARY,BUY,1790244983.535,0.0,0,-6.78749999999809,-2.0316002470901364
recent_after_first80,whole_recent,recent24h|500ms|0|1|271,recent24h,500ms,0,PRIMARY,BUY,1790244987.44,0.0,0,-15.449999999999589,-3.899085094343135
recent_after_first80,whole_recent,recent24h|500ms|0|1|272,recent24h,500ms,0,PRIMARY,BUY,1790244989.0860002,0.0,0,-15.299999999999727,-3.254669799327363
recent_after_first80,whole_recent,recent24h|500ms|0|1|273,recent24h,500ms,0,PRIMARY,BUY,1790244991.443,0.0,0,-15.187499999997272,-4.099027710347634
recent_after_first80,whole_recent,recent24h|500ms|0|1|273,recent24h,500ms,0,PRIMARY,BUY,1790244993.4529998,2.0099997520446777,1,-15.074999999998225,-3.7669396570571747
recent_after_first80,whole_recent,recent24h|500ms|0|1|274,recent24h,500ms,0,PRIMARY,BUY,1790244994.492,0.0,0,-15.0,-3.95929615225408
recent_after_first80,whole_recent,recent24h|500ms|0|1|275,recent24h,500ms,0,PRIMARY,BUY,1790244996.499,0.0,0,-15.825000000000953,-4.084806092073217
recent_after_first80,whole_recent,recent24h|500ms|0|1|276,recent24h,500ms,0,PRIMARY,BUY,1790244999.655,0.0,0,-15.862500000001772,-4.540058930224188
recent_after_first80,whole_recent,recent24h|500ms|0|1|276,recent24h,500ms,0,PRIMARY,BUY,1790245001.962,2.306999921798706,1,-15.299999999999727,-3.035468820122866
recent_after_first80,whole_recent,recent24h|500ms|0|1|277,recent24h,500ms,0,PRIMARY,BUY,1790245005.3630002,0.0,0,-15.262499999998907,-3.035468820122866
recent_after_first80,whole_recent,recent24h|500ms|0|1|278,recent24h,500ms,0,PRIMARY,BUY,1790245008.892,0.0,0,-15.037500000000819,-2.5545802347734186
recent_after_first80,whole_recent,recent24h|500ms|0|1|279,recent24h,500ms,0,PRIMARY,BUY,1790245010.424,0.0,0,-15.037500000000819,-3.035468820122866
recent_after_first80,whole_recent,recent24h|500ms|0|1|280,recent24h,500ms,0,PRIMARY,BUY,1790245015.997,0.0,0,-15.787500000000136,-4.35068497572115
recent_after_first80,whole_recent,recent24h|500ms|0|1|281,recent24h,500ms,0,PRIMARY,BUY,1790245017.39,0.0,0,-15.112499999999045,-4.607042489522444
recent_after_first80,whole_recent,recent24h|500ms|0|1|282,recent24h,500ms,0,PRIMARY,BUY,1790245018.9350002,0.0,0,-15.2250000000015,0.3827150131026179
recent_after_first80,whole_recent,recent24h|500ms|0|1|283,recent24h,500ms,0,PRIMARY,BUY,1790245023.94,0.0,0,-15.075000000001635,-2.864192319840579
recent_after_first80,whole_recent,recent24h|500ms|0|1|284,recent24h,500ms,0,PRIMARY,BUY,1790245109.474,0.0,0,-8.737499999999727,-0.7160693047420956
recent_after_first80,whole_recent,recent24h|500ms|0|1|285,recent24h,500ms,0,PRIMARY,BUY,1790245121.484,0.0,0,-8.325000000000955,-0.5062590238531519
recent_after_first80,whole_recent,recent24h|500ms|0|1|286,recent24h,500ms,0,PRIMARY,BUY,1790245127.4910002,0.0,0,-8.325000000000955,-2.189401422942716
recent_after_first80,whole_recent,recent24h|500ms|0|1|287,recent24h,500ms,0,PRIMARY,BUY,1790245131.951,0.0,0,-8.325000000000955,-1.4108736850105188
recent_after_first80,whole_recent,recent24h|500ms|0|1|288,recent24h,500ms,0,PRIMARY,BUY,1790245158.3219998,0.0,0,-10.050000000001091,-1.254385220417882
recent_after_first80,whole_recent,recent24h|500ms|0|1|289,recent24h,500ms,0,PRIMARY,BUY,1790245159.924,0.0,0,-10.0874999999985,-1.2120802109167663
recent_after_first80,whole_recent,recent24h|500ms|0|1|290,recent24h,500ms,0,PRIMARY,BUY,1790245160.976,0.0,0,-10.80000000000041,-0.2811238738973009
recent_after_first80,whole_recent,recent24h|500ms|0|1|291,recent24h,500ms,0,PRIMARY,BUY,1790245175.2499998,0.0,0,-10.237499999998363,-1.1718685075029904
recent_after_first80,whole_recent,recent24h|500ms|0|1|292,recent24h,500ms,0,PRIMARY,BUY,1790245790.994,0.0,0,-6.450000000000955,5.249192913499223
recent_after_first80,whole_recent,recent24h|500ms|0|1|293,recent24h,500ms,0,PRIMARY,BUY,1790245792.392,0.0,0,-7.7250000000015,4.305140560624332
recent_after_first80,whole_recent,recent24h|500ms|0|1|294,recent24h,500ms,0,PRIMARY,BUY,1790245794.895,0.0,0,-7.425000000001773,4.327370448998983
recent_after_first80,whole_recent,recent24h|500ms|0|1|295,recent24h,500ms,0,PRIMARY,BUY,1790245795.901,0.0,0,-7.5,3.153912601479664
recent_after_first80,whole_recent,recent24h|500ms|0|1|295,recent24h,500ms,0,PRIMARY,BUY,1790245799.96,4.059000015258789,1,-7.387500000000955,8.292224832635466
recent_after_first80,whole_recent,recent24h|500ms|0|1|296,recent24h,500ms,0,PRIMARY,BUY,1790245974.468,0.0,0,-14.55000000000041,-3.4494087634996506
recent_after_first80,whole_recent,recent24h|500ms|0|1|297,recent24h,500ms,0,PRIMARY,BUY,1790245975.3209999,0.0,0,-14.850000000000135,-3.8533122246259355
recent_after_first80,whole_recent,recent24h|500ms|0|1|298,recent24h,500ms,0,PRIMARY,BUY,1790245976.471,0.0,0,-14.212499999999864,-4.1717561150201625
recent_after_first80,whole_recent,recent24h|500ms|0|1|299,recent24h,500ms,0,PRIMARY,BUY,1790245986.739,0.0,0,-14.625000000002046,-4.114250953035327
recent_after_first80,whole_recent,recent24h|500ms|0|1|300,recent24h,500ms,0,PRIMARY,BUY,1790245996.197,0.0,0,-15.750000000002728,-3.5010846400441222
recent_after_first80,whole_recent,recent24h|500ms|0|1|301,recent24h,500ms,0,PRIMARY,BUY,1790245999.402,0.0,0,-16.049999999999045,-3.7840935385924053
recent_after_first80,whole_recent,recent24h|500ms|0|1|302,recent24h,500ms,0,PRIMARY,BUY,1790246000.754,0.0,0,-15.0,-4.261583048673877
recent_after_first80,whole_recent,recent24h|500ms|0|1|303,recent24h,500ms,0,PRIMARY,BUY,1790246001.7059999,0.0,0,-15.487500000000411,-4.561804023149647
recent_after_first80,whole_recent,recent24h|500ms|0|1|304,recent24h,500ms,0,PRIMARY,BUY,1790246003.376,0.0,0,-15.112500000002456,-4.397334986119326
recent_after_first80,whole_recent,recent24h|500ms|0|1|305,recent24h,500ms,0,PRIMARY,BUY,1790246012.112,0.0,0,-15.299999999999727,-4.266570028343572
recent_after_first80,whole_recent,recent24h|500ms|0|1|306,recent24h,500ms,0,PRIMARY,BUY,1790246022.4,0.0,0,-15.2250000000015,-3.8664696940610246
recent_after_first80,whole_recent,recent24h|500ms|0|1|307,recent24h,500ms,0,PRIMARY,BUY,1790246023.452,0.0,0,-15.112499999999045,-3.71244780627924
recent_after_first80,whole_recent,recent24h|500ms|0|1|308,recent24h,500ms,0,PRIMARY,BUY,1790246028.99,0.0,0,-15.075000000001635,-5.339845285287316
recent_after_first80,whole_recent,recent24h|500ms|0|3|309,recent24h,500ms,0,MICRO,BUY,1790247697.938,0.0,0,-2.887500000001637,13.897373922537207
recent_after_first80,whole_recent,recent24h|500ms|0|1|310,recent24h,500ms,0,PRIMARY,SELL,1790248961.94,0.0,0,-15.787500000000136,2.2649303615615484
recent_after_first80,whole_recent,recent24h|500ms|0|1|311,recent24h,500ms,0,PRIMARY,SELL,1790248968.448,0.0,0,-16.087499999999864,0.6232273648300612
recent_after_first80,whole_recent,recent24h|500ms|0|1|312,recent24h,500ms,0,PRIMARY,SELL,1790248969.549,0.0,0,-16.087499999999864,2.9456151076522965
recent_after_first80,whole_recent,recent24h|500ms|0|1|313,recent24h,500ms,0,PRIMARY,SELL,1790248971.853,0.0,0,-5.362500000001091,1.3098319903656201
recent_after_first80,whole_recent,recent24h|500ms|0|1|314,recent24h,500ms,0,PRIMARY,SELL,1790249071.474,0.0,0,-15.187499999997272,-1.706428155757756
recent_after_first80,whole_recent,recent24h|500ms|0|1|315,recent24h,500ms,0,PRIMARY,SELL,1790249073.9750001,0.0,0,-16.087499999999864,-1.4311880941874504
recent_after_first80,whole_recent,recent24h|500ms|0|1|316,recent24h,500ms,0,PRIMARY,SELL,1790249075.633,0.0,0,-15.299999999999727,1.9944460574846026
recent_after_first80,whole_recent,recent24h|500ms|0|1|317,recent24h,500ms,0,PRIMARY,SELL,1790249079.484,0.0,0,-18.000000000000682,2.322548274288306
recent_after_first80,whole_recent,recent24h|500ms|0|1|318,recent24h,500ms,0,PRIMARY,SELL,1790249081.9859998,0.0,0,-16.800000000001774,4.316461509102619
recent_after_first80,whole_recent,recent24h|500ms|0|1|319,recent24h,500ms,0,PRIMARY,SELL,1790249087.445,0.0,0,-15.337499999997135,0.14752541841699063
recent_after_first80,whole_recent,recent24h|500ms|0|1|320,recent24h,500ms,0,PRIMARY,SELL,1790249088.4950001,0.0,0,-15.825000000000953,-2.439371710235551
recent_after_first80,whole_recent,recent24h|500ms|0|1|321,recent24h,500ms,0,PRIMARY,SELL,1790249094.949,0.0,0,-19.19999999999959,-3.112461833624611
recent_after_first80,whole_recent,recent24h|500ms|0|1|322,recent24h,500ms,0,PRIMARY,SELL,1790249130.9910002,0.0,0,-15.0,-7.473984703631252
recent_after_first80,whole_recent,recent24h|500ms|0|1|323,recent24h,500ms,0,PRIMARY,SELL,1790249137.993,0.0,0,-15.337500000000546,-5.170514088256524
recent_after_first80,whole_recent,recent24h|500ms|0|1|324,recent24h,500ms,0,PRIMARY,SELL,1790249153.952,0.0,0,-16.1625000000015,-6.505294689135245
recent_after_first80,whole_recent,recent24h|500ms|0|1|325,recent24h,500ms,0,PRIMARY,SELL,1790249166.98,0.0,0,-15.112499999999045,-2.434745749447782
recent_after_first80,whole_recent,recent24h|500ms|0|1|326,recent24h,500ms,0,PRIMARY,SELL,1790249169.483,0.0,0,-15.562499999998636,-3.2233992450413096
recent_after_first80,whole_recent,recent24h|500ms|0|1|327,recent24h,500ms,0,PRIMARY,SELL,1790249172.441,0.0,0,-15.862500000001772,-2.9434792025155034
recent_after_first80,whole_recent,recent24h|500ms|0|1|328,recent24h,500ms,0,PRIMARY,SELL,1790249183.996,0.0,0,-15.112500000002456,-2.4728582558934984
recent_after_first80,whole_recent,recent24h|500ms|0|1|329,recent24h,500ms,0,PRIMARY,SELL,1790249188.4129999,0.0,0,-15.825000000000953,-2.5376237116616815
recent_after_first80,whole_recent,recent24h|500ms|0|1|330,recent24h,500ms,0,PRIMARY,SELL,1790249190.319,0.0,0,-15.0,-3.791728731148101
recent_after_first80,whole_recent,recent24h|500ms|0|1|331,recent24h,500ms,0,PRIMARY,SELL,1790249195.766,0.0,0,-15.037500000000819,-6.227818164851175
recent_after_first80,whole_recent,recent24h|500ms|0|1|332,recent24h,500ms,0,PRIMARY,SELL,1790249196.921,0.0,0,-15.187500000000682,-6.202537853830533
recent_after_first80,whole_recent,recent24h|500ms|0|1|333,recent24h,500ms,0,PRIMARY,SELL,1790249200.4750001,0.0,0,-15.187499999997272,-6.847192966172581
recent_after_first80,whole_recent,recent24h|500ms|0|1|334,recent24h,500ms,0,PRIMARY,SELL,1790249206.983,0.0,0,-15.2250000000015,-4.720976812466236
recent_after_first80,whole_recent,recent24h|500ms|0|1|335,recent24h,500ms,0,PRIMARY,SELL,1790249215.4899998,0.0,0,-15.187500000000682,-2.486458675523483
recent_after_first80,whole_recent,recent24h|500ms|0|1|336,recent24h,500ms,0,PRIMARY,SELL,1790249216.8430002,0.0,0,-15.525000000001228,-4.479514093751163
recent_after_first80,whole_recent,recent24h|500ms|0|1|337,recent24h,500ms,0,PRIMARY,SELL,1790249309.804,0.0,0,-15.112500000002456,0.03498509043034969
recent_after_first80,whole_recent,recent24h|500ms|0|1|338,recent24h,500ms,0,PRIMARY,SELL,1790249311.8620002,0.0,0,-15.0,-4.580093718394196
recent_after_first80,whole_recent,recent24h|500ms|0|1|339,recent24h,500ms,0,PRIMARY,SELL,1790249313.467,0.0,0,-15.0,-1.5345957505076226
recent_after_first80,whole_recent,recent24h|500ms|0|1|340,recent24h,500ms,0,PRIMARY,SELL,1790249323.928,0.0,0,-15.075000000001635,-5.513762431287873
recent_after_first80,whole_recent,recent24h|500ms|0|1|341,recent24h,500ms,0,PRIMARY,SELL,1790249328.4750001,0.0,0,-15.375000000001364,-4.094816440662289
recent_after_first80,whole_recent,recent24h|500ms|0|1|342,recent24h,500ms,0,PRIMARY,SELL,1790249332.477,0.0,0,-15.075000000001635,-4.201163358122458
recent_after_first80,whole_recent,recent24h|500ms|0|1|343,recent24h,500ms,0,PRIMARY,SELL,1790249336.4339998,0.0,0,-15.562500000002046,-4.940380391362486
recent_after_first80,whole_recent,recent24h|500ms|0|1|344,recent24h,500ms,0,PRIMARY,SELL,1790249355.764,0.0,0,-15.187499999997272,3.1217395102566754
recent_after_first80,whole_recent,recent24h|500ms|0|3|345,recent24h,500ms,0,MICRO,BUY,1790249523.4659998,0.0,0,-5.325000000000273,0.15014093849449545
recent_after_first80,whole_recent,recent24h|500ms|0|3|346,recent24h,500ms,0,MICRO,BUY,1790249526.312,0.0,0,-3.2249999999987717,1.3092620676920568
recent_after_first80,whole_recent,recent24h|500ms|0|1|347,recent24h,500ms,0,PRIMARY,SELL,1790249787.983,0.0,0,-15.075000000001635,7.480341436276063
recent_after_first80,whole_recent,recent24h|500ms|0|1|348,recent24h,500ms,0,PRIMARY,SELL,1790249788.927,0.0,0,-15.187500000000682,6.62277221597791
recent_after_first80,whole_recent,recent24h|500ms|0|1|349,recent24h,500ms,0,PRIMARY,SELL,1790249790.4780002,0.0,0,-15.7124999999985,7.561283287475477
recent_after_first80,whole_recent,recent24h|500ms|0|1|350,recent24h,500ms,0,PRIMARY,SELL,1790249792.28,0.0,0,-15.262499999998907,7.565838305914206
recent_after_first80,whole_recent,recent24h|500ms|0|1|351,recent24h,500ms,0,PRIMARY,SELL,1790249793.929,0.0,0,-15.074999999998225,7.90598160040225
recent_after_first80,whole_recent,recent24h|500ms|0|1|352,recent24h,500ms,0,PRIMARY,SELL,1790249795.43,0.0,0,-1.049999999999045,9.1113237412909
recent_after_first80,whole_recent,recent24h|500ms|0|1|353,recent24h,500ms,0,PRIMARY,SELL,1790249801.4910002,0.0,0,-15.112499999999045,11.2150941452376
recent_after_first80,whole_recent,recent24h|500ms|0|1|354,recent24h,500ms,0,PRIMARY,SELL,1790249805.848,0.0,0,-2.3249999999995907,11.617870250015518
recent_after_first80,whole_recent,recent24h|500ms|0|1|355,recent24h,500ms,0,PRIMARY,SELL,1790249807.951,0.0,0,-0.7499999999993179,11.412099377961656
recent_after_first80,whole_recent,recent24h|500ms|0|1|356,recent24h,500ms,0,PRIMARY,SELL,1790249814.963,0.0,0,-15.412500000002183,8.691988926390358
recent_after_first80,whole_recent,recent24h|500ms|0|1|357,recent24h,500ms,0,PRIMARY,SELL,1790249821.375,0.0,0,-15.187500000000682,4.71780055116403
recent_after_first80,whole_recent,recent24h|500ms|0|1|358,recent24h,500ms,0,PRIMARY,SELL,1790249823.477,0.0,0,-15.149999999999864,12.03204869694693
recent_after_first80,whole_recent,recent24h|500ms|0|1|359,recent24h,500ms,0,PRIMARY,SELL,1790249832.483,0.0,0,-15.974999999997408,6.1799407987389925
recent_after_first80,whole_recent,recent24h|500ms|0|1|360,recent24h,500ms,0,PRIMARY,SELL,1790249837.4889998,0.0,0,-15.037499999997408,8.731602363872318
recent_after_first80,whole_recent,recent24h|500ms|0|1|361,recent24h,500ms,0,PRIMARY,SELL,1790249838.99,0.0,0,-15.074999999998225,8.961587524041473
recent_after_first80,whole_recent,recent24h|500ms|0|1|362,recent24h,500ms,0,PRIMARY,SELL,1790249839.9420002,0.0,0,-15.825000000000953,3.8696505746147563
recent_after_first80,whole_recent,recent24h|500ms|0|1|363,recent24h,500ms,0,PRIMARY,SELL,1790249842.945,0.0,0,-15.975000000000819,1.5966987166330509
recent_after_first80,whole_recent,recent24h|500ms|0|1|364,recent24h,500ms,0,PRIMARY,SELL,1790249852.607,0.0,0,-15.487500000000411,17.885857855428064
recent_after_first80,whole_recent,recent24h|500ms|0|1|365,recent24h,500ms,0,PRIMARY,SELL,1790249865.976,0.0,0,-15.412500000002183,2.99796955256789
recent_after_first80,whole_recent,recent24h|500ms|0|1|366,recent24h,500ms,0,PRIMARY,SELL,1790249868.224,0.0,0,-15.112500000002456,7.014447623215149
recent_after_first80,whole_recent,recent24h|500ms|0|4|367,recent24h,500ms,0,BURST,BUY,1790251280.4329998,0.0,0,-0.1875000000006821,13.753930142955475
recent_after_first80,whole_recent,recent24h|500ms|0|1|368,recent24h,500ms,0,PRIMARY,SELL,1790253075.855,0.0,0,-15.22499999999809,-4.874562065889946
recent_after_first80,whole_recent,recent24h|500ms|0|1|369,recent24h,500ms,0,PRIMARY,SELL,1790253504.9689999,0.0,0,-8.550000000002456,4.25231045992223
recent_after_first80,whole_recent,recent24h|500ms|0|1|370,recent24h,500ms,0,PRIMARY,SELL,1790253507.925,0.0,0,-7.5,3.1694503954672317
recent_after_first80,whole_recent,recent24h|500ms|0|1|371,recent24h,500ms,0,PRIMARY,SELL,1790253509.374,0.0,0,-7.3125000000027285,2.1099522995611806
recent_after_first80,whole_recent,recent24h|500ms|0|1|372,recent24h,500ms,0,PRIMARY,SELL,1790253684.481,0.0,0,7.012499999999591,5.576963265336754
recent_after_first80,whole_recent,recent24h|500ms|0|1|373,recent24h,500ms,0,PRIMARY,SELL,1790253700.395,0.0,0,2.849999999997408,0.6161049493124873
recent_after_first80,whole_recent,recent24h|500ms|0|1|374,recent24h,500ms,0,PRIMARY,SELL,1790253706.5049999,0.0,0,3.450000000000273,0.16916421931112038
recent_after_first80,whole_recent,recent24h|500ms|0|1|375,recent24h,500ms,0,PRIMARY,SELL,1790253731.743,0.0,0,1.2750000000005457,-2.233951331925665
recent_after_first80,whole_recent,recent24h|500ms|0|1|376,recent24h,500ms,0,PRIMARY,SELL,1790253735.759,0.0,0,0.7875000000001364,-3.27748387731367
recent_after_first80,whole_recent,recent24h|500ms|0|1|377,recent24h,500ms,0,PRIMARY,SELL,1790253741.499,0.0,0,-0.22500000000150064,-2.2463356819039273
recent_after_first80,whole_recent,recent24h|500ms|0|1|378,recent24h,500ms,0,PRIMARY,SELL,1790253804.46,0.0,0,-15.075000000001635,2.0555659467322482
recent_after_first80,whole_recent,recent24h|500ms|0|1|379,recent24h,500ms,0,PRIMARY,SELL,1790253806.869,0.0,0,-5.887499999998909,0.892708456931989
recent_after_first80,whole_recent,recent24h|500ms|0|1|379,recent24h,500ms,0,PRIMARY,SELL,1790253809.47,2.6010000705718994,1,-6.412500000000136,-1.3302111399131287
recent_after_first80,whole_recent,recent24h|500ms|0|1|380,recent24h,500ms,0,PRIMARY,SELL,1790253810.9740002,0.0,0,-15.075000000001635,-2.395286284925861
recent_after_first80,whole_recent,recent24h|500ms|0|1|381,recent24h,500ms,0,PRIMARY,SELL,1790253814.972,0.0,0,-15.149999999999864,-0.7167235240806471
recent_after_first80,whole_recent,recent24h|500ms|0|1|382,recent24h,500ms,0,PRIMARY,SELL,1790253816.978,0.0,0,-15.037500000000819,-3.2908018124141485
recent_after_first80,whole_recent,recent24h|500ms|0|1|383,recent24h,500ms,0,PRIMARY,SELL,1790253818.983,0.0,0,-15.112499999999045,-4.3804593713341955
recent_after_first80,whole_recent,recent24h|500ms|0|1|384,recent24h,500ms,0,PRIMARY,SELL,1790253820.981,0.0,0,-15.299999999999727,0.8288708381708392
recent_after_first80,whole_recent,recent24h|500ms|0|1|385,recent24h,500ms,0,PRIMARY,SELL,1790253824.7859998,0.0,0,-15.299999999999727,-5.790733385080078
recent_after_first80,whole_recent,recent24h|500ms|0|1|385,recent24h,500ms,0,PRIMARY,SELL,1790253826.993,2.207000255584717,1,-16.19999999999891,-2.220605420597214
recent_after_first80,whole_recent,recent24h|500ms|0|1|386,recent24h,500ms,0,PRIMARY,SELL,1790253830.4529998,0.0,0,-15.0,-4.515348952224687
recent_after_first80,whole_recent,recent24h|500ms|0|1|386,recent24h,500ms,0,PRIMARY,SELL,1790253832.456,2.003000259399414,1,-15.187500000000682,0.34352680266253877
recent_after_first80,whole_recent,recent24h|500ms|0|1|387,recent24h,500ms,0,PRIMARY,SELL,1790253836.459,0.0,0,-15.0,-0.586559624241294
recent_after_first80,whole_recent,recent24h|500ms|0|1|388,recent24h,500ms,0,PRIMARY,SELL,1790253843.9689999,0.0,0,-15.862499999998361,-2.5667494491926983
recent_after_first80,whole_recent,recent24h|500ms|0|1|389,recent24h,500ms,0,PRIMARY,SELL,1790253855.9390001,0.0,0,-15.524999999997817,-3.3505807323757413
recent_after_first80,whole_recent,recent24h|500ms|0|1|390,recent24h,500ms,0,PRIMARY,SELL,1790253856.992,0.0,0,-15.599999999999454,-3.241316063565765
recent_after_first80,whole_recent,recent24h|500ms|0|1|391,recent24h,500ms,0,PRIMARY,SELL,1790253861.949,0.0,0,-15.22499999999809,-1.462959485777357
recent_after_first80,whole_recent,recent24h|500ms|0|1|392,recent24h,500ms,0,PRIMARY,SELL,1790253863.952,0.0,0,-15.0,-4.8646286314611755
recent_after_first80,whole_recent,recent24h|500ms|0|1|393,recent24h,500ms,0,PRIMARY,SELL,1790253893.4910002,0.0,0,-15.374999999997954,4.30814191479999
recent_after_first80,whole_recent,recent24h|500ms|0|1|394,recent24h,500ms,0,PRIMARY,SELL,1790253984.038,0.0,0,-15.112499999999045,-1.5866391907043074
recent_after_first80,whole_recent,recent24h|500ms|0|1|395,recent24h,500ms,0,PRIMARY,SELL,1790253985.485,0.0,0,-15.112499999999045,-0.6540039988496802
recent_after_first80,whole_recent,recent24h|500ms|0|1|396,recent24h,500ms,0,PRIMARY,SELL,1790253988.442,0.0,0,-15.149999999999864,-0.5232723907491017
recent_after_first80,whole_recent,recent24h|500ms|0|4|397,recent24h,500ms,0,BURST,BUY,1790256394.957,0.0,0,-6.450000000000955,3.5519954680023207
recent_after_first80,whole_recent,recent24h|500ms|0|2|398,recent24h,500ms,0,SECONDARY,SELL,1790256590.481,0.0,0,-15.974999999997408,-5.427620962458959
recent_after_first80,whole_recent,recent24h|500ms|0|1|399,recent24h,500ms,0,PRIMARY,SELL,1790256682.443,0.0,0,-15.074999999998225,-8.407706370743426
recent_after_first80,whole_recent,recent24h|500ms|0|1|400,recent24h,500ms,0,PRIMARY,BUY,1790257759.983,0.0,0,-15.075000000001635,6.10286139573689
recent_after_first80,whole_recent,recent24h|500ms|0|1|401,recent24h,500ms,0,PRIMARY,BUY,1790258422.987,0.0,0,-5.774999999999864,11.012447518114204
recent_after_first80,whole_recent,recent24h|500ms|0|1|402,recent24h,500ms,0,PRIMARY,BUY,1790258434.408,0.0,0,-5.700000000001637,12.466696964507248
recent_after_first80,whole_recent,recent24h|500ms|0|1|403,recent24h,500ms,0,PRIMARY,SELL,1790258943.492,0.0,0,-12.67500000000041,-0.6082865410454457
recent_after_first80,whole_recent,recent24h|500ms|0|3|404,recent24h,500ms,0,MICRO,BUY,1790259382.96,0.0,0,-7.387499999997544,6.899671797619611
recent_after_first80,whole_recent,recent24h|500ms|0|1|405,recent24h,500ms,0,PRIMARY,BUY,1790259744.944,0.0,0,-15.075000000001635,-2.359003033967757
recent_after_first80,whole_recent,recent24h|500ms|0|1|406,recent24h,500ms,0,PRIMARY,BUY,1790259747.997,0.0,0,-15.22499999999809,-1.1589962815223278
recent_after_first80,whole_recent,recent24h|500ms|0|1|407,recent24h,500ms,0,PRIMARY,BUY,1790259751.458,0.0,0,-15.299999999999727,-4.601226562136236
recent_after_first80,whole_recent,recent24h|500ms|0|1|408,recent24h,500ms,0,PRIMARY,BUY,1790259753.91,0.0,0,-15.262499999998907,-0.8906954994600949
recent_after_first80,whole_recent,recent24h|500ms|0|1|409,recent24h,500ms,0,PRIMARY,BUY,1790259754.8620002,0.0,0,-15.074999999998225,-1.8833110018929864
recent_after_first80,whole_recent,recent24h|500ms|0|1|410,recent24h,500ms,0,PRIMARY,BUY,1790259756.766,0.0,0,-15.337499999997135,2.0203821330990306
recent_after_first80,whole_recent,recent24h|500ms|0|1|411,recent24h,500ms,0,PRIMARY,BUY,1790259761.124,0.0,0,-15.149999999999864,-1.943025511038087
recent_after_first80,whole_recent,recent24h|500ms|0|1|412,recent24h,500ms,0,PRIMARY,BUY,1790259762.723,0.0,0,-15.412499999998772,-0.6001349638002683
recent_after_first80,whole_recent,recent24h|500ms|0|1|413,recent24h,500ms,0,PRIMARY,BUY,1790259772.836,0.0,0,-15.299999999999727,1.5690069899632715
recent_after_first80,whole_recent,recent24h|500ms|0|1|414,recent24h,500ms,0,PRIMARY,BUY,1790259773.839,0.0,0,-15.299999999999727,4.412476492538124
recent_after_first80,whole_recent,recent24h|500ms|0|1|415,recent24h,500ms,0,PRIMARY,BUY,1790262741.964,0.0,0,6.037499999998772,16.930244533151686
recent_after_first80,whole_recent,recent24h|500ms|0|1|416,recent24h,500ms,0,PRIMARY,BUY,1790262742.663,0.0,0,5.737499999999045,17.34267788751953
recent_after_first80,whole_recent,recent24h|500ms|0|1|417,recent24h,500ms,0,PRIMARY,BUY,1790262743.9169998,0.0,0,4.987499999999727,16.54394435597546
recent_after_first80,whole_recent,recent24h|500ms|0|1|418,recent24h,500ms,0,PRIMARY,BUY,1790262745.474,0.0,0,3.675000000001773,16.38846619358551
recent_after_first80,whole_recent,recent24h|500ms|0|1|419,recent24h,500ms,0,PRIMARY,BUY,1790262763.204,0.0,0,4.462499999998499,13.50877311381741
recent_after_first80,whole_recent,recent24h|500ms|0|1|420,recent24h,500ms,0,PRIMARY,BUY,1790262764.6499999,0.0,0,5.025000000000546,13.492620052327416
recent_after_first80,whole_recent,recent24h|500ms|0|1|421,recent24h,500ms,0,PRIMARY,BUY,1790262766.255,0.0,0,4.499999999999318,13.833304206086773
recent_after_first80,whole_recent,recent24h|500ms|0|1|422,recent24h,500ms,0,PRIMARY,BUY,1790262767.259,0.0,0,4.7250000000008185,12.030728159178098
recent_after_first80,whole_recent,recent24h|500ms|0|1|423,recent24h,500ms,0,PRIMARY,BUY,1790262768.411,0.0,0,4.237500000000409,8.583965828131465
recent_after_first80,whole_recent,recent24h|500ms|0|1|424,recent24h,500ms,0,PRIMARY,BUY,1790262770.365,0.0,0,4.274999999997817,13.000497450280955
recent_after_first80,whole_recent,recent24h|500ms|0|1|425,recent24h,500ms,0,PRIMARY,BUY,1790262796.8070002,0.0,0,1.1625000000015007,16.294853887076986
recent_after_first80,whole_recent,recent24h|500ms|0|1|426,recent24h,500ms,0,PRIMARY,BUY,1790262800.1660001,0.0,0,2.8125,15.397489470628727
recent_after_first80,whole_recent,recent24h|500ms|0|1|427,recent24h,500ms,0,PRIMARY,BUY,1790262801.3609998,0.0,0,2.624999999999318,15.96358035628453
recent_after_first80,whole_recent,recent24h|500ms|0|1|428,recent24h,500ms,0,PRIMARY,BUY,1790262804.416,0.0,0,2.062500000000682,15.377378982242252
recent_after_first80,whole_recent,recent24h|500ms|0|1|429,recent24h,500ms,0,PRIMARY,BUY,1790262807.9689999,0.0,0,2.549999999997681,8.045300864109478
recent_after_first80,whole_recent,recent24h|500ms|0|1|430,recent24h,500ms,0,PRIMARY,BUY,1790262810.474,0.0,0,2.1000000000015007,8.82401569685963
recent_after_first80,whole_recent,recent24h|500ms|0|1|431,recent24h,500ms,0,PRIMARY,BUY,1790262812.169,0.0,0,2.512500000000273,7.231194450052681
recent_after_first80,whole_recent,recent24h|500ms|0|1|432,recent24h,500ms,0,PRIMARY,BUY,1790262816.278,0.0,0,-1.875,17.255287005753587
recent_after_first80,whole_recent,recent24h|500ms|0|1|433,recent24h,500ms,0,PRIMARY,BUY,1790262818.984,0.0,0,-1.6124999999976806,16.2207477126855
recent_after_first80,whole_recent,recent24h|500ms|0|1|434,recent24h,500ms,0,PRIMARY,BUY,1790262848.175,0.0,0,0.07500000000163709,22.463985858807405
recent_after_first80,whole_recent,recent24h|500ms|0|1|435,recent24h,500ms,0,PRIMARY,BUY,1790262885.473,0.0,0,4.049999999999727,24.68834985795582
recent_after_first80,whole_recent,recent24h|500ms|0|1|436,recent24h,500ms,0,PRIMARY,BUY,1790262886.9699998,0.0,0,3.675000000001773,20.930519082953097
recent_after_first80,whole_recent,recent24h|500ms|0|1|437,recent24h,500ms,0,PRIMARY,BUY,1790262887.927,0.0,0,3.7875000000008185,16.038015706609073
recent_after_first80,whole_recent,recent24h|500ms|0|1|438,recent24h,500ms,0,PRIMARY,BUY,1790262970.4350002,0.0,0,-3.9374999999972715,-1.7727880621363385
recent_after_first80,whole_recent,recent24h|500ms|0|1|439,recent24h,500ms,0,PRIMARY,BUY,1790262976.597,0.0,0,2.700000000000955,-4.071503676057153
recent_after_first80,whole_recent,recent24h|500ms|0|1|440,recent24h,500ms,0,PRIMARY,BUY,1790264524.4659998,0.0,0,-15.599999999999454,7.089177263542995
recent_after_first80,whole_recent,recent24h|500ms|0|3|441,recent24h,500ms,0,MICRO,BUY,1790265166.938,0.0,0,-6.412500000000136,10.054952108081386
recent_after_first80,whole_recent,recent24h|500ms|0|4|442,recent24h,500ms,0,BURST,BUY,1790265168.984,0.0,0,-7.200000000000273,7.67729817891679
recent_after_first80,whole_recent,recent24h|500ms|0|4|443,recent24h,500ms,0,BURST,BUY,1790265172.4390001,0.0,0,-6.862499999999726,6.71556448808376
recent_after_first80,whole_recent,recent24h|500ms|0|4|444,recent24h,500ms,0,BURST,BUY,1790265175.9020002,0.0,0,-8.625000000000682,3.3465603600847706
recent_after_first80,whole_recent,recent24h|500ms|0|1|445,recent24h,500ms,0,PRIMARY,SELL,1790267679.908,0.0,0,-15.599999999999454,2.106620933724002
recent_after_first80,whole_recent,recent24h|500ms|0|1|446,recent24h,500ms,0,PRIMARY,SELL,1790267681.457,0.0,0,-15.449999999999589,2.4789637122065455
recent_after_first80,whole_recent,recent24h|500ms|0|1|447,recent24h,500ms,0,PRIMARY,SELL,1790267683.4550002,0.0,0,3.675000000001773,2.059514638155286
recent_after_first80,whole_recent,recent24h|500ms|0|1|448,recent24h,500ms,0,PRIMARY,SELL,1790267690.96,0.0,0,-15.9375,2.7778059482132345
recent_after_first80,whole_recent,recent24h|500ms|0|1|449,recent24h,500ms,0,PRIMARY,SELL,1790267704.483,0.0,0,-15.674999999997679,3.995853559061655
recent_after_first80,whole_recent,recent24h|500ms|0|1|450,recent24h,500ms,0,PRIMARY,SELL,1790267708.485,0.0,0,-15.674999999997679,0.7591687945091005
recent_after_first80,whole_recent,recent24h|500ms|0|1|451,recent24h,500ms,0,PRIMARY,SELL,1790267710.9889998,0.0,0,-15.975000000000819,1.5488455084703192
recent_after_first80,whole_recent,recent24h|500ms|0|1|452,recent24h,500ms,0,PRIMARY,SELL,1790267713.941,0.0,0,-15.525000000001228,0.95256848102456
recent_after_first80,whole_recent,recent24h|500ms|0|1|453,recent24h,500ms,0,PRIMARY,SELL,1790267715.498,0.0,0,-15.412499999998772,-1.5432096654130147
recent_after_first80,whole_recent,recent24h|500ms|0|1|454,recent24h,500ms,0,PRIMARY,SELL,1790267717.9980001,0.0,0,-16.762500000000955,-0.9931375719362735
recent_after_first80,whole_recent,recent24h|500ms|0|1|455,recent24h,500ms,0,PRIMARY,SELL,1790267720.997,0.0,0,-15.187500000000682,0.14926659100816586
recent_after_first80,whole_recent,recent24h|500ms|0|1|456,recent24h,500ms,0,PRIMARY,SELL,1790267732.903,0.0,0,-17.85000000000082,0.5010100289075092
recent_after_first80,whole_recent,recent24h|500ms|0|1|456,recent24h,500ms,0,PRIMARY,SELL,1790267734.963,2.059999942779541,1,-18.224999999998772,0.9220952317816022
recent_after_first80,whole_recent,recent24h|500ms|0|1|457,recent24h,500ms,0,PRIMARY,SELL,1790267736.457,0.0,0,-17.924999999999045,1.158439115343137
recent_after_first80,whole_recent,recent24h|500ms|0|1|457,recent24h,500ms,0,PRIMARY,SELL,1790267738.9539998,2.496999740600586,1,-16.875,0.3167918444389419
recent_after_first80,whole_recent,recent24h|500ms|0|1|458,recent24h,500ms,0,PRIMARY,SELL,1790267742.458,0.0,0,-17.437499999998636,-0.6207734022135029
recent_after_first80,whole_recent,recent24h|500ms|0|1|459,recent24h,500ms,0,PRIMARY,SELL,1790267744.9190001,0.0,0,-17.062500000000682,7.215472890764655
recent_after_first80,whole_recent,recent24h|500ms|0|1|460,recent24h,500ms,0,PRIMARY,SELL,1790267746.714,0.0,0,-17.36250000000041,3.258999171722088
recent_after_first80,whole_recent,recent24h|500ms|0|1|460,recent24h,500ms,0,PRIMARY,SELL,1790267748.981,2.2669999599456787,1,-16.61250000000109,4.181862921022972
recent_after_first80,whole_recent,recent24h|500ms|0|1|461,recent24h,500ms,0,PRIMARY,SELL,1790267749.9750001,0.0,0,-16.275000000000546,-2.032300721008432
recent_after_first80,whole_recent,recent24h|500ms|0|1|462,recent24h,500ms,0,PRIMARY,SELL,1790267752.3260002,0.0,0,-16.6499999999985,8.012359782613737
recent_after_first80,whole_recent,recent24h|500ms|0|1|463,recent24h,500ms,0,PRIMARY,SELL,1790267754.374,0.0,0,-17.32499999999959,4.249265351528152
recent_after_first80,whole_recent,recent24h|500ms|0|1|464,recent24h,500ms,0,PRIMARY,SELL,1790267758.4819999,0.0,0,-18.03749999999809,2.21959023037254
recent_after_first80,whole_recent,recent24h|500ms|0|1|465,recent24h,500ms,0,PRIMARY,SELL,1790267760.486,0.0,0,-18.450000000000273,0.5401072442186059
recent_after_first80,whole_recent,recent24h|500ms|0|1|466,recent24h,500ms,0,PRIMARY,SELL,1790267761.496,0.0,0,-15.187500000000682,1.0533539205251332
recent_after_first80,whole_recent,recent24h|500ms|0|1|467,recent24h,500ms,0,PRIMARY,SELL,1790267762.424,0.0,0,-15.262499999998907,2.0692418825282206
recent_after_first80,whole_recent,recent24h|500ms|0|1|468,recent24h,500ms,0,PRIMARY,SELL,1790267763.8620002,0.0,0,-18.412499999999454,7.588833036699764
recent_after_first80,whole_recent,recent24h|500ms|0|1|469,recent24h,500ms,0,PRIMARY,SELL,1790267766.4899998,0.0,0,-15.0,1.9780517529622945
recent_after_first80,whole_recent,recent24h|500ms|0|1|470,recent24h,500ms,0,PRIMARY,SELL,1790267767.492,0.0,0,-15.487500000000411,0.5072734261377774
recent_after_first80,whole_recent,recent24h|500ms|0|1|471,recent24h,500ms,0,PRIMARY,SELL,1790267768.498,0.0,0,-16.050000000002456,3.172673461952863
recent_after_first80,whole_recent,recent24h|500ms|0|1|472,recent24h,500ms,0,PRIMARY,SELL,1790267779.464,0.0,0,-17.062500000000682,-2.487965006288249
recent_after_first80,whole_recent,recent24h|500ms|0|1|473,recent24h,500ms,0,PRIMARY,SELL,1790267780.956,0.0,0,-15.187500000000682,-1.5728608324625306
recent_after_first80,whole_recent,recent24h|500ms|0|1|473,recent24h,500ms,0,PRIMARY,SELL,1790267782.9750001,2.0190000534057617,1,-18.412499999999454,-1.2878549683135005
recent_after_first80,whole_recent,recent24h|500ms|0|1|474,recent24h,500ms,0,PRIMARY,SELL,1790267784.962,0.0,0,-15.112499999999045,-0.11942782914988782
recent_after_first80,whole_recent,recent24h|500ms|0|1|475,recent24h,500ms,0,PRIMARY,SELL,1790267785.957,0.0,0,-15.262500000002317,0.0966331607475404
recent_after_first80,whole_recent,recent24h|500ms|0|1|476,recent24h,500ms,0,PRIMARY,SELL,1790267787.4620001,0.0,0,-15.262500000002317,-0.01003653474448487
recent_after_first80,whole_recent,recent24h|500ms|0|1|477,recent24h,500ms,0,PRIMARY,SELL,1790267788.261,0.0,0,-15.074999999998225,0.15137407134220326
recent_after_first80,whole_recent,recent24h|500ms|0|1|478,recent24h,500ms,0,PRIMARY,SELL,1790267836.957,0.0,0,-15.187500000000682,-0.47683903925654125
recent_after_first80,whole_recent,recent24h|500ms|0|1|479,recent24h,500ms,0,PRIMARY,SELL,1790267838.46,0.0,0,-15.562500000002046,0.7318887791836033
recent_after_first80,whole_recent,recent24h|500ms|0|1|480,recent24h,500ms,0,PRIMARY,SELL,1790267873.7510002,0.0,0,-16.65000000000191,-4.351571605281998
recent_after_first80,whole_recent,recent24h|500ms|0|1|481,recent24h,500ms,0,PRIMARY,SELL,1790268073.8630002,0.0,0,-15.074999999998225,-2.0627128774658905
recent_after_first80,whole_recent,recent24h|500ms|0|1|482,recent24h,500ms,0,PRIMARY,SELL,1790268074.968,0.0,0,-15.037500000000819,-2.4581320577475605
recent_after_first80,whole_recent,recent24h|500ms|0|1|483,recent24h,500ms,0,PRIMARY,SELL,1790268076.47,0.0,0,-15.562500000002046,-3.753270156689116
recent_after_first80,whole_recent,recent24h|500ms|0|1|484,recent24h,500ms,0,PRIMARY,SELL,1790268091.2350001,0.0,0,-15.074999999998225,-2.2153435628526026
recent_after_first80,whole_recent,recent24h|500ms|0|1|485,recent24h,500ms,0,PRIMARY,SELL,1790268093.445,0.0,0,-15.112499999999045,-2.743284840853896
recent_after_first80,whole_recent,recent24h|500ms|0|1|486,recent24h,500ms,0,PRIMARY,SELL,1790268094.3409998,0.0,0,-15.7124999999985,-0.5471464692607575
recent_after_first80,whole_recent,recent24h|500ms|0|1|487,recent24h,500ms,0,PRIMARY,SELL,1790268100.446,0.0,0,-15.487499999997,-4.764952032523938
recent_after_first80,whole_recent,recent24h|500ms|0|1|488,recent24h,500ms,0,PRIMARY,SELL,1790268103.447,0.0,0,-15.412499999998772,-1.841555369085164
recent_after_first80,whole_recent,recent24h|500ms|0|1|489,recent24h,500ms,0,PRIMARY,SELL,1790268104.345,0.0,0,-15.749999999999318,-3.952691889835864
recent_after_first80,whole_recent,recent24h|500ms|0|1|490,recent24h,500ms,0,PRIMARY,SELL,1790268105.492,0.0,0,-16.12499999999727,-0.9822412495924666
recent_after_first80,whole_recent,recent24h|500ms|0|1|491,recent24h,500ms,0,PRIMARY,SELL,1790268107.3969998,0.0,0,-16.12499999999727,1.1370886227060304
recent_after_first80,whole_recent,recent24h|500ms|0|1|492,recent24h,500ms,0,PRIMARY,SELL,1790268109.255,0.0,0,-15.862499999998361,-1.596308473484479
recent_after_first80,whole_recent,recent24h|500ms|0|1|493,recent24h,500ms,0,PRIMARY,SELL,1790268110.957,0.0,0,-15.299999999999727,-2.534948337798001
recent_after_first80,whole_recent,recent24h|500ms|0|1|494,recent24h,500ms,0,PRIMARY,SELL,1790268115.267,0.0,0,-15.374999999997954,-0.721546602925153
recent_after_first80,whole_recent,recent24h|500ms|0|1|495,recent24h,500ms,0,PRIMARY,SELL,1790268116.212,0.0,0,-15.149999999999864,-0.32572006877706
recent_after_first80,whole_recent,recent24h|500ms|0|1|496,recent24h,500ms,0,PRIMARY,SELL,1790268611.999,0.0,0,6.224999999999454,16.369976101971613
recent_after_first80,whole_recent,recent24h|500ms|0|1|497,recent24h,500ms,0,PRIMARY,SELL,1790268613.447,0.0,0,7.649999999999864,8.57141737135656
recent_after_first80,whole_recent,recent24h|500ms|0|1|498,recent24h,500ms,0,PRIMARY,SELL,1790268614.994,0.0,0,8.175000000001091,14.820092105963042
recent_after_first80,whole_recent,recent24h|500ms|0|1|499,recent24h,500ms,0,PRIMARY,SELL,1790268661.488,0.0,0,0.6375000000002728,14.05365564437665
recent_after_first80,whole_recent,recent24h|500ms|0|1|500,recent24h,500ms,0,PRIMARY,SELL,1790268720.968,0.0,0,-4.237499999996999,1.8345540285154347
recent_after_first80,whole_recent,recent24h|500ms|0|1|501,recent24h,500ms,0,PRIMARY,SELL,1790268727.965,0.0,0,-8.2124999999985,2.7429282746228476
recent_after_first80,whole_recent,recent24h|500ms|0|1|502,recent24h,500ms,0,PRIMARY,SELL,1790268728.921,0.0,0,-7.949999999999591,3.2458935328289735
recent_after_first80,whole_recent,recent24h|500ms|0|1|503,recent24h,500ms,0,PRIMARY,SELL,1790268757.993,0.0,0,-8.849999999998772,9.75113144926211
recent_after_first80,whole_recent,recent24h|500ms|0|1|504,recent24h,500ms,0,PRIMARY,SELL,1790268793.948,0.0,0,-15.262500000002317,8.042196520609329
recent_after_first80,whole_recent,recent24h|500ms|0|1|505,recent24h,500ms,0,PRIMARY,SELL,1790268795.497,0.0,0,-15.299999999999727,4.369289893418157
recent_after_first80,whole_recent,recent24h|500ms|0|1|506,recent24h,500ms,0,PRIMARY,SELL,1790268798.7059999,0.0,0,-15.975000000000819,4.131621810051737
recent_after_first80,whole_recent,recent24h|500ms|0|1|507,recent24h,500ms,0,PRIMARY,SELL,1790268801.47,0.0,0,-15.375000000001364,2.734696366309199
recent_after_first80,whole_recent,recent24h|500ms|0|1|508,recent24h,500ms,0,PRIMARY,SELL,1790268805.512,0.0,0,-15.149999999999864,4.169907644856676
recent_after_first80,whole_recent,recent24h|500ms|0|1|509,recent24h,500ms,0,PRIMARY,SELL,1790268810.977,0.0,0,-15.412499999998772,1.3522485240520155
recent_after_first80,whole_recent,recent24h|500ms|0|1|510,recent24h,500ms,0,PRIMARY,SELL,1790268820.879,0.0,0,-15.112499999999045,7.409269188274519
recent_after_first80,whole_recent,recent24h|500ms|0|1|511,recent24h,500ms,0,PRIMARY,SELL,1790268827.9459999,0.0,0,-15.075000000001635,8.12393398853345
recent_after_first80,whole_recent,recent24h|500ms|0|1|512,recent24h,500ms,0,PRIMARY,SELL,1790268900.492,0.0,0,-15.149999999999864,1.7104780359982665
recent_after_first80,whole_recent,recent24h|500ms|0|1|513,recent24h,500ms,0,PRIMARY,SELL,1790268902.393,0.0,0,-15.037500000000819,2.08186532024275
recent_after_first80,whole_recent,recent24h|500ms|0|1|514,recent24h,500ms,0,PRIMARY,SELL,1790268908.9550002,0.0,0,-15.375000000001364,3.994547745859003
recent_after_first80,whole_recent,recent24h|500ms|0|1|515,recent24h,500ms,0,PRIMARY,SELL,1790268972.411,0.0,0,-15.074999999998225,4.987349345805782
recent_after_first80,whole_recent,recent24h|500ms|0|1|516,recent24h,500ms,0,PRIMARY,SELL,1790268975.866,0.0,0,-15.037500000000819,6.362098245351745
recent_after_first80,whole_recent,recent24h|500ms|0|1|517,recent24h,500ms,0,PRIMARY,SELL,1790268977.273,0.0,0,-15.299999999999727,6.3229670370216455
recent_after_first80,whole_recent,recent24h|500ms|0|1|518,recent24h,500ms,0,PRIMARY,SELL,1790268986.474,0.0,0,-15.9375,8.584588839745265
recent_after_first80,whole_recent,recent24h|500ms|0|1|519,recent24h,500ms,0,PRIMARY,SELL,1790268989.4780002,0.0,0,-15.637500000000271,4.6853514193903685
recent_after_first80,whole_recent,recent24h|500ms|0|1|520,recent24h,500ms,0,PRIMARY,SELL,1790268991.479,0.0,0,-15.899999999999181,6.449516172556581
recent_after_first80,whole_recent,recent24h|500ms|0|1|521,recent24h,500ms,0,PRIMARY,SELL,1790268992.328,0.0,0,-15.187500000000682,6.666955013279041
recent_after_first80,whole_recent,recent24h|500ms|0|1|522,recent24h,500ms,0,PRIMARY,SELL,1790268994.4819999,0.0,0,-15.187500000000682,2.0017337162141224
recent_after_first80,whole_recent,recent24h|500ms|0|1|523,recent24h,500ms,0,PRIMARY,SELL,1790268996.487,0.0,0,-15.299999999999727,6.5842921360867805
recent_after_first80,whole_recent,recent24h|500ms|0|1|524,recent24h,500ms,0,PRIMARY,SELL,1790268998.485,0.0,0,-15.112499999999045,8.768905638921606
recent_after_first80,whole_recent,recent24h|500ms|0|1|525,recent24h,500ms,0,PRIMARY,SELL,1790268999.487,0.0,0,-15.0,7.417607130485778
recent_after_first80,whole_recent,recent24h|500ms|0|1|526,recent24h,500ms,0,PRIMARY,SELL,1790269047.442,0.0,0,-16.762499999997544,4.2545662105155335
recent_after_first80,whole_recent,recent24h|500ms|0|1|527,recent24h,500ms,0,PRIMARY,SELL,1790269057.9539998,0.0,0,-15.787500000000136,2.955389045633842
recent_after_first80,whole_recent,recent24h|500ms|0|1|528,recent24h,500ms,0,PRIMARY,SELL,1790269060.3059998,0.0,0,-15.974999999997408,2.5818024858251163
recent_after_first80,whole_recent,recent24h|500ms|0|1|529,recent24h,500ms,0,PRIMARY,SELL,1790269070.972,0.0,0,-15.112499999999045,1.1536087551045562
recent_after_first80,whole_recent,recent24h|500ms|0|1|530,recent24h,500ms,0,PRIMARY,SELL,1790269076.379,0.0,0,-16.16249999999809,1.3583006928687735
recent_after_first80,whole_recent,recent24h|500ms|0|1|531,recent24h,500ms,0,PRIMARY,SELL,1790270166.463,0.0,0,-17.062500000000682,-7.146508024358835
recent_after_first80,whole_recent,recent24h|500ms|0|1|531,recent24h,500ms,0,PRIMARY,SELL,1790270168.4689999,2.005999803543091,1,-17.437500000002046,-1.6527835518835114
recent_after_first80,whole_recent,recent24h|500ms|0|1|531,recent24h,500ms,0,PRIMARY,SELL,1790270170.9689999,4.505999803543091,2,-17.8125,-4.516444210225093
recent_after_first80,whole_recent,recent24h|500ms|0|1|532,recent24h,500ms,0,PRIMARY,SELL,1790270175.471,0.0,0,-15.449999999999589,0.02862223097547896
recent_after_first80,whole_recent,recent24h|500ms|0|1|533,recent24h,500ms,0,PRIMARY,SELL,1790270187.476,0.0,0,12.15000000000259,-3.496224239829514
recent_after_first80,whole_recent,recent24h|500ms|0|1|534,recent24h,500ms,0,PRIMARY,SELL,1790270191.481,0.0,0,-15.375000000001364,-0.2135646960827797
recent_after_first80,whole_recent,recent24h|500ms|0|1|535,recent24h,500ms,0,PRIMARY,SELL,1790270193.925,0.0,0,-18.450000000000273,-3.8658763007044064
recent_after_first80,whole_recent,recent24h|500ms|0|1|536,recent24h,500ms,0,PRIMARY,SELL,1790270196.4950001,0.0,0,-17.62500000000273,-1.1472278425143352
recent_after_first80,whole_recent,recent24h|500ms|0|1|537,recent24h,500ms,0,PRIMARY,SELL,1790270199.4380002,0.0,0,-16.68750000000273,-4.197366594380407
recent_after_first80,whole_recent,recent24h|500ms|0|1|538,recent24h,500ms,0,PRIMARY,SELL,1790270200.1379998,0.0,0,-15.262500000002317,-0.9298406020102927
recent_after_first80,whole_recent,recent24h|500ms|0|1|539,recent24h,500ms,0,PRIMARY,SELL,1790270201.487,0.0,0,-15.149999999999864,-2.0495395580598164
recent_after_first80,whole_recent,recent24h|500ms|0|1|540,recent24h,500ms,0,PRIMARY,SELL,1790270202.985,0.0,0,-15.187500000000682,2.510365552034156
recent_after_first80,whole_recent,recent24h|500ms|0|1|541,recent24h,500ms,0,PRIMARY,SELL,1790270418.747,0.0,0,-15.074999999998225,-7.174236424405445
recent_after_first80,whole_recent,recent24h|500ms|0|1|542,recent24h,500ms,0,PRIMARY,SELL,1790270484.816,0.0,0,-15.149999999999864,-2.2421301576858323
recent_after_first80,whole_recent,recent24h|500ms|0|1|543,recent24h,500ms,0,PRIMARY,SELL,1790270646.4819999,0.0,0,-15.262499999998907,-11.886906590414384
recent_after_first80,whole_recent,recent24h|500ms|0|2|544,recent24h,500ms,0,SECONDARY,BUY,1790270870.484,0.0,0,-15.2250000000015,0.23946324110668665
recent_after_first80,whole_recent,recent24h|500ms|0|4|545,recent24h,500ms,0,BURST,SELL,1790271044.474,0.0,0,-3.0375000000015002,-5.773276717842204
recent_after_first80,whole_recent,recent24h|500ms|0|3|546,recent24h,500ms,0,MICRO,SELL,1790271091.9740002,0.0,0,-2.09999999999809,-1.9000986244648665
recent_after_first80,whole_recent,recent24h|500ms|0|3|547,recent24h,500ms,0,MICRO,SELL,1790271092.9699998,0.0,0,-1.9125000000008188,-1.9000986244648665
recent_after_first80,whole_recent,recent24h|500ms|0|3|548,recent24h,500ms,0,MICRO,SELL,1790271094.4750001,0.0,0,-1.4999999999986358,-1.586068867524605
recent_after_first80,whole_recent,recent24h|500ms|0|1|549,recent24h,500ms,0,PRIMARY,SELL,1790271201.909,0.0,0,-15.862500000001772,-11.859869076737056
recent_after_first80,whole_recent,recent24h|500ms|0|1|550,recent24h,500ms,0,PRIMARY,SELL,1790271214.921,0.0,0,-16.312500000001364,-10.87880570440655
recent_after_first80,whole_recent,recent24h|500ms|0|1|551,recent24h,500ms,0,PRIMARY,SELL,1790271241.909,0.0,0,5.850000000001501,-11.334110486126864
recent_after_first80,whole_recent,recent24h|500ms|0|1|552,recent24h,500ms,0,PRIMARY,SELL,1790271244.461,0.0,0,7.274999999998499,-7.595913788091839
recent_after_first80,whole_recent,recent24h|500ms|0|1|553,recent24h,500ms,0,PRIMARY,SELL,1790271544.487,0.0,0,-15.899999999999181,-3.283054125573822
recent_after_first80,whole_recent,recent24h|500ms|0|1|554,recent24h,500ms,0,PRIMARY,SELL,1790271545.48,0.0,0,-17.13749999999891,-3.916907312147237
recent_after_first80,whole_recent,recent24h|500ms|0|1|555,recent24h,500ms,0,PRIMARY,SELL,1790271546.4910002,0.0,0,-15.149999999999864,-2.4192812225761657
recent_after_first80,whole_recent,recent24h|500ms|0|1|556,recent24h,500ms,0,PRIMARY,SELL,1790271547.889,0.0,0,-16.725000000000136,-4.302948295136113
recent_after_first80,whole_recent,recent24h|500ms|0|1|557,recent24h,500ms,0,PRIMARY,SELL,1790271550.091,0.0,0,-15.037500000000819,-2.5920689742749516
recent_after_first80,whole_recent,recent24h|500ms|0|1|558,recent24h,500ms,0,PRIMARY,SELL,1790271551.145,0.0,0,-18.187500000001364,-3.2344472882593642
recent_after_first80,whole_recent,recent24h|500ms|0|1|559,recent24h,500ms,0,PRIMARY,SELL,1790271552.499,0.0,0,-17.624999999999318,-3.1678808756859427
recent_after_first80,whole_recent,recent24h|500ms|0|1|560,recent24h,500ms,0,PRIMARY,SELL,1790271560.961,0.0,0,-16.275000000000546,-4.504366311088564
recent_after_first80,whole_recent,recent24h|500ms|0|1|561,recent24h,500ms,0,PRIMARY,SELL,1790271563.411,0.0,0,-15.67500000000109,-4.668632600681041
recent_after_first80,whole_recent,recent24h|500ms|0|1|562,recent24h,500ms,0,PRIMARY,SELL,1790271565.967,0.0,0,-15.749999999999318,-3.871546640327743
recent_after_first80,whole_recent,recent24h|500ms|0|1|563,recent24h,500ms,0,PRIMARY,SELL,1790271567.483,0.0,0,-17.512500000000273,-2.872483746800447
recent_after_first80,whole_recent,recent24h|500ms|0|1|564,recent24h,500ms,0,PRIMARY,SELL,1790271568.669,0.0,0,-16.950000000001637,-3.300015004633753
recent_after_first80,whole_recent,recent24h|500ms|0|1|565,recent24h,500ms,0,PRIMARY,SELL,1790271570.472,0.0,0,-18.112499999999727,-3.6055303761905377
recent_after_first80,whole_recent,recent24h|500ms|0|1|566,recent24h,500ms,0,PRIMARY,SELL,1790271572.979,0.0,0,-18.675000000001774,-3.3648014337980134
recent_after_first80,whole_recent,recent24h|500ms|0|1|567,recent24h,500ms,0,PRIMARY,SELL,1790271575.424,0.0,0,-18.150000000000546,-5.08319331402254
recent_after_first80,whole_recent,recent24h|500ms|0|1|568,recent24h,500ms,0,PRIMARY,SELL,1790271578.479,0.0,0,-17.437500000002046,-4.2128215913907185
recent_after_first80,whole_recent,recent24h|500ms|0|1|569,recent24h,500ms,0,PRIMARY,SELL,1790271580.3820002,0.0,0,-16.987499999999045,-2.3637876603672865
recent_after_first80,whole_recent,recent24h|500ms|0|1|570,recent24h,500ms,0,PRIMARY,SELL,1790271581.9750001,0.0,0,-17.32499999999959,2.4924942801761025
recent_after_first80,whole_recent,recent24h|500ms|0|1|571,recent24h,500ms,0,PRIMARY,SELL,1790271582.9329998,0.0,0,-17.024999999999864,-1.6259440198111197
recent_after_first80,whole_recent,recent24h|500ms|0|1|572,recent24h,500ms,0,PRIMARY,SELL,1790271585.486,0.0,0,-15.975000000000819,-2.568693626553556
recent_after_first80,whole_recent,recent24h|500ms|0|1|573,recent24h,500ms,0,PRIMARY,SELL,1790271586.987,0.0,0,-15.825000000000953,-4.703554546418325
recent_after_first80,whole_recent,recent24h|500ms|0|1|574,recent24h,500ms,0,PRIMARY,SELL,1790271588.4950001,0.0,0,-15.2250000000015,-5.739239840499976
recent_after_first80,whole_recent,recent24h|500ms|0|1|575,recent24h,500ms,0,PRIMARY,SELL,1790271589.292,0.0,0,-17.85000000000082,-5.615633591617272
recent_after_first80,whole_recent,recent24h|500ms|0|1|576,recent24h,500ms,0,PRIMARY,SELL,1790271591.889,0.0,0,-18.337500000001228,-4.0697066117115055
recent_after_first80,whole_recent,recent24h|500ms|0|1|577,recent24h,500ms,0,PRIMARY,SELL,1790271650.972,0.0,0,-17.512500000000273,-4.435855927882707
recent_after_first80,whole_recent,recent24h|500ms|0|1|578,recent24h,500ms,0,PRIMARY,SELL,1790271653.775,0.0,0,-18.48750000000109,-2.6497527748106173
recent_after_first80,whole_recent,recent24h|500ms|0|1|579,recent24h,500ms,0,PRIMARY,SELL,1790271655.436,0.0,0,-18.825000000001637,-2.628804299565327
recent_after_first80,whole_recent,recent24h|500ms|0|1|580,recent24h,500ms,0,PRIMARY,SELL,1790271661.943,0.0,0,-20.287499999999454,-4.452082638005303
recent_after_first80,whole_recent,recent24h|500ms|0|1|581,recent24h,500ms,0,PRIMARY,SELL,1790271663.896,0.0,0,-20.212500000001228,-4.9180435226387855
recent_after_first80,whole_recent,recent24h|500ms|0|1|582,recent24h,500ms,0,PRIMARY,SELL,1790271668.9550002,0.0,0,-20.625,-5.8740363084701555
recent_after_first80,whole_recent,recent24h|500ms|0|1|583,recent24h,500ms,0,PRIMARY,SELL,1790271670.456,0.0,0,-21.000000000001364,-3.7875092443141143
recent_after_first80,whole_recent,recent24h|500ms|0|1|584,recent24h,500ms,0,PRIMARY,SELL,1790271671.46,0.0,0,-19.42500000000109,-4.087782904844747
recent_after_first80,whole_recent,recent24h|500ms|0|1|585,recent24h,500ms,0,PRIMARY,SELL,1790271672.8579998,0.0,0,-19.499999999999318,-4.491479954493929
recent_after_first80,whole_recent,recent24h|500ms|0|1|586,recent24h,500ms,0,PRIMARY,SELL,1790271676.851,0.0,0,-20.475000000000136,-2.290559307996063
recent_after_first80,whole_recent,recent24h|500ms|0|1|587,recent24h,500ms,0,PRIMARY,SELL,1790271703.742,0.0,0,-20.325000000000273,-3.5542623829006974
recent_after_first80,whole_recent,recent24h|500ms|0|1|588,recent24h,500ms,0,PRIMARY,SELL,1790271712.848,0.0,0,-20.700000000001637,-2.196851362917967
recent_after_first80,whole_recent,recent24h|500ms|0|1|589,recent24h,500ms,0,PRIMARY,SELL,1790271713.949,0.0,0,-20.66250000000082,-3.513698649067098
recent_after_first80,whole_recent,recent24h|500ms|0|1|590,recent24h,500ms,0,PRIMARY,SELL,1790271720.309,0.0,0,-15.337500000000546,-1.0942306434907367
recent_after_first80,whole_recent,recent24h|500ms|0|1|591,recent24h,500ms,0,PRIMARY,SELL,1790271722.3630002,0.0,0,-15.30000000000314,-5.252429976758711
recent_after_first80,whole_recent,recent24h|500ms|0|1|592,recent24h,500ms,0,PRIMARY,SELL,1790271784.884,0.0,0,-15.075000000001635,-4.438570609932791
recent_after_first80,whole_recent,recent24h|500ms|0|1|593,recent24h,500ms,0,PRIMARY,SELL,1790271787.349,0.0,0,-15.112499999999045,-6.4193536251470835
recent_after_first80,whole_recent,recent24h|500ms|0|1|594,recent24h,500ms,0,PRIMARY,SELL,1790271789.384,0.0,0,-15.487500000000411,-4.944619698762738
recent_after_first80,whole_recent,recent24h|500ms|0|1|595,recent24h,500ms,0,PRIMARY,SELL,1790271795.349,0.0,0,-15.450000000003,-3.9747965831123806
recent_after_first80,whole_recent,recent24h|500ms|0|1|596,recent24h,500ms,0,PRIMARY,SELL,1790271797.8460002,0.0,0,-15.037500000000819,1.157115225643301
recent_after_first80,whole_recent,recent24h|500ms|0|1|597,recent24h,500ms,0,PRIMARY,SELL,1790271800.956,0.0,0,-15.450000000003,-3.0666753959575628
recent_after_first80,whole_recent,recent24h|500ms|0|1|598,recent24h,500ms,0,PRIMARY,SELL,1790271803.957,0.0,0,-21.412500000000136,-1.659862941046647
recent_after_first80,whole_recent,recent24h|500ms|0|1|599,recent24h,500ms,0,PRIMARY,SELL,1790271805.372,0.0,0,-15.074999999998225,-2.2125104474858457
recent_after_first80,whole_recent,recent24h|500ms|0|1|600,recent24h,500ms,0,PRIMARY,SELL,1790272615.978,0.0,0,18.675000000001774,-2.009180734651924
recent_after_first80,whole_recent,recent24h|500ms|0|1|601,recent24h,500ms,0,PRIMARY,SELL,1790272617.9299998,0.0,0,18.75,-2.1069223775429977
recent_after_first80,whole_recent,recent24h|500ms|0|1|602,recent24h,500ms,0,PRIMARY,SELL,1790272619.9350002,0.0,0,17.700000000000955,2.006698040999838
recent_after_first80,whole_recent,recent24h|500ms|0|1|603,recent24h,500ms,0,PRIMARY,SELL,1790272621.992,0.0,0,15.337499999997135,-4.1449031504823575
recent_after_first80,whole_recent,recent24h|500ms|0|1|604,recent24h,500ms,0,PRIMARY,SELL,1790272622.9459999,0.0,0,15.037500000000819,-6.927966499898199
recent_after_first80,whole_recent,recent24h|500ms|0|1|605,recent24h,500ms,0,PRIMARY,SELL,1790272625.4950001,0.0,0,15.7124999999985,-7.779713846811688
recent_after_first80,whole_recent,recent24h|500ms|0|1|606,recent24h,500ms,0,PRIMARY,SELL,1790272627.4899998,0.0,0,15.749999999999318,-7.330556490388732
recent_after_first80,whole_recent,recent24h|500ms|0|1|607,recent24h,500ms,0,PRIMARY,SELL,1790272637.457,0.0,0,15.075000000001635,-9.818217896394666
recent_after_first80,whole_recent,recent24h|500ms|0|1|608,recent24h,500ms,0,PRIMARY,SELL,1790272638.402,0.0,0,15.074999999998225,-9.509449430527305
recent_after_first80,whole_recent,recent24h|500ms|0|1|609,recent24h,500ms,0,PRIMARY,SELL,1790272644.459,0.0,0,15.0,-10.753836366365997
recent_after_first80,whole_recent,recent24h|500ms|0|1|610,recent24h,500ms,0,PRIMARY,SELL,1790272651.976,0.0,0,13.875000000002728,-8.956671652926799
recent_after_first80,whole_recent,recent24h|500ms|0|1|611,recent24h,500ms,0,PRIMARY,SELL,1790272654.471,0.0,0,13.012500000000955,-9.380812863339706
recent_after_first80,whole_recent,recent24h|500ms|0|1|612,recent24h,500ms,0,PRIMARY,SELL,1790272657.979,0.0,0,14.625000000002046,-9.274465945879536
recent_after_first80,whole_recent,recent24h|500ms|0|1|613,recent24h,500ms,0,PRIMARY,SELL,1790272659.4329998,0.0,0,14.73749999999768,-9.446360528748812
recent_after_first80,whole_recent,recent24h|500ms|0|1|614,recent24h,500ms,0,PRIMARY,SELL,1790272660.481,0.0,0,16.125000000000682,-10.592381825285836
recent_after_first80,whole_recent,recent24h|500ms|0|1|615,recent24h,500ms,0,PRIMARY,SELL,1790272662.4889998,0.0,0,15.375000000001364,-8.919001195133637
recent_after_first80,whole_recent,recent24h|500ms|0|1|615,recent24h,500ms,0,PRIMARY,SELL,1790272664.988,2.499000072479248,1,17.32499999999959,-9.950193883276299
recent_after_first80,whole_recent,recent24h|500ms|0|1|616,recent24h,500ms,0,PRIMARY,SELL,1790272666.448,0.0,0,19.312499999998636,-10.243324760297744
recent_after_first80,whole_recent,recent24h|500ms|0|1|617,recent24h,500ms,0,PRIMARY,SELL,1790272668.498,0.0,0,17.212500000000546,-10.106339904984923
recent_after_first80,whole_recent,recent24h|500ms|0|1|618,recent24h,500ms,0,PRIMARY,SELL,1790272669.348,0.0,0,16.61249999999768,-10.365670807126628
recent_after_first80,whole_recent,recent24h|500ms|0|1|619,recent24h,500ms,0,PRIMARY,SELL,1790272671.951,0.0,0,19.087500000000546,-8.94592968102567
recent_after_first80,whole_recent,recent24h|500ms|0|1|620,recent24h,500ms,0,PRIMARY,SELL,1790272673.8070002,0.0,0,18.0375000000015,-6.57115749428999
recent_after_first80,whole_recent,recent24h|500ms|0|1|621,recent24h,500ms,0,PRIMARY,SELL,1790272674.952,0.0,0,19.612500000001774,-7.463137820691998
recent_after_first80,whole_recent,recent24h|500ms|0|1|622,recent24h,500ms,0,PRIMARY,SELL,1790272675.853,0.0,0,19.762500000001637,-4.694251276471938
recent_after_first80,whole_recent,recent24h|500ms|0|1|623,recent24h,500ms,0,PRIMARY,SELL,1790272677.3539999,0.0,0,18.637499999997544,-5.200524501991598
recent_after_first80,whole_recent,recent24h|500ms|0|1|624,recent24h,500ms,0,PRIMARY,SELL,1790272679.459,0.0,0,19.049999999999727,-7.88701723213002
recent_after_first80,whole_recent,recent24h|500ms|0|1|624,recent24h,500ms,0,PRIMARY,SELL,1790272681.4659998,2.0069997310638428,1,18.412499999999454,-4.608356606468494
recent_after_first80,whole_recent,recent24h|500ms|0|1|625,recent24h,500ms,0,PRIMARY,SELL,1790272682.483,0.0,0,17.212500000000546,-0.9455179860791054
recent_after_first80,whole_recent,recent24h|500ms|0|1|626,recent24h,500ms,0,PRIMARY,SELL,1790272683.9190001,0.0,0,18.600000000000136,-4.587875409618614
recent_after_first80,whole_recent,recent24h|500ms|0|1|627,recent24h,500ms,0,PRIMARY,SELL,1790272686.4659998,0.0,0,18.412499999999454,-6.292503587863392
recent_after_first80,whole_recent,recent24h|500ms|0|1|628,recent24h,500ms,0,PRIMARY,SELL,1790272688.3820002,0.0,0,17.174999999999727,-9.16089948985014
recent_after_first80,whole_recent,recent24h|500ms|0|1|629,recent24h,500ms,0,PRIMARY,SELL,1790272689.775,0.0,0,16.875,-9.17702655766744
recent_after_first80,whole_recent,recent24h|500ms|0|1|630,recent24h,500ms,0,PRIMARY,SELL,1790272691.976,0.0,0,16.61250000000109,-7.195140689618438
recent_after_first80,whole_recent,recent24h|500ms|0|1|631,recent24h,500ms,0,PRIMARY,SELL,1790272693.4750001,0.0,0,17.13749999999891,-9.892114802378734
recent_after_first80,whole_recent,recent24h|500ms|0|1|632,recent24h,500ms,0,PRIMARY,SELL,1790272698.885,0.0,0,19.91249999999809,-13.246039909616378
recent_after_first80,whole_recent,recent24h|500ms|0|1|633,recent24h,500ms,0,PRIMARY,SELL,1790272701.348,0.0,0,22.162499999999454,-1.9521917284925965
recent_after_first80,whole_recent,recent24h|500ms|0|1|634,recent24h,500ms,0,PRIMARY,SELL,1790272706.156,0.0,0,23.69999999999891,-8.916306660670648
recent_after_first80,whole_recent,recent24h|500ms|0|1|635,recent24h,500ms,0,PRIMARY,SELL,1790272708.997,0.0,0,24.562500000000682,-11.665826425712128
recent_after_first80,whole_recent,recent24h|500ms|0|1|636,recent24h,500ms,0,PRIMARY,SELL,1790272710.4499998,0.0,0,23.362500000001774,-11.09842127821142
recent_after_first80,whole_recent,recent24h|500ms|0|1|637,recent24h,500ms,0,PRIMARY,SELL,1790272711.8969998,0.0,0,24.075000000000273,-10.708220041012764
recent_after_first80,whole_recent,recent24h|500ms|0|1|638,recent24h,500ms,0,PRIMARY,SELL,1790272714.351,0.0,0,24.674999999999724,-12.069015286188797
recent_after_first80,whole_recent,recent24h|500ms|0|1|638,recent24h,500ms,0,PRIMARY,SELL,1790272716.4060001,2.055000066757202,1,24.487499999999045,-1.5014050865530315
recent_after_first80,whole_recent,recent24h|500ms|0|1|639,recent24h,500ms,0,PRIMARY,SELL,1790272779.4910002,0.0,0,26.4750000000015,22.78199942550668
recent_after_first80,whole_recent,recent24h|500ms|0|1|640,recent24h,500ms,0,PRIMARY,SELL,1790272781.9980001,0.0,0,26.73750000000041,-5.129812468500156
recent_after_first80,whole_recent,recent24h|500ms|0|1|641,recent24h,500ms,0,PRIMARY,SELL,1790272782.945,0.0,0,27.112500000001774,-6.309165745678472
recent_after_first80,whole_recent,recent24h|500ms|0|1|642,recent24h,500ms,0,PRIMARY,SELL,1790272786.9550002,0.0,0,24.000000000002046,-6.640295595340165
recent_after_first80,whole_recent,recent24h|500ms|0|1|643,recent24h,500ms,0,PRIMARY,SELL,1790272789.7649999,0.0,0,26.06250000000273,-7.188322784309902
recent_after_first80,whole_recent,recent24h|500ms|0|1|644,recent24h,500ms,0,PRIMARY,SELL,1790272791.965,0.0,0,26.137500000000955,-2.300144731404423
recent_after_first80,whole_recent,recent24h|500ms|0|1|645,recent24h,500ms,0,PRIMARY,SELL,1790272793.9689999,0.0,0,26.325000000001637,10.635506560374987
recent_after_first80,whole_recent,recent24h|500ms|0|1|646,recent24h,500ms,0,PRIMARY,SELL,1790272795.835,0.0,0,25.950000000000273,0.44887372640028755
recent_after_first80,whole_recent,recent24h|500ms|0|1|647,recent24h,500ms,0,PRIMARY,SELL,1790272797.931,0.0,0,24.562500000000682,-2.04148746938377
recent_after_first80,whole_recent,recent24h|500ms|0|1|648,recent24h,500ms,0,PRIMARY,SELL,1790272801.479,0.0,0,22.53750000000082,-8.944427647312212
recent_after_first80,whole_recent,recent24h|500ms|0|1|649,recent24h,500ms,0,PRIMARY,SELL,1790272802.973,0.0,0,22.875000000001364,-6.382325264552707
recent_after_first80,whole_recent,recent24h|500ms|0|1|650,recent24h,500ms,0,PRIMARY,SELL,1790272805.981,0.0,0,20.88749999999891,-8.985252940920182
recent_after_first80,whole_recent,recent24h|500ms|0|1|651,recent24h,500ms,0,PRIMARY,SELL,1790272811.981,0.0,0,17.55000000000109,12.45594143940009
recent_after_first80,whole_recent,recent24h|500ms|0|1|652,recent24h,500ms,0,PRIMARY,SELL,1790272820.944,0.0,0,14.737500000001091,-0.48560093013737615
recent_after_first80,whole_recent,recent24h|500ms|0|1|653,recent24h,500ms,0,PRIMARY,SELL,1790272830.8579998,0.0,0,14.662499999999453,-7.011333948630865
recent_after_first80,whole_recent,recent24h|500ms|0|1|654,recent24h,500ms,0,PRIMARY,SELL,1790272833.9580002,0.0,0,12.337499999999862,6.03886905558903
recent_after_first80,whole_recent,recent24h|500ms|0|1|655,recent24h,500ms,0,PRIMARY,SELL,1790272834.965,0.0,0,11.362499999999045,-8.89218138237022
recent_after_first80,whole_recent,recent24h|500ms|0|1|655,recent24h,500ms,0,PRIMARY,SELL,1790272836.967,2.002000093460083,1,10.912499999999454,-6.35227952388737
recent_after_first80,whole_recent,recent24h|500ms|0|1|656,recent24h,500ms,0,PRIMARY,SELL,1790272855.99,0.0,0,14.174999999999045,-9.906715269808144
recent_after_first80,whole_recent,recent24h|500ms|0|1|657,recent24h,500ms,0,PRIMARY,SELL,1790272857.479,0.0,0,15.2250000000015,-7.933687377284578
recent_after_first80,whole_recent,recent24h|500ms|0|1|658,recent24h,500ms,0,PRIMARY,SELL,1790272874.412,0.0,0,6.712499999999864,-7.105039260056877
recent_after_first80,whole_recent,recent24h|500ms|0|1|658,recent24h,500ms,0,PRIMARY,SELL,1790272876.965,2.552999973297119,1,6.787500000001501,-7.913363169855723
recent_after_first80,whole_recent,recent24h|500ms|0|1|658,recent24h,500ms,0,PRIMARY,SELL,1790272878.967,4.555000066757202,2,7.162499999999455,-7.70279516364625
recent_after_first80,whole_recent,recent24h|500ms|0|1|659,recent24h,500ms,0,PRIMARY,SELL,1790272879.922,0.0,0,7.050000000000408,-6.651355869619487
recent_after_first80,whole_recent,recent24h|500ms|0|1|660,recent24h,500ms,0,PRIMARY,SELL,1790272882.873,0.0,0,6.6000000000008185,-7.436658061083637
recent_after_first80,whole_recent,recent24h|500ms|0|1|661,recent24h,500ms,0,PRIMARY,SELL,1790272887.3260002,0.0,0,8.6625000000015,-7.010580303101172
recent_after_first80,whole_recent,recent24h|500ms|0|1|662,recent24h,500ms,0,PRIMARY,SELL,1790272899.44,0.0,0,2.400000000001228,6.018949294230687
recent_after_first80,whole_recent,recent24h|500ms|0|1|663,recent24h,500ms,0,PRIMARY,SELL,1790272901.4910002,0.0,0,2.7375000000017735,-6.4035481290769205
recent_after_first80,whole_recent,recent24h|500ms|0|1|663,recent24h,500ms,0,PRIMARY,SELL,1790272903.498,2.0069997310638428,1,2.287499999998772,-5.461875549815225
recent_after_first80,whole_recent,recent24h|500ms|0|1|664,recent24h,500ms,0,PRIMARY,SELL,1790272905.449,0.0,0,3.2624999999995907,-4.016457613615958
recent_after_first80,whole_recent,recent24h|500ms|0|1|665,recent24h,500ms,0,PRIMARY,SELL,1790272906.9529998,0.0,0,3.2624999999995907,-4.18149844715413
recent_after_first80,whole_recent,recent24h|500ms|0|1|666,recent24h,500ms,0,PRIMARY,SELL,1790272907.8070002,0.0,0,2.062500000000682,-7.115814570304712
recent_after_first80,whole_recent,recent24h|500ms|0|1|667,recent24h,500ms,0,PRIMARY,SELL,1790272909.96,0.0,0,-2.0249999999998636,-7.6554664611448295
recent_after_first80,whole_recent,recent24h|500ms|0|1|668,recent24h,500ms,0,PRIMARY,SELL,1790272911.414,0.0,0,-1.5374999999994543,-1.9984387601733813
recent_after_first80,whole_recent,recent24h|500ms|0|1|668,recent24h,500ms,0,PRIMARY,SELL,1790272913.461,2.046999931335449,1,-3.6749999999983625,-5.7010230421622765
recent_after_first80,whole_recent,recent24h|500ms|0|1|669,recent24h,500ms,0,PRIMARY,SELL,1790272915.964,0.0,0,-4.7250000000008185,-6.812293788810538
recent_after_first80,whole_recent,recent24h|500ms|0|1|670,recent24h,500ms,0,PRIMARY,SELL,1790272918.4689999,0.0,0,2.512500000000273,-4.8053463801506435
recent_after_first80,whole_recent,recent24h|500ms|0|1|671,recent24h,500ms,0,PRIMARY,SELL,1790272920.472,0.0,0,2.700000000000955,-4.720471273976496
recent_after_first80,whole_recent,recent24h|500ms|0|1|672,recent24h,500ms,0,PRIMARY,SELL,1790272965.982,0.0,0,-2.512500000000273,-5.785639670610411
recent_after_first80,whole_recent,recent24h|500ms|0|1|673,recent24h,500ms,0,PRIMARY,SELL,1790272985.32,0.0,0,-3.337499999997817,-5.561356042182446
recent_after_first80,whole_recent,recent24h|500ms|0|1|674,recent24h,500ms,0,PRIMARY,SELL,1790273115.98,0.0,0,-1.987499999999045,19.090838093448767
recent_after_first80,whole_recent,recent24h|500ms|0|1|675,recent24h,500ms,0,PRIMARY,SELL,1790273118.33,0.0,0,-1.3874999999995907,19.01646606394062
recent_after_first80,whole_recent,recent24h|500ms|0|1|676,recent24h,500ms,0,PRIMARY,SELL,1790273127.136,0.0,0,-1.3499999999987722,17.85917337101829
recent_after_first80,whole_recent,recent24h|500ms|0|1|677,recent24h,500ms,0,PRIMARY,SELL,1790273226.956,0.0,0,-7.4624999999991815,13.272184362275878
recent_after_first80,whole_recent,recent24h|500ms|0|1|678,recent24h,500ms,0,PRIMARY,SELL,1790273228.404,0.0,0,-8.024999999997817,14.006746151513724
recent_after_first80,whole_recent,recent24h|500ms|0|1|678,recent24h,500ms,0,PRIMARY,SELL,1790273230.497,2.0929999351501465,1,-7.424999999998362,9.161909556562984
recent_after_first80,whole_recent,recent24h|500ms|0|1|679,recent24h,500ms,0,PRIMARY,SELL,1790273231.849,0.0,0,-7.799999999999727,12.729859405843852
recent_after_first80,whole_recent,recent24h|500ms|0|1|680,recent24h,500ms,0,PRIMARY,SELL,1790273233.451,0.0,0,-7.387499999997544,5.6009470379363036
recent_after_first80,whole_recent,recent24h|500ms|0|1|681,recent24h,500ms,0,PRIMARY,SELL,1790273241.613,0.0,0,-6.412500000000136,9.303490164057331
recent_after_first80,whole_recent,recent24h|500ms|0|1|681,recent24h,500ms,0,PRIMARY,SELL,1790273243.867,2.254000186920166,1,-6.112500000000409,5.9145537667716
recent_after_first80,whole_recent,recent24h|500ms|0|1|681,recent24h,500ms,0,PRIMARY,SELL,1790273245.964,4.351000070571899,2,-6.07499999999959,10.02917924152534
recent_after_first80,whole_recent,recent24h|500ms|0|1|682,recent24h,500ms,0,PRIMARY,SELL,1790273249.4689999,0.0,0,-7.312499999999318,10.837340639973318
recent_after_first80,whole_recent,recent24h|500ms|0|1|683,recent24h,500ms,0,PRIMARY,SELL,1790273250.471,0.0,0,-7.874999999997954,10.137293646216301
recent_after_first80,whole_recent,recent24h|500ms|0|1|684,recent24h,500ms,0,PRIMARY,SELL,1790273254.879,0.0,0,-7.874999999997954,11.38138849369418
recent_after_first80,whole_recent,recent24h|500ms|0|1|685,recent24h,500ms,0,PRIMARY,SELL,1790273602.486,0.0,0,-22.799999999999727,-2.0981346085515167
recent_after_first80,whole_recent,recent24h|500ms|0|1|686,recent24h,500ms,0,PRIMARY,SELL,1790273609.9459999,0.0,0,-24.037500000002865,-6.431260417971584
recent_after_first80,whole_recent,recent24h|500ms|0|1|687,recent24h,500ms,0,PRIMARY,SELL,1790273611.497,0.0,0,-15.2250000000015,-4.44659473100343
recent_after_first80,whole_recent,recent24h|500ms|0|1|688,recent24h,500ms,0,PRIMARY,SELL,1790273612.798,0.0,0,-15.075000000001635,-5.127926197847445
recent_after_first80,whole_recent,recent24h|500ms|0|1|689,recent24h,500ms,0,PRIMARY,SELL,1790273614.948,0.0,0,-23.775000000000546,-5.483534725104538
recent_after_first80,whole_recent,recent24h|500ms|0|1|690,recent24h,500ms,0,PRIMARY,SELL,1790273623.36,0.0,0,-23.25000000000273,1.5900182659384612
recent_after_first80,whole_recent,recent24h|500ms|0|1|691,recent24h,500ms,0,PRIMARY,SELL,1790273625.916,0.0,0,-23.25000000000273,-2.3474455253033177
recent_after_first80,whole_recent,recent24h|500ms|0|1|692,recent24h,500ms,0,PRIMARY,SELL,1790273628.9750001,0.0,0,-15.187499999997272,0.0034015416503105494
recent_after_first80,whole_recent,recent24h|500ms|0|1|693,recent24h,500ms,0,PRIMARY,SELL,1790273631.481,0.0,0,-15.149999999999864,-6.043722961041922
recent_after_first80,whole_recent,recent24h|500ms|0|1|694,recent24h,500ms,0,PRIMARY,SELL,1790273633.979,0.0,0,-16.312500000001364,-2.731363560528909
recent_after_first80,whole_recent,recent24h|500ms|0|1|695,recent24h,500ms,0,PRIMARY,SELL,1790273635.4780002,0.0,0,-15.149999999999864,-1.8494093866529786
recent_after_first80,whole_recent,recent24h|500ms|0|1|696,recent24h,500ms,0,PRIMARY,SELL,1790273638.388,0.0,0,-15.637500000000271,-3.3966984803803637
recent_after_first80,whole_recent,recent24h|500ms|0|1|697,recent24h,500ms,0,PRIMARY,SELL,1790273646.492,0.0,0,-15.412499999998772,-3.6752149631524276
recent_after_first80,whole_recent,recent24h|500ms|0|1|698,recent24h,500ms,0,PRIMARY,SELL,1790273652.997,0.0,0,-16.125000000000682,-1.8020848802909082
recent_after_first80,whole_recent,recent24h|500ms|0|1|699,recent24h,500ms,0,PRIMARY,SELL,1790273654.956,0.0,0,-15.412499999998772,-4.117751833419007
recent_after_first80,whole_recent,recent24h|500ms|0|1|700,recent24h,500ms,0,PRIMARY,SELL,1790273659.458,0.0,0,-23.96250000000123,-0.9218702649394059
recent_after_first80,whole_recent,recent24h|500ms|0|1|700,recent24h,500ms,0,PRIMARY,SELL,1790273661.4620001,2.004000186920166,1,-15.0,0.7016062061276427
recent_after_first80,whole_recent,recent24h|500ms|0|1|701,recent24h,500ms,0,PRIMARY,SELL,1790273669.4750001,0.0,0,-15.2250000000015,0.5002181269073096
recent_after_first80,whole_recent,recent24h|500ms|0|1|702,recent24h,500ms,0,PRIMARY,SELL,1790273674.485,0.0,0,-15.037500000000819,-1.564587349053393
recent_after_first80,whole_recent,recent24h|500ms|0|1|703,recent24h,500ms,0,PRIMARY,SELL,1790273679.987,0.0,0,-15.637500000000271,-1.700761321930842
recent_after_first80,whole_recent,recent24h|500ms|0|1|704,recent24h,500ms,0,PRIMARY,BUY,1790275454.6790001,0.0,0,-5.5874999999991815,-6.088598090530284
recent_after_first80,whole_recent,recent24h|500ms|0|1|705,recent24h,500ms,0,PRIMARY,BUY,1790275456.284,0.0,0,-5.774999999999864,-4.559134055652069
recent_after_first80,whole_recent,recent24h|500ms|0|1|706,recent24h,500ms,0,PRIMARY,BUY,1790275457.492,0.0,0,-7.3500000000001355,-4.624324831427944
recent_after_first80,whole_recent,recent24h|500ms|0|1|707,recent24h,500ms,0,PRIMARY,BUY,1790275461.44,0.0,0,-6.337499999998499,-5.512635632455023
recent_after_first80,whole_recent,recent24h|500ms|0|1|708,recent24h,500ms,0,PRIMARY,BUY,1790275464.492,0.0,0,-7.3500000000001355,-3.4517033440581137
recent_after_first80,whole_recent,recent24h|500ms|0|1|708,recent24h,500ms,0,PRIMARY,BUY,1790275466.994,2.501999855041504,1,-6.750000000000681,-4.813444898301971
recent_after_first80,whole_recent,recent24h|500ms|0|1|708,recent24h,500ms,0,PRIMARY,BUY,1790275469.452,4.9599997997283936,2,-6.262500000000272,-5.634938258474192
recent_after_first80,whole_recent,recent24h|500ms|0|1|708,recent24h,500ms,0,PRIMARY,BUY,1790275471.4950001,7.003000020980835,3,-6.112500000000409,-5.275646123151141
recent_after_first80,whole_recent,recent24h|500ms|0|1|709,recent24h,500ms,0,PRIMARY,BUY,1790275473.599,0.0,0,-6.224999999999454,-4.666003218214951
recent_after_first80,whole_recent,recent24h|500ms|0|1|709,recent24h,500ms,0,PRIMARY,BUY,1790275475.956,2.3570001125335693,1,-5.737499999999045,-0.28528650194942423
recent_after_first80,whole_recent,recent24h|500ms|0|1|709,recent24h,500ms,0,PRIMARY,BUY,1790275478.46,4.861000061035156,2,-5.549999999998363,-5.893068846418524
recent_after_first80,whole_recent,recent24h|500ms|0|1|710,recent24h,500ms,0,PRIMARY,BUY,1790275481.966,0.0,0,-6.787500000001501,-5.725395199804006
recent_after_first80,whole_recent,recent24h|500ms|0|1|711,recent24h,500ms,0,PRIMARY,BUY,1790275876.835,0.0,0,-15.562500000002046,-8.299362982884931
recent_after_first80,whole_recent,recent24h|500ms|0|1|712,recent24h,500ms,0,PRIMARY,BUY,1790275882.499,0.0,0,-15.187500000000682,-7.247194694675911
recent_after_first80,whole_recent,recent24h|500ms|0|1|713,recent24h,500ms,0,PRIMARY,BUY,1790275885.457,0.0,0,-15.112499999999045,-7.503368290595071
recent_after_first80,whole_recent,recent24h|500ms|0|1|714,recent24h,500ms,0,PRIMARY,BUY,1790275887.4550002,0.0,0,-15.037500000000819,-7.649069380056918
recent_after_first80,whole_recent,recent24h|500ms|0|1|715,recent24h,500ms,0,PRIMARY,BUY,1790275890.757,0.0,0,-15.637500000000271,-8.431752982936533
recent_after_first80,whole_recent,recent24h|1s|0|1|1,recent24h,1s,0,PRIMARY,BUY,1790192053.982,0.0,0,-6.187500000002047,-6.045024421010691
recent_after_first80,whole_recent,recent24h|1s|0|1|2,recent24h,1s,0,PRIMARY,BUY,1790192074.8009999,0.0,0,-4.350000000002865,-5.402129383172264
recent_after_first80,whole_recent,recent24h|1s|0|1|3,recent24h,1s,0,PRIMARY,SELL,1790193767.9910002,0.0,0,-15.2250000000015,4.547862410386495
recent_after_first80,whole_recent,recent24h|1s|0|2|4,recent24h,1s,0,SECONDARY,SELL,1790193767.9910002,0.0,0,-15.2250000000015,2.281213822428672
recent_after_first80,whole_recent,recent24h|1s|0|3|5,recent24h,1s,0,MICRO,SELL,1790193767.9910002,0.0,0,-15.2250000000015,2.281213822428672
recent_after_first80,whole_recent,recent24h|1s|0|1|6,recent24h,1s,0,PRIMARY,SELL,1790193771.8990002,0.0,0,-16.16249999999809,-3.0447002664838614
recent_after_first80,whole_recent,recent24h|1s|0|3|7,recent24h,1s,0,MICRO,SELL,1790193771.8990002,0.0,0,-16.16249999999809,-1.955556669895318
recent_after_first80,whole_recent,recent24h|1s|0|1|8,recent24h,1s,0,PRIMARY,SELL,1790193820.817,0.0,0,-15.299999999999727,-3.507660395544099
recent_after_first80,whole_recent,recent24h|1s|0|1|9,recent24h,1s,0,PRIMARY,SELL,1790193823.964,0.0,0,-16.049999999999045,2.398030236219917
recent_after_first80,whole_recent,recent24h|1s|0|1|10,recent24h,1s,0,PRIMARY,SELL,1790193846.9459999,0.0,0,-15.67500000000109,0.9900897223611518
recent_after_first80,whole_recent,recent24h|1s|0|1|11,recent24h,1s,0,PRIMARY,SELL,1790193848.993,0.0,0,-15.337500000000546,4.475857106920555
recent_after_first80,whole_recent,recent24h|1s|0|1|12,recent24h,1s,0,PRIMARY,SELL,1790193852.967,0.0,0,-15.599999999999454,-0.595622975942465
recent_after_first80,whole_recent,recent24h|1s|0|1|13,recent24h,1s,0,PRIMARY,SELL,1790193857.999,0.0,0,-15.562499999998636,-1.881131708242432
recent_after_first80,whole_recent,recent24h|1s|0|1|14,recent24h,1s,0,PRIMARY,SELL,1790193860.854,0.0,0,-15.374999999997954,-5.340877209322371
recent_after_first80,whole_recent,recent24h|1s|0|1|15,recent24h,1s,0,PRIMARY,SELL,1790193862.704,0.0,0,-16.275000000000546,0.3267613656441132
recent_after_first80,whole_recent,recent24h|1s|0|1|15,recent24h,1s,0,PRIMARY,SELL,1790193864.96,2.25600004196167,1,-15.299999999999727,-5.8176750364319885
recent_after_first80,whole_recent,recent24h|1s|0|1|15,recent24h,1s,0,PRIMARY,SELL,1790193866.961,4.256999969482422,2,-16.237499999999727,-0.8535209550310524
recent_after_first80,whole_recent,recent24h|1s|0|1|16,recent24h,1s,0,PRIMARY,SELL,1790193872.7710001,0.0,0,-15.075000000001635,-0.10070144780703781
recent_after_first80,whole_recent,recent24h|1s|0|1|17,recent24h,1s,0,PRIMARY,SELL,1790193987.901,0.0,0,-15.487500000000411,0.8786035105949873
recent_after_first80,whole_recent,recent24h|1s|0|1|18,recent24h,1s,0,PRIMARY,SELL,1790194365.9689999,0.0,0,-15.0,2.1921261080624865
recent_after_first80,whole_recent,recent24h|1s|0|1|19,recent24h,1s,0,PRIMARY,SELL,1790194367.9689999,0.0,0,-15.562499999998636,4.682407884629906
recent_after_first80,whole_recent,recent24h|1s|0|1|20,recent24h,1s,0,PRIMARY,SELL,1790194373.968,0.0,0,-15.562500000002046,5.730638256842383
recent_after_first80,whole_recent,recent24h|1s|0|3|21,recent24h,1s,0,MICRO,SELL,1790194373.968,0.0,0,-5.700000000001637,6.168514046094435
recent_after_first80,whole_recent,recent24h|1s|0|1|22,recent24h,1s,0,PRIMARY,SELL,1790194437.96,0.0,0,-15.22499999999809,10.004990086794711
recent_after_first80,whole_recent,recent24h|1s|0|1|22,recent24h,1s,0,PRIMARY,SELL,1790194440.816,2.8559999465942383,1,-15.337499999997135,16.087580328139786
recent_after_first80,whole_recent,recent24h|1s|0|1|23,recent24h,1s,0,PRIMARY,SELL,1790194446.98,0.0,0,-15.674999999997679,9.147682847124637
recent_after_first80,whole_recent,recent24h|1s|0|1|24,recent24h,1s,0,PRIMARY,SELL,1790194450.391,0.0,0,-15.674999999997679,9.283806348946884
recent_after_first80,whole_recent,recent24h|1s|0|1|25,recent24h,1s,0,PRIMARY,SELL,1790194453.983,0.0,0,-15.524999999997817,11.43640707792415
recent_after_first80,whole_recent,recent24h|1s|0|1|26,recent24h,1s,0,PRIMARY,SELL,1790194455.431,0.0,0,-15.075000000001635,7.666513710818114
recent_after_first80,whole_recent,recent24h|1s|0|1|27,recent24h,1s,0,PRIMARY,SELL,1790194457.733,0.0,0,-15.374999999997954,7.5359274966053
recent_after_first80,whole_recent,recent24h|1s|0|1|28,recent24h,1s,0,PRIMARY,SELL,1790194463.945,0.0,0,-16.575000000000273,11.611386102499972
recent_after_first80,whole_recent,recent24h|1s|0|1|29,recent24h,1s,0,PRIMARY,SELL,1790194472.912,0.0,0,-16.1625000000015,8.116403826984515
recent_after_first80,whole_recent,recent24h|1s|0|1|30,recent24h,1s,0,PRIMARY,SELL,1790194477.811,0.0,0,-17.13750000000232,5.596076723522067
recent_after_first80,whole_recent,recent24h|1s|0|1|31,recent24h,1s,0,PRIMARY,SELL,1790194482.924,0.0,0,-15.037500000000819,7.084618518191116
recent_after_first80,whole_recent,recent24h|1s|0|1|32,recent24h,1s,0,PRIMARY,SELL,1790194553.999,0.0,0,-15.037500000000819,4.701730481975904
recent_after_first80,whole_recent,recent24h|1s|0|1|33,recent24h,1s,0,PRIMARY,SELL,1790194556.9459999,0.0,0,-15.449999999999589,3.9931858305220036
recent_after_first80,whole_recent,recent24h|1s|0|1|34,recent24h,1s,0,PRIMARY,SELL,1790194559.9580002,0.0,0,-15.9375,6.8645881840291905
recent_after_first80,whole_recent,recent24h|1s|0|1|35,recent24h,1s,0,PRIMARY,SELL,1790194562.961,0.0,0,-15.112500000002456,0.6041124593472545
recent_after_first80,whole_recent,recent24h|1s|0|1|36,recent24h,1s,0,PRIMARY,SELL,1790194566.7649999,0.0,0,-15.562500000002046,5.788384118581377
recent_after_first80,whole_recent,recent24h|1s|0|1|37,recent24h,1s,0,PRIMARY,SELL,1790194570.925,0.0,0,-15.862500000001772,7.383553930363485
recent_after_first80,whole_recent,recent24h|1s|0|1|38,recent24h,1s,0,PRIMARY,SELL,1790194572.971,0.0,0,-15.0,3.6478800582776256
recent_after_first80,whole_recent,recent24h|1s|0|1|39,recent24h,1s,0,PRIMARY,SELL,1790194575.924,0.0,0,-15.67500000000109,0.1531075387905954
recent_after_first80,whole_recent,recent24h|1s|0|1|39,recent24h,1s,0,PRIMARY,SELL,1790194577.976,2.052000045776367,1,-15.2250000000015,0.7440689884037972
recent_after_first80,whole_recent,recent24h|1s|0|1|40,recent24h,1s,0,PRIMARY,SELL,1790194579.375,0.0,0,-15.375000000001364,0.9136729924470233
recent_after_first80,whole_recent,recent24h|1s|0|1|40,recent24h,1s,0,PRIMARY,SELL,1790194581.824,2.4489998817443848,1,-15.375000000001364,-0.6488261604113618
recent_after_first80,whole_recent,recent24h|1s|0|1|41,recent24h,1s,0,PRIMARY,SELL,1790194585.624,0.0,0,-15.375000000001364,0.25357277749288365
recent_after_first80,whole_recent,recent24h|1s|0|1|42,recent24h,1s,0,PRIMARY,SELL,1790194588.981,0.0,0,-15.337500000000546,3.032395748292222
recent_after_first80,whole_recent,recent24h|1s|0|4|43,recent24h,1s,0,BURST,SELL,1790195523.912,0.0,0,-1.2374999999997272,-3.7618093973846682
recent_after_first80,whole_recent,recent24h|1s|0|4|44,recent24h,1s,0,BURST,SELL,1790195525.956,0.0,0,0.7124999999984993,-3.068218020219996
recent_after_first80,whole_recent,recent24h|1s|0|4|45,recent24h,1s,0,BURST,SELL,1790195528.905,0.0,0,-1.012500000001637,-4.585258557736731
recent_after_first80,whole_recent,recent24h|1s|0|4|45,recent24h,1s,0,BURST,SELL,1790195530.971,2.065999984741211,1,-1.5750000000002728,-4.228934284996489
recent_after_first80,whole_recent,recent24h|1s|0|1|46,recent24h,1s,0,PRIMARY,SELL,1790196024.809,0.0,0,-15.299999999999727,-0.29260294851258684
recent_after_first80,whole_recent,recent24h|1s|0|1|47,recent24h,1s,0,PRIMARY,SELL,1790196034.9750001,0.0,0,-15.037499999997408,10.138670527642416
recent_after_first80,whole_recent,recent24h|1s|0|1|48,recent24h,1s,0,PRIMARY,SELL,1790196047.999,0.0,0,-16.91250000000082,4.9328179215232195
recent_after_first80,whole_recent,recent24h|1s|0|2|49,recent24h,1s,0,SECONDARY,BUY,1790196065.932,0.0,0,31.83749999999918,-1.7113264848174154
recent_after_first80,whole_recent,recent24h|1s|0|2|50,recent24h,1s,0,SECONDARY,BUY,1790196082.9980001,0.0,0,30.749999999999318,4.231238788655757
recent_after_first80,whole_recent,recent24h|1s|0|3|51,recent24h,1s,0,MICRO,BUY,1790196103.82,0.0,0,10.687499999997954,2.8643790010981567
recent_after_first80,whole_recent,recent24h|1s|0|3|52,recent24h,1s,0,MICRO,BUY,1790196108.964,0.0,0,9.187499999999318,-0.8640545157563511
recent_after_first80,whole_recent,recent24h|1s|0|3|53,recent24h,1s,0,MICRO,BUY,1790196113.92,0.0,0,0.5624999999986358,-1.14087993460429
recent_after_first80,whole_recent,recent24h|1s|0|3|53,recent24h,1s,0,MICRO,BUY,1790196115.921,2.000999927520752,1,7.387500000000955,-1.9395129894374643
recent_after_first80,whole_recent,recent24h|1s|0|3|54,recent24h,1s,0,MICRO,BUY,1790196127.9859998,0.0,0,6.937499999997953,-0.3628658480312323
recent_after_first80,whole_recent,recent24h|1s|0|3|55,recent24h,1s,0,MICRO,BUY,1790196131.9020002,0.0,0,7.3500000000001355,-1.206544536515908
recent_after_first80,whole_recent,recent24h|1s|0|3|56,recent24h,1s,0,MICRO,BUY,1790196134.996,0.0,0,11.100000000000136,-1.0542232104413716
recent_after_first80,whole_recent,recent24h|1s|0|3|57,recent24h,1s,0,MICRO,BUY,1790196137.9529998,0.0,0,11.549999999999727,-2.5699834714124123
recent_after_first80,whole_recent,recent24h|1s|0|3|58,recent24h,1s,0,MICRO,BUY,1790196156.9169998,0.0,0,11.512499999998909,-0.7489373648575108
recent_after_first80,whole_recent,recent24h|1s|0|3|58,recent24h,1s,0,MICRO,BUY,1790196158.983,2.06600022315979,1,11.100000000000136,-0.010844466412726433
recent_after_first80,whole_recent,recent24h|1s|0|3|59,recent24h,1s,0,MICRO,BUY,1790196160.823,0.0,0,9.1499999999985,0.21318613929326502
recent_after_first80,whole_recent,recent24h|1s|0|3|59,recent24h,1s,0,MICRO,BUY,1790196162.924,2.1010000705718994,1,9.375,0.3614171117486353
recent_after_first80,whole_recent,recent24h|1s|0|1|60,recent24h,1s,0,PRIMARY,BUY,1790196167.9390001,0.0,0,17.32499999999959,-4.781481889344802
recent_after_first80,whole_recent,recent24h|1s|0|2|61,recent24h,1s,0,SECONDARY,BUY,1790196167.9390001,0.0,0,30.14999999999986,-4.3436061000927495
recent_after_first80,whole_recent,recent24h|1s|0|3|62,recent24h,1s,0,MICRO,BUY,1790196167.9390001,0.0,0,9.524999999999864,-4.3436061000927495
recent_after_first80,whole_recent,recent24h|1s|0|1|63,recent24h,1s,0,PRIMARY,BUY,1790196169.99,0.0,0,18.225000000002183,-2.7343851455968937
recent_after_first80,whole_recent,recent24h|1s|0|3|64,recent24h,1s,0,MICRO,BUY,1790196169.99,0.0,0,9.750000000001364,-2.296509356344842
recent_after_first80,whole_recent,recent24h|1s|0|1|65,recent24h,1s,0,PRIMARY,BUY,1790196172.993,0.0,0,19.575000000000955,-3.2029450380950486
recent_after_first80,whole_recent,recent24h|1s|0|3|66,recent24h,1s,0,MICRO,BUY,1790196172.993,0.0,0,10.500000000000682,-2.765069248842997
recent_after_first80,whole_recent,recent24h|1s|0|1|67,recent24h,1s,0,PRIMARY,BUY,1790196176.99,0.0,0,18.52500000000191,-5.515463238971237
recent_after_first80,whole_recent,recent24h|1s|0|1|68,recent24h,1s,0,PRIMARY,BUY,1790196184.9539998,0.0,0,16.537499999999454,-3.43059974967555
recent_after_first80,whole_recent,recent24h|1s|0|2|69,recent24h,1s,0,SECONDARY,BUY,1790196184.9539998,0.0,0,20.924999999999727,-2.9927239604234983
recent_after_first80,whole_recent,recent24h|1s|0|1|68,recent24h,1s,0,PRIMARY,BUY,1790196186.965,2.011000156402588,1,16.275000000000546,-3.66396499911917
recent_after_first80,whole_recent,recent24h|1s|0|1|70,recent24h,1s,0,PRIMARY,BUY,1790196220.757,0.0,0,19.837500000003274,1.9275123786412311
recent_after_first80,whole_recent,recent24h|1s|0|1|70,recent24h,1s,0,PRIMARY,BUY,1790196222.766,2.009000062942505,1,19.537500000000136,4.490015061026605
recent_after_first80,whole_recent,recent24h|1s|0|1|71,recent24h,1s,0,PRIMARY,BUY,1790196224.9169998,0.0,0,19.612500000001774,4.578588046711186
recent_after_first80,whole_recent,recent24h|1s|0|1|71,recent24h,1s,0,PRIMARY,BUY,1790196226.963,2.0460002422332764,1,20.062499999997954,3.1989645095367427
recent_after_first80,whole_recent,recent24h|1s|0|1|71,recent24h,1s,0,PRIMARY,BUY,1790196229.972,5.055000066757202,2,18.9750000000015,-3.425322552744038
recent_after_first80,whole_recent,recent24h|1s|0|1|72,recent24h,1s,0,PRIMARY,BUY,1790196232.9750001,0.0,0,17.512500000000273,-4.000721230632085
recent_after_first80,whole_recent,recent24h|1s|0|1|72,recent24h,1s,0,PRIMARY,BUY,1790196234.977,2.001999855041504,1,16.687499999999318,-2.063490145952674
recent_after_first80,whole_recent,recent24h|1s|0|1|72,recent24h,1s,0,PRIMARY,BUY,1790196236.983,4.007999897003174,2,16.237499999999727,-5.9130557959459935
recent_after_first80,whole_recent,recent24h|1s|0|1|73,recent24h,1s,0,PRIMARY,BUY,1790196238.872,0.0,0,16.83749999999918,-4.676457459653804
recent_after_first80,whole_recent,recent24h|1s|0|1|74,recent24h,1s,0,PRIMARY,BUY,1790196266.9689999,0.0,0,15.149999999999864,-3.5233208082764635
recent_after_first80,whole_recent,recent24h|1s|0|1|75,recent24h,1s,0,PRIMARY,BUY,1790196269.666,0.0,0,16.349999999998772,-5.812726278931327
recent_after_first80,whole_recent,recent24h|1s|0|1|76,recent24h,1s,0,PRIMARY,BUY,1790196275.979,0.0,0,15.600000000002865,-7.684576251382247
recent_after_first80,whole_recent,recent24h|1s|0|1|77,recent24h,1s,0,PRIMARY,BUY,1790196277.966,0.0,0,14.662499999999453,-8.84485838121342
recent_after_first80,whole_recent,recent24h|1s|0|1|78,recent24h,1s,0,PRIMARY,BUY,1790196282.984,0.0,0,15.149999999999864,-12.628537158956435
recent_after_first80,whole_recent,recent24h|1s|0|1|78,recent24h,1s,0,PRIMARY,BUY,1790196284.9889998,2.004999876022339,1,15.487500000000411,-11.244274392434598
recent_after_first80,whole_recent,recent24h|1s|0|1|79,recent24h,1s,0,PRIMARY,BUY,1790196290.9910002,0.0,0,15.525000000001228,-10.222564450010944
recent_after_first80,whole_recent,recent24h|1s|0|1|80,recent24h,1s,0,PRIMARY,BUY,1790196294.8460002,0.0,0,16.6499999999985,-10.151852012613436
recent_after_first80,whole_recent,recent24h|1s|0|1|81,recent24h,1s,0,PRIMARY,BUY,1790196297.967,0.0,0,15.862499999998361,-9.786660992598168
recent_after_first80,whole_recent,recent24h|1s|0|1|81,recent24h,1s,0,PRIMARY,BUY,1790196300.912,2.944999933242798,1,17.13749999999891,-12.178681242640215
recent_after_first80,whole_recent,recent24h|1s|0|1|82,recent24h,1s,0,PRIMARY,BUY,1790196303.966,0.0,0,16.837500000002592,-7.215854834086274
recent_after_first80,whole_recent,recent24h|1s|0|1|82,recent24h,1s,0,PRIMARY,BUY,1790196306.984,3.0179998874664307,1,16.725000000000136,-10.05891013163634
recent_after_first80,whole_recent,recent24h|1s|0|1|83,recent24h,1s,0,PRIMARY,BUY,1790196309.928,0.0,0,15.374999999997954,-8.917302103733544
recent_after_first80,whole_recent,recent24h|1s|0|1|83,recent24h,1s,0,PRIMARY,BUY,1790196311.985,2.056999921798706,1,16.575000000000273,-3.8820164738155434
recent_after_first80,whole_recent,recent24h|1s|0|1|83,recent24h,1s,0,PRIMARY,BUY,1790196314.981,5.052999973297119,2,16.19999999999891,-0.11601537999598471
recent_after_first80,whole_recent,recent24h|1s|0|1|83,recent24h,1s,0,PRIMARY,BUY,1790196317.7910001,7.863000154495239,3,15.374999999997954,-5.080751042833152
recent_after_first80,whole_recent,recent24h|1s|0|1|84,recent24h,1s,0,PRIMARY,BUY,1790196319.992,0.0,0,16.237499999999727,-1.8880923344633456
recent_after_first80,whole_recent,recent24h|1s|0|1|85,recent24h,1s,0,PRIMARY,BUY,1790196321.9950001,0.0,0,13.724999999999453,-5.360045929893737
recent_after_first80,whole_recent,recent24h|1s|0|1|86,recent24h,1s,0,PRIMARY,BUY,1790196330.96,0.0,0,15.449999999999589,-5.308417271034627
recent_after_first80,whole_recent,recent24h|1s|0|1|87,recent24h,1s,0,PRIMARY,BUY,1790196335.6579998,0.0,0,13.162499999997408,-5.816009800567001
recent_after_first80,whole_recent,recent24h|1s|0|1|88,recent24h,1s,0,PRIMARY,BUY,1790196357.9859998,0.0,0,14.437499999997954,-6.416245113471164
recent_after_first80,whole_recent,recent24h|1s|0|1|89,recent24h,1s,0,PRIMARY,BUY,1790196360.945,0.0,0,14.174999999999045,-4.019139742133459
recent_after_first80,whole_recent,recent24h|1s|0|1|90,recent24h,1s,0,PRIMARY,BUY,1790196368.903,0.0,0,17.174999999999727,-4.581652645566143
recent_after_first80,whole_recent,recent24h|1s|0|1|91,recent24h,1s,0,PRIMARY,BUY,1790196371.967,0.0,0,19.19999999999959,-5.450656378514998
recent_after_first80,whole_recent,recent24h|1s|0|1|92,recent24h,1s,0,PRIMARY,BUY,1790196373.96,0.0,0,17.775000000002592,-4.6690548555157365
recent_after_first80,whole_recent,recent24h|1s|0|1|93,recent24h,1s,0,PRIMARY,BUY,1790196375.98,0.0,0,18.412499999999454,-3.7939986128267296
recent_after_first80,whole_recent,recent24h|1s|0|1|94,recent24h,1s,0,PRIMARY,BUY,1790196377.962,0.0,0,18.07499999999891,-3.5256303160900884
recent_after_first80,whole_recent,recent24h|1s|0|1|95,recent24h,1s,0,PRIMARY,BUY,1790196380.979,0.0,0,18.637500000000955,-3.554145957544244
recent_after_first80,whole_recent,recent24h|1s|0|1|96,recent24h,1s,0,PRIMARY,BUY,1790196386.981,0.0,0,16.350000000002183,-2.8200526353387745
recent_after_first80,whole_recent,recent24h|1s|0|1|96,recent24h,1s,0,PRIMARY,BUY,1790196389.9750001,2.994000196456909,1,16.65000000000191,-4.126148700386912
recent_after_first80,whole_recent,recent24h|1s|0|1|97,recent24h,1s,0,PRIMARY,BUY,1790196392.928,0.0,0,14.437499999997954,-4.774811919998509
recent_after_first80,whole_recent,recent24h|1s|0|1|98,recent24h,1s,0,PRIMARY,BUY,1790196461.963,0.0,0,-1.8374999999991812,5.322491579886535
recent_after_first80,whole_recent,recent24h|1s|0|1|98,recent24h,1s,0,PRIMARY,BUY,1790196464.916,2.9529998302459717,1,-2.8500000000008185,0.888762198675884
recent_after_first80,whole_recent,recent24h|1s|0|1|98,recent24h,1s,0,PRIMARY,BUY,1790196466.972,5.008999824523926,2,-3.2249999999987717,1.9320740396700928
recent_after_first80,whole_recent,recent24h|1s|0|1|98,recent24h,1s,0,PRIMARY,BUY,1790196468.982,7.019000053405762,3,-4.387500000000273,-0.8191257116342905
recent_after_first80,whole_recent,recent24h|1s|0|1|98,recent24h,1s,0,PRIMARY,BUY,1790196471.934,9.970999956130981,4,11.287500000000819,1.7183435229409276
recent_after_first80,whole_recent,recent24h|1s|0|1|98,recent24h,1s,0,PRIMARY,BUY,1790196473.978,12.014999866485596,5,11.100000000000136,-1.8015577245557735
recent_after_first80,whole_recent,recent24h|1s|0|1|98,recent24h,1s,0,PRIMARY,BUY,1790196476.985,15.021999835968018,6,11.812499999998636,-4.596761425978132
recent_after_first80,whole_recent,recent24h|1s|0|1|98,recent24h,1s,0,PRIMARY,BUY,1790196479.682,17.7189998626709,7,11.437500000000682,-1.924454193550843
recent_after_first80,whole_recent,recent24h|1s|0|1|99,recent24h,1s,0,PRIMARY,BUY,1790196481.9889998,0.0,0,10.875000000002046,-1.751491737781164
recent_after_first80,whole_recent,recent24h|1s|0|1|100,recent24h,1s,0,PRIMARY,BUY,1790196496.962,0.0,0,8.88749999999959,-1.0450157227192214
recent_after_first80,whole_recent,recent24h|1s|0|1|101,recent24h,1s,0,PRIMARY,BUY,1790196498.9139998,0.0,0,7.874999999997954,2.9217154269502195
recent_after_first80,whole_recent,recent24h|1s|0|1|101,recent24h,1s,0,PRIMARY,BUY,1790196501.9190001,3.005000352859497,1,6.749999999997271,-1.366839388243427
recent_after_first80,whole_recent,recent24h|1s|0|1|102,recent24h,1s,0,PRIMARY,BUY,1790196503.575,0.0,0,7.124999999998636,5.295449259245238
recent_after_first80,whole_recent,recent24h|1s|0|1|102,recent24h,1s,0,PRIMARY,BUY,1790196505.872,2.296999931335449,1,7.837500000000545,-0.9420381537033309
recent_after_first80,whole_recent,recent24h|1s|0|1|102,recent24h,1s,0,PRIMARY,BUY,1790196507.9390001,4.364000082015991,2,6.637500000001637,-1.009557051776684
recent_after_first80,whole_recent,recent24h|1s|0|1|102,recent24h,1s,0,PRIMARY,BUY,1790196509.9859998,6.410999774932861,3,7.387500000000955,-0.9459773950758545
recent_after_first80,whole_recent,recent24h|1s|0|1|103,recent24h,1s,0,PRIMARY,BUY,1790196512.6390002,0.0,0,7.087499999997817,1.8602595272236313
recent_after_first80,whole_recent,recent24h|1s|0|1|104,recent24h,1s,0,PRIMARY,BUY,1790196561.996,0.0,0,-4.7250000000008185,6.849862666452837
recent_after_first80,whole_recent,recent24h|1s|0|1|105,recent24h,1s,0,PRIMARY,BUY,1790196563.8409998,0.0,0,-4.575000000000955,8.647066629267519
recent_after_first80,whole_recent,recent24h|1s|0|1|106,recent24h,1s,0,PRIMARY,BUY,1790196605.8460002,0.0,0,-8.737499999999727,1.1593124641442543
recent_after_first80,whole_recent,recent24h|1s|0|1|107,recent24h,1s,0,PRIMARY,BUY,1790197249.961,0.0,0,-4.199999999999591,1.639902129839288
recent_after_first80,whole_recent,recent24h|1s|0|1|107,recent24h,1s,0,PRIMARY,BUY,1790197251.962,2.000999927520752,1,-4.987499999999727,-0.6822103542592004
recent_after_first80,whole_recent,recent24h|1s|0|1|107,recent24h,1s,0,PRIMARY,BUY,1790197254.568,4.607000112533569,2,-4.6875,-0.7352052003505309
recent_after_first80,whole_recent,recent24h|1s|0|1|108,recent24h,1s,0,PRIMARY,BUY,1790197261.833,0.0,0,-5.999999999997954,-0.3170898999995185
recent_after_first80,whole_recent,recent24h|1s|0|1|108,recent24h,1s,0,PRIMARY,BUY,1790197264.99,3.1570000648498535,1,-6.4499999999975435,0.7197773685599
recent_after_first80,whole_recent,recent24h|1s|0|1|109,recent24h,1s,0,PRIMARY,BUY,1790197267.947,0.0,0,-6.07499999999959,0.2100750050730885
recent_after_first80,whole_recent,recent24h|1s|0|1|109,recent24h,1s,0,PRIMARY,BUY,1790197269.948,2.000999927520752,1,-15.262499999998907,-0.765020599308619
recent_after_first80,whole_recent,recent24h|1s|0|1|109,recent24h,1s,0,PRIMARY,BUY,1790197272.81,4.86299991607666,2,-15.337500000000546,-0.6981073252695666
recent_after_first80,whole_recent,recent24h|1s|0|1|109,recent24h,1s,0,PRIMARY,BUY,1790197275.764,7.816999912261963,3,-15.449999999999589,-1.1389379545100382
recent_after_first80,whole_recent,recent24h|1s|0|1|109,recent24h,1s,0,PRIMARY,BUY,1790197278.9129999,10.965999841690063,4,-15.525000000001228,-1.199394111620696
recent_after_first80,whole_recent,recent24h|1s|0|1|110,recent24h,1s,0,PRIMARY,BUY,1790197284.9299998,0.0,0,-15.2250000000015,-2.506684183133511
recent_after_first80,whole_recent,recent24h|1s|0|1|111,recent24h,1s,0,PRIMARY,SELL,1790203082.952,0.0,0,-12.67500000000041,-6.417315691482075
recent_after_first80,whole_recent,recent24h|1s|0|1|112,recent24h,1s,0,PRIMARY,SELL,1790203092.973,0.0,0,-13.687499999998634,-7.375662615101408
recent_after_first80,whole_recent,recent24h|1s|0|1|113,recent24h,1s,0,PRIMARY,SELL,1790203096.923,0.0,0,-13.087499999999181,-8.018580630038851
recent_after_first80,whole_recent,recent24h|1s|0|1|113,recent24h,1s,0,PRIMARY,SELL,1790203099.931,3.007999897003174,1,-12.562499999997952,-7.339153335141532
recent_after_first80,whole_recent,recent24h|1s|0|1|113,recent24h,1s,0,PRIMARY,SELL,1790203102.9859998,6.062999725341797,2,-12.262499999998226,-6.137852600858386
recent_after_first80,whole_recent,recent24h|1s|0|1|113,recent24h,1s,0,PRIMARY,SELL,1790203104.987,8.063999891281128,3,-12.299999999999045,-6.870405996040108
recent_after_first80,whole_recent,recent24h|1s|0|1|113,recent24h,1s,0,PRIMARY,SELL,1790203107.993,11.069999933242798,4,-11.624999999997954,-6.769117899329464
recent_after_first80,whole_recent,recent24h|1s|0|1|114,recent24h,1s,0,PRIMARY,SELL,1790203114.748,0.0,0,-10.80000000000041,-3.183017155358736
recent_after_first80,whole_recent,recent24h|1s|0|1|115,recent24h,1s,0,PRIMARY,SELL,1790203133.976,0.0,0,-11.100000000000136,-6.599743227468865
recent_after_first80,whole_recent,recent24h|1s|0|1|115,recent24h,1s,0,PRIMARY,SELL,1790203136.982,3.00600004196167,1,-10.837499999997817,-1.2135995674469913
recent_after_first80,whole_recent,recent24h|1s|0|1|115,recent24h,1s,0,PRIMARY,SELL,1790203139.983,6.006999969482422,2,-11.512499999998909,-5.51051014107103
recent_after_first80,whole_recent,recent24h|1s|0|1|116,recent24h,1s,0,PRIMARY,BUY,1790227939.976,0.0,0,15.749999999999318,2.715703494435303
recent_after_first80,whole_recent,recent24h|1s|0|1|117,recent24h,1s,0,PRIMARY,BUY,1790228000.732,0.0,0,4.537500000000136,1.2788258174163496
recent_after_first80,whole_recent,recent24h|1s|0|1|118,recent24h,1s,0,PRIMARY,BUY,1790228039.7350001,0.0,0,-5.212499999997817,1.781292484268283
recent_after_first80,whole_recent,recent24h|1s|0|1|119,recent24h,1s,0,PRIMARY,BUY,1790228532.972,0.0,0,-15.787500000000136,3.5006343473807795
recent_after_first80,whole_recent,recent24h|1s|0|1|120,recent24h,1s,0,PRIMARY,BUY,1790228553.641,0.0,0,-5.325000000000273,3.9755536981348607
recent_after_first80,whole_recent,recent24h|1s|0|1|121,recent24h,1s,0,PRIMARY,BUY,1790228555.152,0.0,0,-5.250000000002046,5.305149589058495
recent_after_first80,whole_recent,recent24h|1s|0|1|122,recent24h,1s,0,PRIMARY,BUY,1790228560.4060001,0.0,0,-5.212500000001228,8.870542325062683
recent_after_first80,whole_recent,recent24h|1s|0|2|123,recent24h,1s,0,SECONDARY,SELL,1790230026.655,0.0,0,-15.487500000000411,-3.745106722447975
recent_after_first80,whole_recent,recent24h|1s|0|1|124,recent24h,1s,0,PRIMARY,SELL,1790243248.941,0.0,0,-9.562500000000682,-0.5631053971498152
recent_after_first80,whole_recent,recent24h|1s|0|1|125,recent24h,1s,0,PRIMARY,SELL,1790243327.664,0.0,0,-9.000000000002046,10.175213601255841
recent_after_first80,whole_recent,recent24h|1s|0|1|126,recent24h,1s,0,PRIMARY,SELL,1790243362.757,0.0,0,-9.225000000000136,7.9774382172036455
recent_after_first80,whole_recent,recent24h|1s|0|1|127,recent24h,1s,0,PRIMARY,SELL,1790243366.96,0.0,0,-8.4375,2.232294697619073
recent_after_first80,whole_recent,recent24h|1s|0|1|128,recent24h,1s,0,PRIMARY,SELL,1790243371.167,0.0,0,-8.137500000000273,8.786617559883393
recent_after_first80,whole_recent,recent24h|1s|0|1|129,recent24h,1s,0,PRIMARY,SELL,1790243375.3779998,0.0,0,-9.300000000001774,4.325821556175993
recent_after_first80,whole_recent,recent24h|1s|0|1|129,recent24h,1s,0,PRIMARY,SELL,1790243377.733,2.3550002574920654,1,-9.112500000001091,13.595583607904546
recent_after_first80,whole_recent,recent24h|1s|0|1|130,recent24h,1s,0,PRIMARY,BUY,1790244962.708,0.0,0,-4.162500000002183,2.0088566577366054
recent_after_first80,whole_recent,recent24h|1s|0|1|131,recent24h,1s,0,PRIMARY,BUY,1790244967.961,0.0,0,-3.8250000000016375,-0.7799972893115792
recent_after_first80,whole_recent,recent24h|1s|0|1|132,recent24h,1s,0,PRIMARY,BUY,1790244969.764,0.0,0,-2.624999999999318,-1.0946093565990405
recent_after_first80,whole_recent,recent24h|1s|0|1|132,recent24h,1s,0,PRIMARY,BUY,1790244971.924,2.1600000858306885,1,-3.075000000002319,-1.0165676467501472
recent_after_first80,whole_recent,recent24h|1s|0|1|132,recent24h,1s,0,PRIMARY,BUY,1790244974.7710001,5.007000207901001,2,-4.312500000002046,-1.1137332945969252
recent_after_first80,whole_recent,recent24h|1s|0|1|133,recent24h,1s,0,PRIMARY,BUY,1790244977.724,0.0,0,-4.6125000000017735,-1.6014380696659862
recent_after_first80,whole_recent,recent24h|1s|0|1|134,recent24h,1s,0,PRIMARY,BUY,1790244982.9910002,0.0,0,-5.250000000002046,-3.3482867202490727
recent_after_first80,whole_recent,recent24h|1s|0|1|135,recent24h,1s,0,PRIMARY,BUY,1790244987.84,0.0,0,-15.112499999999045,-3.8839389717942687
recent_after_first80,whole_recent,recent24h|1s|0|1|136,recent24h,1s,0,PRIMARY,BUY,1790244991.947,0.0,0,-15.0,-4.869283634713205
recent_after_first80,whole_recent,recent24h|1s|0|1|137,recent24h,1s,0,PRIMARY,BUY,1790244996.7020001,0.0,0,-15.149999999999864,-4.388489251913096
recent_after_first80,whole_recent,recent24h|1s|0|1|138,recent24h,1s,0,PRIMARY,BUY,1790244999.655,0.0,0,-15.075000000001635,-4.540058930224188
recent_after_first80,whole_recent,recent24h|1s|0|1|138,recent24h,1s,0,PRIMARY,BUY,1790245001.962,2.306999921798706,1,-15.337500000000546,-3.035468820122866
recent_after_first80,whole_recent,recent24h|1s|0|1|139,recent24h,1s,0,PRIMARY,BUY,1790245008.892,0.0,0,-15.037500000000819,-2.5545802347734186
recent_after_first80,whole_recent,recent24h|1s|0|1|140,recent24h,1s,0,PRIMARY,BUY,1790245015.997,0.0,0,-15.787500000000136,-4.35068497572115
recent_after_first80,whole_recent,recent24h|1s|0|1|141,recent24h,1s,0,PRIMARY,BUY,1790245018.9350002,0.0,0,-16.125000000000682,0.3827150131026179
recent_after_first80,whole_recent,recent24h|1s|0|1|142,recent24h,1s,0,PRIMARY,BUY,1790245023.94,0.0,0,-15.149999999999864,-2.864192319840579
recent_after_first80,whole_recent,recent24h|1s|0|1|143,recent24h,1s,0,PRIMARY,BUY,1790245109.915,0.0,0,-8.137500000000273,-0.9307634206424753
recent_after_first80,whole_recent,recent24h|1s|0|1|144,recent24h,1s,0,PRIMARY,BUY,1790245131.951,0.0,0,-8.250000000002728,-1.4108736850105188
recent_after_first80,whole_recent,recent24h|1s|0|1|145,recent24h,1s,0,PRIMARY,BUY,1790245159.924,0.0,0,-10.012500000000273,-1.2120802109167663
recent_after_first80,whole_recent,recent24h|1s|0|1|146,recent24h,1s,0,PRIMARY,BUY,1790245175.945,0.0,0,-10.012500000000273,-0.9109206290982723
recent_after_first80,whole_recent,recent24h|1s|0|1|147,recent24h,1s,0,PRIMARY,BUY,1790245790.994,0.0,0,-6.450000000000955,5.249192913499223
recent_after_first80,whole_recent,recent24h|1s|0|1|148,recent24h,1s,0,PRIMARY,BUY,1790245792.392,0.0,0,-7.7250000000015,4.305140560624332
recent_after_first80,whole_recent,recent24h|1s|0|1|149,recent24h,1s,0,PRIMARY,BUY,1790245794.895,0.0,0,-7.425000000001773,4.327370448998983
recent_after_first80,whole_recent,recent24h|1s|0|1|149,recent24h,1s,0,PRIMARY,BUY,1790245796.901,2.00600004196167,1,-7.387500000000955,4.954334478432766
recent_after_first80,whole_recent,recent24h|1s|0|1|149,recent24h,1s,0,PRIMARY,BUY,1790245799.96,5.065000057220459,2,-7.387500000000955,8.292224832635466
recent_after_first80,whole_recent,recent24h|1s|0|1|150,recent24h,1s,0,PRIMARY,BUY,1790245976.967,0.0,0,-13.537500000002181,-4.572429413354618
recent_after_first80,whole_recent,recent24h|1s|0|1|151,recent24h,1s,0,PRIMARY,BUY,1790245986.739,0.0,0,-14.625000000002046,-4.114250953035327
recent_after_first80,whole_recent,recent24h|1s|0|1|152,recent24h,1s,0,PRIMARY,BUY,1790245996.197,0.0,0,-15.750000000002728,-3.5010846400441222
recent_after_first80,whole_recent,recent24h|1s|0|1|153,recent24h,1s,0,PRIMARY,BUY,1790246000.754,0.0,0,-15.0,-4.261583048673877
recent_after_first80,whole_recent,recent24h|1s|0|1|154,recent24h,1s,0,PRIMARY,BUY,1790246012.557,0.0,0,-15.149999999999864,-3.8253500646986534
recent_after_first80,whole_recent,recent24h|1s|0|1|155,recent24h,1s,0,PRIMARY,BUY,1790246023.452,0.0,0,-15.187499999997272,-3.71244780627924
recent_after_first80,whole_recent,recent24h|1s|0|1|156,recent24h,1s,0,PRIMARY,BUY,1790246028.99,0.0,0,-15.037500000000819,-5.339845285287316
recent_after_first80,whole_recent,recent24h|1s|0|1|157,recent24h,1s,0,PRIMARY,BUY,1790246030.835,0.0,0,-15.900000000002592,-5.436006116024846
recent_after_first80,whole_recent,recent24h|1s|0|3|158,recent24h,1s,0,MICRO,BUY,1790247697.938,0.0,0,-2.962500000003274,13.897373922537207
recent_after_first80,whole_recent,recent24h|1s|0|1|159,recent24h,1s,0,PRIMARY,SELL,1790248961.94,0.0,0,-16.799999999998363,2.2649303615615484
recent_after_first80,whole_recent,recent24h|1s|0|1|160,recent24h,1s,0,PRIMARY,SELL,1790248969.549,0.0,0,-17.09999999999809,2.9456151076522965
recent_after_first80,whole_recent,recent24h|1s|0|1|161,recent24h,1s,0,PRIMARY,SELL,1790248971.853,0.0,0,-15.149999999999864,1.3098319903656201
recent_after_first80,whole_recent,recent24h|1s|0|1|162,recent24h,1s,0,PRIMARY,SELL,1790249073.9750001,0.0,0,-15.299999999999727,-1.4311880941874504
recent_after_first80,whole_recent,recent24h|1s|0|1|163,recent24h,1s,0,PRIMARY,SELL,1790249075.633,0.0,0,-15.299999999999727,1.9944460574846026
recent_after_first80,whole_recent,recent24h|1s|0|1|164,recent24h,1s,0,PRIMARY,SELL,1790249079.941,0.0,0,-17.400000000001228,1.7405314350161172
recent_after_first80,whole_recent,recent24h|1s|0|1|164,recent24h,1s,0,PRIMARY,SELL,1790249081.9859998,2.044999837875366,1,-16.800000000001774,4.316461509102619
recent_after_first80,whole_recent,recent24h|1s|0|1|165,recent24h,1s,0,PRIMARY,SELL,1790249094.949,0.0,0,-19.19999999999959,-3.112461833624611
recent_after_first80,whole_recent,recent24h|1s|0|1|166,recent24h,1s,0,PRIMARY,SELL,1790249130.9910002,0.0,0,-20.437499999999318,-7.473984703631252
recent_after_first80,whole_recent,recent24h|1s|0|1|167,recent24h,1s,0,PRIMARY,SELL,1790249309.804,0.0,0,-15.112500000002456,0.03498509043034969
recent_after_first80,whole_recent,recent24h|1s|0|1|167,recent24h,1s,0,PRIMARY,SELL,1790249311.8620002,2.058000326156616,1,-15.2250000000015,-4.580093718394196
recent_after_first80,whole_recent,recent24h|1s|0|1|168,recent24h,1s,0,PRIMARY,SELL,1790249323.928,0.0,0,-15.075000000001635,-5.513762431287873
recent_after_first80,whole_recent,recent24h|1s|0|1|169,recent24h,1s,0,PRIMARY,SELL,1790249355.764,0.0,0,-15.112499999999045,3.1217395102566754
recent_after_first80,whole_recent,recent24h|1s|0|3|170,recent24h,1s,0,MICRO,BUY,1790249476.9539998,0.0,0,-15.562500000002046,-2.456241276449687
recent_after_first80,whole_recent,recent24h|1s|0|1|171,recent24h,1s,0,PRIMARY,SELL,1790249787.983,0.0,0,-15.0,7.480341436276063
recent_after_first80,whole_recent,recent24h|1s|0|1|172,recent24h,1s,0,PRIMARY,SELL,1790249790.931,0.0,0,-15.674999999997679,5.86574259966074
recent_after_first80,whole_recent,recent24h|1s|0|1|173,recent24h,1s,0,PRIMARY,SELL,1790249792.838,0.0,0,-15.299999999999727,8.519140751274739
recent_after_first80,whole_recent,recent24h|1s|0|1|174,recent24h,1s,0,PRIMARY,SELL,1790249805.848,0.0,0,-2.3249999999995907,11.617870250015518
recent_after_first80,whole_recent,recent24h|1s|0|1|175,recent24h,1s,0,PRIMARY,SELL,1790249807.951,0.0,0,-2.8500000000008185,11.412099377961656
recent_after_first80,whole_recent,recent24h|1s|0|1|176,recent24h,1s,0,PRIMARY,SELL,1790249814.963,0.0,0,-15.71250000000191,8.691988926390358
recent_after_first80,whole_recent,recent24h|1s|0|1|177,recent24h,1s,0,PRIMARY,SELL,1790249837.9459999,0.0,0,-15.974999999997408,7.357442090408986
recent_after_first80,whole_recent,recent24h|1s|0|1|178,recent24h,1s,0,PRIMARY,SELL,1790249842.945,0.0,0,-15.975000000000819,1.5966987166330509
recent_after_first80,whole_recent,recent24h|1s|0|1|179,recent24h,1s,0,PRIMARY,SELL,1790249852.607,0.0,0,-15.487500000000411,17.885857855428064
recent_after_first80,whole_recent,recent24h|1s|0|1|180,recent24h,1s,0,PRIMARY,SELL,1790249865.976,0.0,0,-15.71250000000191,2.99796955256789
recent_after_first80,whole_recent,recent24h|1s|0|2|181,recent24h,1s,0,SECONDARY,BUY,1790251279.973,0.0,0,-15.975000000000819,13.187981121845768
recent_after_first80,whole_recent,recent24h|1s|0|4|182,recent24h,1s,0,BURST,BUY,1790251280.929,0.0,0,0.41250000000218273,13.419576786971902
recent_after_first80,whole_recent,recent24h|1s|0|1|183,recent24h,1s,0,PRIMARY,SELL,1790253504.9689999,0.0,0,-8.250000000002728,4.25231045992223
recent_after_first80,whole_recent,recent24h|1s|0|1|184,recent24h,1s,0,PRIMARY,SELL,1790253507.925,0.0,0,-7.200000000000273,3.1694503954672317
recent_after_first80,whole_recent,recent24h|1s|0|1|185,recent24h,1s,0,PRIMARY,SELL,1790253706.5049999,0.0,0,2.9250000000024556,0.16916421931112038
recent_after_first80,whole_recent,recent24h|1s|0|1|186,recent24h,1s,0,PRIMARY,SELL,1790253731.743,0.0,0,0.7500000000027284,-2.233951331925665
recent_after_first80,whole_recent,recent24h|1s|0|1|187,recent24h,1s,0,PRIMARY,SELL,1790253735.759,0.0,0,0.2625000000023192,-3.27748387731367
recent_after_first80,whole_recent,recent24h|1s|0|1|188,recent24h,1s,0,PRIMARY,SELL,1790253804.9689999,0.0,0,-6.337499999998499,0.7794618825786741
recent_after_first80,whole_recent,recent24h|1s|0|1|188,recent24h,1s,0,PRIMARY,SELL,1790253807.967,2.998000144958496,1,-5.962500000000546,-2.2990203866462244
recent_after_first80,whole_recent,recent24h|1s|0|1|188,recent24h,1s,0,PRIMARY,SELL,1790253809.967,4.998000144958496,2,-6.825000000002319,-1.7833251962440997
recent_after_first80,whole_recent,recent24h|1s|0|1|189,recent24h,1s,0,PRIMARY,SELL,1790253814.972,0.0,0,-16.6499999999985,-0.7167235240806471
recent_after_first80,whole_recent,recent24h|1s|0|1|190,recent24h,1s,0,PRIMARY,SELL,1790253816.978,0.0,0,-15.037500000000819,-3.2908018124141485
recent_after_first80,whole_recent,recent24h|1s|0|1|191,recent24h,1s,0,PRIMARY,SELL,1790253818.983,0.0,0,-15.112499999999045,-4.3804593713341955
recent_after_first80,whole_recent,recent24h|1s|0|1|192,recent24h,1s,0,PRIMARY,SELL,1790253820.981,0.0,0,-15.562500000002046,0.8288708381708392
recent_after_first80,whole_recent,recent24h|1s|0|1|193,recent24h,1s,0,PRIMARY,SELL,1790253824.7859998,0.0,0,-16.799999999998363,-5.790733385080078
recent_after_first80,whole_recent,recent24h|1s|0|1|193,recent24h,1s,0,PRIMARY,SELL,1790253826.993,2.207000255584717,1,-16.19999999999891,-2.220605420597214
recent_after_first80,whole_recent,recent24h|1s|0|1|194,recent24h,1s,0,PRIMARY,SELL,1790253830.996,0.0,0,-15.262499999998907,-0.2508676890808192
recent_after_first80,whole_recent,recent24h|1s|0|1|195,recent24h,1s,0,PRIMARY,SELL,1790253836.808,0.0,0,-15.112499999999045,-3.3830483312288795
recent_after_first80,whole_recent,recent24h|1s|0|1|196,recent24h,1s,0,PRIMARY,SELL,1790253843.9689999,0.0,0,-15.862499999998361,-2.5667494491926983
recent_after_first80,whole_recent,recent24h|1s|0|1|197,recent24h,1s,0,PRIMARY,SELL,1790253855.9390001,0.0,0,-15.524999999997817,-3.3505807323757413
recent_after_first80,whole_recent,recent24h|1s|0|1|198,recent24h,1s,0,PRIMARY,SELL,1790253861.949,0.0,0,-15.487500000000411,-1.462959485777357
recent_after_first80,whole_recent,recent24h|1s|0|1|199,recent24h,1s,0,PRIMARY,SELL,1790253863.952,0.0,0,-15.0,-4.8646286314611755
recent_after_first80,whole_recent,recent24h|1s|0|1|200,recent24h,1s,0,PRIMARY,SELL,1790253988.644,0.0,0,-15.412499999998772,0.816365101278006
recent_after_first80,whole_recent,recent24h|1s|0|4|201,recent24h,1s,0,BURST,BUY,1790256394.957,0.0,0,-5.700000000001637,3.5519954680023207
recent_after_first80,whole_recent,recent24h|1s|0|2|202,recent24h,1s,0,SECONDARY,SELL,1790256642.971,0.0,0,-16.575000000000273,4.926754207672347
recent_after_first80,whole_recent,recent24h|1s|0|1|203,recent24h,1s,0,PRIMARY,BUY,1790257759.983,0.0,0,-15.075000000001635,6.10286139573689
recent_after_first80,whole_recent,recent24h|1s|0|1|204,recent24h,1s,0,PRIMARY,BUY,1790258422.987,0.0,0,-5.6999999999982265,11.012447518114204
recent_after_first80,whole_recent,recent24h|1s|0|3|205,recent24h,1s,0,MICRO,BUY,1790259382.96,0.0,0,-8.4375,6.899671797619611
recent_after_first80,whole_recent,recent24h|1s|0|1|206,recent24h,1s,0,PRIMARY,BUY,1790259744.944,0.0,0,-15.375000000001364,-2.359003033967757
recent_after_first80,whole_recent,recent24h|1s|0|1|207,recent24h,1s,0,PRIMARY,BUY,1790259747.997,0.0,0,-15.112499999999045,-1.1589962815223278
recent_after_first80,whole_recent,recent24h|1s|0|1|208,recent24h,1s,0,PRIMARY,BUY,1790259753.91,0.0,0,-15.749999999999318,-0.8906954994600949
recent_after_first80,whole_recent,recent24h|1s|0|1|208,recent24h,1s,0,PRIMARY,BUY,1790259756.766,2.8559999465942383,1,-15.824999999997543,2.0203821330990306
recent_after_first80,whole_recent,recent24h|1s|0|1|209,recent24h,1s,0,PRIMARY,BUY,1790259762.723,0.0,0,-15.412499999998772,-0.6001349638002683
recent_after_first80,whole_recent,recent24h|1s|0|1|210,recent24h,1s,0,PRIMARY,BUY,1790259772.836,0.0,0,-15.037500000000819,1.5690069899632715
recent_after_first80,whole_recent,recent24h|1s|0|1|211,recent24h,1s,0,PRIMARY,BUY,1790262741.964,0.0,0,6.037499999998772,16.930244533151686
recent_after_first80,whole_recent,recent24h|1s|0|1|212,recent24h,1s,0,PRIMARY,BUY,1790262764.6499999,0.0,0,5.099999999998772,13.492620052327416
recent_after_first80,whole_recent,recent24h|1s|0|1|213,recent24h,1s,0,PRIMARY,BUY,1790262796.8070002,0.0,0,-1.5750000000002728,16.294853887076986
recent_after_first80,whole_recent,recent24h|1s|0|1|214,recent24h,1s,0,PRIMARY,BUY,1790262807.9689999,0.0,0,2.5124999999968622,8.045300864109478
recent_after_first80,whole_recent,recent24h|1s|0|1|215,recent24h,1s,0,PRIMARY,BUY,1790262818.984,0.0,0,-4.349999999999454,16.2207477126855
recent_after_first80,whole_recent,recent24h|1s|0|1|216,recent24h,1s,0,PRIMARY,BUY,1790262885.677,0.0,0,3.937500000000682,22.436655233056488
recent_after_first80,whole_recent,recent24h|1s|0|1|216,recent24h,1s,0,PRIMARY,BUY,1790262887.927,2.25,1,6.07499999999959,16.038015706609073
recent_after_first80,whole_recent,recent24h|1s|0|1|217,recent24h,1s,0,PRIMARY,BUY,1790262970.892,0.0,0,-7.162499999999455,-0.8952552219527674
recent_after_first80,whole_recent,recent24h|1s|0|1|218,recent24h,1s,0,PRIMARY,BUY,1790262976.597,0.0,0,2.700000000000955,-4.071503676057153
recent_after_first80,whole_recent,recent24h|1s|0|2|219,recent24h,1s,0,SECONDARY,BUY,1790264485.926,0.0,0,30.0,5.1338784531097055
recent_after_first80,whole_recent,recent24h|1s|0|3|220,recent24h,1s,0,MICRO,BUY,1790265166.938,0.0,0,-6.4499999999975435,10.054952108081386
recent_after_first80,whole_recent,recent24h|1s|0|4|221,recent24h,1s,0,BURST,BUY,1790265168.984,0.0,0,-7.274999999998499,7.67729817891679
recent_after_first80,whole_recent,recent24h|1s|0|4|222,recent24h,1s,0,BURST,BUY,1790265172.996,0.0,0,-7.649999999999864,7.66030219561146
recent_after_first80,whole_recent,recent24h|1s|0|1|223,recent24h,1s,0,PRIMARY,SELL,1790267631.868,0.0,0,-1.4250000000004093,2.0223294128246767
recent_after_first80,whole_recent,recent24h|1s|0|1|224,recent24h,1s,0,PRIMARY,SELL,1790267679.908,0.0,0,-15.599999999999454,2.106620933724002
recent_after_first80,whole_recent,recent24h|1s|0|1|225,recent24h,1s,0,PRIMARY,SELL,1790267690.96,0.0,0,-15.9375,2.7778059482132345
recent_after_first80,whole_recent,recent24h|1s|0|1|226,recent24h,1s,0,PRIMARY,SELL,1790267710.9889998,0.0,0,-15.975000000000819,1.5488455084703192
recent_after_first80,whole_recent,recent24h|1s|0|1|227,recent24h,1s,0,PRIMARY,SELL,1790267713.941,0.0,0,-15.075000000001635,0.95256848102456
recent_after_first80,whole_recent,recent24h|1s|0|1|228,recent24h,1s,0,PRIMARY,SELL,1790267717.9980001,0.0,0,-16.762500000000955,-0.9931375719362735
recent_after_first80,whole_recent,recent24h|1s|0|1|229,recent24h,1s,0,PRIMARY,SELL,1790267720.997,0.0,0,-17.024999999999864,0.14926659100816586
recent_after_first80,whole_recent,recent24h|1s|0|1|230,recent24h,1s,0,PRIMARY,SELL,1790267732.903,0.0,0,-17.400000000001228,0.5010100289075092
recent_after_first80,whole_recent,recent24h|1s|0|1|230,recent24h,1s,0,PRIMARY,SELL,1790267734.963,2.059999942779541,1,-17.77499999999918,0.9220952317816022
recent_after_first80,whole_recent,recent24h|1s|0|1|231,recent24h,1s,0,PRIMARY,SELL,1790267736.9529998,0.0,0,-17.13749999999891,0.20513666998260693
recent_after_first80,whole_recent,recent24h|1s|0|1|231,recent24h,1s,0,PRIMARY,SELL,1790267738.9539998,2.000999927520752,1,-16.42500000000041,0.3167918444389419
recent_after_first80,whole_recent,recent24h|1s|0|1|232,recent24h,1s,0,PRIMARY,SELL,1790267742.865,0.0,0,-17.212500000000546,6.583356124078973
recent_after_first80,whole_recent,recent24h|1s|0|1|232,recent24h,1s,0,PRIMARY,SELL,1790267744.9190001,2.05400013923645,1,-16.61250000000109,7.215472890764655
recent_after_first80,whole_recent,recent24h|1s|0|1|233,recent24h,1s,0,PRIMARY,SELL,1790267746.714,0.0,0,-16.91250000000082,3.258999171722088
recent_after_first80,whole_recent,recent24h|1s|0|1|233,recent24h,1s,0,PRIMARY,SELL,1790267748.981,2.2669999599456787,1,-16.1625000000015,4.181862921022972
recent_after_first80,whole_recent,recent24h|1s|0|1|234,recent24h,1s,0,PRIMARY,SELL,1790267752.973,0.0,0,-16.275000000000546,6.015461897423815
recent_after_first80,whole_recent,recent24h|1s|0|1|235,recent24h,1s,0,PRIMARY,SELL,1790267754.923,0.0,0,-16.83749999999918,4.249265351528152
recent_after_first80,whole_recent,recent24h|1s|0|1|236,recent24h,1s,0,PRIMARY,SELL,1790267758.981,0.0,0,-15.412499999998772,-1.7164249164328165
recent_after_first80,whole_recent,recent24h|1s|0|1|237,recent24h,1s,0,PRIMARY,SELL,1790267763.8620002,0.0,0,-17.962499999999864,7.588833036699764
recent_after_first80,whole_recent,recent24h|1s|0|1|238,recent24h,1s,0,PRIMARY,SELL,1790267779.753,0.0,0,-16.83749999999918,-2.614812533348138
recent_after_first80,whole_recent,recent24h|1s|0|1|238,recent24h,1s,0,PRIMARY,SELL,1790267781.96,2.2070000171661377,1,-16.16249999999809,-1.8746515694312322
recent_after_first80,whole_recent,recent24h|1s|0|1|239,recent24h,1s,0,PRIMARY,SELL,1790267784.962,0.0,0,-15.112499999999045,-0.11942782914988782
recent_after_first80,whole_recent,recent24h|1s|0|1|240,recent24h,1s,0,PRIMARY,SELL,1790267836.957,0.0,0,-15.187500000000682,-0.47683903925654125
recent_after_first80,whole_recent,recent24h|1s|0|1|241,recent24h,1s,0,PRIMARY,SELL,1790267873.7510002,0.0,0,-17.174999999999727,-4.351571605281998
recent_after_first80,whole_recent,recent24h|1s|0|2|242,recent24h,1s,0,SECONDARY,BUY,1790267949.875,0.0,0,-15.262499999998907,6.164817152232364
recent_after_first80,whole_recent,recent24h|1s|0|1|243,recent24h,1s,0,PRIMARY,SELL,1790268073.8630002,0.0,0,-15.074999999998225,-2.0627128774658905
recent_after_first80,whole_recent,recent24h|1s|0|1|244,recent24h,1s,0,PRIMARY,SELL,1790268091.983,0.0,0,-15.524999999997817,-1.9258139159801435
recent_after_first80,whole_recent,recent24h|1s|0|1|245,recent24h,1s,0,PRIMARY,SELL,1790268094.994,0.0,0,-15.71250000000191,-3.6942398712556823
recent_after_first80,whole_recent,recent24h|1s|0|1|246,recent24h,1s,0,PRIMARY,SELL,1790268100.994,0.0,0,-15.637500000000271,-3.0274502054638917
recent_after_first80,whole_recent,recent24h|1s|0|1|247,recent24h,1s,0,PRIMARY,SELL,1790268105.948,0.0,0,-16.050000000002456,-1.240656502359078
recent_after_first80,whole_recent,recent24h|1s|0|1|248,recent24h,1s,0,PRIMARY,SELL,1790268110.957,0.0,0,-15.337500000000546,-2.534948337798001
recent_after_first80,whole_recent,recent24h|1s|0|1|249,recent24h,1s,0,PRIMARY,SELL,1790268116.965,0.0,0,-15.67500000000109,2.965505173731093
recent_after_first80,whole_recent,recent24h|1s|0|1|250,recent24h,1s,0,PRIMARY,SELL,1790268611.999,0.0,0,7.7250000000015,16.369976101971613
recent_after_first80,whole_recent,recent24h|1s|0|1|251,recent24h,1s,0,PRIMARY,SELL,1790268614.994,0.0,0,6.750000000000681,14.820092105963042
recent_after_first80,whole_recent,recent24h|1s|0|1|252,recent24h,1s,0,PRIMARY,SELL,1790268720.968,0.0,0,-4.387500000000273,1.8345540285154347
recent_after_first80,whole_recent,recent24h|1s|0|1|253,recent24h,1s,0,PRIMARY,SELL,1790268727.965,0.0,0,-9.637499999998909,2.7429282746228476
recent_after_first80,whole_recent,recent24h|1s|0|1|254,recent24h,1s,0,PRIMARY,SELL,1790268757.993,0.0,0,-8.849999999998772,9.75113144926211
recent_after_first80,whole_recent,recent24h|1s|0|1|255,recent24h,1s,0,PRIMARY,SELL,1790268793.948,0.0,0,3.4124999999994543,8.042196520609329
recent_after_first80,whole_recent,recent24h|1s|0|1|256,recent24h,1s,0,PRIMARY,SELL,1790268795.8990002,0.0,0,-15.562500000002046,3.626732417091826
recent_after_first80,whole_recent,recent24h|1s|0|1|257,recent24h,1s,0,PRIMARY,SELL,1790268798.7059999,0.0,0,-15.075000000001635,4.131621810051737
recent_after_first80,whole_recent,recent24h|1s|0|1|258,recent24h,1s,0,PRIMARY,SELL,1790268805.512,0.0,0,-15.149999999999864,4.169907644856676
recent_after_first80,whole_recent,recent24h|1s|0|1|259,recent24h,1s,0,PRIMARY,SELL,1790268810.977,0.0,0,-15.412499999998772,1.3522485240520155
recent_after_first80,whole_recent,recent24h|1s|0|1|260,recent24h,1s,0,PRIMARY,SELL,1790268820.879,0.0,0,-15.074999999998225,7.409269188274519
recent_after_first80,whole_recent,recent24h|1s|0|1|261,recent24h,1s,0,PRIMARY,SELL,1790268827.9459999,0.0,0,-15.112500000002456,8.12393398853345
recent_after_first80,whole_recent,recent24h|1s|0|1|262,recent24h,1s,0,PRIMARY,SELL,1790268902.996,0.0,0,-15.487499999997,-1.149829912552641
recent_after_first80,whole_recent,recent24h|1s|0|1|263,recent24h,1s,0,PRIMARY,SELL,1790268908.9550002,0.0,0,-15.375000000001364,3.994547745859003
recent_after_first80,whole_recent,recent24h|1s|0|1|264,recent24h,1s,0,PRIMARY,SELL,1790268975.866,0.0,0,-15.0,6.362098245351745
recent_after_first80,whole_recent,recent24h|1s|0|1|265,recent24h,1s,0,PRIMARY,SELL,1790268999.889,0.0,0,-15.67500000000109,9.595817657913264
recent_after_first80,whole_recent,recent24h|1s|0|1|266,recent24h,1s,0,PRIMARY,SELL,1790269057.9539998,0.0,0,-15.787500000000136,2.955389045633842
recent_after_first80,whole_recent,recent24h|1s|0|1|267,recent24h,1s,0,PRIMARY,SELL,1790269070.972,0.0,0,-15.112499999999045,1.1536087551045562
recent_after_first80,whole_recent,recent24h|1s|0|2|268,recent24h,1s,0,SECONDARY,SELL,1790269786.987,0.0,0,5.437499999999318,7.57454400562852
recent_after_first80,whole_recent,recent24h|1s|0|2|269,recent24h,1s,0,SECONDARY,SELL,1790270160.949,0.0,0,31.462500000001228,-4.096273543069205
recent_after_first80,whole_recent,recent24h|1s|0|2|270,recent24h,1s,0,SECONDARY,SELL,1790270163.956,0.0,0,-16.91250000000082,-4.3461459548407255
recent_after_first80,whole_recent,recent24h|1s|0|1|271,recent24h,1s,0,PRIMARY,SELL,1790270166.959,0.0,0,-15.2250000000015,-4.695027651670338
recent_after_first80,whole_recent,recent24h|1s|0|1|271,recent24h,1s,0,PRIMARY,SELL,1790270168.965,2.005999803543091,1,-15.524999999997817,-3.7999764551948627
recent_after_first80,whole_recent,recent24h|1s|0|1|271,recent24h,1s,0,PRIMARY,SELL,1790270170.9689999,4.009999752044678,2,-15.037499999997408,-4.516444210225093
recent_after_first80,whole_recent,recent24h|1s|0|1|272,recent24h,1s,0,PRIMARY,SELL,1790270175.967,0.0,0,-15.299999999999727,-5.284270776375349
recent_after_first80,whole_recent,recent24h|1s|0|1|273,recent24h,1s,0,PRIMARY,SELL,1790270191.925,0.0,0,-15.0,-3.8332077989344904
recent_after_first80,whole_recent,recent24h|1s|0|1|273,recent24h,1s,0,PRIMARY,SELL,1790270193.925,2.0,1,-15.524999999997817,-3.8658763007044064
recent_after_first80,whole_recent,recent24h|1s|0|1|274,recent24h,1s,0,PRIMARY,SELL,1790270202.985,0.0,0,-15.187500000000682,2.510365552034156
recent_after_first80,whole_recent,recent24h|1s|0|2|275,recent24h,1s,0,SECONDARY,BUY,1790270333.977,0.0,0,-16.125000000000682,5.819704974289941
recent_after_first80,whole_recent,recent24h|1s|0|2|276,recent24h,1s,0,SECONDARY,SELL,1790270408.9910002,0.0,0,-16.875,-4.901282445250804
recent_after_first80,whole_recent,recent24h|1s|0|2|277,recent24h,1s,0,SECONDARY,SELL,1790271034.94,0.0,0,30.14999999999986,-5.130124538867467
recent_after_first80,whole_recent,recent24h|1s|0|4|278,recent24h,1s,0,BURST,SELL,1790271044.909,0.0,0,-2.1374999999989086,-4.423421845567978
recent_after_first80,whole_recent,recent24h|1s|0|3|279,recent24h,1s,0,MICRO,SELL,1790271091.9740002,0.0,0,-1.9499999999982265,-1.9000986244648665
recent_after_first80,whole_recent,recent24h|1s|0|1|280,recent24h,1s,0,PRIMARY,SELL,1790271201.909,0.0,0,-15.862500000001772,-11.859869076737056
recent_after_first80,whole_recent,recent24h|1s|0|1|281,recent24h,1s,0,PRIMARY,SELL,1790271214.921,0.0,0,-16.312500000001364,-10.87880570440655
recent_after_first80,whole_recent,recent24h|1s|0|1|282,recent24h,1s,0,PRIMARY,SELL,1790271241.909,0.0,0,5.850000000001501,-11.334110486126864
recent_after_first80,whole_recent,recent24h|1s|0|1|283,recent24h,1s,0,PRIMARY,SELL,1790271244.9699998,0.0,0,8.512499999998226,-6.867059512484237
recent_after_first80,whole_recent,recent24h|1s|0|1|284,recent24h,1s,0,PRIMARY,SELL,1790271546.9889998,0.0,0,-19.01249999999891,-4.323192879516203
recent_after_first80,whole_recent,recent24h|1s|0|1|285,recent24h,1s,0,PRIMARY,SELL,1790271552.948,0.0,0,-18.07499999999891,1.240984638946905
recent_after_first80,whole_recent,recent24h|1s|0|1|286,recent24h,1s,0,PRIMARY,SELL,1790271560.961,0.0,0,-19.6875,-4.504366311088564
recent_after_first80,whole_recent,recent24h|1s|0|1|287,recent24h,1s,0,PRIMARY,SELL,1790271563.911,0.0,0,-19.312499999998636,-4.240193101546318
recent_after_first80,whole_recent,recent24h|1s|0|1|287,recent24h,1s,0,PRIMARY,SELL,1790271565.967,2.055999994277954,1,-19.162499999998772,-3.871546640327743
recent_after_first80,whole_recent,recent24h|1s|0|1|288,recent24h,1s,0,PRIMARY,SELL,1790271567.9750001,0.0,0,-20.54999999999836,-2.375836972030802
recent_after_first80,whole_recent,recent24h|1s|0|1|289,recent24h,1s,0,PRIMARY,SELL,1790271572.979,0.0,0,-22.087500000001228,-3.3648014337980134
recent_after_first80,whole_recent,recent24h|1s|0|1|290,recent24h,1s,0,PRIMARY,SELL,1790271575.8739998,0.0,0,-21.412500000000136,-4.901057078525098
recent_after_first80,whole_recent,recent24h|1s|0|1|291,recent24h,1s,0,PRIMARY,SELL,1790271578.8769999,0.0,0,-20.700000000001637,-6.2752086392903585
recent_after_first80,whole_recent,recent24h|1s|0|1|292,recent24h,1s,0,PRIMARY,SELL,1790271581.9750001,0.0,0,-20.737499999999045,2.4924942801761025
recent_after_first80,whole_recent,recent24h|1s|0|1|293,recent24h,1s,0,PRIMARY,SELL,1790271586.987,0.0,0,-19.23750000000041,-4.703554546418325
recent_after_first80,whole_recent,recent24h|1s|0|1|294,recent24h,1s,0,PRIMARY,SELL,1790271589.292,0.0,0,-17.85000000000082,-5.615633591617272
recent_after_first80,whole_recent,recent24h|1s|0|1|294,recent24h,1s,0,PRIMARY,SELL,1790271591.889,2.5969998836517334,1,-18.337500000001228,-4.0697066117115055
recent_after_first80,whole_recent,recent24h|1s|0|1|295,recent24h,1s,0,PRIMARY,SELL,1790271650.972,0.0,0,-20.924999999999727,-4.435855927882707
recent_after_first80,whole_recent,recent24h|1s|0|1|296,recent24h,1s,0,PRIMARY,SELL,1790271653.775,0.0,0,-21.900000000000546,-2.6497527748106173
recent_after_first80,whole_recent,recent24h|1s|0|1|297,recent24h,1s,0,PRIMARY,SELL,1790271661.943,0.0,0,-23.69999999999891,-4.452082638005303
recent_after_first80,whole_recent,recent24h|1s|0|1|298,recent24h,1s,0,PRIMARY,SELL,1790271663.896,0.0,0,-23.625000000000682,-4.9180435226387855
recent_after_first80,whole_recent,recent24h|1s|0|1|299,recent24h,1s,0,PRIMARY,SELL,1790271668.9550002,0.0,0,-24.037499999999454,-5.8740363084701555
recent_after_first80,whole_recent,recent24h|1s|0|1|300,recent24h,1s,0,PRIMARY,SELL,1790271672.8579998,0.0,0,-22.912499999998772,-4.491479954493929
recent_after_first80,whole_recent,recent24h|1s|0|1|301,recent24h,1s,0,PRIMARY,SELL,1790271676.851,0.0,0,-23.88749999999959,-2.290559307996063
recent_after_first80,whole_recent,recent24h|1s|0|1|302,recent24h,1s,0,PRIMARY,SELL,1790271703.742,0.0,0,-23.737499999999727,-3.5542623829006974
recent_after_first80,whole_recent,recent24h|1s|0|1|303,recent24h,1s,0,PRIMARY,SELL,1790271712.848,0.0,0,-24.11250000000109,-2.196851362917967
recent_after_first80,whole_recent,recent24h|1s|0|1|304,recent24h,1s,0,PRIMARY,SELL,1790271720.915,0.0,0,-15.149999999999864,-2.823388035543504
recent_after_first80,whole_recent,recent24h|1s|0|1|305,recent24h,1s,0,PRIMARY,SELL,1790271722.979,0.0,0,-15.262500000002317,2.8190531259027503
recent_after_first80,whole_recent,recent24h|1s|0|1|306,recent24h,1s,0,PRIMARY,SELL,1790271784.884,0.0,0,-15.075000000001635,-4.438570609932791
recent_after_first80,whole_recent,recent24h|1s|0|1|307,recent24h,1s,0,PRIMARY,SELL,1790271789.7350001,0.0,0,-15.299999999999727,-5.061300556980755
recent_after_first80,whole_recent,recent24h|1s|0|1|308,recent24h,1s,0,PRIMARY,SELL,1790271795.349,0.0,0,-15.450000000003,-3.9747965831123806
recent_after_first80,whole_recent,recent24h|1s|0|1|308,recent24h,1s,0,PRIMARY,SELL,1790271797.8460002,2.497000217437744,1,-15.037500000000819,1.157115225643301
recent_after_first80,whole_recent,recent24h|1s|0|1|309,recent24h,1s,0,PRIMARY,SELL,1790271800.956,0.0,0,-15.450000000003,-3.0666753959575628
recent_after_first80,whole_recent,recent24h|1s|0|1|310,recent24h,1s,0,PRIMARY,SELL,1790271803.957,0.0,0,-24.82499999999959,-1.659862941046647
recent_after_first80,whole_recent,recent24h|1s|0|1|311,recent24h,1s,0,PRIMARY,SELL,1790272615.978,0.0,0,18.675000000001774,-2.009180734651924
recent_after_first80,whole_recent,recent24h|1s|0|1|312,recent24h,1s,0,PRIMARY,SELL,1790272617.9299998,0.0,0,18.52500000000191,-2.1069223775429977
recent_after_first80,whole_recent,recent24h|1s|0|1|312,recent24h,1s,0,PRIMARY,SELL,1790272619.9350002,2.005000352859497,1,17.700000000000955,2.006698040999838
recent_after_first80,whole_recent,recent24h|1s|0|1|313,recent24h,1s,0,PRIMARY,SELL,1790272621.992,0.0,0,15.562499999998636,-4.1449031504823575
recent_after_first80,whole_recent,recent24h|1s|0|2|314,recent24h,1s,0,SECONDARY,SELL,1790272621.992,0.0,0,30.074999999998226,-3.8077019233624823
recent_after_first80,whole_recent,recent24h|1s|0|1|315,recent24h,1s,0,PRIMARY,SELL,1790272625.9459999,0.0,0,15.375000000001364,-8.146869958974028
recent_after_first80,whole_recent,recent24h|1s|0|1|316,recent24h,1s,0,PRIMARY,SELL,1790272627.8430002,0.0,0,15.7124999999985,-9.1409462421998
recent_after_first80,whole_recent,recent24h|1s|0|1|317,recent24h,1s,0,PRIMARY,SELL,1790272644.8569999,0.0,0,15.037500000000819,-10.218697736301836
recent_after_first80,whole_recent,recent24h|1s|0|1|318,recent24h,1s,0,PRIMARY,SELL,1790272651.976,0.0,0,13.31250000000068,-8.956671652926799
recent_after_first80,whole_recent,recent24h|1s|0|1|319,recent24h,1s,0,PRIMARY,SELL,1790272657.979,0.0,0,14.362499999999727,-9.274465945879536
recent_after_first80,whole_recent,recent24h|1s|0|1|320,recent24h,1s,0,PRIMARY,SELL,1790272660.976,0.0,0,16.125000000000682,-7.130397249129386
recent_after_first80,whole_recent,recent24h|1s|0|1|321,recent24h,1s,0,PRIMARY,SELL,1790272662.949,0.0,0,16.350000000002183,-9.970440489160403
recent_after_first80,whole_recent,recent24h|1s|0|1|321,recent24h,1s,0,PRIMARY,SELL,1790272664.988,2.0390000343322754,1,17.700000000000955,-9.950193883276299
recent_after_first80,whole_recent,recent24h|1s|0|1|322,recent24h,1s,0,PRIMARY,SELL,1790272666.744,0.0,0,18.56250000000273,-9.945055848990188
recent_after_first80,whole_recent,recent24h|1s|0|1|323,recent24h,1s,0,PRIMARY,SELL,1790272669.698,0.0,0,17.624999999999318,-9.768570125978675
recent_after_first80,whole_recent,recent24h|1s|0|1|323,recent24h,1s,0,PRIMARY,SELL,1790272671.951,2.253000020980835,1,19.087500000000546,-8.94592968102567
recent_after_first80,whole_recent,recent24h|1s|0|1|324,recent24h,1s,0,PRIMARY,SELL,1790272673.8070002,0.0,0,18.0375000000015,-6.57115749428999
recent_after_first80,whole_recent,recent24h|1s|0|1|324,recent24h,1s,0,PRIMARY,SELL,1790272675.853,2.045999765396118,1,19.762500000001637,-4.694251276471938
recent_after_first80,whole_recent,recent24h|1s|0|1|325,recent24h,1s,0,PRIMARY,SELL,1790272677.96,0.0,0,17.737499999998363,-6.195151595273627
recent_after_first80,whole_recent,recent24h|1s|0|1|326,recent24h,1s,0,PRIMARY,SELL,1790272679.92,0.0,0,18.71249999999918,-7.652046276347601
recent_after_first80,whole_recent,recent24h|1s|0|1|327,recent24h,1s,0,PRIMARY,SELL,1790272683.9190001,0.0,0,18.71249999999918,-4.587875409618614
recent_after_first80,whole_recent,recent24h|1s|0|1|328,recent24h,1s,0,PRIMARY,SELL,1790272688.976,0.0,0,16.83749999999918,-9.974454603459607
recent_after_first80,whole_recent,recent24h|1s|0|1|328,recent24h,1s,0,PRIMARY,SELL,1790272690.979,2.003000020980835,1,16.462500000001228,-9.307133604546166
recent_after_first80,whole_recent,recent24h|1s|0|1|329,recent24h,1s,0,PRIMARY,SELL,1790272698.885,0.0,0,19.91249999999809,-13.246039909616378
recent_after_first80,whole_recent,recent24h|1s|0|1|330,recent24h,1s,0,PRIMARY,SELL,1790272708.997,0.0,0,24.899999999997817,-11.665826425712128
recent_after_first80,whole_recent,recent24h|1s|0|1|331,recent24h,1s,0,PRIMARY,SELL,1790272710.901,0.0,0,23.625000000000682,-11.09842127821142
recent_after_first80,whole_recent,recent24h|1s|0|1|331,recent24h,1s,0,PRIMARY,SELL,1790272712.9539998,2.05299973487854,1,24.375,-10.562173900256528
recent_after_first80,whole_recent,recent24h|1s|0|1|332,recent24h,1s,0,PRIMARY,SELL,1790272714.959,0.0,0,24.59999999999809,-4.217715337258541
recent_after_first80,whole_recent,recent24h|1s|0|1|332,recent24h,1s,0,PRIMARY,SELL,1790272716.961,2.001999855041504,1,25.50000000000068,-11.641484028355489
recent_after_first80,whole_recent,recent24h|1s|0|1|333,recent24h,1s,0,PRIMARY,SELL,1790272781.9980001,0.0,0,26.73750000000041,-5.129812468500156
recent_after_first80,whole_recent,recent24h|1s|0|1|334,recent24h,1s,0,PRIMARY,SELL,1790272786.9550002,0.0,0,25.125000000002725,-6.640295595340165
recent_after_first80,whole_recent,recent24h|1s|0|1|335,recent24h,1s,0,PRIMARY,SELL,1790272789.7649999,0.0,0,26.06250000000273,-7.188322784309902
recent_after_first80,whole_recent,recent24h|1s|0|1|336,recent24h,1s,0,PRIMARY,SELL,1790272791.965,0.0,0,26.775000000001228,-2.300144731404423
recent_after_first80,whole_recent,recent24h|1s|0|1|337,recent24h,1s,0,PRIMARY,SELL,1790272793.9689999,0.0,0,26.399999999999864,10.635506560374987
recent_after_first80,whole_recent,recent24h|1s|0|1|338,recent24h,1s,0,PRIMARY,SELL,1790272797.931,0.0,0,24.562500000000682,-2.04148746938377
recent_after_first80,whole_recent,recent24h|1s|0|1|339,recent24h,1s,0,PRIMARY,SELL,1790272801.9950001,0.0,0,23.099999999999454,-3.5829982779037275
recent_after_first80,whole_recent,recent24h|1s|0|1|339,recent24h,1s,0,PRIMARY,SELL,1790272804.971,2.9759998321533203,1,22.312499999999318,-7.359762004560977
recent_after_first80,whole_recent,recent24h|1s|0|1|340,recent24h,1s,0,PRIMARY,SELL,1790272811.981,0.0,0,17.55000000000109,12.45594143940009
recent_after_first80,whole_recent,recent24h|1s|0|1|341,recent24h,1s,0,PRIMARY,SELL,1790272820.944,0.0,0,14.737500000001091,-0.48560093013737615
recent_after_first80,whole_recent,recent24h|1s|0|1|342,recent24h,1s,0,PRIMARY,SELL,1790272830.8579998,0.0,0,14.662499999999453,-7.011333948630865
recent_after_first80,whole_recent,recent24h|1s|0|1|343,recent24h,1s,0,PRIMARY,SELL,1790272833.9580002,0.0,0,12.749999999998634,6.03886905558903
recent_after_first80,whole_recent,recent24h|1s|0|1|343,recent24h,1s,0,PRIMARY,SELL,1790272836.967,3.008999824523926,1,10.650000000000546,-6.35227952388737
recent_after_first80,whole_recent,recent24h|1s|0|1|344,recent24h,1s,0,PRIMARY,SELL,1790272854.6230001,0.0,0,15.2250000000015,-5.578145471194299
recent_after_first80,whole_recent,recent24h|1s|0|1|345,recent24h,1s,0,PRIMARY,SELL,1790272874.965,0.0,0,9.487500000002456,-7.938747810025937
recent_after_first80,whole_recent,recent24h|1s|0|1|345,recent24h,1s,0,PRIMARY,SELL,1790272876.965,2.0,1,9.450000000001637,-7.913363169855723
recent_after_first80,whole_recent,recent24h|1s|0|1|345,recent24h,1s,0,PRIMARY,SELL,1790272878.967,4.002000093460083,2,9.82499999999959,-7.70279516364625
recent_after_first80,whole_recent,recent24h|1s|0|1|346,recent24h,1s,0,PRIMARY,SELL,1790272882.873,0.0,0,9.262500000000955,-7.436658061083637
recent_after_first80,whole_recent,recent24h|1s|0|1|347,recent24h,1s,0,PRIMARY,SELL,1790272901.8409998,0.0,0,2.8125,-4.503772160247132
recent_after_first80,whole_recent,recent24h|1s|0|1|347,recent24h,1s,0,PRIMARY,SELL,1790272903.95,2.1090002059936523,1,2.0249999999998636,-4.403097598114956
recent_after_first80,whole_recent,recent24h|1s|0|1|348,recent24h,1s,0,PRIMARY,SELL,1790272905.9459999,0.0,0,3.524999999998499,-3.4283088886199775
recent_after_first80,whole_recent,recent24h|1s|0|1|348,recent24h,1s,0,PRIMARY,SELL,1790272908.9550002,3.009000301361084,1,0.2625000000023192,-7.355192800614199
recent_after_first80,whole_recent,recent24h|1s|0|1|349,recent24h,1s,0,PRIMARY,SELL,1790272911.905,0.0,0,-1.6125000000010914,-2.0289972362772906
recent_after_first80,whole_recent,recent24h|1s|0|1|349,recent24h,1s,0,PRIMARY,SELL,1790272914.8620002,2.957000255584717,1,-6.262500000000272,-7.403179538677146
recent_after_first80,whole_recent,recent24h|1s|0|1|349,recent24h,1s,0,PRIMARY,SELL,1790272916.963,5.058000087738037,2,4.199999999999591,-5.752014234477192
recent_after_first80,whole_recent,recent24h|1s|0|1|350,recent24h,1s,0,PRIMARY,SELL,1790272918.9190001,0.0,0,5.40000000000191,-5.6679622819611115
recent_after_first80,whole_recent,recent24h|1s|0|1|351,recent24h,1s,0,PRIMARY,SELL,1790272965.982,0.0,0,0.14999999999986358,-5.785639670610411
recent_after_first80,whole_recent,recent24h|1s|0|1|352,recent24h,1s,0,PRIMARY,SELL,1790273116.984,0.0,0,0.9375,18.98661700469947
recent_after_first80,whole_recent,recent24h|1s|0|1|353,recent24h,1s,0,PRIMARY,SELL,1790273118.924,0.0,0,1.2374999999997272,18.49880280217124
recent_after_first80,whole_recent,recent24h|1s|0|1|354,recent24h,1s,0,PRIMARY,SELL,1790273127.9859998,0.0,0,1.3874999999995907,18.053100114088746
recent_after_first80,whole_recent,recent24h|1s|0|1|355,recent24h,1s,0,PRIMARY,SELL,1790273226.956,0.0,0,-4.799999999999045,13.272184362275878
recent_after_first80,whole_recent,recent24h|1s|0|1|356,recent24h,1s,0,PRIMARY,SELL,1790273228.8460002,0.0,0,-5.512499999997544,13.80984018106806
recent_after_first80,whole_recent,recent24h|1s|0|1|356,recent24h,1s,0,PRIMARY,SELL,1790273230.8969998,2.050999641418457,1,-5.13749999999959,15.401928783034705
recent_after_first80,whole_recent,recent24h|1s|0|1|357,recent24h,1s,0,PRIMARY,SELL,1790273233.947,0.0,0,-4.799999999999045,5.599639928344774
recent_after_first80,whole_recent,recent24h|1s|0|1|358,recent24h,1s,0,PRIMARY,SELL,1790273241.613,0.0,0,-3.75,9.303490164057331
recent_after_first80,whole_recent,recent24h|1s|0|1|358,recent24h,1s,0,PRIMARY,SELL,1790273243.867,2.254000186920166,1,-3.450000000000273,5.9145537667716
recent_after_first80,whole_recent,recent24h|1s|0|1|358,recent24h,1s,0,PRIMARY,SELL,1790273245.964,4.351000070571899,2,-3.4124999999994543,10.02917924152534
recent_after_first80,whole_recent,recent24h|1s|0|1|359,recent24h,1s,0,PRIMARY,SELL,1790273250.971,0.0,0,-4.799999999999045,5.934227474351354
recent_after_first80,whole_recent,recent24h|1s|0|1|360,recent24h,1s,0,PRIMARY,SELL,1790273254.879,0.0,0,-5.212499999997817,11.38138849369418
recent_after_first80,whole_recent,recent24h|1s|0|1|361,recent24h,1s,0,PRIMARY,SELL,1790273602.839,0.0,0,-22.76250000000232,-4.138724753162972
recent_after_first80,whole_recent,recent24h|1s|0|1|362,recent24h,1s,0,PRIMARY,SELL,1790273609.9459999,0.0,0,-24.037500000002865,-6.431260417971584
recent_after_first80,whole_recent,recent24h|1s|0|1|363,recent24h,1s,0,PRIMARY,SELL,1790273612.798,0.0,0,-15.075000000001635,-5.127926197847445
recent_after_first80,whole_recent,recent24h|1s|0|1|363,recent24h,1s,0,PRIMARY,SELL,1790273614.948,2.1499998569488525,1,-23.775000000000546,-5.483534725104538
recent_after_first80,whole_recent,recent24h|1s|0|1|364,recent24h,1s,0,PRIMARY,SELL,1790273623.968,0.0,0,-22.799999999999727,-2.052148323980471
recent_after_first80,whole_recent,recent24h|1s|0|1|365,recent24h,1s,0,PRIMARY,SELL,1790273625.916,0.0,0,-23.25000000000273,-2.3474455253033177
recent_after_first80,whole_recent,recent24h|1s|0|1|366,recent24h,1s,0,PRIMARY,SELL,1790273628.9750001,0.0,0,-15.187499999997272,0.0034015416503105494
recent_after_first80,whole_recent,recent24h|1s|0|1|367,recent24h,1s,0,PRIMARY,SELL,1790273633.979,0.0,0,-16.312500000001364,-2.731363560528909
recent_after_first80,whole_recent,recent24h|1s|0|1|368,recent24h,1s,0,PRIMARY,SELL,1790273638.9950001,0.0,0,-16.274999999997135,-0.1321165775006954
recent_after_first80,whole_recent,recent24h|1s|0|1|369,recent24h,1s,0,PRIMARY,SELL,1790273646.943,0.0,0,-15.187500000000682,-3.768884384572792
recent_after_first80,whole_recent,recent24h|1s|0|1|370,recent24h,1s,0,PRIMARY,SELL,1790273652.997,0.0,0,-16.125000000000682,-1.8020848802909082
recent_after_first80,whole_recent,recent24h|1s|0|1|371,recent24h,1s,0,PRIMARY,SELL,1790273659.701,0.0,0,-23.587499999999864,-2.250571375829462
recent_after_first80,whole_recent,recent24h|1s|0|1|372,recent24h,1s,0,PRIMARY,SELL,1790273674.981,0.0,0,-15.037499999997408,-1.8610388199117682
recent_after_first80,whole_recent,recent24h|1s|0|1|373,recent24h,1s,0,PRIMARY,SELL,1790273679.987,0.0,0,-15.525000000001228,-1.700761321930842
recent_after_first80,whole_recent,recent24h|1s|0|1|374,recent24h,1s,0,PRIMARY,BUY,1790275457.985,0.0,0,-7.200000000000273,-4.624324831427944
recent_after_first80,whole_recent,recent24h|1s|0|1|375,recent24h,1s,0,PRIMARY,BUY,1790275461.99,0.0,0,-7.200000000000273,-3.4517033440581137
recent_after_first80,whole_recent,recent24h|1s|0|1|376,recent24h,1s,0,PRIMARY,BUY,1790275464.9420002,0.0,0,-7.3500000000001355,-3.4517033440581137
recent_after_first80,whole_recent,recent24h|1s|0|1|376,recent24h,1s,0,PRIMARY,BUY,1790275466.994,2.051999807357788,1,-6.750000000000681,-4.813444898301971
recent_after_first80,whole_recent,recent24h|1s|0|1|376,recent24h,1s,0,PRIMARY,BUY,1790275469.905,4.9629998207092285,2,-6.224999999999454,-4.870862202376911
recent_after_first80,whole_recent,recent24h|1s|0|1|376,recent24h,1s,0,PRIMARY,BUY,1790275471.9539998,7.011999607086182,3,-6.374999999999317,-4.639472769069429
recent_after_first80,whole_recent,recent24h|1s|0|1|376,recent24h,1s,0,PRIMARY,BUY,1790275474.654,9.711999893188477,4,-6.224999999999454,-5.160544490927662
recent_after_first80,whole_recent,recent24h|1s|0|1|376,recent24h,1s,0,PRIMARY,BUY,1790275476.9689999,12.026999711990356,5,-6.112500000000409,-0.3029841934859942
recent_after_first80,whole_recent,recent24h|1s|0|1|377,recent24h,1s,0,PRIMARY,BUY,1790275481.966,0.0,0,-6.787500000001501,-5.725395199804006
recent_after_first80,whole_recent,recent24h|1s|0|1|378,recent24h,1s,0,PRIMARY,BUY,1790275876.835,0.0,0,-15.375000000001364,-8.299362982884931
recent_after_first80,whole_recent,recent24h|1s|0|1|379,recent24h,1s,0,PRIMARY,BUY,1790275885.849,0.0,0,-15.112499999999045,-7.503368290595071
recent_after_first80,whole_recent,recent24h|1s|0|1|380,recent24h,1s,0,PRIMARY,BUY,1790275887.9539998,0.0,0,-15.149999999999864,-7.483537953097368
recent_after_first80,whole_recent,recent24h|1s|0|1|381,recent24h,1s,0,PRIMARY,BUY,1790275890.757,0.0,0,-16.125000000000682,-8.431752982936533
