side,entry,ounces,entry_time,entry_bid,entry_ask,entry_spread,entry_m5,entry_m15,peak_pnl,mfe,mae,time_to_mfe,time_to_mae,pnl,exit_time,exit_bid,exit_ask,exit_spread,reason,hold_sec
SELL,4341.94,0.12032745159697288,2026-09-16T14:59:06+00:00,4341.94,4342.22,0.28000000000065484,-0.569999999999709,-1.014999999999418,0.0,-3.224365145541565,-9.097315946327722,0.0,8.5,-9.097315946327722,2026-09-16T14:59:16+00:00,4342.47,4342.73,0.2599999999993088,CONFIRMED_REVERSAL,10.0
BUY,4342.35,0.11812698343311798,2026-09-16T15:01:22+00:00,4342.04,4342.35,0.3100000000004002,0.6900000000005093,0.8349999999991269,0.0,-3.50455011818105,-7.348250247795659,0.0,4.0,-7.348250247795659,2026-09-16T15:01:26+00:00,4341.7,4341.96,0.2600000000002183,CONFIRMED_REVERSAL,4.0
SELL,4341.0,0.11639494415748465,2026-09-16T15:02:19+00:00,4341.0,4341.19,0.18999999999959982,-0.6300000000010186,-0.7350000000005821,2.005063305348964,2.005063305348964,-7.351898786266027,6.0,13.0,-7.351898786266027,2026-09-16T15:02:32.500000+00:00,4341.33,4341.66,0.32999999999992724,CONFIRMED_REVERSAL,13.5
BUY,4342.93,0.11457435101953024,2026-09-16T15:03:44.500000+00:00,4342.62,4342.93,0.3100000000004002,0.6350000000002183,0.7399999999997817,7.78515425908179,7.78515425908179,-8.22375449902964,38.0,8.5,0.7675504199062417,2026-09-16T15:04:34.500000+00:00,4343.0,4343.33,0.32999999999992724,CONFIRMED_REVERSAL,50.0
SELL,4346.67,0.11466028171689636,2026-09-16T15:08:38+00:00,4346.67,4346.99,0.31999999999970896,-0.6599999999998545,-1.1000000000003638,0.0,-3.5114335190043544,-8.778583797520866,0.0,3.0,-8.668851500049485,2026-09-16T15:08:43+00:00,4347.09,4347.46,0.36999999999989086,CONFIRMED_REVERSAL,5.0
BUY,4348.15,0.11253803214579707,2026-09-16T15:09:55.500000+00:00,4347.8,4348.15,0.3499999999994543,0.7450000000008004,1.1850000000004002,0.0,-3.4464403219873567,-10.554723486091177,1.5,5.5,-10.554723486091177,2026-09-16T15:10:01+00:00,4347.17,4347.6,0.43000000000029104,CONFIRMED_REVERSAL,5.5
SELL,4344.03,0.11010594248300871,2026-09-16T15:12:28+00:00,4344.03,4344.36,0.32999999999992724,-1.0950000000002547,-2.119999999999891,7.586906341027367,7.586906341027367,-4.004200568880346,9.0,2.5,-2.002100284444965,2026-09-16T15:12:39.500000+00:00,4343.97,4344.22,0.25,CONFIRMED_REVERSAL,11.5
SELL,4343.3,0.10964278415427935,2026-09-16T15:14:58+00:00,4343.3,4343.65,0.3499999999994543,-0.7299999999995634,-1.0999999999994543,0.0,-1.9936784917439399,-12.171931844355532,8.0,10.0,-10.07332290567519,2026-09-16T15:15:09+00:00,4343.94,4344.26,0.32000000000061846,CONFIRMED_REVERSAL,11.0
SELL,4344.27,0.10719540846643286,2026-09-16T15:17:09+00:00,4344.27,4344.58,0.3099999999994907,-0.7699999999995271,-0.9749999999994543,12.618355611737199,12.618355611737199,-5.334589364304758,22.5,0.5,2.3595299111417947,2026-09-16T15:17:35+00:00,4343.66,4344.04,0.38000000000010914,PROFIT_LOCK,26.0
SELL,4341.43,0.10783343081270534,2026-09-16T15:18:15+00:00,4341.43,4341.75,0.31999999999970896,-0.6499999999996362,-1.8500000000003638,0.0,-3.0959657336866733,-17.956601255424008,0.5,2.5,-15.789425241837703,2026-09-16T15:18:18+00:00,4342.59,4342.96,0.36999999999989086,CONFIRMED_REVERSAL,3.0
SELL,4340.51,0.10405523236183355,2026-09-16T15:18:53+00:00,4340.51,4340.78,0.26999999999952706,-1.0799999999999272,-0.8449999999993452,0.0,-2.4895760632538577,-12.746629443857216,1.5,18.5,-11.252883805908525,2026-09-16T15:19:12.500000+00:00,4341.39,4341.64,0.25,CONFIRMED_REVERSAL,19.5
SELL,4339.15,0.10137804301809661,2026-09-16T15:20:07.500000+00:00,4339.15,4339.46,0.3100000000004002,-2.149999999999636,-1.7449999999989814,3.29871114763813,3.29871114763813,-5.82125496643684,1.5,4.5,-4.6570039731512365,2026-09-16T15:20:15+00:00,4339.4,4339.63,0.23000000000047294,CONFIRMED_REVERSAL,7.5
BUY,4341.06,0.10021248020002035,2026-09-16T15:21:17.500000+00:00,4340.85,4341.06,0.21000000000003638,1.1000000000003638,0.7449999999998909,0.0,-2.014014408283926,-7.576530393066442,0.0,4.5,-6.137948672867375,2026-09-16T15:21:22.500000+00:00,4340.42,4340.69,0.26999999999952706,CONFIRMED_REVERSAL,5.0
SELL,4339.1,0.09877965259254126,2026-09-16T15:21:54.500000+00:00,4339.1,4339.43,0.32999999999992724,-1.5299999999997453,-1.1149999999988722,0.0,-1.5125472304588872,-5.955654719929719,2.5,7.5,-5.861120518032487,2026-09-16T15:22:03+00:00,4339.44,4339.72,0.28000000000065484,CONFIRMED_REVERSAL,8.5
BUY,4339.88,0.09735072216364493,2026-09-16T15:22:55+00:00,4339.62,4339.88,0.2600000000002183,0.7450000000008004,0.8649999999997817,2.515500507841482,2.515500507841482,-10.341502087807823,32.5,41.5,-8.291835007346904,2026-09-16T15:23:37+00:00,4338.99,4339.29,0.3000000000001819,CONFIRMED_REVERSAL,42.0
SELL,4338.14,0.09539255022451829,2026-09-16T15:24:26+00:00,4338.14,4338.42,0.27999999999974534,-0.714999999999236,-0.8349999999991269,0.0,-1.460682780933371,-6.6643651880105805,0.5,4.5,-5.477560428500141,2026-09-16T15:24:31.500000+00:00,4338.47,4338.74,0.26999999999952706,CONFIRMED_REVERSAL,5.5
BUY,4340.23,0.09402789364101119,2026-09-16T15:25:03.500000+00:00,4339.97,4340.23,0.2599999999993088,1.4600000000009459,1.444999999999709,0.0,-2.3396533887993485,-7.018960166414415,0.0,1.5,-6.119093478408999,2026-09-16T15:25:08.500000+00:00,4339.55,4339.85,0.3000000000001819,CONFIRMED_REVERSAL,5.0
BUY,4341.39,0.09252999340071794,2026-09-16T15:27:17+00:00,4341.12,4341.39,0.27000000000043656,0.7150000000001455,0.8849999999993088,0.0,-1.9481692299179219,-6.730039157892417,0.5,4.0,-6.641486011076136,2026-09-16T15:27:21.500000+00:00,4340.64,4340.91,0.26999999999952706,CONFIRMED_REVERSAL,4.5
BUY,4343.02,0.09089735680353511,2026-09-16T15:35:02+00:00,4342.76,4343.02,0.2600000000002183,1.555000000000291,1.855000000000473,1.8268042654074004,1.8268042654074004,-7.655179778882835,27.5,46.0,-6.089347551389649,2026-09-16T15:35:50.500000+00:00,4342.32,4342.64,0.32000000000061846,CONFIRMED_REVERSAL,48.5
SELL,4340.64,0.08948132615665777,2026-09-16T15:36:33.500000+00:00,4340.64,4340.94,0.2999999999992724,-0.8000000000001819,-0.9849999999996726,0.0,-1.4558036400767262,-5.395037019106494,2.5,7.0,-5.0524949861399335,2026-09-16T15:36:41.500000+00:00,4340.94,4341.23,0.2899999999999636,CONFIRMED_REVERSAL,8.0
SELL,4338.75,0.08830350338816458,2026-09-16T15:38:19+00:00,4338.75,4339.05,0.3000000000001819,-1.675000000000182,-1.9650000000001455,0.0,-2.2817242921368948,-7.774764254676723,0.5,15.0,-7.774764254676723,2026-09-16T15:38:34+00:00,4339.35,4339.67,0.31999999999970896,CONFIRMED_REVERSAL,15.0
BUY,4341.89,0.08636858672460318,2026-09-16T15:39:01.500000+00:00,4341.58,4341.89,0.3100000000004002,1.235000000000582,2.0700000000006185,20.33351160399885,20.33351160399885,-2.562353088312068,36.0,0.0,15.04349232490709,2026-09-16T15:39:48+00:00,4343.71,4343.99,0.27999999999974534,CONFIRMED_REVERSAL,46.5
SELL,4341.91,0.08998850409095596,2026-09-16T15:41:10+00:00,4341.91,4342.2,0.2899999999999636,-0.6499999999996362,-0.8999999999996362,0.0,-1.2056924344336504,-8.009242600150168,2.0,7.0,-8.009242600150168,2026-09-16T15:41:17+00:00,4342.49,4342.84,0.3500000000003638,CONFIRMED_REVERSAL,7.0
BUY,4343.1,0.08803689873986346,2026-09-16T15:41:53.500000+00:00,4342.79,4343.1,0.3100000000004002,0.694999999999709,0.7449999999989814,12.806480452072293,12.806480452072293,-3.033113791286128,32.0,3.0,8.17255660428,2026-09-16T15:42:31+00:00,4344.07,4344.41,0.3400000000001455,CONFIRMED_REVERSAL,37.5
SELL,4342.43,0.09001702597275303,2026-09-16T15:43:23.500000+00:00,4342.43,4342.76,0.32999999999992724,-1.4799999999995634,-2.019999999999527,0.0,-2.842890079043886,-11.457708500390895,0.0,11.0,-11.457708500390895,2026-09-16T15:43:34.500000+00:00,4343.49,4343.76,0.27000000000043656,CONFIRMED_REVERSAL,11.0
SELL,4342.67,0.08725516091263821,2026-09-16T15:47:00.500000+00:00,4342.67,4342.99,0.31999999999970896,-1.0050000000001091,-1.2200000000002547,0.0,-1.3360803416271678,-8.93503728463738,1.5,37.5,-8.851532263283783,2026-09-16T15:47:39+00:00,4343.39,4343.73,0.339999999999236,CONFIRMED_REVERSAL,38.5
BUY,4345.7,0.08506600146898113,2026-09-16T15:48:28.500000+00:00,4345.35,4345.7,0.3499999999994543,1.0549999999993815,1.699999999999818,9.199324326479463,9.199324326479463,-2.8493482427101604,23.5,0.0,3.3378079414644932,2026-09-16T15:49:05.500000+00:00,4346.11,4346.45,0.3400000000001455,PROFIT_LOCK,37.0
BUY,4347.22,0.08583854248093684,2026-09-16T15:50:07+00:00,4346.97,4347.22,0.25,0.9049999999997453,1.1500000000005457,1.9715829063257744,1.9715829063257744,-5.996898006750237,19.5,25.5,-5.996898006750237,2026-09-16T15:50:33+00:00,4346.49,4346.81,0.32000000000061846,CONFIRMED_REVERSAL,26.0
SELL,4344.94,0.0844413996609541,2026-09-16T15:52:21+00:00,4344.94,4345.21,0.27000000000043656,-0.8550000000004729,-0.7799999999997453,16.566499512703942,16.566499512703942,-2.5051779750959384,31.0,10.5,8.242843659978625,2026-09-16T15:52:52.500000+00:00,4343.46,4343.92,0.4600000000000364,PROFIT_LOCK,31.5
SELL,4345.3,0.08641655071186781,2026-09-16T15:53:56+00:00,4345.3,4345.61,0.3099999999994907,-0.7600000000002183,-0.8500000000003638,0.0,-2.5637760671392837,-7.856733108986628,0.0,4.0,-7.856733108986628,2026-09-16T15:54:00+00:00,4345.95,4346.25,0.3000000000001819,CONFIRMED_REVERSAL,4.0
SELL,4344.4,0.08454476233557069,2026-09-16T15:55:02.500000+00:00,4344.4,4344.65,0.25,-0.7200000000002547,-0.9200000000000728,0.0,-1.1327555819347521,-11.084822480342053,26.5,35.0,-11.084822480342053,2026-09-16T15:55:37.500000+00:00,4345.39,4345.77,0.38000000000010914,CONFIRMED_REVERSAL,35.0
BUY,4347.87,0.08181330928723107,2026-09-16T15:56:00.500000+00:00,4347.71,4347.87,0.15999999999985448,1.0799999999999272,1.5399999999999636,0.0,-0.31318822026921583,-5.32419974458379,0.5,6.0,-5.32419974458379,2026-09-16T15:56:06.500000+00:00,4347.19,4347.53,0.3400000000001455,CONFIRMED_REVERSAL,6.0
SELL,4345.38,0.08057990970160016,2026-09-16T15:58:19.500000+00:00,4345.38,4345.62,0.23999999999978172,-0.7700000000004366,-0.6900000000005093,2.390616638641674,2.390616638641674,-4.0871832854123955,16.5,20.0,-3.470249959312676,2026-09-16T15:58:40.500000+00:00,4345.53,4345.83,0.3000000000001819,CONFIRMED_REVERSAL,21.0
BUY,4346.86,0.07971828678231387,2026-09-16T15:59:03+00:00,4346.52,4346.86,0.339999999999236,0.8950000000004366,0.7100000000009459,0.0,-2.5939305341738628,-6.789994633583575,0.0,3.0,-6.1033659627701935,2026-09-16T15:59:06.500000+00:00,4346.06,4346.41,0.3499999999994543,CONFIRMED_REVERSAL,3.5
BUY,4347.78,0.07823458618881118,2026-09-16T15:59:47+00:00,4347.58,4347.78,0.1999999999998181,1.1350000000002183,1.9799999999995634,7.8615749004466,7.8615749004466,-1.647187121993147,6.0,1.5,2.6205249668178032,2026-09-16T15:59:57+00:00,4348.13,4348.38,0.25,CONFIRMED_REVERSAL,10.0
BUY,4349.43,0.07883446328751141,2026-09-16T16:00:24+00:00,4349.1,4349.43,0.32999999999992724,1.9000000000005457,1.9750000000003638,4.30043550272082,4.30043550272082,-3.5459731338261617,5.0,7.0,-3.5459731338261617,2026-09-16T16:00:31+00:00,4348.96,4349.23,0.26999999999952706,CONFIRMED_REVERSAL,7.0
SELL,4347.53,0.07801665770726958,2026-09-16T16:01:12+00:00,4347.53,4347.86,0.32999999999992724,-0.9549999999999272,-0.9650000000001455,0.3733178988797023,0.3733178988797023,-8.212993775326288,1.5,10.5,-6.794385759584778,2026-09-16T16:01:23+00:00,4348.1,4348.44,0.339999999999236,CONFIRMED_REVERSAL,11.0
SELL,4345.88,0.07641265843298141,2026-09-16T16:02:15+00:00,4345.88,4346.22,0.3400000000001455,-0.8149999999995998,-1.0950000000002547,0.0,-2.4863696387315346,-11.188663374285253,0.0,3.5,-11.188663374285253,2026-09-16T16:02:18.500000+00:00,4347.05,4347.41,0.3599999999996726,CONFIRMED_REVERSAL,3.5
BUY,4347.65,0.07369247922221915,2026-09-16T16:05:04.500000+00:00,4347.34,4347.65,0.3099999999994907,0.9299999999993815,0.5100000000002183,4.090464509147676,4.090464509147676,-4.302040259619062,3.0,6.5,-3.737838258357756,2026-09-16T16:05:11.500000+00:00,4347.12,4347.45,0.32999999999992724,CONFIRMED_REVERSAL,7.0
SELL,4344.53,0.07284640821716167,2026-09-16T16:06:02.500000+00:00,4344.53,4344.87,0.3400000000001455,-0.9949999999998909,-1.1950000000006185,3.3463460370399774,3.3463460370399774,-4.043501461426477,19.0,3.5,-2.858337239973233,2026-09-16T16:06:35+00:00,4344.54,4344.94,0.3999999999996362,CONFIRMED_REVERSAL,32.5
BUY,4348.43,0.07209422783735801,2026-09-16T16:08:33.500000+00:00,4348.09,4348.43,0.3400000000001455,1.0100000000002183,1.3850000000002183,0.0,-2.207862080616626,-5.1056810614208485,0.5,1.5,-5.1056810614208485,2026-09-16T16:08:39.500000+00:00,4347.69,4348.07,0.38000000000010914,CONFIRMED_REVERSAL,6.0
BUY,4349.95,0.07084259136193136,2026-09-16T16:09:01.500000+00:00,4349.66,4349.95,0.2899999999999636,1.0950000000002547,1.375,1.6949461906946728,1.6949461906946728,-5.220434267336385,13.0,16.0,-5.220434267336385,2026-09-16T16:09:17.500000+00:00,4349.18,4349.54,0.3599999999996726,CONFIRMED_REVERSAL,16.0
BUY,4350.71,0.06957642563167116,2026-09-16T16:10:39+00:00,4350.4,4350.71,0.3100000000004002,2.0950000000002547,2.5100000000002183,0.0,-2.0641691134705393,-7.324471047791654,0.0,3.5,-5.726404637360311,2026-09-16T16:10:43+00:00,4349.85,4350.26,0.4099999999998545,CONFIRMED_REVERSAL,4.0
BUY,4351.16,0.06819406276846783,2026-09-16T16:12:09+00:00,4350.89,4351.16,0.26999999999952706,0.7649999999994179,0.8349999999991269,0.4568420510112936,0.4568420510112936,-4.698946810423075,6.0,8.5,-4.111578459119449,2026-09-16T16:12:18.500000+00:00,4350.53,4350.85,0.32000000000061846,CONFIRMED_REVERSAL,9.5
BUY,4352.08,0.06719248088298752,2026-09-16T16:12:45.500000+00:00,4351.74,4352.08,0.3400000000001455,0.819999999999709,1.014999999999418,21.67065533827793,21.67065533827793,-3.793972299580874,21.5,3.5,17.105027655732346,2026-09-16T16:13:14.500000+00:00,4354.74,4355.09,0.3500000000003638,CONFIRMED_REVERSAL,29.0
BUY,4356.37,0.07122908571037494,2026-09-16T16:14:09+00:00,4356.05,4356.37,0.31999999999970896,0.6500000000005457,1.2650000000003274,0.0,-2.1813673867381356,-10.565998279523694,0.0,1.5,-10.361495087012344,2026-09-16T16:14:11.500000+00:00,4354.85,4355.23,0.37999999999919964,CONFIRMED_REVERSAL,2.5
SELL,4358.44,0.06871115148725977,2026-09-16T16:16:16+00:00,4358.44,4358.77,0.33000000000083674,-1.5250000000005457,-1.3250000000007276,13.611909085848275,13.611909085848275,-5.786705311859735,42.5,1.0,4.997609132964606,2026-09-16T16:17:00+00:00,4357.3,4357.68,0.38000000000010914,PROFIT_LOCK,44.0
SELL,4353.74,0.06998476679846738,2026-09-16T16:18:08+00:00,4353.74,4354.04,0.3000000000001819,-0.7750000000005457,-0.9400000000005093,0.0,-2.0093067451882995,-5.693035778032501,0.0,2.5,-4.554428622426001,2026-09-16T16:18:11.500000+00:00,4354.06,4354.42,0.3599999999996726,CONFIRMED_REVERSAL,3.5
SELL,4352.43,0.06891242695663378,2026-09-16T16:20:05.500000+00:00,4352.43,4352.67,0.23999999999978172,-0.7349999999996726,-1.2049999999999272,0.0,-1.450914074681903,-5.078199261398657,0.5,4.0,-5.078199261398657,2026-09-16T16:20:09.500000+00:00,4352.84,4353.2,0.3599999999996726,CONFIRMED_REVERSAL,4.0
SELL,4350.37,0.06772533315170987,2026-09-16T16:20:47.500000+00:00,4350.37,4350.69,0.31999999999970896,-1.2050000000008367,-1.680000000000291,4.731463322244495,4.731463322244495,-2.722211774444138,11.0,3.5,-0.7129602266378857,2026-09-16T16:21:05.500000+00:00,4350.16,4350.48,0.31999999999970896,CONFIRMED_REVERSAL,18.0
BUY,4352.03,0.06752832101767163,2026-09-16T16:21:39+00:00,4351.68,4352.03,0.3499999999994543,0.9650000000001455,1.569999999999709,0.0,-0.7755122557031321,-4.782325576838921,0.5,4.0,-4.782325576838921,2026-09-16T16:21:43+00:00,4351.29,4351.71,0.42000000000007276,CONFIRMED_REVERSAL,4.0
SELL,4353.89,0.06635174135387692,2026-09-16T16:22:57.500000+00:00,4353.89,4354.21,0.31999999999970896,-1.1199999999998909,-1.7749999999996362,0.0,0.0,-5.270500818564516,3.5,7.5,-5.270500818564516,2026-09-16T16:23:05+00:00,4354.36,4354.72,0.3600000000005821,CONFIRMED_REVERSAL,7.5
BUY,4354.28,0.06508102111735119,2026-09-16T16:24:27+00:00,4353.94,4354.28,0.3400000000001455,1.1899999999995998,1.4700000000002547,3.0519112916309843,3.0519112916309843,-3.176479099443871,7.5,10.5,-1.930801021230033,2026-09-16T16:24:38.500000+00:00,4353.97,4354.32,0.3499999999994543,CONFIRMED_REVERSAL,11.5
SELL,4352.7,0.0646411369899661,2026-09-16T16:25:09.500000+00:00,4352.7,4352.97,0.27000000000043656,-0.8450000000002547,-0.5549999999993815,0.0,-1.2372585112643615,-5.196485747315945,0.5,14.5,-5.196485747315945,2026-09-16T16:25:24+00:00,4353.18,4353.54,0.3599999999996726,CONFIRMED_REVERSAL,14.5
BUY,4354.72,0.06336426256316532,2026-09-16T16:26:34+00:00,4354.41,4354.72,0.3100000000004002,0.6700000000000728,1.2450000000008004,0.6064092992213213,0.6064092992213213,-6.185374852093878,5.0,51.0,-6.185374852093878,2026-09-16T16:27:25+00:00,4353.7,4354.04,0.3400000000001455,CONFIRMED_REVERSAL,51.0
BUY,4355.27,0.06187227581473057,2026-09-16T16:28:31+00:00,4355.0,4355.27,0.27000000000043656,0.9050000000006548,1.4149999999999636,0.3552784036319198,0.3552784036319198,-3.967275507257212,21.0,31.5,-3.256718699987987,2026-09-16T16:29:03+00:00,4354.72,4354.9,0.17999999999938154,CONFIRMED_REVERSAL,32.0
SELL,4353.81,0.06111141540807024,2026-09-16T16:29:34.500000+00:00,4353.81,4354.04,0.22999999999956344,-0.5500000000001819,-1.1199999999998909,15.849410036902093,15.849410036902093,-1.345152881358123,26.0,0.0,8.714251274905815,2026-09-16T16:30:06+00:00,4351.99,4352.32,0.32999999999992724,CONFIRMED_REVERSAL,31.5
SELL,4350.53,0.06325047578424169,2026-09-16T16:30:41+00:00,4350.53,4350.83,0.3000000000001819,-0.7799999999997453,-0.6499999999996362,0.0,-1.6343649068114332,-8.050760466872491,0.5,3.5,-8.050760466872491,2026-09-16T16:30:44.500000+00:00,4351.52,4351.86,0.339999999999236,CONFIRMED_REVERSAL,3.5
BUY,4353.8,0.06127079313112988,2026-09-16T16:31:38.500000+00:00,4353.51,4353.8,0.2899999999999636,1.6550000000006548,2.280000000000655,0.0,-1.3486610214051553,-7.8574163855625585,0.5,3.5,-7.8574163855625585,2026-09-16T16:31:42+00:00,4352.46,4352.8,0.3400000000001455,CONFIRMED_REVERSAL,3.5
SELL,4350.15,0.0594348454317072,2026-09-16T16:32:17.500000+00:00,4350.15,4350.38,0.23000000000047294,-1.625,-1.680000000000291,0.0,-1.3082490898303407,-5.4605179401504005,0.0,3.0,-3.8678668742747098,2026-09-16T16:32:23+00:00,4350.53,4350.83,0.3000000000001819,CONFIRMED_REVERSAL,5.5
BUY,4352.77,0.058470565494014894,2026-09-16T16:33:11+00:00,4352.45,4352.77,0.32000000000061846,1.2750000000014552,0.6700000000000728,7.442355354932728,7.442355354932728,-3.8610715751185363,12.0,1.0,3.1336233073374173,2026-09-16T16:33:26.500000+00:00,4353.33,4353.56,0.23000000000047294,CONFIRMED_REVERSAL,15.5
SELL,4350.84,0.0592490817941007,2026-09-16T16:34:18+00:00,4350.84,4351.13,0.2899999999999636,-0.6099999999987631,-0.8699999999989814,12.474575411686818,12.474575411686818,-1.6443758497222831,20.0,0.0,6.520800783385379,2026-09-16T16:34:41.500000+00:00,4349.47,4349.69,0.21999999999934516,CONFIRMED_REVERSAL,23.5
BUY,4350.87,0.06081471508902126,2026-09-16T16:35:19.500000+00:00,4350.55,4350.87,0.31999999999970896,0.9299999999993815,1.824999999999818,0.0,-1.8624307023730329,-13.502622592215078,0.0,5.0,-13.502622592215078,2026-09-16T16:35:24.500000+00:00,4348.55,4348.86,0.3099999999994907,CONFIRMED_REVERSAL,5.0
SELL,4347.37,0.05761826242963417,2026-09-16T16:36:06.500000+00:00,4347.37,4347.59,0.22000000000025466,-1.5900000000001455,-0.9800000000004729,0.0,-0.11028377425974911,-5.569330599996968,2.5,9.0,-4.411350970294677,2026-09-16T16:36:17.500000+00:00,4347.98,4348.17,0.19000000000050932,CONFIRMED_REVERSAL,11.0
BUY,4350.02,0.05652352047676721,2026-09-16T16:36:39.500000+00:00,4349.8,4350.02,0.22000000000025466,1.1199999999998909,1.1849999999994907,0.5950361569903874,0.5950361569903874,-4.00297051067826,1.5,3.5,-3.948876314586883,2026-09-16T16:36:44+00:00,4349.29,4349.52,0.23000000000047294,CONFIRMED_REVERSAL,4.5
SELL,4346.78,0.055616393640704226,2026-09-16T16:37:06+00:00,4346.78,4347.02,0.24000000000069122,-0.5600000000004002,-1.7550000000010186,0.0,-1.2774253598057688,-5.269379609187299,0.0,2.5,-4.311310589334182,2026-09-16T16:37:09.500000+00:00,4347.38,4347.59,0.21000000000003638,CONFIRMED_REVERSAL,3.5
SELL,4346.52,0.05458327573889939,2026-09-16T16:38:13+00:00,4346.52,4346.74,0.21999999999934516,-0.4849999999996726,-0.9349999999994907,0.0,-0.7835601169618581,-3.2387151501162985,0.5,4.5,-2.768579079937283,2026-09-16T16:38:18+00:00,4346.81,4347.05,0.23999999999978172,CONFIRMED_REVERSAL,5.0
BUY,4347.68,0.053903319943160645,2026-09-16T16:39:00+00:00,4347.4,4347.68,0.28000000000065484,1.5799999999999272,1.730000000000473,0.0,-1.4444250563524372,-6.13880648948613,0.0,5.0,-6.13880648948613,2026-09-16T16:39:05+00:00,4346.49,4346.72,0.23000000000047294,CONFIRMED_REVERSAL,5.0
SELL,4345.46,0.05245472078381618,2026-09-16T16:39:56.500000+00:00,4345.46,4345.75,0.2899999999999636,-1.5650000000005093,-1.375,7.32923932353047,7.32923932353047,-2.6606142749788946,17.5,3.0,-0.9036048481079348,2026-09-16T16:40:18+00:00,4345.3,4345.64,0.3400000000001455,CONFIRMED_REVERSAL,21.5
BUY,4345.91,0.0522320310367982,2026-09-16T16:40:45+00:00,4345.7,4345.91,0.21000000000003638,1.0250000000005457,1.2150000000001455,0.0,-1.0497301620724024,-4.49884355173627,0.0,4.5,-4.098946347137693,2026-09-16T16:40:50+00:00,4345.09,4345.39,0.3000000000001819,CONFIRMED_REVERSAL,5.0
BUY,4346.51,0.05123942644975295,2026-09-16T16:41:22.500000+00:00,4346.3,4346.51,0.21000000000003638,1.0,1.4050000000006548,0.0,-0.9807441428064884,-3.8249021569519943,0.5,4.5,-3.2854928784050808,2026-09-16T16:41:27.500000+00:00,4345.84,4346.14,0.3000000000001819,CONFIRMED_REVERSAL,5.0
SELL,4345.25,0.050464216762207435,2026-09-16T16:41:56+00:00,4345.25,4345.54,0.2899999999999636,-0.9699999999993452,-1.1499999999996362,10.866445917746518,10.866445917746518,-1.4488594557004142,50.5,0.5,7.8238410607769655,2026-09-16T16:42:54+00:00,4343.41,4343.63,0.22000000000025466,CONFIRMED_REVERSAL,58.0
SELL,4342.24,0.052381913713074116,2026-09-16T16:44:27+00:00,4342.24,4342.47,0.23000000000047294,-1.2150000000001455,-1.2550000000010186,3.60940258393591,3.60940258393591,-1.704440109083126,6.5,1.0,-1.3033953775346916,2026-09-16T16:44:42.500000+00:00,4342.23,4342.5,0.27000000000043656,CONFIRMED_REVERSAL,15.5
BUY,4343.01,0.05205903537982133,2026-09-16T16:45:15.500000+00:00,4342.72,4343.01,0.2899999999999636,1.3400000000001455,2.0450000000000728,5.779304451394186,5.779304451394186,-3.2882249464825866,36.0,10.5,1.9928636039274672,2026-09-16T16:45:57.500000+00:00,4343.41,4343.62,0.21000000000003638,CONFIRMED_REVERSAL,42.0
BUY,4345.63,0.05250683391363479,2026-09-16T16:47:37+00:00,4345.4,4345.63,0.23000000000047294,0.47999999999956344,1.3849999999993088,0.0,-1.1557532820761722,-2.713507705738294,0.0,3.0,-2.713507705738294,2026-09-16T16:47:40+00:00,4345.09,4345.3,0.21000000000003638,CONFIRMED_REVERSAL,3.0
SELL,4342.6,0.05189055027604954,2026-09-16T16:48:07.500000+00:00,4342.6,4342.92,0.31999999999970896,-1.2799999999997453,-1.2099999999991269,5.512298441049499,5.512298441049499,-1.5891310821020814,9.0,0.0,2.284375930524,2026-09-16T16:48:21.500000+00:00,4341.86,4342.14,0.28000000000065484,CONFIRMED_REVERSAL,14.0
BUY,4344.04,0.052422829656603345,2026-09-16T16:48:47+00:00,4343.83,4344.04,0.21000000000003638,0.5199999999986176,2.144999999999527,0.0,-0.0501697488618873,-3.6623916668356395,8.0,9.0,-3.0101849316493565,2026-09-16T16:48:57+00:00,4343.44,4343.68,0.24000000000069122,CONFIRMED_REVERSAL,10.0
SELL,4342.36,0.05171876563943871,2026-09-16T16:49:33+00:00,4342.36,4342.56,0.2000000000007276,-0.6050000000004729,-0.6899999999995998,0.6434472825438168,0.6434472825438168,-4.504130977806717,6.0,28.0,-4.504130977806717,2026-09-16T16:50:01+00:00,4343.03,4343.27,0.24000000000069122,CONFIRMED_REVERSAL,28.0
BUY,4343.94,0.050616512080940396,2026-09-16T16:50:28.500000+00:00,4343.66,4343.94,0.27999999999974534,0.6549999999988358,0.8649999999997817,5.376958215914535,5.376958215914535,-1.598555145270698,11.0,3.0,2.470494315419954,2026-09-16T16:50:41+00:00,4344.45,4344.7,0.25,CONFIRMED_REVERSAL,12.5
SELL,4342.68,0.05122563338883115,2026-09-16T16:51:23+00:00,4342.68,4342.96,0.27999999999974534,-0.7800000000006548,-0.9750000000003638,9.951873398959963,9.951873398959963,-1.3726721929583037,18.0,0.0,5.980928840753582,2026-09-16T16:51:46+00:00,4341.21,4341.46,0.25,CONFIRMED_REVERSAL,23.0
SELL,4339.41,0.05270441393609914,2026-09-16T16:52:09.500000+00:00,4339.41,4339.63,0.22000000000025466,-0.5100000000002183,-1.7849999999998545,4.8926054001666195,4.8926054001666195,-3.682063857858772,30.5,1.5,2.0175692371797465,2026-09-16T16:52:43.500000+00:00,4338.88,4339.01,0.13000000000010914,CONFIRMED_REVERSAL,34.0
BUY,4339.38,0.05319060267501119,2026-09-16T16:55:02.500000+00:00,4339.06,4339.38,0.31999999999970896,0.8149999999995998,1.0299999999997453,0.0,-1.6289447604030587,-8.195628325783677,0.0,5.0,-8.195628325783677,2026-09-16T16:55:07.500000+00:00,4337.77,4338.09,0.31999999999970896,CONFIRMED_REVERSAL,5.0
SELL,4336.69,0.0512488903761198,2026-09-16T16:56:03.500000+00:00,4336.69,4336.99,0.3000000000001819,-0.7199999999993452,-0.6149999999997817,6.425060625477938,6.425060625477938,-2.108989365617143,23.0,0.5,3.188007180580111,2026-09-16T16:56:32+00:00,4335.79,4336.04,0.25,CONFIRMED_REVERSAL,28.5
BUY,4338.02,0.05200108074182711,2026-09-16T16:57:11+00:00,4337.73,4338.02,0.2900000000008731,0.8099999999994907,1.4099999999998545,5.125911008139018,5.125911008139018,-1.7915805465373653,4.5,1.0,2.1897095568734697,2026-09-16T16:57:22+00:00,4338.46,4338.79,0.32999999999992724,CONFIRMED_REVERSAL,11.0
BUY,4337.93,0.05252961108922901,2026-09-16T16:58:06.500000+00:00,4337.78,4337.93,0.1500000000005457,0.36999999999898137,1.7449999999989814,0.0,-0.301631645607362,-3.3682200425934434,0.5,10.5,-3.3682200425934434,2026-09-16T16:58:17+00:00,4337.26,4337.54,0.27999999999974534,CONFIRMED_REVERSAL,10.5
BUY,4338.51,0.05171136908508231,2026-09-16T16:59:15.500000+00:00,4338.2,4338.51,0.3100000000004002,1.1899999999995998,1.264999999999418,0.19795546461251817,0.19795546461251817,-7.7697519860514666,3.5,8.0,-7.7697519860514666,2026-09-16T16:59:23.500000+00:00,4336.94,4337.3,0.3600000000005821,CONFIRMED_REVERSAL,8.0
SELL,4336.8,0.049859713831156456,2026-09-16T17:01:00+00:00,4336.8,4336.98,0.17999999999938154,-0.5300000000006548,-1.6500000000005457,4.914829698610725,4.914829698610725,-2.290406073137462,18.0,26.0,-2.290406073137462,2026-09-16T17:01:26+00:00,4337.04,4337.28,0.23999999999978172,CONFIRMED_REVERSAL,26.0
SELL,4334.23,0.04933710040285495,2026-09-16T17:02:47+00:00,4334.23,4334.48,0.25,-0.7450000000008004,-1.1900000000005093,11.048694032522304,11.048694032522304,-1.1804160291160162,17.5,0.0,8.451778768470504,2026-09-16T17:03:10+00:00,4332.13,4332.44,0.3099999999994907,CONFIRMED_REVERSAL,23.0
SELL,4330.98,0.05141323249037789,2026-09-16T17:03:35+00:00,4330.98,4331.21,0.23000000000047294,-0.7600000000002183,-0.7700000000004366,1.3284956656193692,1.3284956656193692,-5.215575576146406,4.5,8.5,-5.215575576146406,2026-09-16T17:03:43.500000+00:00,4331.7,4332.04,0.3400000000001455,CONFIRMED_REVERSAL,8.5
SELL,4328.71,0.05018120387071314,2026-09-16T17:04:38.500000+00:00,4328.71,4328.94,0.22999999999956344,-2.0650000000005093,-2.0250000000005457,0.0,-1.1045627159176399,-6.147131636421658,0.0,3.0,-4.658373193227938,2026-09-16T17:04:43+00:00,4329.4,4329.68,0.28000000000065484,CONFIRMED_REVERSAL,4.5
BUY,4330.19,0.049039950263552935,2026-09-16T17:05:17.500000+00:00,4329.87,4330.19,0.31999999999970896,1.139999999999418,1.644999999999527,1.736493702927257,1.736493702927257,-5.256413371011166,4.5,15.0,-5.115616584284565,2026-09-16T17:05:33+00:00,4329.1,4329.38,0.27999999999974534,CONFIRMED_REVERSAL,15.5
SELL,4324.75,0.047865644870341804,2026-09-16T17:06:08.500000+00:00,4324.75,4325.03,0.27999999999974534,-1.785000000000764,-2.1700000000000728,0.0,-0.04580842732045928,-6.138329260808224,1.5,5.5,-6.138329260808224,2026-09-16T17:06:14+00:00,4325.84,4326.09,0.25,CONFIRMED_REVERSAL,5.5
BUY,4326.47,0.04636411468018597,2026-09-16T17:07:28.500000+00:00,4326.19,4326.47,0.28000000000065484,0.7800000000006548,0.7100000000000364,0.7099429023248944,0.7099429023248944,-3.4166002174435985,7.5,0.5,-2.085457275582404,2026-09-16T17:07:42+00:00,4326.0,4326.28,0.27999999999974534,CONFIRMED_REVERSAL,13.5
BUY,4327.42,0.04585037686437052,2026-09-16T17:08:33.500000+00:00,4327.12,4327.42,0.3000000000001819,1.5750000000007276,1.1300000000010186,9.170872665078036,9.170872665078036,-1.667431393650915,24.5,0.5,6.933004215704126,2026-09-16T17:09:03.500000+00:00,4329.0,4329.23,0.22999999999956344,CONFIRMED_REVERSAL,30.0
BUY,4330.3,0.04749282899452334,2026-09-16T17:09:32+00:00,4330.04,4330.3,0.2600000000002183,0.8600000000005821,0.7849999999998545,0.0,-0.772677789852182,-5.49964779835746,12.5,16.5,-5.317841259568954,2026-09-16T17:09:49+00:00,4329.13,4329.46,0.32999999999992724,CONFIRMED_REVERSAL,17.0
BUY,4332.68,0.046184240793833105,2026-09-16T17:10:20.500000+00:00,4332.34,4332.68,0.3400000000001455,0.9850000000005821,0.8999999999996362,11.138220653804158,11.138220653804158,-1.5027758024983116,34.5,0.0,9.370249121455567,2026-09-16T17:11:00.500000+00:00,4334.8,4335.08,0.27999999999974534,CONFIRMED_REVERSAL,40.0
BUY,4336.08,0.04840607079456952,2026-09-16T17:11:38+00:00,4335.74,4336.08,0.3400000000001455,1.0650000000005093,1.1099999999996726,0.0,-1.2507919095008313,-4.21563199128729,1.5,5.0,-4.076655112454801,2026-09-16T17:11:43.500000+00:00,4335.2,4335.55,0.3500000000003638,CONFIRMED_REVERSAL,5.5
BUY,4337.04,0.047413180699508034,2026-09-16T17:12:08+00:00,4336.72,4337.04,0.31999999999970896,0.8699999999998909,1.125,0.0,-1.3612622881875418,-4.310663912590443,2.5,4.5,-3.947660635740982,2026-09-16T17:12:13.500000+00:00,4336.17,4336.5,0.32999999999992724,CONFIRMED_REVERSAL,5.5
BUY,4339.03,0.046440774666258976,2026-09-16T17:13:15.500000+00:00,4338.74,4339.03,0.2899999999999636,0.7800000000006548,1.0700000000006185,0.0,-0.9777855254584019,-9.733410457999467,2.0,8.5,-9.733410457999467,2026-09-16T17:13:24+00:00,4336.84,4337.34,0.5,CONFIRMED_REVERSAL,8.5
BUY,4339.02,0.04409691240147055,2026-09-16T17:14:31+00:00,4338.74,4339.02,0.28000000000065484,0.6449999999995271,1.5000000000009095,1.5192601633198572,1.5192601633198572,-2.1522852313726766,1.5,6.0,-0.46421838323950176,2026-09-16T17:14:38+00:00,4338.91,4339.24,0.32999999999992724,CONFIRMED_REVERSAL,7.0
BUY,4341.27,0.043962324115249696,2026-09-16T17:15:19+00:00,4340.99,4341.27,0.28000000000065484,0.6850000000004002,0.8450000000002547,0.0,-1.1780402868415658,-10.223706775066617,0.0,4.0,-10.223706775066617,2026-09-16T17:15:23+00:00,4338.84,4339.21,0.36999999999989086,CONFIRMED_REVERSAL,4.0
SELL,4337.75,0.04153523694353136,2026-09-16T17:16:30.500000+00:00,4337.75,4338.02,0.27000000000043656,-1.074999999999818,-1.3999999999996362,0.19875046997539966,0.19875046997539966,-3.140257425599746,5.0,10.5,-3.140257425599746,2026-09-16T17:16:41+00:00,4338.3,4338.54,0.23999999999978172,CONFIRMED_REVERSAL,10.5
BUY,4336.65,0.04078913224107648,2026-09-16T17:18:22.500000+00:00,4336.37,4336.65,0.27999999999974534,0.9350000000004002,1.1199999999998909,0.0,-0.7807211225290349,-2.6154157604749297,2.0,7.5,-2.6154157604749297,2026-09-16T17:18:30+00:00,4335.98,4336.33,0.3500000000003638,CONFIRMED_REVERSAL,7.5
SELL,4333.87,0.04018471215636645,2026-09-16T17:18:52+00:00,4333.87,4334.15,0.27999999999974534,-0.819999999999709,-2.094999999999345,1.6536773767428323,1.6536773767428323,-2.115168737693588,11.0,5.0,-0.922982721901512,2026-09-16T17:19:09+00:00,4333.83,4334.11,0.27999999999974534,CONFIRMED_REVERSAL,17.0
SELL,4332.1,0.03997850589352968,2026-09-16T17:19:42.500000+00:00,4332.1,4332.4,0.2999999999992724,-0.6700000000000728,-0.6900000000005093,0.0,-1.1478080906591661,-3.711246159804466,0.0,3.5,-3.711246159804466,2026-09-16T17:19:46+00:00,4332.74,4333.07,0.32999999999992724,CONFIRMED_REVERSAL,3.5
SELL,4330.84,0.039094718417140815,2026-09-16T17:20:12+00:00,4330.84,4331.18,0.3400000000001455,-0.8599999999996726,-1.9849999999996726,0.0,-1.2720918614864223,-4.4897359817141815,0.0,7.5,-4.4897359817141815,2026-09-16T17:20:19.500000+00:00,4331.73,4332.04,0.3100000000004002,CONFIRMED_REVERSAL,7.5
BUY,4333.68,0.03798656202110768,2026-09-16T17:21:35+00:00,4333.41,4333.68,0.27000000000043656,0.5599999999994907,1.2449999999998909,7.779742640406418,7.779742640406418,-1.163326002306328,43.0,4.0,5.416736698227578,2026-09-16T17:22:22+00:00,4335.17,4335.43,0.2600000000002183,CONFIRMED_REVERSAL,47.0
SELL,4333.03,0.03929850516631044,2026-09-16T17:23:09+00:00,4333.03,4333.37,0.3400000000001455,-0.9200000000000728,-1.1700000000000728,0.8650183783920126,0.8650183783920126,-1.993303219779145,1.0,7.5,-1.5795987779365122,2026-09-16T17:23:17+00:00,4333.12,4333.45,0.32999999999992724,CONFIRMED_REVERSAL,8.0
BUY,4334.09,0.038908067119924325,2026-09-16T17:24:17+00:00,4333.87,4334.09,0.22000000000025466,0.5749999999998181,0.839999999999236,0.8936600952754377,0.8936600952754377,-1.7873201905542617,4.5,10.0,-1.712848515946282,2026-09-16T17:24:28+00:00,4333.63,4333.88,0.25,CONFIRMED_REVERSAL,11.0
BUY,4333.27,0.038502399697290066,2026-09-16T17:26:08.500000+00:00,4333.03,4333.27,0.24000000000069122,0.4849999999987631,0.5949999999993452,0.0,-0.8843425214593525,-2.910960799798536,0.0,1.5,-1.9529230682195253,2026-09-16T17:26:11+00:00,4332.74,4333.04,0.3000000000001819,CONFIRMED_REVERSAL,2.5
BUY,4334.13,0.03802393245064574,2026-09-16T17:26:36.500000+00:00,4333.83,4334.13,0.3000000000001819,0.6799999999993815,1.1649999999990541,3.2022937634911477,3.2022937634911477,-1.091691055736145,18.0,0.0,1.2372498631674105,2026-09-16T17:27:00.500000+00:00,4334.47,4334.79,0.31999999999970896,CONFIRMED_REVERSAL,24.0
BUY,4335.22,0.038312583918610754,2026-09-16T17:27:57+00:00,4334.91,4335.22,0.3100000000004002,0.6300000000010186,1.25,2.8599438952001432,2.8599438952001432,-1.1366443686070236,4.0,0.0,0.47665731586724636,2026-09-16T17:28:05.500000+00:00,4335.35,4335.63,0.27999999999974534,CONFIRMED_REVERSAL,8.5
BUY,4337.86,0.03840408488208059,2026-09-16T17:29:20+00:00,4337.54,4337.86,0.31999999999970896,0.9099999999998545,1.3049999999993815,0.0,-1.176112502972807,-3.2343093831785623,0.0,7.5,-3.013788288869489,2026-09-16T17:29:28.500000+00:00,4337.04,4337.33,0.2899999999999636,CONFIRMED_REVERSAL,8.5
BUY,4338.54,0.03767221431316817,2026-09-16T17:30:08.500000+00:00,4338.28,4338.54,0.2600000000002183,0.5900000000001455,0.5499999999992724,0.0,-0.9373806055700522,-4.5066375267753145,0.0,17.0,-4.2182127250619565,2026-09-16T17:30:26.500000+00:00,4337.37,4337.7,0.32999999999992724,CONFIRMED_REVERSAL,18.0
SELL,4334.53,0.036690197002122886,2026-09-16T17:31:39.500000+00:00,4334.53,4334.82,0.2899999999999636,-0.9150000000008731,-1.360000000000582,0.0,-0.7022657805027342,-3.581555480568735,1.0,13.5,-2.8441764110400656,2026-09-16T17:31:54+00:00,4335.06,4335.34,0.27999999999974534,CONFIRMED_REVERSAL,14.5
BUY,4336.5,0.035988205616150876,2026-09-16T17:32:48+00:00,4336.21,4336.5,0.2899999999999636,0.7399999999997817,1.2249999999994543,0.792153776118906,0.792153776118906,-1.6187490207686703,1.5,5.0,-0.9643611187544041,2026-09-16T17:32:54.500000+00:00,4336.22,4336.5,0.27999999999974534,CONFIRMED_REVERSAL,6.5
BUY,4336.58,0.035755176636240296,2026-09-16T17:34:44+00:00,4336.31,4336.58,0.26999999999952706,1.0900000000001455,0.9949999999989814,0.0,-0.7870244626891065,-2.840131756665831,0.5,3.5,-2.7716948468651545,2026-09-16T17:34:48+00:00,4335.77,4336.07,0.2999999999992724,CONFIRMED_REVERSAL,4.0
BUY,4337.93,0.03507641077418337,2026-09-16T17:35:11+00:00,4337.68,4337.93,0.25,0.5,1.230000000000473,4.028263405861758,4.028263405861758,-1.6113053623465354,22.0,2.5,1.1749101600413594,2026-09-16T17:35:39+00:00,4338.28,4338.59,0.3100000000004002,CONFIRMED_REVERSAL,28.0
SELL,4337.8,0.035360479728606155,2026-09-16T17:36:37.500000+00:00,4337.8,4338.09,0.2899999999999636,-0.7000000000007276,-0.5,0.0,-0.4737701033829357,-2.3350097952528226,3.5,14.0,-2.0304433002191766,2026-09-16T17:36:52+00:00,4338.13,4338.4,0.26999999999952706,CONFIRMED_REVERSAL,14.5
BUY,4338.76,0.03486366154915998,2026-09-16T17:37:30+00:00,4338.59,4338.76,0.17000000000007276,0.4149999999999636,1.1350000000002183,12.545336346029655,12.545336346029655,-0.5672093560706996,109.0,0.0,11.010534559015356,2026-09-16T17:39:32+00:00,4342.06,4342.31,0.25,CONFIRMED_REVERSAL,122.0
SELL,4340.91,0.037496761852758236,2026-09-16T17:39:57+00:00,4340.91,4341.22,0.3100000000004002,-0.694999999999709,-0.7049999999999272,1.2200964098535325,1.2200964098535325,-1.6148334836283316,13.0,1.5,-1.6148334836283316,2026-09-16T17:40:13.500000+00:00,4341.07,4341.36,0.2899999999999636,CONFIRMED_REVERSAL,16.5
BUY,4343.95,0.037082082945449034,2026-09-16T17:41:03.500000+00:00,4343.69,4343.95,0.2600000000002183,1.8400000000001455,2.4249999999992724,0.0,-0.42585998523005164,-3.7617632028670704,1.0,5.5,-3.2294382213303128,2026-09-16T17:41:09.500000+00:00,4343.04,4343.31,0.27000000000043656,CONFIRMED_REVERSAL,6.0
SELL,4340.46,0.03633445410459905,2026-09-16T17:42:13+00:00,4340.46,4340.73,0.26999999999952706,-0.5600000000004002,-0.9950000000008004,0.0,-0.6954567120321172,-2.7818268481316313,0.5,4.5,-2.7818268481316313,2026-09-16T17:42:18.500000+00:00,4340.99,4341.26,0.27000000000043656,CONFIRMED_REVERSAL,5.5
BUY,4342.59,0.035647272326993655,2026-09-16T17:42:51.500000+00:00,4342.4,4342.59,0.19000000000050932,0.6300000000001091,0.7299999999995634,0.0,-0.6481885759851217,-2.4904087393061944,0.0,3.5,-2.3539479864677113,2026-09-16T17:42:55.500000+00:00,4341.9,4342.12,0.22000000000025466,CONFIRMED_REVERSAL,4.0
BUY,4343.08,0.03507691006012209,2026-09-16T17:43:42+00:00,4342.77,4343.08,0.3099999999994907,0.8949999999995271,0.8550000000004729,0.0,-0.36926273496803,-2.282715088901048,9.5,17.0,-2.047729712100435,2026-09-16T17:44:00+00:00,4342.47,4342.77,0.3000000000001819,CONFIRMED_REVERSAL,18.0
BUY,4344.07,0.034576361575722483,2026-09-16T17:44:24.500000+00:00,4343.79,4344.07,0.27999999999974534,0.8550000000004729,1.7450000000008004,8.040943903969923,8.040943903969923,-1.5552442941811297,44.0,2.0,5.426809877576843,2026-09-16T17:45:26.500000+00:00,4345.71,4345.98,0.26999999999952706,CONFIRMED_REVERSAL,62.0
BUY,4347.53,0.03585315301531407,2026-09-16T17:45:58.500000+00:00,4347.22,4347.53,0.3099999999994907,0.930000000000291,1.264999999999418,0.0,-0.9264299494988371,-5.318394154540301,0.5,9.5,-5.318394154540301,2026-09-16T17:46:08+00:00,4345.98,4346.3,0.32000000000061846,CONFIRMED_REVERSAL,9.5
BUY,4348.28,0.03456893751352121,2026-09-16T17:46:45+00:00,4348.01,4348.28,0.26999999999952706,0.7600000000002183,0.9500000000007276,0.7609135804084991,0.7609135804084991,-1.7534095548499196,6.5,12.5,-1.7534095548499196,2026-09-16T17:46:57.500000+00:00,4347.75,4348.0,0.25,CONFIRMED_REVERSAL,12.5
BUY,4348.95,0.03414232537119956,2026-09-16T17:48:09+00:00,4348.68,4348.95,0.26999999999952706,0.6400000000012369,1.265000000001237,0.0,-0.7188482921203891,-2.7446934790024202,2.0,11.0,-2.0911950316186276,2026-09-16T17:48:21+00:00,4348.31,4348.49,0.17999999999938154,CONFIRMED_REVERSAL,12.0
BUY,4350.04,0.033631450997996234,2026-09-16T17:49:19.500000+00:00,4349.74,4350.04,0.3000000000001819,1.2549999999991996,1.4299999999993815,0.0,-0.45060406811880077,-3.3151585011511755,3.0,15.0,-3.3151585011511755,2026-09-16T17:49:34.500000+00:00,4349.01,4349.3,0.2899999999999636,CONFIRMED_REVERSAL,15.0
BUY,4350.63,0.03283067455668047,2026-09-16T17:49:58+00:00,4350.35,4350.63,0.27999999999974534,0.9149999999999636,0.5499999999992724,0.691232189888796,0.691232189888796,-1.885178699695677,2.5,8.5,-1.885178699695677,2026-09-16T17:50:06.500000+00:00,4350.03,4350.4,0.36999999999989086,CONFIRMED_REVERSAL,8.5
BUY,4353.76,0.03235462615604183,2026-09-16T17:50:28.500000+00:00,4353.61,4353.76,0.1500000000005457,1.194999999999709,2.894999999999527,0.0,-0.46446085017890937,-2.6009807609928806,0.0,3.0,-2.2294120808514424,2026-09-16T17:50:34+00:00,4353.04,4353.21,0.17000000000007276,CONFIRMED_REVERSAL,5.5
SELL,4352.01,0.0318323588617427,2026-09-16T17:52:20+00:00,4352.01,4352.35,0.3400000000001455,-0.6999999999989086,-0.8099999999994907,0.0,-1.0357840209480547,-2.3457461650857967,0.0,1.5,-2.1020322778042275,2026-09-16T17:52:25+00:00,4352.39,4352.7,0.3099999999994907,CONFIRMED_REVERSAL,5.0
SELL,4350.44,0.03133897061640521,2026-09-16T17:54:03.500000+00:00,4350.44,4350.68,0.24000000000069122,-1.110000000000582,-1.480000000000473,5.368577486692501,5.368577486692501,-0.7198092719608588,23.5,0.0,4.168895366759554,2026-09-16T17:54:32+00:00,4348.83,4349.05,0.22000000000025466,CONFIRMED_REVERSAL,28.5
BUY,4350.06,0.03234310061105188,2026-09-16T17:55:40.500000+00:00,4349.85,4350.06,0.21000000000003638,0.625,0.680000000000291,0.0,-0.6500135562877918,-3.1572087019700783,0.0,7.5,-3.1572087019700783,2026-09-16T17:55:48+00:00,4349.04,4349.33,0.2899999999999636,CONFIRMED_REVERSAL,7.5
BUY,4349.2,0.031590966610361364,2026-09-16T17:56:26+00:00,4348.98,4349.2,0.22000000000025466,0.5149999999994179,1.0150000000003274,1.8442263258430531,1.8442263258430531,-1.874459544297378,48.5,26.0,0.2116325291967723,2026-09-16T17:57:22.500000+00:00,4349.27,4349.55,0.27999999999974534,CONFIRMED_REVERSAL,56.5
BUY,4352.51,0.03161774901104378,2026-09-16T17:58:23+00:00,4352.21,4352.51,0.3000000000001819,0.7450000000008004,0.8950000000004366,0.0,-0.4236238968691645,-2.1181194843403186,1.5,2.5,-2.1181194843403186,2026-09-16T17:58:26.500000+00:00,4351.81,4352.08,0.26999999999952706,CONFIRMED_REVERSAL,3.5
BUY,4354.13,0.03109767653177229,2026-09-16T17:58:54.500000+00:00,4353.89,4354.13,0.23999999999978172,1.4400000000005093,2.125,5.446286697056508,5.446286697056508,-1.666623251559533,34.5,3.0,2.2618458414012568,2026-09-16T17:59:33+00:00,4354.89,4355.2,0.3099999999994907,CONFIRMED_REVERSAL,38.5
BUY,4355.74,0.03162878173024586,2026-09-16T18:00:37+00:00,4355.43,4355.74,0.3099999999994907,0.6799999999993815,1.0850000000000364,0.0,-0.9383516579265686,-2.8755937904243036,0.0,1.0,-2.300475032340544,2026-09-16T18:00:40.500000+00:00,4354.98,4355.22,0.24000000000069122,CONFIRMED_REVERSAL,3.5
SELL,4354.82,0.031083480447458612,2026-09-16T18:01:27+00:00,4354.82,4355.14,0.32000000000061846,-0.6599999999998545,-2.835000000000946,8.50779745281291,8.50779745281291,-1.636114894772442,60.5,4.0,6.365974317838028,2026-09-16T18:02:37.500000+00:00,4352.39,4352.68,0.2899999999999636,CONFIRMED_REVERSAL,70.5
BUY,4353.51,0.0326207651154944,2026-09-16T18:03:49.500000+00:00,4353.19,4353.51,0.32000000000061846,1.2000000000007276,1.055000000000291,0.0,-0.15609378625854572,-3.059438210657842,13.0,17.5,-3.059438210657842,2026-09-16T18:04:07+00:00,4352.53,4352.86,0.32999999999992724,CONFIRMED_REVERSAL,17.5
SELL,4350.22,0.031910568237154914,2026-09-16T18:06:18.500000+00:00,4350.22,4350.42,0.1999999999998181,-1.2449999999998909,-1.8999999999996362,0.0,-0.33592992317279263,-2.931752056789574,2.0,25.0,-2.931752056789574,2026-09-16T18:06:43.500000+00:00,4350.89,4351.18,0.2899999999999636,CONFIRMED_REVERSAL,25.0
BUY,4353.65,0.031181784848545266,2026-09-16T18:07:42+00:00,4353.36,4353.65,0.2899999999999636,1.6649999999990541,1.9399999999986903,11.459183200335655,11.459183200335655,-1.6711308833806997,13.0,0.5,5.43117537099406,2026-09-16T18:07:56.500000+00:00,4355.47,4356.0,0.5299999999997453,PROFIT_LOCK,14.5
BUY,4356.85,0.03246144862648617,2026-09-16T18:09:27.500000+00:00,4356.51,4356.85,0.3400000000001455,0.930000000000291,1.8400000000001455,2.951297362466435,2.951297362466435,-1.0562537928833786,3.5,0.0,0.0,2026-09-16T18:09:37+00:00,4356.85,4357.21,0.3599999999996726,CONFIRMED_REVERSAL,9.5
SELL,4356.08,0.032467186655962765,2026-09-16T18:10:40+00:00,4356.08,4356.42,0.3400000000001455,-1.444999999999709,-1.430000000000291,0.8700098243381408,0.8700098243381408,-1.3360865159499784,14.5,18.5,-0.7767944860169036,2026-09-16T18:10:59.500000+00:00,4355.9,4356.33,0.43000000000029104,CONFIRMED_REVERSAL,19.5
BUY,4354.77,0.03229056477883039,2026-09-16T18:13:42+00:00,4354.48,4354.77,0.2900000000008731,0.6350000000002183,0.625,3.4920105912552444,3.4920105912552444,-0.8961797092635283,41.5,0.0,-0.24722198876419405,2026-09-16T18:14:33.500000+00:00,4354.69,4355.22,0.5300000000006548,CONFIRMED_REVERSAL,51.5
SELL,4352.18,0.03225042582422461,2026-09-16T18:15:07.500000+00:00,4352.18,4352.52,0.3400000000001455,-1.5399999999999636,-1.4849999999996726,0.0,-0.12345733909078878,-3.4876698293182913,11.0,23.0,-3.4876698293182913,2026-09-16T18:15:30.500000+00:00,4352.88,4353.31,0.43000000000029104,CONFIRMED_REVERSAL,23.0
BUY,4354.96,0.03139302316107062,2026-09-16T18:16:16.500000+00:00,4354.63,4354.96,0.32999999999992724,1.5100000000002183,1.6149999999997817,0.24035025934882914,0.24035025934882914,-1.2618388615827192,7.5,0.5,-1.2017512967441457,2026-09-16T18:16:33.500000+00:00,4354.56,4354.9,0.339999999999236,CONFIRMED_REVERSAL,17.0
BUY,4353.72,0.031113539506237065,2026-09-16T18:18:19+00:00,4353.38,4353.72,0.3400000000001455,0.7400000000006912,1.055000000000291,0.5359735924505314,0.5359735924505314,-1.965236505658268,29.0,3.5,-1.7865786415089933,2026-09-16T18:19:11+00:00,4353.12,4353.46,0.3400000000001455,CONFIRMED_REVERSAL,52.0
BUY,4354.94,0.0306761578457382,2026-09-16T18:19:35.500000+00:00,4354.6,4354.94,0.339999999999236,0.7800000000006548,0.910000000000764,0.0,-0.9981627267590887,-3.9339354525277104,0.0,4.5,-3.9339354525277104,2026-09-16T18:19:40+00:00,4353.6,4353.98,0.37999999999919964,CONFIRMED_REVERSAL,4.5
SELL,4352.23,0.029750776428955402,2026-09-16T18:20:25+00:00,4352.23,4352.57,0.3400000000001455,-0.680000000000291,-1.3100000000004002,2.818739663072096,2.818739663072096,-1.765271304148829,14.0,2.5,0.5409702383663518,2026-09-16T18:20:51+00:00,4351.67,4352.04,0.36999999999989086,CONFIRMED_REVERSAL,26.0
SELL,4350.64,0.02989157605537151,2026-09-16T18:23:06.500000+00:00,4350.64,4350.94,0.2999999999992724,-0.8699999999998909,-0.6400000000003274,0.8295991142344392,0.8295991142344392,-1.2873089703634262,7.5,17.5,-1.2873089703634262,2026-09-16T18:23:24+00:00,4350.77,4351.09,0.31999999999970896,CONFIRMED_REVERSAL,17.5
SELL,4348.4,0.029597637183113413,2026-09-16T18:25:21.500000+00:00,4348.4,4348.68,0.28000000000065484,-0.7200000000002547,-1.0850000000000364,3.767299524504305,3.767299524504305,-2.3226959474406232,46.5,16.5,2.01111478375815,2026-09-16T18:26:14+00:00,4347.31,4347.69,0.37999999999919964,CONFIRMED_REVERSAL,52.5
SELL,4345.81,0.030098830314038465,2026-09-16T18:26:49+00:00,4345.81,4346.13,0.31999999999970896,-0.6699999999991633,-1.3699999999998909,0.0,-0.835351167893066,-3.1109629700847026,5.5,8.0,-2.390832652935417,2026-09-16T18:26:58+00:00,4346.26,4346.64,0.38000000000010914,CONFIRMED_REVERSAL,9.0
SELL,4343.01,0.029543011609686948,2026-09-16T18:30:36.500000+00:00,4343.01,4343.29,0.27999999999974534,-0.9250000000001819,-1.4400000000005093,0.0,-0.45237252021901597,-3.6472534442690305,8.0,16.0,-3.6472534442690305,2026-09-16T18:30:52.500000+00:00,4343.95,4344.3,0.3500000000003638,CONFIRMED_REVERSAL,16.0
BUY,4346.32,0.028643667827803067,2026-09-16T18:31:52+00:00,4345.98,4346.32,0.3400000000001455,0.8449999999993452,0.7449999999998909,0.0,-0.8223777488449631,-2.2478325135142194,2.0,6.5,-1.7818184558340775,2026-09-16T18:31:59+00:00,4345.67,4346.06,0.3900000000003274,CONFIRMED_REVERSAL,7.0
BUY,4346.63,0.028213284301753506,2026-09-16T18:33:33.500000+00:00,4346.4,4346.63,0.23000000000047294,0.9499999999998181,1.4249999999992724,0.0,-0.08100211666655772,-2.0790543277938087,5.5,10.5,-2.0790543277938087,2026-09-16T18:33:44+00:00,4345.86,4346.14,0.28000000000065484,CONFIRMED_REVERSAL,10.5
BUY,4348.54,0.027701317006005373,2026-09-16T18:35:51+00:00,4348.2,4348.54,0.3400000000001455,0.7399999999997817,0.7100000000000364,9.570377898967072,9.570377898967072,-1.5376230419392547,61.5,2.0,7.396497046570694,2026-09-16T18:36:57.500000+00:00,4351.33,4351.66,0.32999999999992724,CONFIRMED_REVERSAL,66.5
SELL,4350.95,0.02946229041886714,2026-09-16T18:37:30.500000+00:00,4350.95,4351.26,0.3100000000004002,-0.6850000000004002,-1.4250000000010914,0.0,-0.19737221447442638,-2.255682451116885,18.5,12.0,-1.8891340528101668,2026-09-16T18:37:55+00:00,4351.28,4351.62,0.3400000000001455,CONFIRMED_REVERSAL,24.5
SELL,4350.6,0.029010936201881506,2026-09-16T18:38:17+00:00,4350.6,4350.9,0.2999999999992724,-0.694999999999709,-0.7950000000000728,0.0,-0.8329222552438051,-2.1378337884629715,0.0,6.0,-1.9712493374152207,2026-09-16T18:38:23.500000+00:00,4350.99,4351.31,0.32000000000061846,CONFIRMED_REVERSAL,6.5
BUY,4350.63,0.02853729289081627,2026-09-16T18:44:03.500000+00:00,4350.3,4350.63,0.32999999999992724,0.6999999999998181,0.5249999999996362,0.0,-0.24579709721735432,-1.3382286404028358,7.5,12.0,-1.3109178518250617,2026-09-16T18:44:16+00:00,4350.15,4350.41,0.2600000000002183,CONFIRMED_REVERSAL,12.5
BUY,4351.78,0.02821498616906449,2026-09-16T18:45:08+00:00,4351.47,4351.78,0.3099999999994907,1.0300000000006548,0.7299999999995634,0.6750583569626066,0.6750583569626066,-1.2151050425322008,12.0,19.0,-1.2151050425322008,2026-09-16T18:45:27+00:00,4351.33,4351.61,0.27999999999974534,CONFIRMED_REVERSAL,19.0
BUY,4352.06,0.027921429882217633,2026-09-16T18:46:39+00:00,4351.73,4352.06,0.33000000000083674,0.819999999999709,1.1700000000000728,0.0,-0.8550846319155664,-3.126403185435441,2.5,6.0,-3.0996817906899783,2026-09-16T18:46:45.500000+00:00,4350.9,4351.22,0.32000000000061846,CONFIRMED_REVERSAL,6.5
BUY,4359.91,0.027128278397229456,2026-09-16T18:47:11+00:00,4359.82,4359.91,0.09000000000014552,8.719999999999345,8.68499999999949,0.7529076314797586,0.7529076314797586,-4.906880770677531,0.5,4.5,-3.582801832559584,2026-09-16T18:47:17+00:00,4358.53,4358.89,0.3600000000005821,CONFIRMED_REVERSAL,6.0
SELL,4352.1,0.026316755094792563,2026-09-16T18:49:17.500000+00:00,4352.1,4352.44,0.339999999999236,-1.1549999999988358,-2.2349999999996726,1.0326131783824366,1.0326131783824366,-2.065226356760292,7.0,24.5,-2.065226356760292,2026-09-16T18:49:42+00:00,4352.5,4352.92,0.42000000000007276,CONFIRMED_REVERSAL,24.5
SELL,4351.59,0.02582393468370744,2026-09-16T18:50:30.500000+00:00,4351.59,4351.89,0.3000000000001819,-0.9050000000006548,-1.6850000000004002,2.421976683904934,2.421976683904934,-1.2109883419513432,19.0,1.0,-0.3954247647186224,2026-09-16T18:50:58+00:00,4351.45,4351.75,0.3000000000001819,CONFIRMED_REVERSAL,27.5
BUY,4353.64,0.02571686978604927,2026-09-16T18:52:06+00:00,4353.37,4353.64,0.27000000000043656,0.6050000000004729,1.0250000000005457,0.0,0.0,-2.264265768435528,1.0,5.5,-2.264265768435528,2026-09-16T18:52:12.500000+00:00,4352.72,4353.02,0.3000000000001819,CONFIRMED_REVERSAL,6.5
BUY,4353.89,0.025171982056280438,2026-09-16T18:52:45+00:00,4353.6,4353.89,0.2899999999999636,0.6350000000011278,1.2900000000008731,2.336741197628328,2.336741197628328,-1.3972266954898713,18.5,2.5,0.602252885987089,2026-09-16T18:53:06.500000+00:00,4354.14,4354.44,0.2999999999992724,CONFIRMED_REVERSAL,21.5
SELL,4353.37,0.025319543366731027,2026-09-16T18:53:38.500000+00:00,4353.37,4353.63,0.2600000000002183,-0.569999999999709,-1.0399999999999636,5.137042959022661,5.137042959022661,-0.9450220537833128,35.0,1.5,3.5620062027193446,2026-09-16T18:54:21.500000+00:00,4351.64,4351.9,0.2599999999993088,CONFIRMED_REVERSAL,43.0
BUY,4352.45,0.026180039605586725,2026-09-16T18:55:35.500000+00:00,4352.25,4352.45,0.1999999999998181,0.4250000000001819,0.6700000000000728,0.0,-0.27560332451634,-3.0065817220049302,10.5,28.5,-2.179771748453631,2026-09-16T18:56:15.500000+00:00,4351.58,4351.85,0.27000000000043656,CONFIRMED_REVERSAL,40.0
SELL,4350.07,0.025670770800389455,2026-09-16T18:56:38+00:00,4350.07,4350.34,0.27000000000043656,-0.5500000000001819,-0.5300000000006548,0.0,-0.2702421341651847,-3.169203209738488,2.0,23.5,-3.0709333427699392,2026-09-16T18:57:02+00:00,4351.07,4351.32,0.25,CONFIRMED_REVERSAL,24.0
BUY,4352.16,0.024921143428918404,2026-09-16T18:58:01+00:00,4351.96,4352.16,0.1999999999998181,0.44499999999970896,0.625,3.3390080647694704,3.3390080647694704,-1.3356032259060528,25.5,3.0,1.8603044932273722,2026-09-16T18:58:44+00:00,4352.94,4353.16,0.22000000000025466,CONFIRMED_REVERSAL,43.0
SELL,4351.15,0.02537367196558531,2026-09-16T19:00:46.500000+00:00,4351.15,4351.38,0.23000000000047294,-1.0200000000004366,-1.3900000000003274,0.0,0.0,-2.428313691817642,19.0,29.0,-2.428313691817642,2026-09-16T19:01:15.500000+00:00,4351.92,4352.15,0.22999999999956344,CONFIRMED_REVERSAL,29.0
SELL,4349.38,0.02480061194388578,2026-09-16T19:03:09+00:00,4349.38,4349.66,0.27999999999974534,-0.6549999999997453,-1.639999999999418,1.5427559188060134,1.5427559188060134,-1.5664906252475226,39.0,5.0,-0.21361235798869097,2026-09-16T19:04:11+00:00,4349.28,4349.47,0.19000000000050932,CONFIRMED_REVERSAL,62.0
BUY,4348.94,0.024751797005477805,2026-09-16T19:07:47.500000+00:00,4348.66,4348.94,0.27999999999974534,0.9249999999992724,1.1649999999990541,0.0,-0.6632637066148193,-1.9187271512791229,0.0,5.5,-1.8950391617566265,2026-09-16T19:07:54+00:00,4348.14,4348.48,0.339999999999236,CONFIRMED_REVERSAL,6.5
BUY,4349.01,0.024296089525792354,2026-09-16T19:08:23+00:00,4348.73,4349.01,0.28000000000065484,0.6750000000001819,0.6799999999993815,0.5580448294570123,0.5580448294570123,-0.8370672441876331,11.5,18.5,-0.7208079047168936,2026-09-16T19:08:42+00:00,4348.7,4348.99,0.2899999999999636,CONFIRMED_REVERSAL,19.0
BUY,4350.64,0.024113867737451427,2026-09-16T19:11:55.500000+00:00,4350.39,4350.64,0.25,0.5800000000008367,0.9849999999996726,0.0,-0.4615495563209492,-2.469290126309522,6.0,22.0,-2.4000576928601203,2026-09-16T19:12:18+00:00,4349.6,4349.88,0.27999999999974534,CONFIRMED_REVERSAL,22.5
BUY,4350.0,0.02354090006633812,2026-09-16T19:12:58+00:00,4349.7,4350.0,0.3000000000001819,0.625,1.3250000000007276,2.2979718436844547,2.2979718436844547,-1.171515057565106,59.5,2.5,-0.7209323431157275,2026-09-16T19:14:02+00:00,4349.68,4349.98,0.2999999999992724,CONFIRMED_REVERSAL,64.0
BUY,4351.37,0.023360368455555072,2026-09-16T19:15:02+00:00,4351.08,4351.37,0.2899999999999636,1.0650000000005093,1.3950000000004366,1.520232696220507,1.520232696220507,-1.0060363430862629,54.0,0.5,0.71540362174987,2026-09-16T19:16:01+00:00,4351.69,4351.93,0.24000000000069122,CONFIRMED_REVERSAL,59.0
SELL,4350.71,0.023535730553639694,2026-09-16T19:17:15.500000+00:00,4350.71,4350.97,0.2600000000002183,-0.6000000000003638,-0.680000000000291,0.7207740284849385,0.7207740284849385,-0.6757256517056541,10.5,1.0,-0.6757256517056541,2026-09-16T19:17:45.500000+00:00,4350.71,4351.01,0.3000000000001819,CONFIRMED_REVERSAL,30.0
SELL,4348.18,0.02338704155771292,2026-09-16T19:21:18+00:00,4348.18,4348.42,0.23999999999978172,-0.9250000000001819,-1.125,0.3581102383773379,0.3581102383773379,-1.0967126050311062,6.5,8.5,-0.7833661464499176,2026-09-16T19:21:28+00:00,4348.41,4348.53,0.11999999999989086,CONFIRMED_REVERSAL,10.0
SELL,4347.21,0.02320396758056259,2026-09-16T19:22:00+00:00,4347.21,4347.46,0.25,-0.5649999999995998,-0.5999999999994543,0.7994406332843061,0.7994406332843061,-0.9326807388327003,82.5,38.0,-0.3108935796115734,2026-09-16T19:23:26.500000+00:00,4347.17,4347.35,0.18000000000029104,CONFIRMED_REVERSAL,86.5
SELL,4347.09,0.023129878691209263,2026-09-16T19:26:25.500000+00:00,4347.09,4347.32,0.22999999999956344,-0.9600000000000364,-0.7399999999997817,1.3060109984617692,1.3060109984617692,-0.6862091686820058,28.0,6.0,0.5755302705089175,2026-09-16T19:26:59+00:00,4346.61,4346.83,0.22000000000025466,CONFIRMED_REVERSAL,33.5
SELL,4345.14,0.023278661034107258,2026-09-16T19:28:03+00:00,4345.14,4345.41,0.26999999999952706,-1.055000000000291,-0.9600000000009459,0.4678415166920507,0.4678415166920507,-0.8465703635380929,3.0,11.0,-0.6906231913060585,2026-09-16T19:28:14.500000+00:00,4345.16,4345.45,0.2899999999999636,CONFIRMED_REVERSAL,11.5
BUY,4346.06,0.023107688967406042,2026-09-16T19:29:39+00:00,4345.76,4346.06,0.3000000000001819,0.7250000000003638,1.0049999999991996,0.6634363080966679,0.6634363080966679,-0.774009026115461,9.5,3.5,-0.6192072208931733,2026-09-16T19:29:54.500000+00:00,4345.78,4346.08,0.3000000000001819,CONFIRMED_REVERSAL,15.5
BUY,4346.53,0.02295633238988247,2026-09-16T19:31:16.500000+00:00,4346.19,4346.53,0.3400000000001455,0.8800000000001091,0.9799999999995634,1.7356056822276391,1.7356056822276391,-0.9007573793836865,20.5,2.5,0.1537878452620427,2026-09-16T19:31:56.500000+00:00,4346.6,4346.81,0.21000000000003638,CONFIRMED_REVERSAL,40.0
SELL,4346.78,0.02299198067289499,2026-09-16T19:36:40+00:00,4346.78,4347.11,0.32999999999992724,-0.7400000000006912,-0.6650000000008731,1.2982246917980436,1.2982246917980436,-1.0561828001076632,32.5,8.5,0.15402665834824206,2026-09-16T19:37:47.500000+00:00,4346.49,4346.71,0.22000000000025466,CONFIRMED_REVERSAL,67.5
BUY,4346.56,0.02303017227739547,2026-09-16T19:38:53.500000+00:00,4346.3,4346.56,0.2600000000002183,0.6650000000008731,0.7800000000006548,3.746860945524098,3.746860945524098,-0.9256950571297425,127.0,10.5,1.0579372081471317,2026-09-16T19:41:14+00:00,4347.04,4347.29,0.25,CONFIRMED_REVERSAL,140.5
BUY,4348.22,0.023275610222884307,2026-09-16T19:45:15.500000+00:00,4348.1,4348.22,0.11999999999989086,0.39500000000043656,0.6900000000005093,0.08910099108437881,0.08910099108437881,-1.2696891229549305,5.5,10.5,-1.2474138751833292,2026-09-16T19:45:26.500000+00:00,4347.66,4347.87,0.21000000000003638,CONFIRMED_REVERSAL,11.0
SELL,4346.85,0.022983088836943433,2026-09-16T19:47:12.500000+00:00,4346.85,4347.07,0.21999999999934516,-0.8949999999995271,-0.9949999999998909,0.0,-0.4838965705586094,-1.5176756076647302,0.0,9.5,-1.5176756076647302,2026-09-16T19:47:23+00:00,4347.26,4347.54,0.27999999999974534,CONFIRMED_REVERSAL,10.5
SELL,4347.1,0.022616964546736763,2026-09-16T19:48:43+00:00,4347.1,4347.32,0.21999999999934516,-0.8650000000006912,-1.1649999999999636,0.0,-0.47618802060319904,-2.207780822802198,0.0,34.5,-2.186135912774243,2026-09-16T19:49:42+00:00,4347.84,4348.11,0.26999999999952706,CONFIRMED_REVERSAL,59.0
SELL,4344.36,0.022105417866360187,2026-09-16T19:50:29+00:00,4344.36,4344.68,0.32000000000061846,-0.7449999999989814,-1.269999999999527,0.0,-0.5923497751340784,-1.628961881615829,0.5,6.0,-1.628961881615829,2026-09-16T19:50:35+00:00,4344.96,4345.13,0.17000000000007276,CONFIRMED_REVERSAL,6.0
BUY,4346.86,0.021701130468013648,2026-09-16T19:55:31.500000+00:00,4346.59,4346.86,0.26999999999952706,0.6650000000008731,0.7000000000007276,1.3707168803890935,1.3707168803890935,-0.5607478147029978,24.5,0.0,-0.2699896885614022,2026-09-16T19:56:13.500000+00:00,4346.73,4346.92,0.19000000000050932,CONFIRMED_REVERSAL,42.0
SELL,4346.02,0.02164041152367117,2026-09-16T19:56:40+00:00,4346.02,4346.22,0.1999999999998181,-0.7849999999998545,-0.8099999999994907,0.8284131310729426,0.8284131310729426,-1.5118539642051534,12.5,71.0,-1.4704333076506586,2026-09-16T19:57:52+00:00,4346.55,4346.73,0.17999999999938154,CONFIRMED_REVERSAL,72.0
SELL,4346.06,0.021286680826294768,2026-09-16T20:00:04.500000+00:00,4346.06,4346.24,0.17999999999938154,-0.5200000000004366,-0.6550000000006548,0.0,-0.3666924102778461,-1.8538338519662951,0.0,6.0,-1.813090250823283,2026-09-16T20:00:11+00:00,4346.74,4346.95,0.21000000000003638,CONFIRMED_REVERSAL,6.5
SELL,4344.66,0.020857484240052772,2026-09-16T20:01:03+00:00,4344.66,4344.95,0.2899999999999636,-0.6199999999998909,-0.6299999999991996,0.0,-0.4990262606224886,-1.3373903784684147,0.5,5.0,-1.1178188237951734,2026-09-16T20:01:09+00:00,4345.05,4345.22,0.17000000000007276,CONFIRMED_REVERSAL,6.0
SELL,4343.41,0.020594569327082608,2026-09-16T20:02:04.500000+00:00,4343.41,4343.58,0.17000000000007276,-0.4149999999999636,-0.6400000000003274,0.07883774132782399,0.07883774132782399,-1.0643095079265201,3.5,29.0,-1.0248906372635045,2026-09-16T20:02:34+00:00,4343.71,4343.93,0.22000000000025466,CONFIRMED_REVERSAL,29.5
BUY,4344.66,0.020342153530065563,2026-09-16T20:03:27+00:00,4344.5,4344.66,0.15999999999985448,0.3850000000002183,0.6849999999994907,0.6424396477452552,0.6424396477452552,-0.7203111201991719,11.5,5.0,-0.15574294490783336,2026-09-16T20:03:48.500000+00:00,4344.58,4344.7,0.11999999999989086,CONFIRMED_REVERSAL,21.5
BUY,4345.61,0.020300257852797255,2026-09-16T20:05:15+00:00,4345.43,4345.61,0.17999999999938154,0.6000000000003638,0.5950000000002547,0.0,-0.3496999152685523,-1.1656663842314527,0.0,2.0,-0.9325331073851623,2026-09-16T20:05:18.500000+00:00,4345.13,4345.37,0.23999999999978172,CONFIRMED_REVERSAL,3.5
SELL,4344.75,0.0200800025664908,2026-09-16T20:06:16.500000+00:00,4344.75,4345.0,0.25,-0.7150000000001455,-0.7600000000002183,2.9017646045644434,2.9017646045644434,-0.8839812702646072,129.5,69.0,1.8640474612104916,2026-09-16T20:08:31.500000+00:00,4343.43,4343.78,0.3499999999994543,CONFIRMED_REVERSAL,135.0
SELL,4342.15,0.020540596570756655,2026-09-16T20:10:26.500000+00:00,4342.15,4342.4,0.25,-0.9450000000006185,-0.9400000000005093,0.0,-0.4717867744991693,-2.2213293965940726,11.5,17.5,-2.0444093561571077,2026-09-16T20:10:44.500000+00:00,4342.94,4343.19,0.25,CONFIRMED_REVERSAL,18.0
SELL,4341.78,0.020050331743283252,2026-09-16T20:12:03.500000+00:00,4341.78,4342.07,0.2899999999999636,-0.6050000000004729,-0.6300000000010186,0.0,-0.36458318217146224,-1.8612930879234908,5.0,62.0,-1.8612930879234908,2026-09-16T20:13:05.500000+00:00,4342.47,4342.75,0.27999999999974534,CONFIRMED_REVERSAL,62.0
BUY,4344.2,0.019591466133523628,2026-09-16T20:15:21+00:00,4344.03,4344.2,0.17000000000007276,0.6799999999993815,0.9299999999993815,0.07499777804221545,0.07499777804221545,-1.612452227908485,17.0,41.0,-1.612452227908485,2026-09-16T20:16:04+00:00,4343.34,4343.47,0.13000000000010914,CONFIRMED_REVERSAL,43.0
BUY,4344.36,0.019202916215454283,2026-09-16T20:16:26+00:00,4344.07,4344.36,0.2899999999999636,0.5949999999993452,0.9150000000008731,1.0107676743689993,1.0107676743689993,-0.5329502283034111,35.0,0.0,0.4594398519857569,2026-09-16T20:17:07+00:00,4344.61,4344.75,0.14000000000032742,CONFIRMED_REVERSAL,41.0
SELL,4344.17,0.019314265784984772,2026-09-16T20:18:41+00:00,4344.17,4344.31,0.14000000000032742,-0.4899999999997817,-0.6100000000005821,0.6099772125416586,0.6099772125416586,-0.8133029500549844,9.0,26.0,-0.8133029500549844,2026-09-16T20:19:07+00:00,4344.39,4344.61,0.21999999999934516,CONFIRMED_REVERSAL,26.0
SELL,4344.35,0.019117848769233305,2026-09-16T20:20:34.500000+00:00,4344.35,4344.53,0.17999999999938154,-0.3649999999997817,-0.6899999999995998,2.5248732190834984,2.5248732190834984,-0.6220702133959368,82.0,1.5,0.9879938683368764,2026-09-16T20:22:17.500000+00:00,4343.64,4343.81,0.17000000000007276,CONFIRMED_REVERSAL,103.0
BUY,4343.9,0.019357487542106696,2026-09-16T20:23:34+00:00,4343.55,4343.9,0.3499999999994543,0.7700000000004366,0.9700000000002547,4.353497689983779,4.353497689983779,-1.3894141563775868,176.5,12.5,4.0570893366234975,2026-09-16T20:26:34.500000+00:00,4346.09,4346.32,0.22999999999956344,MAX_HOLD,180.5
BUY,4347.12,0.02031834407743049,2026-09-16T20:27:30+00:00,4346.89,4347.12,0.22999999999956344,0.6400000000003274,0.7200000000002547,0.5833524590201519,0.5833524590201519,-1.0500344262355659,10.5,20.0,-1.0500344262355659,2026-09-16T20:27:50+00:00,4346.58,4346.83,0.25,CONFIRMED_REVERSAL,20.0
SELL,4345.19,0.020074861933701046,2026-09-16T20:29:02.500000+00:00,4345.19,4345.5,0.3100000000004002,-0.6300000000010186,-0.9700000000011642,0.0,-0.2689689021977642,-1.364056575428398,0.5,9.0,-1.364056575428398,2026-09-16T20:29:11.500000+00:00,4345.62,4345.9,0.27999999999974534,CONFIRMED_REVERSAL,9.0
BUY,4347.24,0.019737528668397793,2026-09-16T20:29:48.500000+00:00,4347.01,4347.24,0.22999999999956344,0.6199999999998909,0.8500000000003638,0.0,-0.37778458847483093,-1.0389076183070736,1.5,5.5,-1.0389076183070736,2026-09-16T20:29:54+00:00,4346.69,4346.96,0.27000000000043656,CONFIRMED_REVERSAL,5.5
BUY,4348.11,0.019483916012162386,2026-09-16T20:30:18.500000+00:00,4347.83,4348.11,0.27999999999974534,0.5949999999993452,0.8249999999989086,0.20511168464571763,0.20511168464571763,-1.2306701078675222,15.5,2.0,-0.6526280875046305,2026-09-16T20:30:39.500000+00:00,4347.76,4347.97,0.21000000000003638,CONFIRMED_REVERSAL,21.0
BUY,4347.99,0.01932761413692735,2026-09-16T20:32:38+00:00,4347.78,4347.99,0.21000000000003638,0.4400000000005093,0.6499999999996362,1.9791717891573335,1.9791717891573335,-0.554907978268427,37.0,1.5,0.8138650347941415,2026-09-16T20:33:18.500000+00:00,4348.43,4348.63,0.1999999999998181,CONFIRMED_REVERSAL,40.5
SELL,4346.65,0.01952922089729897,2026-09-16T20:36:14+00:00,4346.65,4346.95,0.3000000000001819,-1.3150000000005093,-1.985000000000582,0.03737974902382401,0.03737974902382401,-1.6633988316001143,49.5,43.0,-0.8784241020811121,2026-09-16T20:37:08.500000+00:00,4346.83,4347.12,0.2899999999999636,CONFIRMED_REVERSAL,54.5
SELL,4345.52,0.019323076324829023,2026-09-16T20:38:36+00:00,4345.52,4345.78,0.2599999999993088,-0.6300000000010186,-0.9850000000005821,0.0,-0.2404036677555545,-0.8691517218896062,4.5,8.0,-0.8506591320617384,2026-09-16T20:38:44.500000+00:00,4345.73,4345.98,0.25,CONFIRMED_REVERSAL,8.5
SELL,4344.68,0.019122226060407334,2026-09-16T20:39:07+00:00,4344.68,4344.81,0.13000000000010914,-0.8949999999986176,-1.0399999999990541,1.7019345873103418,1.7019345873103418,-1.1895241739255449,60.5,130.0,-1.1712238020185886,2026-09-16T20:41:19.500000+00:00,4345.04,4345.32,0.27999999999974534,CONFIRMED_REVERSAL,132.5
SELL,4343.71,0.01884475037520129,2026-09-16T20:43:51+00:00,4343.71,4344.0,0.2899999999999636,-0.6149999999997817,-0.7550000000010186,0.0,-0.39676608067462055,-1.22636788572066,0.5,5.5,-1.118158954626985,2026-09-16T20:43:57+00:00,4344.09,4344.33,0.23999999999978172,CONFIRMED_REVERSAL,6.0
SELL,4344.08,0.01857418742956007,2026-09-16T20:44:45.500000+00:00,4344.08,4344.34,0.2600000000002183,-0.7799999999997453,-0.8999999999996362,0.6754837222651444,0.6754837222651444,-1.0843291331089435,33.0,21.5,-0.8354667091176281,2026-09-16T20:45:29+00:00,4344.25,4344.55,0.3000000000001819,CONFIRMED_REVERSAL,43.5
BUY,4344.65,0.018370816825247955,2026-09-16T20:46:31+00:00,4344.36,4344.65,0.2899999999999636,0.8549999999995634,0.5249999999996362,0.017581257489299385,0.017581257489299385,-1.2306880242237739,9.5,18.5,-1.2306880242237739,2026-09-16T20:46:49.500000+00:00,4343.95,4344.23,0.27999999999974534,CONFIRMED_REVERSAL,18.5
SELL,4342.85,0.018082322010211385,2026-09-16T20:47:38+00:00,4342.85,4343.16,0.3099999999994907,-1.3450000000002547,-1.8699999999998909,0.0,0.0,-1.4017181132944139,25.5,12.5,-1.0383097135511263,2026-09-16T20:48:06+00:00,4343.13,4343.45,0.31999999999970896,CONFIRMED_REVERSAL,28.0
BUY,4346.22,0.017818672966723913,2026-09-16T20:51:50.500000+00:00,4345.98,4346.22,0.24000000000069122,1.0200000000004366,1.444999999999709,0.25579266331868594,0.25579266331868594,-0.4774796381971551,7.0,12.0,-0.4433739497538365,2026-09-16T20:52:03.500000+00:00,4345.96,4346.2,0.23999999999978172,CONFIRMED_REVERSAL,13.0
BUY,4347.67,0.017706170736118333,2026-09-16T20:53:03+00:00,4347.36,4347.67,0.3100000000004002,0.7449999999989814,1.2299999999995634,0.35584872170512644,0.35584872170512644,-1.033655810666538,3.5,8.5,-0.8303136839781147,2026-09-16T20:53:12+00:00,4347.18,4347.44,0.2599999999993088,CONFIRMED_REVERSAL,9.0
BUY,4348.35,0.017503877323175505,2026-09-16T20:53:47+00:00,4348.09,4348.35,0.2600000000002183,0.5850000000000364,0.5150000000003274,2.8645198687292304,2.8645198687292304,-0.8375789089851372,15.5,3.5,2.278214632439025,2026-09-16T20:54:10+00:00,4349.71,4349.94,0.22999999999956344,CONFIRMED_REVERSAL,23.0
SELL,4348.15,0.01805216293692295,2026-09-16T20:55:54.500000+00:00,4348.15,4348.41,0.2600000000002183,-0.75,-1.394999999999527,0.3628022795472585,0.3628022795472585,-0.44918377467785753,6.0,0.0,-0.17276299026119787,2026-09-16T20:56:06+00:00,4348.03,4348.25,0.22000000000025466,CONFIRMED_REVERSAL,11.5
BUY,4350.05,0.018002779426629943,2026-09-16T20:56:28+00:00,4349.75,4350.05,0.3000000000001819,0.8350000000000364,1.449999999999818,1.1888036199053547,1.1888036199053547,-0.7925357466040922,16.0,1.0,0.2928936454842232,2026-09-16T20:56:50+00:00,4350.22,4350.61,0.3899999999994179,CONFIRMED_REVERSAL,22.0
BUY,4354.18,0.018055991689609627,2026-09-16T20:57:59+00:00,4353.88,4354.18,0.3000000000001819,1.1150000000006912,1.1150000000006912,0.0,-0.5183988966837711,-1.4687968739370896,0.0,8.0,-1.4515169107139305,2026-09-16T20:58:07.500000+00:00,4353.34,4353.71,0.36999999999989086,CONFIRMED_REVERSAL,8.5
SELL,4352.82,0.01771319158456748,2026-09-16T20:58:53+00:00,4352.82,4353.16,0.3400000000001455,-0.819999999999709,-2.4200000000000728,0.0,-0.5763644749976947,-2.3732654852845347,0.0,4.0,-2.0850832477856875,2026-09-16T20:58:57.500000+00:00,4353.74,4354.05,0.3100000000004002,CONFIRMED_REVERSAL,4.5
BUY,4339.94,0.0172637437448984,2026-09-16T21:07:20+00:00,4339.59,4339.94,0.3499999999994543,1.9599999999991269,7.0049999999992,1.3547847548049077,1.3547847548049077,-3.0234830503548937,6.0,13.5,-3.0234830503548937,2026-09-16T21:07:33.500000+00:00,4338.11,4338.56,0.4500000000007276,CONFIRMED_REVERSAL,13.5
BUY,4342.65,0.016525473368316137,2026-09-16T21:08:03+00:00,4342.3,4342.65,0.3499999999994543,1.5450000000000728,6.285000000000764,0.8856526027121124,0.8856526027121124,-2.0085335811485003,0.5,6.0,-1.3759245792123045,2026-09-16T21:08:09.500000+00:00,4341.78,4342.17,0.3900000000003274,CONFIRMED_REVERSAL,6.5
SELL,4332.42,0.01623264382028398,2026-09-16T21:09:53.500000+00:00,4332.42,4332.71,0.2899999999999636,-1.4949999999998909,-0.6149999999997817,2.3147121722079285,2.3147121722079285,-0.8699589372050005,10.0,1.5,-0.27962965838802806,2026-09-16T21:10:05.500000+00:00,4332.05,4332.6,0.5500000000001819,CONFIRMED_REVERSAL,12.0
SELL,4328.42,0.016180140363252438,2026-09-16T21:10:30.500000+00:00,4328.42,4328.69,0.26999999999952706,-1.4650000000001455,-3.5900000000001455,4.118939273414111,4.118939273414111,-0.41808782098493336,8.5,0.0,0.6193893644226451,2026-09-16T21:10:41.500000+00:00,4327.51,4328.02,0.5100000000002183,CONFIRMED_REVERSAL,11.0
SELL,4323.75,0.016347302403154358,2026-09-16T21:11:14.500000+00:00,4323.75,4324.03,0.27999999999974534,-3.1750000000010914,-4.565000000000509,5.413070245836596,5.413070245836596,-1.9555889616461481,18.5,0.5,1.4549581874651898,2026-09-16T21:11:36.500000+00:00,4322.29,4322.82,0.5299999999997453,CONFIRMED_REVERSAL,22.0
SELL,4315.49,0.016730880592732804,2026-09-16T21:12:00+00:00,4315.49,4315.78,0.2899999999999636,-0.9849999999996726,-4.494999999999891,3.8428329781764754,3.8428329781764754,-0.4643423181963362,1.5,0.0,0.2882124733622891,2026-09-16T21:12:07.500000+00:00,4314.58,4315.31,0.7300000000004729,CONFIRMED_REVERSAL,7.5
SELL,4310.33,0.016820777931109834,2026-09-16T21:12:41+00:00,4310.33,4310.67,0.3400000000001455,-1.1300000000001091,-2.2349999999996726,0.0,-0.5473264823581289,-4.008361591385406,0.0,1.5,-2.4790670083268758,2026-09-16T21:12:43+00:00,4311.41,4311.87,0.4600000000000364,CONFIRMED_REVERSAL,2.0
BUY,4314.47,0.01620423920861886,2026-09-16T21:14:14+00:00,4314.14,4314.47,0.32999999999992724,0.8999999999996362,3.225000000000364,0.0,-0.21710916096391056,-1.8919512598243338,0.5,2.0,-1.8919512598243338,2026-09-16T21:14:16+00:00,4313.25,4313.77,0.5200000000004366,CONFIRMED_REVERSAL,2.0
SELL,4308.83,0.01576664355636168,2026-09-16T21:17:01.500000+00:00,4308.83,4309.16,0.32999999999992724,-0.7249999999994543,-4.900000000000546,3.2441369313343054,3.2441369313343054,-0.965696574909474,6.5,0.5,-0.27160216169358975,2026-09-16T21:17:11+00:00,4308.59,4309.01,0.42000000000007276,CONFIRMED_REVERSAL,9.5
BUY,4314.45,0.015680327080147632,2026-09-16T21:17:37.500000+00:00,4314.15,4314.45,0.3000000000001819,1.0049999999991996,1.6299999999991996,0.0,-0.45019206907737197,-3.3464277134724476,0.0,2.0,-2.731165219067297,2026-09-16T21:17:40.500000+00:00,4312.63,4313.17,0.5399999999999636,CONFIRMED_REVERSAL,3.0
SELL,4309.44,0.015036331319697348,2026-09-16T21:18:07.500000+00:00,4309.44,4309.78,0.3400000000001455,-2.4200000000009823,-3.2349999999996726,0.0,-0.489262884421084,-5.439452067974195,0.0,2.0,-4.388975874952225,2026-09-16T21:18:10+00:00,4312.09,4312.49,0.3999999999996362,CONFIRMED_REVERSAL,2.5
BUY,4314.42,0.01395600951920503,2026-09-16T21:19:30.500000+00:00,4314.17,4314.42,0.25,1.8100000000004002,4.985000000000582,3.499322876752583,3.499322876752583,-0.33390485465197794,4.0,0.0,1.322263224421541,2026-09-16T21:19:39.500000+00:00,4315.41,4315.78,0.36999999999989086,CONFIRMED_REVERSAL,9.0
BUY,4320.16,0.01425728017764378,2026-09-16T21:20:31.500000+00:00,4319.88,4320.16,0.27999999999974534,1.4650000000001455,5.960000000000946,0.0,-0.38204646292053973,-1.4463187524855208,0.0,0.5,-1.282584554091004,2026-09-16T21:20:33.500000+00:00,4319.22,4319.63,0.4099999999998545,CONFIRMED_REVERSAL,2.0
BUY,4323.76,0.013935451365374494,2026-09-16T21:21:09+00:00,4323.42,4323.76,0.3400000000001455,0.8600000000005821,2.235000000000582,0.2667303920225987,0.2667303920225987,-2.7073134790327122,4.0,7.5,-2.7073134790327122,2026-09-16T21:21:16.500000+00:00,4321.73,4322.27,0.5400000000008731,CONFIRMED_REVERSAL,7.5
SELL,4319.41,0.013294558879194071,2026-09-16T21:22:15.500000+00:00,4319.41,4319.7,0.2899999999999636,-2.2799999999997453,-2.375,1.5395038160081942,1.5395038160081942,-0.7379439779211684,4.0,0.5,0.6616049457219081,2026-09-16T21:22:24.500000+00:00,4318.47,4318.89,0.42000000000007276,CONFIRMED_REVERSAL,9.0
SELL,4316.94,0.013462306084888175,2026-09-16T21:22:52+00:00,4316.94,4317.25,0.3100000000004002,-2.3900000000003274,-2.5600000000004,3.7105083739187092,3.7105083739187092,-1.1853012861133443,20.5,1.0,1.5202777365357636,2026-09-16T21:23:18+00:00,4315.45,4315.76,0.3100000000004002,CONFIRMED_REVERSAL,26.0
BUY,4320.27,0.01381962695574886,2026-09-16T21:23:59+00:00,4320.02,4320.27,0.25,1.8100000000013097,1.800000000000182,0.22483644454879476,0.22483644454879476,-1.917722615279533,2.0,9.5,-1.0977308763329783,2026-09-16T21:24:09.500000+00:00,4319.44,4319.72,0.28000000000065484,CONFIRMED_REVERSAL,10.5
BUY,4322.2,0.01354807521882023,2026-09-16T21:24:32+00:00,4321.93,4322.2,0.26999999999952706,1.3999999999996362,1.4700000000011642,0.0,-0.3500763973371318,-3.111790198557262,0.0,5.0,-3.111790198557262,2026-09-16T21:24:37+00:00,4319.8,4320.23,0.42999999999938154,CONFIRMED_REVERSAL,5.0
SELL,4314.85,0.012817584077840111,2026-09-16T21:24:59+00:00,4314.85,4315.12,0.26999999999952706,-3.594999999999345,-3.4849999999996726,0.0,-0.33120082255690264,-2.0117383296077,0.0,3.5,-1.7418709927098135,2026-09-16T21:25:03+00:00,4316.0,4316.27,0.27000000000043656,CONFIRMED_REVERSAL,4.0
SELL,4313.24,0.012400389433283334,2026-09-16T21:25:34+00:00,4313.24,4313.52,0.28000000000065484,-2.1599999999998545,-1.9549999999990177,0.0,-0.33228812668402413,-1.851319562949994,0.0,4.0,-1.5902360348414262,2026-09-16T21:25:39+00:00,4314.24,4314.58,0.3400000000001455,CONFIRMED_REVERSAL,5.0
BUY,4316.78,0.012005291799710629,2026-09-16T21:26:07+00:00,4316.5,4316.78,0.27999999999974534,2.6299999999991996,2.8799999999991996,0.011489316363701653,0.011489316363701653,-0.8042521454413516,2.5,5.0,-0.8042521454413516,2026-09-16T21:26:12+00:00,4316.08,4316.48,0.3999999999996362,CONFIRMED_REVERSAL,5.0
SELL,4313.59,0.01181935072855216,2026-09-16T21:26:39.500000+00:00,4313.59,4313.83,0.23999999999978172,-3.3599999999996726,-3.074999999999818,0.0,-0.2714728044859063,-2.590303009472004,0.0,3.0,-2.590303009472004,2026-09-16T21:26:42.500000+00:00,4315.55,4315.88,0.32999999999992724,CONFIRMED_REVERSAL,3.0
SELL,4313.07,0.011193234005554496,2026-09-16T21:27:18.500000+00:00,4313.07,4313.36,0.2899999999999636,-1.875,-3.725000000000364,0.0,-0.3106526400356243,-1.9067644802196004,0.0,9.0,-1.9067644802196004,2026-09-16T21:27:27.500000+00:00,4314.52,4314.85,0.32999999999992724,CONFIRMED_REVERSAL,9.0
BUY,4316.87,0.010721843868207176,2026-09-16T21:28:48+00:00,4316.6,4316.87,0.26999999999952706,1.805000000000291,3.0150000000003274,0.0,-0.07182720818386987,-1.487849312386161,0.5,3.5,-1.487849312386161,2026-09-16T21:28:51.500000+00:00,4315.42,4315.89,0.47000000000025466,CONFIRMED_REVERSAL,3.5
BUY,4320.64,0.010352665063152137,2026-09-16T21:29:39+00:00,4320.3,4320.64,0.3400000000001455,1.1300000000001091,1.410000000000764,2.714714696764184,2.714714696764184,-0.7529865582268384,28.0,1.0,1.9716358564089649,2026-09-16T21:30:09.500000+00:00,4322.63,4322.97,0.3400000000001455,CONFIRMED_REVERSAL,30.5
SELL,4315.11,0.010843366478728167,2026-09-16T21:30:42+00:00,4315.11,4315.44,0.32999999999992724,-2.1300000000010186,-4.775000000000546,3.7047066068091885,3.7047066068091885,-0.3424518712176085,7.5,0.0,1.7122593560880424,2026-09-16T21:30:55+00:00,4312.92,4313.46,0.5399999999999636,CONFIRMED_REVERSAL,13.0
SELL,4303.8,0.011287577163207971,2026-09-16T21:31:17.500000+00:00,4303.8,4304.04,0.23999999999978172,-2.4500000000007276,-7.719999999999345,0.0,-0.2592587612232151,-3.3055492055984494,0.0,3.0,-3.3055492055984494,2026-09-16T21:31:20.500000+00:00,4306.43,4306.86,0.42999999999938154,CONFIRMED_REVERSAL,3.0
SELL,4302.22,0.010488881550239975,2026-09-16T21:32:16.500000+00:00,4302.22,4302.51,0.2899999999999636,-2.165000000000873,-7.0600000000004,1.907235182918068,1.907235182918068,-0.29110431739263765,7.0,0.0,-0.29110431739263765,2026-09-16T21:32:27.500000+00:00,4301.87,4302.51,0.6400000000003274,CONFIRMED_REVERSAL,11.0
SELL,4290.54,0.010446540160007017,2026-09-16T21:33:03.500000+00:00,4290.54,4290.86,0.31999999999970896,-2.1599999999998545,-5.239999999999782,0.0,-0.3199218659347514,-1.6395995629174198,0.0,2.0,-1.189709438945539,2026-09-16T21:33:06+00:00,4291.2,4291.73,0.5299999999997453,CONFIRMED_REVERSAL,2.5
BUY,4288.85,0.010160803044889906,2026-09-16T21:39:25+00:00,4288.51,4288.85,0.3400000000001455,2.9549999999999272,2.6450000000004366,2.6644039180854495,2.6644039180854495,-0.3306194642881433,5.5,0.0,2.0031649895091626,2026-09-16T21:39:35.500000+00:00,4290.91,4291.42,0.5100000000002183,CONFIRMED_REVERSAL,10.5
SELL,4286.03,0.010655848317982582,2026-09-16T21:40:30+00:00,4286.03,4286.36,0.32999999999992724,-2.1200000000008004,-4.9099999999998545,0.0,-0.21415528287564126,-1.8458145809758537,0.5,6.0,-1.8458145809758537,2026-09-16T21:40:36+00:00,4287.29,4287.84,0.5500000000001819,CONFIRMED_REVERSAL,6.0
BUY,4302.75,0.010166190696825892,2026-09-16T21:43:09+00:00,4302.45,4302.75,0.3000000000001819,2.735000000000582,4.0,0.0,-0.14593886980265125,-1.8291005015311046,2.5,4.0,-1.790183469583672,2026-09-16T21:43:14+00:00,4300.91,4301.24,0.32999999999992724,CONFIRMED_REVERSAL,5.0
BUY,4309.09,0.009717132371928063,2026-09-16T21:43:39+00:00,4308.76,4309.09,0.32999999999992724,2.465000000001055,6.145000000000437,0.0,-0.30688349141052623,-2.5015654299838,0.0,3.5,-2.5015654299838,2026-09-16T21:43:42.500000+00:00,4306.4,4306.79,0.3900000000003274,CONFIRMED_REVERSAL,3.5
BUY,4310.27,0.00910803483876934,2026-09-16T21:44:15.500000+00:00,4309.99,4310.27,0.28000000000065484,1.0299999999997453,2.035000000000764,0.0,-0.2440642570647192,-1.2551876077589215,0.0,3.5,-1.2551876077589215,2026-09-16T21:44:19+00:00,4308.83,4309.38,0.5500000000001819,CONFIRMED_REVERSAL,3.5
SELL,4303.14,0.008818335519578517,2026-09-16T21:44:51.500000+00:00,4303.14,4303.42,0.27999999999974534,-1.5249999999996362,-5.1299999999992,2.70902566100773,2.70902566100773,-1.4600044839695132,14.0,16.0,-0.18566531009966353,2026-09-16T21:45:08+00:00,4302.57,4303.36,0.7899999999999636,CONFIRMED_REVERSAL,16.5
SELL,4303.21,0.00877310866220542,2026-09-16T21:46:19+00:00,4303.21,4303.46,0.25,-0.8200000000006185,-2.3850000000002183,0.9403575132013077,0.9403575132013077,-0.46178270737583993,1.5,6.5,-0.46178270737583993,2026-09-16T21:46:25.500000+00:00,4303.42,4303.76,0.3400000000001455,CONFIRMED_REVERSAL,6.5
SELL,4301.54,0.0086643406663352,2026-09-16T21:47:03+00:00,4301.54,4301.8,0.2600000000002183,-0.6599999999998545,-3.125,2.9933961047498063,2.9933961047498063,-0.572144961849406,15.0,4.5,1.276961219200834,2026-09-16T21:47:22.500000+00:00,4299.61,4300.0,0.3900000000003274,CONFIRMED_REVERSAL,19.5
SELL,4293.89,0.008990522908710536,2026-09-16T21:49:01.500000+00:00,4293.89,4294.24,0.3499999999994543,-0.7749999999996362,-2.0749999999989086,0.0,-0.3011441728611278,-1.927322706314035,0.0,1.5,-1.7036156064738035,2026-09-16T21:49:04+00:00,4295.41,4295.87,0.4600000000000364,CONFIRMED_REVERSAL,2.5
SELL,4290.51,0.008582707621368738,2026-09-16T21:50:49+00:00,4290.51,4290.84,0.32999999999992724,-3.8499999999994543,-4.920000000000073,7.384234456028248,7.384234456028248,-0.6735341773015753,32.5,2.5,6.612134301560643,2026-09-16T21:51:30.500000+00:00,4282.22,4282.46,0.23999999999978172,CONFIRMED_REVERSAL,41.5
SELL,4276.99,0.010225245444053116,2026-09-16T21:52:36+00:00,4276.99,4277.27,0.28000000000065484,-1.0399999999999636,-2.175000000000182,4.834172662335508,4.834172662335508,-0.5871464772071454,24.5,0.5,2.7693742174919525,2026-09-16T21:53:04+00:00,4273.73,4274.16,0.43000000000029104,CONFIRMED_REVERSAL,28.0
SELL,4268.85,0.01092261779458816,2026-09-16T21:53:54+00:00,4268.85,4269.17,0.31999999999970896,-0.9849999999996726,-2.1199999999989814,2.8641698416048307,2.8641698416048307,-0.5958309524501855,5.5,0.5,0.9721452382089979,2026-09-16T21:54:02.500000+00:00,4267.62,4267.92,0.3000000000001819,CONFIRMED_REVERSAL,8.5
SELL,4265.39,0.011169628199842147,2026-09-16T21:54:49+00:00,4265.39,4265.7,0.3099999999994907,-1.3250000000007276,-4.329999999999927,0.438272318727903,0.438272318727903,-1.60343531241617,3.0,5.0,-1.1544734249395645,2026-09-16T21:54:55+00:00,4266.15,4266.47,0.32000000000061846,CONFIRMED_REVERSAL,6.0
BUY,4272.45,0.01086882247463208,2026-09-16T21:55:43.500000+00:00,4272.13,4272.45,0.31999999999970896,2.255000000000109,4.260000000000218,0.06241014812138546,0.06241014812138546,-1.269006345126639,1.0,4.5,-0.8737420736937203,2026-09-16T21:55:49+00:00,4271.61,4271.93,0.32000000000061846,CONFIRMED_REVERSAL,5.5
BUY,4266.85,0.010669116442779231,2026-09-16T21:57:56.500000+00:00,4266.51,4266.85,0.3400000000001455,2.040000000000873,3.300000000000182,0.7147397941027659,0.7147397941027659,-1.9502185810531194,10.5,6.5,-0.0816845478974059,2026-09-16T21:58:10+00:00,4266.77,4267.2,0.42999999999938154,CONFIRMED_REVERSAL,13.5
BUY,4270.25,0.010640633818237906,2026-09-16T21:58:54.500000+00:00,4269.98,4270.25,0.27000000000043656,1.1899999999995998,2.469999999999345,0.0,0.0,-1.8737290431950981,0.5,3.0,-0.8553980414587123,2026-09-16T21:58:58.500000+00:00,4269.41,4269.84,0.43000000000029104,CONFIRMED_REVERSAL,4.0
SELL,4263.7,0.01044734698069711,2026-09-16T21:59:44+00:00,4263.7,4264.04,0.3400000000001455,-1.0250000000005457,-3.5649999999996,3.189467415085179,3.189467415085179,-0.34994156591884423,12.5,3.0,1.5797362118604965,2026-09-16T22:00:02.500000+00:00,4261.74,4262.12,0.38000000000010914,CONFIRMED_REVERSAL,18.5
SELL,4276.07,0.010803151993430496,2026-09-16T22:01:34.500000+00:00,4276.07,4276.39,0.32000000000061846,-1.3649999999997817,-1.4600000000009459,1.695570305119793,1.695570305119793,-0.3721983596611763,5.0,0.5,0.3101652997163932,2026-09-16T22:01:42+00:00,4275.29,4275.77,0.48000000000047294,CONFIRMED_REVERSAL,7.5
BUY,4279.62,0.010869920391144653,2026-09-16T22:02:52.500000+00:00,4279.35,4279.62,0.26999999999952706,3.6300000000010186,4.6200000000008,0.0,-0.2808740362311565,-1.6852442173897775,0.0,4.0,-1.3419537286622827,2026-09-16T22:02:58+00:00,4278.33,4278.86,0.5299999999997453,CONFIRMED_REVERSAL,5.5
SELL,4275.92,0.010551392208903073,2026-09-16T22:04:35+00:00,4275.92,4276.1,0.18000000000029104,-1.4049999999997453,-5.489999999999782,2.9081963298692193,2.9081963298692193,-0.5452868118504212,17.5,1.0,1.979189168938736,2026-09-16T22:04:57.500000+00:00,4273.6,4273.96,0.3599999999996726,CONFIRMED_REVERSAL,22.5
BUY,4272.78,0.011043157346467138,2026-09-16T22:06:17+00:00,4272.61,4272.78,0.17000000000007276,0.9499999999998181,1.4949999999998909,0.0,-0.17966506927692344,-1.1414016165822425,0.0,0.5,-0.6446805426989269,2026-09-16T22:06:19+00:00,4272.17,4272.41,0.23999999999978172,CONFIRMED_REVERSAL,2.0
SELL,4269.05,0.010895011594781906,2026-09-16T22:06:49+00:00,4269.05,4269.35,0.3000000000001819,-0.714999999999236,-1.694999999999709,15.650559092066338,15.650559092066338,-0.9696882049041842,26.0,1.0,12.83533527137509,2026-09-16T22:07:18+00:00,4255.92,4256.74,0.819999999999709,CONFIRMED_REVERSAL,29.0
SELL,4255.77,0.014080438680163787,2026-09-16T22:08:12+00:00,4255.77,4255.99,0.21999999999934516,-0.8649999999997817,-3.5299999999997453,1.7113599892789748,1.7113599892789748,-1.29362644858721,11.5,1.0,0.06737637753089025,2026-09-16T22:08:31+00:00,4255.09,4255.72,0.6300000000001091,CONFIRMED_REVERSAL,19.0
BUY,4246.36,0.014128220573687043,2026-09-16T22:13:59+00:00,4246.05,4246.36,0.3099999999994907,2.0799999999999272,4.655000000000655,4.488973255508818,4.488973255508818,-1.6495624613604816,11.5,7.5,0.17577304916160466,2026-09-16T22:14:15+00:00,4246.49,4246.81,0.32000000000061846,CONFIRMED_REVERSAL,16.0
BUY,4252.87,0.014149780638190158,2026-09-16T22:14:56+00:00,4252.65,4252.87,0.22000000000025466,2.380000000000109,2.930000000000291,1.06978934007512,1.06978934007512,-1.0020811539941668,8.5,10.0,-0.29791601875545526,2026-09-16T22:15:07+00:00,4252.65,4252.98,0.32999999999992724,CONFIRMED_REVERSAL,11.0
SELL,4251.29,0.014081815733271363,2026-09-16T22:15:52.500000+00:00,4251.29,4251.54,0.25,-3.25,-5.9099999999998545,4.878526801703189,4.878526801703189,-0.9029317561164613,10.5,0.5,4.137314166085034,2026-09-16T22:16:08+00:00,4247.42,4248.22,0.8000000000001819,CONFIRMED_REVERSAL,15.5
BUY,4248.83,0.015107453072684273,2026-09-16T22:16:46.500000+00:00,4248.5,4248.83,0.32999999999992724,0.9600000000000364,1.9549999999999272,0.17349779816472272,0.17349779816472272,-1.0554449388357252,1.0,6.5,-1.0554449388357252,2026-09-16T22:16:53+00:00,4248.1,4248.58,0.47999999999956344,CONFIRMED_REVERSAL,6.5
BUY,4249.77,0.01484460471143329,2026-09-16T22:17:34+00:00,4249.52,4249.77,0.25,3.235000000000582,1.5799999999999272,0.31254516580096287,0.31254516580096287,-3.3385506347025573,0.5,5.0,-3.324344036256707,2026-09-16T22:17:39.500000+00:00,4247.43,4247.76,0.32999999999992724,CONFIRMED_REVERSAL,5.5
SELL,4243.86,0.01404676833402427,2026-09-16T22:18:03+00:00,4243.86,4244.19,0.32999999999992724,-1.1650000000008731,-3.8400000000001455,1.922356475724031,1.922356475724031,-2.164331416725977,4.5,7.0,-2.164331416725977,2026-09-16T22:18:10+00:00,4245.16,4245.47,0.3100000000004002,CONFIRMED_REVERSAL,7.0
SELL,4241.58,0.013521138009952307,2026-09-16T22:19:00.500000+00:00,4241.58,4241.85,0.27000000000043656,-2.899999999999636,-3.324999999999818,0.3235003254855642,0.3235003254855642,-3.247943267875347,0.5,3.0,-3.247943267875347,2026-09-16T22:19:03.500000+00:00,4243.83,4244.09,0.2600000000002183,CONFIRMED_REVERSAL,3.0
BUY,4245.0,0.01271076158298119,2026-09-16T22:19:40.500000+00:00,4244.81,4245.0,0.18999999999959982,1.9700000000011642,3.9400000000005093,0.0,-0.23112484945673178,-1.9463145217454414,0.0,3.5,-1.9463145217454414,2026-09-16T22:19:44+00:00,4243.4,4243.74,0.3400000000001455,CONFIRMED_REVERSAL,3.5
BUY,4249.59,0.012218463679196748,2026-09-16T22:20:10.500000+00:00,4249.33,4249.59,0.2600000000002183,1.6000000000003638,2.769999999999527,0.5846663164364275,0.5846663164364275,-1.1342526538869673,0.5,5.0,-0.30402648454719755,2026-09-16T22:20:16.500000+00:00,4249.33,4249.76,0.43000000000029104,CONFIRMED_REVERSAL,6.0
SELL,4246.58,0.01215231574839479,2026-09-16T22:20:40.500000+00:00,4246.58,4246.92,0.3400000000001455,-1.5950000000002547,-2.2000000000007276,0.32564059835535064,0.32564059835535064,-2.267854167119472,4.0,8.5,-2.267854167119472,2026-09-16T22:20:49+00:00,4248.27,4248.53,0.2599999999993088,CONFIRMED_REVERSAL,8.5
BUY,4248.35,0.011589459305349504,2026-09-16T22:21:37.500000+00:00,4248.15,4248.35,0.2000000000007276,2.1149999999997817,0.8450000000002547,2.539920508855019,2.539920508855019,-0.7874862713044475,6.0,0.5,0.25510118647840824,2026-09-16T22:21:52+00:00,4248.58,4249.2,0.6199999999998909,CONFIRMED_REVERSAL,14.5
SELL,4246.51,0.011657251956054283,2026-09-16T22:25:57+00:00,4246.51,4246.79,0.27999999999974534,-1.3850000000002183,-2.180000000000291,3.3803391820439432,3.3803391820439432,-1.3610606607559426,14.0,3.0,1.941184876816651,2026-09-16T22:26:15.500000+00:00,4244.48,4244.77,0.2900000000008731,CONFIRMED_REVERSAL,18.5
SELL,4243.07,0.0121447439811875,2026-09-16T22:27:05+00:00,4243.07,4243.26,0.19000000000050932,-1.4350000000004002,-2.130000000000109,3.5217008339745774,3.5217008339745774,-0.883330902251377,14.0,3.5,-0.7554803769259371,2026-09-16T22:27:22.500000+00:00,4243.39,4243.72,0.32999999999992724,CONFIRMED_REVERSAL,17.5
BUY,4248.05,0.011944678260726541,2026-09-16T22:27:47+00:00,4247.72,4248.05,0.32999999999992724,1.1550000000006548,2.800000000000182,1.8175779614678116,1.8175779614678116,-0.3772331618139564,2.0,0.0,-0.29721400627797767,2026-09-16T22:27:54.500000+00:00,4247.79,4248.28,0.4899999999997817,CONFIRMED_REVERSAL,7.5
BUY,4249.4,0.01186779988956094,2026-09-16T22:29:10+00:00,4249.07,4249.4,0.32999999999992724,1.7249999999994543,5.2849999999998545,1.4310744484817932,1.4310744484817932,-0.37480521269746486,6.0,0.0,0.44295161500656444,2026-09-16T22:29:19+00:00,4249.79,4250.1,0.3100000000004002,CONFIRMED_REVERSAL,9.0
BUY,4252.2,0.011968833320726568,2026-09-16T22:29:42.500000+00:00,4251.86,4252.2,0.3400000000001455,1.7399999999997817,1.214999999999236,4.100684090369668,4.100684090369668,-0.3894504443369588,27.0,0.0,1.9816154961848071,2026-09-16T22:30:14.500000+00:00,4253.93,4254.25,0.31999999999970896,CONFIRMED_REVERSAL,32.0
BUY,4258.75,0.012436626054800068,2026-09-16T22:31:12+00:00,4258.65,4258.75,0.1000000000003638,1.4399999999995998,1.0999999999994543,1.6543936101995131,1.6543936101995131,-0.29755280758977043,9.5,12.5,-0.29755280758977043,2026-09-16T22:31:24.500000+00:00,4258.5,4258.79,0.2899999999999636,CONFIRMED_REVERSAL,12.5
BUY,4262.15,0.012353757037999548,2026-09-16T22:32:19.500000+00:00,4261.89,4262.15,0.2599999999993088,1.2900000000008731,2.210000000000946,0.0,-0.3073929277700303,-1.7615979322249833,0.0,4.5,-1.6551926879964411,2026-09-16T22:32:24.500000+00:00,4260.75,4261.1,0.3500000000003638,CONFIRMED_REVERSAL,5.0
SELL,4257.03,0.011962339841201566,2026-09-16T22:32:48+00:00,4257.03,4257.26,0.23000000000047294,-1.7749999999996362,-1.269999999999527,0.6639962053555775,0.6639962053555775,-2.8506043988552654,1.0,6.0,-2.8506043988552654,2026-09-16T22:32:54+00:00,4259.1,4259.52,0.42000000000007276,CONFIRMED_REVERSAL,6.0
BUY,4262.15,0.011249115341724321,2026-09-16T22:33:16+00:00,4261.85,4262.15,0.2999999999992724,2.024999999999636,3.0100000000002183,0.032296918841062026,0.032296918841062026,-1.4856582666555629,4.0,8.5,-1.4856582666555629,2026-09-16T22:33:24.500000+00:00,4260.77,4261.16,0.3899999999994179,CONFIRMED_REVERSAL,8.5
BUY,4261.46,0.010886653643721465,2026-09-16T22:34:29+00:00,4261.18,4261.46,0.27999999999974534,0.819999999999709,3.2549999999991996,2.0316574505695626,2.0316574505695626,-0.5938691009354705,19.0,2.0,-0.22921263544916046,2026-09-16T22:34:53+00:00,4261.24,4261.75,0.5100000000002183,CONFIRMED_REVERSAL,24.0
SELL,4260.09,0.010833933709478223,2026-09-16T22:35:22.500000+00:00,4260.09,4260.22,0.13000000000010914,-3.139999999999418,-4.295000000000073,0.05184151036308139,0.05184151036308139,-2.478024195345672,3.0,5.5,-2.478024195345672,2026-09-16T22:35:28+00:00,4261.88,4262.48,0.5999999999994543,CONFIRMED_REVERSAL,5.5
SELL,4259.35,0.010227903905489439,2026-09-16T22:36:17.500000+00:00,4259.35,4259.67,0.31999999999970896,-1.6550000000006548,-2.4799999999995634,0.0,-0.22513133294088708,-1.272481447058891,0.5,4.5,-1.272481447058891,2026-09-16T22:36:22+00:00,4260.23,4260.65,0.42000000000007276,CONFIRMED_REVERSAL,4.5
SELL,4257.14,0.009920884676598267,2026-09-16T22:36:49.500000+00:00,4257.14,4257.24,0.0999999999994543,-0.41999999999916326,-1.8799999999991996,0.0,-0.0949449497403094,-0.6456256582370399,0.0,1.0,-0.4462412637812675,2026-09-16T22:36:52+00:00,4257.5,4257.61,0.10999999999967258,CONFIRMED_REVERSAL,2.5
BUY,4260.27,0.009804147017051523,2026-09-16T22:37:14.500000+00:00,4260.18,4260.27,0.09000000000014552,0.5349999999998545,2.130000000000109,0.0,-0.06567942207741995,-0.7693875157578448,0.5,3.5,-0.5160526020324823,2026-09-16T22:37:19+00:00,4259.72,4259.85,0.13000000000010914,CONFIRMED_REVERSAL,4.5
BUY,4262.05,0.009673533939394447,2026-09-16T22:37:47.500000+00:00,4261.88,4262.05,0.17000000000007276,2.1149999999997817,1.3299999999999272,0.759137560185214,0.759137560185214,-0.7591375601860562,11.0,1.0,-0.23144437810533033,2026-09-16T22:38:02+00:00,4261.8,4262.19,0.3899999999994179,CONFIRMED_REVERSAL,14.5
SELL,4260.91,0.00961936463758006,2026-09-16T22:38:31+00:00,4260.91,4261.14,0.23000000000047294,-1.6350000000002183,-1.8500000000003638,3.2589006235467797,3.2589006235467797,-0.6352094435731529,12.5,0.5,2.144982613803344,2026-09-16T22:38:49.500000+00:00,4258.35,4258.58,0.22999999999956344,CONFIRMED_REVERSAL,18.5
BUY,4262.09,0.010142572995518004,2026-09-16T22:39:20.500000+00:00,4261.8,4262.09,0.2899999999999636,4.380000000000109,3.1049999999995634,0.0,-0.28149300517153014,-1.9025044487457878,0.0,4.5,-1.7569046184849866,2026-09-16T22:39:26+00:00,4260.28,4260.53,0.25,CONFIRMED_REVERSAL,5.5
BUY,4265.19,0.009704785302947381,2026-09-16T22:39:49.500000+00:00,4264.86,4265.19,0.32999999999992724,2.069999999999709,3.1899999999996,0.0,-0.1114522000248427,-1.9504135004360144,1.0,4.0,-1.8946874004240153,2026-09-16T22:39:54.500000+00:00,4263.15,4263.59,0.4400000000005093,CONFIRMED_REVERSAL,5.0
BUY,4264.7,0.009241676325292969,2026-09-16T22:40:25.500000+00:00,4264.43,4264.7,0.26999999999952706,0.7700000000004366,1.2200000000011642,0.0,-0.053066869910598745,-0.8048475269841178,3.0,10.5,-0.8048475269841178,2026-09-16T22:40:36+00:00,4263.79,4264.02,0.23000000000047294,CONFIRMED_REVERSAL,10.5
BUY,4266.34,0.00904100106388037,2026-09-16T22:41:09.500000+00:00,4266.08,4266.34,0.2600000000002183,1.8350000000000364,1.480000000000473,0.718151513969873,0.718151513969873,-0.3807068266832983,1.5,4.0,0.24226798061614363,2026-09-16T22:41:16+00:00,4266.62,4267.01,0.3900000000003274,CONFIRMED_REVERSAL,6.5
BUY,4267.7,0.00909743714615924,2026-09-16T22:42:27+00:00,4267.35,4267.7,0.3499999999994543,1.4650000000001455,2.4849999999996726,0.5223863037035845,0.5223863037035845,-0.8967631546903879,9.0,15.0,-0.8967631546903879,2026-09-16T22:42:42+00:00,4266.67,4267.18,0.5100000000002183,CONFIRMED_REVERSAL,15.0
BUY,4268.13,0.008876978087033338,2026-09-16T22:43:32+00:00,4267.87,4268.13,0.2600000000002183,2.069999999999709,0.8800000000001091,0.1359272711331681,0.1359272711331681,-1.0959136235121334,11.0,15.0,-0.6371590834373049,2026-09-16T22:43:48+00:00,4267.38,4267.84,0.4600000000000364,CONFIRMED_REVERSAL,16.0
BUY,4268.97,0.008719274936596433,2026-09-16T22:48:30+00:00,4268.78,4268.97,0.19000000000050932,0.75,1.199999999999818,0.4672936362689765,0.4672936362689765,-1.01803256472998,1.5,5.0,-0.9679653894150674,2026-09-16T22:48:35.500000+00:00,4267.81,4268.16,0.3499999999994543,CONFIRMED_REVERSAL,5.5
BUY,4269.56,0.008481175398269855,2026-09-16T22:49:07+00:00,4269.24,4269.56,0.32000000000061846,0.9699999999993452,2.5649999999996,0.0,-0.17856658513841425,-1.0064662071431854,3.5,6.0,-0.7873163072004853,2026-09-16T22:49:13.500000+00:00,4268.59,4268.93,0.3400000000001455,CONFIRMED_REVERSAL,6.5
BUY,4273.54,0.008280772666174793,2026-09-16T22:50:08+00:00,4273.25,4273.54,0.2899999999999636,2.665000000000873,1.8800000000010186,1.5453503008621328,1.5453503008621328,-0.570590880318581,23.0,3.0,1.038158407246257,2026-09-16T22:50:36+00:00,4274.85,4275.36,0.5099999999993088,CONFIRMED_REVERSAL,28.0
SELL,4274.59,0.008532512928508668,2026-09-16T22:51:18.500000+00:00,4274.59,4274.85,0.2600000000002183,-1.300000000000182,-1.714999999999236,1.7801431040674738,1.7801431040674738,-0.5552739957643297,29.5,2.0,1.3636876072442266,2026-09-16T22:51:53+00:00,4272.47,4272.92,0.4499999999998181,CONFIRMED_REVERSAL,34.5
SELL,4268.16,0.008879218234118422,2026-09-16T22:53:54.500000+00:00,4268.16,4268.5,0.3400000000001455,-1.4750000000003638,-2.8250000000007276,0.0,-0.28891834266368804,-0.9177406178724368,0.0,3.0,-0.8837502246179307,2026-09-16T22:53:58.500000+00:00,4268.86,4269.2,0.3400000000001455,CONFIRMED_REVERSAL,4.0
BUY,4270.2,0.00865872450980905,2026-09-16T22:54:22.500000+00:00,4269.93,4270.2,0.26999999999952706,0.6599999999998545,1.8250000000007276,2.278809827003041,2.278809827003041,-0.4309022218329104,23.0,2.5,1.6407430754425814,2026-09-16T22:54:49+00:00,4272.18,4272.58,0.3999999999996362,CONFIRMED_REVERSAL,26.5
SELL,4271.03,0.009058450269543692,2026-09-16T22:55:33.500000+00:00,4271.03,4271.31,0.28000000000065484,-0.6700000000000728,-2.2299999999995634,0.41611810249925224,0.41611810249925224,-0.7455449336456763,4.5,1.0,-0.7021992979684738,2026-09-16T22:55:43+00:00,4271.46,4271.84,0.38000000000010914,CONFIRMED_REVERSAL,9.5
SELL,4271.03,0.008886656938231709,2026-09-16T22:56:24.500000+00:00,4271.03,4271.37,0.3400000000001455,-1.1400000000003274,-1.4350000000004002,0.6718726674649615,0.6718726674649615,-0.6973868193945687,26.0,5.5,0.17859906350338334,2026-09-16T22:56:58.500000+00:00,4270.52,4270.82,0.2999999999992724,CONFIRMED_REVERSAL,34.0
SELL,4270.12,0.00893225440470026,2026-09-16T22:57:31.500000+00:00,4270.12,4270.37,0.25,-0.5700000000006185,-1.8699999999998909,0.948867409732832,0.948867409732832,-0.35048255674814216,21.0,22.5,-0.35048255674814216,2026-09-16T22:57:54+00:00,4270.14,4270.53,0.3899999999994179,CONFIRMED_REVERSAL,22.5
SELL,4269.47,0.008847837260363953,2026-09-16T22:58:44+00:00,4269.47,4269.8,0.32999999999992724,-0.8299999999999272,-1.2899999999999636,0.0,-0.05080539637607336,-1.2955376076006524,1.5,6.5,-1.2955376076006524,2026-09-16T22:58:50.500000+00:00,4270.78,4271.0,0.22000000000025466,CONFIRMED_REVERSAL,6.5
BUY,4272.97,0.008523780098425837,2026-09-16T22:59:48+00:00,4272.79,4272.97,0.18000000000029104,1.0299999999997453,1.2650000000003274,0.0,-0.1468338579645981,-0.8646882746793393,0.0,2.0,-0.5873354318576505,2026-09-16T22:59:51+00:00,4272.25,4272.37,0.11999999999989086,CONFIRMED_REVERSAL,3.0
SELL,4283.02,0.008360489673194098,2026-09-17T03:13:27+00:00,4283.02,4283.25,0.22999999999956344,-1.074999999999818,-1.6549999999997453,0.0,-0.16002328375045224,-0.6800989559396039,2.0,5.0,-0.6800989559396039,2026-09-17T03:13:32+00:00,4283.61,4283.87,0.2600000000002183,CONFIRMED_REVERSAL,5.0
BUY,4285.18,0.008190438408156184,2026-09-17T03:14:05+00:00,4284.85,4285.18,0.32999999999992724,1.5700000000006185,2.2700000000004366,1.2463090273742283,1.2463090273742283,-0.49382055801624397,22.0,1.5,0.5957200382411731,2026-09-17T03:14:29.500000+00:00,4285.94,4286.33,0.3900000000003274,CONFIRMED_REVERSAL,24.5
SELL,4284.26,0.008337490296313015,2026-09-17T03:15:01.500000+00:00,4284.26,4284.59,0.32999999999992724,-1.019999999999527,-2.4199999999991633,0.7659987168833358,0.7659987168833358,-0.49470750465371516,30.5,2.0,0.27129121222962055,2026-09-17T03:15:35+00:00,4283.6,4283.92,0.31999999999970896,CONFIRMED_REVERSAL,33.5
SELL,4284.87,0.008402460482338272,2026-09-17T03:16:17.500000+00:00,4284.87,4285.08,0.21000000000003638,-0.6799999999993815,-0.8249999999989086,0.8523811001259831,0.8523811001259831,-0.1688679537986542,15.0,0.0,0.21711594059785183,2026-09-17T03:16:38+00:00,4284.41,4284.6,0.19000000000050932,CONFIRMED_REVERSAL,20.5
SELL,4283.93,0.00845726173863241,2026-09-17T03:18:03+00:00,4283.93,4284.26,0.32999999999992724,-0.7200000000002547,-1.2049999999999272,0.38040752305948927,0.38040752305948927,-0.3561261917998561,4.0,2.0,-0.04856266251779413,2026-09-17T03:18:12.500000+00:00,4283.53,4283.99,0.4600000000000364,CONFIRMED_REVERSAL,9.5
SELL,4282.59,0.008448059167360916,2026-09-17T03:18:58.500000+00:00,4282.59,4282.94,0.3499999999994543,-0.8649999999997817,-1.5200000000004366,0.5416929921713218,0.5416929921713218,-0.5982877823979349,13.5,3.0,0.16978437068057456,2026-09-17T03:19:17.500000+00:00,4281.96,4282.38,0.42000000000007276,CONFIRMED_REVERSAL,19.0
BUY,4284.29,0.008486116241445562,2026-09-17T03:19:50+00:00,4284.08,4284.29,0.21000000000003638,0.7249999999994543,1.3149999999995998,1.794827510782518,1.794827510782518,-0.6091043588628355,39.5,2.5,1.2425728920799775,2026-09-17T03:20:35.500000+00:00,4285.82,4286.17,0.3500000000003638,CONFIRMED_REVERSAL,45.5
SELL,4285.49,0.00878671020980186,2026-09-17T03:23:20+00:00,4285.49,4285.82,0.32999999999992724,-1.1300000000001091,-1.1400000000003274,0.0,-0.27749918432586673,-0.9418154134697241,0.0,7.5,-0.9418154134697241,2026-09-17T03:23:27.500000+00:00,4286.07,4286.61,0.5399999999999636,CONFIRMED_REVERSAL,7.5
SELL,4285.87,0.008556313465762156,2026-09-17T03:24:03.500000+00:00,4285.87,4286.16,0.2899999999999636,-0.9650000000001455,-1.3700000000008004,0.0,-0.19652572006343322,-0.8352343102707083,1.0,9.5,-0.8352343102707083,2026-09-17T03:24:13+00:00,4286.51,4286.89,0.38000000000010914,CONFIRMED_REVERSAL,9.5
SELL,4284.46,0.008355429440349059,2026-09-17T03:25:19+00:00,4284.46,4284.76,0.3000000000001819,-0.9899999999997817,-1.9699999999993452,0.0,-0.23988964315311437,-1.143473965696051,0.0,2.0,-0.9755512154889439,2026-09-17T03:25:24+00:00,4285.33,4285.68,0.3500000000003638,CONFIRMED_REVERSAL,5.0
SELL,4284.37,0.00811767910527688,2026-09-17T03:26:20.500000+00:00,4284.37,4284.58,0.21000000000003638,-0.8500000000003638,-0.5249999999996362,0.0,-0.16314457687526315,-0.6059655712506746,0.0,3.0,-0.5904279925010196,2026-09-17T03:26:24.500000+00:00,4284.77,4285.13,0.3599999999996726,CONFIRMED_REVERSAL,4.0
BUY,4286.78,0.00796919767664165,2026-09-17T03:28:39+00:00,4286.46,4286.78,0.31999999999970896,1.0999999999994543,1.4099999999998545,0.0,-0.03813344764862507,-1.6016048012360102,1.0,12.5,-1.3651774258157832,2026-09-17T03:28:52+00:00,4284.99,4285.47,0.48000000000047294,CONFIRMED_REVERSAL,13.0
BUY,4287.43,0.007635275872062067,2026-09-17T03:32:40.500000+00:00,4287.22,4287.43,0.21000000000003638,0.535000000000764,1.4550000000008367,0.0,-0.08768543220420079,-1.0229967090503385,2.5,7.0,-1.0229967090503385,2026-09-17T03:32:47.500000+00:00,4286.03,4286.54,0.5100000000002183,CONFIRMED_REVERSAL,7.0
BUY,4287.67,0.00738554324611408,2026-09-17T03:33:27.500000+00:00,4287.38,4287.67,0.2899999999999636,1.2100000000000364,1.8500000000003638,0.0,-0.20497547950521525,-0.6644032783966582,0.0,4.0,-0.6644032783966582,2026-09-17T03:33:31.500000+00:00,4286.73,4287.1,0.37000000000080036,CONFIRMED_REVERSAL,4.0
SELL,4287.82,0.007223374848974737,2026-09-17T03:34:19+00:00,4287.82,4288.08,0.2600000000002183,-0.5500000000001819,-0.6700000000000728,1.7766208052843462,1.7766208052843462,-0.38712359959535314,39.5,0.5,0.9678089989874398,2026-09-17T03:35:03.500000+00:00,4285.95,4286.42,0.47000000000025466,CONFIRMED_REVERSAL,44.5
BUY,4287.72,0.007459396514648123,2026-09-17T03:35:53+00:00,4287.54,4287.72,0.18000000000029104,0.5199999999995271,1.4549999999999272,0.0,-0.04283279467135605,-1.6776177912838492,14.0,17.5,-1.6776177912838492,2026-09-17T03:36:11+00:00,4285.37,4285.79,0.42000000000007276,CONFIRMED_REVERSAL,18.0
BUY,4287.39,0.007051106953844751,2026-09-17T03:38:05+00:00,4287.18,4287.39,0.21000000000003638,1.2299999999995634,1.9599999999991269,0.9784683270708185,0.9784683270708185,-0.1754494931301092,21.5,5.5,0.5533407091019911,2026-09-17T03:38:34+00:00,4288.21,4288.63,0.42000000000007276,CONFIRMED_REVERSAL,29.0
BUY,4291.63,0.0071788658884991245,2026-09-17T03:41:18.500000+00:00,4291.29,4291.63,0.3400000000001455,1.269999999999527,1.855000000000473,0.0,-0.23359106399032886,-0.8175687239661511,0.0,6.5,-0.7626061206737577,2026-09-17T03:41:28+00:00,4290.52,4291.0,0.47999999999956344,CONFIRMED_REVERSAL,9.5
SELL,4286.43,0.007001673210442334,2026-09-17T03:46:16.500000+00:00,4286.43,4286.77,0.3400000000001455,-0.9849999999996726,-2.019999999999527,0.5963665984804546,0.5963665984804546,-0.2278254421161424,25.0,0.0,0.0,2026-09-17T03:46:46.500000+00:00,4286.1,4286.43,0.32999999999992724,CONFIRMED_REVERSAL,30.0
BUY,4295.42,0.006987019220340813,2026-09-17T04:02:01.500000+00:00,4295.11,4295.42,0.3100000000004002,0.8349999999991269,3.1299999999991996,0.23403534424468572,0.23403534424468572,-0.7154794809756725,1.0,5.0,-0.6954193086120334,2026-09-17T04:02:07+00:00,4294.38,4294.85,0.47000000000025466,CONFIRMED_REVERSAL,5.5
BUY,4300.12,0.006810398802945248,2026-09-17T04:05:25.500000+00:00,4299.8,4300.12,0.31999999999970896,1.2200000000002547,2.4399999999996,0.0,-0.20856622952920117,-1.1275611783929849,0.0,2.0,-0.8407826127903332,2026-09-17T04:05:28.500000+00:00,4298.83,4299.35,0.5200000000004366,CONFIRMED_REVERSAL,3.0
BUY,4302.52,0.006602407578568139,2026-09-17T04:06:16.500000+00:00,4302.41,4302.52,0.11000000000058208,0.7650000000003274,2.4099999999998545,3.2983314910954906,3.2983314910954906,-0.06950506973610525,46.0,0.0,2.230480874246686,2026-09-17T04:07:07+00:00,4306.05,4306.45,0.3999999999996362,CONFIRMED_REVERSAL,50.5
BUY,4308.26,0.007134583458327805,2026-09-17T04:07:40+00:00,4307.94,4308.26,0.32000000000061846,1.055000000000291,1.0349999999998545,1.0992993375352222,1.0992993375352222,-0.21849427826833698,14.0,0.0,0.2662899016386236,2026-09-17T04:07:57.500000+00:00,4308.65,4308.97,0.32000000000061846,CONFIRMED_REVERSAL,17.5
SELL,4307.2,0.007200940120043122,2026-09-17T04:08:24.500000+00:00,4307.2,4307.41,0.21000000000003638,-0.9249999999992724,-2.0299999999997453,0.9579116771323055,0.9579116771323055,-0.1447204692071246,9.0,0.0,0.3652468984748853,2026-09-17T04:08:39.500000+00:00,4306.51,4306.67,0.15999999999985448,CONFIRMED_REVERSAL,15.0
SELL,4302.6,0.007297340936041423,2026-09-17T04:10:00.500000+00:00,4302.6,4302.9,0.2999999999992724,-1.944999999999709,-1.7550000000001091,0.5517129730761272,0.5517129730761272,-0.5796478071559069,10.0,12.5,0.048885959640091,2026-09-17T04:10:16.500000+00:00,4302.06,4302.53,0.46999999999934516,CONFIRMED_REVERSAL,16.0
SELL,4299.15,0.00731507867786994,2026-09-17T04:11:06+00:00,4299.15,4299.46,0.3100000000004002,-0.9200000000000728,-1.3149999999995998,0.0,-0.21702120125286695,-1.0220998510605956,0.0,3.5,-0.9660943797696564,2026-09-17T04:11:10+00:00,4300.09,4300.53,0.4399999999995998,CONFIRMED_REVERSAL,4.0
SELL,4308.82,0.007064379491465981,2026-09-17T04:27:28+00:00,4308.82,4309.14,0.32000000000061846,-0.7350000000005821,-0.8950000000004366,0.0,-0.006760759525449838,-0.47325316677165047,9.0,1.5,-0.42592785009411643,2026-09-17T04:27:42+00:00,4309.09,4309.45,0.3599999999996726,CONFIRMED_REVERSAL,14.0
SELL,4308.1,0.006962253367483577,2026-09-17T04:28:40+00:00,4308.1,4308.45,0.3499999999994543,-0.8150000000005093,-0.9099999999998545,0.0,-0.1998906803995902,-1.0794096741603325,0.5,3.5,-1.0794096741603325,2026-09-17T04:28:43.500000+00:00,4309.24,4309.72,0.48000000000047294,CONFIRMED_REVERSAL,3.5
BUY,4311.09,0.006695800525371481,2026-09-17T04:31:12.500000+00:00,4310.76,4311.09,0.32999999999992724,1.1150000000006912,1.5649999999995998,0.3844813028751427,0.3844813028751427,-0.6151700846008111,4.0,8.0,-0.6151700846008111,2026-09-17T04:31:20.500000+00:00,4310.13,4310.63,0.5,CONFIRMED_REVERSAL,8.0
BUY,4312.49,0.006544572123410843,2026-09-17T04:31:53.500000+00:00,4312.14,4312.49,0.3499999999994543,0.7250000000003638,2.0200000000004366,1.409240915576723,1.409240915576723,-0.21921525353381513,16.5,0.0,0.5323799014403232,2026-09-17T04:32:16+00:00,4313.34,4313.77,0.43000000000029104,CONFIRMED_REVERSAL,22.5
BUY,4310.24,0.006677050574208904,2026-09-17T04:48:17.500000+00:00,4309.97,4310.24,0.26999999999952706,1.6149999999997817,2.1299999999991996,0.0,0.0,-0.4984260541710757,0.5,5.0,-0.4089649675247467,2026-09-17T04:48:23+00:00,4309.6,4309.96,0.3599999999996726,CONFIRMED_REVERSAL,5.5
SELL,4308.16,0.0065810831608457444,2026-09-17T04:51:33+00:00,4308.16,4308.45,0.2899999999999636,-0.7799999999988358,-1.8299999999999272,1.0895946182676308,1.0895946182676308,-0.2960170350209209,22.5,5.0,0.2960170350209209,2026-09-17T04:52:00.500000+00:00,4307.34,4307.69,0.3499999999994543,CONFIRMED_REVERSAL,27.5
BUY,4300.24,0.0066651326760341495,2026-09-17T05:03:04.500000+00:00,4299.93,4300.24,0.3099999999994907,0.6300000000001091,1.2899999999999636,0.044650703571650636,0.044650703571650636,-0.38909898826359474,8.5,15.0,-0.3635843005086144,2026-09-17T05:03:20.500000+00:00,4299.67,4300.16,0.4899999999997817,CONFIRMED_REVERSAL,16.0
SELL,4288.65,0.0065945594945391595,2026-09-17T05:07:02.500000+00:00,4288.65,4288.97,0.32000000000061846,-1.5450000000000728,-1.7950000000000728,0.18302282573865453,0.18302282573865453,-0.45440149838584265,7.5,2.0,-0.30924546417958093,2026-09-17T05:07:15.500000+00:00,4288.66,4289.14,0.48000000000047294,CONFIRMED_REVERSAL,13.0
BUY,4285.91,0.006523381069836392,2026-09-17T05:13:54+00:00,4285.59,4285.91,0.31999999999970896,0.9949999999998909,2.0399999999999636,0.12486025349660432,0.12486025349660432,-0.5993292167842685,14.5,6.0,-0.23723448164383212,2026-09-17T05:14:17+00:00,4285.53,4285.97,0.4400000000005093,CONFIRMED_REVERSAL,23.0
SELL,4287.45,0.00646322072102733,2026-09-17T05:15:49.500000+00:00,4287.45,4287.6,0.1500000000005457,-0.5300000000006548,-0.7650000000003274,0.09896700732244275,0.09896700732244275,-0.5752457300624017,21.5,25.5,-0.5319476643589736,2026-09-17T05:16:16+00:00,4287.86,4288.31,0.4500000000007276,CONFIRMED_REVERSAL,26.5
BUY,4292.39,0.006326288780460274,2026-09-17T05:19:44+00:00,4292.08,4292.39,0.3100000000004002,0.6599999999998545,1.0250000000005457,0.0,-0.1876861276641533,-0.39353542897304705,0.0,1.5,-0.381426646542853,2026-09-17T05:19:46.500000+00:00,4291.76,4292.22,0.4600000000000364,CONFIRMED_REVERSAL,2.5
SELL,4291.6,0.006234584421938387,2026-09-17T05:22:17+00:00,4291.6,4291.72,0.11999999999989086,-0.5200000000004366,-0.5499999999992724,0.0,-0.07159953861674964,-0.43556385991869595,0.0,9.5,-0.3997640906105925,2026-09-17T05:22:27.500000+00:00,4291.96,4292.27,0.3100000000004002,CONFIRMED_REVERSAL,10.5
BUY,4291.34,0.006137622595487863,2026-09-17T05:29:28+00:00,4291.11,4291.34,0.23000000000047294,0.9350000000004002,1.0050000000001091,0.6696170433906866,0.6696170433906866,-0.47578053083070265,35.0,36.0,-0.31131318683953907,2026-09-17T05:30:04.500000+00:00,4290.81,4291.18,0.36999999999989086,CONFIRMED_REVERSAL,36.5
BUY,4289.36,0.006064618346643835,2026-09-17T05:31:44.500000+00:00,4289.1,4289.36,0.2599999999993088,1.014999999999418,1.4899999999997817,0.0,-0.08705950672064029,-1.0040863108468998,13.5,19.0,-1.0040863108468998,2026-09-17T05:32:03.500000+00:00,4287.63,4288.0,0.36999999999989086,CONFIRMED_REVERSAL,19.0
SELL,4288.13,0.005821687396928516,2026-09-17T05:33:01.500000+00:00,4288.13,4288.35,0.22000000000025466,-0.5399999999999636,-0.5750000000007276,0.3844319195067026,0.3844319195067026,-0.36214601112903244,31.5,2.0,-0.027857385471580974,2026-09-17T05:33:39+00:00,4287.86,4288.18,0.32000000000061846,CONFIRMED_REVERSAL,37.5
BUY,4286.86,0.005816621942495518,2026-09-17T05:37:13+00:00,4286.56,4286.86,0.2999999999992724,1.6350000000002183,1.7399999999997817,0.0,-0.16699888044046507,-0.7960279967678032,0.0,2.0,-0.6345957456749823,2026-09-17T05:37:17+00:00,4285.72,4286.17,0.4499999999998181,CONFIRMED_REVERSAL,4.0
SELL,4284.66,0.005664848328446643,2026-09-17T05:37:49.500000+00:00,4284.66,4284.83,0.17000000000007276,-0.7550000000001091,-0.9149999999999636,0.03794965168481056,0.03794965168481056,-0.7915213065722168,10.0,15.0,-0.5746661540868805,2026-09-17T05:38:05+00:00,4285.19,4285.72,0.5300000000006548,CONFIRMED_REVERSAL,15.5
SELL,4284.22,0.005525270671475006,2026-09-17T05:39:26+00:00,4284.22,4284.54,0.31999999999970896,-1.0450000000000728,-1.5050000000001091,0.010575600126802207,0.010575600126802207,-0.867199210378544,4.0,5.5,-0.867199210378544,2026-09-17T05:39:31.500000+00:00,4285.31,4285.86,0.5499999999992724,CONFIRMED_REVERSAL,5.5
BUY,4290.42,0.005306084422043779,2026-09-17T05:43:18+00:00,4290.09,4290.42,0.32999999999992724,0.7100000000000364,1.2899999999999636,0.16249709502925253,0.16249709502925253,-0.3453063269376235,15.0,6.0,-0.1218728212719394,2026-09-17T05:43:38.500000+00:00,4290.18,4290.59,0.4099999999998545,CONFIRMED_REVERSAL,20.5
BUY,4289.89,0.005277054819563234,2026-09-17T05:45:07+00:00,4289.56,4289.89,0.32999999999992724,1.2250000000003638,1.2600000000002183,0.0,-0.16665832525557972,-0.7019850669859438,0.0,2.5,-0.6413820396203201,2026-09-17T05:45:10.500000+00:00,4288.62,4288.99,0.36999999999989086,CONFIRMED_REVERSAL,3.5
SELL,4284.54,0.005127224565020129,2026-09-17T05:45:54+00:00,4284.54,4284.88,0.3400000000001455,-0.8949999999995271,-0.8100000000004002,0.1079509547698078,0.1079509547698078,-0.5004998812051074,2.0,7.0,-0.5004998812051074,2026-09-17T05:46:01+00:00,4285.17,4285.56,0.3900000000003274,CONFIRMED_REVERSAL,7.0
SELL,4283.07,0.005006881006422751,2026-09-17T05:47:42.500000+00:00,4283.07,4283.4,0.32999999999992724,-1.0450000000009823,-1.1850000000004002,0.0,-0.05270859294440369,-0.36896015060908266,4.0,10.0,-0.31625155766467894,2026-09-17T05:47:53.500000+00:00,4283.28,4283.73,0.4499999999998181,CONFIRMED_REVERSAL,11.0
BUY,4279.44,0.004933909036171855,2026-09-17T05:57:25.500000+00:00,4279.26,4279.44,0.17999999999938154,1.0650000000005093,1.7150000000001455,0.6327285110007028,0.6327285110007028,-0.3021986918209235,36.0,7.0,0.18887418238850667,2026-09-17T05:58:05+00:00,4279.84,4280.31,0.47000000000025466,CONFIRMED_REVERSAL,39.5
BUY,4280.68,0.004978583787436214,2026-09-17T06:03:40.500000+00:00,4280.37,4280.68,0.3100000000004002,0.6449999999995271,0.6599999999998545,0.9719802839065254,0.9719802839065254,-0.27158272638594627,48.0,6.5,0.7337498221647256,2026-09-17T06:04:33+00:00,4282.22,4282.58,0.3599999999996726,CONFIRMED_REVERSAL,52.5
BUY,4285.36,0.005152058625288799,2026-09-17T06:07:03+00:00,4285.01,4285.36,0.3499999999994543,0.7349999999996726,1.3999999999996362,0.049306282976504495,0.049306282976504495,-0.2317395299884052,6.5,13.0,-0.2317395299884052,2026-09-17T06:07:16+00:00,4284.89,4285.27,0.38000000000010914,CONFIRMED_REVERSAL,13.0
BUY,4286.39,0.005094328606374908,2026-09-17T06:08:05+00:00,4286.07,4286.39,0.32000000000061846,0.694999999999709,1.6499999999996362,0.014626138371480408,0.014626138371480408,-0.31202428526105697,1.0,6.0,-0.16088752208761473,2026-09-17T06:08:12+00:00,4286.06,4286.38,0.31999999999970896,CONFIRMED_REVERSAL,7.0
BUY,4286.47,0.005055014114427265,2026-09-17T06:09:28.500000+00:00,4286.14,4286.47,0.32999999999992724,0.9600000000009459,0.7600000000002183,0.07740407460478232,0.07740407460478232,-0.4353979196525605,1.5,6.5,-0.4353979196525605,2026-09-17T06:09:35+00:00,4285.57,4286.01,0.4400000000005093,CONFIRMED_REVERSAL,6.5
SELL,4283.73,0.00495204298141346,2026-09-17T06:11:13.500000+00:00,4283.73,4283.94,0.21000000000003638,-0.7350000000005821,-1.1700000000009823,0.0,-0.07582734601820672,-0.3933543574679657,0.5,6.0,-0.37913673008930954,2026-09-17T06:11:20+00:00,4284.1,4284.53,0.42999999999938154,CONFIRMED_REVERSAL,6.5
BUY,4284.55,0.004858631978214069,2026-09-17T06:12:16.500000+00:00,4284.31,4284.55,0.23999999999978172,1.0200000000004366,1.4400000000005093,0.0,-0.09299625668836356,-0.40453371659469867,1.0,3.0,-0.40453371659469867,2026-09-17T06:12:20.500000+00:00,4283.68,4283.99,0.3099999999994907,CONFIRMED_REVERSAL,4.0
BUY,4286.12,0.0047582313747987735,2026-09-17T06:19:14.500000+00:00,4285.83,4286.12,0.2899999999999636,1.055000000000291,1.0300000000006548,0.450819007505489,0.450819007505489,-0.1867028212901269,10.5,1.5,0.08652081962251658,2026-09-17T06:19:51.500000+00:00,4286.31,4286.76,0.4499999999998181,CONFIRMED_REVERSAL,37.0
SELL,4284.59,0.004781030870228881,2026-09-17T06:20:20+00:00,4284.59,4284.91,0.31999999999970896,-1.3549999999995634,-1.944999999999709,0.009151093889114377,0.009151093889114377,-0.42552586583466334,46.0,27.0,-0.19217297166724046,2026-09-17T06:22:01.500000+00:00,4284.72,4285.01,0.2899999999999636,CONFIRMED_REVERSAL,101.5
BUY,4285.42,0.00473324756026815,2026-09-17T06:24:16.500000+00:00,4285.1,4285.42,0.31999999999970896,1.375,1.6850000000004002,0.6975918662597929,0.6975918662597929,-0.20384177910180992,116.5,4.5,0.04982799044698092,2026-09-17T06:27:12+00:00,4285.53,4285.87,0.3400000000001455,CONFIRMED_REVERSAL,175.5
BUY,4287.3,0.004743316185684964,2026-09-17T06:30:09.500000+00:00,4287.14,4287.3,0.15999999999985448,1.1350000000002183,1.2200000000002547,0.6400629011069318,0.6400629011069318,-0.0726312511893805,16.0,0.0,0.2496699259638051,2026-09-17T06:30:27+00:00,4287.85,4288.1,0.25,CONFIRMED_REVERSAL,17.5
BUY,4290.1,0.004801030715624325,2026-09-17T06:30:49+00:00,4290.0,4290.1,0.1000000000003638,1.1799999999993815,1.7100000000000364,0.399737787835233,0.399737787835233,-0.10567780597965998,7.5,1.0,0.11486718041243768,2026-09-17T06:31:02.500000+00:00,4290.35,4290.75,0.3999999999996362,CONFIRMED_REVERSAL,13.5
BUY,4291.72,0.00482718528724859,2026-09-17T06:32:33.500000+00:00,4291.41,4291.72,0.3100000000004002,1.069999999999709,0.5900000000001455,0.0,-0.1432112484146108,-0.5682252759671342,0.0,2.0,-0.4434928983156583,2026-09-17T06:32:36.500000+00:00,4290.76,4291.02,0.2600000000002183,CONFIRMED_REVERSAL,3.0
BUY,4292.33,0.004718536984205468,2026-09-17T06:37:06.500000+00:00,4292.07,4292.33,0.2600000000002183,0.7550000000001091,1.1149999999997817,0.00451573898325987,0.00451573898325987,-0.3612591186529862,4.0,18.5,-0.3612591186529862,2026-09-17T06:37:25+00:00,4291.53,4291.89,0.3600000000005821,CONFIRMED_REVERSAL,18.5
BUY,4292.51,0.00463039920575098,2026-09-17T06:38:18.500000+00:00,4292.21,4292.51,0.3000000000001819,0.7150000000001455,0.6400000000012369,0.0,-0.11521612123555895,-0.33235419587152565,1.0,4.0,-0.33235419587152565,2026-09-17T06:38:22.500000+00:00,4291.76,4292.08,0.31999999999970896,CONFIRMED_REVERSAL,4.0
SELL,4295.05,0.004546805032362097,2026-09-17T06:47:17.500000+00:00,4295.05,4295.32,0.26999999999952706,-0.5600000000004002,-1.4350000000013097,0.4177332382921316,0.4177332382921316,-0.3045971529212553,35.5,3.5,0.2262721707417527,2026-09-17T06:48:00.500000+00:00,4294.16,4294.53,0.36999999999989086,CONFIRMED_REVERSAL,43.0
BUY,4294.26,0.004602699607366546,2026-09-17T07:36:46+00:00,4293.98,4294.26,0.28000000000065484,1.6349999999993088,1.680000000000291,0.9866931605308087,0.9866931605308087,-0.12333664506665155,40.0,0.0,0.7135905893124813,2026-09-17T07:37:32+00:00,4295.88,4296.24,0.3599999999996726,CONFIRMED_REVERSAL,46.0
SELL,4294.56,0.004776001767893152,2026-09-17T07:37:57+00:00,4294.56,4294.91,0.3499999999994543,-1.1249999999990905,-1.1199999999989814,0.0,-0.09598541374614496,-0.8318735857996458,2.5,70.0,-0.7998784478844027,2026-09-17T07:39:08+00:00,4295.85,4296.31,0.4600000000000364,CONFIRMED_REVERSAL,71.0
SELL,4294.36,0.004581596755498357,2026-09-17T07:40:18.500000+00:00,4294.36,4294.49,0.13000000000010914,-0.6400000000012369,-0.5750000000007276,0.38585221915190165,0.38585221915190165,-0.1710026880333515,49.0,52.0,-0.14907926649055278,2026-09-17T07:41:11.500000+00:00,4294.29,4294.7,0.4099999999998545,CONFIRMED_REVERSAL,53.0
BUY,4298.84,0.004540585728534885,2026-09-17T07:52:08.500000+00:00,4298.51,4298.84,0.32999999999992724,1.1199999999998909,1.6199999999998909,0.0,-0.034763487156033855,-0.40412553818938757,29.0,15.0,-0.39543466640018154,2026-09-17T07:53:00+00:00,4297.93,4298.41,0.47999999999956344,CONFIRMED_REVERSAL,51.5
BUY,4296.56,0.00444682682237843,2026-09-17T08:42:07+00:00,4296.22,4296.56,0.3400000000001455,0.7799999999997453,0.805000000000291,0.38301359871399365,0.38301359871399365,-0.14469402618096247,7.0,0.0,0.12341549291898793,2026-09-17T08:42:24+00:00,4296.85,4297.26,0.4099999999998545,CONFIRMED_REVERSAL,17.0
BUY,4300.29,0.004472957923723102,2026-09-17T08:50:20.500000+00:00,4300.04,4300.29,0.25,0.6300000000001091,1.5549999999993815,0.0,-0.021403573325674902,-0.4708786131632905,9.0,18.0,-0.4708786131632905,2026-09-17T08:50:38.500000+00:00,4299.19,4299.6,0.410000000000764,CONFIRMED_REVERSAL,18.0
BUY,4302.32,0.004356484607885404,2026-09-17T08:53:32+00:00,4302.11,4302.32,0.21000000000003638,0.6850000000004002,1.300000000000182,1.2007432097058974,1.2007432097058974,-0.25849332986718654,149.0,17.5,0.9964500941657568,2026-09-17T08:56:06.500000+00:00,4304.71,4304.99,0.27999999999974534,CONFIRMED_REVERSAL,154.5
SELL,4304.23,0.004596452949652386,2026-09-17T08:56:30.500000+00:00,4304.23,4304.49,0.2600000000002183,-0.785000000000764,-0.6350000000002183,0.6334418877592397,0.6334418877592397,-0.1451637659452342,32.0,16.0,0.34751325786799686,2026-09-17T08:57:07.500000+00:00,4303.17,4303.44,0.26999999999952706,CONFIRMED_REVERSAL,37.0
SELL,4302.64,0.004682546172234911,2026-09-17T08:57:38.500000+00:00,4302.64,4302.91,0.26999999999952706,-0.7100000000000364,-1.2899999999999636,0.0,-0.1209949655478456,-0.38987266676591426,0.0,3.0,-0.38987266676591426,2026-09-17T08:57:41.500000+00:00,4303.24,4303.51,0.27000000000043656,CONFIRMED_REVERSAL,3.0
BUY,4304.0,0.004586414717825373,2026-09-17T08:58:14.500000+00:00,4303.76,4304.0,0.23999999999978172,0.5199999999995271,0.9549999999999272,0.0,-0.10534308479193515,-0.2984720735775488,0.0,9.5,-0.2853041879782575,2026-09-17T08:58:24.500000+00:00,4303.35,4303.64,0.2899999999999636,CONFIRMED_REVERSAL,10.0
BUY,4304.48,0.004516645910507633,2026-09-17T08:58:55.500000+00:00,4304.24,4304.48,0.23999999999978172,0.47999999999956344,0.7199999999993452,0.6527012728740031,0.6527012728740031,-0.24206139921129569,80.5,21.0,0.43657502357800687,2026-09-17T09:00:21+00:00,4305.49,4305.82,0.32999999999992724,CONFIRMED_REVERSAL,85.5
BUY,4306.99,0.004619930212473977,2026-09-17T09:01:08+00:00,4306.74,4306.99,0.25,1.0900000000001455,1.1700000000000728,0.05747781301438502,0.05747781301438502,-0.1724334390427529,4.5,6.5,-0.14590521765174574,2026-09-17T09:01:16+00:00,4306.66,4306.99,0.32999999999992724,CONFIRMED_REVERSAL,8.0
BUY,4307.29,0.004584213166239481,2026-09-17T09:03:14.500000+00:00,4307.02,4307.29,0.26999999999952706,0.660000000000764,1.2250000000003638,0.6887885581649972,0.6887885581649972,-0.17110034247428293,49.0,2.0,0.2895544257254027,2026-09-17T09:04:08+00:00,4307.95,4308.23,0.27999999999974534,CONFIRMED_REVERSAL,53.5
SELL,4307.37,0.00465436997466746,2026-09-17T09:04:43+00:00,4307.37,4307.51,0.14000000000032742,-0.5999999999994543,-1.0549999999993815,0.5389739067106897,0.5389739067106897,-0.062360617305513025,25.5,0.0,0.2628054586441122,2026-09-17T09:05:13.500000+00:00,4306.53,4306.78,0.25,CONFIRMED_REVERSAL,30.5
BUY,4309.92,0.004715331473969077,2026-09-17T09:08:50.500000+00:00,4309.66,4309.92,0.2600000000002183,0.8149999999995998,0.9600000000000364,0.36552637064626836,0.36552637064626836,-0.14440547976144819,3.0,7.0,-0.14440547976144819,2026-09-17T09:08:58.500000+00:00,4309.6,4309.88,0.27999999999974534,CONFIRMED_REVERSAL,8.0
BUY,4311.54,0.004678562838132525,2026-09-17T09:11:52+00:00,4311.23,4311.54,0.3100000000004002,0.8800000000001091,0.5950000000002547,0.2910363875841449,0.2910363875841449,-0.18357679832234436,34.5,8.5,-0.01790993154363342,2026-09-17T09:12:29+00:00,4311.5,4311.86,0.3599999999996726,CONFIRMED_REVERSAL,37.0
SELL,4308.87,0.00467711872666602,2026-09-17T09:13:40.500000+00:00,4308.87,4309.08,0.21000000000003638,-1.194999999999709,-1.4200000000000728,0.0,-0.09399811765918174,-0.5013232941821669,0.0,4.5,-0.5013232941821669,2026-09-17T09:13:45+00:00,4309.71,4309.99,0.27999999999974534,CONFIRMED_REVERSAL,4.5
BUY,4310.6,0.004553718570589449,2026-09-17T09:14:10.500000+00:00,4310.38,4310.6,0.22000000000025466,0.5,0.8499999999994543,0.0,-0.026148025801038907,-0.3660723612121666,2.0,16.5,-0.2919862881096854,2026-09-17T09:14:28+00:00,4309.93,4310.2,0.26999999999952706,CONFIRMED_REVERSAL,17.5
SELL,4310.16,0.004483397397347977,2026-09-17T09:15:11+00:00,4310.16,4310.5,0.3400000000001455,-1.2150000000001455,-2.125,1.6690844241760123,1.6690844241760123,-0.14588398566071262,60.5,0.0,1.3687350419335755,2026-09-17T09:16:31.500000+00:00,4306.73,4306.97,0.24000000000069122,CONFIRMED_REVERSAL,80.5
SELL,4304.78,0.004821236833451927,2026-09-17T09:17:04+00:00,4304.78,4305.1,0.32000000000061846,-0.6849999999994907,-0.9199999999991633,0.0,-0.14764879665906924,-0.5444549376793999,0.0,2.0,-0.40603419081170605,2026-09-17T09:17:07+00:00,4305.39,4305.66,0.26999999999952706,CONFIRMED_REVERSAL,3.0
SELL,4306.09,0.004721242485541033,2026-09-17T09:19:22.500000+00:00,4306.09,4306.31,0.22000000000025466,-0.5449999999991633,-0.589999999999236,0.0,-0.09940322050472429,-0.32080130253761896,0.0,2.0,-0.2801363486947585,2026-09-17T09:19:25.500000+00:00,4306.51,4306.71,0.1999999999998181,CONFIRMED_REVERSAL,3.0
SELL,4306.11,0.004653243419341324,2026-09-17T09:21:39+00:00,4306.11,4306.33,0.22000000000025466,-0.8800000000010186,-0.555000000000291,0.05343902004500885,0.05343902004500885,-0.24047559020274228,5.5,10.0,-0.24047559020274228,2026-09-17T09:21:49+00:00,4306.37,4306.65,0.27999999999974534,CONFIRMED_REVERSAL,10.0
BUY,4308.13,0.004592735798551919,2026-09-17T09:22:25.500000+00:00,4307.86,4308.13,0.27000000000043656,1.730000000000473,1.8149999999995998,0.20218585190664998,0.20218585190664998,-0.14065102741318267,5.5,1.0,-0.1186743043801727,2026-09-17T09:22:35+00:00,4307.86,4308.14,0.28000000000065484,CONFIRMED_REVERSAL,9.5
SELL,4307.2,0.004564937548582456,2026-09-17T09:23:04+00:00,4307.2,4307.32,0.11999999999989086,-0.30499999999938154,-0.8400000000001455,0.5854113070894423,0.5854113070894423,-0.10921852744204827,51.0,0.5,0.2577557247632975,2026-09-17T09:23:58.500000+00:00,4306.39,4306.61,0.21999999999934516,CONFIRMED_REVERSAL,54.5
BUY,4307.57,0.004627070558254602,2026-09-17T09:24:21.500000+00:00,4307.33,4307.57,0.23999999999978172,0.7799999999997453,0.8549999999995634,0.23912299940747828,0.23912299940747828,-0.30554605479828784,13.5,32.0,-0.30554605479828784,2026-09-17T09:24:53.500000+00:00,4306.88,4307.24,0.3599999999996726,CONFIRMED_REVERSAL,32.0
BUY,4309.75,0.004550649679471287,2026-09-17T09:26:46.500000+00:00,4309.42,4309.75,0.32999999999992724,0.8800000000001091,1.4550000000008367,0.20468816342428356,0.20468816342428356,-0.1437172211275789,15.0,0.0,-0.07403614421728563,2026-09-17T09:27:06+00:00,4309.58,4309.9,0.31999999999970896,CONFIRMED_REVERSAL,19.5
BUY,4312.67,0.004529630463622376,2026-09-17T09:29:45+00:00,4312.33,4312.67,0.3400000000001455,1.4799999999995634,2.0650000000005093,0.06502427213873754,0.06502427213873754,-0.30344660331476564,9.5,13.5,-0.30344660331476564,2026-09-17T09:29:58.500000+00:00,4311.97,4312.31,0.3400000000001455,CONFIRMED_REVERSAL,13.5
SELL,4313.07,0.004455695659726566,2026-09-17T09:32:34.500000+00:00,4313.07,4313.38,0.3100000000004002,-1.014999999999418,-1.7950000000000728,0.2089455214822986,0.2089455214822986,-0.13219002379515316,7.0,0.0,-0.09807646926744676,2026-09-17T09:32:44+00:00,4312.94,4313.3,0.3600000000005821,CONFIRMED_REVERSAL,9.5
SELL,4311.35,0.004433703197124557,2026-09-17T09:35:29+00:00,4311.35,4311.59,0.23999999999978172,-0.8849999999993088,-1.2650000000003274,0.1994279121686291,0.1994279121686291,-0.25883197111219686,10.5,14.0,-0.1866984709661052,2026-09-17T09:35:43.500000+00:00,4311.51,4311.79,0.27999999999974534,CONFIRMED_REVERSAL,14.5
SELL,4308.61,0.004391245282875368,2026-09-17T09:37:46.500000+00:00,4308.61,4308.94,0.32999999999992724,-0.6950000000006185,-1.375,0.5967569811645295,0.5967569811645295,-0.13868296041143746,63.5,0.0,0.411846367282358,2026-09-17T09:38:53.500000+00:00,4307.27,4307.63,0.3599999999996726,CONFIRMED_REVERSAL,67.0
BUY,4307.79,0.004491979733452937,2026-09-17T09:40:49+00:00,4307.5,4307.79,0.2899999999999636,0.6400000000012369,1.105000000000473,0.0,-0.12466864915816141,-0.4513864883314089,0.0,12.5,-0.4427886504582435,2026-09-17T09:41:02+00:00,4306.76,4307.11,0.3499999999994543,CONFIRMED_REVERSAL,13.0
BUY,4309.72,0.004382612202979708,2026-09-17T09:44:59+00:00,4309.38,4309.72,0.3400000000001455,0.9250000000001819,1.269999999999527,0.10066204591449669,0.10066204591449669,-0.1887413360897766,13.0,16.5,-0.1887413360897766,2026-09-17T09:45:16.500000+00:00,4309.27,4309.57,0.2999999999992724,CONFIRMED_REVERSAL,17.5
BUY,4310.28,0.004336287645881869,2026-09-17T09:45:46.500000+00:00,4309.97,4310.28,0.3099999999994907,0.6750000000001819,1.5100000000002183,0.0,-0.11619771349608066,-0.36934273218406505,0.5,4.5,-0.36934273218406505,2026-09-17T09:45:51+00:00,4309.39,4309.79,0.3999999999996362,CONFIRMED_REVERSAL,4.5
SELL,4308.0,0.004248998215832977,2026-09-17T09:46:19.500000+00:00,4308.0,4308.28,0.27999999999974534,-1.3800000000010186,-2.0,0.0,-0.11385865460230782,-0.49203204310329246,0.0,14.5,-0.4798329015388519,2026-09-17T09:46:34.500000+00:00,4308.8,4309.18,0.38000000000010914,CONFIRMED_REVERSAL,15.0
BUY,4311.34,0.004129412786822675,2026-09-17T09:49:11+00:00,4311.01,4311.34,0.32999999999992724,1.2950000000009823,1.4400000000005093,0.22130834626063686,0.22130834626063686,-0.13041384690367944,7.5,0.0,0.031615478037233836,2026-09-17T09:49:24+00:00,4311.42,4311.7,0.27999999999974534,CONFIRMED_REVERSAL,13.0
SELL,4309.55,0.004138793569313412,2026-09-17T09:50:05.500000+00:00,4309.55,4309.87,0.31999999999970896,-0.6549999999997453,-0.7950000000000728,0.312912076479319,0.312912076479319,-0.24557656635082603,34.5,4.5,0.17824105622233308,2026-09-17T09:50:45+00:00,4308.78,4309.1,0.32000000000061846,CONFIRMED_REVERSAL,39.5
BUY,4313.04,0.0041786265690217615,2026-09-17T10:01:54.500000+00:00,4312.77,4313.04,0.26999999999952706,0.5650000000005093,0.7100000000009459,0.16396036848612458,0.16396036848612458,-0.47188593857010586,5.5,23.5,-0.44389270492587607,2026-09-17T10:02:18.500000+00:00,4311.93,4312.21,0.27999999999974534,CONFIRMED_REVERSAL,24.0
BUY,4312.52,0.004071576708767111,2026-09-17T10:03:31+00:00,4312.31,4312.52,0.21000000000003638,0.9000000000014552,0.9900000000016007,0.21820872715025807,0.21820872715025807,-0.11689753240210117,6.0,0.5,-0.027276090894048054,2026-09-17T10:03:41+00:00,4312.45,4312.65,0.1999999999998181,CONFIRMED_REVERSAL,10.0
SELL,4311.61,0.004065825747488931,2026-09-17T10:04:52.500000+00:00,4311.61,4311.86,0.25,-0.7400000000006912,-0.8150000000005093,0.0,-0.05447512871775387,-0.3813259010235693,4.0,9.5,-0.3463061754193242,2026-09-17T10:05:02.500000+00:00,4312.24,4312.5,0.2600000000002183,CONFIRMED_REVERSAL,10.0
BUY,4313.77,0.003979905386611733,2026-09-17T10:05:24.500000+00:00,4313.52,4313.77,0.25,0.6450000000004366,0.8450000000002547,0.007617706065820959,0.007617706065820959,-0.2056780637823621,10.5,17.0,-0.19425150468311103,2026-09-17T10:05:45.500000+00:00,4313.26,4313.54,0.27999999999974534,CONFIRMED_REVERSAL,21.0
BUY,4315.29,0.003931467244353638,2026-09-17T10:07:05+00:00,4315.06,4315.29,0.22999999999956344,0.5000000000009095,1.0,0.10158741126894547,0.10158741126894547,-0.15049986854620565,2.5,13.0,-0.10534990798234396,2026-09-17T10:07:19+00:00,4315.01,4315.24,0.22999999999956344,CONFIRMED_REVERSAL,14.0
SELL,4314.38,0.003906781554254605,2026-09-17T10:07:59+00:00,4314.38,4314.57,0.18999999999959982,-0.47999999999956344,-0.9549999999999272,0.029910975918647165,0.029910975918647165,-0.2617210392883327,15.5,21.0,-0.2617210392883327,2026-09-17T10:08:36+00:00,4314.62,4315.08,0.4600000000000364,CONFIRMED_REVERSAL,37.0
BUY,4315.67,0.003842245930121451,2026-09-17T10:09:21+00:00,4315.38,4315.67,0.2899999999999636,0.7249999999994543,1.1499999999996362,0.05147954059219106,0.05147954059219106,-0.21694949249520842,5.0,25.0,-0.21694949249520842,2026-09-17T10:09:46.500000+00:00,4315.08,4315.36,0.27999999999974534,CONFIRMED_REVERSAL,25.5
BUY,4317.05,0.0037885067310709964,2026-09-17T10:10:16+00:00,4316.78,4317.05,0.27000000000043656,1.3300000000008367,1.5449999999991633,1.0188162205774545,1.0188162205774545,-0.17765834451345938,34.0,5.5,0.7505158635570878,2026-09-17T10:10:58+00:00,4319.12,4319.32,0.1999999999998181,CONFIRMED_REVERSAL,42.0
BUY,4321.01,0.003966524927436326,2026-09-17T10:11:20.500000+00:00,4320.86,4321.01,0.1500000000005457,1.3549999999995634,1.6099999999996726,0.2505391450702274,0.2505391450702274,-0.24674309741790973,29.5,32.0,-0.21637471619729703,2026-09-17T10:11:53.500000+00:00,4320.44,4320.68,0.24000000000069122,CONFIRMED_REVERSAL,33.0
SELL,4319.68,0.003915406223571537,2026-09-17T10:12:17+00:00,4319.68,4319.83,0.1499999999996362,-0.5249999999996362,-0.8999999999996362,0.23606893670782622,0.23606893670782622,-0.08243677154850505,2.0,0.5,-0.052459763712623064,2026-09-17T10:12:29.500000+00:00,4319.57,4319.82,0.25,CONFIRMED_REVERSAL,12.5
BUY,4321.27,0.003901280472802601,2026-09-17T10:14:06.500000+00:00,4321.09,4321.27,0.18000000000029104,0.7000000000007276,1.1550000000006548,0.6795165357637786,0.6795165357637786,-0.07467214678751202,25.0,1.0,0.4816353467776867,2026-09-17T10:14:36.500000+00:00,4322.56,4322.85,0.2899999999999636,CONFIRMED_REVERSAL,30.0
BUY,4323.96,0.004015243306991561,2026-09-17T10:15:07.500000+00:00,4323.66,4323.96,0.3000000000001819,0.6399999999994179,0.6449999999995271,1.356463274209733,1.356463274209733,-0.11528016494708102,47.5,0.0,0.9414546804005207,2026-09-17T10:16:00+00:00,4326.41,4326.75,0.3400000000001455,CONFIRMED_REVERSAL,52.5
BUY,4328.81,0.004237997523548522,2026-09-17T10:17:22.500000+00:00,4328.52,4328.81,0.2899999999999636,1.0950000000011642,1.265000000001237,0.0,-0.1176197262115192,-0.6043220415698859,0.0,4.5,-0.6043220415698859,2026-09-17T10:17:27+00:00,4327.32,4327.64,0.32000000000061846,CONFIRMED_REVERSAL,4.5
SELL,4327.11,0.004093731018833134,2026-09-17T10:18:03+00:00,4327.11,4327.45,0.3400000000001455,-0.8400000000001455,-1.5900000000001455,0.15279367558138543,0.15279367558138543,-0.26640948562959393,16.5,20.5,-0.26640948562959393,2026-09-17T10:18:23.500000+00:00,4327.51,4327.79,0.27999999999974534,CONFIRMED_REVERSAL,20.5
SELL,4325.61,0.004030795822929544,2026-09-17T10:18:48.500000+00:00,4325.61,4325.86,0.25,-0.7050000000008367,-1.0700000000006185,0.03086044999401878,0.03086044999401878,-0.32017716868820795,4.5,8.5,-0.32017716868820795,2026-09-17T10:18:57+00:00,4326.09,4326.44,0.3499999999994543,CONFIRMED_REVERSAL,8.5
SELL,4324.17,0.0039547692774148935,2026-09-17T10:19:51.500000+00:00,4324.17,4324.43,0.2600000000002183,-0.784999999998945,-1.4899999999997817,0.7115418827445266,0.7115418827445266,-0.1476070926971182,45.0,2.0,0.4958084395721066,2026-09-17T10:20:46.500000+00:00,4322.55,4322.86,0.3099999999994907,CONFIRMED_REVERSAL,55.0
SELL,4321.1,0.004077473199338285,2026-09-17T10:21:16.500000+00:00,4321.1,4321.39,0.2899999999999636,-1.1749999999992724,-1.2699999999986176,0.027315592351168812,0.027315592351168812,-0.32778710821083157,9.0,10.0,-0.14438241671200264,2026-09-17T10:21:29.500000+00:00,4321.13,4321.47,0.3400000000001455,CONFIRMED_REVERSAL,13.0
SELL,4319.46,0.004044094153733381,2026-09-17T10:22:04+00:00,4319.46,4319.67,0.21000000000003638,-0.4599999999991269,-0.8249999999989086,0.0,-0.05805424546636031,-0.42186085038996435,0.5,4.0,-0.39476886917202453,2026-09-17T10:22:08.500000+00:00,4320.1,4320.48,0.37999999999919964,CONFIRMED_REVERSAL,4.5
BUY,4324.97,0.003943566158748979,2026-09-17T10:24:23+00:00,4324.66,4324.97,0.3100000000004002,0.9150000000008731,1.4500000000007276,0.13586672263711227,0.13586672263711227,-0.23776676461520393,5.5,9.0,-0.23776676461520393,2026-09-17T10:24:32+00:00,4324.34,4324.72,0.38000000000010914,CONFIRMED_REVERSAL,9.0
BUY,4326.49,0.0038847566183218543,2026-09-17T10:26:56+00:00,4326.21,4326.49,0.27999999999974534,0.8700000000008004,1.0,0.8922704792697228,0.8922704792697228,-0.22678541348088124,28.5,8.0,0.5093377319163104,2026-09-17T10:27:29.500000+00:00,4327.86,4328.17,0.3100000000004002,CONFIRMED_REVERSAL,33.5
BUY,4329.82,0.004004686642473219,2026-09-17T10:28:05.500000+00:00,4329.5,4329.82,0.31999999999970896,1.0299999999997453,2.0399999999999636,0.0,-0.12264221488841205,-0.4215826136790907,0.0,5.0,-0.4215826136790907,2026-09-17T10:28:10.500000+00:00,4328.72,4329.0,0.27999999999974534,CONFIRMED_REVERSAL,5.0
BUY,4329.72,0.0039030368678901963,2026-09-17T10:29:06+00:00,4329.41,4329.72,0.3100000000004002,1.015000000001237,1.0050000000010186,0.026147017724307293,0.026147017724307293,-0.2390584477662115,30.5,1.5,-0.17555854757831685,2026-09-17T10:29:52.500000+00:00,4329.25,4329.5,0.25,CONFIRMED_REVERSAL,46.5
BUY,4332.64,0.0038580666879432894,2026-09-17T10:31:00.500000+00:00,4332.33,4332.64,0.3100000000004002,0.8600000000005821,1.0650000000005093,0.10338302351324687,0.10338302351324687,-0.2732265621426561,4.0,13.5,-0.24368855542458565,2026-09-17T10:31:14.500000+00:00,4331.98,4332.19,0.21000000000003638,CONFIRMED_REVERSAL,14.0
BUY,4332.12,0.0037997520044334137,2026-09-17T10:32:28+00:00,4331.96,4332.12,0.15999999999985448,0.7200000000002547,0.9499999999998181,0.9418385979260843,0.9418385979260843,-0.2400052025602485,53.5,8.5,0.680014740587481,2026-09-17T10:33:26+00:00,4333.99,4334.21,0.22000000000025466,CONFIRMED_REVERSAL,58.0
SELL,4332.52,0.003963405888091704,2026-09-17T10:34:55.500000+00:00,4332.52,4332.7,0.17999999999938154,-0.5450000000000728,-0.8599999999996726,0.6372345279599154,0.6372345279599154,-0.15930863198963385,30.0,3.0,0.4817189586364467,2026-09-17T10:35:30.500000+00:00,4330.9,4331.25,0.3500000000003638,CONFIRMED_REVERSAL,35.0
BUY,4332.95,0.004079181118190358,2026-09-17T10:36:46.500000+00:00,4332.71,4332.95,0.23999999999978172,1.6000000000003638,1.8299999999999272,0.0,-0.0936926878297945,-0.39819392327680414,0.0,14.5,-0.39819392327680414,2026-09-17T10:37:01+00:00,4331.93,4332.25,0.31999999999970896,CONFIRMED_REVERSAL,14.5
BUY,4332.86,0.003983237711813379,2026-09-17T10:39:10+00:00,4332.52,4332.86,0.339999999999236,1.0600000000004002,1.3000000000010914,0.0,-0.12960943269841874,-0.5374979414857711,0.0,3.5,-0.35833196099039855,2026-09-17T10:39:15+00:00,4331.92,4332.41,0.4899999999997817,CONFIRMED_REVERSAL,5.0
SELL,4332.47,0.0038971734384998357,2026-09-17T10:41:02+00:00,4332.47,4332.76,0.2899999999999636,-0.7299999999995634,-0.7350000000005821,0.2685367311327267,0.2685367311327267,-0.1827541642429596,11.5,1.0,-0.09697159735319254,2026-09-17T10:41:26.500000+00:00,4332.38,4332.73,0.3499999999994543,CONFIRMED_REVERSAL,24.5
SELL,4330.13,0.003875879130117718,2026-09-17T10:41:55.500000+00:00,4330.13,4330.46,0.32999999999992724,-1.6199999999998909,-2.394999999999527,0.20030207693314347,0.20030207693314347,-0.30787171084167725,30.0,8.0,-0.03338367948891347,2026-09-17T10:42:28.500000+00:00,4329.82,4330.22,0.4000000000005457,CONFIRMED_REVERSAL,33.0
BUY,4331.76,0.003866367847139621,2026-09-17T10:45:00+00:00,4331.57,4331.76,0.19000000000050932,0.6150000000006912,0.8450000000002547,0.15170800416087984,0.15170800416087984,-0.3552187414500046,15.0,25.0,-0.31451659399231424,2026-09-17T10:45:25.500000+00:00,4330.91,4331.13,0.22000000000025466,CONFIRMED_REVERSAL,25.5
BUY,4332.27,0.0037900537867026998,2026-09-17T10:46:21.500000+00:00,4331.95,4332.27,0.32000000000061846,1.5600000000013097,2.1450000000004366,0.8052297564306515,0.8052297564306515,-0.11606915408035245,9.0,0.0,0.5150568712302651,2026-09-17T10:46:46.500000+00:00,4333.69,4333.95,0.2600000000002183,CONFIRMED_REVERSAL,25.0
BUY,4334.43,0.003912330792337168,2026-09-17T10:47:34+00:00,4334.1,4334.43,0.32999999999992724,1.019999999999527,1.305000000000291,0.0,-0.08237201999878815,-0.38190663817592096,7.5,1.0,-0.25086024272331897,2026-09-17T10:47:47+00:00,4333.76,4334.05,0.2899999999999636,CONFIRMED_REVERSAL,13.0
SELL,4333.78,0.003852433162999362,2026-09-17T10:48:26.500000+00:00,4333.78,4334.03,0.25,-0.535000000000764,-0.9499999999998181,0.3502516466181801,0.3502516466181801,-0.09217148595217031,18.5,0.0,0.17328239358983874,2026-09-17T10:48:51.500000+00:00,4333.02,4333.31,0.2899999999999636,CONFIRMED_REVERSAL,25.0
BUY,4334.06,0.003893961355358274,2026-09-17T10:49:23+00:00,4333.73,4334.06,0.33000000000083674,0.6750000000001819,0.6100000000005821,0.0,-0.1155246864984054,-0.2757686064799661,4.0,4.5,-0.23477597578681952,2026-09-17T10:49:28.500000+00:00,4333.43,4333.71,0.27999999999974534,CONFIRMED_REVERSAL,5.5
BUY,4331.73,0.0038394227217339195,2026-09-17T10:51:59.500000+00:00,4331.48,4331.73,0.25,0.680000000000291,0.5799999999999272,0.0036744081726567224,0.0036744081726567224,-0.2902782456335315,1.5,18.0,-0.23883653121733994,2026-09-17T10:52:18.500000+00:00,4331.08,4331.37,0.2899999999999636,CONFIRMED_REVERSAL,19.0
SELL,4328.44,0.0037846845767768363,2026-09-17T10:54:37.500000+00:00,4328.44,4328.71,0.27000000000043656,-0.5450000000000728,-0.6649999999999636,0.39117844278194047,0.39117844278194047,-0.09779461069564983,27.5,0.0,0.17385708568071603,2026-09-17T10:55:10+00:00,4327.67,4327.96,0.2899999999999636,CONFIRMED_REVERSAL,32.5
SELL,4323.72,0.0038308320078980704,2026-09-17T10:56:56.500000+00:00,4323.72,4324.07,0.3499999999994543,-0.819999999999709,-0.9650000000001455,0.0,-0.1283165337658716,-0.7222387757687919,0.0,5.0,-0.7222387757687919,2026-09-17T10:57:01.500000+00:00,4325.42,4325.69,0.26999999999952706,CONFIRMED_REVERSAL,5.0
BUY,4326.95,0.0036535599125558115,2026-09-17T10:58:29+00:00,4326.69,4326.95,0.2600000000002183,0.944999999999709,0.9099999999998545,0.0,-0.09090987258800227,-0.32517762117967275,0.0,4.0,-0.32517762117967275,2026-09-17T10:58:34+00:00,4326.02,4326.25,0.22999999999956344,CONFIRMED_REVERSAL,5.0
BUY,4328.3,0.0035739181645833068,2026-09-17T10:59:46+00:00,4328.08,4328.3,0.22000000000025466,0.5,0.7600000000002183,0.0,-0.07524692418741608,-0.26678454939135204,0.0,1.0,-0.24968297571266246,2026-09-17T10:59:49+00:00,4327.57,4327.79,0.22000000000025466,CONFIRMED_REVERSAL,3.0
BUY,4327.53,0.003514266559850805,2026-09-17T11:00:37+00:00,4327.19,4327.53,0.3400000000001455,0.8649999999988722,0.8099999999994907,0.0,-0.104260033818453,-0.4809414463244137,0.5,6.0,-0.4809414463244137,2026-09-17T11:00:43+00:00,4326.1,4326.41,0.3099999999994907,CONFIRMED_REVERSAL,6.0
BUY,4327.94,0.003397818326430745,2026-09-17T11:04:12.500000+00:00,4327.6,4327.94,0.339999999999236,0.9600000000009459,1.6700000000000728,0.0,-0.11056063874744024,-0.3056676483023032,0.0,5.5,-0.3056676483023032,2026-09-17T11:04:18+00:00,4327.0,4327.34,0.3400000000001455,CONFIRMED_REVERSAL,5.5
BUY,4327.67,0.0033242273382694016,2026-09-17T11:07:20.500000+00:00,4327.45,4327.67,0.22000000000025466,0.5049999999991996,0.5999999999994543,0.019088132228825494,0.019088132228825494,-0.21315080989038385,1.0,2.0,-0.20678809914724913,2026-09-17T11:07:24+00:00,4327.02,4327.24,0.21999999999934516,CONFIRMED_REVERSAL,3.5
SELL,4326.08,0.0032755021053750564,2026-09-17T11:10:32+00:00,4326.08,4326.4,0.31999999999970896,-0.7150000000001455,-0.5300000000006548,0.8996658742113626,0.8996658742113626,-0.13479314491678132,65.0,0.5,0.6582921030816238,2026-09-17T11:11:51.500000+00:00,4323.6,4323.98,0.37999999999919964,CONFIRMED_REVERSAL,79.5
SELL,4321.75,0.003437945181963282,2026-09-17T11:12:16+00:00,4321.75,4321.92,0.17000000000007276,-0.47000000000025466,-1.4700000000002547,1.2042079793714437,1.2042079793714437,-0.05593315751181454,54.5,0.0,1.0429888783081194,2026-09-17T11:13:16.500000+00:00,4318.27,4318.58,0.3099999999994907,CONFIRMED_REVERSAL,60.5
BUY,4320.41,0.00369126268405827,2026-09-17T11:13:50.500000+00:00,4320.17,4320.41,0.23999999999978172,0.7200000000002547,0.7950000000000728,0.07065231810313832,0.07065231810313832,-0.13423940439612347,17.0,1.0,-0.10244586124963091,2026-09-17T11:14:09+00:00,4320.12,4320.42,0.3000000000001819,CONFIRMED_REVERSAL,18.5
BUY,4317.93,0.0036685915693386666,2026-09-17T11:21:28+00:00,4317.75,4317.93,0.18000000000029104,1.3150000000005093,1.0799999999999272,0.0,-0.06319654510114327,-0.34758099805596865,0.0,4.0,-0.34758099805596865,2026-09-17T11:21:32+00:00,4316.94,4317.2,0.2600000000002183,CONFIRMED_REVERSAL,4.0
SELL,4316.17,0.00358594101474913,2026-09-17T11:22:04+00:00,4316.17,4316.37,0.1999999999998181,-0.7399999999997817,-0.7449999999989814,0.1681592219378602,0.1681592219378602,-0.13727283423492426,10.5,0.5,-0.04804549198237954,2026-09-17T11:22:17.500000+00:00,4316.17,4316.31,0.14000000000032742,CONFIRMED_REVERSAL,13.5
SELL,4315.14,0.0035751627653849275,2026-09-17T11:23:02.500000+00:00,4315.14,4315.37,0.22999999999956344,-1.074999999999818,-1.1400000000003274,0.058165599363179527,0.058165599363179527,-0.25661293836685867,17.5,30.0,-0.23608390329737305,2026-09-17T11:23:33.500000+00:00,4315.55,4315.83,0.27999999999974534,CONFIRMED_REVERSAL,31.0
SELL,4315.73,0.0035175142153498293,2026-09-17T11:27:35+00:00,4315.73,4316.03,0.3000000000001819,-0.7700000000004366,-0.7300000000013824,0.0,-0.04376235463458476,-0.3467325021047163,2.0,4.5,-0.3265344922732517,2026-09-17T11:27:40.500000+00:00,4316.53,4316.7,0.17000000000007276,CONFIRMED_REVERSAL,5.5
SELL,4315.41,0.0034387098203236066,2026-09-17T11:28:32.500000+00:00,4315.41,4315.57,0.15999999999985448,-0.44499999999970896,-0.9899999999997817,0.12505486541636082,0.12505486541636082,-0.2599824833655056,36.0,1.0,-0.029618257598651155,2026-09-17T11:29:14+00:00,4315.33,4315.5,0.17000000000007276,CONFIRMED_REVERSAL,41.5
BUY,4316.56,0.0034306240055367522,2026-09-17T11:29:49+00:00,4316.29,4316.56,0.27000000000043656,0.5850000000000364,0.6400000000003274,0.0,-0.006566358432948906,-0.4333796565653711,2.0,15.5,-0.4333796565653711,2026-09-17T11:30:04.500000+00:00,4315.24,4315.54,0.3000000000001819,CONFIRMED_REVERSAL,15.5
SELL,4314.52,0.003327288316802024,2026-09-17T11:30:46+00:00,4314.52,4314.77,0.25,-0.9799999999995634,-1.0399999999999636,0.022289993545836263,0.022289993545836263,-0.24200564420957835,8.5,16.0,-0.23882135941756427,2026-09-17T11:31:03+00:00,4315.02,4315.27,0.25,CONFIRMED_REVERSAL,17.0
SELL,4312.33,0.0032711099022682696,2026-09-17T11:32:13.500000+00:00,4312.33,4312.6,0.27000000000043656,-2.055000000000291,-2.0399999999999636,0.0,-0.08452406348416107,-0.3913151087223352,0.0,3.5,-0.3474878165453312,2026-09-17T11:32:18+00:00,4313.19,4313.44,0.25,CONFIRMED_REVERSAL,4.5
BUY,4315.11,0.0031848578983379046,2026-09-17T11:33:48+00:00,4314.87,4315.11,0.23999999999978172,0.47999999999956344,1.0,0.6309310093803132,0.6309310093803132,-0.07315142137733922,38.0,0.0,0.41147674524801825,2026-09-17T11:34:35+00:00,4316.46,4316.87,0.4099999999998545,CONFIRMED_REVERSAL,47.0
SELL,4316.84,0.00328318121171334,2026-09-17T11:36:40+00:00,4316.84,4317.11,0.26999999999952706,-0.6649999999999636,-0.6149999999997817,0.09112012762602682,0.09112012762602682,-0.1351091547559413,1.5,8.0,-0.1351091547559413,2026-09-17T11:36:48+00:00,4316.98,4317.27,0.2900000000008731,CONFIRMED_REVERSAL,8.0
BUY,4317.96,0.003249634362029492,2026-09-17T11:37:31+00:00,4317.71,4317.96,0.25,0.6099999999996726,1.0450000000000728,0.13061866972494332,0.13061866972494332,-0.10573892311069535,28.5,1.0,-0.09018908147671965,2026-09-17T11:38:06.500000+00:00,4317.67,4317.89,0.22000000000025466,CONFIRMED_REVERSAL,35.5
SELL,4316.54,0.0032288712240289784,2026-09-17T11:38:53.500000+00:00,4316.54,4316.78,0.23999999999978172,-0.7950000000000728,-1.2950000000000728,0.0,-0.052531658650776906,-0.22248702487386215,2.0,7.0,-0.22248702487386215,2026-09-17T11:39:00.500000+00:00,4316.92,4317.26,0.3400000000001455,CONFIRMED_REVERSAL,7.0
SELL,4316.76,0.0031748517557704976,2026-09-17T11:41:14+00:00,4316.76,4316.95,0.18999999999959982,-0.8100000000004002,-1.0750000000007276,0.32207037902900076,0.32207037902900076,-0.06684479564730426,60.0,1.5,0.08203679465843206,2026-09-17T11:42:18.500000+00:00,4316.32,4316.49,0.17000000000007276,CONFIRMED_REVERSAL,64.5
SELL,4314.92,0.0031960717840993145,2026-09-17T11:43:21.500000+00:00,4314.92,4315.18,0.2600000000002183,-0.7550000000001091,-1.2499999999990905,0.0,-0.07952640318722003,-0.18963988452317823,0.0,2.5,-0.17434634544867006,2026-09-17T11:43:25+00:00,4315.26,4315.49,0.22999999999956344,CONFIRMED_REVERSAL,3.5
SELL,4313.47,0.0031549119319138064,2026-09-17T11:44:50+00:00,4313.47,4313.69,0.21999999999934516,-0.4499999999998181,-0.9549999999999272,0.7820030957459935,0.7820030957459935,-0.19625560317937552,111.0,7.0,0.5042259343226998,2026-09-17T11:46:45.500000+00:00,4311.54,4311.8,0.2600000000002183,CONFIRMED_REVERSAL,115.5
BUY,4311.69,0.0032784101509110938,2026-09-17T11:47:37+00:00,4311.46,4311.69,0.22999999999956344,0.6149999999997817,1.0450000000000728,0.40787595693461826,0.40787595693461826,-0.07216266930367,13.0,0.0,0.28551316985443254,2026-09-17T11:47:55.500000+00:00,4312.6,4312.79,0.18999999999959982,CONFIRMED_REVERSAL,18.5
BUY,4313.19,0.0033464381553594915,2026-09-17T11:49:15+00:00,4312.97,4313.19,0.21999999999934516,0.7350000000005821,0.7150000000001455,0.0,-0.06725484338749786,-0.3586924980665582,0.5,1.5,-0.30104548944861964,2026-09-17T11:49:18.500000+00:00,4312.25,4312.51,0.2600000000002183,CONFIRMED_REVERSAL,3.5
SELL,4311.26,0.0032749726067811654,2026-09-17T11:51:04.500000+00:00,4311.26,4311.47,0.21000000000003638,-0.8400000000001455,-1.3350000000000364,0.0,-0.009402652677263137,-0.18178461842860763,9.5,15.5,-0.18178461842860763,2026-09-17T11:51:20+00:00,4311.65,4311.84,0.19000000000050932,CONFIRMED_REVERSAL,15.5
BUY,4312.79,0.0032297677349275296,2026-09-17T11:53:39.500000+00:00,4312.45,4312.79,0.3400000000001455,0.9650000000001455,1.2049999999999272,0.34618702131415113,0.34618702131415113,-0.1421839551826229,17.0,1.0,0.1421839551826229,2026-09-17T11:54:04.500000+00:00,4313.25,4313.6,0.3500000000003638,CONFIRMED_REVERSAL,25.0
BUY,4313.4,0.00326375464953976,2026-09-17T11:55:37+00:00,4313.06,4313.4,0.339999999999236,0.7950000000000728,1.0349999999998545,0.0,-0.10619837910730585,-0.24987853907634797,0.0,4.5,-0.24987853907634797,2026-09-17T11:55:41.500000+00:00,4312.6,4312.93,0.32999999999992724,CONFIRMED_REVERSAL,4.5
SELL,4310.51,0.003205369882766043,2026-09-17T11:59:07+00:00,4310.51,4310.84,0.32999999999992724,-0.9549999999999272,-0.9899999999997817,0.0,-0.10123100758894084,-0.33436908567268053,0.0,18.5,-0.33436908567268053,2026-09-17T11:59:26+00:00,4311.27,4311.6,0.32999999999992724,CONFIRMED_REVERSAL,19.0
BUY,4312.69,0.0031227363005781354,2026-09-17T12:00:09.500000+00:00,4312.46,4312.69,0.22999999999956344,0.49499999999989086,0.8450000000002547,0.6126474645087499,0.6126474645087499,-0.06873605699352806,55.0,0.0,0.40046224509353223,2026-09-17T12:01:12.500000+00:00,4314.03,4314.22,0.19000000000050932,CONFIRMED_REVERSAL,63.0
SELL,4313.33,0.0032192853967625557,2026-09-17T12:02:06+00:00,4313.33,4313.55,0.22000000000025466,-1.0849999999991269,-1.1899999999995998,0.0,-0.04005200848606989,-0.34198253399605494,1.5,4.0,-0.34198253399605494,2026-09-17T12:02:10+00:00,4313.97,4314.44,0.46999999999934516,CONFIRMED_REVERSAL,4.0
SELL,4313.6,0.0031362434164914042,2026-09-17T12:03:06.500000+00:00,4313.6,4313.78,0.17999999999938154,-0.4599999999991269,-0.6149999999997817,0.0,-0.05402611459230674,-0.300145081069402,0.0,18.0,-0.2761334745838717,2026-09-17T12:03:25.500000+00:00,4314.18,4314.52,0.3400000000001455,CONFIRMED_REVERSAL,19.0
BUY,4316.21,0.0030674979222651633,2026-09-17T12:06:09.500000+00:00,4316.0,4316.21,0.21000000000003638,0.5,0.8449999999993452,0.11155507730446894,0.11155507730446894,-0.21723883475068145,20.0,39.5,-0.1996248751764462,2026-09-17T12:06:49.500000+00:00,4315.53,4315.72,0.19000000000050932,CONFIRMED_REVERSAL,40.0
SELL,4315.08,0.0030199614719416605,2026-09-17T12:08:11+00:00,4315.08,4315.27,0.19000000000050932,-0.8749999999990905,-1.3049999999993815,0.0,-0.03179183202613525,-0.2716756554970207,0.5,6.5,-0.2716756554970207,2026-09-17T12:08:17.500000+00:00,4315.79,4316.02,0.23000000000047294,CONFIRMED_REVERSAL,6.5
BUY,4316.82,0.0029529836708464484,2026-09-17T12:09:49+00:00,4316.65,4316.82,0.17000000000007276,0.5050000000001091,0.714999999999236,0.0,-0.042391010784754275,-0.1497815714397564,0.5,4.0,-0.14130336928285694,2026-09-17T12:09:53.500000+00:00,4316.32,4316.52,0.2000000000007276,CONFIRMED_REVERSAL,4.5
BUY,4318.5,0.0029176449661783106,2026-09-17T12:10:48+00:00,4318.33,4318.5,0.17000000000007276,0.6700000000000728,1.4049999999997453,0.0,-0.02513022752863303,-0.31273172035578606,3.0,17.5,-0.30993947285254814,2026-09-17T12:11:06.500000+00:00,4317.39,4317.68,0.2899999999999636,CONFIRMED_REVERSAL,18.5
SELL,4317.05,0.0028436064431024313,2026-09-17T12:11:32+00:00,4317.05,4317.19,0.13999999999941792,-0.7249999999994543,-0.6050000000004729,0.1959401578885412,0.1959401578885412,-0.03809947514482224,4.5,0.0,-0.010885564327127428,2026-09-17T12:11:47+00:00,4316.83,4317.09,0.2600000000002183,CONFIRMED_REVERSAL,15.0
BUY,4317.63,0.0028405900388460727,2026-09-17T12:12:34.500000+00:00,4317.43,4317.63,0.1999999999998181,0.5750000000007276,0.8000000000010914,0.0,-0.02718504319576397,-0.19029530236960607,5.5,13.5,-0.19029530236960607,2026-09-17T12:12:48+00:00,4316.93,4317.1,0.17000000000007276,CONFIRMED_REVERSAL,13.5
SELL,4317.37,0.002794704986300402,2026-09-17T12:13:37.500000+00:00,4317.37,4317.66,0.2899999999999636,-0.6150000000006912,-1.5500000000010914,0.486775627646266,0.486775627646266,-0.07756314946012198,56.0,0.0,0.24071322246238042,2026-09-17T12:15:06+00:00,4316.25,4316.47,0.22000000000025466,CONFIRMED_REVERSAL,88.5
SELL,4314.17,0.002855079636516571,2026-09-17T12:15:52.500000+00:00,4314.17,4314.37,0.1999999999998181,-0.7150000000001455,-0.8500000000003638,0.04098556753218148,0.04098556753218148,-0.17760412597311775,26.0,12.5,-0.02459134051940829,2026-09-17T12:16:29.500000+00:00,4314.08,4314.26,0.18000000000029104,CONFIRMED_REVERSAL,37.0
SELL,4312.71,0.0028500880417978497,2026-09-17T12:17:47.500000+00:00,4312.71,4312.97,0.2600000000002183,-0.5599999999994907,-1.0599999999994907,0.0,-0.016365564647205674,-0.1963867757652277,4.0,13.0,-0.17183842879454322,2026-09-17T12:18:01+00:00,4313.08,4313.34,0.2600000000002183,CONFIRMED_REVERSAL,13.5
SELL,4313.29,0.002808076352878822,2026-09-17T12:18:48.500000+00:00,4313.29,4313.58,0.2899999999999636,-1.0349999999998545,-1.3100000000004002,0.0,-0.05643514882548708,-0.22305320726258124,0.5,6.0,-0.22305320726258124,2026-09-17T12:18:54.500000+00:00,4313.92,4314.12,0.1999999999998181,CONFIRMED_REVERSAL,6.0
SELL,4311.45,0.002755216299578975,2026-09-17T12:19:30+00:00,4311.45,4311.67,0.22000000000025466,-1.194999999999709,-1.8100000000004002,0.0,-0.04482559759008848,-0.23467518738339027,4.5,19.5,-0.20039678922624968,2026-09-17T12:19:50.500000+00:00,4312.03,4312.21,0.18000000000029104,CONFIRMED_REVERSAL,20.5
BUY,4313.25,0.002705519243274027,2026-09-17T12:20:32.500000+00:00,4313.08,4313.25,0.17000000000007276,0.8949999999995271,1.050000000000182,0.0,-0.023303148585493854,-0.1424081302445015,11.0,15.0,-0.12946193658586763,2026-09-17T12:20:50.500000+00:00,4312.75,4312.94,0.18999999999959982,CONFIRMED_REVERSAL,18.0
SELL,4310.87,0.00267563274092886,2026-09-17T12:21:12.500000+00:00,4310.87,4311.05,0.18000000000029104,-0.6149999999997817,-0.8850000000002183,0.0,-0.007681910164004227,-0.14595629311724476,7.0,13.5,-0.14595629311724476,2026-09-17T12:21:26+00:00,4311.31,4311.44,0.12999999999919964,CONFIRMED_REVERSAL,13.5
BUY,4312.26,0.002639403432922672,2026-09-17T12:21:51.500000+00:00,4312.1,4312.26,0.15999999999985448,0.9150000000008731,0.9899999999997817,0.05809718379380876,0.05809718379380876,-0.11366840307501302,10.5,17.5,-0.09093472246019421,2026-09-17T12:22:09.500000+00:00,4311.9,4312.02,0.12000000000080036,CONFIRMED_REVERSAL,18.0
BUY,4312.24,0.0026173810650774905,2026-09-17T12:24:06.500000+00:00,4312.05,4312.24,0.18999999999959982,0.9950000000008004,1.4000000000005457,0.05009777288558494,0.05009777288558494,-0.20039109154256757,10.5,12.5,-0.18786664832111438,2026-09-17T12:24:20+00:00,4311.49,4311.7,0.21000000000003638,CONFIRMED_REVERSAL,13.5
SELL,4310.61,0.00257283116407862,2026-09-17T12:24:47.500000+00:00,4310.61,4310.77,0.16000000000076398,-0.9249999999992724,-1.0249999999996362,0.0,-0.03693380180229964,-0.2092915435456928,1.5,9.5,-0.2092915435456928,2026-09-17T12:24:57+00:00,4311.18,4311.46,0.27999999999974534,CONFIRMED_REVERSAL,9.5
SELL,4309.0,0.0025230404027018222,2026-09-17T12:26:47.500000+00:00,4309.0,4309.34,0.3400000000001455,-1.2849999999998545,-0.8400000000001455,0.0,-0.08209649007399455,-0.22455804637884164,0.0,5.0,-0.22214344372955483,2026-09-17T12:26:53.500000+00:00,4309.48,4309.92,0.4400000000005093,CONFIRMED_REVERSAL,6.0
SELL,4308.3,0.0024695730051745566,2026-09-17T12:27:37.500000+00:00,4308.3,4308.49,0.18999999999959982,-1.0349999999998545,-0.694999999999709,0.3001560198272184,0.3001560198272184,-0.10871792844132593,48.5,2.0,0.11817166134925797,2026-09-17T12:28:31+00:00,4307.62,4307.8,0.18000000000029104,CONFIRMED_REVERSAL,53.5
SELL,4306.56,0.0024992430219136098,2026-09-17T12:29:25+00:00,4306.56,4306.77,0.21000000000003638,-0.5449999999991633,-1.0249999999996362,0.09328129418699492,0.09328129418699492,-0.11480774669148525,26.0,6.5,-0.0430529050091982,2026-09-17T12:29:53+00:00,4306.5,4306.74,0.23999999999978172,CONFIRMED_REVERSAL,28.0
BUY,4308.94,0.0024874223484332597,2026-09-17T12:32:24+00:00,4308.68,4308.94,0.2599999999993088,0.6049999999995634,1.0999999999994543,0.0,-0.04761030846635564,-0.30470597418489254,15.0,19.0,-0.30470597418489254,2026-09-17T12:32:43+00:00,4307.66,4307.91,0.25,CONFIRMED_REVERSAL,19.0
SELL,4307.32,0.0024144395107534604,2026-09-17T12:35:01+00:00,4307.32,4307.58,0.2600000000002183,-0.7300000000004729,-0.5649999999995998,0.09704811123088987,0.09704811123088987,-0.30500834958288686,7.0,10.0,-0.25417362465237064,2026-09-17T12:35:11.500000+00:00,4308.03,4308.42,0.3900000000003274,CONFIRMED_REVERSAL,10.5
BUY,4308.58,0.0023520916977926905,2026-09-17T12:36:02+00:00,4308.29,4308.58,0.2899999999999636,0.6749999999992724,1.2199999999993452,0.0675300344614387,0.0675300344614387,-0.20709210568163616,59.0,61.0,-0.1710760873022568,2026-09-17T12:37:04+00:00,4307.82,4308.11,0.2899999999999636,CONFIRMED_REVERSAL,62.0
BUY,4309.45,0.0023101361608194406,2026-09-17T12:38:28.500000+00:00,4309.18,4309.45,0.26999999999952706,1.0500000000010914,0.7150000000001455,0.0,-0.03979527873760774,-0.17686790550112677,8.0,15.0,-0.17686790550112677,2026-09-17T12:38:43.500000+00:00,4308.65,4308.93,0.28000000000065484,CONFIRMED_REVERSAL,15.0
SELL,4308.4,0.0022678036824291484,2026-09-17T12:40:02+00:00,4308.4,4308.66,0.2600000000002183,-1.0100000000002183,-1.0600000000004002,0.0,-0.05642872944706006,-0.2669512969994319,0.0,8.5,-0.2582699540075917,2026-09-17T12:40:11+00:00,4309.37,4309.59,0.22000000000025466,CONFIRMED_REVERSAL,9.0
BUY,4310.61,0.002204035333089418,2026-09-17T12:40:36+00:00,4310.35,4310.61,0.2599999999993088,0.5449999999991633,1.3999999999996362,0.0,-0.054842010561076966,-0.263663512313571,0.0,11.5,-0.2531169718209898,2026-09-17T12:40:48+00:00,4309.41,4309.66,0.25,CONFIRMED_REVERSAL,12.0
SELL,4309.6,0.002143180923333462,2026-09-17T12:43:05+00:00,4309.6,4309.93,0.32999999999992724,-0.7100000000000364,-0.6850000000004002,0.0,-0.016408553203421182,-0.11075773412318624,9.5,10.5,-0.09845131922052709,2026-09-17T12:43:16.500000+00:00,4309.83,4310.08,0.25,CONFIRMED_REVERSAL,11.5
SELL,4308.18,0.0021200088721636417,2026-09-17T12:45:50.500000+00:00,4308.18,4308.45,0.26999999999952706,-0.9399999999995998,-1.3849999999993088,0.03854896720619482,0.03854896720619482,-0.08318461344469422,7.0,10.0,-0.052751218281879696,2026-09-17T12:46:02.500000+00:00,4308.21,4308.44,0.22999999999956344,CONFIRMED_REVERSAL,12.0
SELL,4309.41,0.0021066131076416207,2026-09-17T12:52:42.500000+00:00,4309.41,4309.75,0.3400000000001455,-0.8099999999994907,-0.6049999999995634,0.03628931369204792,0.03628931369204792,-0.15322154669955415,50.0,16.5,-0.11894830599043854,2026-09-17T12:53:37.500000+00:00,4309.75,4310.0,0.25,CONFIRMED_REVERSAL,55.0
SELL,4309.86,0.0020775545885135444,2026-09-17T12:55:16+00:00,4309.86,4310.11,0.25,-0.7300000000004729,-1.0050000000001091,0.1888850201360768,0.1888850201360768,-0.04970658424634552,35.5,0.0,0.05368311098595913,2026-09-17T12:56:05+00:00,4309.26,4309.59,0.32999999999992724,CONFIRMED_REVERSAL,49.0
SELL,4307.04,0.0020919386383086176,2026-09-17T12:56:41+00:00,4307.04,4307.32,0.27999999999974534,-0.6049999999995634,-1.1000000000003638,0.07607710988778642,0.07607710988778642,-0.05605681781198606,8.5,0.0,-0.008008116830283723,2026-09-17T12:56:57+00:00,4306.79,4307.08,0.2899999999999636,CONFIRMED_REVERSAL,16.0
SELL,4305.82,0.00209058800372229,2026-09-17T12:58:02.500000+00:00,4305.82,4306.12,0.3000000000001819,-0.7200000000011642,-1.1150000000006912,0.0,-0.004001473243907963,-0.09203388460788152,5.0,6.5,-0.07802872825456758,2026-09-17T12:58:13+00:00,4305.94,4306.21,0.27000000000043656,CONFIRMED_REVERSAL,10.5
SELL,4305.61,0.002071753527616817,2026-09-17T13:01:08.500000+00:00,4305.61,4305.87,0.2600000000002183,-0.875,-1.2449999999998909,0.0,-0.01387898142939624,-0.1288762561290775,3.5,5.0,-0.11896269796527456,2026-09-17T13:01:15+00:00,4305.98,4306.21,0.23000000000047294,CONFIRMED_REVERSAL,6.5
SELL,4305.38,0.002042992138762466,2026-09-17T13:02:44+00:00,4305.38,4305.7,0.31999999999970896,-0.819999999999709,-1.519999999999527,0.0,0.0,-0.15837009674997854,2.5,10.0,-0.15054935123146326,2026-09-17T13:02:55+00:00,4305.84,4306.15,0.3099999999994907,CONFIRMED_REVERSAL,11.0
BUY,4308.61,0.002004949879357968,2026-09-17T13:05:22.500000+00:00,4308.36,4308.61,0.25,0.5299999999997453,0.7650000000003274,0.2763041959430958,0.2763041959430958,-0.06331971157025643,45.5,3.5,0.15350233107947828,2026-09-17T13:06:17+00:00,4309.41,4309.78,0.36999999999989086,CONFIRMED_REVERSAL,54.5
SELL,4310.22,0.0020414139162384347,2026-09-17T13:08:02+00:00,4310.22,4310.53,0.3099999999994907,-0.694999999999709,-1.0050000000001091,0.4102719573818799,0.4102719573818799,-0.1269889391895364,61.5,1.0,0.3204028619553813,2026-09-17T13:09:09.500000+00:00,4308.25,4308.58,0.32999999999992724,CONFIRMED_REVERSAL,67.5
BUY,4312.11,0.002118159085067953,2026-09-17T13:11:41+00:00,4311.77,4312.11,0.339999999999236,1.125,1.0700000000006185,0.0912205226589343,0.0912205226589343,-0.08108490902995896,14.0,1.0,-0.03446108633777865,2026-09-17T13:12:00.500000+00:00,4311.94,4312.25,0.3100000000004002,CONFIRMED_REVERSAL,19.5
SELL,4308.54,0.002111556645143411,2026-09-17T13:17:01.500000+00:00,4308.54,4308.75,0.21000000000003638,-1.0249999999996362,-1.0799999999999272,0.06062412156279053,0.06062412156279053,-0.17580995253196388,40.5,59.5,-0.1374146755423007,2026-09-17T13:18:01.500000+00:00,4309.03,4309.22,0.19000000000050932,CONFIRMED_REVERSAL,60.0
SELL,4308.15,0.0020784189074188214,2026-09-17T13:19:03.500000+00:00,4308.15,4308.34,0.19000000000050932,-1.1700000000000728,-1.230000000000473,0.17702905816640546,0.17702905816640546,-0.0377927202828418,11.0,0.0,0.08553089327134229,2026-09-17T13:19:38.500000+00:00,4307.53,4307.72,0.19000000000050932,CONFIRMED_REVERSAL,35.0
BUY,4308.22,0.0020991296704939164,2026-09-17T13:20:13+00:00,4308.02,4308.22,0.1999999999998181,0.8200000000006185,1.2750000000014552,0.1245524929358951,0.1245524929358951,-0.04218713470410823,52.5,0.5,0.04218713470410823,2026-09-17T13:21:33+00:00,4308.43,4308.6,0.17000000000007276,CONFIRMED_REVERSAL,80.0
BUY,4310.39,0.0021082997483048422,2026-09-17T13:23:45+00:00,4310.19,4310.39,0.2000000000007276,0.5299999999997453,0.8499999999994543,0.5710054587585383,0.5710054587585383,-0.17150340634098152,68.5,23.5,0.4983687219552126,2026-09-17T13:25:05.500000+00:00,4312.86,4313.02,0.16000000000076398,CONFIRMED_REVERSAL,80.5
BUY,4314.53,0.002226973549825096,2026-09-17T13:25:43.500000+00:00,4314.37,4314.53,0.15999999999985448,0.6549999999997453,0.7650000000003274,0.0,-0.012787562721654431,-0.1555820131146899,1.5,4.5,-0.1534507526610162,2026-09-17T13:25:49+00:00,4313.81,4314.07,0.2599999999993088,CONFIRMED_REVERSAL,5.5
SELL,4314.29,0.002189932084848174,2026-09-17T13:29:45.500000+00:00,4314.29,4314.59,0.3000000000001819,-0.6899999999995998,-1.0049999999991996,0.20958109937734842,0.20958109937734842,-0.06287432981324265,8.0,0.0,-0.018862298943991856,2026-09-17T13:30:07+00:00,4314.12,4314.38,0.2600000000002183,CONFIRMED_REVERSAL,21.5
SELL,4313.68,0.0021856727215685836,2026-09-17T13:30:39+00:00,4313.68,4313.96,0.27999999999974534,-0.7100000000000364,-0.8400000000001455,0.0,-0.0418346938733277,-0.15688010202512154,6.0,6.5,-0.13177928570112493,2026-09-17T13:30:47.500000+00:00,4314.11,4314.31,0.2000000000007276,CONFIRMED_REVERSAL,8.5
SELL,4313.32,0.002153931385595585,2026-09-17T13:31:18+00:00,4313.32,4313.51,0.19000000000050932,-0.8599999999996726,-0.9299999999993815,0.0,-0.03916579380301236,-0.21231982956326445,0.0,3.0,-0.21231982956326445,2026-09-17T13:31:21+00:00,4314.08,4314.35,0.27000000000043656,CONFIRMED_REVERSAL,3.0
SELL,4312.98,0.0021026622871890533,2026-09-17T13:31:43.500000+00:00,4312.98,4313.13,0.1500000000005457,-0.4849999999996726,-1.0200000000004366,0.11067605806099111,0.11067605806099111,-0.03622125536552176,2.0,1.0,0.01811062768257786,2026-09-17T13:31:51+00:00,4312.68,4312.89,0.21000000000003638,CONFIRMED_REVERSAL,7.5
BUY,4315.16,0.0021059854911486893,2026-09-17T13:34:37.500000+00:00,4314.9,4315.16,0.2600000000002183,0.7950000000000728,1.3649999999997817,0.0,-0.02821661277002722,-0.15317589789511435,3.0,7.0,-0.15317589789511435,2026-09-17T13:34:44.500000+00:00,4314.4,4314.73,0.32999999999992724,CONFIRMED_REVERSAL,7.0
BUY,4316.16,0.002068414853633288,2026-09-17T13:35:46.500000+00:00,4315.93,4316.16,0.22999999999956344,0.5050000000001091,0.5500000000001819,0.28505036903611436,0.28505036903611436,-0.0831396909688517,22.0,3.0,0.20191067806726268,2026-09-17T13:36:14+00:00,4317.18,4317.44,0.2599999999993088,CONFIRMED_REVERSAL,27.5
BUY,4318.73,0.0021160359109572745,2026-09-17T13:37:37+00:00,4318.48,4318.73,0.25,0.5249999999996362,0.8149999999995998,0.0,-0.050627270088506045,-0.1923836263362861,0.0,1.0,-0.17618289990797895,2026-09-17T13:37:40+00:00,4317.86,4318.28,0.42000000000007276,CONFIRMED_REVERSAL,3.0
BUY,4321.71,0.0020719790651097005,2026-09-17T13:51:06+00:00,4321.46,4321.71,0.25,0.7750000000005457,1.5399999999999636,0.0,-0.03965854953737094,-0.15070248824218993,3.5,8.5,-0.12095857608902648,2026-09-17T13:51:15+00:00,4321.1,4321.38,0.27999999999974534,CONFIRMED_REVERSAL,9.0
SELL,4321.33,0.0020429131592596744,2026-09-17T13:53:21+00:00,4321.33,4321.6,0.27000000000043656,-0.569999999999709,-1.0,0.0,-0.03323688350800772,-0.18182530389672721,3.0,9.0,-0.1720497499237524,2026-09-17T13:53:30.500000+00:00,4321.95,4322.21,0.2600000000002183,CONFIRMED_REVERSAL,9.5
BUY,4322.86,0.002000602740891153,2026-09-17T13:56:14.500000+00:00,4322.54,4322.86,0.31999999999970896,1.0349999999998545,1.1199999999998909,0.41164304967353876,0.41164304967353876,-0.06126780274203682,147.5,0.0,0.27379049350378176,2026-09-17T13:58:54+00:00,4324.29,4324.58,0.2899999999999636,CONFIRMED_REVERSAL,159.5
BUY,4328.34,0.002064165882633116,2026-09-17T14:01:06.500000+00:00,4328.02,4328.34,0.31999999999970896,1.3150000000005093,1.5200000000004366,0.0,-0.029631751457559214,-0.18964320932769624,0.5,5.0,-0.18964320932769624,2026-09-17T14:01:11.500000+00:00,4327.38,4327.74,0.3599999999996726,CONFIRMED_REVERSAL,5.0
BUY,4329.02,0.002018066867721431,2026-09-17T14:01:57.500000+00:00,4328.73,4329.02,0.2900000000008731,1.800000000000182,1.1850000000004002,0.0,-0.05600863878276395,-0.17381991346333223,0.0,4.5,-0.17381991346333223,2026-09-17T14:02:02+00:00,4328.12,4328.45,0.32999999999992724,CONFIRMED_REVERSAL,4.5
SELL,4327.13,0.0019769745336073574,2026-09-17T14:02:50+00:00,4327.13,4327.42,0.2899999999999636,-0.694999999999709,-1.2600000000002183,0.0,-0.05486817820868907,-0.14946848546506142,0.0,4.5,-0.14000845473938975,2026-09-17T14:02:55.500000+00:00,4327.61,4327.87,0.2600000000002183,CONFIRMED_REVERSAL,5.5
BUY,4330.46,0.0019416712538902281,2026-09-17T14:04:24.500000+00:00,4330.15,4330.46,0.3100000000004002,0.8450000000002547,0.5150000000003274,0.17095625518638727,0.17095625518638727,-0.11335143006916525,50.5,4.5,0.059463045282162875,2026-09-17T14:05:17.500000+00:00,4330.78,4330.98,0.1999999999998181,CONFIRMED_REVERSAL,53.0
BUY,4331.2,0.0019556850707069377,2026-09-17T14:07:09+00:00,4330.89,4331.2,0.3099999999994907,0.6400000000003274,1.7749999999996362,0.2901029107182528,0.2901029107182528,-0.08983832073846346,30.0,4.0,0.21149438007201218,2026-09-17T14:07:43.500000+00:00,4332.33,4332.77,0.4400000000005093,CONFIRMED_REVERSAL,34.5
SELL,4331.41,0.0020066111476945794,2026-09-17T14:08:11+00:00,4331.41,4331.66,0.25,-0.625,-0.9600000000000364,0.017283321064628272,0.017283321064628272,-0.13058509248814726,9.5,12.0,-0.13058509248814726,2026-09-17T14:08:23.500000+00:00,4331.94,4332.09,0.1500000000005457,CONFIRMED_REVERSAL,12.5
SELL,4330.92,0.001975332269631504,2026-09-17T14:09:12+00:00,4330.92,4331.22,0.3000000000001819,-0.7000000000007276,-0.5650000000005093,0.011342606784165722,0.011342606784165722,-0.09452172320075058,5.5,10.5,-0.08885041980875369,2026-09-17T14:09:23.500000+00:00,4331.11,4331.39,0.28000000000065484,CONFIRMED_REVERSAL,11.5
BUY,4337.07,0.0019511249337732031,2026-09-17T14:09:57+00:00,4336.75,4337.07,0.31999999999970896,1.4699999999993452,1.5650000000005093,0.0,-0.04668168838111412,-0.214735766553057,8.5,1.0,-0.15311593788999994,2026-09-17T14:10:10+00:00,4336.25,4336.55,0.3000000000001819,CONFIRMED_REVERSAL,13.0
BUY,4339.59,0.0019131238600767371,2026-09-17T14:10:49+00:00,4339.25,4339.59,0.3400000000001455,0.7899999999999636,1.2200000000002547,0.04211069332289355,0.04211069332289355,-0.4412468300363476,5.0,9.5,-0.4412468300363476,2026-09-17T14:10:58.500000+00:00,4337.18,4337.42,0.23999999999978172,CONFIRMED_REVERSAL,9.5
SELL,4334.21,0.0018091209982146585,2026-09-17T14:11:25.500000+00:00,4334.21,4334.46,0.25,-0.8850000000002183,-2.1850000000004,0.017313667868386895,0.017313667868386895,-0.13850934294662276,2.5,7.0,-0.11080747435732968,2026-09-17T14:11:33+00:00,4334.68,4334.85,0.17000000000007276,CONFIRMED_REVERSAL,7.5
SELL,4331.55,0.0017835016513225424,2026-09-17T14:11:56+00:00,4331.55,4331.79,0.23999999999978172,-0.9499999999998181,-2.3549999999995634,0.01024109120317041,0.01024109120317041,-0.12289309443726873,3.0,6.0,-0.12289309443726873,2026-09-17T14:12:02+00:00,4332.03,4332.27,0.24000000000069122,CONFIRMED_REVERSAL,6.0
SELL,4331.44,0.0017539004254684158,2026-09-17T14:12:41+00:00,4331.44,4331.62,0.18000000000029104,-1.055000000000291,-1.2050000000008367,0.0,-0.03021335170352861,-0.14435268036116763,0.0,10.5,-0.14435268036116763,2026-09-17T14:12:51.500000+00:00,4331.97,4332.3,0.32999999999992724,CONFIRMED_REVERSAL,10.5
SELL,4330.86,0.0017193072559031038,2026-09-17T14:13:33.500000+00:00,4330.86,4331.01,0.1500000000005457,-0.5799999999999272,-1.5450000000000728,0.026326610389602368,0.026326610389602368,-0.14315094399357509,13.0,23.5,-0.14315094399357509,2026-09-17T14:13:57+00:00,4331.31,4331.73,0.41999999999916326,CONFIRMED_REVERSAL,23.5
BUY,4332.82,0.0016840070187630572,2026-09-17T14:14:35.500000+00:00,4332.67,4332.82,0.1499999999996362,0.6599999999998545,0.6449999999995271,0.0,-0.024174451216495967,-0.1547164877859553,0.0,1.5,-0.11926062600163416,2026-09-17T14:14:39+00:00,4332.08,4332.2,0.11999999999989086,CONFIRMED_REVERSAL,3.5
BUY,4333.4,0.001655024408466455,2026-09-17T14:15:12.500000+00:00,4333.15,4333.4,0.25,0.5349999999998545,1.5799999999999272,0.011087251801002784,0.011087251801002784,-0.10136915932246622,0.5,14.0,-0.07285908326309463,2026-09-17T14:15:27.500000+00:00,4332.94,4333.08,0.14000000000032742,CONFIRMED_REVERSAL,15.0
BUY,4334.52,0.00163703285458576,2026-09-17T14:16:20+00:00,4334.3,4334.52,0.22000000000025466,0.47999999999956344,0.5799999999999272,0.0031333496389829435,0.0031333496389829435,-0.11593393664521869,1.5,7.5,-0.11436726182565597,2026-09-17T14:16:28+00:00,4333.79,4333.95,0.15999999999985448,CONFIRMED_REVERSAL,8.0
SELL,4330.61,0.0016109158410649433,2026-09-17T14:17:26+00:00,4330.61,4330.86,0.25,-0.5950000000002547,-0.8950000000004366,0.03391696636079893,0.03391696636079893,-0.08016737503492158,17.0,6.0,-0.07862569474575612,2026-09-17T14:17:47+00:00,4330.84,4331.12,0.27999999999974534,CONFIRMED_REVERSAL,21.0
SELL,4328.54,0.0015927059799793685,2026-09-17T14:18:39+00:00,4328.54,4328.76,0.22000000000025466,-0.6849999999994907,-1.3500000000003638,0.0,-0.03353356753268719,-0.10060070259792295,0.0,4.5,-0.10060070259792295,2026-09-17T14:18:43.500000+00:00,4328.87,4329.2,0.32999999999992724,CONFIRMED_REVERSAL,4.5
SELL,4328.23,0.0015685333145191585,2026-09-17T14:19:34+00:00,4328.23,4328.34,0.11000000000058208,-0.6650000000008731,-0.9799999999995634,0.013510073890635277,0.013510073890635277,-0.1095817104472651,4.0,10.0,-0.1095817104472651,2026-09-17T14:19:44+00:00,4328.66,4328.96,0.3000000000001819,CONFIRMED_REVERSAL,10.0
BUY,4329.29,0.0015417008368442079,2026-09-17T14:20:19.500000+00:00,4329.02,4329.29,0.26999999999952706,0.9250000000010914,1.8350000000009459,0.4736162645813767,0.4736162645813767,-0.0398368820675222,57.5,0.0,0.3511547382254565,2026-09-17T14:21:20+00:00,4331.67,4332.03,0.3599999999996726,CONFIRMED_REVERSAL,60.5
BUY,4332.18,0.0016253698634660088,2026-09-17T14:21:56+00:00,4332.0,4332.18,0.18000000000029104,0.4349999999994907,0.5900000000001455,0.024888209473643015,0.024888209473643015,-0.04822090585528945,3.5,8.0,-0.03888782730260258,2026-09-17T14:22:05+00:00,4331.93,4332.13,0.1999999999998181,CONFIRMED_REVERSAL,9.0
BUY,4333.41,0.0016155315487164832,2026-09-17T14:22:37.500000+00:00,4333.2,4333.41,0.21000000000003638,0.7100000000009459,1.2000000000007276,0.0,-0.02164536665588877,-0.20408488561346907,1.0,5.0,-0.20408488561346907,2026-09-17T14:22:42.500000+00:00,4332.09,4332.32,0.22999999999956344,CONFIRMED_REVERSAL,5.0
SELL,4330.46,0.0015673878535058484,2026-09-17T14:23:12+00:00,4330.46,4330.63,0.17000000000007276,-1.0900000000001455,-1.4349999999994907,0.0,-0.025500392546161262,-0.09900152400267953,0.0,3.0,-0.08250127000227842,2026-09-17T14:23:16+00:00,4330.86,4331.01,0.1500000000005457,CONFIRMED_REVERSAL,4.0
SELL,4330.36,0.0015475166203618332,2026-09-17T14:23:54.500000+00:00,4330.36,4330.54,0.18000000000029104,-0.3650000000006912,-0.6950000000006185,0.4502257946747264,0.4502257946747264,-0.05479721843079001,129.0,36.0,0.36432745226968966,2026-09-17T14:26:08+00:00,4327.49,4327.9,0.4099999999998545,CONFIRMED_REVERSAL,133.5
BUY,4328.49,0.0016361348093120365,2026-09-17T14:28:14+00:00,4328.3,4328.49,0.18999999999959982,1.050000000000182,1.5150000000003274,0.0,-0.001565815371376793,-0.12839686045004883,5.0,9.0,-0.12683104507867202,2026-09-17T14:28:24+00:00,4327.68,4328.09,0.4099999999998545,CONFIRMED_REVERSAL,10.0
SELL,4325.94,0.0016064638532214612,2026-09-17T14:33:26+00:00,4325.94,4326.28,0.3400000000001455,-0.7449999999998909,-0.7750000000005457,0.04458516965493623,0.04458516965493623,-0.07225872323391039,13.5,4.5,-0.043047750011768644,2026-09-17T14:33:45+00:00,4325.85,4326.22,0.36999999999989086,CONFIRMED_REVERSAL,19.0
BUY,4327.79,0.001595383614573377,2026-09-17T14:34:29.500000+00:00,4327.5,4327.79,0.2899999999999636,0.6050000000004729,1.0600000000004002,0.0,-0.04427765304387065,-0.13894022162041691,0.0,1.0,-0.12977932788727892,2026-09-17T14:34:31.500000+00:00,4326.94,4327.36,0.42000000000007276,CONFIRMED_REVERSAL,2.0
SELL,4325.49,0.0015648811223874604,2026-09-17T14:35:09+00:00,4325.49,4325.76,0.27000000000043656,-0.7899999999999636,-1.2650000000003274,0.041933474705556216,0.041933474705556216,-0.04043585060903136,7.0,0.0,-0.04043585060903136,2026-09-17T14:35:19+00:00,4325.45,4325.76,0.3100000000004002,CONFIRMED_REVERSAL,10.0
SELL,4324.99,0.001555292811259962,2026-09-17T14:37:38.500000+00:00,4324.99,4325.28,0.2899999999999636,-0.7700000000004366,-1.0599999999994907,0.014884478815166977,0.014884478815166977,-0.05953791526107402,9.5,0.5,-0.046141884327328984,2026-09-17T14:37:53.500000+00:00,4325.15,4325.3,0.1500000000005457,CONFIRMED_REVERSAL,15.0
BUY,4324.82,0.0015442057192257992,2026-09-17T14:42:45.500000+00:00,4324.53,4324.82,0.2899999999999636,1.0549999999993815,0.9249999999992724,0.1551729166700422,0.1551729166700422,-0.07389186508095968,19.5,2.0,0.031034583334008443,2026-09-17T14:43:10.500000+00:00,4325.03,4325.34,0.3100000000004002,CONFIRMED_REVERSAL,25.0
BUY,4326.27,0.0015511838370526753,2026-09-17T14:43:48.500000+00:00,4325.98,4326.27,0.2900000000008731,0.819999999999709,0.5049999999991996,0.1143076940327689,0.1143076940327689,-0.04305094970080928,7.5,0.0,-0.017814186083158674,2026-09-17T14:44:00+00:00,4326.15,4326.42,0.27000000000043656,CONFIRMED_REVERSAL,11.5
SELL,4325.41,0.0015471887965952612,2026-09-17T14:44:47+00:00,4325.41,4325.65,0.23999999999978172,-0.8300000000008367,-1.2049999999999272,0.10216775968208189,0.10216775968208189,-0.06811183978809948,20.0,2.0,0.011845537354440373,2026-09-17T14:45:11.500000+00:00,4325.01,4325.33,0.31999999999970896,CONFIRMED_REVERSAL,24.5
BUY,4326.48,0.0015496670279427705,2026-09-17T14:45:56+00:00,4326.24,4326.48,0.23999999999978172,0.7599999999993088,1.199999999999818,0.2491547333098446,0.2491547333098446,-0.04300885277371033,100.5,1.5,0.16610315553998634,2026-09-17T14:47:41.500000+00:00,4327.6,4328.02,0.42000000000007276,CONFIRMED_REVERSAL,105.5
BUY,4334.21,0.0015869480505521308,2026-09-17T14:50:44.500000+00:00,4333.89,4334.21,0.31999999999970896,1.3300000000008367,1.535000000000764,0.6591342928647757,0.6591342928647757,-0.048599763529154225,76.5,0.0,0.4920726057331009,2026-09-17T14:52:16.500000+00:00,4337.45,4337.72,0.27000000000043656,CONFIRMED_REVERSAL,92.0
SELL,4336.72,0.001704591783320664,2026-09-17T14:52:43+00:00,4336.72,4336.9,0.17999999999938154,-0.5100000000002183,-0.6200000000008004,0.0,-0.029363942395074963,-0.09951113811693144,0.0,2.0,-0.09624847785087792,2026-09-17T14:52:46.500000+00:00,4337.03,4337.31,0.28000000000065484,CONFIRMED_REVERSAL,3.5
BUY,4338.87,0.001680568065728283,2026-09-17T14:53:37+00:00,4338.6,4338.87,0.26999999999952706,1.390000000001237,1.2550000000010186,0.21390907780055748,0.21390907780055748,-0.0981086747806595,15.5,2.0,0.10454203050412533,2026-09-17T14:54:08.500000+00:00,4339.52,4339.82,0.2999999999992724,CONFIRMED_REVERSAL,31.5
BUY,4341.94,0.0017045383601843715,2026-09-17T14:54:48.500000+00:00,4341.67,4341.94,0.26999999999952706,1.3700000000008004,1.4200000000000728,0.0,-0.04404453316197705,-0.1941222017141736,0.0,3.0,-0.192490922708136,2026-09-17T14:54:52+00:00,4340.76,4341.02,0.2600000000002183,CONFIRMED_REVERSAL,3.5
BUY,4343.01,0.0016578059366930467,2026-09-17T14:55:24+00:00,4342.72,4343.01,0.2899999999999636,1.0100000000002183,1.694999999999709,0.08884708533895451,0.08884708533895451,-0.06822186909966257,19.0,2.0,0.015865550953312584,2026-09-17T14:55:45.500000+00:00,4343.11,4343.43,0.32000000000061846,CONFIRMED_REVERSAL,21.5
SELL,4341.55,0.0016621818982815164,2026-09-17T14:56:11.500000+00:00,4341.55,4341.82,0.26999999999952706,-0.680000000000291,-1.4150000000008731,0.07635566315888843,0.07635566315888843,-0.07635566315874377,9.0,0.5,-0.017498172807175943,2026-09-17T14:56:25.500000+00:00,4341.36,4341.66,0.3000000000001819,CONFIRMED_REVERSAL,14.0
BUY,4342.43,0.0016576345086974542,2026-09-17T14:56:50+00:00,4342.09,4342.43,0.3400000000001455,0.6850000000004002,1.110000000000582,0.0,-0.044418948984251985,-0.18719414214752747,1.0,7.0,-0.18719414214752747,2026-09-17T14:56:57+00:00,4341.25,4341.65,0.3999999999996362,CONFIRMED_REVERSAL,7.0
BUY,4345.2,0.0016115624016332388,2026-09-17T14:57:45.500000+00:00,4344.92,4345.2,0.27999999999974534,0.7399999999997817,1.0049999999991996,0.20358347607498994,0.20358347607498994,-0.09716484085394379,12.5,3.5,0.027761383101166874,2026-09-17T14:58:02+00:00,4345.38,4345.75,0.36999999999989086,CONFIRMED_REVERSAL,16.5
BUY,4347.37,0.0016174305547506174,2026-09-17T14:58:24+00:00,4347.11,4347.37,0.2600000000002183,0.9899999999997817,1.6049999999995634,0.8265866137049095,0.8265866137049095,-0.04798536521499887,19.0,0.5,0.4643745020813972,2026-09-17T14:58:45.500000+00:00,4350.37,4350.9,0.5299999999997453,CONFIRMED_REVERSAL,21.5
BUY,4353.26,0.0017267055579568823,2026-09-17T15:00:48.500000+00:00,4352.93,4353.26,0.32999999999992724,1.5850000000000364,4.199999999999818,0.013219947838239604,0.013219947838239604,-0.17846929581638496,1.0,9.5,-0.1751643088569002,2026-09-17T15:00:58.500000+00:00,4352.2,4352.6,0.4000000000005457,CONFIRMED_REVERSAL,10.0
SELL,4349.65,0.0016860592112211067,2026-09-17T15:01:40+00:00,4349.65,4349.95,0.3000000000001819,-1.1200000000008004,-1.7500000000009095,0.08874767398089452,0.08874767398089452,-0.17749534796208255,5.5,7.5,-0.17749534796208255,2026-09-17T15:01:47.500000+00:00,4350.28,4350.75,0.47000000000025466,CONFIRMED_REVERSAL,7.5
SELL,4346.02,0.0016447924618049439,2026-09-17T15:02:37.500000+00:00,4346.02,4346.36,0.339999999999236,-1.0249999999996362,-2.144999999999527,0.02046331204567456,0.02046331204567456,-0.26130075381375595,5.0,6.5,-0.26130075381375595,2026-09-17T15:02:44+00:00,4347.15,4347.68,0.5300000000006548,CONFIRMED_REVERSAL,6.5
SELL,4344.88,0.0015823832617227426,2026-09-17T15:03:25.500000+00:00,4344.88,4345.22,0.3400000000001455,-0.6899999999995998,-1.8649999999997817,0.0,-0.0514887163916055,-0.26047232998099024,0.0,8.0,-0.26047232998099024,2026-09-17T15:03:33.500000+00:00,4346.07,4346.6,0.5300000000006548,CONFIRMED_REVERSAL,8.0
BUY,4351.16,0.0015175483009536685,2026-09-17T15:05:51+00:00,4350.82,4351.16,0.3400000000001455,1.389999999999418,4.375,0.0,-0.04937907014593848,-0.27303721139508824,0.0,4.0,-0.23672907158191372,2026-09-17T15:05:57+00:00,4349.53,4349.92,0.3900000000003274,CONFIRMED_REVERSAL,6.0
BUY,4351.29,0.001460655367057147,2026-09-17T15:09:02.500000+00:00,4351.03,4351.29,0.2600000000002183,1.2550000000001091,1.4899999999997817,0.06430238156167939,0.06430238156167939,-0.16355170962426874,10.5,9.5,-0.13838990814357288,2026-09-17T15:09:18.500000+00:00,4350.3,4350.77,0.47000000000025466,CONFIRMED_REVERSAL,16.0
BUY,4354.9,0.0014262394568838527,2026-09-17T15:13:21+00:00,4354.57,4354.9,0.32999999999992724,0.7499999999990905,1.0299999999997453,0.0,-0.0177442344463545,-0.14331881668287705,0.5,5.5,-0.14331881668287705,2026-09-17T15:13:26.500000+00:00,4353.85,4354.22,0.36999999999989086,CONFIRMED_REVERSAL,5.5
BUY,4354.69,0.001391918843318531,2026-09-17T15:14:42.500000+00:00,4354.37,4354.69,0.31999999999970896,0.9700000000002547,1.6649999999999636,0.07459735154773975,0.07459735154773975,-0.06394058704081595,6.5,3.0,-0.05594801366065338,2026-09-17T15:14:54+00:00,4354.27,4354.61,0.339999999999236,CONFIRMED_REVERSAL,11.5
BUY,4355.21,0.0013783295125588653,2026-09-17T15:15:28.500000+00:00,4354.98,4355.21,0.23000000000047294,0.5299999999988358,1.0249999999996362,0.0,-0.026381805768747962,-0.13982357057454417,0.5,11.5,-0.13454720942079457,2026-09-17T15:15:40.500000+00:00,4354.19,4354.5,0.3100000000004002,CONFIRMED_REVERSAL,12.0
BUY,4357.88,0.0013452240231742062,2026-09-17T15:16:22.500000+00:00,4357.54,4357.88,0.3400000000001455,1.1799999999993815,1.9000000000005457,0.43900600519981214,0.43900600519981214,-0.0437718597560136,33.0,0.0,0.22915855989899916,2026-09-17T15:17:00+00:00,4359.66,4360.09,0.43000000000029104,CONFIRMED_REVERSAL,37.5
BUY,4363.4,0.0013983991250482205,2026-09-17T15:18:55.500000+00:00,4363.09,4363.4,0.3099999999994907,0.6549999999997453,0.9499999999998181,0.35464879219905787,0.35464879219905787,-0.042825514529649784,18.5,0.5,0.23286373525527504,2026-09-17T15:19:20+00:00,4365.14,4365.42,0.27999999999974534,CONFIRMED_REVERSAL,24.5
BUY,4366.98,0.0014529712043549242,2026-09-17T15:20:08.500000+00:00,4366.64,4366.98,0.339999999999236,0.819999999999709,0.6599999999998545,0.0,-0.047277814468634195,-0.2767142670375975,0.0,1.0,-0.23777959629854373,2026-09-17T15:20:10+00:00,4365.27,4365.62,0.3499999999994543,CONFIRMED_REVERSAL,1.5
BUY,4368.3,0.0013956546285853323,2026-09-17T15:21:26+00:00,4368.0,4368.3,0.3000000000001819,1.2999999999992724,1.5100000000002183,0.6758494188814338,0.6758494188814338,-0.052091160743874904,2.5,0.5,0.201686289033837,2026-09-17T15:21:34+00:00,4369.81,4370.17,0.3599999999996726,CONFIRMED_REVERSAL,8.0
BUY,4373.89,0.0014420531753120715,2026-09-17T15:23:04.500000+00:00,4373.61,4373.89,0.28000000000065484,1.2899999999999636,2.514999999999418,0.0,-0.038642104813019724,-0.14628796822043064,0.0,1.5,-0.10074548754805965,2026-09-17T15:23:06.500000+00:00,4373.16,4373.47,0.3100000000004002,CONFIRMED_REVERSAL,2.0
SELL,4372.13,0.0014185561914142211,2026-09-17T15:23:41+00:00,4372.13,4372.31,0.18000000000029104,-0.5749999999998181,-1.1500000000005457,0.03801246581614145,0.03801246581614145,-0.06787940324317147,1.0,0.5,-0.03393970162158574,2026-09-17T15:23:43.500000+00:00,4372.03,4372.38,0.3500000000003638,CONFIRMED_REVERSAL,2.5
BUY,4377.39,0.0014087500031714096,2026-09-17T15:27:39.500000+00:00,4377.05,4377.39,0.3400000000001455,3.230000000000473,2.2100000000000364,0.4246840510872592,0.4246840510872592,-0.07415118352320534,21.5,0.5,0.09841884358525385,2026-09-17T15:28:05.500000+00:00,4378.12,4378.57,0.4499999999998181,CONFIRMED_REVERSAL,26.0
BUY,4379.85,0.0014314387311469444,2026-09-17T15:29:14.500000+00:00,4379.62,4379.85,0.23000000000047294,1.1850000000013097,0.5900000000001455,0.10274376944407348,0.10274376944407348,-0.04931700933323502,26.0,3.5,0.026028421592443795,2026-09-17T15:29:44+00:00,4380.04,4380.6,0.5600000000004002,CONFIRMED_REVERSAL,29.5
SELL,4373.34,0.001439788414005244,2026-09-17T15:31:13.500000+00:00,4373.34,4373.55,0.21000000000003638,-1.6650000000008731,-2.2100000000000364,0.3375873982011045,0.3375873982011045,-0.028936062702958978,9.0,0.0,0.17637219171320812,2026-09-17T15:31:27.500000+00:00,4371.59,4372.06,0.47000000000025466,CONFIRMED_REVERSAL,14.0
SELL,4369.56,0.00148321047874347,2026-09-17T15:32:43+00:00,4369.56,4369.78,0.21999999999934516,-2.755000000000109,-2.6900000000005093,0.0,-0.031228198662613244,-0.12349333107523175,0.0,6.5,-0.10362084101709951,2026-09-17T15:32:50.500000+00:00,4369.98,4370.29,0.3100000000004002,CONFIRMED_REVERSAL,7.5
SELL,4368.73,0.0014587083235974962,2026-09-17T15:35:12.500000+00:00,4368.73,4369.02,0.2900000000008731,-0.805000000000291,-2.0200000000004366,0.4104282625758784,0.4104282625758784,-0.10330507289335886,23.0,5.5,0.3071231896826465,2026-09-17T15:35:40.500000+00:00,4366.28,4366.53,0.25,CONFIRMED_REVERSAL,28.0
SELL,4365.55,0.0015332818649978896,2026-09-17T15:36:21+00:00,4365.55,4365.87,0.31999999999970896,-1.1099999999996726,-1.1899999999995998,0.0,-0.022010744155778795,-0.11152110372291509,2.0,3.0,-0.0689669983549782,2026-09-17T15:36:25+00:00,4365.67,4366.02,0.3500000000003638,CONFIRMED_REVERSAL,4.0
SELL,4364.76,0.00151704890946732,2026-09-17T15:36:57+00:00,4364.76,4365.1,0.3400000000001455,-0.8949999999995271,-1.1599999999998545,0.10453303183592431,0.10453303183592431,-0.07549607854807219,5.0,0.5,-0.053718363582315146,2026-09-17T15:37:07+00:00,4364.86,4365.13,0.27000000000043656,CONFIRMED_REVERSAL,10.0
BUY,4367.22,0.0015033416197114608,2026-09-17T15:38:39.500000+00:00,4366.96,4367.22,0.2600000000002183,0.7550000000010186,1.2849999999998545,0.1496278680247345,0.1496278680247345,-0.03740696700621633,9.5,0.0,0.04172315550689334,2026-09-17T15:38:57+00:00,4367.51,4367.64,0.13000000000010914,CONFIRMED_REVERSAL,17.5
BUY,4368.52,0.0015128740386693641,2026-09-17T15:39:27+00:00,4368.25,4368.52,0.27000000000043656,1.0300000000006548,2.3150000000005093,0.0,-0.021717783380499914,-0.13175455250799742,0.5,3.0,-0.09555824687396258,2026-09-17T15:39:33+00:00,4367.86,4368.21,0.3500000000003638,CONFIRMED_REVERSAL,6.0
BUY,4369.83,0.0014895707175921252,2026-09-17T15:39:55+00:00,4369.52,4369.83,0.3099999999994907,0.7449999999998909,0.6950000000006185,0.0,-0.044192064189270124,-0.09551188066729951,0.0,3.5,-0.04846871556252568,2026-09-17T15:39:59.500000+00:00,4369.49,4369.75,0.2600000000002183,CONFIRMED_REVERSAL,4.5
SELL,4368.05,0.001478583213208968,2026-09-17T15:40:28+00:00,4368.05,4368.26,0.21000000000003638,-1.444999999999709,-1.9299999999993815,0.0,-0.029715738891062802,-0.09339232222901775,0.0,6.5,-0.07782693519089103,2026-09-17T15:40:35+00:00,4368.34,4368.6,0.2600000000002183,CONFIRMED_REVERSAL,7.0
BUY,4368.64,0.0014597685613213503,2026-09-17T15:41:15+00:00,4368.46,4368.64,0.18000000000029104,0.7100000000000364,1.105000000000473,0.0,-0.025146525029878422,-0.1299237126542024,0.0,2.0,-0.12293856681255541,2026-09-17T15:41:18+00:00,4367.76,4367.97,0.21000000000003638,CONFIRMED_REVERSAL,3.0
BUY,4370.03,0.0014299086492162824,2026-09-17T15:41:40+00:00,4369.81,4370.03,0.21999999999934516,1.3800000000001091,1.5949999999993452,0.012316073448454458,0.012316073448454458,-0.16695121785646752,5.0,7.0,-0.15874050222424751,2026-09-17T15:41:47.500000+00:00,4368.87,4369.18,0.3100000000004002,CONFIRMED_REVERSAL,7.5
SELL,4366.9,0.0013929502143455454,2026-09-17T15:42:13+00:00,4366.9,4367.21,0.3100000000004002,-1.1900000000005093,-1.1199999999998909,0.3625984691265399,0.3625984691265399,-0.041325560819632186,14.0,0.0,0.2679496040236287,2026-09-17T15:42:32+00:00,4364.64,4364.89,0.25,CONFIRMED_REVERSAL,19.0
SELL,4363.69,0.0014581368713425804,2026-09-17T15:43:35.500000+00:00,4363.69,4363.97,0.28000000000065484,-0.7049999999999272,-0.8150000000005093,0.16187424238288084,0.16187424238288084,-0.05302776905648284,37.0,1.5,0.10745100571961837,2026-09-17T15:44:18+00:00,4362.66,4362.92,0.2600000000002183,CONFIRMED_REVERSAL,42.5
SELL,4359.79,0.0014851939710862694,2026-09-17T15:45:15+00:00,4359.79,4360.05,0.2600000000002183,-1.1450000000004366,-0.555000000000291,0.07391081460888631,0.07391081460888631,-0.07106809097014763,10.0,2.0,-0.044062216401548414,2026-09-17T15:45:27.500000+00:00,4359.8,4360.1,0.3000000000001819,CONFIRMED_REVERSAL,12.5
BUY,4361.99,0.0014738898553409094,2026-09-17T15:46:01+00:00,4361.72,4361.99,0.26999999999952706,1.394999999999527,1.5450000000000728,0.03526358858120531,0.03526358858120531,-0.16785468164648085,17.5,30.0,-0.06629554653257362,2026-09-17T15:46:32+00:00,4361.52,4361.83,0.3099999999994907,CONFIRMED_REVERSAL,31.0
SELL,4360.85,0.0014583899897720818,2026-09-17T15:47:06.500000+00:00,4360.85,4361.09,0.23999999999978172,-0.7049999999990177,-0.8699999999998909,0.0,-0.018144228003109972,-0.24424922312029185,13.0,19.0,-0.24424922312029185,2026-09-17T15:47:25.500000+00:00,4362.29,4362.6,0.3100000000004002,CONFIRMED_REVERSAL,19.0
BUY,4362.85,0.001399223383496449,2026-09-17T15:48:29.500000+00:00,4362.52,4362.85,0.32999999999992724,0.6950000000006185,1.1500000000005457,0.17943754566731648,0.17943754566731648,-0.044189843335996376,5.5,0.0,0.1138223237441851,2026-09-17T15:48:39+00:00,4363.7,4364.0,0.3000000000001819,CONFIRMED_REVERSAL,9.5
BUY,4365.51,0.0014256148139128253,2026-09-17T15:49:05+00:00,4365.2,4365.51,0.3100000000004002,1.1700000000000728,1.2899999999990541,0.01773646309274855,0.01773646309274855,-0.08868231546374275,2.5,7.0,-0.08049625557473415,2026-09-17T15:49:12.500000+00:00,4364.92,4365.19,0.26999999999952706,CONFIRMED_REVERSAL,7.5
BUY,4368.11,0.0014055104959041042,2026-09-17T15:50:06.500000+00:00,4367.96,4368.11,0.1499999999996362,0.3599999999996726,1.8950000000004366,0.10222783258287813,0.10222783258287813,-0.04976881323110907,16.0,2.5,0.006725515301527676,2026-09-17T15:50:28+00:00,4368.16,4368.48,0.31999999999970896,CONFIRMED_REVERSAL,21.5
BUY,4369.81,0.0014065719115346478,2026-09-17T15:51:15+00:00,4369.48,4369.81,0.33000000000083674,1.944999999999709,1.8700000000008004,0.1682648571686,0.1682648571686,-0.04442192229262304,22.0,0.0,0.017499545145426666,2026-09-17T15:51:40+00:00,4369.94,4370.31,0.37000000000080036,CONFIRMED_REVERSAL,25.0
BUY,4372.84,0.0014097788713040168,2026-09-17T15:52:53.500000+00:00,4372.53,4372.84,0.3100000000004002,0.7499999999990905,1.1849999999994907,0.11333179075633593,0.11333179075633593,-0.10928422680078755,21.5,5.5,0.04047563955585178,2026-09-17T15:53:18.500000+00:00,4373.14,4373.38,0.23999999999978172,CONFIRMED_REVERSAL,25.0
SELL,4373.48,0.001419242984015518,2026-09-17T15:55:03.500000+00:00,4373.48,4373.78,0.3000000000001819,-0.695000000001528,-1.070000000001528,0.14669049669898573,0.14669049669898573,-0.04074736019419016,21.5,0.0,0.07606173902903966,2026-09-17T15:55:27.500000+00:00,4372.66,4372.92,0.2600000000002183,CONFIRMED_REVERSAL,24.0
SELL,4370.71,0.0014383265906081626,2026-09-17T15:56:07.500000+00:00,4370.71,4370.97,0.2600000000002183,-1.6199999999998909,-2.2999999999992724,0.0,-0.00550603500827665,-0.11287371766973392,1.0,6.0,-0.11287371766973392,2026-09-17T15:56:13.500000+00:00,4371.24,4371.53,0.2899999999999636,CONFIRMED_REVERSAL,6.0
BUY,4372.47,0.0014107736891064242,2026-09-17T15:56:39.500000+00:00,4372.24,4372.47,0.23000000000047294,0.8049999999993815,0.6349999999993088,0.0,-0.031053221074677194,-0.12961344448534756,0.0,6.0,-0.12961344448534756,2026-09-17T15:56:45.500000+00:00,4371.51,4371.78,0.26999999999952706,CONFIRMED_REVERSAL,6.0
BUY,4373.61,0.0013794397210206062,2026-09-17T15:58:17+00:00,4373.28,4373.61,0.32999999999992724,1.389999999999418,0.8799999999991996,0.02376275006255393,0.02376275006255393,-0.09769130581253495,2.5,7.0,-0.0924106946875363,2026-09-17T15:58:24.500000+00:00,4372.91,4373.28,0.36999999999989086,CONFIRMED_REVERSAL,7.5
SELL,4370.72,0.0013582591833339833,2026-09-17T16:00:02+00:00,4370.72,4370.81,0.09000000000014552,-2.8149999999996,-3.149999999999636,0.5095539642622505,0.5095539642622505,-0.011698943057060165,4.5,0.0,0.3730662952634123,2026-09-17T16:00:12+00:00,4367.53,4367.85,0.32000000000061846,CONFIRMED_REVERSAL,10.0
BUY,4372.28,0.0014469317983748409,2026-09-17T16:00:42+00:00,4371.96,4372.28,0.31999999999970896,1.8049999999993815,2.6950000000006185,0.23402175570758113,0.23402175570758113,-0.07477618229706934,20.0,0.5,0.052620276431289685,2026-09-17T16:01:04+00:00,4372.66,4373.09,0.43000000000029104,CONFIRMED_REVERSAL,22.0
SELL,4369.24,0.0014605227389057635,2026-09-17T16:01:42+00:00,4369.24,4369.54,0.3000000000001819,-0.7300000000013824,-0.9350000000004002,0.17751436837794615,0.17751436837794615,-0.05870553914864415,18.0,1.0,0.1104223236367112,2026-09-17T16:02:05+00:00,4368.13,4368.45,0.31999999999970896,CONFIRMED_REVERSAL,23.0
SELL,4366.93,0.0014877169242717841,2026-09-17T16:02:57.500000+00:00,4366.93,4367.23,0.2999999999992724,-1.1149999999997817,-0.7950000000000728,0.00854265803155802,0.00854265803155802,-0.13668252850402185,4.0,10.0,-0.10393567271653387,2026-09-17T16:03:08+00:00,4367.32,4367.66,0.3400000000001455,CONFIRMED_REVERSAL,10.5
BUY,4369.42,0.0014620137987738405,2026-09-17T16:03:36+00:00,4369.09,4369.42,0.32999999999992724,0.7600000000002183,1.6199999999998909,0.0825514965552844,0.0825514965552844,-0.15670792566421476,12.0,3.5,-0.12732518960216654,2026-09-17T16:03:53.500000+00:00,4368.51,4368.83,0.31999999999970896,CONFIRMED_REVERSAL,17.5
SELL,4367.04,0.001432345267492395,2026-09-17T16:04:37+00:00,4367.04,4367.34,0.3000000000001819,-0.8449999999993452,-1.1700000000000728,0.2056176750361259,0.2056176750361259,-0.1425615880250423,19.5,5.0,0.06579765601150045,2026-09-17T16:05:01+00:00,4366.26,4366.56,0.3000000000001819,CONFIRMED_REVERSAL,24.0
SELL,4365.3,0.001448665990834438,2026-09-17T16:05:37+00:00,4365.3,4365.58,0.27999999999974534,-1.5749999999989086,-0.6700000000000728,0.01109123020170483,0.01109123020170483,-0.11923072466838998,13.5,16.0,-0.1164579171180268,2026-09-17T16:05:53.500000+00:00,4365.82,4366.14,0.32000000000061846,CONFIRMED_REVERSAL,16.5
BUY,4367.01,0.0014202334564288675,2026-09-17T16:06:34.500000+00:00,4366.69,4367.01,0.32000000000061846,0.6450000000004366,0.9700000000002547,0.1535888364256811,0.1535888364256811,-0.0774740148342697,26.0,4.5,0.04485337700925548,2026-09-17T16:07:04.500000+00:00,4367.34,4367.73,0.3899999999994179,CONFIRMED_REVERSAL,30.0
BUY,4369.78,0.0014300585866157019,2026-09-17T16:08:09.500000+00:00,4369.49,4369.78,0.2899999999999636,1.819999999999709,2.7399999999997817,0.2463472977519031,0.2463472977519031,-0.09580172690348329,14.0,2.5,0.14917697474976838,2026-09-17T16:08:27+00:00,4370.87,4371.25,0.38000000000010914,CONFIRMED_REVERSAL,17.5
SELL,4368.2,0.0014662601979219564,2026-09-17T16:09:06+00:00,4368.2,4368.52,0.32000000000061846,-1.2049999999999272,-1.2749999999996362,0.1894376431181117,0.1894376431181117,-0.044903737628101785,10.0,0.0,0.12629176207874113,2026-09-17T16:09:21+00:00,4367.0,4367.3,0.3000000000001819,CONFIRMED_REVERSAL,15.0
SELL,4364.98,0.0014975741502539746,2026-09-17T16:10:14.500000+00:00,4364.98,4365.28,0.3000000000001819,-1.0100000000011278,-0.9800000000013824,0.0,-0.04299629732553234,-0.16195271992608928,0.0,4.0,-0.16195271992608928,2026-09-17T16:10:18.500000+00:00,4365.8,4366.11,0.3099999999994907,CONFIRMED_REVERSAL,4.0
SELL,4363.06,0.0014594471163350664,2026-09-17T16:10:40.500000+00:00,4363.06,4363.36,0.2999999999992724,-2.3149999999996,-1.730000000000473,0.0,-0.00977705077101406,-0.08799345693938061,5.0,8.5,-0.06983607693610508,2026-09-17T16:10:49.500000+00:00,4363.23,4363.56,0.33000000000083674,CONFIRMED_REVERSAL,9.0
BUY,4365.05,0.0014420643473912389,2026-09-17T16:11:11.500000+00:00,4364.78,4365.05,0.27000000000043656,1.0449999999991633,1.6599999999998545,0.031741974867448106,0.031741974867448106,-0.11040686910440196,7.5,5.5,-0.0841852376921677,2026-09-17T16:11:30.500000+00:00,4364.44,4364.81,0.37000000000080036,CONFIRMED_REVERSAL,19.0
SELL,4362.41,0.001422772516656889,2026-09-17T16:12:33+00:00,4362.41,4362.71,0.3000000000001819,-1.4400000000005093,-1.730000000000473,0.08714388330638427,0.08714388330638427,-0.0857822601298149,7.0,17.5,-0.0857822601298149,2026-09-17T16:12:50.500000+00:00,4362.68,4363.04,0.3599999999996726,CONFIRMED_REVERSAL,17.5
BUY,4365.57,0.0014012104686993432,2026-09-17T16:14:42.500000+00:00,4365.35,4365.57,0.21999999999934516,1.0900000000001455,2.130000000000109,0.1890792859990616,0.1890792859990616,-0.13141680870852265,20.0,2.5,0.05766247729053894,2026-09-17T16:15:08+00:00,4366.0,4366.36,0.3599999999996726,CONFIRMED_REVERSAL,25.5
BUY,4369.96,0.0014135906131849945,2026-09-17T16:15:46+00:00,4369.62,4369.96,0.3400000000001455,0.8350000000000364,2.9149999999999636,0.0,-0.041937912968902556,-0.1582818005598571,1.5,3.5,-0.15692896465760664,2026-09-17T16:15:50+00:00,4368.8,4369.18,0.38000000000010914,CONFIRMED_REVERSAL,4.0
BUY,4371.3,0.001375645214207323,2026-09-17T16:17:00+00:00,4370.97,4371.3,0.32999999999992724,0.680000000000291,0.805000000000291,0.0,-0.043445204832005334,-0.13165213585459065,0.0,1.5,-0.12770257177898647,2026-09-17T16:17:02+00:00,4370.33,4370.74,0.4099999999998545,CONFIRMED_REVERSAL,2.0
BUY,4371.47,0.0013450670687632181,2026-09-17T16:17:55+00:00,4371.13,4371.47,0.3400000000001455,1.4000000000005457,1.0250000000005457,0.12228945596538676,0.12228945596538676,-0.04762852495493517,13.5,1.5,-0.010298059449709384,2026-09-17T16:18:13.500000+00:00,4371.39,4371.77,0.38000000000010914,CONFIRMED_REVERSAL,18.5
BUY,4375.07,0.0013415007765672858,2026-09-17T16:19:11+00:00,4374.72,4375.07,0.3499999999994543,0.8650000000006912,1.1599999999998545,0.0,-0.010270755317520263,-0.21953739491219992,7.0,10.0,-0.21825355049748071,2026-09-17T16:19:22+00:00,4373.37,4373.78,0.4099999999998545,CONFIRMED_REVERSAL,11.0
SELL,4371.48,0.0012904335992661117,2026-09-17T16:19:48+00:00,4371.48,4371.76,0.28000000000065484,-0.9549999999999272,-1.2550000000001091,0.0,-0.025934413125672816,-0.1346119538427726,1.5,5.5,-0.1346119538427726,2026-09-17T16:19:53.500000+00:00,4372.22,4372.57,0.3499999999994543,CONFIRMED_REVERSAL,5.5
SELL,4372.78,0.001257883407854916,2026-09-17T16:22:39+00:00,4372.78,4373.12,0.3400000000001455,-0.7249999999994543,-1.2050000000008367,0.0,-0.02889170008493248,-0.14927378377180445,0.5,2.0,-0.09871330862330946,2026-09-17T16:22:43.500000+00:00,4373.25,4373.6,0.3500000000003638,CONFIRMED_REVERSAL,4.5
SELL,4369.39,0.0012352527398002114,2026-09-17T16:23:36.500000+00:00,4369.39,4369.7,0.3099999999994907,-1.069999999999709,-1.6299999999991996,0.12294493247881486,0.12294493247881486,-0.04728651249181051,13.0,1.0,0.06738328030096438,2026-09-17T16:23:54.500000+00:00,4368.65,4368.82,0.17000000000007276,CONFIRMED_REVERSAL,18.0
SELL,4366.55,0.0012521808693188806,2026-09-17T16:24:27.500000+00:00,4366.55,4366.8,0.25,-0.6349999999993088,-0.9600000000000364,0.013181997265170423,0.013181997265170423,-0.06830671310094132,16.5,4.0,-0.03355417485658937,2026-09-17T16:24:50+00:00,4366.59,4366.83,0.23999999999978172,CONFIRMED_REVERSAL,22.5
BUY,4368.17,0.0012436899915945258,2026-09-17T16:25:31.500000+00:00,4367.97,4368.17,0.1999999999998181,0.5100000000002183,0.7749999999996362,0.0,-0.007141424636722339,-0.1832965656746465,1.5,4.0,-0.16663324152236655,2026-09-17T16:25:36+00:00,4366.77,4367.13,0.3599999999996726,CONFIRMED_REVERSAL,4.5
BUY,4367.9,0.0012039040984821647,2026-09-17T16:26:27+00:00,4367.71,4367.9,0.18999999999959982,0.4400000000005093,0.9899999999997817,0.0403256526482144,0.0403256526482144,-0.08180346680058267,16.5,19.0,-0.08065130529632403,2026-09-17T16:26:46.500000+00:00,4367.2,4367.45,0.25,CONFIRMED_REVERSAL,19.5
SELL,4364.98,0.001185402779592693,2026-09-17T16:28:15+00:00,4364.98,4365.31,0.33000000000083674,-1.2249999999994543,-1.305000000000291,0.0,-0.034033660605878,-0.11117662464585437,0.5,4.5,-0.08848751757530342,2026-09-17T16:28:21+00:00,4365.55,4365.76,0.21000000000003638,CONFIRMED_REVERSAL,6.0
BUY,4367.12,0.0011636497298123756,2026-09-17T16:29:59+00:00,4366.86,4367.12,0.2600000000002183,0.6199999999998909,0.9349999999994907,0.07238641982492079,0.07238641982492079,-0.13029555568475612,1.0,10.0,-0.09131825270209869,2026-09-17T16:30:10.500000+00:00,4366.3,4366.58,0.27999999999974534,CONFIRMED_REVERSAL,11.5
BUY,4368.17,0.0011415257946036116,2026-09-17T16:30:45.500000+00:00,4367.9,4368.17,0.27000000000043656,0.9549999999999272,1.5299999999997453,0.1147087365351409,0.1147087365351409,-0.07647249102339414,13.0,17.0,-0.07647249102339414,2026-09-17T16:31:02.500000+00:00,4367.47,4367.77,0.3000000000001819,CONFIRMED_REVERSAL,17.0
SELL,4365.45,0.0011239326815314472,2026-09-17T16:31:35.500000+00:00,4365.45,4365.68,0.23000000000047294,-1.8149999999995998,-2.7449999999989814,0.0,-0.0010756271788353857,-0.07959641123205764,1.0,5.5,-0.07959641123205764,2026-09-17T16:31:41+00:00,4365.86,4366.19,0.32999999999992724,CONFIRMED_REVERSAL,5.5
BUY,4366.89,0.0011045162360760552,2026-09-17T16:32:20.500000+00:00,4366.66,4366.89,0.23000000000047294,1.0099999999993088,0.9699999999993452,0.051795216405498314,0.051795216405498314,-0.05073817117280562,2.5,8.5,-0.05073817117280562,2026-09-17T16:32:29+00:00,4366.41,4366.62,0.21000000000003638,CONFIRMED_REVERSAL,8.5
BUY,4369.28,0.0010917780794150267,2026-09-17T16:33:17.500000+00:00,4368.98,4369.28,0.3000000000001819,1.4349999999994907,2.274999999999636,0.0,-0.008358836394711184,-0.16508701879568843,6.0,10.5,-0.14523478235817808,2026-09-17T16:33:28.500000+00:00,4367.89,4368.22,0.32999999999992724,CONFIRMED_REVERSAL,11.0
SELL,4365.44,0.0010579751351038802,2026-09-17T16:33:50.500000+00:00,4365.44,4365.77,0.33000000000083674,-2.015000000001237,-2.355000000000473,0.015187566326546923,0.015187566326546923,-0.1002379377555228,3.0,4.5,-0.1002379377555228,2026-09-17T16:33:55+00:00,4366.13,4366.43,0.3000000000001819,CONFIRMED_REVERSAL,4.5
BUY,4368.0,0.001033376244370996,2026-09-17T16:34:27+00:00,4367.68,4368.0,0.31999999999970896,1.1900000000005093,0.9549999999999272,0.3886623673383495,0.3886623673383495,-0.03659162237026368,34.0,1.5,0.3095453459971976,2026-09-17T16:35:06+00:00,4371.13,4371.46,0.32999999999992724,CONFIRMED_REVERSAL,39.0
SELL,4371.07,0.0011066476171510988,2026-09-17T16:35:46+00:00,4371.07,4371.39,0.32000000000061846,-0.7000000000007276,-2.335000000000946,0.10273124589364614,0.10273124589364614,-0.055072420479151445,12.5,0.5,0.029654380257952757,2026-09-17T16:36:02+00:00,4370.57,4370.79,0.22000000000025466,CONFIRMED_REVERSAL,16.0
SELL,4369.41,0.0011141596538619333,2026-09-17T16:36:34.500000+00:00,4369.41,4369.58,0.17000000000007276,-0.6649999999999636,-1.5999999999994543,0.32308107838784905,0.32308107838784905,-0.018126661163683982,1.5,0.0,0.19299562768379253,2026-09-17T16:36:42+00:00,4367.35,4367.6,0.25,CONFIRMED_REVERSAL,7.5
BUY,4370.01,0.001160153690845059,2026-09-17T16:37:39+00:00,4369.75,4370.01,0.2600000000002183,1.144999999999527,1.8900000000003274,0.0011102914453904645,0.0011102914453904645,-0.2031833345020119,3.5,4.5,-0.20207304305672238,2026-09-17T16:37:44.500000+00:00,4368.19,4368.49,0.3000000000001819,CONFIRMED_REVERSAL,5.5
SELL,4363.29,0.001113548551390339,2026-09-17T16:38:54+00:00,4363.29,4363.53,0.23999999999978172,-1.1599999999998545,-1.2200000000002547,0.0,-0.003197068044573262,-0.16731322766738996,7.0,10.0,-0.16731322766738996,2026-09-17T16:39:04+00:00,4364.45,4364.86,0.4099999999998545,CONFIRMED_REVERSAL,10.0
SELL,4363.3,0.0010734783618425797,2026-09-17T16:39:35+00:00,4363.3,4363.6,0.3000000000001819,-0.7599999999993088,-2.0349999999998545,0.0,-0.030820240059887108,-0.08835135483825585,0.0,2.5,-0.08835135483825585,2026-09-17T16:39:37.500000+00:00,4363.83,4364.16,0.32999999999992724,CONFIRMED_REVERSAL,2.5
SELL,4361.3,0.001052802833354571,2026-09-17T16:40:01.500000+00:00,4361.3,4361.6,0.3000000000001819,-0.714999999999236,-1.6249999999990905,0.1239291937067661,0.1239291937067661,-0.03929462239475452,8.0,1.0,-0.015113316305660717,2026-09-17T16:40:13.500000+00:00,4361.11,4361.45,0.3400000000001455,CONFIRMED_REVERSAL,12.0
BUY,4360.77,0.0010493094005437173,2026-09-17T16:42:55.500000+00:00,4360.51,4360.77,0.2600000000002183,0.535000000000764,1.4000000000005457,0.0,-0.02610948942728339,-0.09238742412724021,0.0,2.5,-0.08636215733638486,2026-09-17T16:42:58.500000+00:00,4359.91,4360.09,0.18000000000029104,CONFIRMED_REVERSAL,3.0
SELL,4356.28,0.0010296758578792445,2026-09-17T16:43:21.500000+00:00,4356.28,4356.6,0.32000000000061846,-0.7150000000001455,-2.9399999999986903,0.0,-0.031533485413931424,-0.20004054809430538,0.0,4.0,-0.20004054809430538,2026-09-17T16:43:25.500000+00:00,4357.9,4358.31,0.410000000000764,CONFIRMED_REVERSAL,4.0
SELL,4355.48,0.0009818739029940763,2026-09-17T16:45:06.500000+00:00,4355.48,4355.8,0.32000000000061846,-2.3150000000005093,-2.5450000000000728,0.0,-0.017853804945876444,-0.16256359240153628,9.5,14.0,-0.16256359240153628,2026-09-17T16:45:20.500000+00:00,4356.86,4357.21,0.3500000000003638,CONFIRMED_REVERSAL,14.0
BUY,4360.23,0.0009418466369422355,2026-09-17T16:45:53.500000+00:00,4359.98,4360.23,0.25,1.2449999999989814,2.3499999999994543,0.02253417525832738,0.02253417525832738,-0.10996677526057858,1.0,5.5,-0.10996677526057858,2026-09-17T16:45:59+00:00,4359.01,4359.23,0.21999999999934516,CONFIRMED_REVERSAL,5.5
BUY,4362.5,0.0009150172314241208,2026-09-17T16:46:30.500000+00:00,4362.2,4362.5,0.3000000000001819,2.1149999999997817,2.6350000000002183,0.5464310004408608,0.5464310004408608,-0.04816298882092682,79.0,1.5,0.4212072295065467,2026-09-17T16:47:54+00:00,4367.31,4367.71,0.3999999999996362,CONFIRMED_REVERSAL,83.5
SELL,4364.59,0.0010154186213144315,2026-09-17T16:48:17.500000+00:00,4364.59,4364.89,0.3000000000001819,-1.264999999999418,-2.7650000000003274,0.0,-0.0029153308331421285,-0.10786724082714257,2.5,5.5,-0.10786724082714257,2026-09-17T16:48:23+00:00,4365.36,4365.7,0.3400000000001455,CONFIRMED_REVERSAL,5.5
BUY,4367.15,0.0009890144587286632,2026-09-17T16:49:23+00:00,4366.85,4367.15,0.2999999999992724,0.9850000000005821,0.5300000000006548,0.0,-0.02650221297657089,-0.10032980626848997,0.5,3.0,-0.0738275932919191,2026-09-17T16:49:27+00:00,4366.37,4366.58,0.21000000000003638,CONFIRMED_REVERSAL,4.0
BUY,4369.75,0.0009707720958077843,2026-09-17T16:50:27.500000+00:00,4369.44,4369.75,0.3100000000004002,0.8149999999995998,0.9099999999998545,0.0,-0.005574295691449548,-0.08175633680739156,3.5,7.5,-0.06317535116936723,2026-09-17T16:50:35.500000+00:00,4369.07,4369.4,0.32999999999992724,CONFIRMED_REVERSAL,8.0
BUY,4371.38,0.0009553090472896653,2026-09-17T16:51:05+00:00,4371.06,4371.38,0.31999999999970896,1.0700000000006185,1.9200000000009823,0.017370765575141268,0.017370765575141268,-0.06125480492300224,5.5,16.5,-0.06125480492300224,2026-09-17T16:51:21.500000+00:00,4370.71,4371.09,0.38000000000010914,CONFIRMED_REVERSAL,16.5
SELL,4368.02,0.0009413906431226676,2026-09-17T16:52:05.500000+00:00,4368.02,4368.32,0.2999999999992724,-0.8500000000003638,-1.1300000000001091,0.0,-0.026126987825481778,-0.07838096347644533,0.5,2.0,-0.06576793487100926,2026-09-17T16:52:08.500000+00:00,4368.5,4368.75,0.25,CONFIRMED_REVERSAL,3.0
SELL,4367.17,0.0009258379316639267,2026-09-17T16:53:05+00:00,4367.17,4367.48,0.3099999999994907,-0.6950000000006185,-0.6000000000003638,0.03101162201199523,0.03101162201199523,-0.027467436639122097,13.0,0.0,-0.016834880520744454,2026-09-17T16:53:19.500000+00:00,4367.15,4367.36,0.21000000000003638,CONFIRMED_REVERSAL,14.5
SELL,4366.9,0.0009218669351996155,2026-09-17T16:54:17+00:00,4366.9,4367.14,0.24000000000069122,-1.1149999999997817,-1.3850000000002183,0.03617208666384568,0.03617208666384568,-0.16939123510880727,2.0,7.5,-0.16939123510880727,2026-09-17T16:54:24.500000+00:00,4368.6,4368.82,0.21999999999934516,CONFIRMED_REVERSAL,7.5
SELL,4366.27,0.0008814622704882749,2026-09-17T16:54:58+00:00,4366.27,4366.6,0.32999999999992724,-0.7650000000003274,-2.4749999999994543,0.0,-0.021089447589123983,-0.0902628356814261,0.5,3.0,-0.0902628356814261,2026-09-17T16:55:01+00:00,4367.04,4367.34,0.3000000000001819,CONFIRMED_REVERSAL,3.0
BUY,4369.5,0.0008592254960115877,2026-09-17T16:56:20.500000+00:00,4369.2,4369.5,0.3000000000001819,2.055000000000291,1.7950000000000728,0.03124728004991219,0.03124728004991219,-0.057560779039280446,5.0,7.5,-0.057560779039280446,2026-09-17T16:56:28+00:00,4368.8,4369.16,0.3599999999996726,CONFIRMED_REVERSAL,7.5
SELL,4366.85,0.0008459736469312684,2026-09-17T16:57:05.500000+00:00,4366.85,4367.2,0.3499999999994543,-1.5799999999999272,-2.0150000000003274,0.0,-0.00404807272774014,-0.103630661831635,1.0,6.5,-0.103630661831635,2026-09-17T16:57:12+00:00,4367.8,4368.13,0.32999999999992724,CONFIRMED_REVERSAL,6.5
SELL,4366.49,0.0008212443846876173,2026-09-17T16:57:34+00:00,4366.49,4366.83,0.3400000000001455,-1.3100000000004002,-0.8350000000009459,0.0,-0.00864542934510516,-0.04558499109212572,2.0,3.5,-0.04558499109212572,2026-09-17T16:57:37.500000+00:00,4366.8,4367.07,0.26999999999952706,CONFIRMED_REVERSAL,3.5
SELL,4365.13,0.0008105882800701793,2026-09-17T16:58:09+00:00,4365.13,4365.4,0.26999999999952706,-0.8400000000001455,-1.8000000000010914,0.00930900007656405,0.00930900007656405,-0.05042375041473957,3.0,14.0,-0.05042375041473957,2026-09-17T16:58:23+00:00,4365.42,4365.78,0.3599999999996726,CONFIRMED_REVERSAL,14.0
SELL,4365.4,0.0007984686353548878,2026-09-17T17:00:25+00:00,4365.4,4365.74,0.3400000000001455,-2.375,-0.8950000000004366,0.036679260090013203,0.036679260090013203,-0.08329248645449187,11.5,2.5,-0.019103781296899252,2026-09-17T17:00:41.500000+00:00,4365.31,4365.65,0.339999999999236,CONFIRMED_REVERSAL,16.5
BUY,4368.21,0.0007933852229847806,2026-09-17T17:01:47.500000+00:00,4367.97,4368.21,0.23999999999978172,2.0900000000001455,2.1849999999994907,0.0,-0.01822287166765025,-0.09339221729682838,0.0,4.0,-0.09339221729682838,2026-09-17T17:01:51.500000+00:00,4366.98,4367.27,0.2900000000008731,CONFIRMED_REVERSAL,4.0
BUY,4369.94,0.0007707398459629202,2026-09-17T17:03:44+00:00,4369.7,4369.94,0.23999999999978172,0.9249999999992724,1.639999999999418,0.0014752284362787606,0.0014752284362787606,-0.05605868057731828,2.0,6.0,-0.05605868057731828,2026-09-17T17:03:50.500000+00:00,4369.18,4369.51,0.32999999999992724,CONFIRMED_REVERSAL,6.5
SELL,4367.83,0.0007577013423539959,2026-09-17T17:05:09+00:00,4367.83,4368.17,0.3400000000001455,-1.0300000000006548,-1.5599999999994907,0.023204355083529728,0.023204355083529728,-0.08049010669604321,4.5,1.0,-0.030455716047165744,2026-09-17T17:05:17.500000+00:00,4367.99,4368.25,0.2600000000002183,CONFIRMED_REVERSAL,8.5
BUY,4369.41,0.0007501441150624821,2026-09-17T17:05:52.500000+00:00,4369.11,4369.41,0.3000000000001819,1.139999999999418,0.9650000000001455,0.37330990899341704,0.37330990899341704,-0.03374147254365523,31.5,1.0,0.25700951426854857,2026-09-17T17:06:38.500000+00:00,4372.99,4373.3,0.3100000000004002,CONFIRMED_REVERSAL,46.0
BUY,4375.52,0.0008104725360614293,2026-09-17T17:07:00.500000+00:00,4375.2,4375.52,0.32000000000061846,0.9700000000011642,1.5500000000010914,0.10316001851222235,0.10316001851222235,-0.024820455581937413,16.0,0.0,0.055846025059200465,2026-09-17T17:07:22+00:00,4376.24,4376.49,0.25,CONFIRMED_REVERSAL,21.5
SELL,4373.76,0.0008241405137876565,2026-09-17T17:07:44.500000+00:00,4373.76,4374.06,0.3000000000001819,-0.6000000000003638,-1.4249999999992724,0.0,-0.018140554908813833,-0.08912533498695879,0.5,2.0,-0.08597045587237935,2026-09-17T17:07:47+00:00,4374.49,4374.85,0.3600000000005821,CONFIRMED_REVERSAL,2.5
BUY,4376.27,0.0008031409162554055,2026-09-17T17:08:33+00:00,4375.98,4376.27,0.2900000000008731,1.324999999999818,1.4600000000000364,0.0,-0.022290058961721378,-0.06456430871652699,0.0,1.5,-0.04996047698306013,2026-09-17T17:08:36+00:00,4375.62,4376.03,0.4099999999998545,CONFIRMED_REVERSAL,3.0
BUY,4379.24,0.0007906753998466363,2026-09-17T17:09:17.500000+00:00,4378.93,4379.24,0.3099999999994907,0.9949999999998909,0.9650000000001455,0.0,-0.017403938122209403,-0.0650755947179252,0.5,3.5,-0.0628055158324346,2026-09-17T17:09:21.500000+00:00,4378.41,4378.72,0.3100000000004002,CONFIRMED_REVERSAL,4.0
SELL,4377.39,0.0007760175081126197,2026-09-17T17:09:48.500000+00:00,4377.39,4377.72,0.32999999999992724,-1.2099999999991269,-2.344999999999345,0.04753056330443696,0.04753056330443696,-0.051986553614187817,22.0,7.5,-0.008911980619569264,2026-09-17T17:10:15.500000+00:00,4377.21,4377.51,0.3000000000001819,CONFIRMED_REVERSAL,27.0
SELL,4376.34,0.0007740758418540926,2026-09-17T17:10:51.500000+00:00,4376.34,4376.65,0.3099999999994907,-0.6400000000003274,-1.2100000000000364,0.11556586645456875,0.11556586645456875,-0.05333809220980614,17.5,1.5,0.054078899046069356,2026-09-17T17:11:13+00:00,4375.34,4375.61,0.26999999999952706,CONFIRMED_REVERSAL,21.5
SELL,4373.28,0.0007875385537160087,2026-09-17T17:11:36+00:00,4373.28,4373.59,0.3100000000004002,-1.5799999999999272,-1.735000000000582,0.027132873631745862,0.027132873631745862,-0.07235432968472419,3.5,13.5,-0.05426574726356027,2026-09-17T17:11:50.500000+00:00,4373.72,4374.0,0.27999999999974534,CONFIRMED_REVERSAL,14.5
SELL,4369.41,0.000775258863399764,2026-09-17T17:12:13+00:00,4369.41,4369.64,0.23000000000047294,-0.9350000000004002,-3.5200000000004366,0.06009706002944836,0.06009706002944836,-0.022258170381304666,10.5,1.0,-0.0022258170381102226,2026-09-17T17:12:29+00:00,4369.23,4369.44,0.21000000000003638,CONFIRMED_REVERSAL,16.0
BUY,4371.59,0.0007743402409048878,2026-09-17T17:13:06+00:00,4371.25,4371.59,0.3400000000001455,1.3999999999996362,1.4600000000000364,0.0,-0.01111589807540599,-0.08596294511614946,5.5,6.5,-0.07114174768234222,2026-09-17T17:13:13.500000+00:00,4370.63,4370.91,0.27999999999974534,CONFIRMED_REVERSAL,7.5
SELL,4371.28,0.0007573894581473864,2026-09-17T17:14:49.500000+00:00,4371.28,4371.55,0.27000000000043656,-1.050000000000182,-1.4149999999999636,0.0,0.0,-0.06016152217992533,5.0,8.0,-0.04711444508070809,2026-09-17T17:14:59.500000+00:00,4371.66,4371.93,0.27000000000043656,CONFIRMED_REVERSAL,10.0
BUY,4372.11,0.000745985594102367,2026-09-17T17:16:16+00:00,4371.77,4372.11,0.339999999999236,0.9600000000009459,2.1850000000004,0.0028556955170111684,0.0028556955170111684,-0.059255681978030446,9.0,12.0,-0.04997467154772792,2026-09-17T17:16:28.500000+00:00,4371.41,4371.69,0.27999999999974534,CONFIRMED_REVERSAL,12.5
SELL,4368.48,0.0007346518890423581,2026-09-17T17:17:33+00:00,4368.48,4368.74,0.2600000000002183,-1.4750000000003638,-1.5050000000001091,0.033747709704123226,0.033747709704123226,-0.01828000942309872,25.0,0.0,-0.017576932137580166,2026-09-17T17:18:00.500000+00:00,4368.36,4368.73,0.36999999999989086,CONFIRMED_REVERSAL,27.5
BUY,4368.97,0.0007303656896288425,2026-09-17T17:19:07.500000+00:00,4368.76,4368.97,0.21000000000003638,0.555000000000291,1.1149999999997817,0.04822929588311766,0.04822929588311766,-0.05242314769907134,9.0,2.5,-0.04263749346195204,2026-09-17T17:19:21+00:00,4368.36,4368.64,0.28000000000065484,CONFIRMED_REVERSAL,13.5
SELL,4367.35,0.0007204353852909282,2026-09-17T17:20:24+00:00,4367.35,4367.61,0.2599999999993088,-1.0799999999999272,-2.0,0.019305210200307413,0.019305210200307413,-0.05033144087922509,5.5,9.0,-0.04619461012206115,2026-09-17T17:20:35+00:00,4367.64,4368.02,0.38000000000010914,CONFIRMED_REVERSAL,11.0
SELL,4365.73,0.0007096463384441577,2026-09-17T17:20:58.500000+00:00,4365.73,4365.86,0.13000000000010914,-2.069999999999709,-1.5349999999998545,0.0,-0.004074878690812175,-0.05229427653177045,5.0,14.0,-0.05229427653177045,2026-09-17T17:21:12.500000+00:00,4366.21,4366.5,0.2899999999999636,CONFIRMED_REVERSAL,14.0
BUY,4367.27,0.0006968842185336797,2026-09-17T17:21:35.500000+00:00,4366.95,4367.27,0.32000000000061846,0.6750000000010914,1.1050000000013824,0.0,-0.015339455129253918,-0.028678111763348203,2.0,1.0,-0.02067491778289163,2026-09-17T17:21:38.500000+00:00,4366.96,4367.27,0.3100000000004002,CONFIRMED_REVERSAL,3.0
BUY,4367.9,0.0006918377550541427,2026-09-17T17:22:03+00:00,4367.63,4367.9,0.26999999999952706,0.7599999999993088,0.6749999999992724,0.04369881517190885,0.04369881517190885,-0.017876788024819797,5.0,0.0,-0.011917858683193124,2026-09-17T17:22:11.500000+00:00,4367.72,4367.96,0.23999999999978172,CONFIRMED_REVERSAL,8.5
BUY,4370.52,0.0006885736824702886,2026-09-17T17:23:43.500000+00:00,4370.31,4370.52,0.21000000000003638,0.9800000000013824,0.9800000000013824,0.0,-0.013838568957601757,-0.09555202375490066,0.0,3.5,-0.09555202375490066,2026-09-17T17:23:47+00:00,4369.07,4369.32,0.25,CONFIRMED_REVERSAL,3.5
BUY,4370.18,0.000665780784029899,2026-09-17T17:24:32+00:00,4369.94,4370.18,0.24000000000069122,0.6099999999987631,0.7549999999991996,0.017840653367949957,0.017840653367949957,-0.048424630570207836,6.5,18.5,-0.047150298186811816,2026-09-17T17:24:51.500000+00:00,4369.44,4369.78,0.3400000000001455,CONFIRMED_REVERSAL,19.5
SELL,4368.92,0.0006546959176944258,2026-09-17T17:25:22+00:00,4368.92,4369.12,0.1999999999998181,-0.9200000000000728,-0.6649999999990541,0.010024923869556276,0.010024923869556276,-0.07205414031247848,7.0,12.5,-0.07205414031247848,2026-09-17T17:25:34.500000+00:00,4369.73,4370.07,0.3400000000001455,CONFIRMED_REVERSAL,12.5
BUY,4372.21,0.0006369831408369384,2026-09-17T17:26:02+00:00,4371.9,4372.21,0.3100000000004002,1.6450000000004366,1.985000000000582,0.0,-0.004267243696970611,-0.0487684993941637,7.5,9.5,-0.037185980788021405,2026-09-17T17:26:12.500000+00:00,4371.6,4371.8,0.1999999999998181,CONFIRMED_REVERSAL,10.5
BUY,4372.33,0.0006280788702151108,2026-09-17T17:26:44.500000+00:00,4372.06,4372.33,0.26999999999952706,0.75,0.7799999999997453,0.03005423342260678,0.03005423342260678,-0.016229286048179234,2.0,0.0,0.009016270026760167,2026-09-17T17:26:52.500000+00:00,4372.48,4372.66,0.18000000000029104,CONFIRMED_REVERSAL,8.0
SELL,4370.88,0.0006304426727937651,2026-09-17T17:27:16+00:00,4370.88,4371.07,0.18999999999959982,-1.0100000000002183,-1.3049999999993815,0.09412211283694699,0.09412211283694699,-0.01146359066601133,14.0,0.0,0.03921754701541745,2026-09-17T17:27:36+00:00,4370.0,4370.23,0.22999999999956344,CONFIRMED_REVERSAL,20.0
SELL,4367.77,0.0006402736507170591,2026-09-17T17:28:13+00:00,4367.77,4367.99,0.21999999999934516,-0.9650000000001455,-1.5549999999993815,0.07169237354950266,0.07169237354950266,-0.01960817054343467,9.0,0.5,0.023284702520356533,2026-09-17T17:28:27+00:00,4367.14,4367.39,0.25,CONFIRMED_REVERSAL,14.0
SELL,4366.98,0.0006459609254266577,2026-09-17T17:30:01+00:00,4366.98,4367.22,0.24000000000069122,-0.5100000000002183,-1.0949999999993452,0.07665657318076693,0.07665657318076693,-0.02349153049089107,16.0,1.0,0.02967351219898479,2026-09-17T17:30:21+00:00,4366.28,4366.5,0.22000000000025466,CONFIRMED_REVERSAL,20.0
BUY,4366.74,0.000653096947961218,2026-09-17T17:30:54+00:00,4366.5,4366.74,0.23999999999978172,0.9650000000001455,2.019999999999527,0.026876182252114283,0.026876182252114283,-0.02000087981549518,5.5,9.0,-0.006875302436562257,2026-09-17T17:31:03.500000+00:00,4366.63,4366.89,0.2600000000002183,CONFIRMED_REVERSAL,9.5
SELL,4365.39,0.0006516532314667407,2026-09-17T17:31:58.500000+00:00,4365.39,4365.66,0.26999999999952706,-1.0100000000002183,-0.6050000000004729,0.17212624831591636,0.17212624831591636,-0.031182291361576586,33.5,3.0,0.1384493736454159,2026-09-17T17:32:35.500000+00:00,4362.91,4363.17,0.2600000000002183,CONFIRMED_REVERSAL,37.0
BUY,4364.08,0.0006849983312629986,2026-09-17T17:32:57.500000+00:00,4363.86,4364.08,0.22000000000025466,0.7699999999995271,1.7899999999990541,0.05375573861463991,0.05375573861463991,-0.014422271335656912,26.5,0.0,0.012455597971722666,2026-09-17T17:33:28.500000+00:00,4364.27,4364.56,0.2899999999999636,CONFIRMED_REVERSAL,31.0
BUY,4366.1,0.0006876623269719564,2026-09-17T17:34:22+00:00,4365.89,4366.1,0.21000000000003638,1.1000000000003638,1.035000000000764,0.07370801623594803,0.07370801623594803,-0.01974321863464283,23.5,10.5,0.0026324291512817206,2026-09-17T17:34:49+00:00,4366.14,4366.46,0.31999999999970896,CONFIRMED_REVERSAL,27.0
BUY,4368.09,0.0006879787584734148,2026-09-17T17:35:37.500000+00:00,4367.8,4368.09,0.2899999999999636,0.9149999999999636,1.2549999999991996,0.0,-0.019093893462974198,-0.1053456191061017,0.0,17.5,-0.1053456191061017,2026-09-17T17:35:55+00:00,4366.49,4366.76,0.27000000000043656,CONFIRMED_REVERSAL,17.5
SELL,4363.89,0.0006634164779003025,2026-09-17T17:37:09+00:00,4363.89,4364.24,0.3499999999994543,-1.9749999999994543,-2.769999999999527,0.0,-0.011428263019699991,-0.03682440306359965,1.5,7.0,-0.03555459606137868,2026-09-17T17:37:16.500000+00:00,4364.21,4364.45,0.23999999999978172,CONFIRMED_REVERSAL,7.5
BUY,4365.08,0.0006547245894650174,2026-09-17T17:37:50+00:00,4364.79,4365.08,0.2899999999999636,0.6499999999996362,0.8149999999995998,0.0,-0.01817097025869533,-0.038848281242725984,0.0,1.0,-0.03696852569873874,2026-09-17T17:37:53.500000+00:00,4364.49,4364.65,0.15999999999985448,CONFIRMED_REVERSAL,3.5
SELL,4364.07,0.000646024573437986,2026-09-17T17:38:18.500000+00:00,4364.07,4364.34,0.27000000000043656,-0.7950000000000728,-1.3649999999997817,0.0049460726663650605,0.0049460726663650605,-0.032767731414738814,4.5,10.0,-0.032767731414738814,2026-09-17T17:38:28.500000+00:00,4364.2,4364.6,0.4000000000005457,CONFIRMED_REVERSAL,10.0
SELL,4363.01,0.0006383338928426083,2026-09-17T17:38:58+00:00,4363.01,4363.35,0.3400000000001455,-1.144999999999527,-1.4699999999993452,0.0,-0.013439776690126764,-0.04337382477281315,7.0,8.5,-0.03909753218954049,2026-09-17T17:39:07.500000+00:00,4363.33,4363.65,0.31999999999970896,CONFIRMED_REVERSAL,9.5
BUY,4363.79,0.000628857893865043,2026-09-17T17:40:50.500000+00:00,4363.64,4363.79,0.1499999999996362,0.8350000000000364,1.0249999999996362,0.003610981262691788,0.003610981262691788,-0.05115556788781436,4.5,12.0,-0.049350077256441104,2026-09-17T17:41:05+00:00,4362.97,4363.1,0.13000000000010914,CONFIRMED_REVERSAL,14.5
SELL,4362.53,0.0006172192377754188,2026-09-17T17:42:02+00:00,4362.53,4362.81,0.28000000000065484,-0.6549999999997453,-0.930000000000291,0.04312049936729426,0.04312049936729426,-0.05257156772182049,22.0,26.5,-0.04607395822813407,2026-09-17T17:42:29.500000+00:00,4362.98,4363.31,0.33000000000083674,CONFIRMED_REVERSAL,27.5
SELL,4359.74,0.0006065715709711758,2026-09-17T17:43:11.500000+00:00,4359.74,4360.05,0.3100000000004002,-1.1349999999993088,-2.5349999999998545,0.0,-0.006385519045680251,-0.06501619391930309,2.0,3.0,-0.04702064024523809,2026-09-17T17:43:18+00:00,4360.18,4360.55,0.36999999999989086,CONFIRMED_REVERSAL,6.5
BUY,4361.67,0.0005950386075923147,2026-09-17T17:44:36.500000+00:00,4361.36,4361.67,0.3100000000004002,1.0299999999988358,1.5450000000000728,0.0,-0.01765339774159753,-0.050112871008347416,0.0,3.0,-0.050112871008347416,2026-09-17T17:44:40.500000+00:00,4360.79,4361.12,0.32999999999992724,CONFIRMED_REVERSAL,4.0
BUY,4361.92,0.0005829998363356093,2026-09-17T17:45:23+00:00,4361.63,4361.92,0.2899999999999636,0.6649999999990541,0.9949999999989814,0.04630927616868446,0.04630927616868446,-0.02845509740486898,13.0,2.5,-0.007253260122812725,2026-09-17T17:45:41+00:00,4361.79,4362.07,0.27999999999974534,CONFIRMED_REVERSAL,18.0
SELL,4362.31,0.0005812103331117357,2026-09-17T17:46:38.500000+00:00,4362.31,4362.66,0.3499999999994543,-0.7249999999994543,-1.7849999999998545,0.02391791125082802,0.02391791125082802,-0.03337382965226523,10.5,1.0,0.0,2026-09-17T17:46:54.500000+00:00,4361.92,4362.31,0.3900000000003274,CONFIRMED_REVERSAL,16.0
SELL,4360.6,0.0005814382535056313,2026-09-17T17:47:48+00:00,4360.6,4360.94,0.339999999999236,-0.819999999999709,-1.144999999999527,0.053419067405590444,0.053419067405590444,-0.037282057460154304,10.5,13.0,-0.037282057460154304,2026-09-17T17:48:01+00:00,4360.87,4361.27,0.4000000000005457,CONFIRMED_REVERSAL,13.0
SELL,4359.18,0.0005726910302515043,2026-09-17T17:49:00+00:00,4359.18,4359.51,0.32999999999992724,-0.7349999999996726,-0.9049999999997453,0.04494234208194454,0.04494234208194454,-0.02082693901357433,12.0,5.5,0.0027403867123215937,2026-09-17T17:49:20.500000+00:00,4358.76,4359.13,0.36999999999989086,CONFIRMED_REVERSAL,20.5
BUY,4361.16,0.0005730876052249934,2026-09-17T17:49:46+00:00,4360.93,4361.16,0.22999999999956344,1.2399999999997817,1.175000000000182,0.03784352423978989,0.03784352423978989,-0.040585808604950126,22.5,1.5,-0.007129939349526355,2026-09-17T17:50:13+00:00,4361.03,4361.33,0.3000000000001819,CONFIRMED_REVERSAL,27.0
SELL,4360.21,0.0005715038040679502,2026-09-17T17:50:49.500000+00:00,4360.21,4360.47,0.2600000000002183,-0.7749999999996362,-0.7950000000000728,0.0,-0.006016352562784144,-0.03719199766097406,0.5,4.0,-0.03336340966642983,2026-09-17T17:50:55.500000+00:00,4360.51,4360.82,0.3099999999994907,CONFIRMED_REVERSAL,6.0
BUY,4361.54,0.0005633365438553779,2026-09-17T17:51:45.500000+00:00,4361.33,4361.54,0.21000000000003638,0.49499999999898137,0.9849999999987631,0.019408496491314983,0.019408496491314983,-0.0264171202243021,6.0,10.5,-0.0264171202243021,2026-09-17T17:51:56+00:00,4361.05,4361.4,0.3499999999994543,CONFIRMED_REVERSAL,10.5
BUY,4360.03,0.0005572006107384725,2026-09-17T17:52:42+00:00,4359.89,4360.03,0.13999999999941792,0.6649999999999636,1.1150000000006912,0.0,-0.0031995161141101028,-0.05172551051185082,20.0,31.0,-0.045859730969283294,2026-09-17T17:53:14+00:00,4359.17,4359.41,0.23999999999978172,CONFIRMED_REVERSAL,32.0
SELL,4357.18,0.0005465673041542008,2026-09-17T17:53:37+00:00,4357.18,4357.48,0.2999999999992724,-1.5499999999992724,-2.3700000000008004,0.0643383957226665,0.0643383957226665,-0.01987690274358609,23.0,5.5,0.01464613886372506,2026-09-17T17:54:03.500000+00:00,4356.6,4356.9,0.2999999999992724,CONFIRMED_REVERSAL,26.5
BUY,4357.67,0.0005500177872190767,2026-09-17T17:54:33+00:00,4357.43,4357.67,0.23999999999978172,0.6199999999998909,1.4700000000002547,0.051585100128711446,0.051585100128711446,-0.012633085745801022,3.0,0.0,0.01631773575498102,2026-09-17T17:54:41.500000+00:00,4357.98,4358.3,0.32000000000061846,CONFIRMED_REVERSAL,8.5
SELL,4354.13,0.0005543809124290508,2026-09-17T17:56:12+00:00,4354.13,4354.44,0.3099999999994907,-0.6999999999998181,-1.5,0.003713879226340897,0.003713879226340897,-0.03926100896432685,1.5,6.5,-0.03926100896432685,2026-09-17T17:56:18.500000+00:00,4354.54,4354.87,0.32999999999992724,CONFIRMED_REVERSAL,6.5
SELL,4354.71,0.0005448864275037742,2026-09-17T17:56:57.500000+00:00,4354.71,4354.94,0.22999999999956344,-0.8249999999998181,-1.6700000000000728,0.0062576130448273835,0.0062576130448273835,-0.028159258701746934,2.5,6.0,-0.025030452179309534,2026-09-17T17:57:04+00:00,4354.86,4355.19,0.32999999999992724,CONFIRMED_REVERSAL,6.5
SELL,4353.47,0.0005390338801449922,2026-09-17T17:58:39+00:00,4353.47,4353.56,0.09000000000014552,-0.6999999999998181,-0.964999999999236,0.04849147384298889,0.04849147384298889,-0.004642800687099672,8.5,0.0,0.017023602519334186,2026-09-17T17:58:57+00:00,4352.96,4353.14,0.18000000000029104,CONFIRMED_REVERSAL,18.0
SELL,4352.97,0.0005431822282808246,2026-09-17T18:00:21+00:00,4352.97,4353.27,0.3000000000001819,-0.7449999999989814,-0.8599999999987631,0.0629002527142786,0.0629002527142786,-0.03274971835537289,15.0,2.5,0.00051983679930289,2026-09-17T18:00:52+00:00,4352.66,4352.96,0.3000000000001819,CONFIRMED_REVERSAL,31.0
SELL,4352.0,0.0005434281081038305,2026-09-17T18:01:40+00:00,4352.0,4352.34,0.3400000000001455,-0.7100000000000364,-0.7399999999997817,0.00988137011744627,0.00988137011744627,-0.03796526413550872,32.0,41.5,-0.03796526413550872,2026-09-17T18:02:22+00:00,4352.38,4352.73,0.3499999999994543,CONFIRMED_REVERSAL,42.0
BUY,4354.83,0.0005339654761669985,2026-09-17T18:02:54+00:00,4354.57,4354.83,0.2600000000002183,1.2349999999996726,1.0,0.12622099496981684,0.12622099496981684,-0.028616905742115728,50.5,2.5,0.10833542888095965,2026-09-17T18:03:50.500000+00:00,4356.95,4357.29,0.3400000000001455,CONFIRMED_REVERSAL,56.5
SELL,4355.7,0.0005598479131996467,2026-09-17T18:04:16+00:00,4355.7,4356.04,0.3400000000001455,-0.7150000000001455,-0.805000000000291,0.0,-0.013394655243455978,-0.041791324359569004,1.0,5.5,-0.039648179520618,2026-09-17T18:04:22.500000+00:00,4356.17,4356.44,0.26999999999952706,CONFIRMED_REVERSAL,6.5
SELL,4356.6,0.0005502228366035317,2026-09-17T18:05:54+00:00,4356.6,4356.9,0.2999999999992724,-1.25,-1.735000000000582,0.0,-0.015270669469963392,-0.07266732368462035,1.0,8.5,-0.06687500078223696,2026-09-17T18:06:03.500000+00:00,4357.56,4357.87,0.3099999999994907,CONFIRMED_REVERSAL,9.5
SELL,4356.62,0.0005341807432592925,2026-09-17T18:07:04+00:00,4356.62,4356.88,0.2600000000002183,-0.6499999999996362,-1.4099999999998545,0.0,-0.0035785553236483813,-0.0449875526403437,6.0,11.0,-0.0449875526403437,2026-09-17T18:07:15+00:00,4357.1,4357.5,0.3999999999996362,CONFIRMED_REVERSAL,11.0
SELL,4356.55,0.0005233991585753563,2026-09-17T18:08:09.500000+00:00,4356.55,4356.86,0.3099999999994907,-0.8900000000003274,-1.2550000000001091,0.03305966308516315,0.03305966308516315,-0.015528023570281815,16.0,0.0,-0.004508135875257804,2026-09-17T18:08:30+00:00,4356.31,4356.64,0.32999999999992724,CONFIRMED_REVERSAL,20.5
SELL,4355.49,0.0005224450089115772,2026-09-17T18:09:12+00:00,4355.49,4355.8,0.3100000000004002,-1.5599999999994907,-1.7749999999996362,0.0,-0.015499716191100571,-0.05099906617712561,0.0,6.5,-0.04949909364247217,2026-09-17T18:09:19+00:00,4356.18,4356.48,0.2999999999992724,CONFIRMED_REVERSAL,7.0
SELL,4355.8,0.0005105335313793267,2026-09-17T18:10:53.500000+00:00,4355.8,4356.14,0.3400000000001455,-0.9549999999999272,-1.3699999999998909,0.03078125257625833,0.03078125257625833,-0.016612104564969046,9.0,0.0,0.0058630957288047635,2026-09-17T18:11:07.500000+00:00,4355.32,4355.68,0.3600000000005821,CONFIRMED_REVERSAL,14.0
SELL,4353.39,0.0005122234300989795,2026-09-17T18:12:13+00:00,4353.39,4353.68,0.2899999999999636,-1.1199999999998909,-1.4750000000003638,0.0,-0.012745423061681757,-0.08529629279762474,2.0,5.0,-0.08529629279762474,2026-09-17T18:12:18+00:00,4354.87,4355.13,0.2600000000002183,CONFIRMED_REVERSAL,5.0
BUY,4357.33,0.0004913057954117252,2026-09-17T18:13:15+00:00,4356.99,4357.33,0.3400000000001455,0.8099999999994907,1.6599999999998545,0.2266315624699956,0.2266315624699956,-0.015986458763451485,100.5,0.0,0.19465864494313542,2026-09-17T18:15:01+00:00,4361.47,4361.8,0.32999999999992724,CONFIRMED_REVERSAL,106.0
BUY,4362.97,0.0005372904422496303,2026-09-17T18:16:38+00:00,4362.72,4362.97,0.25,0.5500000000001819,1.1700000000000728,0.0,-0.0005141982363434073,-0.03599387654324349,4.0,6.5,-0.031880290652589766,2026-09-17T18:16:45.500000+00:00,4362.35,4362.55,0.1999999999998181,CONFIRMED_REVERSAL,7.5
BUY,4364.0,0.0005295302642993636,2026-09-17T18:17:12+00:00,4363.69,4364.0,0.3100000000004002,0.7249999999994543,1.0799999999999272,0.0,-0.01570991907519156,-0.06790739213139291,0.0,12.0,-0.06790739213139291,2026-09-17T18:17:24+00:00,4362.66,4362.91,0.25,CONFIRMED_REVERSAL,12.0
BUY,4364.01,0.0005132694512584241,2026-09-17T18:17:49+00:00,4363.88,4364.01,0.13000000000010914,0.4749999999994543,0.9799999999995634,0.021613224314543027,0.021613224314543027,-0.01670112787944195,10.0,5.0,0.005403306078624588,2026-09-17T18:18:03+00:00,4364.12,4364.28,0.15999999999985448,CONFIRMED_REVERSAL,14.0
SELL,4361.28,0.0005148853047614682,2026-09-17T18:20:36.500000+00:00,4361.28,4361.52,0.24000000000069122,-0.8100000000004002,-1.4200000000000728,0.0,-0.008869608886480593,-0.04582631258008998,1.0,9.0,-0.04237702023536744,2026-09-17T18:20:46+00:00,4362.02,4362.14,0.11999999999989086,CONFIRMED_REVERSAL,9.5
BUY,4362.58,0.0005045818863471968,2026-09-17T18:21:36.500000+00:00,4362.33,4362.58,0.25,0.7999999999992724,0.7299999999995634,0.0057947455374412985,0.0057947455374412985,-0.034285577763227285,2.0,12.0,-0.034285577763227285,2026-09-17T18:21:48.500000+00:00,4361.87,4362.06,0.19000000000050932,CONFIRMED_REVERSAL,12.0
SELL,4360.74,0.0004965793722647762,2026-09-17T18:23:07.500000+00:00,4360.74,4360.95,0.21000000000003638,-0.8500000000003638,-0.8700000000008004,0.0,-0.005702842649085314,-0.03991989854364042,2.5,8.5,-0.03991989854364042,2026-09-17T18:23:16+00:00,4361.37,4361.58,0.21000000000003638,CONFIRMED_REVERSAL,8.5
SELL,4361.4,0.00048694017162829556,2026-09-17T18:23:59+00:00,4361.4,4361.6,0.2000000000007276,-0.6200000000008004,-0.875,0.006058155609857182,0.006058155609857182,-0.014446371069767022,2.0,20.5,-0.014446371069767022,2026-09-17T18:24:19.500000+00:00,4361.55,4361.71,0.15999999999985448,CONFIRMED_REVERSAL,20.5
SELL,4359.31,0.0004837108898470519,2026-09-17T18:24:41.500000+00:00,4359.31,4359.49,0.17999999999938154,-1.8450000000011642,-2.0900000000001455,0.011573036987807886,0.011573036987807886,-0.019442702139478515,3.0,9.0,-0.019442702139478515,2026-09-17T18:24:50.500000+00:00,4359.53,4359.73,0.1999999999998181,CONFIRMED_REVERSAL,9.0
BUY,4360.69,0.0004788989499014166,2026-09-17T18:25:12.500000+00:00,4360.5,4360.69,0.18999999999959982,0.5349999999998545,0.964999999999236,0.09899633201769341,0.09899633201769341,-0.008708010686720127,27.5,0.0,0.05958112575137681,2026-09-17T18:25:45.500000+00:00,4361.99,4362.23,0.23999999999978172,CONFIRMED_REVERSAL,33.0
SELL,4359.27,0.0004933364359933666,2026-09-17T18:26:15+00:00,4359.27,4359.37,0.0999999999994543,-0.7300000000004729,-0.8900000000003274,0.13266946553635586,0.13266946553635586,-0.007554133268966052,30.5,1.5,0.08215119930011316,2026-09-17T18:26:48+00:00,4357.32,4357.53,0.21000000000003638,CONFIRMED_REVERSAL,33.0
BUY,4358.42,0.0005131279833507679,2026-09-17T18:27:29.500000+00:00,4358.19,4358.42,0.23000000000047294,0.5100000000002183,1.0,0.0,-0.011294707882372936,-0.05450924238871514,0.0,3.0,-0.05450924238871514,2026-09-17T18:27:32.500000+00:00,4357.31,4357.54,0.22999999999956344,CONFIRMED_REVERSAL,3.0
BUY,4358.54,0.0005000459004721218,2026-09-17T18:28:45.500000+00:00,4358.34,4358.54,0.1999999999998181,0.4750000000003638,1.0050000000010186,0.0,-0.0057426531325835434,-0.03349880994009243,1.5,4.0,-0.03302025551236626,2026-09-17T18:28:50+00:00,4357.85,4357.98,0.12999999999919964,CONFIRMED_REVERSAL,4.5
BUY,4358.92,0.0004920867765206032,2026-09-17T18:30:42+00:00,4358.63,4358.92,0.2899999999999636,0.7399999999997817,0.7749999999996362,0.0,-0.011773434473813106,-0.06593123305333626,0.5,11.0,-0.06593123305333626,2026-09-17T18:30:53+00:00,4357.52,4357.9,0.37999999999919964,CONFIRMED_REVERSAL,11.0
SELL,4356.0,0.0004766011807158686,2026-09-17T18:32:25+00:00,4356.0,4356.31,0.3100000000004002,-1.319999999999709,-1.8049999999993815,0.0,-0.014139637495684572,-0.050172907242703534,0.0,10.0,-0.050172907242703534,2026-09-17T18:32:35+00:00,4356.72,4357.1,0.38000000000010914,CONFIRMED_REVERSAL,10.0
BUY,4357.25,0.00046443252356866214,2026-09-17T18:33:41.500000+00:00,4356.98,4357.25,0.27000000000043656,0.6450000000004366,0.6499999999996362,0.012889678666006318,0.012889678666006318,-0.03244643250406953,2.5,9.0,-0.02711277236641593,2026-09-17T18:33:51.500000+00:00,4356.64,4356.92,0.27999999999974534,CONFIRMED_REVERSAL,10.0
BUY,4357.49,0.00045790540641100114,2026-09-17T18:34:26+00:00,4357.37,4357.49,0.11999999999989086,0.5900000000001455,0.7000000000007276,0.07712761583100941,0.07712761583100941,-0.01051740215876314,30.5,1.0,0.04689008462455541,2026-09-17T18:35:01+00:00,4358.56,4358.88,0.31999999999970896,CONFIRMED_REVERSAL,35.0
BUY,4360.28,0.00046884927295217364,2026-09-17T18:35:25.500000+00:00,4360.0,4360.28,0.27999999999974534,0.8599999999987631,1.4849999999996726,0.025127121602815838,0.025127121602815838,-0.012563560801387515,3.5,0.0,0.005384383200594649,2026-09-17T18:35:34+00:00,4360.4,4360.73,0.32999999999992724,CONFIRMED_REVERSAL,8.5
BUY,4362.91,0.0004698561966997502,2026-09-17T18:37:19.500000+00:00,4362.63,4362.91,0.27999999999974534,0.6350000000002183,0.9450000000006185,0.008543582697236943,0.008543582697236943,-0.03417433078886598,10.0,16.0,-0.03417433078886598,2026-09-17T18:37:37.500000+00:00,4362.15,4362.41,0.2600000000002183,CONFIRMED_REVERSAL,18.0
SELL,4362.4,0.000461725478680113,2026-09-17T18:38:53+00:00,4362.4,4362.64,0.24000000000069122,-0.8850000000002183,-0.5999999999994543,0.01237266742128252,0.01237266742128252,-0.024745334842605226,1.5,6.5,-0.024745334842605226,2026-09-17T18:38:59.500000+00:00,4362.79,4362.96,0.17000000000007276,CONFIRMED_REVERSAL,6.5
SELL,4361.57,0.0004558850600559084,2026-09-17T18:39:24+00:00,4361.57,4361.87,0.3000000000001819,-0.7600000000002183,-0.6599999999998545,0.0,-0.007853248369088477,-0.04144769972570947,0.5,9.0,-0.04144769972570947,2026-09-17T18:39:33+00:00,4362.31,4362.52,0.21000000000003638,CONFIRMED_REVERSAL,9.0
BUY,4363.47,0.00044576117646796923,2026-09-17T18:40:20+00:00,4363.24,4363.47,0.23000000000047294,0.7449999999998909,0.9899999999997817,0.049912528403155736,0.049912528403155736,-0.020903537536392555,35.0,5.0,0.008958658944157151,2026-09-17T18:41:01+00:00,4363.68,4363.88,0.1999999999998181,CONFIRMED_REVERSAL,41.0
BUY,4365.35,0.0004477135866284522,2026-09-17T18:42:07+00:00,4365.23,4365.35,0.12000000000080036,0.3149999999995998,0.5999999999994543,0.014139553044825568,0.014139553044825568,-0.014139553044825568,3.5,5.5,-0.008997897392165267,2026-09-17T18:42:14.500000+00:00,4365.14,4365.34,0.1999999999998181,CONFIRMED_REVERSAL,7.5
SELL,4363.86,0.0004457119431121272,2026-09-17T18:42:41.500000+00:00,4363.86,4364.05,0.19000000000050932,-0.49500000000080036,-0.7800000000006548,0.0,-0.008104558100694836,-0.02431367430204571,0.0,3.5,-0.023034007233490448,2026-09-17T18:42:46+00:00,4364.22,4364.4,0.17999999999938154,CONFIRMED_REVERSAL,4.5
BUY,4364.7,0.0004401118232962708,2026-09-17T18:43:19+00:00,4364.6,4364.7,0.0999999999994543,0.9499999999989086,0.7950000000000728,0.0,-0.004211962572405219,-0.02948373800698977,0.0,7.5,-0.029062541749737755,2026-09-17T18:43:27.500000+00:00,4364.01,4364.27,0.2600000000002183,CONFIRMED_REVERSAL,8.5
BUY,4366.55,0.00043297073418002946,2026-09-17T18:44:27.500000+00:00,4366.33,4366.55,0.22000000000025466,1.1650000000008731,1.3850000000002183,0.019475017994808733,0.019475017994808733,-0.023204276759776116,16.5,24.0,-0.023204276759776116,2026-09-17T18:44:51.500000+00:00,4365.99,4366.22,0.23000000000047294,CONFIRMED_REVERSAL,24.0
SELL,4364.97,0.0004275726976862876,2026-09-17T18:45:13.500000+00:00,4364.97,4365.27,0.3000000000001819,-1.0399999999990541,-0.7499999999990905,0.0,-0.0008183921014055048,-0.0339632722091286,1.5,10.5,-0.027006939347014335,2026-09-17T18:45:24.500000+00:00,4365.35,4365.63,0.27999999999974534,CONFIRMED_REVERSAL,11.0
BUY,4366.57,0.00042095333412092847,2026-09-17T18:45:50+00:00,4366.38,4366.57,0.18999999999959982,0.43000000000029104,1.0750000000007276,0.0,-0.0048343341692805445,-0.03504892272731143,3.5,7.5,-0.028603143834937363,2026-09-17T18:45:58.500000+00:00,4365.86,4366.09,0.23000000000047294,CONFIRMED_REVERSAL,8.5
SELL,4364.59,0.0004142965349436852,2026-09-17T18:47:06.500000+00:00,4364.59,4364.78,0.18999999999959982,-0.9050000000006548,-0.6900000000005093,0.04083851986932898,0.04083851986932898,-0.012687695493375358,15.0,0.5,0.019824524208417026,2026-09-17T18:47:24+00:00,4363.9,4364.09,0.19000000000050932,CONFIRMED_REVERSAL,17.5
BUY,4364.58,0.0004190436056154482,2026-09-17T18:47:46+00:00,4364.36,4364.58,0.22000000000025466,0.44499999999970896,0.7849999999998545,0.06296226428687152,0.06296226428687152,-0.022858911237901337,37.5,1.0,0.04250955423192444,2026-09-17T18:48:35.500000+00:00,4365.64,4365.81,0.17000000000007276,CONFIRMED_REVERSAL,49.5
SELL,4365.09,0.0004291705239507811,2026-09-17T18:48:59.500000+00:00,4365.09,4365.29,0.1999999999998181,-0.7649999999994179,-1.1499999999996362,0.00903595448805227,0.00903595448805227,-0.036965268360156095,3.0,35.5,-0.03573309274816086,2026-09-17T18:49:35.500000+00:00,4365.74,4365.96,0.22000000000025466,CONFIRMED_REVERSAL,36.0
BUY,4367.55,0.00042037987585914364,2026-09-17T18:49:58+00:00,4367.32,4367.55,0.23000000000047294,0.944999999999709,1.3299999999999272,0.0,-0.009253184491034678,-0.12230296022907497,0.0,1.0,-0.0788532243582218,2026-09-17T18:50:00+00:00,4365.59,4366.08,0.4899999999997817,CONFIRMED_REVERSAL,2.0
SELL,4364.49,0.0004017962399135304,2026-09-17T18:50:35.500000+00:00,4364.49,4364.73,0.23999999999978172,-0.7200000000002547,-1.1450000000004366,0.00730602134703206,0.00730602134703206,-0.013842987815480707,13.5,17.0,-0.0084596036650121,2026-09-17T18:50:55+00:00,4364.5,4364.71,0.21000000000003638,CONFIRMED_REVERSAL,19.5
BUY,4365.79,0.00039965187374154304,2026-09-17T18:51:20.500000+00:00,4365.52,4365.79,0.26999999999952706,1.180000000000291,1.0750000000007276,0.01874128655713191,0.01874128655713191,-0.010326831368202054,21.0,0.0,-0.002677326651008905,2026-09-17T18:51:45.500000+00:00,4365.72,4365.8,0.07999999999992724,CONFIRMED_REVERSAL,25.0
BUY,4367.49,0.00039885577087661915,2026-09-17T18:52:07.500000+00:00,4367.28,4367.49,0.21000000000003638,0.43000000000029104,1.194999999999709,0.0,-0.006489126927904697,-0.035499341429086895,1.0,33.0,-0.035499341429086895,2026-09-17T18:52:40.500000+00:00,4366.56,4366.66,0.0999999999994543,CONFIRMED_REVERSAL,33.0
SELL,4365.85,0.00039050929465153606,2026-09-17T18:53:58+00:00,4365.85,4365.98,0.12999999999919964,-0.9200000000000728,-0.9000000000005457,0.003363530361095808,0.003363530361095808,-0.036251382780616175,6.0,58.0,-0.0358776571849653,2026-09-17T18:54:57+00:00,4366.7,4366.81,0.11000000000058208,CONFIRMED_REVERSAL,59.0
BUY,4366.44,0.00038187084026525996,2026-09-17T18:55:38+00:00,4366.3,4366.44,0.13999999999941792,0.6750000000001819,0.6750000000001819,0.025216630526102072,0.025216630526102072,-0.006943709854993863,11.0,2.0,0.0014618336536846679,2026-09-17T18:55:56+00:00,4366.48,4366.61,0.13000000000010914,CONFIRMED_REVERSAL,18.0
SELL,4365.6,0.00038229420815670794,2026-09-17T18:56:35.500000+00:00,4365.6,4365.82,0.21999999999934516,-0.7899999999999636,-1.5349999999998545,0.002926908683072064,0.002926908683072064,-0.0343911770261134,2.5,14.0,-0.030732541172256673,2026-09-17T18:56:50.500000+00:00,4366.28,4366.44,0.15999999999985448,CONFIRMED_REVERSAL,15.0
BUY,4368.8,0.0003746637249688223,2026-09-17T18:58:36+00:00,4368.61,4368.8,0.19000000000050932,1.1649999999999636,1.5599999999994907,0.0,-0.0025099273691558863,-0.023665029480398343,3.5,12.5,-0.01721093053121955,2026-09-17T18:58:49+00:00,4368.32,4368.42,0.1000000000003638,CONFIRMED_REVERSAL,13.0
BUY,4369.18,0.00037051506755163526,2026-09-17T18:59:24+00:00,4368.99,4369.18,0.19000000000050932,0.4849999999996726,0.6400000000003274,0.028721846737511957,0.028721846737511957,-0.006737223308821397,15.5,0.0,0.010283130313435383,2026-09-17T18:59:48.500000+00:00,4369.47,4369.74,0.26999999999952706,CONFIRMED_REVERSAL,24.5
BUY,4371.08,0.000372812201973941,2026-09-17T19:00:24+00:00,4370.83,4371.08,0.25,0.625,0.9499999999998181,0.0,-0.008919727658632576,-0.037106067059910215,0.0,4.5,-0.037106067059910215,2026-09-17T19:00:28.500000+00:00,4370.04,4370.31,0.27000000000043656,CONFIRMED_REVERSAL,4.5
BUY,4371.75,0.0003638861990733543,2026-09-17T19:01:01+00:00,4371.43,4371.75,0.31999999999970896,0.8950000000004366,1.2950000000000728,0.02263603771800707,0.02263603771800707,-0.012536882428430299,15.0,2.5,-0.010447402023707754,2026-09-17T19:02:06+00:00,4371.45,4371.7,0.25,CONFIRMED_REVERSAL,65.0
BUY,4372.18,0.00036135358215506273,2026-09-17T19:03:23.500000+00:00,4371.92,4372.18,0.2600000000002183,0.6700000000000728,0.910000000000764,0.0,-0.006570636364422399,-0.025245076557992636,0.5,3.0,-0.024207607658358585,2026-09-17T19:03:27.500000+00:00,4371.48,4371.86,0.38000000000010914,CONFIRMED_REVERSAL,4.0
SELL,4369.05,0.00035582292582502965,2026-09-17T19:04:31.500000+00:00,4369.05,4369.31,0.2600000000002183,-0.6499999999996362,-0.694999999999709,0.0006810600246068575,0.0006810600246068575,-0.044609431610758095,5.0,21.5,-0.044609431610758095,2026-09-17T19:04:53+00:00,4370.15,4370.36,0.21000000000003638,CONFIRMED_REVERSAL,21.5
SELL,4369.53,0.0003451161453961391,2026-09-17T19:06:10+00:00,4369.53,4369.73,0.1999999999998181,-0.4600000000009459,-0.7200000000011642,0.0,-0.004623967580175033,-0.00858736836316933,0.5,1.5,-0.00858736836316933,2026-09-17T19:06:13.500000+00:00,4369.69,4369.79,0.1000000000003638,CONFIRMED_REVERSAL,3.5
SELL,4368.11,0.00034317412588338506,2026-09-17T19:07:15.500000+00:00,4368.11,4368.36,0.25,-0.8150000000005093,-1.305000000000291,0.002298973915879743,0.002298973915879743,-0.019048641017366107,11.5,16.5,-0.015435967720979387,2026-09-17T19:07:33+00:00,4368.33,4368.58,0.25,CONFIRMED_REVERSAL,17.5
BUY,4369.47,0.0003393759762845263,2026-09-17T19:08:00+00:00,4369.31,4369.47,0.15999999999985448,1.0850000000000364,1.0200000000004366,0.010718067894590828,0.010718067894590828,-0.01688907668240345,7.5,12.5,-0.01688907668240345,2026-09-17T19:08:12.500000+00:00,4368.95,4369.16,0.21000000000003638,CONFIRMED_REVERSAL,12.5
SELL,4367.95,0.00033545383906160876,2026-09-17T19:08:46+00:00,4367.95,4368.19,0.23999999999978172,-0.6000000000003638,-1.1900000000005093,0.008346945581334085,0.008346945581334085,-0.017335963899678147,6.0,24.5,-0.015730782057109406,2026-09-17T19:09:11+00:00,4368.23,4368.44,0.21000000000003638,CONFIRMED_REVERSAL,25.0
BUY,4369.64,0.0003315624074786784,2026-09-17T19:09:34.500000+00:00,4369.49,4369.64,0.1500000000005457,0.3649999999997817,1.105000000000473,0.023481101820799342,0.023481101820799342,-0.009836677789809919,32.0,7.0,0.0019038731205897523,2026-09-17T19:10:17.500000+00:00,4369.7,4369.84,0.14000000000032742,CONFIRMED_REVERSAL,43.0
SELL,4368.81,0.0003320807571535418,2026-09-17T19:10:39.500000+00:00,4368.81,4368.93,0.11999999999989086,-0.45499999999901775,-0.6399999999994179,0.0022246578080625332,0.0022246578080625332,-0.021610961563825446,7.0,30.0,-0.021610961563825446,2026-09-17T19:11:11+00:00,4369.26,4369.49,0.22999999999956344,CONFIRMED_REVERSAL,31.5
BUY,4369.7,0.00032684537638133455,2026-09-17T19:12:56+00:00,4369.47,4369.7,0.22999999999956344,0.5950000000002547,0.6750000000001819,0.0,-0.006255957778991134,-0.04879647067615929,0.5,5.5,-0.04879647067615929,2026-09-17T19:13:01.500000+00:00,4368.14,4368.3,0.15999999999985448,CONFIRMED_REVERSAL,5.5
BUY,4368.77,0.00031524396167755203,2026-09-17T19:14:08.500000+00:00,4368.56,4368.77,0.21000000000003638,0.8450000000011642,0.8600000000005821,0.0,-0.004223731280290454,-0.023230522041556338,7.5,22.0,-0.02292882695010114,2026-09-17T19:14:31+00:00,4368.01,4368.19,0.17999999999938154,CONFIRMED_REVERSAL,22.5
BUY,4368.75,0.00030976133250256067,2026-09-17T19:15:02.500000+00:00,4368.49,4368.75,0.2600000000002183,0.7200000000002547,0.9149999999999636,0.0,-0.007114754404623925,-0.026087432816981348,1.0,4.0,-0.023122951815041235,2026-09-17T19:15:07+00:00,4367.97,4368.26,0.2899999999999636,CONFIRMED_REVERSAL,4.5
SELL,4366.97,0.00030435483583248483,2026-09-17T19:16:06+00:00,4366.97,4367.13,0.15999999999985448,-0.8550000000004729,-0.9049999999997453,0.0,-0.004369109540138011,-0.011068410835046316,0.5,4.0,-0.009320767018975218,2026-09-17T19:16:10.500000+00:00,4367.09,4367.29,0.1999999999998181,CONFIRMED_REVERSAL,4.5
BUY,4367.79,0.0003020678839158438,2026-09-17T19:17:50+00:00,4367.61,4367.79,0.18000000000029104,0.42999999999938154,0.5,0.0,-0.004625364933324189,-0.02139231281663752,2.0,5.0,-0.02023597158330647,2026-09-17T19:17:55.500000+00:00,4367.09,4367.25,0.15999999999985448,CONFIRMED_REVERSAL,5.5
BUY,4367.84,0.00029722341725307757,2026-09-17T19:18:49.500000+00:00,4367.67,4367.84,0.17000000000007276,0.5600000000004002,1.2150000000001455,0.0,-0.0048356338840523485,-0.02275592416024178,0.0,2.5,-0.01735139217219697,2026-09-17T19:18:54.500000+00:00,4367.23,4367.39,0.16000000000076398,CONFIRMED_REVERSAL,5.0
BUY,4367.7,0.0002930818742959045,2026-09-17T19:19:32+00:00,4367.55,4367.7,0.1499999999996362,1.3299999999999272,1.2700000000004366,0.005329224660004561,0.005329224660004561,-0.01739010152207047,3.5,7.5,-0.01739010152207047,2026-09-17T19:19:39.500000+00:00,4367.08,4367.29,0.21000000000003638,CONFIRMED_REVERSAL,7.5
BUY,4368.02,0.00028890037732333005,2026-09-17T19:20:14+00:00,4367.81,4368.02,0.21000000000003638,0.7800000000006548,0.6700000000000728,0.0,-0.00580615828813437,-0.021289247056501072,0.0,4.0,-0.017694958592415495,2026-09-17T19:20:18.500000+00:00,4367.38,4367.54,0.15999999999985448,CONFIRMED_REVERSAL,4.5
SELL,4366.0,0.00028479913009783563,2026-09-17T19:22:08+00:00,4366.0,4366.19,0.18999999999959982,-0.4250000000010914,-0.6400000000012369,0.0,-0.005178616217410947,-0.02398516984911472,0.0,3.0,-0.0234400523525321,2026-09-17T19:22:11.500000+00:00,4366.71,4366.86,0.1499999999996362,CONFIRMED_REVERSAL,3.5
BUY,4368.31,0.0002790416149079899,2026-09-17T19:23:42+00:00,4368.09,4368.31,0.22000000000025466,0.5050000000010186,0.5750000000007276,0.0018693407973782439,0.0018693407973782439,-0.021363894827273612,55.0,15.5,-0.013352434267042971,2026-09-17T19:24:56.500000+00:00,4367.81,4368.01,0.1999999999998181,CONFIRMED_REVERSAL,74.5
SELL,4367.13,0.00027592221804097927,2026-09-17T19:25:44+00:00,4367.13,4367.31,0.18000000000029104,-0.3649999999997817,-0.7049999999999272,0.08687684446345993,0.08687684446345993,-0.0068656472828324605,37.5,1.0,0.0763143101821977,2026-09-17T19:26:28+00:00,4364.11,4364.24,0.13000000000010914,CONFIRMED_REVERSAL,44.0
BUY,4365.83,0.00029426929520552213,2026-09-17T19:26:56+00:00,4365.72,4365.83,0.10999999999967258,0.32999999999992724,1.0849999999991269,0.0,-0.0005632437903204491,-0.017742179395516765,2.5,5.5,-0.017742179395516765,2026-09-17T19:27:01.500000+00:00,4365.2,4365.43,0.23000000000047294,CONFIRMED_REVERSAL,5.5
SELL,4364.55,0.0002901079725261925,2026-09-17T19:27:32.500000+00:00,4364.55,4364.67,0.11999999999989086,-1.394999999999527,-1.4949999999989814,0.009162100925172627,0.009162100925172627,-0.01138321630097052,11.5,12.0,-0.009439740347153676,2026-09-17T19:27:49+00:00,4364.68,4364.89,0.21000000000003638,CONFIRMED_REVERSAL,16.5
BUY,4366.58,0.00028771420205820226,2026-09-17T19:28:37.500000+00:00,4366.37,4366.58,0.21000000000003638,1.25,1.1900000000005093,0.021201837069343615,0.021201837069343615,-0.01046324426798483,41.5,2.0,0.008260456001043293,2026-09-17T19:29:24+00:00,4366.88,4367.04,0.15999999999985448,CONFIRMED_REVERSAL,46.5
SELL,4366.8,0.0002896763090787424,2026-09-17T19:30:13+00:00,4366.8,4366.98,0.17999999999938154,-0.6900000000005093,-0.7150000000001455,0.03798000460574304,0.03798000460574304,-0.006930657774771178,14.0,0.5,0.018574162836388776,2026-09-17T19:30:33+00:00,4365.94,4366.13,0.19000000000050932,CONFIRMED_REVERSAL,20.0
SELL,4365.78,0.00029418954211923843,2026-09-17T19:31:08+00:00,4365.78,4365.95,0.17000000000007276,-0.34500000000025466,-0.5750000000007276,0.07545421270329944,0.07545421270329944,-0.004786274686406475,58.5,0.0,0.060813843074310966,2026-09-17T19:32:11.500000+00:00,4363.43,4363.62,0.18999999999959982,CONFIRMED_REVERSAL,63.5
SELL,4361.83,0.0003090243682791553,2026-09-17T19:32:47.500000+00:00,4361.83,4362.04,0.21000000000003638,-0.6450000000004366,-0.7200000000011642,0.11563543869235592,0.11563543869235592,-0.013604169257925808,87.0,4.0,0.08872284298646564,2026-09-17T19:34:20+00:00,4358.55,4358.83,0.27999999999974534,CONFIRMED_REVERSAL,92.5
BUY,4359.51,0.0003304543562865528,2026-09-17T19:35:25.500000+00:00,4359.24,4359.51,0.27000000000043656,0.555000000000291,0.8549999999995634,0.006008783411633893,0.006008783411633893,-0.015496336166871037,12.0,6.5,-0.015180084408385185,2026-09-17T19:35:47+00:00,4359.03,4359.2,0.17000000000007276,CONFIRMED_REVERSAL,21.5
SELL,4357.97,0.0003269314065202456,2026-09-17T19:36:09+00:00,4357.97,4358.18,0.21000000000003638,-0.6499999999996362,-1.2249999999994543,0.0,-0.004067442880795771,-0.056631320109477634,0.5,4.5,-0.056631320109477634,2026-09-17T19:36:13.500000+00:00,4359.45,4359.78,0.32999999999992724,CONFIRMED_REVERSAL,4.5
SELL,4358.92,0.0003132846386473887,2026-09-17T19:37:15.500000+00:00,4358.92,4359.16,0.23999999999978172,-0.6149999999997817,-1.2349999999996726,0.0,-0.005696579585084291,-0.025784518122004968,0.5,5.0,-0.02338595829670345,2026-09-17T19:37:21+00:00,4359.5,4359.7,0.1999999999998181,CONFIRMED_REVERSAL,5.5
SELL,4359.3,0.00030765179622378844,2026-09-17T19:38:26+00:00,4359.3,4359.43,0.13000000000010914,-0.47000000000025466,-0.5500000000001819,0.02826520604869415,0.02826520604869415,-0.007949589201181004,13.5,5.0,0.009421735349582568,2026-09-17T19:38:43.500000+00:00,4358.71,4358.98,0.26999999999952706,CONFIRMED_REVERSAL,17.5
BUY,4360.49,0.00030982557757443203,2026-09-17T19:39:37.500000+00:00,4360.25,4360.49,0.23999999999978172,0.6099999999996726,1.3049999999993815,0.0,-0.004744153345209454,-0.02253472838977187,1.5,6.0,-0.02253472838977187,2026-09-17T19:39:43.500000+00:00,4359.73,4360.01,0.28000000000065484,CONFIRMED_REVERSAL,6.0
SELL,4358.94,0.0003045338061230222,2026-09-17T19:42:20+00:00,4358.94,4359.2,0.2600000000002183,-0.7749999999996362,-0.8950000000004366,0.02885307951929006,0.02885307951929006,-0.021566948327575046,44.5,12.0,0.017195269612487723,2026-09-17T19:43:09+00:00,4358.11,4358.35,0.24000000000069122,CONFIRMED_REVERSAL,49.0
BUY,4360.23,0.00030856447559489625,2026-09-17T19:45:02+00:00,4360.0,4360.23,0.22999999999956344,0.5949999999993452,0.8400000000001455,0.03720813805779265,0.03720813805779265,-0.010630896587929246,47.5,1.5,-0.0017718160979747787,2026-09-17T19:46:03.500000+00:00,4360.17,4360.42,0.25,CONFIRMED_REVERSAL,61.5
SELL,4360.19,0.0003081426948297172,2026-09-17T19:48:18+00:00,4360.19,4360.35,0.16000000000076398,-0.36999999999989086,-0.6299999999991996,0.006487778658850567,0.006487778658850567,-0.01238575925784464,13.5,19.5,-0.01238575925784464,2026-09-17T19:48:37.500000+00:00,4360.37,4360.61,0.23999999999978172,CONFIRMED_REVERSAL,19.5
SELL,4357.92,0.00030533343966542643,2026-09-17T19:49:19+00:00,4357.92,4358.14,0.22000000000025466,-0.5849999999991269,-0.7199999999993452,0.0,-0.006428631302772454,-0.01782484133947524,0.0,5.5,-0.01782484133947524,2026-09-17T19:49:24.500000+00:00,4358.3,4358.53,0.22999999999956344,CONFIRMED_REVERSAL,5.5
SELL,4356.84,0.0003011341622752244,2026-09-17T19:50:54+00:00,4356.84,4357.03,0.18999999999959982,-0.42000000000007276,-0.5050000000010186,0.008069368079206992,0.008069368079206992,-0.009798518381907309,12.5,16.0,-0.009510326664786222,2026-09-17T19:51:11+00:00,4356.94,4357.17,0.23000000000047294,CONFIRMED_REVERSAL,17.0
BUY,4360.26,0.00029861887506986136,2026-09-17T19:53:48+00:00,4359.99,4360.26,0.27000000000043656,0.6700000000000728,0.5950000000002547,0.01628971846297101,0.01628971846297101,-0.01686128753185995,43.5,48.5,-0.01686128753185995,2026-09-17T19:54:36.500000+00:00,4359.67,4359.92,0.25,CONFIRMED_REVERSAL,48.5
SELL,4356.79,0.00029481279166151687,2026-09-17T19:55:31+00:00,4356.79,4357.08,0.2899999999999636,-3.4400000000005093,-3.335000000000946,0.0,-0.006207124719158508,-0.051067707916665366,1.0,3.5,-0.051067707916665366,2026-09-17T19:55:34.500000+00:00,4358.36,4358.6,0.24000000000069122,CONFIRMED_REVERSAL,3.5
SELL,4358.56,0.000282450237530796,2026-09-17T19:57:26.500000+00:00,4358.56,4358.8,0.23999999999978172,-0.6799999999993815,-0.9949999999998909,0.0,-0.006487459410521137,-0.02054362146665027,0.0,4.0,-0.020273310657896993,2026-09-17T19:57:31+00:00,4359.1,4359.31,0.21000000000003638,CONFIRMED_REVERSAL,4.5
BUY,4360.7,0.0002774537435451681,2026-09-17T19:57:53+00:00,4360.56,4360.7,0.13999999999941792,0.39499999999952706,0.6700000000000728,0.016197272605197214,0.016197272605197214,-0.012745394836852744,18.0,9.0,-0.0005310581181901227,2026-09-17T19:58:21+00:00,4360.68,4360.98,0.2999999999992724,CONFIRMED_REVERSAL,28.0
BUY,4362.37,0.00027722032564645214,2026-09-17T19:59:42.500000+00:00,4362.13,4362.37,0.23999999999978172,0.49499999999989086,0.6000000000003638,0.0047755021188766004,0.0047755021188766004,-0.014326506356605673,18.0,5.0,-0.011408143950638933,2026-09-17T20:00:05.500000+00:00,4361.94,4362.24,0.3000000000001819,CONFIRMED_REVERSAL,23.0
BUY,4363.6,0.0002744103854586843,2026-09-17T20:00:45+00:00,4363.27,4363.6,0.32999999999992724,0.9900000000006912,1.4000000000005457,0.028887815165211772,0.028887815165211772,-0.02074670361866143,15.0,17.0,-0.02074670361866143,2026-09-17T20:01:02+00:00,4362.81,4363.29,0.47999999999956344,CONFIRMED_REVERSAL,17.0
SELL,4362.27,0.0002695245222180816,2026-09-17T20:01:25+00:00,4362.27,4362.45,0.17999999999938154,-0.42000000000007276,-0.8249999999998181,0.003353228161112534,0.003353228161112534,-0.009543803227771,4.0,8.5,-0.009543803227771,2026-09-17T20:01:34+00:00,4362.48,4362.64,0.16000000000076398,CONFIRMED_REVERSAL,9.0
SELL,4360.74,0.00026733222577228163,2026-09-17T20:02:06+00:00,4360.74,4360.95,0.21000000000003638,-1.2700000000004366,-1.5349999999998545,0.0017908978782782573,0.0017908978782782573,-0.015862238350527722,3.5,5.0,-0.01560639579650459,2026-09-17T20:02:12+00:00,4361.1,4361.35,0.25,CONFIRMED_REVERSAL,6.0
SELL,4359.05,0.00026369485654949786,2026-09-17T20:02:43.500000+00:00,4359.05,4359.3,0.25,-1.0,-1.2750000000005457,0.012365714250177485,0.012365714250177485,-0.012618075765492849,18.0,22.0,-0.011103906673623608,2026-09-17T20:03:06+00:00,4359.25,4359.49,0.23999999999978172,CONFIRMED_REVERSAL,22.5
BUY,4361.2,0.00026090445078279706,2026-09-17T20:04:28.500000+00:00,4360.97,4361.2,0.22999999999956344,1.0099999999993088,0.9000000000005457,0.04269716756513606,0.04269716756513606,-0.006491966998213134,37.0,0.5,0.030711997722302008,2026-09-17T20:05:16+00:00,4362.43,4362.73,0.2999999999992724,CONFIRMED_REVERSAL,47.5
BUY,4363.82,0.00026810174072262514,2026-09-17T20:06:08.500000+00:00,4363.5,4363.82,0.31999999999970896,0.6900000000005093,0.5900000000001455,0.0061578959042123136,0.0061578959042123136,-0.012059212812364248,21.0,1.0,-0.007184211888220474,2026-09-17T20:06:37+00:00,4363.54,4363.8,0.2600000000002183,CONFIRMED_REVERSAL,28.5
BUY,4365.98,0.0002662497055552211,2026-09-17T20:07:14+00:00,4365.71,4365.98,0.26999999999952706,0.7399999999997817,0.9349999999994907,0.0,-0.005605744308106906,-0.02955756089737523,1.0,23.5,-0.025735462505458877,2026-09-17T20:07:38+00:00,4364.97,4365.27,0.3000000000001819,CONFIRMED_REVERSAL,24.0
SELL,4364.32,0.00026018936952353,2026-09-17T20:08:40+00:00,4364.32,4364.5,0.18000000000029104,-0.6050000000004729,-0.9400000000005093,0.03162384970755706,0.03162384970755706,-0.007470200718327877,22.5,1.0,0.012948347911748691,2026-09-17T20:09:08.500000+00:00,4363.61,4363.8,0.19000000000050932,CONFIRMED_REVERSAL,28.5
SELL,4362.83,0.00026337939282853684,2026-09-17T20:10:03.500000+00:00,4362.83,4363.02,0.19000000000050932,-0.9899999999997817,-1.2100000000000364,0.0,-0.004789132588191862,-0.022181245671568758,0.0,6.0,-0.022181245671568758,2026-09-17T20:10:09.500000+00:00,4363.52,4363.71,0.18999999999959982,CONFIRMED_REVERSAL,6.0
SELL,4362.29,0.0002580988723457678,2026-09-17T20:10:44.500000+00:00,4362.29,4362.49,0.1999999999998181,-1.0799999999999272,-1.5100000000002183,0.00395209665457591,0.00395209665457591,-0.018525453068341427,2.0,15.5,-0.018525453068341427,2026-09-17T20:11:00+00:00,4362.78,4363.04,0.2600000000002183,CONFIRMED_REVERSAL,15.5
SELL,4362.18,0.00025366782535780457,2026-09-17T20:11:50+00:00,4362.18,4362.39,0.21000000000003638,-0.6300000000001091,-0.819999999999709,0.0,-0.0019421234871322454,-0.01675081507652114,23.5,28.5,-0.01650804964062409,2026-09-17T20:12:19+00:00,4362.7,4362.86,0.15999999999985448,CONFIRMED_REVERSAL,29.0
SELL,4361.19,0.00024977020086146485,2026-09-17T20:12:49.500000+00:00,4361.19,4361.36,0.17000000000007276,-0.5200000000004366,-0.5,0.00788816580415338,0.00788816580415338,-0.016493437590518332,2.5,13.0,-0.016493437590518332,2026-09-17T20:13:02.500000+00:00,4361.71,4361.88,0.17000000000007276,CONFIRMED_REVERSAL,13.0
BUY,4363.05,0.00024571369991991374,2026-09-17T20:13:24.500000+00:00,4362.79,4363.05,0.2600000000002183,1.0950000000002547,1.1350000000002183,0.020928632202170276,0.020928632202170276,-0.006113982441092583,39.0,0.0,-0.002116378537302924,2026-09-17T20:14:08.500000+00:00,4362.96,4363.15,0.18999999999959982,CONFIRMED_REVERSAL,44.0
BUY,4363.04,0.00024520740931466945,2026-09-17T20:15:25+00:00,4362.85,4363.04,0.18999999999959982,0.4599999999991269,1.0,0.0009386745602780833,0.0009386745602780833,-0.009386745602780834,1.0,7.0,-0.009386745602780834,2026-09-17T20:15:32+00:00,4362.64,4362.79,0.1499999999996362,CONFIRMED_REVERSAL,7.0
SELL,4361.0,0.0002430730196660585,2026-09-17T20:16:12.500000+00:00,4361.0,4361.18,0.18000000000029104,-0.680000000000291,-1.319999999999709,0.0016283818904700466,0.0016283818904700466,-0.01442281102993498,3.0,14.0,-0.01093342126463598,2026-09-17T20:16:27.500000+00:00,4361.27,4361.47,0.1999999999998181,CONFIRMED_REVERSAL,15.0
SELL,4359.39,0.00024054214163894417,2026-09-17T20:16:54+00:00,4359.39,4359.69,0.2999999999992724,-0.6549999999997453,-1.2799999999997453,0.0,-0.0057550970233361,-0.020027737641207115,0.5,5.0,-0.015653863903459953,2026-09-17T20:16:59.500000+00:00,4359.68,4360.07,0.3899999999994179,CONFIRMED_REVERSAL,5.5
SELL,4359.41,0.00023678895566325305,2026-09-17T20:18:28.500000+00:00,4359.41,4359.65,0.23999999999978172,-0.6400000000003274,-0.6750000000001819,0.0,-0.004305628059629782,-0.016995900235335155,1.0,17.5,-0.016995900235335155,2026-09-17T20:18:46+00:00,4359.82,4360.16,0.3400000000001455,CONFIRMED_REVERSAL,17.5
SELL,4360.2,0.00023267303553351195,2026-09-17T20:22:37+00:00,4360.2,4360.47,0.27000000000043656,-0.6549999999997453,-0.5399999999999636,0.008684246264420407,0.008684246264420407,-0.017145819547737143,40.0,16.5,-0.008238900302152304,2026-09-17T20:23:26.500000+00:00,4360.26,4360.57,0.3099999999994907,CONFIRMED_REVERSAL,49.5
SELL,4358.67,0.00023077958808959454,2026-09-17T20:24:01+00:00,4358.67,4358.94,0.26999999999952706,-0.680000000000291,-0.8049999999993815,0.013030793818215633,0.013030793818215633,-0.013472515642551372,17.0,2.5,-0.001987748209561041,2026-09-17T20:24:21.500000+00:00,4358.45,4358.76,0.3100000000004002,CONFIRMED_REVERSAL,20.5
BUY,4361.05,0.0002301773772200884,2026-09-17T20:25:02+00:00,4360.72,4361.05,0.32999999999992724,1.0750000000007276,1.3700000000008004,0.00903166793270319,0.00903166793270319,-0.010353375435059282,6.5,9.0,-0.009251952516432543,2026-09-17T20:25:12+00:00,4360.63,4360.9,0.26999999999952706,CONFIRMED_REVERSAL,10.0
BUY,4361.89,0.00022791670607980302,2026-09-17T20:26:52+00:00,4361.67,4361.89,0.22000000000025466,0.7300000000013824,0.8450000000002547,0.0,-0.004798663627327936,-0.01439599088198381,0.0,4.5,-0.01439599088198381,2026-09-17T20:26:57.500000+00:00,4361.23,4361.45,0.22000000000025466,CONFIRMED_REVERSAL,5.5
SELL,4359.46,0.00022459320614964297,2026-09-17T20:29:01.500000+00:00,4359.46,4359.76,0.3000000000001819,-1.0599999999994907,-1.2399999999997817,0.004513748709594068,0.004513748709594068,-0.015260769446720942,2.5,6.5,-0.011391841981349012,2026-09-17T20:29:08.500000+00:00,4359.69,4359.99,0.3000000000001819,CONFIRMED_REVERSAL,7.0
BUY,4361.45,0.00022176149183304308,2026-09-17T20:30:07+00:00,4361.18,4361.45,0.26999999999952706,0.5799999999999272,1.055000000000291,0.0,-0.005730220926229833,-0.022496422895597567,0.0,7.0,-0.022496422895597567,2026-09-17T20:30:14+00:00,4360.39,4360.66,0.26999999999952706,CONFIRMED_REVERSAL,7.0
BUY,4361.51,0.0002163688585881832,2026-09-17T20:30:59.500000+00:00,4361.26,4361.51,0.25,0.8649999999997817,1.0,0.004555529911114717,0.004555529911114717,-0.006833294866690909,4.5,2.0,-0.004762599452552992,2026-09-17T20:31:09+00:00,4361.28,4361.51,0.23000000000047294,CONFIRMED_REVERSAL,9.5
SELL,4360.53,0.00021527622942014594,2026-09-17T20:32:05.500000+00:00,4360.53,4360.83,0.3000000000001819,-0.7099999999991269,-1.5,0.0,-0.0028843342129893103,-0.017306005277898388,6.0,16.5,-0.017306005277898388,2026-09-17T20:32:22.500000+00:00,4361.11,4361.37,0.2600000000002183,CONFIRMED_REVERSAL,17.0
SELL,4361.31,0.000211091450367472,2026-09-17T20:33:43+00:00,4361.31,4361.5,0.18999999999959982,-0.46999999999934516,-0.6999999999989086,0.0022222084601551716,0.0022222084601551716,-0.012121137055316682,19.0,30.0,-0.012121137055316682,2026-09-17T20:34:13+00:00,4361.72,4361.91,0.18999999999959982,CONFIRMED_REVERSAL,30.0
BUY,4362.85,0.0002081139086560671,2026-09-17T20:35:50.500000+00:00,4362.7,4362.85,0.1500000000005457,0.46999999999934516,0.6149999999997817,0.017327736144904432,0.017327736144904432,-0.008165944620028674,18.5,4.5,0.008962622143913586,2026-09-17T20:36:14+00:00,4363.3,4363.47,0.17000000000007276,CONFIRMED_REVERSAL,23.5
SELL,4361.81,0.000210310603228859,2026-09-17T20:36:54.500000+00:00,4361.81,4361.95,0.13999999999941792,-0.3149999999995998,-0.5299999999997453,0.0,-0.0014089016466829433,-0.02777548960613454,6.5,21.0,-0.025964044631835746,2026-09-17T20:37:16+00:00,4362.9,4363.1,0.2000000000007276,CONFIRMED_REVERSAL,21.5
SELL,4360.85,0.00020413562137040577,2026-09-17T20:37:38+00:00,4360.85,4361.02,0.17000000000007276,-0.9049999999997453,-1.4199999999991633,0.045324001747902375,0.045324001747902375,-0.006446948524482973,56.0,1.5,0.03262546677542245,2026-09-17T20:38:47.500000+00:00,4358.97,4359.18,0.21000000000003638,CONFIRMED_REVERSAL,69.5
BUY,4359.71,0.00021200847607340503,2026-09-17T20:40:26.500000+00:00,4359.4,4359.71,0.3100000000004002,0.7049999999999272,1.125,0.0,-0.0016231725102404929,-0.01115931100791723,5.0,9.5,-0.00973903506146141,2026-09-17T20:40:36.500000+00:00,4359.23,4359.53,0.3000000000001819,CONFIRMED_REVERSAL,10.0
BUY,4360.58,0.00020963244943802666,2026-09-17T20:42:37.500000+00:00,4360.29,4360.58,0.2899999999999636,0.5999999999994543,1.2449999999989814,0.0,-0.002608094533119376,-0.016451057824271798,1.0,13.0,-0.015849189855096018,2026-09-17T20:42:51.500000+00:00,4359.79,4360.03,0.23999999999978172,CONFIRMED_REVERSAL,14.0
SELL,4359.41,0.00020588981143431656,2026-09-17T20:48:07+00:00,4359.41,4359.69,0.27999999999974534,-1.2900000000008731,-1.0950000000011642,0.010049084534667034,0.010049084534667034,-0.006305307943312059,33.5,52.0,-0.005714185323631034,2026-09-17T20:49:00+00:00,4359.4,4359.7,0.3000000000001819,CONFIRMED_REVERSAL,53.0
BUY,4361.77,0.00020440951685514252,2026-09-17T20:51:57.500000+00:00,4361.48,4361.77,0.2900000000008731,0.9699999999993452,1.2299999999995634,0.0,-0.005673101806693615,-0.014867439217501397,0.0,5.5,-0.014867439217501397,2026-09-17T20:52:03+00:00,4361.01,4361.31,0.3000000000001819,CONFIRMED_REVERSAL,5.5
SELL,4360.34,0.00020091373036329265,2026-09-17T20:54:35.500000+00:00,4360.34,4360.6,0.2600000000002183,-0.589999999999236,-0.9799999999995634,0.000961393295733541,0.000961393295733541,-0.011344440889617311,16.0,30.5,-0.011344440889617311,2026-09-17T20:55:06+00:00,4360.67,4360.93,0.2600000000002183,CONFIRMED_REVERSAL,30.5
BUY,4361.47,0.00019814380586381287,2026-09-17T20:57:32+00:00,4361.23,4361.47,0.24000000000069122,0.7250000000003638,0.5600000000004002,0.0,-0.004361439014335586,-0.023513845120730525,1.0,3.5,-0.023513845120730525,2026-09-17T20:57:35.500000+00:00,4360.23,4360.53,0.3000000000001819,CONFIRMED_REVERSAL,3.5
BUY,4361.71,0.00019249982989097064,2026-09-17T21:00:44+00:00,4361.39,4361.71,0.31999999999970896,0.6500000000005457,0.8699999999998909,0.0,-0.00589524415046141,-0.013448525718261037,0.0,3.0,-0.012527393819747252,2026-09-17T21:00:48.500000+00:00,4361.03,4361.23,0.1999999999998181,CONFIRMED_REVERSAL,4.5
SELL,4360.68,0.00018954347592603306,2026-09-17T21:02:48+00:00,4360.68,4360.97,0.2899999999999636,-0.6649999999990541,-0.5549999999993815,0.005441912606229542,0.005441912606229542,-0.005260515519351375,11.0,0.0,-0.004716324258716872,2026-09-17T21:03:07+00:00,4360.69,4360.94,0.25,CONFIRMED_REVERSAL,19.0
BUY,4361.53,0.00018837662797850261,2026-09-17T21:03:29.500000+00:00,4361.29,4361.53,0.23999999999978172,1.0200000000004366,0.7349999999996726,0.056608042109774874,0.056608042109774874,-0.0073914959442665734,144.5,4.5,0.04164476983235318,2026-09-17T21:05:58.500000+00:00,4363.84,4364.15,0.3099999999994907,CONFIRMED_REVERSAL,149.0
SELL,4363.09,0.00019828271140181418,2026-09-17T21:06:38+00:00,4363.09,4363.37,0.27999999999974534,-0.6400000000003274,-0.8400000000001455,0.039659990218434166,0.039659990218434166,-0.006831385874938909,49.0,1.0,0.028084586374783366,2026-09-17T21:07:34+00:00,4361.38,4361.61,0.22999999999956344,CONFIRMED_REVERSAL,56.0
BUY,4365.36,0.00020490203707773004,2026-09-17T21:12:53.500000+00:00,4365.16,4365.36,0.1999999999998181,0.4350000000004002,0.7550000000001091,0.0,-0.003921911048519759,-0.01607983529893993,0.0,2.5,-0.013922784222258521,2026-09-17T21:12:57+00:00,4364.65,4364.93,0.28000000000065484,CONFIRMED_REVERSAL,3.5
SELL,4364.04,0.00020163039567582647,2026-09-17T21:13:26+00:00,4364.04,4364.28,0.23999999999978172,-0.569999999999709,-0.7250000000003638,0.0,-0.004631148549597591,-0.019875345858702823,0.0,33.0,-0.019875345858702823,2026-09-17T21:13:59.500000+00:00,4364.8,4365.07,0.26999999999952706,CONFIRMED_REVERSAL,33.5
SELL,4364.4,0.0001968552793489491,2026-09-17T21:16:48+00:00,4364.4,4364.65,0.25,-0.6750000000001819,-0.680000000000291,0.06895243688499594,0.06895243688499594,-0.005275049816351034,176.5,7.5,0.06763367443089963,2026-09-17T21:19:48.500000+00:00,4360.52,4360.81,0.2899999999999636,MAX_HOLD,180.5
SELL,4360.27,0.000213249690151486,2026-09-17T21:20:21+00:00,4360.27,4360.48,0.20999999999912689,-0.6149999999997817,-0.6849999999994907,0.0022449287489149975,0.0022449287489149975,-0.010612390449350542,6.5,8.5,-0.009183799427327225,2026-09-17T21:20:31+00:00,4360.53,4360.72,0.19000000000050932,CONFIRMED_REVERSAL,10.0
SELL,4359.66,0.00021107838464926517,2026-09-17T21:21:13.500000+00:00,4359.66,4359.89,0.23000000000047294,-0.4899999999997817,-0.8950000000004366,0.013534431932614905,0.013534431932614905,-0.0074742385299484985,8.5,0.5,0.0016160515740419256,2026-09-17T21:21:28+00:00,4359.43,4359.58,0.1499999999996362,CONFIRMED_REVERSAL,14.5
SELL,4358.29,0.00021153218750868182,2026-09-17T21:21:54.500000+00:00,4358.29,4358.49,0.1999999999998181,-0.6550000000006548,-0.7950000000000728,0.0133610892110323,0.0133610892110323,-0.012956207719798385,12.5,3.5,-0.00020244074562616502,2026-09-17T21:22:16.500000+00:00,4358.06,4358.3,0.23999999999978172,CONFIRMED_REVERSAL,22.0
SELL,4357.98,0.00021149869556760272,2026-09-17T21:23:32+00:00,4357.98,4358.27,0.2900000000008731,-0.6900000000005093,-0.680000000000291,0.01295415636035959,0.01295415636035959,-0.006477078180198205,14.5,1.0,-0.0006072260794056626,2026-09-17T21:24:56.500000+00:00,4357.78,4358.01,0.23000000000047294,CONFIRMED_REVERSAL,84.5
BUY,4359.17,0.00021129540468093242,2026-09-17T21:25:38.500000+00:00,4358.97,4359.17,0.1999999999998181,0.5599999999994907,0.7349999999996726,0.0,-0.003639854510702596,-0.01193063422950883,0.5,4.0,-0.011728420090021266,2026-09-17T21:25:43.500000+00:00,4358.59,4358.71,0.11999999999989086,CONFIRMED_REVERSAL,5.0
BUY,4358.62,0.00020851036698575946,2026-09-17T21:26:21+00:00,4358.47,4358.62,0.1499999999996362,0.4600000000000364,0.8900000000003274,0.0,-0.002993231998838918,-0.013170220794920277,0.0,3.0,-0.01237202559522869,2026-09-17T21:26:24.500000+00:00,4358.0,4358.16,0.15999999999985448,CONFIRMED_REVERSAL,3.5
SELL,4357.03,0.0002056193813212966,2026-09-17T21:29:06+00:00,4357.03,4357.13,0.1000000000003638,-0.6000000000003638,-0.6300000000001091,0.02695914303261179,0.02695914303261179,-0.0019678206593220448,60.0,0.0,0.0076745005713166016,2026-09-17T21:30:11.500000+00:00,4356.37,4356.64,0.27000000000043656,CONFIRMED_REVERSAL,65.5
SELL,4354.5,0.0002075804268848025,2026-09-17T21:30:43.500000+00:00,4354.5,4354.66,0.15999999999985448,-0.6049999999995634,-0.805000000000291,0.023839059326122857,0.023839059326122857,-0.0037745177266287414,15.5,0.5,0.009535623730441915,2026-09-17T21:31:05+00:00,4353.85,4354.02,0.17000000000007276,CONFIRMED_REVERSAL,21.5
SELL,4352.91,0.00020994526175829623,2026-09-17T21:32:25+00:00,4352.91,4353.06,0.1500000000005457,-0.6899999999986903,-1.014999999999418,0.0,-0.0030138303653087606,-0.019489436362264197,0.0,2.0,-0.018484826240494613,2026-09-17T21:32:28+00:00,4353.6,4353.83,0.22999999999956344,CONFIRMED_REVERSAL,3.0
SELL,4351.11,0.0002055930246025886,2026-09-17T21:33:58.500000+00:00,4351.11,4351.4,0.2899999999999636,-1.4400000000005093,-1.9250000000010914,0.0,-0.00019675684200248875,-0.012592437887890856,7.0,7.5,-0.011608653677896307,2026-09-17T21:34:07+00:00,4351.42,4351.7,0.27999999999974534,CONFIRMED_REVERSAL,8.5
SELL,4349.86,0.00020286351211924028,2026-09-17T21:34:37+00:00,4349.86,4350.08,0.22000000000025466,-0.7500000000009095,-1.2600000000002183,0.023297356947820563,0.023297356947820563,-0.007183351725576978,112.5,30.5,-0.0013590124886350792,2026-09-17T21:36:46+00:00,4349.67,4349.93,0.2600000000002183,CONFIRMED_REVERSAL,129.0
BUY,4350.87,0.00020249003813998956,2026-09-17T21:37:24.500000+00:00,4350.52,4350.87,0.3499999999994543,0.9600000000000364,0.6899999999995998,0.005426042126136652,0.005426042126136652,-0.01627812637842758,11.0,31.0,-0.014534041409307821,2026-09-17T21:37:56+00:00,4350.12,4350.29,0.17000000000007276,CONFIRMED_REVERSAL,31.5
BUY,4350.97,0.000198994955005809,2026-09-17T21:38:39.500000+00:00,4350.82,4350.97,0.1500000000005457,1.140000000001237,0.7450000000008004,0.01523538806677261,0.01523538806677261,-0.00856990578755418,10.5,0.5,0.003047077613351058,2026-09-17T21:38:56+00:00,4351.13,4351.35,0.22000000000025466,CONFIRMED_REVERSAL,16.5
BUY,4351.89,0.00019968450458576019,2026-09-17T21:40:46+00:00,4351.67,4351.89,0.22000000000025466,0.5150000000003274,0.7000000000007276,0.01739030604794558,0.01739030604794558,-0.006115272456433221,27.0,3.5,0.00898180642035642,2026-09-17T21:41:16.500000+00:00,4352.36,4352.55,0.19000000000050932,CONFIRMED_REVERSAL,30.5
SELL,4351.32,0.0002018675184489422,2026-09-17T21:42:58.500000+00:00,4351.32,4351.59,0.27000000000043656,-0.7250000000003638,-0.8600000000005821,0.0,-0.005216169268093612,-0.017773613802365716,0.0,22.0,-0.017773613802365716,2026-09-17T21:43:20.500000+00:00,4352.0,4352.24,0.23999999999978172,CONFIRMED_REVERSAL,22.0
BUY,4352.51,0.00019754540682960777,2026-09-17T21:45:44.500000+00:00,4352.29,4352.51,0.22000000000025466,0.5349999999998545,0.7749999999996362,0.0,-0.004159212261373332,-0.01701495925106334,0.0,7.0,-0.014935353120368079,2026-09-17T21:45:53+00:00,4351.72,4351.93,0.21000000000003638,CONFIRMED_REVERSAL,8.5
SELL,4350.3,0.00019405840322285175,2026-09-17T21:46:18+00:00,4350.3,4350.51,0.21000000000003638,-1.5849999999991269,-1.5999999999994543,0.0,-0.0029714874737690865,-0.01875751467818847,0.5,16.0,-0.015414591270189803,2026-09-17T21:46:35+00:00,4350.93,4351.13,0.1999999999998181,CONFIRMED_REVERSAL,17.0
BUY,4351.62,0.00019029819333325643,2026-09-17T21:48:06.500000+00:00,4351.43,4351.62,0.18999999999959982,0.3999999999996362,0.5249999999996362,0.017119220524515998,0.017119220524515998,-0.0045529841820496604,70.0,1.0,0.010927162036925809,2026-09-17T21:49:22.500000+00:00,4352.22,4352.45,0.22999999999956344,CONFIRMED_REVERSAL,76.0
SELL,4351.23,0.00019293931041863176,2026-09-17T21:50:34+00:00,4351.23,4351.43,0.2000000000007276,-0.47000000000025466,-0.5650000000005093,0.009416995561590856,0.009416995561590856,-0.005354762182104454,17.0,9.5,0.0,2026-09-17T21:51:00.500000+00:00,4350.91,4351.23,0.31999999999970896,CONFIRMED_REVERSAL,26.5
BUY,4351.46,0.00019292911245257063,2026-09-17T21:51:40.500000+00:00,4351.24,4351.46,0.22000000000025466,0.625,0.6950000000006185,0.012555330424741443,0.012555330424741443,-0.004062018666831077,4.5,0.0,-0.00036927442426500366,2026-09-17T21:51:57.500000+00:00,4351.44,4351.82,0.38000000000010914,CONFIRMED_REVERSAL,17.0
SELL,4351.02,0.0001928599403008849,2026-09-17T21:52:28+00:00,4351.02,4351.24,0.21999999999934516,-0.7249999999994543,-0.7849999999998545,0.029531362068277625,0.029531362068277625,-0.004614275323167329,49.5,5.0,0.00885940862049,2026-09-17T21:53:35.500000+00:00,4350.3,4350.54,0.23999999999978172,CONFIRMED_REVERSAL,67.5
BUY,4353.47,0.00019487781805833005,2026-09-17T22:00:37.500000+00:00,4353.32,4353.47,0.1500000000005457,0.875,1.3100000000004002,0.0044760519435799555,0.0044760519435799555,-0.009325108215800054,20.5,11.0,-0.005781567093803497,2026-09-17T22:01:09.500000+00:00,4353.16,4353.38,0.22000000000025466,CONFIRMED_REVERSAL,32.0
BUY,4355.24,0.00019341150481319282,2026-09-17T22:01:39+00:00,4355.09,4355.24,0.1499999999996362,0.8299999999999272,1.4900000000006912,0.0007403954869906331,0.0007403954869906331,-0.010735734561372596,20.5,25.5,-0.010735734561372596,2026-09-17T22:02:04.500000+00:00,4354.66,4354.83,0.17000000000007276,CONFIRMED_REVERSAL,25.5
BUY,4355.0,0.00019084630423500662,2026-09-17T22:03:10+00:00,4354.79,4355.0,0.21000000000003638,0.6900000000005093,0.8100000000013097,0.005114029785903477,0.005114029785903477,-0.01041070349273623,12.5,4.5,-0.004566098023132257,2026-09-17T22:03:41.500000+00:00,4354.75,4354.9,0.1499999999996362,CONFIRMED_REVERSAL,31.5
SELL,4354.11,0.0001897895315776537,2026-09-17T22:06:37.500000+00:00,4354.11,4354.24,0.13000000000010914,-0.3600000000005821,-0.8550000000004729,0.0,-0.0007265302691992501,-0.009808158634198136,2.0,17.0,-0.00944489349960677,2026-09-17T22:06:55+00:00,4354.46,4354.63,0.17000000000007276,CONFIRMED_REVERSAL,17.5
BUY,4355.0,0.00018748460199667467,2026-09-17T22:08:00+00:00,4354.85,4355.0,0.1499999999996362,0.3500000000003638,0.75,0.017583816726163208,0.017583816726163208,-0.006638787947634047,7.0,3.0,0.006638787947634047,2026-09-17T22:08:13+00:00,4355.37,4355.52,0.1500000000005457,CONFIRMED_REVERSAL,13.0
SELL,4354.2,0.0001891122070574115,2026-09-17T22:09:16+00:00,4354.2,4354.36,0.15999999999985448,-0.7449999999998909,-0.8400000000001455,0.004162640130728792,0.004162640130728792,-0.006696421079878792,11.5,19.0,-0.004886577544785759,2026-09-17T22:09:36+00:00,4354.32,4354.47,0.1500000000005457,CONFIRMED_REVERSAL,20.0
BUY,4354.87,0.00018791062474398607,2026-09-17T22:11:25.500000+00:00,4354.69,4354.87,0.18000000000029104,0.8249999999998181,0.6099999999996726,0.008092548630136873,0.008092548630136873,-0.0037765226940660547,5.0,1.0,-0.0014386753120236059,2026-09-17T22:11:37+00:00,4354.79,4354.98,0.18999999999959982,CONFIRMED_REVERSAL,11.5
SELL,4354.01,0.00018760247619570693,2026-09-17T22:12:11.500000+00:00,4354.01,4354.17,0.15999999999985448,-0.569999999999709,-0.8599999999996726,0.005745264299892436,0.005745264299892436,-0.005386185281142015,5.5,11.0,-0.004847566753016384,2026-09-17T22:12:23+00:00,4354.11,4354.28,0.17000000000007276,CONFIRMED_REVERSAL,11.5
BUY,4355.85,0.00018636036376908806,2026-09-17T22:12:57.500000+00:00,4355.7,4355.85,0.1500000000005457,0.5900000000001455,0.7649999999994179,0.0,-0.002675261725429579,-0.016943324261005338,0.0,61.5,-0.01640827191590969,2026-09-17T22:13:59.500000+00:00,4354.93,4355.07,0.13999999999941792,CONFIRMED_REVERSAL,62.0
SELL,4352.27,0.0001825742973337655,2026-09-17T22:16:03.500000+00:00,4352.27,4352.39,0.11999999999989086,-0.9200000000000728,-1.2250000000003638,0.05171932123616329,0.05171932123616329,-0.01013419132330087,61.0,23.5,0.041759857349474884,2026-09-17T22:17:10+00:00,4349.59,4349.88,0.2899999999999636,CONFIRMED_REVERSAL,66.5
BUY,4349.98,0.0001927015512989921,2026-09-17T22:18:07+00:00,4349.75,4349.98,0.22999999999956344,0.5299999999997453,0.5049999999991996,0.019548459720532926,0.019548459720532926,-0.008667713272296422,44.5,3.0,0.008114454978340752,2026-09-17T22:18:57+00:00,4350.42,4350.68,0.2600000000002183,CONFIRMED_REVERSAL,50.0
BUY,4351.55,0.00019458049715084387,2026-09-17T22:19:20.500000+00:00,4351.31,4351.55,0.23999999999978172,1.1000000000003638,0.9600000000000364,0.009869533964076539,0.009869533964076539,-0.004469222927127081,39.0,0.0,-0.002979481951418054,2026-09-17T22:20:07+00:00,4351.39,4351.63,0.23999999999978172,CONFIRMED_REVERSAL,46.5
SELL,4347.6,0.00019404118925898502,2026-09-17T22:21:48+00:00,4347.6,4347.86,0.2599999999993088,-1.4700000000002547,-1.8850000000002183,0.0,-0.004642537324645578,-0.024141194088143494,0.5,4.0,-0.0213556716933629,2026-09-17T22:21:52.500000+00:00,4348.52,4348.75,0.22999999999956344,CONFIRMED_REVERSAL,4.5
BUY,4348.59,0.00018886552598833037,2026-09-17T22:24:25.500000+00:00,4348.36,4348.59,0.23000000000047294,0.7100000000009459,0.8850000000002183,0.007952924080055395,0.007952924080055395,-0.006506937883698126,16.0,1.5,-0.0014459861963737083,2026-09-17T22:24:45.500000+00:00,4348.51,4348.7,0.18999999999959982,CONFIRMED_REVERSAL,20.0
BUY,4349.59,0.0001884747328942967,2026-09-17T22:25:34+00:00,4349.4,4349.59,0.19000000000050932,1.1400000000003274,1.4899999999997817,0.002525239882878759,0.002525239882878759,-0.007034596816625983,10.5,1.5,-0.005952351152523367,2026-09-17T22:25:50+00:00,4349.26,4349.41,0.1499999999996362,CONFIRMED_REVERSAL,16.0
SELL,4347.47,0.00018713600030918824,2026-09-17T22:26:48+00:00,4347.47,4347.65,0.17999999999938154,-1.2250000000003638,-1.5600000000013097,0.024893938419119917,0.024893938419119917,-0.003223675478723117,19.0,0.0,0.010924678011276303,2026-09-17T22:27:11+00:00,4346.72,4346.86,0.13999999999941792,CONFIRMED_REVERSAL,23.0
SELL,4345.93,0.00018982897637170298,2026-09-17T22:27:45+00:00,4345.93,4346.12,0.18999999999959982,-0.6900000000005093,-0.8800000000010186,0.038332436844013745,0.038332436844013745,-0.008175164255826756,18.5,9.5,0.028703910053802,2026-09-17T22:28:08.500000+00:00,4344.1,4344.35,0.25,CONFIRMED_REVERSAL,23.5
SELL,4344.07,0.00019681460509379976,2026-09-17T22:29:29.500000+00:00,4344.07,4344.27,0.2000000000007276,-0.7799999999997453,-0.7950000000000728,0.017328725336696917,0.017328725336696917,-0.015068456814521293,32.0,17.0,0.0030136913629008324,2026-09-17T22:30:07+00:00,4343.71,4343.91,0.1999999999998181,CONFIRMED_REVERSAL,37.5
SELL,4343.97,0.0001975440565269429,2026-09-17T22:30:55+00:00,4343.97,4344.18,0.21000000000003638,-1.0399999999990541,-1.269999999999527,0.0,-0.0030248609683407915,-0.014746197220669955,1.5,9.0,-0.014746197220669955,2026-09-17T22:31:04+00:00,4344.55,4344.75,0.1999999999998181,CONFIRMED_REVERSAL,9.0
BUY,4346.77,0.0001938720058393309,2026-09-17T22:31:27+00:00,4346.58,4346.77,0.19000000000050932,0.4399999999995998,1.4000000000005457,0.0,-0.003525252037116334,-0.013915468567527175,0.0,11.5,-0.013544389405735224,2026-09-17T22:31:39.500000+00:00,4346.04,4346.21,0.17000000000007276,CONFIRMED_REVERSAL,12.5
SELL,4343.79,0.00019074687367389562,2026-09-17T22:34:58+00:00,4343.79,4344.07,0.27999999999974534,-0.6199999999998909,-0.8549999999995634,0.0,0.0,-0.013873706048064144,3.0,7.0,-0.0122307671739491,2026-09-17T22:35:05.500000+00:00,4344.29,4344.46,0.17000000000007276,CONFIRMED_REVERSAL,7.5
SELL,4342.99,0.00018783932771196377,2026-09-17T22:36:00.500000+00:00,4342.99,4343.25,0.2600000000002183,-0.8499999999994543,-1.1599999999998545,0.0,-0.0023369603562029685,-0.012583632687232919,3.0,8.0,-0.012044334143498805,2026-09-17T22:36:09+00:00,4343.41,4343.66,0.25,CONFIRMED_REVERSAL,8.5
BUY,4344.79,0.0001848648811341978,2026-09-17T22:36:32.500000+00:00,4344.56,4344.79,0.22999999999956344,0.5800000000008367,1.0700000000006185,0.0014153565872621616,0.0014153565872621616,-0.010261335257658717,6.0,19.0,-0.010084415684246926,2026-09-17T22:36:53.500000+00:00,4344.22,4344.44,0.21999999999934516,CONFIRMED_REVERSAL,21.0
BUY,4345.17,0.00018242365400627296,2026-09-17T22:40:10+00:00,4344.96,4345.17,0.21000000000003638,0.4350000000004002,0.5650000000005093,0.006983330711223143,0.006983330711223143,-0.006110414372332159,25.0,55.0,-0.0034916653556115716,2026-09-17T22:41:05.500000+00:00,4344.97,4345.22,0.25,CONFIRMED_REVERSAL,55.5
BUY,4346.98,0.00018150838411915877,2026-09-17T22:46:06.500000+00:00,4346.73,4346.98,0.25,0.5649999999995998,0.7649999999994179,0.008511659428638978,0.008511659428638978,-0.021192294903917,36.5,42.5,-0.021192294903917,2026-09-17T22:46:49+00:00,4345.76,4346.1,0.3400000000001455,CONFIRMED_REVERSAL,42.5
BUY,4346.84,0.00017641994937374404,2026-09-17T22:47:46.500000+00:00,4346.69,4346.84,0.1500000000005457,0.3149999999986903,0.7549999999991996,0.0,-0.002532563945553362,-0.013507007709571863,0.0,10.5,-0.013507007709571863,2026-09-17T22:47:57+00:00,4346.04,4346.28,0.23999999999978172,CONFIRMED_REVERSAL,10.5
BUY,4345.94,0.00017320894830252415,2026-09-17T22:50:14.500000+00:00,4345.81,4345.94,0.12999999999919964,0.569999999999709,0.5400000000008731,0.009945876054811828,0.009945876054811828,-0.0026522336146124676,17.0,38.0,-0.0023207044127783708,2026-09-17T22:50:53.500000+00:00,4345.8,4346.11,0.3099999999994907,CONFIRMED_REVERSAL,39.0
BUY,4346.83,0.00017261562368660113,2026-09-17T22:51:41+00:00,4346.55,4346.83,0.27999999999974534,0.5700000000006185,0.8750000000009095,0.010572593714960589,0.010572593714960589,-0.008259838839808735,21.0,48.5,-0.007599051732624637,2026-09-17T22:52:30+00:00,4346.37,4346.6,0.23000000000047294,CONFIRMED_REVERSAL,49.0
BUY,4348.41,0.00017072687552923305,2026-09-17T22:53:49.500000+00:00,4348.23,4348.41,0.18000000000029104,0.49499999999898137,0.7899999999999636,0.01552197448885393,0.01552197448885393,-0.002941005692630274,17.0,0.0,0.0019606704617485624,2026-09-17T22:54:26+00:00,4348.53,4348.7,0.17000000000007276,CONFIRMED_REVERSAL,36.5
BUY,4348.85,0.0001711806972708713,2026-09-17T22:56:46+00:00,4348.67,4348.85,0.18000000000029104,0.9500000000007276,0.8850000000002183,0.001474411698733283,0.001474411698733283,-0.010812352457481706,13.0,16.5,-0.010812352457481706,2026-09-17T22:57:03+00:00,4348.19,4348.44,0.25,CONFIRMED_REVERSAL,17.0
SELL,4347.28,0.00016864366898532583,2026-09-17T22:58:39+00:00,4347.28,4347.48,0.1999999999998181,-1.6000000000003638,-1.1850000000013097,0.012750247086143848,0.012750247086143848,-0.0062944257767095,46.5,12.5,0.004841865982083101,2026-09-17T22:59:32+00:00,4346.77,4346.98,0.20999999999912689,CONFIRMED_REVERSAL,53.0
SELL,4346.07,0.00016985473298315352,2026-09-18T01:43:19.500000+00:00,4346.07,4346.29,0.22000000000025466,-0.5450000000000728,-0.7999999999992724,0.028121936529661714,0.028121936529661714,-0.003576200021118092,105.5,0.0,0.021294645580261166,2026-09-18T01:45:13+00:00,4344.45,4344.76,0.3100000000004002,CONFIRMED_REVERSAL,113.5
BUY,4345.11,0.00017501318249638951,2026-09-18T01:56:25+00:00,4344.76,4345.11,0.3499999999994543,0.7549999999991996,1.6649999999990541,0.015911672637970522,0.015911672637970522,-0.005862195182396562,16.0,0.0,-0.0038522996912878633,2026-09-18T01:56:48+00:00,4344.88,4345.34,0.4600000000000364,CONFIRMED_REVERSAL,23.0
SELL,4345.46,0.00017407276242319033,2026-09-18T03:00:10.500000+00:00,4345.46,4345.79,0.32999999999992724,-0.6850000000004002,-0.6100000000005821,0.03698326619507914,0.03698326619507914,-0.007496608012512151,27.0,1.0,0.030652797206731166,2026-09-18T03:00:43.500000+00:00,4343.32,4343.62,0.3000000000001819,CONFIRMED_REVERSAL,33.0
SELL,4343.74,0.0001815153794852758,2026-09-18T03:06:02.500000+00:00,4343.74,4344.01,0.27000000000043656,-0.6999999999998181,-1.25,0.0,-0.004690278809747793,-0.016502832849082764,0.0,5.5,-0.016502832849082764,2026-09-18T03:06:08+00:00,4344.42,4344.69,0.26999999999952706,CONFIRMED_REVERSAL,5.5
BUY,4349.27,0.00017731979238683082,2026-09-18T03:10:43.500000+00:00,4348.93,4349.27,0.3400000000001455,1.1000000000003638,2.1850000000004,0.03903071595685021,0.03903071595685021,-0.009842528371744758,86.0,2.5,0.030036681410273165,2026-09-18T03:12:13+00:00,4351.04,4351.42,0.38000000000010914,CONFIRMED_REVERSAL,89.5
BUY,4353.34,0.00018436355917220108,2026-09-18T03:12:59+00:00,4353.19,4353.34,0.1500000000005457,1.0999999999994543,1.1899999999995998,0.025230891080048223,0.025230891080048223,-0.0035287959552475715,30.0,0.5,0.01799685937177064,2026-09-18T03:13:39+00:00,4354.36,4354.62,0.2600000000002183,CONFIRMED_REVERSAL,40.0
SELL,4352.76,0.00018870839185304106,2026-09-18T03:14:06+00:00,4352.76,4353.05,0.2899999999999636,-0.875,-0.964999999999236,0.0,-0.00523733892250743,-0.019143376751227258,0.0,14.0,-0.019143376751227258,2026-09-18T03:14:20+00:00,4353.46,4353.82,0.3599999999996726,CONFIRMED_REVERSAL,14.0
SELL,4352.96,0.00018410443702350282,2026-09-18T03:15:13.500000+00:00,4352.96,4353.28,0.31999999999970896,-1.1300000000001091,-1.355000000000473,0.0,-0.00035238362484100663,-0.012685810494580705,7.5,10.5,-0.012685810494580705,2026-09-18T03:15:24+00:00,4353.28,4353.68,0.4000000000005457,CONFIRMED_REVERSAL,10.5
SELL,4352.31,0.00018108630376055982,2026-09-18T03:21:15+00:00,4352.31,4352.65,0.339999999999236,-1.0100000000002183,-1.7100000000009459,0.015597305596020582,0.015597305596020582,-0.006238922238398775,18.0,9.0,0.005372405260855212,2026-09-18T03:21:41+00:00,4351.64,4352.0,0.3599999999996726,CONFIRMED_REVERSAL,26.0
SELL,4354.32,0.0001822919321815367,2026-09-18T03:25:22+00:00,4354.32,4354.66,0.3400000000001455,-1.0349999999998545,-1.1149999999997817,0.00802503153250273,0.00802503153250273,-0.005931545045764958,7.0,0.0,-0.0008722860361447055,2026-09-18T03:25:30.500000+00:00,4353.87,4354.37,0.5,CONFIRMED_REVERSAL,8.5
BUY,4360.19,0.00018183747645762828,2026-09-18T03:38:34.500000+00:00,4359.95,4360.19,0.23999999999978172,0.680000000000291,1.1649999999999636,0.0,-0.003480445671135952,-0.02123071859393722,6.0,24.5,-0.019664518041922086,2026-09-18T03:38:59.500000+00:00,4359.06,4359.48,0.41999999999916326,CONFIRMED_REVERSAL,25.0
SELL,4357.54,0.0001772326385153331,2026-09-18T03:45:53.500000+00:00,4357.54,4357.87,0.32999999999992724,-0.9949999999998909,-1.1599999999998545,0.0,-0.0013569228555554266,-0.008989613918058558,3.0,7.5,-0.0078023064194514165,2026-09-18T03:46:01.500000+00:00,4357.59,4358.0,0.4099999999998545,CONFIRMED_REVERSAL,8.0
SELL,4357.28,0.0001753721611336363,2026-09-18T04:13:54.500000+00:00,4357.28,4357.57,0.2899999999999636,-1.0700000000006185,-1.0200000000004366,0.0,-0.004867210389587328,-0.02517522615304106,0.0,14.0,-0.02517522615304106,2026-09-18T04:14:08.500000+00:00,4358.33,4358.78,0.4499999999998181,CONFIRMED_REVERSAL,14.0
SELL,4357.13,0.000169340778469841,2026-09-18T04:32:02+00:00,4357.13,4357.44,0.3099999999994907,-0.6649999999999636,-0.875,0.0460258014471663,0.0460258014471663,-0.005510131159169872,44.0,0.5,0.033546974998456325,2026-09-18T04:32:54+00:00,4354.72,4355.06,0.3400000000001455,CONFIRMED_REVERSAL,52.0
BUY,4353.95,0.00017751543477475344,2026-09-18T04:34:09.500000+00:00,4353.61,4353.95,0.3400000000001455,0.784999999998945,1.1499999999996362,0.003737491975882851,0.003737491975882851,-0.007474983951750252,13.5,2.0,-0.004247149972589233,2026-09-18T04:34:32+00:00,4353.7,4354.04,0.3400000000001455,CONFIRMED_REVERSAL,22.5
SELL,4350.89,0.00017662028719829463,2026-09-18T04:35:03+00:00,4350.89,4351.24,0.3499999999994543,-1.2399999999997817,-2.209999999999127,0.0,-0.002366410534237349,-0.01538166847260426,1.0,3.5,-0.01538166847260426,2026-09-18T04:35:08.500000+00:00,4351.47,4351.8,0.32999999999992724,CONFIRMED_REVERSAL,5.5
BUY,4354.73,0.00017277374147952254,2026-09-18T04:36:49.500000+00:00,4354.38,4354.73,0.3499999999994543,0.8850000000002183,0.6900000000005093,0.0,-0.005621835360699489,-0.008267404942223708,0.5,2.0,-0.008267404942223708,2026-09-18T04:36:52+00:00,4354.23,4354.64,0.410000000000764,CONFIRMED_REVERSAL,2.5
BUY,4355.0,0.00017077940485858839,2026-09-18T04:38:03.500000+00:00,4354.71,4355.0,0.2899999999999636,1.2249999999994543,1.125,0.0,-0.0035956684899819268,-0.017488024019432554,1.5,17.5,-0.017488024019432554,2026-09-18T04:38:21+00:00,4353.93,4354.43,0.5,CONFIRMED_REVERSAL,17.5
SELL,4350.26,0.00016676495470139546,2026-09-18T04:39:51.500000+00:00,4350.26,4350.59,0.32999999999992724,-2.369999999999891,-2.269999999999527,0.0,-0.005266719602537217,-0.018034524699602855,0.0,3.5,-0.018034524699602855,2026-09-18T04:39:55+00:00,4351.02,4351.39,0.36999999999989086,CONFIRMED_REVERSAL,3.5
BUY,4350.39,0.0001624283045791377,2026-09-18T04:41:07.500000+00:00,4350.11,4350.39,0.28000000000065484,0.6100000000005821,0.7350000000005821,0.0,-0.002953498671063905,-0.015233835250717184,16.0,21.5,-0.015233835250717184,2026-09-18T04:41:30+00:00,4349.41,4349.72,0.3100000000004002,CONFIRMED_REVERSAL,22.5
SELL,4349.22,0.00015881203942528726,2026-09-18T04:43:03.500000+00:00,4349.22,4349.34,0.11999999999989086,-0.819999999999709,-0.6799999999993815,0.005015553073832213,0.005015553073832213,-0.003647674962784551,6.5,12.0,-0.002431783308523034,2026-09-18T04:43:16.500000+00:00,4348.98,4349.38,0.4000000000005457,CONFIRMED_REVERSAL,13.0
SELL,4348.18,0.0001582656434366701,2026-09-18T04:44:30+00:00,4348.18,4348.46,0.27999999999974534,-1.050000000000182,-1.3400000000001455,0.018781479499088746,0.018781479499088746,-0.005604151140852349,43.5,9.0,0.005301224052164701,2026-09-18T04:45:24+00:00,4347.49,4347.83,0.3400000000001455,CONFIRMED_REVERSAL,54.0
SELL,4346.49,0.0001596016102645492,2026-09-18T04:46:24+00:00,4346.49,4346.74,0.25,-0.7250000000003638,-1.3700000000008004,0.005651457428306931,0.005651457428306931,-0.006873394169561733,1.5,18.5,-0.006873394169561733,2026-09-18T04:46:42.500000+00:00,4346.62,4346.94,0.31999999999970896,CONFIRMED_REVERSAL,18.5
BUY,4349.83,0.00015782794512356367,2026-09-18T04:47:27.500000+00:00,4349.55,4349.83,0.27999999999974534,1.4500000000007276,1.5800000000008367,0.007250143577771848,0.007250143577771848,-0.008609545498591192,19.5,1.0,0.0004531339736064476,2026-09-18T04:47:53+00:00,4349.86,4350.25,0.3900000000003274,CONFIRMED_REVERSAL,25.5
SELL,4348.83,0.000157973113313745,2026-09-18T04:48:55+00:00,4348.83,4349.16,0.32999999999992724,-1.0050000000001091,-1.2750000000005457,0.013304155645145404,0.013304155645145404,-0.005896159888193658,26.5,1.5,-0.0028724881506637374,2026-09-18T04:49:37.500000+00:00,4348.52,4349.02,0.5,CONFIRMED_REVERSAL,42.5
BUY,4346.69,0.00015736036506381544,2026-09-18T04:52:10.500000+00:00,4346.39,4346.69,0.2999999999992724,0.9250000000001819,1.0900000000001455,0.05255841370288487,0.05255841370288487,-0.005120303913735577,121.0,0.5,0.0316254065260904,2026-09-18T04:54:15+00:00,4348.79,4349.22,0.43000000000029104,CONFIRMED_REVERSAL,124.5
BUY,4350.11,0.00016483316557112967,2026-09-18T04:56:08+00:00,4349.78,4350.11,0.32999999999992724,0.6899999999995998,0.8599999999996726,0.0006309952037916185,0.0006309952037916185,-0.010726918464457513,12.5,3.5,-0.007571942445499422,2026-09-18T04:56:28+00:00,4349.63,4349.92,0.2899999999999636,CONFIRMED_REVERSAL,20.0
BUY,4349.98,0.00016301923455629914,2026-09-18T05:05:12.500000+00:00,4349.82,4349.98,0.15999999999985448,0.8249999999989086,1.1499999999996362,0.0,-0.001872153970489945,-0.020125655182784644,4.0,14.0,-0.016849385734423693,2026-09-18T05:05:27+00:00,4348.9,4349.13,0.23000000000047294,CONFIRMED_REVERSAL,14.5
BUY,4351.52,0.000158915581820407,2026-09-18T05:08:32.500000+00:00,4351.24,4351.52,0.28000000000065484,0.5999999999994543,0.8499999999994543,0.0,-0.0036500531767148575,-0.012166843922350583,1.5,3.0,-0.012166843922350583,2026-09-18T05:08:36.500000+00:00,4350.72,4351.14,0.42000000000007276,CONFIRMED_REVERSAL,4.0
SELL,4349.71,0.0001560589294590958,2026-09-18T05:09:56.500000+00:00,4349.71,4350.05,0.3400000000001455,-0.7049999999990177,-0.9899999999997817,0.019266365782153114,0.019266365782153114,-0.005227308545550999,15.5,0.5,0.011649430472926317,2026-09-18T05:10:18+00:00,4348.65,4348.93,0.28000000000065484,CONFIRMED_REVERSAL,21.5
BUY,4348.22,0.00015891184957415142,2026-09-18T05:11:13.500000+00:00,4348.0,4348.22,0.22000000000025466,0.4650000000001455,0.6700000000000728,0.0,-0.0033458034982125607,-0.013535295970031032,0.0,6.0,-0.013535295970031032,2026-09-18T05:11:19.500000+00:00,4347.33,4347.72,0.3900000000003274,CONFIRMED_REVERSAL,6.0
BUY,4353.68,0.00015546400469102306,2026-09-18T05:26:45+00:00,4353.42,4353.68,0.2600000000002183,0.680000000000291,0.9800000000004729,0.0,-0.002380517075732356,-0.015027014040577415,6.0,18.5,-0.014729449406117635,2026-09-18T05:27:04.500000+00:00,4352.69,4353.08,0.3900000000003274,CONFIRMED_REVERSAL,19.5
SELL,4354.17,0.0001519117516033607,2026-09-18T05:34:31.500000+00:00,4354.17,4354.51,0.3400000000001455,-1.2100000000000364,-1.8999999999996362,0.0,-0.003053037465055726,-0.010612939759471245,1.0,6.0,-0.008868346922298431,2026-09-18T05:34:38+00:00,4354.49,4354.78,0.2899999999999636,CONFIRMED_REVERSAL,6.5
BUY,4355.46,0.00014973917212671788,2026-09-18T05:47:19.500000+00:00,4355.28,4355.46,0.18000000000029104,0.4499999999998181,0.7449999999998909,0.002579463580466077,0.002579463580466077,-0.007021873080143172,11.0,8.5,-0.006591962483403171,2026-09-18T05:47:39.500000+00:00,4355.0,4355.42,0.42000000000007276,CONFIRMED_REVERSAL,20.0
SELL,4349.76,0.00014835185681812227,2026-09-18T05:54:19.500000+00:00,4349.76,4350.11,0.3499999999994543,-2.125,-2.7650000000003274,0.009796333123118828,0.009796333123118828,-0.013913632551659548,5.0,17.5,-0.013913632551659548,2026-09-18T05:54:37+00:00,4350.28,4350.74,0.4600000000000364,CONFIRMED_REVERSAL,17.5
SELL,4348.04,0.00014506685558206734,2026-09-18T05:55:02.500000+00:00,4348.04,4348.37,0.32999999999992724,-0.9149999999999636,-1.639999999999418,0.0012494882447660713,0.0012494882447660713,-0.008746417713349872,3.0,7.0,-0.008607585686150835,2026-09-18T05:55:10+00:00,4348.17,4348.66,0.4899999999997817,CONFIRMED_REVERSAL,7.5
BUY,4348.07,0.00014299731736125833,2026-09-18T05:57:55+00:00,4347.83,4348.07,0.23999999999978172,0.5150000000003274,0.8800000000001091,0.0,-0.003284434455798344,-0.013411440694516129,0.0,2.5,-0.013411440694516129,2026-09-18T05:57:58+00:00,4347.09,4347.33,0.23999999999978172,CONFIRMED_REVERSAL,3.0
SELL,4344.64,0.00013988468747641792,2026-09-18T05:58:31.500000+00:00,4344.64,4344.94,0.2999999999992724,-1.0099999999993088,-1.4450000000006185,0.013521130932833187,0.013521130932833187,-0.004016177504791328,16.5,0.0,0.0018742161689115485,2026-09-18T05:58:52.500000+00:00,4344.03,4344.5,0.47000000000025466,CONFIRMED_REVERSAL,21.0
BUY,4348.61,0.0001402073292896402,2026-09-18T06:03:21.500000+00:00,4348.29,4348.61,0.31999999999970896,0.9600000000000364,1.5649999999995998,0.003220352603627693,0.003220352603627693,-0.01368649856537193,4.5,9.0,-0.01368649856537193,2026-09-18T06:03:30.500000+00:00,4347.59,4348.13,0.5399999999999636,CONFIRMED_REVERSAL,9.0
BUY,4352.17,0.00013680666119077724,2026-09-18T06:05:17+00:00,4351.89,4352.17,0.27999999999974534,0.6300000000010186,2.110000000000582,0.0,-0.003665951735581513,-0.01976995400262114,0.0,4.5,-0.018591612373324105,2026-09-18T06:05:22+00:00,4350.75,4351.26,0.5100000000002183,CONFIRMED_REVERSAL,5.0
SELL,4340.42,0.00013270128253615654,2026-09-18T06:17:15.500000+00:00,4340.42,4340.75,0.32999999999992724,-1.2849999999998545,-1.2349999999996726,0.016763724663048932,0.016763724663048932,-0.005079916564556783,13.0,3.0,0.008127866503302402,2026-09-18T06:17:35.500000+00:00,4339.37,4339.78,0.4099999999998545,CONFIRMED_REVERSAL,20.0
SELL,4337.39,0.0001347520473897636,2026-09-18T06:18:15.500000+00:00,4337.39,4337.64,0.25,-0.6949999999987995,-1.4899999999997817,0.0,-0.003224013478624974,-0.011219566905613503,0.0,4.0,-0.011219566905613503,2026-09-18T06:18:19.500000+00:00,4337.87,4338.26,0.3900000000003274,CONFIRMED_REVERSAL,4.0
SELL,4338.64,0.00013201112669062153,2026-09-18T06:21:11.500000+00:00,4338.64,4338.99,0.3499999999994543,-1.055000000000291,-1.3549999999995634,0.01781357628720818,0.01781357628720818,-0.004421809716673592,40.0,0.0,0.007453907808120372,2026-09-18T06:21:56.500000+00:00,4337.65,4338.05,0.4000000000005457,CONFIRMED_REVERSAL,45.0
BUY,4338.04,0.00013382481747049917,2026-09-18T06:26:50.500000+00:00,4337.73,4338.04,0.3100000000004002,1.3999999999996362,1.3299999999999272,0.00883704808418486,0.00883704808418486,-0.005507145907542415,21.5,3.0,-0.00012807316064323017,2026-09-18T06:27:13.500000+00:00,4338.03,4338.34,0.3100000000004002,CONFIRMED_REVERSAL,23.0
BUY,4342.34,0.00013366147891742021,2026-09-18T06:30:12+00:00,4342.15,4342.34,0.19000000000050932,1.1549999999997453,1.3800000000001091,0.009849596850551139,0.009849596850551139,-0.007035426321828889,71.5,38.0,0.0029420873709400694,2026-09-18T06:31:29.500000+00:00,4342.57,4342.92,0.3500000000003638,CONFIRMED_REVERSAL,77.5
BUY,4345.4,0.00013427481943604613,2026-09-18T06:33:04+00:00,4345.15,4345.4,0.25,0.6199999999989814,0.6749999999992724,0.027114306435994887,0.027114306435994887,-0.009766290469825445,85.5,43.0,0.020817619159393983,2026-09-18T06:34:34.500000+00:00,4347.02,4347.41,0.3899999999994179,CONFIRMED_REVERSAL,90.5
BUY,4351.4,0.00013908864299445086,2026-09-18T06:35:00.500000+00:00,4351.09,4351.4,0.3099999999994907,1.9650000000001455,3.7100000000000364,0.0,-0.004126433318416184,-0.02369371389287685,0.0,4.0,-0.023294381636258663,2026-09-18T06:35:05.500000+00:00,4349.65,4350.14,0.4900000000006912,CONFIRMED_REVERSAL,5.0
BUY,4352.57,0.0001334590388212036,2026-09-18T06:36:54.500000+00:00,4352.3,4352.57,0.26999999999952706,0.8449999999993452,1.4699999999993452,0.003576246878176163,0.003576246878176163,-0.00561981652283,7.0,4.5,-0.0043425854949199,2026-09-18T06:37:07.500000+00:00,4352.23,4352.65,0.42000000000007276,CONFIRMED_REVERSAL,13.0
SELL,4357.08,0.00013227946268650287,2026-09-18T06:43:45+00:00,4357.08,4357.41,0.32999999999992724,-0.9049999999997453,-1.019999999999527,0.0,-0.0027850729205166165,-0.012406233918656554,6.5,12.0,-0.01164666857669329,2026-09-18T06:43:58+00:00,4357.72,4358.0,0.27999999999974534,CONFIRMED_REVERSAL,13.0
BUY,4359.0,0.00012942933946201863,2026-09-18T06:45:17.500000+00:00,4358.67,4359.0,0.32999999999992724,1.0999999999994543,1.1099999999996726,0.015607191081044051,0.015607191081044051,-0.007679728944638042,11.5,4.0,0.005697863410539355,2026-09-18T06:45:38+00:00,4359.46,4359.91,0.4499999999998181,CONFIRMED_REVERSAL,20.5
BUY,4359.9,0.00013076819200674323,2026-09-18T06:47:29.500000+00:00,4359.7,4359.9,0.1999999999998181,0.49499999999898137,0.9249999999992724,0.0016269227764736764,0.0016269227764736764,-0.004255028799994943,1.5,9.5,-0.004255028799994943,2026-09-18T06:47:40.500000+00:00,4359.56,4359.85,0.2899999999999636,CONFIRMED_REVERSAL,11.0
SELL,4359.18,0.00012976984703590402,2026-09-18T06:49:05+00:00,4359.18,4359.38,0.1999999999998181,-0.4099999999998545,-0.7799999999988358,0.0,-0.0017386945629148417,-0.008569280345825235,3.5,6.5,-0.008569280345825235,2026-09-18T06:49:11.500000+00:00,4359.4,4359.87,0.47000000000025466,CONFIRMED_REVERSAL,6.5
SELL,4357.69,0.00012775943271698336,2026-09-18T07:14:43.500000+00:00,4357.69,4357.99,0.3000000000001819,-0.7950000000000728,-1.0450000000000728,0.017484389788320776,0.017484389788320776,-0.0048907384023362775,41.0,0.5,0.011982309085702195,2026-09-18T07:15:30.500000+00:00,4356.48,4356.71,0.23000000000047294,CONFIRMED_REVERSAL,47.0
SELL,4358.55,0.0001306068363934584,2026-09-18T07:34:10+00:00,4358.55,4358.77,0.22000000000025466,-0.6400000000003274,-1.235000000000582,0.01424925730962394,0.01424925730962394,-0.003749804555165392,8.5,10.0,-0.0031248371293025987,2026-09-18T07:34:20.500000+00:00,4358.33,4358.8,0.47000000000025466,CONFIRMED_REVERSAL,10.5
BUY,4360.4,0.0001298025997277504,2026-09-18T07:39:13+00:00,4360.05,4360.4,0.3499999999994543,0.8299999999999272,0.930000000000291,0.0,-0.0036024906000270388,-0.010310576544905362,2.0,8.0,-0.010310576544905362,2026-09-18T07:39:21+00:00,4359.57,4360.0,0.43000000000029104,CONFIRMED_REVERSAL,8.0
BUY,4363.85,0.00012723114682573652,2026-09-18T07:43:44.500000+00:00,4363.63,4363.85,0.22000000000025466,0.7799999999997453,1.2899999999999636,0.0,-0.0026787833460619912,-0.009984556108045212,0.0,13.0,-0.009984556108045212,2026-09-18T07:43:58.500000+00:00,4363.03,4363.34,0.3100000000004002,CONFIRMED_REVERSAL,14.0
BUY,4366.5,0.00012476461377207163,2026-09-18T07:49:12+00:00,4366.21,4366.5,0.2899999999999636,0.6899999999986903,1.2749999999996362,0.0,-0.003343265952226289,-0.01755214624920702,3.0,4.5,-0.016596927405713793,2026-09-18T07:49:17.500000+00:00,4365.11,4365.57,0.4600000000000364,CONFIRMED_REVERSAL,5.5
BUY,4366.35,0.00012079709705393011,2026-09-18T07:50:09+00:00,4366.09,4366.35,0.2600000000002183,1.0100000000002183,1.0800000000008367,0.0028901339654912313,0.0028901339654912313,-0.007745559027517341,13.0,1.0,-0.0024277125310130545,2026-09-18T07:50:27.500000+00:00,4366.14,4366.48,0.339999999999236,CONFIRMED_REVERSAL,18.5
SELL,4365.23,0.00012024696652485467,2026-09-18T07:51:15+00:00,4365.23,4365.5,0.27000000000043656,-1.0450000000000728,-0.555000000000291,0.0034523661645091156,0.0034523661645091156,-0.0049483915024784155,20.0,4.5,-0.002071419698713842,2026-09-18T07:51:55+00:00,4364.94,4365.41,0.47000000000025466,CONFIRMED_REVERSAL,40.0
BUY,4367.1,0.00011969985122525956,2026-09-18T07:57:27+00:00,4366.79,4367.1,0.3100000000004002,0.9849999999996726,2.1749999999992724,0.0,-0.0035512134109075074,-0.012715635116465522,0.0,76.5,-0.010768195504034052,2026-09-18T07:58:52+00:00,4366.16,4366.61,0.4499999999998181,CONFIRMED_REVERSAL,85.0
SELL,4361.94,0.00011726191425618591,2026-09-18T08:30:03.500000+00:00,4361.94,4362.27,0.33000000000083674,-2.6700000000000728,-3.410000000000764,0.014364430648748412,0.014364430648748412,-0.0207610911720274,3.5,0.5,0.0004488884577730689,2026-09-18T08:30:15+00:00,4361.41,4361.9,0.4899999999997817,CONFIRMED_REVERSAL,11.5
SELL,4371.29,0.00011711839798494997,2026-09-18T08:40:08.500000+00:00,4371.29,4371.63,0.3400000000001455,-0.75,-1.5649999999995998,0.00526798401882673,0.00526798401882673,-0.004819644953395319,4.5,12.0,-0.004819644953395319,2026-09-18T08:40:21.500000+00:00,4371.36,4371.72,0.3600000000005821,CONFIRMED_REVERSAL,13.0
BUY,4375.61,0.00011585182198922785,2026-09-18T08:44:23+00:00,4375.44,4375.61,0.17000000000007276,1.6099999999996726,1.7249999999994543,0.02683117562073339,0.02683117562073339,-0.005876249206190677,24.0,3.0,0.016963511859396044,2026-09-18T08:44:57+00:00,4377.14,4377.56,0.42000000000007276,CONFIRMED_REVERSAL,34.0
BUY,4373.9,0.00011994963752683776,2026-09-18T08:53:42.500000+00:00,4373.58,4373.9,0.31999999999970896,1.1149999999997817,1.269999999999527,0.0,-0.003329035339611165,-0.009757517374717339,3.5,6.0,-0.0075764252556660685,2026-09-18T08:53:49.500000+00:00,4373.24,4373.55,0.3100000000004002,CONFIRMED_REVERSAL,7.0
SELL,4370.96,0.00011821911971326282,2026-09-18T08:56:43.500000+00:00,4370.96,4371.26,0.3000000000001819,-1.0849999999991269,-1.5749999999989086,0.0,-0.002149625423170496,-0.010408712575374622,1.0,9.0,-0.006901428990189792,2026-09-18T08:56:53+00:00,4371.23,4371.57,0.3400000000001455,CONFIRMED_REVERSAL,9.5
BUY,4373.91,0.0001164906633194014,2026-09-18T08:57:38+00:00,4373.69,4373.91,0.22000000000025466,1.5649999999986903,1.1149999999997817,0.036678239652095955,0.036678239652095955,-0.008918720888049778,68.5,4.5,0.03255333124137509,2026-09-18T08:58:50+00:00,4376.83,4376.99,0.15999999999985448,CONFIRMED_REVERSAL,72.0
BUY,4378.84,0.00012412761162514333,2026-09-18T09:00:08+00:00,4378.61,4378.84,0.23000000000047294,1.1550000000006548,1.390000000001237,0.05559499811039321,0.05559499811039321,-0.011998065831518329,22.0,2.5,0.046685543285010234,2026-09-18T09:00:35+00:00,4382.77,4383.24,0.46999999999934516,CONFIRMED_REVERSAL,27.0
BUY,4386.4,0.00013503490385221486,2026-09-18T09:01:08.500000+00:00,4386.05,4386.4,0.3499999999994543,1.5100000000002183,3.7849999999998545,0.006332330697266908,0.006332330697266908,-0.009304649187799175,22.0,4.5,-0.0033600122066993806,2026-09-18T09:01:34.500000+00:00,4386.14,4386.39,0.25,CONFIRMED_REVERSAL,26.0
SELL,4383.09,0.0001343358668786616,2026-09-18T09:02:09+00:00,4383.09,4383.42,0.32999999999992724,-1.1850000000004002,-2.0349999999998545,0.0028283694044371134,0.0028283694044371134,-0.006685236774110267,9.5,1.0,-0.0044996785979559105,2026-09-18T09:02:24+00:00,4383.06,4383.44,0.37999999999919964,CONFIRMED_REVERSAL,15.0
BUY,4384.56,0.00013321848473198358,2026-09-18T09:02:46+00:00,4384.22,4384.56,0.3400000000001455,1.3900000000003274,0.9700000000002547,0.014151710509908155,0.014151710509908155,-0.004334758174209236,8.0,0.0,0.0026773506370109047,2026-09-18T09:03:00+00:00,4384.77,4385.1,0.32999999999992724,CONFIRMED_REVERSAL,14.0
BUY,4384.11,0.00013387027871011734,2026-09-18T09:03:41+00:00,4383.84,4384.11,0.26999999999952706,1.0950000000011642,0.6750000000001819,0.006277716732079181,0.006277716732079181,-0.0035872667040369234,4.0,6.5,-0.0016655166840200562,2026-09-18T09:03:51+00:00,4383.98,4384.34,0.3600000000005821,CONFIRMED_REVERSAL,10.0
SELL,4380.89,0.000133571423608582,2026-09-18T09:05:12.500000+00:00,4380.89,4381.22,0.32999999999992724,-0.7249999999994543,-1.5499999999992724,0.0,-0.0035792584070093894,-0.010482113906247597,0.5,2.5,-0.010482113906247597,2026-09-18T09:05:15.500000+00:00,4381.46,4381.71,0.25,CONFIRMED_REVERSAL,3.0
BUY,4382.3,0.00013102910737209427,2026-09-18T09:05:45.500000+00:00,4382.0,4382.3,0.3000000000001819,1.4749999999994543,1.0399999999999636,0.04714950036974998,0.04714950036974998,-0.0066460731904133055,30.5,5.5,0.04012723435722941,2026-09-18T09:06:21.500000+00:00,4385.5,4385.71,0.21000000000003638,CONFIRMED_REVERSAL,36.0
SELL,4385.42,0.00014049695846595788,2026-09-18T09:07:12+00:00,4385.42,4385.65,0.22999999999956344,-0.9899999999997817,-1.4150000000008731,0.0,-0.002823629333449528,-0.011697892952858838,0.5,5.0,-0.011697892952858838,2026-09-18T09:07:17+00:00,4385.88,4386.29,0.4099999999998545,CONFIRMED_REVERSAL,5.0
BUY,4386.89,0.00013766356945564288,2026-09-18T09:08:04+00:00,4386.68,4386.89,0.21000000000003638,0.6549999999997453,0.680000000000291,0.0002634938538017868,0.0002634938538017868,-0.011198488786845541,8.0,12.5,-0.011198488786845541,2026-09-18T09:08:16.500000+00:00,4386.04,4386.52,0.48000000000047294,CONFIRMED_REVERSAL,12.5