side,entry,ounces,entry_time,entry_bid,entry_ask,entry_spread,entry_m2,entry_m5,entry_m15,peak_pnl,mfe,mae,time_to_mfe,time_to_mae,impulse_origin,impulse_extreme,pullback_extreme,resume_distance,pnl,exit_time,exit_bid,exit_ask,exit_spread,reason,hold_sec
SELL,4345.07,0.12024077291895421,2026-09-16T15:11:00.500000+00:00,4345.07,4345.26,0.19000000000050932,-0.21500000000014552,-0.16499999999996362,-0.875,3.7974071764082886,3.7974071764082886,-2.6466777290178634,7.0,10.5,4344.700000000001,4344.700000000001,4345.38,0.21500000000014552,-1.4959482816169722,2026-09-16T15:11:11.500000+00:00,4344.83,4345.2,0.36999999999989086,CONFIRMED_REVERSAL,11.0
SELL,4343.31,0.11992960326087997,2026-09-16T15:17:20.500000+00:00,4343.31,4343.59,0.27999999999974534,-0.20999999999912689,-0.6849999999994907,-1.7799999999988358,3.098929018747937,3.098929018747937,-8.378585865485125,11.0,14.5,4343.84,4343.415,4343.66,0.20999999999912689,-8.378585865485125,2026-09-16T15:17:35+00:00,4343.66,4344.04,0.38000000000010914,HARD_STOP,14.5
SELL,4339.02,0.11803047326377238,2026-09-16T15:22:05.500000+00:00,4339.02,4339.23,0.20999999999912689,-0.4099999999998545,-0.3150000000005093,-1.4699999999993452,1.468449340195026,1.468449340195026,-7.229289059409021,3.5,47.5,4339.28,4339.125,4339.6,0.4750000000003638,-7.003373776307626,2026-09-16T15:22:53.500000+00:00,4339.37,4339.64,0.27000000000043656,CONFIRMED_REVERSAL,48.0
BUY,4340.11,0.11631472353433925,2026-09-16T15:25:10.500000+00:00,4339.86,4340.11,0.25,0.284999999998945,0.3499999999994543,1.4899999999997817,0.0,-1.3357875963774677,-6.233675449761517,7.0,9.5,4340.1,4340.1,4339.6,0.3849999999993088,-5.343150385509871,2026-09-16T15:25:21+00:00,4339.63,4339.9,0.26999999999952706,CONFIRMED_REVERSAL,10.5
SELL,4340.52,0.115017460587436,2026-09-16T15:36:45+00:00,4340.52,4340.79,0.26999999999952706,-0.23499999999967258,-0.15499999999883585,-0.8949999999986176,0.22014825030250257,0.22014825030250257,-8.255559386163645,30.5,37.0,4340.8150000000005,4340.655000000001,4341.115,0.4599999999991269,-8.255559386163645,2026-09-16T15:37:22+00:00,4340.98,4341.27,0.2900000000008731,HARD_STOP,37.0
SELL,4338.77,0.11307565934237587,2026-09-16T15:38:23+00:00,4338.77,4339.05,0.27999999999974534,-0.23999999999978172,-0.3400000000001455,-2.0750000000007276,0.0,-2.921826075641379,-8.549046665780098,2.5,10.0,4339.545,4338.870000000001,4339.15,0.23999999999978172,-8.549046665780098,2026-09-16T15:38:33+00:00,4339.21,4339.56,0.3500000000003638,HARD_STOP,10.0
BUY,4343.84,0.11088721071606523,2026-09-16T15:42:06.500000+00:00,4343.58,4343.84,0.2600000000002183,0.22000000000025466,0.38000000000010914,0.7200000000002547,8.277468364359857,8.277468364359857,-4.24485557147377,19.0,6.0,4342.99,4343.71,4343.17,0.5399999999999636,3.183641678602914,2026-09-16T15:42:29+00:00,4344.14,4344.49,0.3499999999994543,PROFIT_LOCK,22.5
BUY,4346.4,0.1115872717003398,2026-09-16T15:55:44.500000+00:00,4346.15,4346.4,0.25,0.35499999999956344,0.6700000000000728,1.8400000000001455,4.485237218697875,4.485237218697875,-3.7376976822417536,2.0,0.5,4345.62,4346.295,4345.92,0.35499999999956344,0.10679136235226191,2026-09-16T15:55:48+00:00,4346.41,4346.73,0.31999999999970896,PROFIT_LOCK,3.5
BUY,4346.91,0.11159985023615848,2026-09-16T15:59:42.500000+00:00,4346.65,4346.91,0.2600000000002183,0.25500000000010914,0.6499999999996362,1.2200000000002547,13.991245435748754,13.991245435748754,-3.5245122090035577,5.0,1.0,4346.435,4346.78,4346.13,0.6499999999996362,6.942221017741639,2026-09-16T15:59:48.500000+00:00,4347.56,4347.92,0.3599999999996726,PROFIT_LOCK,6.0
BUY,4354.33,0.1130756041125537,2026-09-16T16:26:30.500000+00:00,4354.05,4354.33,0.27999999999974534,0.2650000000003274,0.6300000000010186,0.8800000000010186,5.3025706584442505,5.3025706584442505,-3.0300403762524515,8.5,0.0,4354.02,4354.1900000000005,4353.8150000000005,0.375,1.4068044604053844,2026-09-16T16:26:39.500000+00:00,4354.46,4354.79,0.32999999999992724,PROFIT_LOCK,9.0
SELL,4352.8,0.11345305966478599,2026-09-16T16:29:45.500000+00:00,4352.8,4353.08,0.27999999999974534,-0.714999999999236,-0.5049999999991996,-1.6499999999996362,9.120464691531645,9.120464691531645,-5.53742499128848,12.5,7.5,4353.925,4352.9400000000005,4353.67,0.7299999999995634,3.9087705820906335,2026-09-16T16:29:59+00:00,4352.08,4352.44,0.3599999999996726,PROFIT_LOCK,13.5
SELL,4349.98,0.11446553507299329,2026-09-16T16:32:25.500000+00:00,4349.98,4350.22,0.24000000000069122,-0.5900000000001455,-0.8549999999995634,-1.769999999999527,0.0,-2.6291021001937587,-9.092311429819729,0.0,1.5,4350.295,4350.1,4350.955,0.8549999999995634,-9.092311429819729,2026-09-16T16:32:27+00:00,4350.5,4350.81,0.3100000000004002,HARD_STOP,1.5
BUY,4354.5,0.11216492108066398,2026-09-16T16:33:29.500000+00:00,4354.26,4354.5,0.23999999999978172,0.5500000000001819,0.4899999999997817,1.675000000000182,0.0,-2.5762604384985717,-10.197697569064168,0.0,2.0,4352.950000000001,4354.38,4353.445,0.9350000000004002,-10.197697569064168,2026-09-16T16:33:31.500000+00:00,4353.55,4353.8,0.25,HARD_STOP,2.0
SELL,4348.77,0.10986243957327939,2026-09-16T16:34:31.500000+00:00,4348.77,4348.98,0.20999999999912689,-0.19499999999970896,-0.47999999999956344,-1.9249999999992724,1.36682860317832,1.36682860317832,-8.306112280845511,6.5,9.0,4350.79,4348.77,4349.07,0.19499999999970896,-8.306112280845511,2026-09-16T16:34:40.500000+00:00,4349.31,4349.56,0.25,HARD_STOP,9.0
BUY,4348.83,0.10786518411085318,2026-09-16T16:36:26+00:00,4348.57,4348.83,0.2600000000002183,0.15999999999985448,0.22999999999956344,1.175000000000182,0.0,-2.6839604054390267,-7.6389642308562555,0.0,1.0,4348.45,4348.735000000001,4348.275,0.4250000000001819,-7.6389642308562555,2026-09-16T16:36:27+00:00,4348.09,4348.43,0.3400000000001455,CONFIRMED_REVERSAL,1.0
BUY,4346.81,0.10607901541420048,2026-09-16T16:39:11+00:00,4346.58,4346.81,0.23000000000047294,0.3350000000000364,0.4099999999998545,0.6849999999994907,3.2486350531398793,3.2486350531398793,-5.075992270535678,2.0,3.0,4346.83,4347.54,4346.215,0.47999999999956344,-2.030396908221658,2026-09-16T16:39:14.500000+00:00,4346.61,4346.89,0.28000000000065484,CONFIRMED_REVERSAL,3.5
SELL,4344.25,0.10565316100231549,2026-09-16T16:40:12.500000+00:00,4344.25,4344.52,0.27000000000043656,-0.7799999999997453,-0.8799999999991996,-1.2449999999998909,2.5278073448899243,2.5278073448899243,-8.69565726641803,1.5,4.0,4345.11,4344.299999999999,4345.285,0.8999999999996362,-8.69565726641803,2026-09-16T16:40:16.500000+00:00,4344.89,4345.11,0.21999999999934516,HARD_STOP,4.0
SELL,4343.86,0.10357091914521037,2026-09-16T16:42:13+00:00,4343.86,4344.11,0.25,-0.5749999999998181,-0.21000000000003638,-1.3950000000004366,5.649814042839413,5.649814042839413,-3.1718254275667177,4.0,0.5,4345.405000000001,4343.74,4344.5599999999995,0.5749999999998181,0.892075901493843,2026-09-16T16:42:17.500000+00:00,4343.37,4343.77,0.4000000000005457,PROFIT_LOCK,4.5
SELL,4342.73,0.10381251220094559,2026-09-16T16:43:19+00:00,4342.73,4342.97,0.24000000000069122,-0.31999999999970896,-0.20999999999912689,-1.0850000000000364,0.0,-2.384418101744335,-10.431829195103228,0.0,2.0,4343.15,4342.85,4343.25,0.3999999999996362,-10.431829195103228,2026-09-16T16:43:21+00:00,4343.49,4343.78,0.2899999999999636,HARD_STOP,2.0
BUY,4344.08,0.10127101649355243,2026-09-16T16:45:59+00:00,4343.83,4344.08,0.25,0.4600000000000364,0.20499999999992724,0.7600000000002183,7.947316137002614,7.947316137002614,-5.815109368544088,29.5,1.0,4344.045,4344.27,4343.245000000001,0.7099999999991269,3.8767395790235155,2026-09-16T16:46:29.500000+00:00,4344.48,4344.7,0.22000000000025466,PROFIT_LOCK,30.5
SELL,4343.9,0.10220774833422723,2026-09-16T16:47:22.500000+00:00,4343.9,4344.16,0.2600000000002183,-0.4750000000003638,-0.6450000000004366,-1.3650000000006912,0.0,-1.1737795382306744,-8.118641806040637,0.5,1.5,4344.54,4344.03,4344.84,0.8100000000004002,-8.118641806040637,2026-09-16T16:47:24+00:00,4344.47,4344.73,0.2599999999993088,HARD_STOP,1.5
BUY,4344.43,0.1002426083231424,2026-09-16T16:50:33.500000+00:00,4344.22,4344.43,0.21000000000003638,0.5800000000008367,0.5250000000014552,1.2200000000011642,5.947925438120321,5.947925438120321,-2.0146199064608123,6.0,0.0,4343.799999999999,4344.325000000001,4343.745,0.5800000000008367,1.726817062674464,2026-09-16T16:50:40+00:00,4344.61,4344.82,0.21000000000003638,PROFIT_LOCK,6.5
SELL,4340.94,0.1007388634321414,2026-09-16T16:51:37.500000+00:00,4340.94,4341.2,0.2600000000002183,-0.35499999999956344,-0.42000000000007276,-2.030000000000655,2.7958670267996997,2.7958670267996997,-2.5066394033400807,3.5,0.0,4341.48,4340.975,4341.575,0.5050000000001091,-1.542547325138428,2026-09-16T16:51:42.500000+00:00,4340.88,4341.1,0.22000000000025466,CONFIRMED_REVERSAL,5.0
BUY,4339.06,0.10041104294759645,2026-09-16T16:53:21.500000+00:00,4338.82,4339.06,0.24000000000069122,0.15500000000065484,0.18500000000040018,0.8950000000004366,0.0,-2.114100488122985,-8.072020045552541,5.0,17.0,4338.575,4338.965,4338.735000000001,0.20499999999992724,-8.072020045552541,2026-09-16T16:53:38.500000+00:00,4338.22,4338.47,0.25,HARD_STOP,17.0
BUY,4337.94,0.09849260533907761,2026-09-16T16:58:07.500000+00:00,4337.78,4337.94,0.15999999999985448,0.18999999999959982,0.3499999999994543,1.7650000000003274,0.0,-1.0368544081932172,-4.618715091054203,2.5,5.0,4337.9,4337.975,4337.67,0.18999999999959982,-4.618715091054203,2026-09-16T16:58:12.500000+00:00,4337.45,4337.7,0.25,CONFIRMED_REVERSAL,5.0
BUY,4338.51,0.09736727004040228,2026-09-16T16:59:18+00:00,4338.28,4338.51,0.23000000000047294,0.19500000000061846,0.6300000000010186,1.2550000000001091,0.37273008856500434,0.37273008856500434,-9.225069691990214,1.0,4.5,4337.82,4338.475,4338.110000000001,0.2849999999998545,-9.225069691990214,2026-09-16T16:59:22.500000+00:00,4337.52,4338.01,0.4899999999997817,HARD_STOP,4.5
BUY,4338.92,0.09513646598899912,2026-09-16T17:00:39.500000+00:00,4338.67,4338.92,0.25,0.21000000000003638,0.28000000000065484,0.8350000000000364,0.0,-2.0940947038012387,-8.012188431919691,1.0,11.5,4338.945,4338.99,4338.585,0.21000000000003638,-8.012188431919691,2026-09-16T17:00:51+00:00,4338.04,4338.23,0.18999999999959982,HARD_STOP,11.5
SELL,4332.11,0.09335347117269761,2026-09-16T17:02:51+00:00,4332.11,4332.27,0.16000000000076398,-0.2499999999990905,-2.279999999998836,-3.0450000000000728,4.913767778427642,4.913767778427642,-5.539156404779332,30.0,1.5,4334.469999999999,4332.1900000000005,4332.62,0.42999999999938154,2.85891943472272,2026-09-16T17:03:22+00:00,4331.51,4331.79,0.27999999999974534,PROFIT_LOCK,31.0
BUY,4330.83,0.09407084024990099,2026-09-16T17:05:22+00:00,4330.56,4330.83,0.26999999999952706,0.6049999999995634,0.5849999999991269,1.8850000000002183,0.0,-2.4307497793793558,-9.632971347925034,0.0,1.0,4330.110000000001,4330.695,4330.09,0.6049999999995634,-9.632971347925034,2026-09-16T17:05:23+00:00,4329.76,4330.12,0.3599999999996726,HARD_STOP,1.0
SELL,4325.57,0.09185823768260415,2026-09-16T17:06:19.500000+00:00,4325.57,4325.7,0.13000000000010914,-0.40499999999974534,-0.3249999999998181,-1.0949999999993452,10.549231498227622,10.549231498227622,-3.164769449473883,10.0,0.5,4324.9400000000005,4324.9400000000005,4326.125,0.4899999999997817,4.307602861775013,2026-09-16T17:06:30.500000+00:00,4324.71,4325.08,0.36999999999989086,PROFIT_LOCK,11.0
BUY,4328.99,0.0928254144313541,2026-09-16T17:08:48.500000+00:00,4328.71,4328.99,0.27999999999974534,0.17000000000007276,0.3999999999996362,1.5799999999999272,4.6194652891183425,4.6194652891183425,-2.7539119992752523,9.5,2.0,4327.03,4329.045,4328.67,0.18000000000029104,2.576240257390436,2026-09-16T17:09:01.500000+00:00,4329.28,4329.54,0.2600000000002183,PROFIT_LOCK,13.0
BUY,4334.65,0.09332523452590094,2026-09-16T17:10:40+00:00,4334.37,4334.65,0.27999999999974534,0.2000000000007276,0.32999999999992724,1.3850000000002183,4.912281509918298,4.912281509918298,-5.001595719183337,15.0,3.0,4332.16,4334.53,4333.4349999999995,1.0750000000007276,3.125997324495678,2026-09-16T17:10:56.500000+00:00,4335.0,4335.28,0.27999999999974534,PROFIT_LOCK,16.5
BUY,4339.76,0.09396800999274302,2026-09-16T17:14:46+00:00,4339.51,4339.76,0.25,0.19000000000050932,0.4500000000007276,0.7550000000001091,4.046821150105285,4.046821150105285,-3.5072449967622763,17.0,1.5,4338.575,4339.635,4338.68,0.9549999999999272,2.5180220489531275,2026-09-16T17:15:06.500000+00:00,4340.04,4340.27,0.23000000000047294,PROFIT_LOCK,20.5
SELL,4337.53,0.09462291104059244,2026-09-16T17:16:36.500000+00:00,4337.53,4337.79,0.2600000000002183,-0.30500000000029104,-0.2749999999996362,-1.449999999999818,0.0,-2.3544589366234256,-5.342810663873068,0.0,1.0,4337.895,4337.525,4338.305,0.6450000000004366,-4.980586212085481,2026-09-16T17:16:38+00:00,4337.81,4338.08,0.26999999999952706,CONFIRMED_REVERSAL,1.5
SELL,4333.52,0.09350953848572674,2026-09-16T17:19:02.500000+00:00,4333.52,4333.78,0.2599999999993088,-0.24500000000080036,-0.34500000000025466,-0.8950000000004366,0.7159247362566775,0.7159247362566775,-4.206057825458129,0.5,3.5,4334.52,4333.65,4334.255,0.6050000000004729,-4.206057825458129,2026-09-16T17:19:06+00:00,4333.66,4333.99,0.32999999999992724,CONFIRMED_REVERSAL,3.5
SELL,4331.03,0.09254854085745041,2026-09-16T17:20:10.500000+00:00,4331.03,4331.29,0.2600000000002183,-0.9149999999999636,-0.39500000000043656,-1.8999999999996362,0.0,-0.9742798683244741,-4.871399341598204,0.5,3.5,4331.68,4330.945,4332.075,0.9149999999999636,-4.782828444476333,2026-09-16T17:20:14.500000+00:00,4331.29,4331.57,0.27999999999974534,CONFIRMED_REVERSAL,4.0
BUY,4333.9,0.09133410685607457,2026-09-16T17:21:37+00:00,4333.63,4333.9,0.26999999999952706,0.21999999999934516,0.49499999999898137,1.0849999999991269,14.07279398268377,14.07279398268377,-4.720067546985078,14.0,2.0,4333.82,4333.82,4333.475,0.2899999999990541,7.779370586701015,2026-09-16T17:21:59.500000+00:00,4334.79,4335.1,0.3100000000004002,PROFIT_LOCK,22.5
BUY,4334.69,0.09319273609271601,2026-09-16T17:26:49.500000+00:00,4334.41,4334.69,0.27999999999974534,0.3249999999989086,0.17999999999847205,0.5249999999996362,2.8539969756275054,2.8539969756275054,-6.153930978681346,5.0,17.0,4334.025,4334.549999999999,4334.225,0.3249999999989086,-5.707993951238787,2026-09-16T17:27:07+00:00,4334.05,4334.31,0.2600000000002183,CONFIRMED_REVERSAL,17.5
BUY,4336.25,0.09178375003835267,2026-09-16T17:28:00.500000+00:00,4335.99,4336.25,0.2600000000002183,0.22000000000025466,1.699999999999818,2.3350000000000364,0.0,-2.1959744061363575,-5.973050384693449,0.5,2.0,4335.71,4336.12,4335.885,0.23499999999967258,-5.797372432198706,2026-09-16T17:28:03+00:00,4335.59,4335.81,0.22000000000025466,CONFIRMED_REVERSAL,2.5
BUY,4337.71,0.09035633055259037,2026-09-16T17:29:31+00:00,4337.45,4337.71,0.2600000000002183,0.37999999999919964,0.27000000000043656,0.569999999999709,2.8536058921178005,2.8536058921178005,-4.842482726022614,9.0,2.0,4337.594999999999,4337.635,4337.125,0.45499999999992724,-2.334768457191581,2026-09-16T17:29:50+00:00,4337.44,4337.72,0.28000000000065484,CONFIRMED_REVERSAL,19.0
BUY,4336.66,0.08981565021845221,2026-09-16T17:34:54+00:00,4336.39,4336.66,0.26999999999952706,0.3499999999994543,0.5599999999994907,1.1700000000000728,21.230999456767385,21.230999456767385,-2.4927084382433744,39.0,0.5,4336.49,4336.525,4335.92,0.6049999999995634,14.956250629460246,2026-09-16T17:35:38.500000+00:00,4338.4,4338.75,0.3500000000003638,CONFIRMED_REVERSAL,44.5
BUY,4340.07,0.09334592778788399,2026-09-16T17:37:46.500000+00:00,4339.79,4340.07,0.27999999999974534,0.2000000000007276,0.15500000000065484,1.0799999999999272,6.521382960500887,6.521382960500887,-2.7693544078775942,15.5,2.0,4338.65,4339.93,4339.54,0.3900000000003274,4.198698618404236,2026-09-16T17:38:06+00:00,4340.54,4340.87,0.32999999999992724,PROFIT_LOCK,19.5
SELL,4340.77,0.09434158442405254,2026-09-16T17:40:02.500000+00:00,4340.77,4341.04,0.26999999999952706,-0.1749999999992724,-0.29500000000007276,-0.9699999999993452,1.8057375493483927,1.8057375493483927,-3.521188221211301,7.5,2.0,4341.02,4340.905000000001,4341.205,0.2999999999992724,-2.88918007894429,2026-09-16T17:40:12+00:00,4340.86,4341.09,0.23000000000047294,CONFIRMED_REVERSAL,9.5
BUY,4346.1,0.09353125531368989,2026-09-16T17:44:53+00:00,4345.96,4346.1,0.14000000000032742,0.21500000000014552,0.15500000000065484,0.5850000000009459,3.580455019659256,3.580455019659256,-6.176284908922392,15.5,8.5,4343.93,4346.115,4345.525,0.5050000000010186,-0.5370682529529589,2026-09-16T17:45:21+00:00,4346.04,4346.37,0.32999999999992724,CONFIRMED_REVERSAL,28.0
BUY,4347.77,0.0933662546976822,2026-09-16T17:46:38+00:00,4347.5,4347.77,0.27000000000043656,0.3250000000007276,0.3000000000010914,1.1850000000004002,0.0,-2.4125435938037247,-4.646380254729488,0.0,1.0,4347.195,4347.74,4347.1849999999995,0.4500000000007276,-4.646380254729488,2026-09-16T17:46:39.500000+00:00,4347.25,4347.52,0.27000000000043656,CONFIRMED_REVERSAL,1.5
BUY,4348.09,0.09224279072941412,2026-09-16T17:47:41+00:00,4347.82,4348.09,0.27000000000043656,0.5749999999998181,0.7299999999995634,1.5649999999995998,0.0,-2.383513771323529,-9.004385358322626,0.0,1.0,4347.275,4348.66,4347.1,0.8549999999995634,-9.004385358322626,2026-09-16T17:47:42+00:00,4347.07,4347.47,0.4000000000005457,HARD_STOP,1.0
SELL,4348.23,0.09007600593534701,2026-09-16T17:48:52+00:00,4348.23,4348.49,0.2600000000002183,-0.29500000000007276,-0.19000000000050932,-0.8000000000001819,0.0,-1.8965018440797334,-5.603300902961067,0.5,2.0,4348.355,4348.235000000001,4348.655000000001,0.29500000000098225,-5.517096273682933,2026-09-16T17:48:54.500000+00:00,4348.59,4348.87,0.27999999999974534,CONFIRMED_REVERSAL,2.5
BUY,4353.61,0.08864053668298007,2026-09-16T17:50:28+00:00,4353.45,4353.61,0.15999999999985448,0.42999999999938154,1.0399999999999636,2.6849999999994907,0.0,0.0,-5.853328998921482,0.5,3.5,4351.530000000001,4353.53,4352.9400000000005,0.589999999999236,-4.83535873823982,2026-09-16T17:50:32+00:00,4353.04,4353.2,0.15999999999985448,CONFIRMED_REVERSAL,4.0
BUY,4349.74,0.08755783479413976,2026-09-16T17:55:16+00:00,4349.53,4349.74,0.21000000000003638,0.4750000000003638,0.569999999999709,1.0750000000007276,0.0,-1.7596884188632758,-5.949422749489397,0.0,2.0,4349.225,4349.635,4348.975,0.6599999999998545,-5.949422749489397,2026-09-16T17:55:18+00:00,4349.03,4349.23,0.1999999999998181,CONFIRMED_REVERSAL,2.0
BUY,4350.04,0.08612270462963036,2026-09-16T17:57:14.500000+00:00,4349.81,4350.04,0.22999999999956344,0.3900000000003274,0.4749999999994543,0.7249999999994543,0.0,-1.895688448865532,-8.242123690735347,0.0,10.5,4349.64,4349.925,4349.345,0.5799999999999272,-8.242123690735347,2026-09-16T17:57:25+00:00,4349.04,4349.35,0.3100000000004002,HARD_STOP,10.5
BUY,4354.36,0.08405941162056288,2026-09-16T17:59:00.500000+00:00,4354.18,4354.36,0.17999999999938154,0.4900000000006912,0.3600000000005821,1.8800000000001091,8.446895327696348,8.446895327696348,-1.6893790655392695,16.0,2.5,4353.735,4354.27,4353.75,0.5200000000004366,4.183224352766693,2026-09-16T17:59:18.500000+00:00,4354.88,4355.21,0.32999999999992724,PROFIT_LOCK,18.0
SELL,4354.56,0.08505934675108097,2026-09-16T18:01:40+00:00,4354.56,4354.79,0.22999999999956344,-0.2599999999993088,-0.30499999999938154,-0.3499999999994543,21.16493108264019,21.16493108264019,-4.558600540871565,47.5,9.5,4354.98,4354.675,4355.205,0.5299999999997453,14.815451757851093,2026-09-16T18:02:37+00:00,4352.51,4352.74,0.22999999999956344,CONFIRMED_REVERSAL,57.0
BUY,4356.06,0.08858391071222368,2026-09-16T18:07:51.500000+00:00,4355.91,4356.06,0.1500000000005457,2.035000000000764,2.0250000000005457,4.204999999999927,5.086599768818755,5.086599768818755,-7.884229641678709,1.0,0.5,4353.97,4355.985000000001,4353.725,2.2600000000002183,1.7803099190884921,2026-09-16T18:07:53+00:00,4356.27,4356.52,0.25,PROFIT_LOCK,1.5
SELL,4355.6,0.08902036280237996,2026-09-16T18:10:49+00:00,4355.6,4355.84,0.23999999999978172,-0.3599999999996726,-0.23499999999967258,-2.339999999999236,0.0,-1.70388713258838,-6.559965460467199,5.5,8.0,4356.8099999999995,4355.72,4356.08,0.3599999999996726,-6.4747711038358435,2026-09-16T18:10:57.500000+00:00,4356.02,4356.36,0.339999999999236,CONFIRMED_REVERSAL,8.5
SELL,4353.23,0.08751468326945085,2026-09-16T18:14:58+00:00,4353.23,4353.5,0.27000000000043656,-0.20499999999992724,-0.4650000000001455,-0.9050000000006548,0.0,-2.093834742430328,-5.778983889111971,1.5,3.0,4355.085,4353.325,4354.515,1.1500000000005457,-5.778983889111971,2026-09-16T18:15:01+00:00,4353.68,4353.92,0.23999999999978172,CONFIRMED_REVERSAL,3.0
SELL,4350.31,0.08618535954988836,2026-09-16T18:39:42+00:00,4350.31,4350.56,0.25,-0.19499999999879947,-0.29499999999916326,-0.8499999999994543,4.701428341967342,4.701428341967342,-3.9590975511224973,31.5,6.0,4350.4,4350.4,4350.8099999999995,0.3749999999990905,1.5671427806582812,2026-09-16T18:40:15+00:00,4349.8,4350.12,0.31999999999970896,PROFIT_LOCK,33.0
BUY,4352.15,0.08652517797753459,2026-09-16T18:45:17.500000+00:00,4351.88,4352.15,0.26999999999952706,0.24499999999898137,0.21500000000014552,1.4200000000000728,0.0,-0.9936769482379538,-6.707319400608071,2.5,9.0,4351.85,4352.014999999999,4351.705,0.3099999999994907,-6.707319400608071,2026-09-16T18:45:26.500000+00:00,4351.34,4351.64,0.3000000000001819,CONFIRMED_REVERSAL,9.0
SELL,4351.4,0.08492945119243261,2026-09-16T18:50:33+00:00,4351.4,4351.65,0.25,-0.16500000000087311,-1.0400000000008731,-1.4200000000000728,6.421062196460715,6.421062196460715,-2.194540244363641,16.5,1.5,4352.0650000000005,4351.525,4351.9400000000005,0.4150000000008731,3.6575670739320087,2026-09-16T18:50:50.500000+00:00,4350.62,4350.95,0.32999999999992724,PROFIT_LOCK,17.5
BUY,4354.92,0.08573839226034213,2026-09-16T18:52:55.500000+00:00,4354.64,4354.92,0.27999999999974534,0.32999999999992724,0.6050000000004729,1.7250000000003638,0.0,-0.4923206513995929,-6.154008142453867,8.0,10.5,4353.735000000001,4354.825,4353.49,1.2900000000008731,-6.154008142453867,2026-09-16T18:53:06+00:00,4354.17,4354.51,0.3400000000001455,CONFIRMED_REVERSAL,10.5
SELL,4350.71,0.08434335081007088,2026-09-16T18:56:31+00:00,4350.71,4350.97,0.2600000000002183,-0.3400000000001455,-0.47999999999956344,-0.7199999999993452,4.278072970585002,4.278072970585002,-2.7444241698117393,9.0,4.0,4350.764999999999,4350.475,4351.32,0.47999999999956344,1.8565222325227289,2026-09-16T18:56:40.500000+00:00,4350.19,4350.48,0.2899999999999636,PROFIT_LOCK,9.5
SELL,4349.5,0.08481281914507853,2026-09-16T19:03:12.500000+00:00,4349.5,4349.73,0.22999999999956344,-0.22000000000025466,-0.4400000000005093,-1.1400000000003274,0.0,-1.866855926790427,-4.383053045515983,0.0,1.5,4349.52,4349.52,4349.835,0.22000000000025466,-3.81487950258105,2026-09-16T19:03:14.500000+00:00,4349.78,4349.97,0.19000000000050932,CONFIRMED_REVERSAL,2.0
SELL,4348.25,0.08392046326032272,2026-09-16T19:04:37+00:00,4348.25,4348.5,0.25,-0.23999999999978172,-0.15500000000065484,-0.6400000000003274,0.7228228110298845,0.7228228110298845,-4.417250511843613,30.5,16.0,4348.35,4348.3150000000005,4348.68,0.30500000000029104,-1.6062729133956855,2026-09-16T19:05:10+00:00,4348.17,4348.45,0.27999999999974534,CONFIRMED_REVERSAL,33.0
BUY,4350.18,0.08349740587895059,2026-09-16T19:13:05.500000+00:00,4349.94,4350.18,0.24000000000069122,0.1749999999992724,0.4349999999994907,0.8449999999993452,0.0,-1.9178105009258235,-5.513705190149933,0.0,10.0,4349.825,4350.07,4349.625,0.4349999999994907,-5.273978877529663,2026-09-16T19:13:16+00:00,4349.52,4349.75,0.22999999999956344,CONFIRMED_REVERSAL,10.5
SELL,4349.91,0.08223570517975863,2026-09-16T19:14:12+00:00,4349.91,4350.18,0.27000000000043656,-0.18000000000029104,-0.2749999999996362,-1.0300000000006548,1.4953246393267685,1.4953246393267685,-2.8332466850507414,26.0,8.0,4349.745,4349.585,4350.36,0.3149999999995998,-1.6527272329438798,2026-09-16T19:14:40+00:00,4349.85,4350.12,0.26999999999952706,CONFIRMED_REVERSAL,28.0
SELL,4348.19,0.08187106968870003,2026-09-16T19:21:21+00:00,4348.19,4348.4,0.21000000000003638,-0.21500000000014552,-0.3350000000000364,-1.1049999999995634,1.3319896607307837,1.3319896607307837,-3.7609119832620768,3.5,5.5,4348.63,4348.255,4348.51,0.21500000000014552,-3.0557409863999916,2026-09-16T19:21:27+00:00,4348.37,4348.58,0.21000000000003638,CONFIRMED_REVERSAL,6.0
SELL,4346.61,0.08116624099973234,2026-09-16T19:26:36.500000+00:00,4346.61,4346.85,0.24000000000069122,-0.1750000000010914,-0.5050000000001091,-1.3850000000002183,0.85445576840331,0.85445576840331,-3.3401452764978687,17.0,5.5,4347.2,4346.73,4347.235,0.5050000000001091,-1.7089115368136845,2026-09-16T19:26:58.500000+00:00,4346.59,4346.83,0.23999999999978172,CONFIRMED_REVERSAL,22.0
BUY,4347.18,0.08074483630534059,2026-09-16T19:31:25.500000+00:00,4347.0,4347.18,0.18000000000029104,0.6499999999996362,0.8100000000004002,1.6149999999997817,1.081843055796329,1.081843055796329,-4.40464672719386,11.5,28.5,4346.530000000001,4347.09,4346.25,0.8400000000001455,-4.40464672719386,2026-09-16T19:31:54+00:00,4346.61,4346.91,0.3000000000001819,CONFIRMED_REVERSAL,28.5
SELL,4345.55,0.07971600414687233,2026-09-16T19:50:08.500000+00:00,4345.55,4345.8,0.25,-0.18999999999959982,-0.1999999999998181,-1.6850000000004002,6.942379990421485,6.942379990421485,-2.670146150158373,21.0,6.5,4346.65,4345.675,4346.07,0.39499999999952706,3.738204610225886,2026-09-16T19:50:31+00:00,4344.81,4345.06,0.25,PROFIT_LOCK,22.5
SELL,4345.46,0.08061654370852246,2026-09-16T19:56:52.500000+00:00,4345.46,4345.62,0.15999999999985448,-0.26999999999952706,-0.18999999999959982,-1.0850000000000364,0.0,-1.2344276044224594,-9.95257256066485,0.0,58.5,4346.139999999999,4345.54,4345.84,0.3000000000001819,-9.95257256066485,2026-09-16T19:57:51+00:00,4346.47,4346.75,0.27999999999974534,HARD_STOP,58.5
SELL,4342.16,0.07828279747527427,2026-09-16T20:10:34+00:00,4342.16,4342.42,0.2600000000002183,-0.1500000000005457,-0.21500000000014552,-0.930000000000291,0.0,-1.7231204658229857,-8.166092642362797,4.0,9.5,4342.2,4342.2,4342.505,0.21500000000014552,-8.166092642362797,2026-09-16T20:10:43.500000+00:00,4342.88,4343.25,0.36999999999989086,HARD_STOP,9.5
BUY,4344.36,0.07627903925099001,2026-09-16T20:15:27.500000+00:00,4344.11,4344.36,0.25,0.32999999999992724,0.3350000000000364,0.9099999999998545,0.0,-0.8760077090754639,-3.7230327635690617,10.5,12.0,4344.105,4344.235,4343.795,0.4399999999995998,-3.5040308363018555,2026-09-16T20:15:40+00:00,4343.88,4344.1,0.22000000000025466,CONFIRMED_REVERSAL,12.5
SELL,4345.22,0.07542131654470582,2026-09-16T20:29:03.500000+00:00,4345.22,4345.45,0.22999999999956344,-0.3499999999994543,-0.4000000000005457,-0.9299999999993815,0.0,-0.7939776215878767,-4.76386572954039,3.5,7.5,4345.255,4345.175,4345.795,0.4600000000000364,-4.76386572954039,2026-09-16T20:29:11+00:00,4345.63,4345.88,0.25,CONFIRMED_REVERSAL,7.5
BUY,4344.32,0.07429112178302638,2026-09-16T20:48:21+00:00,4344.08,4344.32,0.23999999999978172,0.15999999999985448,0.15499999999974534,0.9099999999998545,5.332362274493527,5.332362274493527,-2.1329449097922377,35.5,3.0,4343.925,4344.344999999999,4343.96,0.23999999999978172,3.057221037378358,2026-09-16T20:48:58.500000+00:00,4344.75,4345.0,0.25,PROFIT_LOCK,37.5
BUY,4346.63,0.07498658142540532,2026-09-16T20:51:56+00:00,4346.35,4346.63,0.27999999999974534,0.39499999999952706,0.3899999999994179,1.625,0.0,-1.8658570617019599,-10.118686373066474,1.5,8.5,4346.33,4346.495000000001,4346.035,0.45499999999992724,-10.118686373066474,2026-09-16T20:52:04.500000+00:00,4345.22,4345.65,0.42999999999938154,HARD_STOP,8.5
BUY,4349.81,0.07250105554958225,2026-09-16T20:55:28.500000+00:00,4349.58,4349.81,0.23000000000047294,0.15999999999985448,0.36999999999898137,1.0200000000004366,0.0,-0.763235359518323,-5.620187647335234,9.0,20.0,4349.555,4349.695,4349.225,0.46999999999934516,-5.620187647335234,2026-09-16T20:55:48.500000+00:00,4349.0,4349.26,0.2600000000002183,CONFIRMED_REVERSAL,20.0
SELL,4333.54,0.07141810873803157,2026-09-16T21:09:33+00:00,4333.54,4333.82,0.27999999999974534,-0.20999999999912689,-0.5,-0.5649999999995998,0.0,-1.9137616355904916,-5.672936276933619,0.0,1.0,4335.825,4333.22,4335.535,1.8549999999995634,-5.057798608349406,2026-09-16T21:09:34.500000+00:00,4333.9,4334.28,0.38000000000010914,CONFIRMED_REVERSAL,1.5
SELL,4315.19,0.07049707913069798,2026-09-16T21:20:10.500000+00:00,4315.19,4315.45,0.2600000000002183,-0.4850000000005821,-1.930000000000291,-4.065000000000509,0.2698687406667134,0.2698687406667134,-8.163529405175751,1.5,2.5,4316.84,4315.32,4315.805,0.4850000000005821,-8.163529405175751,2026-09-16T21:20:13+00:00,4316.03,4316.4,0.36999999999989086,HARD_STOP,2.5
BUY,4324.01,0.0683805412844054,2026-09-16T21:21:14+00:00,4323.76,4324.01,0.25,0.5050000000010186,0.29500000000007276,3.2750000000005457,0.0,-1.1779490520116775,-14.004505396118335,0.5,1.5,4322.745,4324.16,4323.030000000001,0.8549999999995634,-14.004505396118335,2026-09-16T21:21:15.500000+00:00,4321.87,4322.36,0.4899999999997817,HARD_STOP,1.5
SELL,4319.11,0.06507005111801203,2026-09-16T21:22:17+00:00,4319.11,4319.34,0.23000000000047294,-0.5299999999997453,-2.8549999999995634,-1.7749999999996362,5.666879890581095,5.666879890581095,-1.432288323996198,2.5,0.0,4320.215,4319.225,4319.86,0.6349999999993088,0.4981872431276349,2026-09-16T21:22:22+00:00,4318.57,4319.03,0.4600000000000364,PROFIT_LOCK,5.0
SELL,4318.34,0.06520220012626622,2026-09-16T21:24:44+00:00,4318.34,4318.6,0.2600000000002183,-0.2249999999994543,-1.4149999999999636,-3.1099999999996726,3.6191927364878325,3.6191927364878325,-2.7455944897472375,4.5,3.0,4319.115,4318.47,4319.225,0.7550000000001091,1.9967959925434455,2026-09-16T21:24:50.500000+00:00,4317.78,4318.02,0.24000000000069122,CONFIRMED_REVERSAL,6.5
BUY,4320.31,0.06565541345350197,2026-09-16T21:29:37+00:00,4320.04,4320.31,0.27000000000043656,0.9200000000000728,0.9499999999998181,1.4750000000003638,4.8381879267756895,4.8381879267756895,-2.701845205865237,9.5,3.0,4319.5599999999995,4320.175,4319.255,0.9200000000000728,2.0106755020360563,2026-09-16T21:29:47+00:00,4320.63,4320.93,0.3000000000001819,PROFIT_LOCK,10.0
SELL,4280.49,0.06675700971800175,2026-09-16T21:35:28+00:00,4280.49,4280.57,0.07999999999992724,-0.7300000000004729,-0.6700000000009823,-1.7950000000009823,6.899888901311364,6.899888901311364,-0.5111028815781892,3.0,0.0,4282.4,4279.115,4283.385,2.855000000000473,3.8971594720351455,2026-09-16T21:35:32+00:00,4279.43,4279.88,0.4499999999998181,PROFIT_LOCK,4.0
BUY,4308.73,0.06726457450817415,2026-09-16T21:43:39.500000+00:00,4308.45,4308.73,0.27999999999974534,0.15999999999985448,2.2899999999999636,5.985000000000582,0.0,-1.802461090089206,-5.729251322070725,0.0,1.0,4303.57,4308.925,4304.6849999999995,3.905000000000655,-5.729251322070725,2026-09-16T21:43:40.500000+00:00,4307.84,4308.16,0.31999999999970896,CONFIRMED_REVERSAL,1.0
SELL,4303.27,0.0659587576399765,2026-09-16T21:46:17+00:00,4303.27,4303.46,0.18999999999959982,-0.9099999999998545,-1.3950000000004366,-1.8450000000002547,7.448622111055255,7.448622111055255,-1.3887261562939612,3.5,1.5,4304.155000000001,4303.075000000001,4304.51,1.1450000000004366,4.166178468899107,2026-09-16T21:46:21.500000+00:00,4302.05,4302.61,0.5599999999994907,PROFIT_LOCK,4.5
SELL,4289.84,0.0671800395804098,2026-09-16T21:50:52.500000+00:00,4289.84,4290.1,0.2600000000002183,-0.6849999999994907,-1.4549999999999272,-3.3450000000002547,8.100881291071108,8.100881291071108,-1.671610425142771,1.0,0.0,4291.425,4289.97,4291.094999999999,1.1249999999990905,5.079123984083153,2026-09-16T21:50:55.500000+00:00,4288.65,4289.05,0.4000000000005457,PROFIT_LOCK,3.0
SELL,4273.19,0.06868378052941183,2026-09-16T21:52:51+00:00,4273.19,4273.45,0.2600000000002183,-1.0349999999998545,-1.1450000000004366,-3.8100000000004,3.155127375646966,3.155127375646966,-6.770377493586244,4.0,3.0,4276.82,4273.32,4277.75,4.430000000000291,-2.6950046333725894,2026-09-16T21:52:57.500000+00:00,4273.11,4273.6,0.4900000000006912,CONFIRMED_REVERSAL,6.5
SELL,4261.55,0.06821058279704946,2026-09-16T21:59:52.500000+00:00,4261.55,4261.83,0.27999999999974534,-0.31999999999970896,-1.4049999999997453,-4.819999999999709,6.78901185653733,6.78901185653733,-2.1542056852470224,4.0,0.5,4266.675,4261.23,4266.745,5.0549999999993815,2.872274246999988,2026-09-16T21:59:58+00:00,4260.64,4261.11,0.46999999999934516,PROFIT_LOCK,5.5
SELL,4274.35,0.0687084760868529,2026-09-16T22:02:36.500000+00:00,4274.35,4274.56,0.21000000000003638,-0.4149999999999636,-0.8000000000001819,-0.6199999999998909,0.0,-1.3808645443556764,-4.800148177994601,0.0,1.0,4274.46,4274.280000000001,4274.639999999999,0.18499999999949068,-4.800148177994601,2026-09-16T22:02:37.500000+00:00,4274.65,4275.08,0.43000000000029104,CONFIRMED_REVERSAL,1.0
SELL,4268.54,0.06762695347999609,2026-09-16T22:06:47.500000+00:00,4268.54,4268.78,0.23999999999978172,-1.180000000000291,-1.8500000000003638,-2.6350000000002183,0.0,-1.5532899515116911,-5.242353586359316,0.0,1.5,4269.8,4268.66,4270.65,1.9899999999997817,-5.242353586359316,2026-09-16T22:06:49+00:00,4269.05,4269.35,0.3000000000001819,CONFIRMED_REVERSAL,1.5
SELL,4245.41,0.06670511747407674,2026-09-16T22:14:29+00:00,4245.41,4245.64,0.23000000000047294,-0.785000000000764,-0.4250000000010914,-1.180000000000291,0.0,-1.4682785592966623,-11.107846492046168,0.0,1.0,4245.8150000000005,4244.8150000000005,4246.38,0.8550000000004729,-11.107846492046168,2026-09-16T22:14:30+00:00,4246.71,4247.15,0.4399999999995998,HARD_STOP,1.0
SELL,4243.1,0.06400600559381872,2026-09-16T22:17:10+00:00,4243.1,4243.36,0.2599999999993088,-0.8300000000008367,-2.0650000000005093,-5.565000000000509,0.0,-1.5926323784602174,-8.453202624152572,0.0,0.5,4246.435,4243.23,4245.705,2.475000000000364,-8.453202624152572,2026-09-16T22:17:10.500000+00:00,4244.03,4244.48,0.4499999999998181,HARD_STOP,0.5
SELL,4245.83,0.06188449692125931,2026-09-16T22:18:39.500000+00:00,4245.83,4246.09,0.2600000000002183,-0.21499999999923602,-0.8100000000004002,-0.7699999999995271,11.785727862486729,11.785727862486729,-2.6058895776385587,5.5,1.0,4246.48,4245.96,4246.4349999999995,0.4749999999994543,3.4350362614282384,2026-09-16T22:18:45.500000+00:00,4244.83,4245.25,0.42000000000007276,PROFIT_LOCK,6.0
BUY,4246.56,0.062719084243393,2026-09-16T22:19:51.500000+00:00,4246.36,4246.56,0.2000000000007276,0.6150000000006912,1.3400000000001455,3.0700000000006185,0.0,-1.2004696144382914,-7.743029013098592,0.0,2.0,4244.4,4246.46,4243.57,2.8900000000003274,-7.26284116732546,2026-09-16T22:19:54+00:00,4245.35,4245.66,0.3099999999994907,CONFIRMED_REVERSAL,2.5
BUY,4245.27,0.06095050378213215,2026-09-16T22:26:42+00:00,4245.02,4245.27,0.25,0.410000000000764,0.23500000000058208,1.9350000000004002,2.8582146919226417,2.8582146919226417,-4.024832933528484,2.5,3.5,4245.1849999999995,4245.1900000000005,4244.555,0.5900000000001455,-4.024832933528484,2026-09-16T22:26:45.500000+00:00,4244.58,4244.93,0.3500000000003638,CONFIRMED_REVERSAL,3.5
BUY,4250.86,0.059881003004145505,2026-09-16T22:29:16+00:00,4250.66,4250.86,0.1999999999998181,0.2250000000003638,1.300000000000182,5.690000000000509,0.0,-1.1461475475195644,-8.309569719523356,0.0,2.0,4249.46,4250.76,4250.15,0.6100000000005821,-8.309569719523356,2026-09-16T22:29:18+00:00,4249.41,4249.94,0.5299999999997453,HARD_STOP,2.0
BUY,4256.39,0.05776327239623293,2026-09-16T22:30:30.500000+00:00,4256.24,4256.39,0.1500000000005457,0.930000000000291,0.3850000000002183,2.4200000000000728,7.849854389092366,7.849854389092366,-1.9901039296321663,3.5,0.5,4256.215,4256.3150000000005,4255.195,1.1200000000008004,4.7541371652229,2026-09-16T22:30:34.500000+00:00,4257.25,4257.61,0.3599999999996726,PROFIT_LOCK,4.0
SELL,4258.39,0.058902697127476825,2026-09-16T22:32:01+00:00,4258.39,4258.63,0.23999999999978172,-0.18000000000029104,-1.375,-1.319999999999709,0.0,-0.45096894486066985,-8.004698771284579,0.5,3.0,4259.155000000001,4258.51,4258.91,0.3999999999996362,-8.004698771284579,2026-09-16T22:32:04+00:00,4259.44,4259.81,0.37000000000080036,HARD_STOP,3.0
BUY,4260.02,0.05691674532715198,2026-09-16T22:33:04.500000+00:00,4259.84,4260.02,0.18000000000029104,1.3250000000007276,0.28000000000065484,3.4200000000000728,1.9609387390687236,1.9609387390687236,-4.575523724498643,3.0,1.5,4259.57,4259.93,4258.605,1.3250000000007276,-1.5796450953671088,2026-09-16T22:33:10+00:00,4259.73,4259.94,0.21000000000003638,CONFIRMED_REVERSAL,5.5
SELL,4257.46,0.05656327665182565,2026-09-16T22:34:13+00:00,4257.46,4257.72,0.2600000000002183,-1.644999999999527,-2.1549999999997453,-2.514999999999418,0.0,-1.4074383332009595,-5.359092114874895,0.0,2.0,4258.82,4257.59,4259.235,1.644999999999527,-5.359092114874895,2026-09-16T22:34:15+00:00,4258.23,4258.45,0.22000000000025466,CONFIRMED_REVERSAL,2.0
BUY,4264.15,0.05516131548504441,2026-09-16T22:35:02+00:00,4263.99,4264.15,0.15999999999985448,0.7749999999996362,0.9599999999991269,0.7549999999991996,5.648587491832222,5.648587491832222,-4.381614596465068,3.0,2.0,4263.295,4264.07,4263.84,0.22999999999956344,3.642547074172764,2026-09-16T22:35:06.500000+00:00,4264.84,4265.06,0.22000000000025466,PROFIT_LOCK,4.5
SELL,4259.0,0.05612168447852148,2026-09-16T22:36:16.500000+00:00,4259.0,4259.27,0.27000000000043656,-1.3999999999996362,-2.119999999999891,-2.5299999999997453,0.0,-1.396450395635469,-5.746930474339581,0.5,2.5,4260.295,4259.135,4260.535,1.3999999999996362,-5.746930474339581,2026-09-16T22:36:19+00:00,4259.8,4260.07,0.26999999999952706,CONFIRMED_REVERSAL,2.5
BUY,4260.27,0.05469541459926783,2026-09-16T22:37:13+00:00,4260.1,4260.27,0.17000000000007276,0.23500000000058208,1.0700000000006185,2.630000000000109,0.9945485471268173,0.9945485471268173,-4.292262150770121,0.5,5.0,4258.74,4260.185,4259.594999999999,0.590000000001055,-2.8789563206372764,2026-09-16T22:37:18.500000+00:00,4259.72,4259.83,0.10999999999967258,CONFIRMED_REVERSAL,5.5
BUY,4261.99,0.05396750957929561,2026-09-16T22:39:32.500000+00:00,4261.75,4261.99,0.23999999999978172,1.2899999999999636,1.574999999999818,4.085000000000036,15.907596315406439,15.907596315406439,-2.737346119208299,18.0,3.0,4261.615,4261.87,4259.950000000001,1.9199999999991633,11.672457036630803,2026-09-16T22:39:52+00:00,4264.25,4264.56,0.3100000000004002,CONFIRMED_REVERSAL,19.5
SELL,4265.35,0.05678447098521435,2026-09-16T22:42:57.500000+00:00,4265.35,4265.58,0.22999999999956344,-0.30500000000029104,-1.1700000000000728,-1.5399999999999636,0.0,-1.2499104177526665,-2.55416476671326,0.0,1.5,4266.635,4265.305,4265.77,0.30500000000029104,-2.55416476671326,2026-09-16T22:42:59+00:00,4265.37,4265.82,0.4499999999998181,CONFIRMED_REVERSAL,1.5
BUY,4266.92,0.05613809801460602,2026-09-16T22:44:55.500000+00:00,4266.7,4266.92,0.22000000000025466,0.6299999999991996,0.43000000000029104,1.7599999999993088,0.0,-1.1819574514021662,-4.566653789505038,0.0,2.0,4266.65,4266.8099999999995,4266.105,0.7049999999999272,-4.190576418601461,2026-09-16T22:44:58+00:00,4266.14,4266.43,0.2899999999999636,CONFIRMED_REVERSAL,2.5
BUY,4269.16,0.05508296750071324,2026-09-16T22:47:17.500000+00:00,4268.91,4269.16,0.25,0.15999999999985448,0.1750000000001819,1.0249999999996362,0.0,-0.8434489062472342,-3.373795624988937,1.0,2.0,4269.175,4269.175,4268.835,0.1999999999998181,-3.0575022851486215,2026-09-16T22:47:25.500000+00:00,4268.58,4268.82,0.23999999999978172,CONFIRMED_REVERSAL,8.0
BUY,4269.42,0.054331311845708295,2026-09-16T22:49:08.500000+00:00,4269.14,4269.42,0.27999999999974534,0.4250000000010914,0.7450000000008004,2.7650000000003274,0.0,-0.4159696511507545,-5.7195827033299675,2.0,4.5,4268.535,4269.4,4269.07,0.21000000000094587,-5.7195827033299675,2026-09-16T22:49:13+00:00,4268.32,4268.78,0.4600000000000364,CONFIRMED_REVERSAL,4.5
SELL,4273.18,0.05288491126450886,2026-09-16T22:51:39+00:00,4273.18,4273.43,0.25,-0.8949999999995271,-0.4499999999998181,-1.5399999999999636,3.8971217410741175,3.8971217410741175,-1.9232548852048705,9.0,1.5,4274.72,4273.305,4275.125,1.819999999999709,0.05061197066437629,2026-09-16T22:51:49.500000+00:00,4272.75,4273.17,0.42000000000007276,CONFIRMED_REVERSAL,10.5
SELL,4269.21,0.05294647722378137,2026-09-16T22:53:52+00:00,4269.21,4269.44,0.22999999999956344,-0.4899999999997817,-0.24000000000069122,-2.180000000000291,3.698975012282571,3.698975012282571,-1.1654304833189386,2.0,0.0,4269.455,4269.139999999999,4270.0650000000005,0.7400000000006912,1.3681140456400847,2026-09-16T22:53:56.500000+00:00,4268.73,4268.94,0.21000000000003638,CONFIRMED_REVERSAL,4.5
SELL,4270.06,0.05327072334196335,2026-09-16T22:56:48.500000+00:00,4270.06,4270.34,0.27999999999974534,-0.2849999999998545,-0.3599999999987631,-1.359999999998763,0.0,-0.9176616166189311,-5.913819307119355,2.0,10.5,4271.23,4270.13,4271.655000000001,1.4549999999999272,-5.8628381061947925,2026-09-16T22:56:59.500000+00:00,4270.86,4271.21,0.3500000000003638,CONFIRMED_REVERSAL,11.0
BUY,4272.82,0.051802568731952256,2026-09-16T22:59:55.500000+00:00,4272.66,4272.82,0.15999999999985448,0.3599999999996726,0.32999999999992724,0.7899999999990541,0.09915229226300763,0.09915229226300763,-3.420754082997112,2.0,4.0,4273.225,4273.225,4272.01,0.7299999999995634,-3.420754082997112,2026-09-16T22:59:59.500000+00:00,4272.13,4272.85,0.7200000000002547,CONFIRMED_REVERSAL,4.0
SELL,4282.8,0.05084726685503819,2026-09-17T03:13:35+00:00,4282.8,4283.06,0.2600000000002183,-0.6749999999992724,-0.8099999999994907,-1.2799999999988358,1.6545046738784752,1.6545046738784752,-3.844290271656988,7.5,10.0,4283.495,4282.93,4283.754999999999,0.8249999999989086,-3.844290271656988,2026-09-17T03:13:45+00:00,4283.14,4283.59,0.4499999999998181,CONFIRMED_REVERSAL,10.0
SELL,4283.62,0.04989979045881983,2026-09-17T03:16:33+00:00,4283.62,4283.82,0.1999999999998181,-0.23000000000138243,-0.18000000000029104,-1.230000000000473,0.0,-0.9073477999315462,-3.10408457870747,0.5,2.0,4285.129999999999,4283.595,4284.125,0.40500000000065484,-3.10408457870747,2026-09-17T03:16:35+00:00,4284.01,4284.27,0.2600000000002183,CONFIRMED_REVERSAL,2.0
BUY,4284.29,0.04913492177826053,2026-09-17T03:19:47+00:00,4284.08,4284.29,0.21000000000003638,0.7249999999994543,0.8249999999989086,2.1899999999996,0.0,-0.9874861914783771,-3.338643790236011,0.0,4.5,4283.41,4284.1849999999995,4283.4,0.7849999999998545,-3.338643790236011,2026-09-17T03:19:52+00:00,4283.58,4284.0,0.42000000000007276,CONFIRMED_REVERSAL,5.0
BUY,4288.16,0.04827704063727265,2026-09-17T03:24:30+00:00,4287.95,4288.16,0.21000000000003638,0.3150000000005093,0.2250000000003638,1.3500000000003638,0.23101070853945696,0.23101070853945696,-2.217702801968702,0.5,3.0,4287.83,4288.055,4287.54,0.5150000000003274,-1.7094792431852581,2026-09-17T03:24:33.500000+00:00,4287.79,4288.12,0.32999999999992724,CONFIRMED_REVERSAL,3.5
BUY,4287.64,0.04786629103085813,2026-09-17T03:33:38+00:00,4287.39,4287.64,0.25,0.3249999999998181,0.5800000000008367,1.2000000000007276,5.35965834791155,5.35965834791155,-2.4278794225610723,24.5,1.0,4287.395,4287.515,4286.915,0.6000000000003638,3.5731055652729773,2026-09-17T03:34:04.500000+00:00,4288.42,4288.53,0.10999999999967258,CONFIRMED_REVERSAL,26.5
BUY,4287.72,0.04873615692628115,2026-09-17T03:35:53+00:00,4287.54,4287.72,0.18000000000029104,0.5250000000005457,0.5199999999995271,1.4549999999999272,0.0,-0.8395474614807947,-3.871246627932621,0.0,4.5,4287.219999999999,4287.63,4286.75,0.8800000000001091,-3.871246627932621,2026-09-17T03:35:57.500000+00:00,4286.89,4287.39,0.5,CONFIRMED_REVERSAL,4.5
BUY,4287.91,0.047790623812317246,2026-09-17T03:38:14+00:00,4287.75,4287.91,0.15999999999985448,0.3099999999994907,0.3500000000003638,2.4899999999997817,4.253506645009684,4.253506645009684,-0.7317860894631371,12.5,0.0,4285.905000000001,4287.83,4287.3150000000005,0.5149999999994179,1.2348890259721637,2026-09-17T03:38:33+00:00,4288.18,4288.72,0.5399999999999636,PROFIT_LOCK,19.0
BUY,4289.75,0.048070922686405476,2026-09-17T03:41:02+00:00,4289.56,4289.75,0.18999999999959982,0.3850000000002183,0.37000000000080036,0.75,7.084751905040867,7.084751905040867,-2.1622294775136948,16.5,0.5,4290.385,4290.385,4289.21,0.44500000000061846,5.704605430032037,2026-09-17T03:41:20.500000+00:00,4290.99,4291.33,0.3400000000001455,CONFIRMED_REVERSAL,18.5
BUY,4303.94,0.04929739610847761,2026-09-17T04:06:24.500000+00:00,4303.71,4303.94,0.22999999999956344,0.18999999999959982,0.2650000000003274,2.375,3.255326389160466,3.255326389160466,-2.3117535227344064,7.0,0.5,4302.465,4303.835,4303.32,0.5050000000001091,0.0,2026-09-17T04:06:34+00:00,4303.94,4304.31,0.37000000000080036,CONFIRMED_REVERSAL,9.5
BUY,4309.96,0.04922853924563595,2026-09-17T04:07:53.500000+00:00,4309.72,4309.96,0.23999999999978172,0.2000000000007276,0.1750000000001819,2.1749999999992724,0.0,-0.4240147127172655,-2.920990243158147,0.5,2.0,4308.639999999999,4310.025,4309.639999999999,0.2000000000007276,-2.920990243158147,2026-09-17T04:07:55.500000+00:00,4309.34,4309.72,0.38000000000010914,CONFIRMED_REVERSAL,2.0
SELL,4303.81,0.04858970669567016,2026-09-17T04:09:37+00:00,4303.81,4304.09,0.27999999999974534,-0.6699999999991633,-0.75,-0.8849999999993088,0.32550958784405454,0.32550958784405454,-4.696638338848078,0.5,1.0,4304.325,4303.950000000001,4304.700000000001,0.75,-3.534104096558154,2026-09-17T04:09:41.500000+00:00,4304.17,4304.57,0.3999999999996362,CONFIRMED_REVERSAL,4.5
SELL,4306.63,0.04770041723227317,2026-09-17T04:51:54+00:00,4306.63,4306.9,0.26999999999952706,-0.555000000000291,-0.3250000000007276,-1.2200000000002547,0.9130060200001155,0.9130060200001155,-2.236864749001321,1.5,4.0,4308.415,4306.764999999999,4308.514999999999,1.75,-2.236864749001321,2026-09-17T04:51:58+00:00,4306.59,4307.12,0.5299999999997453,CONFIRMED_REVERSAL,4.0
BUY,4290.47,0.047335309982506416,2026-09-17T05:07:44.500000+00:00,4290.2,4290.47,0.27000000000043656,0.9350000000004002,0.8949999999995271,2.3499999999994543,0.0,-0.18120354277890827,-4.031778826835859,4.0,1.0,4289.055,4290.335,4289.34,0.9949999999998909,-2.536849598908836,2026-09-17T05:07:50.500000+00:00,4289.91,4290.38,0.47000000000025466,CONFIRMED_REVERSAL,6.0
BUY,4287.46,0.04675027873417409,2026-09-17T05:14:47.500000+00:00,4287.19,4287.46,0.27000000000043656,0.19499999999970896,0.40499999999974534,1.4549999999999272,0.0,-1.2080069596223197,-3.7135028758696906,0.0,1.5,4287.16,4287.325,4286.82,0.5050000000001091,-3.7135028758696906,2026-09-17T05:14:49.500000+00:00,4286.63,4287.15,0.5199999999995271,CONFIRMED_REVERSAL,2.0
BUY,4292.13,0.0457953689489102,2026-09-17T05:29:55+00:00,4291.94,4292.13,0.19000000000050932,0.2999999999992724,0.21000000000003638,0.34499999999934516,0.3067899085067094,0.3067899085067094,-1.2709867638186354,1.5,4.0,4291.1,4292.12,4291.82,0.21500000000014552,-1.2709867638186354,2026-09-17T05:29:59.500000+00:00,4291.84,4291.98,0.13999999999941792,CONFIRMED_REVERSAL,4.5
BUY,4290.47,0.04550354884830046,2026-09-17T05:43:28.500000+00:00,4290.22,4290.47,0.25,0.27999999999974534,0.39499999999952706,0.7950000000000728,1.1757919992013732,1.1757919992013732,-1.6112705174264508,4.5,1.0,4288.965,4290.655000000001,4289.950000000001,0.39499999999952706,-0.9145048882694949,2026-09-17T05:43:36+00:00,4290.26,4290.65,0.3899999999994179,CONFIRMED_REVERSAL,7.5
BUY,4279.51,0.04539679465671379,2026-09-17T05:57:35.500000+00:00,4279.28,4279.51,0.23000000000047294,0.2250000000003638,0.2650000000003274,1.110000000000582,5.517602099031632,5.517602099031632,-2.954306635704341,26.0,7.5,4279.375,4279.425,4279.0650000000005,0.32999999999992724,1.694381746944824,2026-09-17T05:58:04+00:00,4279.9,4280.31,0.410000000000764,PROFIT_LOCK,28.5
BUY,4281.74,0.045786645544326,2026-09-17T06:04:08.500000+00:00,4281.46,4281.74,0.27999999999974534,0.5500000000010914,0.9800000000004729,0.8900000000003274,2.7605832222454927,2.7605832222454927,-1.2269258765522237,3.5,0.0,4280.475,4281.695,4280.215,1.3850000000002183,1.0954695326369104,2026-09-17T06:04:14.500000+00:00,4281.99,4282.36,0.36999999999989086,CONFIRMED_REVERSAL,6.0
BUY,4287.54,0.04599168237067656,2026-09-17T06:30:12+00:00,4287.3,4287.54,0.23999999999978172,0.22999999999956344,0.7899999999999636,1.3299999999999272,5.1497556849261885,5.1497556849261885,-1.3644651814778461,13.5,1.5,4287.405000000001,4287.42,4287.145,0.2749999999996362,1.2764351697677903,2026-09-17T06:30:26+00:00,4287.83,4288.15,0.31999999999970896,PROFIT_LOCK,14.0
BUY,4292.47,0.0462495804560824,2026-09-17T06:37:19+00:00,4292.25,4292.47,0.22000000000025466,0.23500000000058208,0.25500000000101863,0.5200000000004366,0.0,-0.9737600342296566,-3.496683759275013,0.0,1.5,4292.0,4292.52,4292.0599999999995,0.3000000000010914,-3.0098037421621977,2026-09-17T06:37:21+00:00,4291.79,4292.03,0.23999999999978172,CONFIRMED_REVERSAL,2.0
BUY,4302.03,0.04541576073372457,2026-09-17T08:53:11.500000+00:00,4301.75,4302.03,0.27999999999974534,0.23999999999978172,0.2249999999985448,1.2999999999992724,0.0,-0.8258128983081073,-5.606834941156169,1.5,2.5,4301.514999999999,4301.889999999999,4301.5,0.3899999999994179,-4.867949716352306,2026-09-17T08:53:14.500000+00:00,4300.91,4301.17,0.2600000000002183,CONFIRMED_REVERSAL,3.0
BUY,4305.13,0.04420154558564513,2026-09-17T08:55:57+00:00,4304.99,4305.13,0.14000000000032742,0.3149999999995998,0.3149999999986903,1.125,0.2961126515042067,0.2961126515042067,-1.776675909032935,4.0,2.5,4304.635,4305.0599999999995,4304.745,0.3149999999995998,-1.4805632575287282,2026-09-17T08:56:06+00:00,4304.78,4305.11,0.32999999999992724,CONFIRMED_REVERSAL,9.0
BUY,4307.66,0.04381644462460576,2026-09-17T09:03:27+00:00,4307.42,4307.66,0.23999999999978172,0.3599999999996726,0.3900000000003274,0.9849999999996726,0.0,-0.7128653800687471,-2.1385961402062414,1.0,6.0,4307.07,4307.54,4307.055,0.4849999999996726,-2.1385961402062414,2026-09-17T09:03:33+00:00,4307.15,4307.49,0.3400000000001455,CONFIRMED_REVERSAL,6.0
SELL,4306.13,0.04331306931647985,2026-09-17T09:05:02.500000+00:00,4306.13,4306.39,0.2600000000002183,-0.24499999999989086,-0.3899999999994179,-0.6749999999992724,0.0,-0.124354550729925,-3.0674122513632835,6.0,10.0,4307.4400000000005,4306.014999999999,4306.67,0.4099999999998545,-3.0674122513632835,2026-09-17T09:05:12.500000+00:00,4306.58,4306.87,0.2899999999999636,CONFIRMED_REVERSAL,10.0
BUY,4308.87,0.042541673349707654,2026-09-17T09:06:15.500000+00:00,4308.63,4308.87,0.23999999999978172,0.20499999999992724,0.4149999999999636,0.8649999999997817,1.669244265602641,1.669244265602641,-2.0763770133122277,6.5,1.5,4308.799999999999,4308.83,4308.3150000000005,0.4349999999994907,-0.6921256711040759,2026-09-17T09:06:25+00:00,4308.7,4308.97,0.27000000000043656,CONFIRMED_REVERSAL,9.5
BUY,4312.46,0.04233855655459053,2026-09-17T09:14:51+00:00,4312.21,4312.46,0.25,0.2899999999999636,0.30500000000029104,1.430000000000291,0.0,-0.44570776505541204,-3.119954355398939,6.5,10.5,4311.33,4312.335,4311.985000000001,0.3499999999994543,-2.5526899271435814,2026-09-17T09:15:02+00:00,4311.83,4312.09,0.2600000000002183,CONFIRMED_REVERSAL,11.0
SELL,4307.06,0.04177234645824989,2026-09-17T09:16:02.500000+00:00,4307.06,4307.26,0.1999999999998181,-0.2600000000002183,-0.5349999999998545,-0.7849999999998545,3.1581840096056952,3.1581840096056952,-1.1993103833917143,9.0,0.5,4307.295,4307.16,4307.695,0.5349999999998545,1.1993103833953502,2026-09-17T09:16:13+00:00,4306.54,4306.76,0.22000000000025466,CONFIRMED_REVERSAL,10.5
BUY,4306.37,0.04207004343106098,2026-09-17T09:17:55.500000+00:00,4306.11,4306.37,0.2600000000002183,0.27999999999974534,0.18999999999959982,1.1350000000002183,1.3689051111714579,1.3689051111714579,-1.7715242615136348,12.0,14.5,4306.025,4306.275,4305.8150000000005,0.4249999999992724,-1.4091670262031122,2026-09-17T09:18:10.500000+00:00,4306.02,4306.26,0.23999999999978172,CONFIRMED_REVERSAL,15.0
SELL,4306.79,0.04172405002568809,2026-09-17T09:20:41+00:00,4306.79,4307.03,0.23999999999978172,-0.3600000000005821,-0.4400000000005093,-0.7700000000004366,0.0,-0.6388926732735636,-2.59550148517476,1.0,9.0,4307.35,4306.91,4307.335,0.4250000000001819,-2.156262772300093,2026-09-17T09:20:51+00:00,4307.06,4307.33,0.26999999999952706,CONFIRMED_REVERSAL,10.0
SELL,4305.98,0.041208649995760835,2026-09-17T09:23:24+00:00,4305.98,4306.2,0.22000000000025466,-0.19499999999970896,-0.3649999999997817,-1.2299999999995634,0.47325052113068594,0.47325052113068594,-2.5634403227956994,31.0,33.5,4306.25,4305.925,4306.54,0.4499999999998181,-2.5634403227956994,2026-09-17T09:23:57.500000+00:00,4306.34,4306.63,0.2899999999999636,CONFIRMED_REVERSAL,33.5
BUY,4310.12,0.040547608989777426,2026-09-17T09:45:08.500000+00:00,4309.87,4310.12,0.25,0.1500000000005457,0.2249999999994543,1.3350000000000364,0.0,-0.6208786128475279,-1.8626358385425834,3.5,5.5,4309.895,4310.045,4309.49,0.5050000000001091,-1.8626358385425834,2026-09-17T09:45:15+00:00,4309.64,4309.88,0.23999999999978172,CONFIRMED_REVERSAL,6.5
BUY,4313.13,0.04006806547159764,2026-09-17T10:05:20+00:00,4312.92,4313.13,0.21000000000003638,0.3249999999998181,0.21500000000014552,0.5299999999988358,2.530834685655236,2.530834685655236,-1.3421093030006797,15.0,1.0,4312.66,4313.025,4312.495,0.5299999999997453,1.265417342827618,2026-09-17T10:05:37+00:00,4313.46,4313.72,0.2600000000002183,CONFIRMED_REVERSAL,17.0
SELL,4314.03,0.04036620547100377,2026-09-17T10:08:14.500000+00:00,4314.03,4314.3,0.27000000000043656,-0.16499999999996362,-0.3149999999995998,-0.24000000000069122,0.0,-1.0430452708054552,-2.3951409922156395,0.0,1.0,4314.585,4314.165,4314.65,0.4849999999996726,-2.3565096858922443,2026-09-17T10:08:17+00:00,4314.42,4314.64,0.22000000000025466,CONFIRMED_REVERSAL,2.5
BUY,4316.07,0.039776621522436106,2026-09-17T10:09:26+00:00,4315.81,4316.07,0.2599999999993088,0.555000000000291,0.4150000000008731,1.5750000000007276,0.0,-0.9897436147539752,-3.121499092692805,0.0,4.0,4315.555,4315.9400000000005,4315.33,0.6100000000005821,-3.121499092692805,2026-09-17T10:09:30+00:00,4315.25,4315.54,0.2899999999999636,CONFIRMED_REVERSAL,4.0
BUY,4320.98,0.03897657473293146,2026-09-17T10:11:21+00:00,4320.84,4320.98,0.13999999999941792,0.2999999999992724,1.2899999999999636,1.7799999999997453,2.0888784295406415,2.0888784295406415,-1.11904201582183,13.0,1.0,4320.62,4320.9349999999995,4320.525,0.3850000000002183,1.007137814243718,2026-09-17T10:11:36+00:00,4321.25,4321.33,0.07999999999992724,CONFIRMED_REVERSAL,15.0
BUY,4322.36,0.039207601265811506,2026-09-17T10:14:15+00:00,4322.1,4322.36,0.2599999999993088,0.40499999999883585,0.20499999999992724,1.5450000000000728,1.3883324175268936,1.3883324175268936,-1.2382424264429974,10.0,1.0,4321.110000000001,4322.24,4321.535,0.694999999999709,-0.6378824621074123,2026-09-17T10:14:28.500000+00:00,4322.19,4322.45,0.2600000000002183,CONFIRMED_REVERSAL,13.5
BUY,4327.68,0.039005388149256394,2026-09-17T10:15:54.500000+00:00,4327.46,4327.68,0.22000000000025466,0.22999999999956344,0.3999999999996362,1.5299999999997453,0.0,-0.7092505358697018,-5.338043506795585,0.5,4.5,4327.014999999999,4327.594999999999,4327.34,0.22999999999956344,-4.666121946498688,2026-09-17T10:15:59.500000+00:00,4326.43,4326.77,0.3400000000001455,CONFIRMED_REVERSAL,5.0
BUY,4328.05,0.037875524697523574,2026-09-17T10:27:05.500000+00:00,4327.79,4328.05,0.2600000000002183,1.7049999999999272,1.699999999999818,2.475000000000364,3.044804491810619,3.044804491810619,-3.552271907113488,19.0,11.5,4326.1900000000005,4327.92,4326.05,1.8699999999998909,1.7761359535550953,2026-09-17T10:27:26+00:00,4328.54,4328.82,0.27999999999974534,CONFIRMED_REVERSAL,20.5
BUY,4329.59,0.03829070775230326,2026-09-17T10:29:03+00:00,4329.34,4329.59,0.25,0.9150000000008731,0.6550000000006548,1.1550000000006548,0.4030951256607874,0.4030951256607874,-1.8688955826154678,4.0,4.5,4328.885,4329.545,4328.549999999999,0.9150000000008731,-1.282575399834929,2026-09-17T10:29:09+00:00,4329.24,4329.49,0.25,CONFIRMED_REVERSAL,6.0
BUY,4331.79,0.03796187964004781,2026-09-17T10:30:47+00:00,4331.51,4331.79,0.27999999999974534,0.21999999999934516,0.30499999999938154,0.8599999999996726,4.105325709695192,4.105325709695192,-1.2352307445104673,17.5,7.5,4331.23,4331.674999999999,4330.895,0.7549999999991996,3.015416229244586,2026-09-17T10:31:06.500000+00:00,4332.62,4332.86,0.23999999999978172,CONFIRMED_REVERSAL,19.5
BUY,4333.02,0.038678272109541695,2026-09-17T10:32:39.500000+00:00,4332.77,4333.02,0.25,1.110000000000582,1.0100000000002183,1.5700000000006185,2.6651461429808667,2.6651461429808667,-1.3325730714937998,20.5,4.5,4332.04,4332.99,4331.62,1.2750000000005457,1.1845093968803853,2026-09-17T10:33:01.500000+00:00,4333.34,4333.68,0.3400000000001455,CONFIRMED_REVERSAL,22.0
SELL,4333.01,0.038964006850570526,2026-09-17T10:34:47+00:00,4333.01,4333.26,0.25,-0.17000000000007276,-0.2649999999994179,-0.9049999999997453,8.09179389763062,8.09179389763062,-1.1186811840048738,38.5,2.0,4333.450000000001,4333.135,4333.53,0.39499999999952706,6.078167766423203,2026-09-17T10:35:29+00:00,4330.92,4331.38,0.4600000000000364,CONFIRMED_REVERSAL,42.0
SELL,4333.03,0.04042957571035373,2026-09-17T10:48:41.500000+00:00,4333.03,4333.3,0.27000000000043656,-0.19500000000061846,-0.21000000000003638,-0.7399999999997817,0.773839059517265,0.773839059517265,-2.050673507725151,3.5,19.5,4334.004999999999,4333.15,4333.66,0.49499999999989086,-1.3542183541578527,2026-09-17T10:49:18+00:00,4333.06,4333.38,0.31999999999970896,CONFIRMED_REVERSAL,36.5
BUY,4328.22,0.040147573203388486,2026-09-17T10:59:44+00:00,4327.98,4328.22,0.24000000000069122,0.3649999999997817,0.6049999999995634,1.0150000000003274,0.0,-0.5379089891667788,-2.6895449458269045,2.0,3.0,4327.71,4328.139999999999,4327.4349999999995,0.6650000000008731,-2.4974345925563,2026-09-17T10:59:47.500000+00:00,4327.57,4327.82,0.25,CONFIRMED_REVERSAL,3.5
BUY,4327.75,0.039548942760591,2026-09-17T11:04:22.500000+00:00,4327.5,4327.75,0.25,0.2250000000003638,0.15499999999974534,0.8150000000005093,1.0597767249901757,1.0597767249901757,-1.551815918736475,12.0,5.5,4327.145,4327.93,4327.16,0.4650000000001455,-0.7191342062424729,2026-09-17T11:04:37+00:00,4327.56,4327.84,0.27999999999974534,CONFIRMED_REVERSAL,14.5
SELL,4325.34,0.03939725134202121,2026-09-17T11:10:46.500000+00:00,4325.34,4325.58,0.23999999999978172,-0.40499999999974534,-0.34500000000025466,-0.75,8.03095133471461,8.03095133471461,-1.3573438875560948,50.5,1.0,4326.215,4325.46,4325.865,0.40499999999974534,5.957231506501338,2026-09-17T11:11:41+00:00,4323.47,4323.76,0.2899999999999636,CONFIRMED_REVERSAL,54.5
SELL,4319.02,0.04089614607752154,2026-09-17T11:12:51+00:00,4319.02,4319.23,0.20999999999912689,-0.3500000000003638,-0.3350000000000364,-1.7199999999993452,3.639877767219923,3.639877767219923,-1.7220927070696865,19.5,9.5,4319.71,4319.125,4319.505,0.38000000000010914,0.3522462355378712,2026-09-17T11:13:18.500000+00:00,4318.66,4318.93,0.27000000000043656,CONFIRMED_REVERSAL,27.5
SELL,4319.19,0.04097975271901337,2026-09-17T11:14:36+00:00,4319.19,4319.43,0.24000000000069122,-0.5900000000001455,-0.4250000000010914,-0.6450000000004366,0.8235881624651035,0.8235881624651035,-0.9412436142483804,0.5,0.0,4319.755,4319.3099999999995,4319.955,0.6450000000004366,-0.9412436142483804,2026-09-17T11:14:39+00:00,4319.17,4319.43,0.2600000000002183,CONFIRMED_REVERSAL,3.0
SELL,4314.97,0.04079189984662145,2026-09-17T11:23:15+00:00,4314.97,4315.14,0.17000000000007276,-0.22999999999956344,-0.2600000000002183,-0.6749999999992724,0.0,0.0,-2.8888641539495477,5.0,17.0,4315.535,4315.055,4315.475,0.42000000000007276,-2.8888641539495477,2026-09-17T11:23:32+00:00,4315.46,4315.71,0.25,CONFIRMED_REVERSAL,17.0
BUY,4316.89,0.04007450351816402,2026-09-17T11:25:12.500000+00:00,4316.62,4316.89,0.27000000000043656,0.3000000000001819,0.20499999999992724,0.535000000000764,0.0,-0.23011284859027586,-3.643453435991191,4.0,7.0,4316.66,4316.76,4316.455,0.3000000000001819,-2.0710156372985304,2026-09-17T11:25:21+00:00,4316.35,4316.51,0.15999999999985448,CONFIRMED_REVERSAL,8.5
SELL,4315.7,0.03958412315558227,2026-09-17T11:27:36+00:00,4315.7,4315.91,0.21000000000003638,-0.21500000000014552,-0.819999999999709,-0.7449999999998909,0.0,-0.6061253940231047,-4.015580735408237,1.0,3.5,4315.815,4315.805,4316.025,0.21999999999934516,-4.015580735408237,2026-09-17T11:27:39.500000+00:00,4316.46,4316.76,0.3000000000001819,CONFIRMED_REVERSAL,3.5
SELL,4314.4,0.03862351271278811,2026-09-17T11:30:54+00:00,4314.4,4314.59,0.19000000000050932,-0.3350000000000364,-0.3100000000004002,-1.050000000000182,0.0,-0.18481756380019831,-1.8851391507559716,0.5,3.0,4314.87,4314.495,4314.915,0.42000000000007276,-1.8851391507559716,2026-09-17T11:30:57+00:00,4314.65,4314.91,0.2600000000002183,CONFIRMED_REVERSAL,3.0
BUY,4314.42,0.03816677191828798,2026-09-17T11:33:15.500000+00:00,4314.18,4314.42,0.23999999999978172,0.48000000000047294,0.6700000000000728,1.1549999999997453,0.0,-0.8766336534714879,-2.9951649826959112,0.0,2.5,4313.445,4314.4,4313.63,0.6700000000000728,-2.666427362646595,2026-09-17T11:33:18.500000+00:00,4313.69,4314.08,0.3900000000003274,CONFIRMED_REVERSAL,3.0
SELL,4316.38,0.03750395232803025,2026-09-17T11:36:41.500000+00:00,4316.38,4316.55,0.17000000000007276,-0.6499999999996362,-1.055000000000291,-1.1549999999997453,0.0,-0.6101651893359663,-2.727797317030995,0.0,3.5,4316.67,4316.465,4317.115,0.6499999999996362,-2.727797317030995,2026-09-17T11:36:45+00:00,4316.82,4317.14,0.32000000000061846,CONFIRMED_REVERSAL,3.5
BUY,4319.32,0.03681852916031507,2026-09-17T11:39:29+00:00,4319.06,4319.32,0.2599999999993088,0.39500000000043656,0.2000000000007276,0.7100000000009459,0.5285415839349311,0.5285415839349311,-2.431291286090428,18.5,38.5,4318.389999999999,4319.1900000000005,4318.75,0.4400000000005093,-2.396055180494125,2026-09-17T11:40:08+00:00,4318.64,4318.85,0.21000000000003638,CONFIRMED_REVERSAL,39.0
SELL,4314.99,0.036275251944925244,2026-09-17T11:43:30.500000+00:00,4314.99,4315.19,0.1999999999998181,-0.2600000000002183,-0.2649999999994179,-0.7950000000000728,1.8746736061454259,1.8746736061454259,-1.1109176925328448,2.0,6.0,4314.935,4314.935,4315.415,0.3249999999998181,-1.1109176925328448,2026-09-17T11:43:36.500000+00:00,4314.98,4315.31,0.33000000000083674,CONFIRMED_REVERSAL,6.0
SELL,4312.49,0.036027107617082735,2026-09-17T11:45:16+00:00,4312.49,4312.75,0.2600000000002183,-0.36999999999989086,-0.23499999999967258,-1.0799999999999272,0.5171804783808678,0.5171804783808678,-1.3101905452350855,4.0,11.5,4312.889999999999,4312.62,4312.99,0.36999999999989086,-1.3101905452350855,2026-09-17T11:45:27.500000+00:00,4312.66,4312.87,0.21000000000003638,CONFIRMED_REVERSAL,11.5
BUY,4312.2,0.03571205214000826,2026-09-17T11:47:43+00:00,4312.0,4312.2,0.1999999999998181,0.16499999999996362,0.19500000000061846,1.4700000000002547,2.6999975242354206,2.6999975242354206,-0.751898044724693,7.0,1.5,4311.575,4312.155000000001,4311.885,0.21500000000014552,1.6063276410017644,2026-09-17T11:47:52.500000+00:00,4312.67,4312.86,0.18999999999959982,CONFIRMED_REVERSAL,9.5
SELL,4311.6,0.036106312665535975,2026-09-17T11:49:38.500000+00:00,4311.6,4311.79,0.18999999999959982,-0.19500000000061846,-0.2600000000002183,-0.875,0.20732699672228622,0.20732699672228622,-3.5245589442537244,25.0,6.5,4311.915,4311.695,4312.125,0.43000000000029104,-2.142378966115625,2026-09-17T11:50:17+00:00,4312.0,4312.22,0.22000000000025466,CONFIRMED_REVERSAL,38.5
BUY,4313.0,0.035575559078011146,2026-09-17T12:00:11+00:00,4312.82,4313.0,0.18000000000029104,0.2999999999992724,0.7849999999998545,1.2299999999995634,1.2937691707274692,1.2937691707274692,-1.2597226136023287,11.0,7.5,4312.950000000001,4312.950000000001,4312.575,0.3350000000000364,0.20427934274774628,2026-09-17T12:00:24.500000+00:00,4313.06,4313.28,0.21999999999934516,CONFIRMED_REVERSAL,13.5
SELL,4314.36,0.03561381981520586,2026-09-17T12:02:58.500000+00:00,4314.36,4314.62,0.2600000000002183,-0.2650000000003274,-0.30500000000029104,-0.75,1.9768240602951035,1.9768240602951035,-0.8861625097883153,8.0,0.0,4314.41,4314.305,4314.815,0.3249999999998181,0.30674856107770926,2026-09-17T12:03:22+00:00,4314.11,4314.27,0.16000000000076398,CONFIRMED_REVERSAL,23.5
BUY,4316.26,0.03567240250500796,2026-09-17T12:06:10+00:00,4316.09,4316.26,0.17000000000007276,0.30500000000029104,0.5700000000006185,0.9049999999997453,0.0,-0.5803670514019171,-1.9117973457950985,0.0,1.5,4316.14,4316.175,4315.87,0.30500000000029104,-1.7411011542057513,2026-09-17T12:06:12+00:00,4315.75,4315.92,0.17000000000007276,CONFIRMED_REVERSAL,2.0
BUY,4318.93,0.03522911265255734,2026-09-17T12:13:11.500000+00:00,4318.69,4318.93,0.24000000000069122,0.4899999999997817,0.2849999999998545,1.2950000000000728,0.6405850117760493,0.6405850117760493,-0.9440200173583739,4.5,3.0,4318.6,4318.8099999999995,4318.32,0.4899999999997817,-0.40458000743798905,2026-09-17T12:13:24+00:00,4318.81,4319.07,0.2599999999993088,CONFIRMED_REVERSAL,12.5
SELL,4314.0,0.03517137741230394,2026-09-17T12:15:56.500000+00:00,4314.0,4314.22,0.22000000000025466,-0.36999999999898137,-0.15999999999985448,-1.2099999999991269,0.0,-0.639535188866163,-2.7600992361640637,7.0,8.5,4314.365,4314.110000000001,4314.48,0.36999999999898137,-2.1878835408613098,2026-09-17T12:16:05.500000+00:00,4314.42,4314.65,0.22999999999956344,CONFIRMED_REVERSAL,9.0
BUY,4313.83,0.03464280758047506,2026-09-17T12:18:07+00:00,4313.6,4313.83,0.22999999999956344,0.23500000000058208,0.5749999999998181,1.0100000000002183,3.182773857933608,3.182773857933608,-0.9283090418964227,14.0,3.5,4313.620000000001,4313.715,4313.48,0.23500000000058208,1.9229258725012406,2026-09-17T12:18:23.500000+00:00,4314.41,4314.61,0.1999999999998181,CONFIRMED_REVERSAL,16.5
SELL,4311.52,0.03512739485484191,2026-09-17T12:19:42+00:00,4311.52,4311.78,0.2599999999993088,-0.3350000000009459,-0.23000000000047294,-1.0050000000001091,0.0,-0.8740590183334435,-2.756647673211826,0.0,7.5,4312.8150000000005,4311.53,4311.985000000001,0.3350000000009459,-2.756647673211826,2026-09-17T12:19:49.500000+00:00,4312.17,4312.34,0.17000000000007276,CONFIRMED_REVERSAL,7.5
SELL,4311.63,0.03445843430128559,2026-09-17T12:21:01.500000+00:00,4311.63,4311.83,0.1999999999998181,-0.2900000000008731,-0.19000000000050932,-1.4549999999999272,2.407353503503456,2.407353503503456,-0.8903910218416076,18.0,7.0,4311.92,4311.73,4312.02,0.2900000000008731,1.0552782481094607,2026-09-17T12:21:25.500000+00:00,4311.2,4311.31,0.11000000000058208,CONFIRMED_REVERSAL,24.0
BUY,4312.5,0.034707174257180784,2026-09-17T12:24:12.500000+00:00,4312.26,4312.5,0.23999999999978172,0.5250000000005457,0.48000000000047294,1.144999999999527,0.0,-0.19929296769001767,-3.520842429168159,4.5,6.5,4311.9400000000005,4312.38,4311.76,0.6199999999998909,-3.4876269345526523,2026-09-17T12:24:19.500000+00:00,4311.45,4311.7,0.25,CONFIRMED_REVERSAL,7.0
SELL,4308.29,0.03389521960849606,2026-09-17T12:27:41+00:00,4308.29,4308.57,0.27999999999974534,-0.17000000000007276,-0.15499999999974534,-0.7199999999993452,2.140936839685734,2.140936839685734,-0.9082762350175643,10.0,0.0,4308.585,4308.395,4308.605,0.1749999999992724,0.48657655447295756,2026-09-17T12:27:55+00:00,4307.88,4308.14,0.2600000000002183,CONFIRMED_REVERSAL,14.0
SELL,4306.46,0.03402768491550222,2026-09-17T12:29:34.500000+00:00,4306.46,4306.66,0.1999999999998181,-0.31999999999970896,-0.28000000000065484,-0.7950000000000728,0.9443910623199282,0.9443910623199282,-1.335173570865799,16.5,3.0,4307.085,4306.5,4306.9400000000005,0.38000000000101863,-0.8466954351842009,2026-09-17T12:29:52+00:00,4306.43,4306.72,0.2899999999999636,CONFIRMED_REVERSAL,17.5
BUY,4307.24,0.03381611987569997,2026-09-17T12:31:23.500000+00:00,4306.98,4307.24,0.2600000000002183,0.19499999999970896,0.3249999999998181,0.7650000000003274,0.6796174740509252,0.6796174740509252,-2.718469896203701,4.5,11.0,4307.09,4307.11,4306.655000000001,0.45499999999901775,-2.5890189487655695,2026-09-17T12:31:35+00:00,4306.44,4306.83,0.3900000000003274,CONFIRMED_REVERSAL,11.5
BUY,4309.05,0.03317409976290675,2026-09-17T12:33:06+00:00,4308.77,4309.05,0.27999999999974534,0.3349999999991269,0.19000000000050932,0.8500000000003638,0.0,-0.8889526836167013,-3.7145522851162545,0.0,8.5,4308.785,4308.91,4308.365,0.5450000000000728,-3.7145522851162545,2026-09-17T12:33:14.500000+00:00,4307.88,4308.2,0.31999999999970896,CONFIRMED_REVERSAL,8.5
SELL,4309.47,0.03227020606039559,2026-09-17T12:43:10+00:00,4309.47,4309.73,0.2599999999993088,-0.16499999999905413,-0.16499999999996362,-0.8400000000001455,0.0,-0.6794318272287463,-1.7603460978242744,0.5,3.0,4309.53,4309.53,4309.870000000001,0.27000000000043656,-1.7603460978242744,2026-09-17T12:43:13+00:00,4309.7,4310.04,0.3400000000001455,CONFIRMED_REVERSAL,3.0
BUY,4307.99,0.03185431794541106,2026-09-17T12:49:01+00:00,4307.75,4307.99,0.23999999999978172,0.24499999999989086,0.32999999999992724,0.2899999999999636,5.060551701595807,5.060551701595807,-1.920570826509753,60.0,10.5,4307.895,4307.895,4307.4349999999995,0.4350000000004002,5.060551701595807,2026-09-17T12:50:01+00:00,4309.65,4309.91,0.2600000000002183,MAX_HOLD,60.0
BUY,4306.8,0.03309090274556263,2026-09-17T13:00:38+00:00,4306.57,4306.8,0.23000000000047294,0.22999999999956344,0.20999999999912689,0.9399999999995998,0.25334951069145834,0.25334951069145834,-1.0450667316029858,16.0,20.5,4306.475,4306.6849999999995,4306.4349999999995,0.25,-0.8550545985858321,2026-09-17T13:00:59+00:00,4306.53,4306.77,0.24000000000069122,CONFIRMED_REVERSAL,21.0
SELL,4307.52,0.03287795426845551,2026-09-17T13:05:00+00:00,4307.52,4307.77,0.25,-0.21999999999934516,-0.18999999999959982,-0.9499999999998181,0.0,-0.34611381939043695,-1.8878935603153768,12.5,15.5,4307.625,4307.625,4307.9400000000005,0.29500000000007276,-1.6047095262673547,2026-09-17T13:05:17+00:00,4307.8,4308.03,0.22999999999956344,CONFIRMED_REVERSAL,17.0
BUY,4308.91,0.032478206762909544,2026-09-17T13:20:24.500000+00:00,4308.71,4308.91,0.1999999999998181,0.21999999999934516,0.19499999999970896,1.514999999999418,0.0,-0.2797409332304704,-1.2432930365767274,1.5,3.0,4308.120000000001,4308.825000000001,4308.575000000001,0.2349999999987631,-1.1811283847493046,2026-09-17T13:20:28+00:00,4308.53,4308.7,0.17000000000007276,CONFIRMED_REVERSAL,3.5
BUY,4312.68,0.03216364257162081,2026-09-17T13:24:50.500000+00:00,4312.5,4312.68,0.18000000000029104,0.25500000000010914,0.18000000000029104,0.3600000000005821,1.6621891943867846,1.6621891943867846,-0.769532034438378,3.0,1.0,4311.26,4312.59,4312.280000000001,0.3099999999994907,0.5232817834183211,2026-09-17T13:25:05+00:00,4312.85,4313.03,0.17999999999938154,CONFIRMED_REVERSAL,14.5
SELL,4313.15,0.03228690863278473,2026-09-17T13:29:52+00:00,4313.15,4313.4,0.25,-0.15999999999985448,-0.7800000000006548,-1.8450000000002547,0.0,-0.4325894942141995,-1.8848542247878315,1.5,3.5,4314.555,4313.219999999999,4313.475,0.2000000000007276,-1.8848542247878315,2026-09-17T13:29:55.500000+00:00,4313.49,4313.76,0.27000000000043656,CONFIRMED_REVERSAL,3.5
BUY,4316.16,0.031808083700069906,2026-09-17T13:35:46.500000+00:00,4315.93,4316.16,0.22999999999956344,0.1750000000001819,0.5050000000001091,0.5500000000001819,0.0,-0.0913230122113986,-1.2785221709706547,0.5,3.0,4316.305,4316.305,4315.87,0.1750000000001819,-1.2785221709706547,2026-09-17T13:35:49.500000+00:00,4315.74,4316.02,0.28000000000065484,CONFIRMED_REVERSAL,3.0
SELL,4322.19,0.03145461884542109,2026-09-17T13:53:12.500000+00:00,4322.19,4322.44,0.25,-0.24000000000069122,-0.2600000000002183,-0.6950000000006185,2.0770884239611935,2.0770884239611935,-0.7525682695515935,11.5,0.0,4322.275,4322.275,4322.610000000001,0.29500000000098225,0.9030819234597218,2026-09-17T13:53:28.500000+00:00,4321.58,4321.89,0.3100000000004002,CONFIRMED_REVERSAL,16.0
BUY,4329.83,0.03161705600285713,2026-09-17T14:04:09+00:00,4329.57,4329.83,0.2600000000002183,0.4849999999996726,0.5500000000001819,1.089999999999236,0.0,-0.5446473579532666,-1.7247166335150084,0.5,1.0,4329.32,4329.7,4328.96,0.7399999999997817,-1.7247166335150084,2026-09-17T14:04:10.500000+00:00,4329.26,4329.51,0.25,CONFIRMED_REVERSAL,1.5
BUY,4332.12,0.031184340553975638,2026-09-17T14:07:17.500000+00:00,4331.86,4332.12,0.2600000000002183,0.5499999999992724,0.8950000000004366,1.944999999999709,0.0,-0.5371932380643824,-2.1487729522548147,3.5,5.5,4331.075,4331.99,4330.950000000001,1.0399999999990541,-2.0293966771296983,2026-09-17T14:07:23.500000+00:00,4331.44,4331.78,0.3400000000001455,CONFIRMED_REVERSAL,6.0
SELL,4331.21,0.030701298307636363,2026-09-17T14:08:19.500000+00:00,4331.21,4331.43,0.22000000000025466,-0.3400000000001455,-0.18500000000040018,-0.9050000000006548,0.0,-0.323199659283435,-1.792289019667058,1.0,1.5,4331.535,4331.32,4331.8099999999995,0.4899999999997817,-1.7629072324614163,2026-09-17T14:08:21.500000+00:00,4331.55,4331.81,0.2600000000002183,CONFIRMED_REVERSAL,2.0
SELL,4330.58,0.030280399471793246,2026-09-17T14:09:17.500000+00:00,4330.58,4330.86,0.27999999999974534,-0.23500000000058208,-0.3600000000005821,-0.9500000000007276,0.0,-0.8114113891203233,-2.1734233637171285,0.0,2.0,4331.0,4330.719999999999,4331.085,0.3650000000006912,-1.7966966473391763,2026-09-17T14:09:20+00:00,4330.89,4331.2,0.3099999999994907,CONFIRMED_REVERSAL,2.5
BUY,4338.59,0.029791777415544583,2026-09-17T14:10:43+00:00,4338.36,4338.59,0.23000000000047294,0.19000000000050932,0.3250000000007276,1.6850000000004002,3.5068968635209883,3.5068968635209883,-1.967283606367583,11.0,15.0,4338.165,4338.475,4337.615,0.8600000000005821,-1.967283606367583,2026-09-17T14:10:58+00:00,4337.9,4338.23,0.32999999999992724,CONFIRMED_REVERSAL,15.0
SELL,4331.78,0.029364066258127944,2026-09-17T14:12:09+00:00,4331.78,4332.0,0.22000000000025466,-0.44499999999970896,-0.18500000000040018,-0.21500000000014552,0.0,-0.5339385330354087,-2.5853865810068317,1.0,15.0,4332.955,4331.385,4332.334999999999,0.44499999999970896,-2.5291825248993214,2026-09-17T14:12:24.500000+00:00,4332.37,4332.68,0.3100000000004002,CONFIRMED_REVERSAL,15.5
SELL,4330.53,0.028762278282889242,2026-09-17T14:13:46.500000+00:00,4330.53,4330.7,0.17000000000007276,-0.2650000000003274,-0.4650000000001455,-0.5400000000008731,0.0,-0.4679437735178723,-3.303132518947773,0.0,10.5,4331.27,4330.615,4331.155000000001,0.5400000000008731,-3.1655019973269307,2026-09-17T14:13:57.500000+00:00,4331.49,4331.68,0.19000000000050932,CONFIRMED_REVERSAL,11.0
BUY,4333.39,0.027979998793061893,2026-09-17T14:15:16+00:00,4333.21,4333.39,0.18000000000029104,0.19000000000050932,0.4900000000006912,0.8350000000000364,0.05355489284860337,0.05355489284860337,-1.68697912477119,7.5,10.5,4333.51,4333.51,4333.11,0.19000000000050932,-1.68697912477119,2026-09-17T14:15:26.500000+00:00,4332.76,4332.88,0.11999999999989086,CONFIRMED_REVERSAL,10.5
SELL,4331.22,0.027587032532612816,2026-09-17T14:17:15.500000+00:00,4331.22,4331.47,0.25,-0.2849999999998545,-0.39499999999952706,-0.8149999999995998,2.1913136652954806,2.1913136652954806,-1.188061625762234,27.5,2.0,4331.43,4331.1900000000005,4331.74,0.39499999999952706,0.5016260197678241,2026-09-17T14:17:46.500000+00:00,4330.82,4331.03,0.21000000000003638,CONFIRMED_REVERSAL,31.0
SELL,4328.24,0.02772712711495303,2026-09-17T14:19:35.500000+00:00,4328.24,4328.38,0.14000000000032742,-0.23500000000058208,-0.6350000000002183,-0.9250000000010914,0.26535442918534663,0.26535442918534663,-1.5390556892832161,2.5,4.0,4328.1,4328.09,4328.545,0.23500000000058208,-0.8491341733993839,2026-09-17T14:19:40+00:00,4328.3,4328.56,0.2600000000002183,CONFIRMED_REVERSAL,4.5
BUY,4331.3,0.027502688014301502,2026-09-17T14:20:34.500000+00:00,4331.1,4331.3,0.1999999999998181,0.4000000000014552,0.23000000000138243,2.0450000000000728,0.0,-0.2105651998888872,-1.4739563992246043,10.0,18.0,4330.245000000001,4331.200000000001,4330.755,0.44500000000061846,-1.4739563992246043,2026-09-17T14:20:53+00:00,4330.74,4330.95,0.21000000000003638,CONFIRMED_REVERSAL,18.5
BUY,4332.6,0.02713895630049903,2026-09-17T14:21:59+00:00,4332.33,4332.6,0.27000000000043656,0.24500000000080036,0.47000000000025466,1.2950000000000728,0.0,-0.6752863285397239,-3.038788478426395,0.5,11.0,4332.379999999999,4332.465,4331.965,0.5,-2.856980620743532,2026-09-17T14:22:10.500000+00:00,4331.5,4331.74,0.23999999999978172,CONFIRMED_REVERSAL,11.5
SELL,4330.45,0.02646305969921977,2026-09-17T14:23:19+00:00,4330.45,4330.64,0.19000000000050932,-0.22999999999956344,-0.15999999999985448,-1.2999999999992724,1.5955193429539176,1.5955193429539176,-2.2539876432210524,52.5,23.5,4330.29,4330.29,4331.02,0.4750000000003638,-0.2532570385649914,2026-09-17T14:24:13+00:00,4330.26,4330.55,0.2899999999999636,CONFIRMED_REVERSAL,54.0
SELL,4325.14,0.026434364269709902,2026-09-17T14:35:09.500000+00:00,4325.14,4325.41,0.26999999999952706,-0.4350000000004002,-1.1400000000003274,-1.5950000000011642,0.0,-0.177087692093598,-1.5431927453926562,6.5,8.5,4325.74,4325.275,4325.885,0.6100000000005821,-1.3408068115707439,2026-09-17T14:35:18.500000+00:00,4325.36,4325.67,0.3100000000004002,CONFIRMED_REVERSAL,9.0
SELL,4323.42,0.026120826792492776,2026-09-17T14:40:55+00:00,4323.42,4323.69,0.26999999999952706,-0.18000000000029104,-0.17000000000007276,-0.6700000000000728,0.0,-0.42496905622241177,-1.9248598428877415,9.0,52.5,4323.575,4323.514999999999,4323.885,0.32999999999992724,-1.6248816855546755,2026-09-17T14:41:55+00:00,4323.82,4324.07,0.25,MAX_HOLD,60.0
BUY,4325.03,0.025718538652838956,2026-09-17T14:42:51+00:00,4324.76,4325.03,0.26999999999952706,0.3500000000003638,0.32000000000061846,0.8200000000006185,2.06750725272696,2.06750725272696,-1.1322063526837047,14.0,9.0,4324.74,4324.895,4324.465,0.43000000000029104,0.1476790894814565,2026-09-17T14:43:09.500000+00:00,4325.09,4325.48,0.3899999999994179,CONFIRMED_REVERSAL,18.5
SELL,4325.41,0.02575195471911475,2026-09-17T14:44:47+00:00,4325.41,4325.65,0.23999999999978172,-0.5150000000003274,-0.8300000000008367,-1.2049999999999272,1.7005161405487061,1.7005161405487061,-1.133677427033218,20.0,2.0,4325.79,4325.53,4326.055,0.5250000000005457,0.0,2026-09-17T14:45:11+00:00,4325.13,4325.41,0.27999999999974534,CONFIRMED_REVERSAL,24.0
BUY,4339.09,0.025670765635560942,2026-09-17T14:53:40+00:00,4338.83,4339.09,0.2600000000002183,0.25,0.3000000000001819,1.6099999999996726,2.2847739473365607,2.2847739473365607,-0.6387540067826006,9.5,0.0,4338.735,4338.96,4338.475,0.4849999999996726,0.9826984719715129,2026-09-17T14:53:50.500000+00:00,4339.49,4339.75,0.2600000000002183,CONFIRMED_REVERSAL,10.5
BUY,4343.03,0.025883908949979082,2026-09-17T14:55:25.500000+00:00,4342.76,4343.03,0.26999999999952706,0.20499999999992724,1.0150000000003274,1.5950000000011642,0.17340011099205754,0.17340011099205754,-1.1147149992243564,7.0,0.5,4342.875,4342.99,4342.6900000000005,0.20499999999992724,-0.4706574441161494,2026-09-17T14:55:34.500000+00:00,4342.84,4343.1,0.2600000000002183,CONFIRMED_REVERSAL,9.0
BUY,4343.18,0.02576978131621969,2026-09-17T14:57:12+00:00,4342.96,4343.18,0.22000000000025466,0.20499999999992724,0.27000000000043656,1.6199999999998909,1.825004419491673,1.825004419491673,-0.5918933252424219,6.0,0.5,4342.52,4343.355,4342.865,0.20499999999992724,1.1097999848258961,2026-09-17T14:57:19+00:00,4343.63,4343.91,0.27999999999974534,CONFIRMED_REVERSAL,7.0
BUY,4347.93,0.02600833936521711,2026-09-17T15:07:57+00:00,4347.66,4347.93,0.27000000000043656,0.5799999999999272,0.5200000000004366,1.6700000000000728,4.978105389527888,4.978105389527888,-1.8418989941270392,21.0,0.5,4347.215,4347.795,4346.985000000001,0.8099999999994907,3.8331411499363837,2026-09-17T15:08:23+00:00,4349.47,4349.81,0.3400000000001455,CONFIRMED_REVERSAL,26.0
BUY,4354.97,0.02688599995831241,2026-09-17T15:15:26+00:00,4354.76,4354.97,0.21000000000003638,0.2999999999992724,0.5200000000004366,0.5649999999995998,0.4374179316239569,0.4374179316239569,-1.646749860231505,1.5,11.5,4354.83,4354.93,4354.5650000000005,0.2999999999992724,-1.2607928617408795,2026-09-17T15:15:38+00:00,4354.48,4354.82,0.3400000000001455,CONFIRMED_REVERSAL,12.0
BUY,4361.16,0.02654576058674588,2026-09-17T15:18:02.500000+00:00,4360.88,4361.16,0.27999999999974534,0.2750000000005457,0.18500000000040018,1.0800000000008367,0.0,-0.7113358095890207,-2.2356268301392324,0.0,0.5,4360.0599999999995,4361.18,4359.465,1.555000000000291,-1.9307686260296522,2026-09-17T15:18:03.500000+00:00,4360.4,4360.71,0.3100000000004002,CONFIRMED_REVERSAL,1.0
SELL,4369.6,0.026032779072660977,2026-09-17T15:25:40+00:00,4369.6,4369.88,0.27999999999974534,-0.7150000000001455,-0.32999999999992724,-0.875,3.0893256163529603,3.0893256163529603,-0.6975896553044838,7.5,0.0,4369.4400000000005,4369.4400000000005,4370.455,0.7150000000001455,0.049827832522881796,2026-09-17T15:25:52+00:00,4369.11,4369.58,0.47000000000025466,CONFIRMED_REVERSAL,12.0
SELL,4374.42,0.026015996862223077,2026-09-17T15:31:10+00:00,4374.42,4374.7,0.27999999999974534,-0.5400000000008731,-1.1200000000008004,-2.1450000000004366,8.788942932577168,8.788942932577168,-0.7967313706578864,12.5,1.0,4375.485000000001,4374.5599999999995,4375.875,1.3150000000005093,7.419560889259492,2026-09-17T15:31:25.500000+00:00,4371.0,4371.44,0.4399999999995998,CONFIRMED_REVERSAL,15.5
SELL,4369.01,0.027822702181727575,2026-09-17T15:33:04+00:00,4369.01,4369.26,0.25,-0.18000000000029104,-0.3899999999994179,-0.9650000000001455,1.384599333763436,1.384599333763436,-0.6656727566164776,6.5,0.0,4369.16,4369.135,4369.505,0.36999999999989086,0.23964219238231946,2026-09-17T15:33:13+00:00,4368.49,4368.92,0.43000000000029104,CONFIRMED_REVERSAL,9.0
SELL,4366.97,0.02789303988317427,2026-09-17T15:35:31.500000+00:00,4366.97,4367.23,0.2599999999993088,-0.7699999999995271,-1.0949999999993452,-1.2899999999990541,3.1499185408009454,3.1499185408009454,-0.6940498479710733,4.0,0.0,4368.469999999999,4367.005,4367.365,0.2649999999994179,1.174545896570914,2026-09-17T15:35:37.500000+00:00,4366.08,4366.53,0.4499999999998181,CONFIRMED_REVERSAL,6.0
BUY,4366.71,0.028175757523052052,2026-09-17T15:36:39+00:00,4366.49,4366.71,0.22000000000025466,0.4250000000001819,0.37000000000080036,0.5100000000002183,0.0,-0.5932254160910003,-2.0762889563172746,0.0,3.0,4366.315,4366.6,4366.175,0.4250000000001819,-2.0762889563172746,2026-09-17T15:36:42+00:00,4365.94,4366.24,0.3000000000001819,CONFIRMED_REVERSAL,3.0
BUY,4366.6,0.027679620025697422,2026-09-17T15:37:42.500000+00:00,4366.42,4366.6,0.18000000000029104,0.4099999999998545,0.43000000000029104,0.9050000000006548,0.42383964218542214,0.42383964218542214,-1.1125790607379376,5.0,12.0,4366.715,4366.715,4366.1,0.4099999999998545,-0.9006592396452265,2026-09-17T15:37:55.500000+00:00,4366.26,4366.43,0.17000000000007276,CONFIRMED_REVERSAL,13.0
SELL,4366.49,0.027464787901343247,2026-09-17T15:39:01+00:00,4366.49,4366.65,0.15999999999985448,-0.4250000000010914,-1.0450000000000728,-1.1850000000004002,1.945044029877151,1.945044029877151,-0.8936688785928506,5.5,17.0,4366.545,4366.545,4366.84,0.27000000000043656,-0.5782563332075605,2026-09-17T15:39:18.500000+00:00,4366.45,4366.71,0.2600000000002183,CONFIRMED_REVERSAL,17.5
SELL,4367.93,0.027317401238001988,2026-09-17T15:40:36.500000+00:00,4367.93,4368.06,0.13000000000010914,-0.5549999999993815,-0.46999999999934516,-1.3349999999991269,1.228736352559779,1.228736352559779,-1.9084628454630133,16.5,0.5,4368.450000000001,4367.995000000001,4368.55,0.5549999999993815,-0.18300328655059644,2026-09-17T15:40:55.500000+00:00,4367.77,4368.0,0.22999999999956344,CONFIRMED_REVERSAL,19.0
SELL,4366.75,0.027280992633157565,2026-09-17T15:42:14+00:00,4366.75,4367.0,0.25,-0.23999999999978172,-0.9799999999995634,-1.3449999999993452,6.709880092648952,6.709880092648952,-0.6527120712694272,13.0,0.0,4367.115,4366.665,4367.055,0.18000000000029104,5.82219167572215,2026-09-17T15:42:29.500000+00:00,4364.23,4364.52,0.2900000000008731,CONFIRMED_REVERSAL,15.5
SELL,4363.33,0.02869664589614669,2026-09-17T15:43:38.500000+00:00,4363.33,4363.58,0.25,-0.4349999999994907,-0.7150000000001455,-1.25,0.0,0.0,-1.702724150634625,3.5,1.0,4363.84,4363.455,4364.17,0.7150000000001455,-1.2358481738474296,2026-09-17T15:43:45+00:00,4363.53,4363.78,0.25,CONFIRMED_REVERSAL,6.5
SELL,4359.08,0.02842838095944732,2026-09-17T15:45:22.500000+00:00,4359.08,4359.32,0.23999999999978172,-0.7550000000001091,-0.785000000000764,-1.2049999999999272,0.0,-0.5169245939110192,-2.6662426422720276,2.5,3.5,4359.955,4359.2,4360.139999999999,0.9399999999995998,-2.6662426422720276,2026-09-17T15:45:26+00:00,4359.72,4360.06,0.3400000000001455,CONFIRMED_REVERSAL,3.5
BUY,4363.07,0.027763846451851665,2026-09-17T15:48:30+00:00,4362.87,4363.07,0.1999999999998181,0.20499999999992724,1.0349999999998545,1.4349999999994907,2.9759054186618337,2.9759054186618337,-0.5314116819034673,5.0,0.0,4362.885,4362.969999999999,4362.655000000001,0.3149999999986903,1.5942350457128187,2026-09-17T15:48:37.500000+00:00,4363.67,4364.02,0.3500000000003638,CONFIRMED_REVERSAL,7.5
BUY,4368.11,0.028113173964436005,2026-09-17T15:50:06+00:00,4367.87,4368.11,0.23999999999978172,0.5799999999999272,0.4400000000005093,1.680000000000291,1.1031008122874144,1.1031008122874144,-0.9954812208425913,13.5,3.0,4367.675,4368.26,4367.41,0.5799999999999272,-0.45738326363071047,2026-09-17T15:50:20.500000+00:00,4367.94,4368.26,0.32000000000061846,CONFIRMED_REVERSAL,14.5
BUY,4371.04,0.02798499038407265,2026-09-17T15:51:28+00:00,4370.77,4371.04,0.26999999999952706,0.3000000000010914,0.16500000000087311,1.5800000000008367,0.0,-0.7231200340223344,-2.089013431623054,0.0,2.0,4370.275,4370.975,4370.49,0.4150000000008731,-2.089013431623054,2026-09-17T15:51:30+00:00,4370.26,4370.67,0.4099999999998545,CONFIRMED_REVERSAL,2.0
BUY,4373.56,0.0274697690481987,2026-09-17T15:53:12+00:00,4373.3,4373.56,0.2600000000002183,0.15500000000065484,0.23999999999978172,0.7399999999997817,0.3154697501310271,0.3154697501310271,-0.6835177919517542,3.0,0.0,4373.14,4373.485,4373.1900000000005,0.23999999999978172,-0.5783612085747452,2026-09-17T15:53:16.500000+00:00,4373.34,4373.54,0.1999999999998181,CONFIRMED_REVERSAL,4.5
SELL,4373.45,0.027332277309533408,2026-09-17T15:55:04.500000+00:00,4373.45,4373.7,0.25,-0.16000000000076398,-0.5050000000001091,-0.7150000000001455,2.7465441531204076,2.7465441531204076,-0.6539390840761743,20.5,0.0,4373.535,4373.535,4373.735000000001,0.16000000000076398,1.3863508582408233,2026-09-17T15:55:27+00:00,4372.67,4372.92,0.25,CONFIRMED_REVERSAL,22.5
BUY,4373.65,0.02766224066781371,2026-09-17T15:57:25.500000+00:00,4373.39,4373.65,0.2599999999993088,0.2900000000008731,0.2250000000003638,1.3150000000005093,0.0,-0.5824135949736049,-1.8796075110568702,0.5,1.0,4373.594999999999,4373.594999999999,4373.01,0.5100000000002183,-1.6678207492454413,2026-09-17T15:57:27.500000+00:00,4373.02,4373.34,0.31999999999970896,CONFIRMED_REVERSAL,2.0
BUY,4374.23,0.027260166414366276,2026-09-17T15:59:46+00:00,4373.97,4374.23,0.2599999999993088,0.37000000000080036,0.8350000000009459,0.9950000000008004,0.0,-0.6783023447713207,-2.5566780687590973,0.0,2.5,4373.700000000001,4374.1,4373.264999999999,0.8350000000009459,-2.5566780687590973,2026-09-17T15:59:48.500000+00:00,4373.25,4373.57,0.31999999999970896,CONFIRMED_REVERSAL,2.5
SELL,4367.89,0.026688112893435204,2026-09-17T16:01:54.500000+00:00,4367.89,4368.16,0.26999999999952706,-1.0300000000006548,-1.0799999999999272,-1.5950000000002547,0.0,-0.2043286759149202,-2.7328960403638,5.5,8.0,4369.219999999999,4368.014999999999,4369.3099999999995,1.2849999999998545,-2.7328960403638,2026-09-17T16:02:02.500000+00:00,4368.54,4368.96,0.42000000000007276,CONFIRMED_REVERSAL,8.0
SELL,4365.2,0.026050378756187553,2026-09-17T16:05:47+00:00,4365.2,4365.48,0.27999999999974534,-0.23999999999978172,-0.3350000000000364,-1.6749999999992724,0.0,-0.04986151905633911,-2.393352914652126,3.5,6.0,4365.295,4365.22,4365.805,0.4650000000001455,-2.393352914652126,2026-09-17T16:05:53+00:00,4365.81,4366.16,0.3499999999994543,CONFIRMED_REVERSAL,6.0
BUY,4369.38,0.025453102496444762,2026-09-17T16:08:08+00:00,4369.13,4369.38,0.25,0.9949999999998909,1.3100000000004002,3.055000000000291,0.26795068964595314,0.26795068964595314,-0.7307746081279449,1.5,4.0,4367.785,4369.255,4367.3099999999995,1.9450000000006185,-0.7307746081279449,2026-09-17T16:08:12+00:00,4369.08,4369.39,0.3100000000004002,CONFIRMED_REVERSAL,4.0
SELL,4366.94,0.02529246655805256,2026-09-17T16:09:13.500000+00:00,4366.94,4367.18,0.24000000000069122,-0.8550000000004729,-0.7600000000002183,-2.790000000000873,0.21784879473883692,0.21784879473883692,-1.2586819251694656,2.5,6.5,4368.445,4367.0599999999995,4367.915,0.8550000000004729,-1.2586819251694656,2026-09-17T16:09:20+00:00,4367.07,4367.46,0.3900000000003274,CONFIRMED_REVERSAL,6.5
BUY,4365.57,0.02499913542790568,2026-09-17T16:14:42.500000+00:00,4365.35,4365.57,0.21999999999934516,0.38000000000010914,1.0900000000001455,2.130000000000109,0.0,-0.28709637103593555,-2.344620363461228,1.0,2.5,4364.085,4365.46,4363.8099999999995,1.6500000000005457,-1.842201714147797,2026-09-17T16:14:45.500000+00:00,4364.8,4365.19,0.3899999999994179,CONFIRMED_REVERSAL,3.0
BUY,4372.28,0.02452051154593362,2026-09-17T16:18:03+00:00,4372.0,4372.28,0.27999999999974534,0.45499999999992724,0.5949999999993452,2.259999999999309,0.3285330227235815,0.3285330227235815,-1.1967988684886257,5.5,8.5,4370.719999999999,4372.139999999999,4371.25,0.8899999999994179,-0.9151991347264707,2026-09-17T16:18:12+00:00,4371.89,4372.24,0.3499999999994543,CONFIRMED_REVERSAL,9.0
SELL,4372.35,0.024301403655188774,2026-09-17T16:19:39+00:00,4372.35,4372.63,0.27999999999974534,-0.19499999999970896,-0.37000000000080036,-1.0650000000005093,1.5349589394162764,1.5349589394162764,-1.2791324495103908,10.5,2.5,4373.755,4372.49,4373.835,1.3450000000002547,0.3953682116675403,2026-09-17T16:19:51.500000+00:00,4371.86,4372.18,0.32000000000061846,CONFIRMED_REVERSAL,12.5
SELL,4368.26,0.02441873105856862,2026-09-17T16:23:58+00:00,4368.26,4368.51,0.25,-0.3899999999994179,-0.23499999999967258,-0.694999999999709,1.7994313580640051,1.7994313580640051,-1.3554158281511692,10.0,3.5,4369.530000000001,4368.25,4368.9349999999995,0.5499999999992724,0.5842309604100601,2026-09-17T16:24:10.500000+00:00,4367.74,4368.01,0.27000000000043656,CONFIRMED_REVERSAL,12.5
BUY,4368.23,0.024558650622876366,2026-09-17T16:26:33.500000+00:00,4367.98,4368.23,0.25,0.20999999999912689,0.6299999999991996,1.109999999998763,0.04700628875653757,0.04700628875653757,-1.433691807042332,10.0,11.5,4367.86,4368.105,4367.475,0.6299999999991996,-1.433691807042332,2026-09-17T16:26:45+00:00,4367.62,4367.83,0.21000000000003638,CONFIRMED_REVERSAL,11.5
SELL,4365.91,0.02422857015430289,2026-09-17T16:30:40+00:00,4365.91,4366.17,0.2600000000002183,-0.3649999999997817,-0.9600000000000364,-1.7049999999999272,0.0,-0.602868511379175,-4.011394325713008,0.0,1.0,4366.325,4365.99,4366.32,0.27999999999974534,-4.011394325713008,2026-09-17T16:30:41+00:00,4367.27,4367.64,0.36999999999989086,CONFIRMED_REVERSAL,1.0
SELL,4364.27,0.023277252343616914,2026-09-17T16:31:49.500000+00:00,4364.27,4364.48,0.20999999999912689,-0.15500000000065484,-0.2649999999994179,-1.2799999999997453,1.11384096575703,1.11384096575703,-0.4678132056160077,4.5,0.0,4364.785,4364.375,4364.945,0.569999999999709,0.17821455452298882,2026-09-17T16:31:56.500000+00:00,4363.94,4364.19,0.25,CONFIRMED_REVERSAL,7.0
SELL,4366.54,0.02330779796003881,2026-09-17T16:33:01.500000+00:00,4366.54,4366.76,0.22000000000025466,-0.23999999999978172,-0.1750000000010914,-1.0900000000001455,0.0,-0.4907331464538827,-1.873708377367526,0.0,2.5,4366.514999999999,4365.6849999999995,4367.01,0.3600000000005821,-1.873708377367526,2026-09-17T16:33:04+00:00,4367.08,4367.38,0.3000000000001819,CONFIRMED_REVERSAL,2.5
BUY,4370.8,0.02283714127294415,2026-09-17T16:34:42+00:00,4370.55,4370.8,0.25,0.6750000000001819,1.6799999999993815,2.8350000000000364,0.0,-0.5463905944543571,-1.6828830309203742,0.0,2.0,4367.8099999999995,4370.675,4368.4400000000005,2.2349999999996726,-1.5954605358077565,2026-09-17T16:34:44.500000+00:00,4370.07,4370.36,0.2899999999999636,CONFIRMED_REVERSAL,2.5
SELL,4370.95,0.02245495047137539,2026-09-17T16:35:44+00:00,4370.95,4371.23,0.27999999999974534,-0.7399999999997817,-1.0499999999992724,-1.8500000000003638,1.8266380281794499,1.8266380281794499,-1.375350985924937,14.5,2.5,4371.98,4371.09,4372.139999999999,1.0499999999992724,0.34383774648074567,2026-09-17T16:36:02+00:00,4370.57,4370.79,0.22000000000025466,CONFIRMED_REVERSAL,18.0
SELL,4366.09,0.022562234166130325,2026-09-17T16:37:57+00:00,4366.09,4366.32,0.22999999999956344,-1.1049999999995634,-1.050000000000182,-3.9200000000000728,2.224030786101584,2.224030786101584,-1.209181786617536,9.0,1.5,4366.93,4366.205,4367.455,1.25,-0.38866557427090426,2026-09-17T16:38:07+00:00,4365.91,4366.27,0.3600000000005821,CONFIRMED_REVERSAL,10.0
SELL,4363.02,0.022485027516584596,2026-09-17T16:39:33+00:00,4363.02,4363.3,0.27999999999974534,-0.4349999999994907,-0.8299999999999272,-2.6149999999997817,0.0,-0.5810033750106136,-1.9797152037415358,1.0,3.5,4363.875,4363.16,4364.21,1.050000000000182,-1.9797152037415358,2026-09-17T16:39:36.500000+00:00,4363.57,4363.94,0.36999999999989086,CONFIRMED_REVERSAL,3.5
SELL,4357.7,0.022037772729624577,2026-09-17T16:43:12.500000+00:00,4357.7,4357.82,0.11999999999989086,-0.9200000000000728,-1.3549999999995634,-2.469999999999345,2.341057853797372,2.341057853797372,-0.25308733554550633,7.0,0.0,4358.764999999999,4357.6849999999995,4358.8,1.0399999999999636,1.4341615680912025,2026-09-17T16:43:22.500000+00:00,4356.75,4357.02,0.27000000000043656,CONFIRMED_REVERSAL,10.0
BUY,4363.43,0.022352271210836,2026-09-17T16:46:41.500000+00:00,4363.22,4363.43,0.21000000000003638,0.3350000000009459,0.4150000000008731,3.290000000000873,4.941457970632436,4.941457970632436,-0.4492234518758529,24.0,0.0,4362.32,4363.325000000001,4362.385,0.9400000000005093,4.342493368131948,2026-09-17T16:47:07.500000+00:00,4365.46,4365.8,0.3400000000001455,CONFIRMED_REVERSAL,26.0
BUY,4368.58,0.023364590284554086,2026-09-17T16:49:51+00:00,4368.31,4368.58,0.26999999999952706,0.2649999999994179,0.22999999999956344,2.6549999999997453,0.0,-0.6037308960842269,-2.16895914519585,0.0,1.0,4367.26,4368.63,4368.129999999999,0.3150000000005093,-2.012436320283468,2026-09-17T16:49:52.500000+00:00,4367.68,4367.96,0.27999999999974534,CONFIRMED_REVERSAL,1.5
SELL,4366.96,0.022891729876089603,2026-09-17T16:53:05.500000+00:00,4366.96,4367.23,0.26999999999952706,-0.24500000000080036,-0.7700000000004366,-0.805000000000291,0.3067101270491494,0.3067101270491494,-1.2706562406290591,12.5,14.5,4367.26,4367.094999999999,4367.594999999999,0.5,-1.2706562406290591,2026-09-17T16:53:20+00:00,4367.2,4367.54,0.3400000000001455,CONFIRMED_REVERSAL,14.5
BUY,4368.67,0.022578850855494964,2026-09-17T16:57:25.500000+00:00,4368.49,4368.67,0.18000000000029104,0.30500000000029104,0.9600000000000364,1.3299999999999272,0.0,-0.3889518196430085,-1.7718916228146562,0.0,3.0,4368.4,4368.58,4368.275,0.30500000000029104,-1.7718916228146562,2026-09-17T16:57:28.500000+00:00,4367.85,4368.06,0.21000000000003638,CONFIRMED_REVERSAL,3.0
BUY,4368.72,0.02215479192915207,2026-09-17T17:01:56.500000+00:00,4368.48,4368.72,0.24000000000069122,0.5950000000002547,1.4750000000003638,2.3400000000001455,0.0,-0.4452546236634871,-2.353488725079258,2.5,4.0,4367.76,4368.6,4367.0650000000005,1.5349999999998545,-2.0354497081756655,2026-09-17T17:02:01+00:00,4367.76,4368.07,0.3099999999994907,CONFIRMED_REVERSAL,4.5
BUY,4371.54,0.021653976075142065,2026-09-17T17:06:01.500000+00:00,4371.27,4371.54,0.26999999999952706,1.9500000000007276,2.225000000000364,2.9500000000007276,6.362056120083817,6.362056120083817,-0.5595293656090503,22.5,0.0,4369.255,4371.405000000001,4369.09,2.3150000000005093,4.621298093743083,2026-09-17T17:06:26+00:00,4373.77,4374.07,0.2999999999992724,CONFIRMED_REVERSAL,24.5
SELL,4373.76,0.022747032127113563,2026-09-17T17:07:43.500000+00:00,4373.76,4374.04,0.27999999999974534,-0.1750000000001819,-0.8850000000002183,-1.4899999999997817,0.0,-0.5006959109654637,-2.459940779965663,1.5,3.0,4375.43,4373.885,4375.365,1.4650000000001455,-2.459940779965663,2026-09-17T17:07:46.500000+00:00,4374.57,4374.89,0.32000000000061846,CONFIRMED_REVERSAL,3.0
BUY,4377.12,0.022142332082721088,2026-09-17T17:08:44.500000+00:00,4376.86,4377.12,0.2600000000002183,0.5499999999992724,0.8350000000000364,1.3850000000002183,0.0,-0.5509575965960458,-1.8647795577083592,0.0,1.5,4376.665,4376.99,4376.365,0.625,-1.2290592539438394,2026-09-17T17:08:46.500000+00:00,4376.54,4376.8,0.2600000000002183,CONFIRMED_REVERSAL,2.0
SELL,4376.82,0.021850427786640182,2026-09-17T17:10:01.500000+00:00,4376.82,4377.09,0.27000000000043656,-0.3350000000000364,-0.805000000000291,-1.1650000000008731,0.0,-0.16729054600623325,-1.1710338220455345,1.0,2.5,4377.995,4376.955,4377.955,1.0,-1.0664772307911634,2026-09-17T17:10:04.500000+00:00,4377.01,4377.33,0.31999999999970896,CONFIRMED_REVERSAL,3.0
SELL,4371.26,0.02162328882930856,2026-09-17T17:12:05.500000+00:00,4371.26,4371.53,0.26999999999952706,-0.4349999999994907,-0.75,-2.4650000000001455,5.504588438657545,5.504588438657545,-0.5587364204642914,18.0,0.0,4372.145,4371.395,4371.83,0.4349999999994907,3.6628276452732296,2026-09-17T17:12:26+00:00,4369.2,4369.49,0.2899999999999636,CONFIRMED_REVERSAL,20.5
BUY,4372.07,0.022494685503844154,2026-09-17T17:13:48.500000+00:00,4371.79,4372.07,0.27999999999974534,0.19499999999970896,0.20499999999992724,0.4500000000007276,0.0,0.0,-1.140977980024897,4.0,6.0,4372.025,4372.1,4371.735000000001,0.19499999999970896,-1.140977980024897,2026-09-17T17:13:54.500000+00:00,4371.54,4371.92,0.38000000000010914,CONFIRMED_REVERSAL,6.0
SELL,4371.27,0.02222606275043379,2026-09-17T17:14:53.500000+00:00,4371.27,4371.49,0.21999999999934516,-0.32999999999992724,-0.32999999999992724,-0.8049999999993815,0.0,-0.021270808798012623,-1.7867479391549381,1.0,4.0,4371.905,4371.255,4371.8099999999995,0.42999999999938154,-1.7867479391549381,2026-09-17T17:14:57.500000+00:00,4371.69,4372.11,0.42000000000007276,CONFIRMED_REVERSAL,4.0
BUY,4369.73,0.021806640695890587,2026-09-17T17:19:13+00:00,4369.46,4369.73,0.26999999999952706,1.0999999999985448,0.8649999999997817,2.0649999999996,0.0,-0.14608589159734597,-1.4817283290631331,3.5,0.5,4368.71,4369.594999999999,4368.415,1.1799999999993815,-0.8139071103302397,2026-09-17T17:19:18+00:00,4369.34,4369.57,0.22999999999956344,CONFIRMED_REVERSAL,5.0
SELL,4367.07,0.021625179596598057,2026-09-17T17:20:30.500000+00:00,4367.07,4367.33,0.2600000000002183,-0.34500000000025466,-0.22000000000025466,-1.9200000000000728,0.0,-0.5380895260710643,-1.3038323131713256,0.0,1.0,4367.8099999999995,4366.924999999999,4367.82,0.6199999999998909,-1.3038323131713256,2026-09-17T17:20:31.500000+00:00,4367.38,4367.7,0.31999999999970896,CONFIRMED_REVERSAL,1.0
SELL,4368.33,0.021307063968685876,2026-09-17T17:23:04+00:00,4368.33,4368.61,0.27999999999974534,-0.2600000000002183,-0.3850000000002183,-1.5050000000010186,0.0,-0.5709566146580011,-1.6924785363090369,0.0,2.0,4368.735000000001,4368.469999999999,4369.195,0.7250000000003638,-1.631304613310429,2026-09-17T17:23:06.500000+00:00,4368.87,4369.13,0.2600000000002183,CONFIRMED_REVERSAL,2.5
BUY,4370.74,0.02090532075319839,2026-09-17T17:24:38.500000+00:00,4370.46,4370.74,0.27999999999974534,0.5650000000005093,0.45499999999992724,1.2900000000008731,0.0,-0.5601912672307975,-1.6805738016942122,0.0,1.5,4370.355,4370.6,4369.92,0.680000000000291,-1.6005464778040979,2026-09-17T17:24:40.500000+00:00,4369.94,4370.15,0.21000000000003638,CONFIRMED_REVERSAL,2.0
BUY,4370.7,0.02052286726807562,2026-09-17T17:25:40+00:00,4370.44,4370.7,0.2600000000002183,0.6399999999994179,0.7049999999999272,1.6700000000000728,0.0,-0.2160489645127279,-1.4927019366382648,1.0,1.5,4369.865,4370.57,4369.93,0.6399999999994179,-1.1784488973445881,2026-09-17T17:25:42+00:00,4370.1,4370.3,0.1999999999998181,CONFIRMED_REVERSAL,2.0
SELL,4368.24,0.020252532812412936,2026-09-17T17:27:48+00:00,4368.24,4368.49,0.25,-0.18000000000029104,-0.3250000000007276,-1.2849999999998545,0.0,-0.4457882817082862,-2.0932667141040286,0.5,4.5,4368.51,4368.365,4368.63,0.2650000000003274,-1.8412994244431302,2026-09-17T17:27:53+00:00,4368.91,4369.19,0.27999999999974534,CONFIRMED_REVERSAL,5.0
SELL,4366.86,0.019818343916524872,2026-09-17T17:30:02.500000+00:00,4366.86,4367.07,0.21000000000003638,-0.34499999999934516,-0.6299999999991996,-1.0850000000000364,2.1242559870934867,2.1242559870934867,-0.5310639967746654,14.5,2.0,4366.615,4366.615,4367.3099999999995,0.34499999999934516,0.9862617082926036,2026-09-17T17:30:20+00:00,4366.14,4366.34,0.1999999999998181,CONFIRMED_REVERSAL,17.5
SELL,4365.05,0.020062653852527267,2026-09-17T17:32:02+00:00,4365.05,4365.28,0.22999999999956344,-0.48000000000047294,-0.375,-1.199999999999818,3.2064636357842558,3.2064636357842558,-0.48000952631498744,13.5,3.0,4365.745,4365.165,4365.76,0.5950000000002547,2.7072537284162497,2026-09-17T17:32:18+00:00,4363.51,4363.64,0.13000000000010914,CONFIRMED_REVERSAL,16.0
SELL,4363.59,0.020717647944050708,2026-09-17T17:33:36+00:00,4363.59,4363.87,0.27999999999974534,-0.25500000000010914,-0.5200000000004366,-1.0850000000009459,0.0,-0.3568900347557174,-1.7051412771627994,1.5,6.0,4363.65,4363.65,4363.985,0.25500000000010914,-1.7051412771627994,2026-09-17T17:33:42+00:00,4364.13,4364.45,0.31999999999970896,CONFIRMED_REVERSAL,6.0
SELL,4363.59,0.020309333294143708,2026-09-17T17:37:22.500000+00:00,4363.59,4363.84,0.25,-0.32999999999992724,-0.6099999999996726,-0.7349999999996726,0.0,-0.48591146146236763,-1.457734384387103,0.0,6.5,4364.67,4363.715,4364.335,0.6199999999998909,-1.457734384387103,2026-09-17T17:37:29+00:00,4364.05,4364.34,0.2899999999999636,CONFIRMED_REVERSAL,6.5
BUY,4363.79,0.019959348106103135,2026-09-17T17:40:50.500000+00:00,4363.64,4363.79,0.1499999999996362,0.5,0.8350000000000364,1.0249999999996362,0.11460909170386996,0.11460909170386996,-0.8786697030572123,4.5,2.0,4363.395,4363.715,4363.0,0.7150000000001455,-0.7067560655022759,2026-09-17T17:40:56+00:00,4363.42,4363.72,0.3000000000001819,CONFIRMED_REVERSAL,5.5
SELL,4362.11,0.01979773728585621,2026-09-17T17:42:08.500000+00:00,4362.11,4362.34,0.23000000000047294,-0.5549999999993815,-0.2899999999990541,-1.194999999999709,0.5873523603855043,0.5873523603855043,-1.117864169768072,15.5,1.5,4362.59,4362.225,4362.78,0.5549999999993815,-0.8336614147430503,2026-09-17T17:42:26.500000+00:00,4362.2,4362.55,0.3500000000003638,CONFIRMED_REVERSAL,18.0
BUY,4362.13,0.019597950393827678,2026-09-17T17:45:28.500000+00:00,4361.86,4362.13,0.27000000000043656,0.23999999999978172,0.375,1.875,1.1628503051985795,1.1628503051985795,-1.031560754612166,7.5,5.0,4361.8,4361.995,4361.535,0.4600000000000364,0.0,2026-09-17T17:45:38+00:00,4362.13,4362.35,0.22000000000025466,CONFIRMED_REVERSAL,9.5
SELL,4362.18,0.01959772575900754,2026-09-17T17:46:41+00:00,4362.18,4362.46,0.27999999999974534,-0.21000000000094587,-0.43000000000029104,-2.0200000000004366,0.5626630531086758,0.5626630531086758,-0.5251521829006347,8.0,0.0,4362.93,4362.25,4362.725,0.40500000000065484,-0.2625760914494645,2026-09-17T17:46:55+00:00,4361.92,4362.32,0.3999999999996362,CONFIRMED_REVERSAL,14.0
BUY,4359.93,0.019544909939105105,2026-09-17T17:49:30+00:00,4359.69,4359.93,0.24000000000069122,0.2249999999994543,0.1999999999989086,1.3849999999993088,0.0,-0.07481955701926118,-0.9352444627416153,6.0,8.5,4359.62,4359.8099999999995,4359.4,0.4099999999998545,-0.7669004594478525,2026-09-17T17:49:39+00:00,4359.52,4359.78,0.2599999999993088,CONFIRMED_REVERSAL,9.0
SELL,4359.9,0.019361246332094656,2026-09-17T17:50:58+00:00,4359.9,4360.15,0.25,-0.6599999999998545,-0.47000000000025466,-1.1350000000002183,0.5373444604535719,0.5373444604535719,-0.463227983149689,1.0,0.0,4360.365,4360.025,4360.705,0.680000000000291,-0.37058238652109937,2026-09-17T17:51:01.500000+00:00,4359.79,4360.1,0.3100000000004002,CONFIRMED_REVERSAL,3.5
SELL,4356.9,0.019285701520956686,2026-09-17T17:53:43+00:00,4356.9,4357.17,0.27000000000043656,-0.1750000000001819,-0.23500000000058208,-1.8699999999998909,1.753398028751976,1.753398028751976,-0.756729675568197,17.0,2.0,4357.395,4357.035,4357.42,0.3850000000002183,0.0,2026-09-17T17:54:02.500000+00:00,4356.44,4356.9,0.4600000000000364,CONFIRMED_REVERSAL,19.5
SELL,4357.01,0.019285214621186587,2026-09-17T17:55:00.500000+00:00,4357.01,4357.29,0.27999999999974534,-0.17000000000007276,-0.23500000000058208,-0.9050000000006548,0.6644287937524482,0.6644287937524482,-0.5167779506950431,2.0,0.0,4356.92,4356.92,4357.42,0.27000000000043656,-0.18456355381881892,2026-09-17T17:55:18+00:00,4356.81,4357.11,0.2999999999992724,CONFIRMED_REVERSAL,17.5
BUY,4356.48,0.01924329293614234,2026-09-17T17:56:30+00:00,4356.24,4356.48,0.23999999999978172,0.45499999999901775,0.4399999999995998,2.324999999999818,0.4972383571248807,0.4972383571248807,-1.068141656044179,7.0,0.5,4355.745,4356.36,4355.870000000001,0.4899999999988722,-0.5340708280220895,2026-09-17T17:56:40.500000+00:00,4356.19,4356.57,0.38000000000010914,CONFIRMED_REVERSAL,10.5
SELL,4352.45,0.019132894189547802,2026-09-17T17:58:46+00:00,4352.45,4352.67,0.22000000000025466,-0.7000000000007276,-0.6650000000008731,-1.5950000000011642,0.0,-0.1464846522412686,-1.0070819841599707,1.5,9.0,4353.59,4352.5599999999995,4353.36,0.8000000000001819,-0.9338396580393363,2026-09-17T17:58:55.500000+00:00,4352.75,4352.96,0.21000000000003638,CONFIRMED_REVERSAL,9.5
SELL,4352.9,0.0189067489975947,2026-09-17T18:00:28+00:00,4352.9,4353.08,0.18000000000029104,-0.23500000000058208,-0.3850000000002183,-1.550000000000182,2.0627337648956336,2.0627337648956336,-0.8323311682917114,8.0,4.0,4353.175,4352.99,4353.455,0.4650000000001455,0.18094155832328337,2026-09-17T18:00:41.500000+00:00,4352.49,4352.8,0.3100000000004002,CONFIRMED_REVERSAL,13.5
BUY,4353.3,0.01894844260712675,2026-09-17T18:02:33+00:00,4353.02,4353.3,0.27999999999974534,0.4400000000005093,0.5199999999995271,1.1450000000004366,0.8523007021392692,0.8523007021392692,-0.9067028746157525,5.0,1.0,4352.695,4353.514999999999,4352.514999999999,0.6450000000004366,-0.5984238972462647,2026-09-17T18:02:40+00:00,4352.97,4353.34,0.36999999999989086,CONFIRMED_REVERSAL,7.0
SELL,4355.82,0.018793925505546562,2026-09-17T18:08:22+00:00,4355.82,4356.07,0.25,-0.37000000000080036,-0.4099999999998545,-1.1000000000003638,0.0,-0.1259032696698181,-1.654728687074549,3.5,8.5,4356.639999999999,4355.875,4356.385,0.4400000000005093,-1.654728687074549,2026-09-17T18:08:30.500000+00:00,4356.34,4356.74,0.3999999999996362,CONFIRMED_REVERSAL,8.5
SELL,4354.9,0.01840086235023982,2026-09-17T18:11:02.500000+00:00,4354.9,4355.17,0.27000000000043656,-0.15500000000065484,-0.40500000000065484,-2.3099999999994907,0.0,-0.4754703155575681,-1.5144610051078673,0.0,1.5,4355.24,4355.015,4355.515,0.48000000000047294,-1.3383608882343379,2026-09-17T18:11:04.500000+00:00,4355.33,4355.66,0.32999999999992724,CONFIRMED_REVERSAL,2.0
BUY,4356.34,0.01807376143975006,2026-09-17T18:12:28+00:00,4356.18,4356.34,0.15999999999985448,0.48000000000047294,0.694999999999709,2.725000000000364,1.0032242163160745,1.0032242163160745,-1.2799757242651195,9.0,1.5,4355.525,4356.26,4355.745,0.5150000000003274,0.22486060020899235,2026-09-17T18:12:39.500000+00:00,4356.47,4356.66,0.18999999999959982,CONFIRMED_REVERSAL,11.5
BUY,4363.16,0.018099361199029544,2026-09-17T18:16:40+00:00,4362.92,4363.16,0.23999999999978172,0.19499999999970896,0.6999999999998181,1.3800000000001091,0.0,-0.346429375080814,-1.5069677816027225,2.0,3.5,4362.845,4363.04,4362.555,0.4849999999996726,-1.4376819065865596,2026-09-17T18:16:44+00:00,4362.33,4362.54,0.21000000000003638,CONFIRMED_REVERSAL,4.0
BUY,4364.62,0.017749119471944512,2026-09-17T18:17:57+00:00,4364.43,4364.62,0.18999999999959982,0.4849999999996726,0.5499999999992724,1.0349999999998545,0.0,-0.28876676112484034,-1.5287652059537649,2.0,9.0,4363.62,4364.525,4363.745,0.7799999999997453,-1.5287652059537649,2026-09-17T18:18:06+00:00,4363.72,4363.84,0.11999999999989086,CONFIRMED_REVERSAL,9.0
SELL,4362.65,0.0173909759153643,2026-09-17T18:20:08+00:00,4362.65,4362.88,0.23000000000047294,-0.375,-0.31999999999970896,-0.9200000000009823,0.599167049813378,0.599167049813378,-0.4493752873611688,10.0,0.5,4362.655000000001,4362.655000000001,4363.145,0.38000000000101863,-0.3495141123915156,2026-09-17T18:20:20.500000+00:00,4362.6,4362.86,0.2599999999993088,CONFIRMED_REVERSAL,12.5
BUY,4362.33,0.017308532500508074,2026-09-17T18:21:34+00:00,4362.2,4362.33,0.13000000000010914,0.37999999999919964,0.25499999999919964,0.7699999999986176,0.6128912760400625,0.6128912760400625,-0.3809864688891578,4.5,12.0,4362.280000000001,4362.280000000001,4361.63,0.6349999999993088,-0.3644218398081341,2026-09-17T18:21:46.500000+00:00,4362.11,4362.27,0.16000000000076398,CONFIRMED_REVERSAL,12.5
BUY,4362.24,0.017221597818535838,2026-09-17T18:23:32.500000+00:00,4362.05,4362.24,0.18999999999959982,0.2000000000007276,0.19500000000061846,0.5850000000009459,0.6098129383378607,0.6098129383378607,-0.3131471845513072,2.5,0.0,4362.175,4362.4,4361.945,0.2000000000007276,-0.04944429229725924,2026-09-17T18:23:37+00:00,4362.21,4362.45,0.23999999999978172,CONFIRMED_REVERSAL,4.5
BUY,4361.3,0.01721346343394735,2026-09-17T18:25:26+00:00,4361.08,4361.3,0.22000000000025466,0.20499999999992724,0.3000000000010914,0.6400000000003274,2.075679394616845,2.075679394616845,-0.36242021175885347,9.0,0.0,4360.525,4361.1900000000005,4360.735000000001,0.45499999999992724,1.4496808470339158,2026-09-17T18:25:36+00:00,4362.18,4362.36,0.17999999999938154,CONFIRMED_REVERSAL,10.0
SELL,4358.32,0.017572794759600517,2026-09-17T18:26:26.500000+00:00,4358.32,4358.57,0.25,-0.3150000000005093,-0.23999999999978172,-1.3200000000006185,3.128061252134192,3.128061252134192,-0.42043834034069116,19.0,0.0,4358.68,4358.445,4358.76,0.3150000000005093,2.018104033635012,2026-09-17T18:26:47+00:00,4356.89,4357.12,0.22999999999956344,CONFIRMED_REVERSAL,20.5
BUY,4358.25,0.01805692611204356,2026-09-17T18:28:43+00:00,4358.05,4358.25,0.1999999999998181,0.23999999999978172,0.4099999999998545,0.8099999999994907,0.29377457723958444,0.29377457723958444,-0.5357065820255867,4.0,6.0,4357.945,4358.15,4357.74,0.4099999999998545,-0.5357065820255867,2026-09-17T18:28:49+00:00,4357.94,4358.03,0.09000000000014552,CONFIRMED_REVERSAL,6.0
SELL,4356.79,0.017934496158488196,2026-09-17T18:32:21.500000+00:00,4356.79,4357.06,0.27000000000043656,-0.16999999999916326,-0.19500000000061846,-1.2650000000003274,1.0469850563330825,1.0469850563330825,-0.4634196150992476,1.5,0.0,4357.35,4356.92,4357.475,0.5500000000001819,0.24029165227385743,2026-09-17T18:32:26.500000+00:00,4356.32,4356.65,0.32999999999992724,CONFIRMED_REVERSAL,5.0
BUY,4359.52,0.01798085946722557,2026-09-17T18:34:56.500000+00:00,4359.25,4359.52,0.27000000000043656,0.375,0.5799999999999272,1.4200000000000728,0.0,-0.46461762292171066,-1.7380140709269274,0.0,1.5,4357.475,4359.389999999999,4357.74,1.6450000000004366,-1.7380140709269274,2026-09-17T18:34:58+00:00,4358.51,4358.91,0.3999999999996362,CONFIRMED_REVERSAL,1.5
BUY,4363.78,0.017547137953418616,2026-09-17T18:40:29.500000+00:00,4363.54,4363.78,0.23999999999978172,0.24499999999989086,0.21000000000003638,1.050000000000182,1.4441962379743802,1.4441962379743802,-0.5037893853398646,25.5,2.0,4363.3,4363.66,4363.105,0.555000000000291,-0.16792979511227,2026-09-17T18:41:01+00:00,4363.68,4363.88,0.1999999999998181,CONFIRMED_REVERSAL,31.5
SELL,4363.8,0.017506846848809713,2026-09-17T18:42:48.500000+00:00,4363.8,4364.04,0.23999999999978172,-0.3899999999994179,-0.1999999999998181,-0.5399999999999636,0.06701768031231793,0.06701768031231793,-1.708950847964869,27.0,29.0,4363.950000000001,4363.92,4364.32,0.3999999999996362,-1.708950847964869,2026-09-17T18:43:17.500000+00:00,4364.6,4364.82,0.21999999999934516,CONFIRMED_REVERSAL,29.0
BUY,4367.12,0.017084641571621137,2026-09-17T18:44:37.500000+00:00,4366.85,4367.12,0.26999999999952706,0.16000000000076398,0.24500000000080036,1.7100000000009459,0.0,-0.1635036076142521,-1.0791238102597145,6.5,13.0,4366.415,4367.075,4366.825,0.16000000000076398,-1.0791238102597145,2026-09-17T18:44:50.500000+00:00,4366.46,4366.63,0.17000000000007276,CONFIRMED_REVERSAL,13.0
SELL,4364.2,0.01683770073702657,2026-09-17T18:47:11+00:00,4364.2,4364.31,0.11000000000058208,-0.4099999999998545,-0.4149999999999636,-1.2949999999991633,1.031298124610256,1.031298124610256,-0.257824531152564,10.5,1.5,4364.42,4364.255,4364.8,0.5450000000000728,0.17725436516702134,2026-09-17T18:47:23.500000+00:00,4363.92,4364.09,0.17000000000007276,CONFIRMED_REVERSAL,12.5
SELL,4366.03,0.01687306506474717,2026-09-17T18:50:11.500000+00:00,4366.03,4366.16,0.13000000000010914,-0.16500000000087311,-0.5150000000012369,-0.8100000000004002,2.793582825029281,2.793582825029281,-0.25836604162103544,37.5,0.5,4365.9400000000005,4365.9400000000005,4366.25,0.15500000000065484,2.244554986583847,2026-09-17T18:50:51.500000+00:00,4364.43,4364.64,0.21000000000003638,CONFIRMED_REVERSAL,40.0
BUY,4367.38,0.01740486614598156,2026-09-17T18:52:05.500000+00:00,4367.14,4367.38,0.23999999999978172,0.45499999999992724,1.3800000000001091,1.2100000000000364,0.0,-0.09994093442402709,-0.9327820546186981,3.0,20.0,4366.955,4367.26,4366.68,0.5799999999999272,-0.832841120194671,2026-09-17T18:52:32+00:00,4366.88,4366.98,0.0999999999994543,CONFIRMED_REVERSAL,26.5
BUY,4368.84,0.017199856483949495,2026-09-17T18:58:38.500000+00:00,4368.65,4368.84,0.19000000000050932,0.25,1.1549999999997453,1.324999999999818,0.0,-0.16460623852185713,-1.481456146692223,15.0,24.5,4368.344999999999,4368.745,4368.495,0.25,-1.481456146692223,2026-09-17T18:59:03+00:00,4367.94,4368.18,0.24000000000069122,CONFIRMED_REVERSAL,24.5
BUY,4371.5,0.016835281692275314,2026-09-17T19:00:59+00:00,4371.22,4371.5,0.27999999999974534,0.6550000000006548,0.7950000000000728,1.055000000000291,1.450054630837485,1.450054630837485,-0.4511281073714341,17.0,0.0,4370.475,4371.360000000001,4370.450000000001,0.9099999999998545,0.49946326173375816,2026-09-17T19:01:18.500000+00:00,4371.81,4372.18,0.36999999999989086,CONFIRMED_REVERSAL,19.5
BUY,4370.4,0.016958934571261842,2026-09-17T19:05:00.500000+00:00,4370.28,4370.4,0.11999999999989086,0.49500000000080036,0.23500000000058208,1.2899999999999636,1.6554657652777136,1.6554657652777136,-0.24345084783426327,7.5,1.0,4370.030000000001,4370.34,4369.844999999999,0.49500000000080036,0.38952135653688774,2026-09-17T19:05:10.500000+00:00,4370.64,4370.86,0.21999999999934516,CONFIRMED_REVERSAL,10.0
SELL,4369.06,0.017057294264659715,2026-09-17T19:06:22+00:00,4369.06,4369.23,0.16999999999916326,-0.5,-0.3149999999995998,-0.6199999999989814,0.5386982308785098,0.5386982308785098,-0.2775112098444355,1.5,0.0,4369.255,4369.145,4369.74,0.5949999999993452,-0.1958902657733287,2026-09-17T19:06:27.500000+00:00,4369.09,4369.18,0.09000000000014552,CONFIRMED_REVERSAL,5.5
SELL,4368.7,0.017011846670354675,2026-09-17T19:10:35+00:00,4368.7,4368.96,0.2600000000002183,-0.5150000000003274,-0.46999999999934516,-0.8450000000002547,0.0,-0.06512277804917878,-1.2861748664723915,11.5,34.5,4369.165,4368.83,4369.345,0.5150000000003274,-1.1559293103740338,2026-09-17T19:11:10+00:00,4369.16,4369.41,0.25,CONFIRMED_REVERSAL,35.0
SELL,4366.9,0.01674226875705495,2026-09-17T19:16:14+00:00,4366.9,4367.07,0.17000000000007276,-0.19000000000050932,-0.16000000000076398,-1.0850000000000364,0.24034054182159942,0.24034054182159942,-0.35249946133960874,11.0,5.5,4367.25,4366.764999999999,4367.280000000001,0.29500000000098225,-0.32045405576407554,2026-09-17T19:16:28.500000+00:00,4366.91,4367.1,0.19000000000050932,CONFIRMED_REVERSAL,14.5
SELL,4365.9,0.01666940792506493,2026-09-17T19:19:25+00:00,4365.9,4366.14,0.24000000000069122,-0.3099999999994907,-0.4599999999991269,-0.6000000000003638,0.0,-0.23929460162867405,-0.8933665127444381,0.5,2.5,4366.7,4366.02,4366.48,0.4599999999991269,-0.8933665127444381,2026-09-17T19:19:27.500000+00:00,4366.26,4366.46,0.1999999999998181,CONFIRMED_REVERSAL,2.5
SELL,4367.13,0.016450960062154477,2026-09-17T19:25:41.500000+00:00,4367.13,4367.3,0.17000000000007276,-0.2649999999994179,-0.20999999999912689,-0.5799999999999272,5.179747788132536,5.179747788132536,-0.4093417704910653,40.0,3.5,4367.385,4367.215,4367.585,0.36999999999989086,4.707430360642955,2026-09-17T19:26:25+00:00,4363.99,4364.14,0.1500000000005457,CONFIRMED_REVERSAL,43.5
SELL,4364.44,0.01758812545820781,2026-09-17T19:27:36.500000+00:00,4364.44,4364.52,0.08000000000083674,-0.18500000000040018,-0.24500000000080036,-1.4900000000006912,0.23565087579697322,0.23565087579697322,-0.791113654464985,3.0,3.5,4365.195,4364.33,4364.665,0.18500000000040018,-0.757449243637502,2026-09-17T19:27:40.500000+00:00,4364.7,4364.89,0.19000000000050932,CONFIRMED_REVERSAL,4.0
BUY,4367.85,0.01739319176006499,2026-09-17T19:29:52+00:00,4367.61,4367.85,0.24000000000069122,0.18499999999949068,0.1999999999998181,0.46999999999934516,0.0,-0.26633039634381817,-0.96544768674161,1.0,8.0,4367.665,4367.75,4367.41,0.31999999999970896,-0.7823455392566542,2026-09-17T19:30:01+00:00,4367.38,4367.6,0.22000000000025466,CONFIRMED_REVERSAL,9.0
SELL,4363.78,0.017222080997776328,2026-09-17T19:31:59.500000+00:00,4363.78,4363.99,0.21000000000003638,-0.2250000000003638,-0.18999999999959982,-0.8649999999997817,1.1207687361419378,1.1207687361419378,-0.3461197567500908,7.0,0.0,4364.445,4363.885,4364.110000000001,0.2250000000003638,0.26371029085692654,2026-09-17T19:32:09+00:00,4363.37,4363.62,0.25,CONFIRMED_REVERSAL,9.5
SELL,4360.58,0.017297911266950853,2026-09-17T19:33:38+00:00,4360.58,4360.8,0.22000000000025466,-0.5949999999993452,-0.8099999999994907,-1.1699999999991633,0.4966339301585583,0.4966339301585583,-0.3641982154498102,2.0,0.0,4361.155000000001,4360.6900000000005,4361.5,0.8099999999994907,0.06621785735437406,2026-09-17T19:33:42+00:00,4360.34,4360.54,0.1999999999998181,CONFIRMED_REVERSAL,4.0
BUY,4359.64,0.01731751189490607,2026-09-17T19:35:30+00:00,4359.43,4359.64,0.21000000000003638,0.3349999999991269,0.15999999999985448,0.875,0.09943933530620531,0.09943933530620531,-1.027539798172663,7.5,2.0,4359.335,4359.535,4359.18,0.35499999999956344,-0.9281004628664578,2026-09-17T19:35:45.500000+00:00,4359.08,4359.27,0.19000000000050932,CONFIRMED_REVERSAL,15.5
BUY,4360.96,0.017089892338244993,2026-09-17T19:37:02+00:00,4360.7,4360.96,0.2600000000002183,0.5050000000001091,0.4899999999997817,0.9549999999999272,0.0,-0.4252400322417856,-1.341141640145568,0.0,5.0,4360.549999999999,4360.83,4360.27,0.5599999999994907,-1.341141640145568,2026-09-17T19:37:07+00:00,4360.14,4360.42,0.27999999999974534,CONFIRMED_REVERSAL,5.0
SELL,4358.97,0.016776203029536176,2026-09-17T19:38:34.500000+00:00,4358.97,4359.17,0.1999999999998181,-0.29500000000007276,-0.37000000000080036,-0.8600000000005821,1.011476251770549,1.011476251770549,-0.32110357199030276,5.0,0.0,4359.24,4359.07,4359.48,0.4099999999998545,-0.048165535798180364,2026-09-17T19:38:43+00:00,4358.75,4359.0,0.25,CONFIRMED_REVERSAL,8.5
SELL,4358.12,0.016767926791958248,2026-09-17T19:42:53+00:00,4358.12,4358.37,0.25,-0.4600000000000364,-0.4849999999996726,-1.1450000000004366,0.2728033871283502,0.2728033871283502,-0.4172287097258838,11.5,14.0,4358.610000000001,4358.245,4358.92,0.6750000000001819,-0.4172287097258838,2026-09-17T19:43:07+00:00,4358.13,4358.38,0.25,CONFIRMED_REVERSAL,14.0
BUY,4361.27,0.01665585277086212,2026-09-17T19:45:18+00:00,4361.01,4361.27,0.2600000000002183,0.285000000000764,0.3000000000001819,1.0150000000003274,0.3506800192406674,0.3506800192406674,-1.7215200944606432,31.5,45.0,4360.115,4361.14,4360.79,0.3500000000003638,-1.7215200944606432,2026-09-17T19:46:03+00:00,4360.19,4360.48,0.2899999999999636,CONFIRMED_REVERSAL,45.0
SELL,4359.22,0.016251035486789685,2026-09-17T19:48:48+00:00,4359.22,4359.43,0.21000000000003638,-0.20999999999912689,-0.32999999999992724,-0.8449999999993452,1.244206578608519,1.244206578608519,-0.37326197358213137,20.5,0.5,4359.405,4359.325000000001,4359.6900000000005,0.3649999999997817,0.41991972028095864,2026-09-17T19:49:10.500000+00:00,4358.7,4358.95,0.25,CONFIRMED_REVERSAL,22.5
SELL,4357.63,0.01635765699999022,2026-09-17T19:55:42.500000+00:00,4357.63,4357.85,0.22000000000025466,-1.694999999999709,-1.5399999999999636,-2.5150000000003274,0.8140403055096408,0.8140403055096408,-1.4245705346404476,6.0,4.0,4357.665,4357.665,4359.49,1.75,-0.5166025015728782,2026-09-17T19:55:50.500000+00:00,4357.81,4357.96,0.1499999999996362,CONFIRMED_REVERSAL,8.0
BUY,4359.83,0.016225590032608567,2026-09-17T19:57:12+00:00,4359.56,4359.83,0.26999999999952706,0.17000000000007276,0.18999999999959982,0.47999999999956344,0.0,-0.18633876478299552,-0.807467980726314,0.5,1.5,4359.755,4359.755,4359.465,0.22999999999956344,-0.807467980726314,2026-09-17T19:57:14.500000+00:00,4359.31,4359.5,0.18999999999959982,CONFIRMED_REVERSAL,2.5
SELL,4360.53,0.016029492632815955,2026-09-17T20:02:15+00:00,4360.53,4360.72,0.19000000000050932,-0.5500000000001819,-0.2749999999996362,-1.9149999999999636,0.46021683206878383,0.46021683206878383,-0.5369196374138137,2.5,4.5,4360.95,4360.535,4361.23,0.6049999999995634,-0.5369196374138137,2026-09-17T20:02:19.500000+00:00,4360.55,4360.88,0.32999999999992724,CONFIRMED_REVERSAL,4.5
BUY,4361.73,0.015896456513361402,2026-09-17T20:04:41+00:00,4361.46,4361.73,0.26999999999952706,0.2349999999987631,0.25499999999919964,0.9949999999989814,1.7951626396475326,1.7951626396475326,-0.5933164656451866,24.5,1.0,4361.04,4361.594999999999,4361.219999999999,0.375,1.0192872614946449,2026-09-17T20:05:26+00:00,4362.4,4362.67,0.27000000000043656,CONFIRMED_REVERSAL,45.0
SELL,4363.52,0.016134018832139913,2026-09-17T20:08:55.500000+00:00,4363.52,4363.72,0.1999999999998181,-0.25499999999919964,-0.20999999999912689,-0.8149999999986903,0.0,-0.3088118967347866,-1.1426040179194124,0.0,2.5,4364.4349999999995,4363.620000000001,4363.995,0.3749999999990905,-1.1426040179194124,2026-09-17T20:08:58+00:00,4364.02,4364.26,0.23999999999978172,CONFIRMED_REVERSAL,2.5
SELL,4360.68,0.015870734945201463,2026-09-17T20:12:52+00:00,4360.68,4360.86,0.17999999999938154,-0.4849999999987631,-0.22999999999956344,-1.234999999998763,0.0,-0.27339527930291035,-1.564428542682753,0.0,10.0,4361.0,4360.77,4361.28,0.5099999999993088,-1.564428542682753,2026-09-17T20:13:02+00:00,4361.43,4361.71,0.27999999999974534,CONFIRMED_REVERSAL,10.0
SELL,4360.85,0.01549526141955943,2026-09-17T20:16:22.500000+00:00,4360.85,4361.13,0.27999999999974534,-0.21000000000094587,-0.3899999999994179,-0.7800000000006548,0.0,-0.3559029738958728,-1.141855374582929,1.5,4.0,4361.09,4360.8150000000005,4361.43,0.4400000000005093,-1.141855374582929,2026-09-17T20:16:26.500000+00:00,4361.31,4361.62,0.3099999999994907,CONFIRMED_REVERSAL,4.0
SELL,4358.51,0.01522983212891112,2026-09-17T20:24:10.500000+00:00,4358.51,4358.75,0.23999999999978172,-0.1750000000001819,-0.2499999999990905,-0.8699999999998909,0.6267365744756581,0.6267365744756581,-0.3935322676930622,7.5,10.0,4358.77,4358.63,4359.094999999999,0.464999999999236,-0.3935322676930622,2026-09-17T20:24:20.500000+00:00,4358.47,4358.78,0.3099999999994907,CONFIRMED_REVERSAL,10.0
SELL,4359.27,0.015132847968742598,2026-09-17T20:29:02.500000+00:00,4359.27,4359.5,0.22999999999956344,-0.7749999999996362,-1.625,-1.375,0.028964906592420264,0.028964906592420264,-0.8689471977528503,1.5,3.0,4359.84,4359.385,4360.34,0.9549999999999272,-0.7965349312731167,2026-09-17T20:29:06+00:00,4359.54,4359.82,0.27999999999974534,CONFIRMED_REVERSAL,3.5
SELL,4361.08,0.014935718566598368,2026-09-17T20:33:54+00:00,4361.08,4361.27,0.19000000000050932,-0.3149999999995998,-0.25,-0.6649999999999636,0.0,-0.17152555581973844,-0.8719215754173287,8.0,17.0,4361.38,4361.175,4361.54,0.3649999999997817,-0.7289836122348634,2026-09-17T20:34:11.500000+00:00,4361.42,4361.59,0.17000000000007276,CONFIRMED_REVERSAL,17.5
SELL,4360.46,0.01476315385980469,2026-09-17T20:37:53.500000+00:00,4360.46,4360.63,0.17000000000007276,-0.16499999999996362,-0.2600000000002183,-0.30500000000029104,2.726829116122791,2.726829116122791,-0.24018702059119326,40.5,0.0,4361.265,4360.545,4361.005,0.4600000000000364,1.737823737218558,2026-09-17T20:38:47+00:00,4359.09,4359.23,0.13999999999941792,CONFIRMED_REVERSAL,53.5
BUY,4361.91,0.015174547343773857,2026-09-17T20:58:36.500000+00:00,4361.64,4361.91,0.26999999999952706,0.2649999999994179,0.47999999999956344,0.6749999999992724,0.0,-0.33401429088953943,-1.3796242449808869,1.5,4.0,4361.17,4361.775,4361.295,0.47999999999956344,-1.3796242449808869,2026-09-17T20:58:40.500000+00:00,4360.96,4361.18,0.22000000000025466,CONFIRMED_REVERSAL,4.0
BUY,4361.75,0.014844598568607177,2026-09-17T21:03:40+00:00,4361.5,4361.75,0.25,0.3649999999997817,0.3999999999996362,1.235000000000582,0.6108834803696749,0.6108834803696749,-0.35516481416817525,23.0,0.0,4361.47,4361.65,4361.225,0.3999999999996362,0.08523955540093058,2026-09-17T21:04:05.500000+00:00,4361.81,4362.08,0.26999999999952706,CONFIRMED_REVERSAL,25.5
SELL,4362.26,0.014863280821875489,2026-09-17T21:07:01.500000+00:00,4362.26,4362.52,0.2600000000002183,-0.18999999999959982,-0.24499999999989086,-0.7349999999996726,1.7922834563047554,1.7922834563047554,-0.4125096843874792,25.5,3.0,4363.385,4362.39,4362.83,0.4399999999995998,1.2233045812879888,2026-09-17T21:07:30.500000+00:00,4361.16,4361.4,0.23999999999978172,CONFIRMED_REVERSAL,29.0
SELL,4363.9,0.015150607839023982,2026-09-17T21:16:59.500000+00:00,4363.9,4364.13,0.23000000000047294,-0.4250000000010914,-0.37000000000080036,-1.0750000000007276,0.4639823956703163,0.4639823956703163,-0.7104730433718203,52.5,34.5,4364.49,4363.98,4364.55,0.535000000000764,0.3189878970226831,2026-09-17T21:17:59.500000+00:00,4363.41,4363.68,0.27000000000043656,MAX_HOLD,60.0
SELL,4359.99,0.015240642965046776,2026-09-17T21:20:27+00:00,4359.99,4360.18,0.19000000000050932,-0.2249999999994543,-0.24000000000069122,-0.9250000000001819,0.0,-0.24795546130799062,-1.1668492296844277,0.5,2.5,4360.435,4360.085,4360.485000000001,0.4000000000005457,-1.0939211528289023,2026-09-17T21:20:30+00:00,4360.51,4360.74,0.22999999999956344,CONFIRMED_REVERSAL,3.0
SELL,4358.12,0.014984902365881568,2026-09-17T21:22:04+00:00,4358.12,4358.39,0.27000000000043656,-0.3000000000001819,-0.4499999999998181,-0.7899999999999636,0.7027024461075058,0.7027024461075058,-0.3872033886722813,3.0,0.0,4358.389999999999,4358.255,4358.795,0.5399999999999636,0.1720903949650236,2026-09-17T21:22:09+00:00,4357.8,4358.0,0.1999999999998181,CONFIRMED_REVERSAL,5.0
SELL,4357.62,0.015027887132697716,2026-09-17T21:25:56.500000+00:00,4357.62,4357.82,0.1999999999998181,-0.3650000000006912,-0.2750000000005457,-1.2550000000010186,0.0,-0.07191001785836912,-0.7766281928675087,2.0,15.0,4357.895,4357.719999999999,4358.085,0.3650000000006912,-0.7766281928675087,2026-09-17T21:26:11.500000+00:00,4357.99,4358.16,0.17000000000007276,CONFIRMED_REVERSAL,15.0
SELL,4353.64,0.014855228181939843,2026-09-17T21:30:50+00:00,4353.64,4353.79,0.1499999999996362,-0.5050000000001091,-0.35499999999956344,-2.0499999999992724,0.4833700212170874,0.4833700212170874,-0.5118035518762316,9.0,1.5,4354.58,4353.715,4354.22,0.5050000000001091,-0.2416850106085437,2026-09-17T21:31:04.500000+00:00,4353.65,4353.81,0.16000000000076398,CONFIRMED_REVERSAL,14.5
SELL,4352.66,0.014800553395608089,2026-09-17T21:33:07.500000+00:00,4352.66,4352.87,0.21000000000003638,-0.2600000000002183,-0.1750000000010914,-0.6100000000005821,0.0,-0.29745324863563477,-0.9631819479632532,0.0,35.5,4352.71,4352.71,4353.025,0.2600000000002183,-0.8923597459069044,2026-09-17T21:33:43.500000+00:00,4353.07,4353.29,0.22000000000025466,CONFIRMED_REVERSAL,36.0
BUY,4351.24,0.014591091706962623,2026-09-17T21:37:26.500000+00:00,4350.96,4351.24,0.27999999999974534,0.40500000000065484,0.1750000000001819,0.785000000000764,0.0,-0.12567583058860488,-0.8378388705885825,9.0,10.5,4350.905,4351.1,4350.695,0.40500000000065484,-0.8378388705885825,2026-09-17T21:37:37+00:00,4350.64,4350.86,0.21999999999934516,CONFIRMED_REVERSAL,10.5
BUY,4351.34,0.014389561922669124,2026-09-17T21:38:42+00:00,4351.19,4351.34,0.1500000000005457,0.5849999999991269,0.44499999999970896,1.3349999999991269,0.5921578564545741,0.5921578564545741,-0.35804893646096353,8.0,2.0,4350.895,4351.264999999999,4350.68,0.5849999999991269,-0.28919337175673937,2026-09-17T21:38:56+00:00,4351.13,4351.35,0.22000000000025466,CONFIRMED_REVERSAL,14.0
SELL,4350.44,0.014323078947465297,2026-09-17T21:52:48.500000+00:00,4350.44,4350.7,0.2600000000002183,-0.15999999999985448,-0.15999999999985448,-0.5450000000000728,0.9595241136165038,0.9595241136165038,-0.356394670772236,16.5,0.0,4351.205,4350.495,4350.79,0.22000000000025466,0.5482994934947888,2026-09-17T21:53:07+00:00,4349.76,4350.04,0.27999999999974534,CONFIRMED_REVERSAL,18.5
BUY,4354.61,0.014440930125570144,2026-09-17T22:01:35.500000+00:00,4354.46,4354.61,0.1499999999996362,0.21500000000014552,0.19000000000050932,0.9949999999998909,0.9259583171102193,0.9259583171102193,-0.24876492101380404,24.0,29.5,4354.325,4354.535,4354.32,0.21500000000014552,-0.24876492101380404,2026-09-17T22:02:05+00:00,4354.43,4354.67,0.23999999999978172,CONFIRMED_REVERSAL,29.5
BUY,4355.13,0.014379520701299305,2026-09-17T22:03:18.500000+00:00,4354.95,4355.13,0.18000000000029104,0.1750000000001819,0.35499999999956344,0.8949999999995271,0.2064225492156718,0.2064225492156718,-0.7018366673352867,4.0,21.5,4354.895,4355.045,4354.555,0.4849999999996726,-0.5917446410867615,2026-09-17T22:03:40.500000+00:00,4354.7,4354.9,0.1999999999998181,CONFIRMED_REVERSAL,22.0
BUY,4355.91,0.014234996269824992,2026-09-17T22:08:06.500000+00:00,4355.69,4355.91,0.22000000000025466,1.0299999999988358,1.0799999999990177,1.2950000000000728,0.09536233255561281,0.09536233255561281,-0.5585508049707133,0.5,3.0,4354.88,4355.799999999999,4354.700000000001,1.0999999999985448,-0.5585508049707133,2026-09-17T22:08:09.500000+00:00,4355.5,4355.71,0.21000000000003638,CONFIRMED_REVERSAL,3.0
SELL,4353.74,0.014108037630779691,2026-09-17T22:09:26.500000+00:00,4353.74,4353.98,0.23999999999978172,-0.17000000000007276,-0.19500000000061846,-1.1400000000003274,0.0,-0.310538830473906,-1.120640127359954,1.0,8.5,4354.295,4353.86,4354.120000000001,0.2600000000011278,-0.9991249328267398,2026-09-17T22:09:35.500000+00:00,4354.32,4354.48,0.15999999999985448,CONFIRMED_REVERSAL,9.0
BUY,4355.36,0.013863086626582732,2026-09-17T22:11:29+00:00,4355.15,4355.36,0.21000000000003638,0.45499999999901775,0.2649999999994179,1.269999999999527,0.0,-0.05306906010578706,-0.45108701089858677,1.5,4.0,4354.99,4355.254999999999,4354.74,0.5149999999994179,-0.43781974587304495,2026-09-17T22:11:33.500000+00:00,4355.03,4355.18,0.1500000000005457,CONFIRMED_REVERSAL,4.5
BUY,4349.67,0.013776045334767053,2026-09-17T22:25:39.500000+00:00,4349.46,4349.67,0.21000000000003638,0.2250000000003638,0.15500000000065484,1.1950000000006185,0.07910378809327312,0.07910378809327312,-0.6196463400695685,5.0,9.0,4349.24,4349.5650000000005,4349.3099999999995,0.25500000000101863,-0.6196463400695685,2026-09-17T22:25:48.500000+00:00,4349.2,4349.41,0.21000000000003638,CONFIRMED_REVERSAL,9.0
SELL,4345.15,0.013641364965660981,2026-09-17T22:27:57+00:00,4345.15,4345.35,0.2000000000007276,-0.9250000000001819,-0.8249999999998181,-1.7549999999991996,1.7363246745265493,1.7363246745265493,-0.4177623277064662,6.5,4.0,4346.049999999999,4345.25,4346.275,1.0249999999996362,1.1096811829674438,2026-09-17T22:28:06+00:00,4344.07,4344.3,0.23000000000047294,CONFIRMED_REVERSAL,9.0
BUY,4344.7,0.0139096584350179,2026-09-17T22:36:32+00:00,4344.46,4344.7,0.23999999999978172,0.30500000000029104,0.4149999999999636,1.1099999999996726,0.22630119882746436,0.22630119882746436,-0.33279588062848164,6.5,8.0,4344.475,4344.58,4344.275,0.30500000000029104,-0.22630119882746436,2026-09-17T22:36:41+00:00,4344.53,4344.77,0.24000000000069122,CONFIRMED_REVERSAL,9.0
BUY,4345.46,0.01385280932495682,2026-09-17T22:40:20.500000+00:00,4345.19,4345.46,0.27000000000043656,0.30499999999938154,0.2600000000002183,0.694999999999709,0.14583172376234044,0.14583172376234044,-0.477267459586828,14.5,10.0,4344.145,4345.325,4344.945,0.38000000000010914,-0.33143573582448754,2026-09-17T22:40:37+00:00,4345.21,4345.42,0.21000000000003638,CONFIRMED_REVERSAL,16.5
SELL,4345.81,0.013772003050318114,2026-09-17T22:46:56.500000+00:00,4345.81,4346.02,0.21000000000003638,-0.3149999999986903,-0.39499999999861757,-1.3749999999990905,0.0,0.0,-1.4893508628266348,6.0,53.0,4346.110000000001,4345.915000000001,4346.335,0.41999999999916326,-0.6985450949542444,2026-09-17T22:47:56.500000+00:00,4346.06,4346.34,0.27999999999974534,MAX_HOLD,60.0
BUY,4349.23,0.013593346963585847,2026-09-17T22:54:05+00:00,4349.02,4349.23,0.20999999999912689,0.25,0.1999999999998181,0.32999999999992724,0.16911854055783457,0.16911854055783457,-1.7432218795936838,1.5,23.0,4348.305,4349.125,4348.72,0.40499999999974534,-1.7172036425854231,2026-09-17T22:54:28.500000+00:00,4347.91,4348.14,0.23000000000047294,CONFIRMED_REVERSAL,23.5
BUY,4348.99,0.013181513550328587,2026-09-17T22:56:58.500000+00:00,4348.8,4348.99,0.18999999999959982,0.15500000000065484,0.3150000000005093,0.6350000000002183,0.0,-0.06307492639747454,-1.0091988223561508,0.5,4.0,4348.6900000000005,4348.895,4348.57,0.3250000000007276,-1.0091988223561508,2026-09-17T22:57:02.500000+00:00,4348.19,4348.51,0.32000000000061846,CONFIRMED_REVERSAL,4.0
BUY,4345.92,0.012948178873798179,2026-09-18T02:20:38+00:00,4345.66,4345.92,0.2600000000002183,0.3499999999994543,0.29500000000007276,1.089999999999236,0.0,-0.3221836564437819,-0.9045925738612142,0.0,1.0,4345.72,4346.215,4345.389999999999,0.4000000000005457,-0.9045925738612142,2026-09-18T02:20:39+00:00,4345.19,4345.73,0.5399999999999636,CONFIRMED_REVERSAL,1.0
SELL,4343.33,0.012738275119189443,2026-09-18T03:00:30.500000+00:00,4343.33,4343.61,0.27999999999974534,-0.4900000000006912,-0.7150000000001455,-1.805000000000291,0.0,-0.17067115510018435,-0.7192570107778437,1.5,5.0,4344.82,4343.469999999999,4344.43,0.9600000000009459,-0.7192570107778437,2026-09-18T03:00:35.500000+00:00,4343.59,4343.92,0.32999999999992724,CONFIRMED_REVERSAL,5.0
SELL,4349.63,0.012547038309326708,2026-09-18T04:40:16+00:00,4349.63,4349.91,0.27999999999974534,-0.23999999999978172,-0.9349999999994907,-0.75,0.5043267242929539,0.5043267242929539,-0.7444823072893386,12.0,6.0,4349.555,4349.47,4350.755,0.9849999999996726,-0.2641711412965692,2026-09-18T04:40:30.500000+00:00,4349.44,4349.85,0.410000000000764,CONFIRMED_REVERSAL,14.5
BUY,4348.1,0.012487969319608846,2026-09-18T04:46:09+00:00,4347.87,4348.1,0.23000000000047294,0.1500000000005457,0.1500000000005457,0.8100000000004002,0.0,-0.2509762266106924,-1.20707613750862,4.0,6.5,4348.6900000000005,4348.725,4347.74,0.24500000000080036,-1.20707613750862,2026-09-18T04:46:15.500000+00:00,4347.09,4347.57,0.47999999999956344,CONFIRMED_REVERSAL,6.5
BUY,4350.55,0.012191022858560515,2026-09-18T04:47:41+00:00,4350.27,4350.55,0.27999999999974534,0.2849999999998545,0.2899999999990541,0.9400000000005093,0.0,-0.280009557290684,-0.8050274772120428,6.0,11.0,4349.585,4350.445,4349.465,0.944999999999709,-0.8050274772120428,2026-09-18T04:47:52.500000+00:00,4349.86,4350.39,0.5300000000006548,CONFIRMED_REVERSAL,11.5
SELL,4347.56,0.01200592376415027,2026-09-18T05:10:24+00:00,4347.56,4347.8,0.23999999999978172,-0.2849999999998545,-1.1099999999996726,-1.1649999999999636,0.0,-0.011489921165896654,-0.7123751123347077,20.5,5.5,4348.280000000001,4347.68,4348.825,1.144999999999527,-0.4940666101669962,2026-09-18T05:10:47.500000+00:00,4347.77,4347.99,0.21999999999934516,CONFIRMED_REVERSAL,23.5
BUY,4338.92,0.011910848597856474,2026-09-18T06:27:10+00:00,4338.64,4338.92,0.27999999999974534,0.2000000000007276,0.43000000000029104,0.8600000000005821,0.0,-0.21657971248399538,-1.2538825459570269,2.0,3.0,4337.955,4338.79,4338.34,0.4400000000005093,-1.2538825459570269,2026-09-18T06:27:13+00:00,4337.82,4338.27,0.4500000000007276,CONFIRMED_REVERSAL,3.0
BUY,4350.28,0.011578571000590026,2026-09-18T06:35:11+00:00,4350.04,4350.28,0.23999999999978172,0.29500000000007276,0.25,0.5299999999997453,1.340793207304276,1.340793207304276,-0.35458993912145886,22.5,0.5,4348.95,4351.285,4349.835,0.3249999999998181,0.9751223325850197,2026-09-18T06:35:35.500000+00:00,4351.16,4351.59,0.43000000000029104,CONFIRMED_REVERSAL,24.5
BUY,4358.58,0.011790294109663892,2026-09-18T06:43:16+00:00,4358.35,4358.58,0.22999999999956344,0.6499999999996362,0.3500000000003638,0.9700000000002547,0.0,-0.2595218583593743,-0.8688340475520644,0.0,3.5,4357.695,4358.465,4357.8150000000005,0.6499999999996362,-0.8688340475520644,2026-09-18T06:43:19.500000+00:00,4357.81,4358.16,0.3499999999994543,CONFIRMED_REVERSAL,3.5
SELL,4356.27,0.01158814477845847,2026-09-18T07:15:10+00:00,4356.27,4356.54,0.26999999999952706,-0.6099999999987631,-0.3499999999994543,-0.7749999999996362,0.011090097904267175,0.011090097904267175,-0.6321355805291081,14.5,19.0,4357.924999999999,4356.405000000001,4357.360000000001,0.9549999999999272,-0.6321355805291081,2026-09-18T07:15:29.500000+00:00,4356.35,4356.84,0.4899999999997817,CONFIRMED_REVERSAL,19.5
BUY,4373.8,0.011390681604482025,2026-09-18T08:57:43.500000+00:00,4373.59,4373.8,0.21000000000003638,0.3099999999994907,0.1749999999992724,1.4599999999991269,1.3844424304744645,1.3844424304744645,-0.3815392524935013,25.5,0.5,4373.135,4373.799999999999,4373.29,0.40499999999974534,0.9374964489827005,2026-09-18T08:58:10+00:00,4374.66,4374.93,0.27000000000043656,CONFIRMED_REVERSAL,26.5
BUY,4378.28,0.011602766798758546,2026-09-18T09:00:05.500000+00:00,4378.03,4378.28,0.25,0.4099999999998545,0.6799999999993815,0.7699999999995271,0.544100482741988,0.544100482741988,-0.46637184234969836,3.0,4.0,4378.21,4378.21,4377.91,0.24499999999989086,-0.46637184234969836,2026-09-18T09:00:09.500000+00:00,4377.86,4378.27,0.410000000000764,CONFIRMED_REVERSAL,4.0
SELL,4384.73,0.011474559577014007,2026-09-18T09:01:50+00:00,4384.73,4384.98,0.25,-0.4150000000008731,-0.18000000000029104,-1.6350000000002183,0.04392557792377414,0.04392557792377414,-0.6259394854150299,1.5,3.5,4385.885,4384.855,4385.425,0.5700000000006185,-0.6259394854150299,2026-09-18T09:01:53.500000+00:00,4385.02,4385.3,0.27999999999974534,CONFIRMED_REVERSAL,3.5
BUY,4383.65,0.01132818443950364,2026-09-18T09:05:55.500000+00:00,4383.4,4383.65,0.25,1.3400000000001455,0.8649999999997817,2.8499999999994543,2.6127558065160774,2.6127558065160774,-0.2710327600119553,20.5,0.0,4382.245,4383.525,4381.945,1.5799999999999272,2.287516494501534,2026-09-18T09:06:19+00:00,4385.76,4385.93,0.17000000000007276,CONFIRMED_REVERSAL,23.5
BUY,4387.13,0.011864030159800606,2026-09-18T09:08:12+00:00,4386.91,4387.13,0.22000000000025466,0.20499999999992724,0.2750000000005457,0.9750000000003638,0.0,-0.24979077216666493,-1.1013502227338552,0.0,3.5,4386.96,4387.02,4386.674999999999,0.34500000000116415,-1.0559337187036464,2026-09-18T09:08:16+00:00,4386.2,4386.4,0.1999999999998181,CONFIRMED_REVERSAL,4.0
SELL,4387.64,0.011611182282526415,2026-09-18T09:10:34.500000+00:00,4387.64,4387.92,0.27999999999974534,-0.2649999999994179,-0.6999999999989086,-1.2399999999997817,1.1334388184794677,1.1334388184794677,-0.6778408620311847,39.0,4.0,4388.195,4387.780000000001,4388.525,0.7449999999989814,0.5889436997986305,2026-09-18T09:11:26+00:00,4386.79,4387.11,0.31999999999970896,CONFIRMED_REVERSAL,51.5
SELL,4387.64,0.011751438242672338,2026-09-18T09:12:32+00:00,4387.64,4387.88,0.23999999999978172,-0.2999999999992724,-0.22999999999956344,-0.9749999999994543,0.0,-0.11246373178379153,-0.517333166208305,8.5,10.0,4387.950000000001,4387.76,4388.19,0.42999999999938154,-0.4386085539585258,2026-09-18T09:12:42.500000+00:00,4387.83,4388.03,0.1999999999998181,CONFIRMED_REVERSAL,10.5
SELL,4384.8,0.011654528005750614,2026-09-18T09:16:57.500000+00:00,4384.8,4385.07,0.26999999999952706,-0.3250000000007276,-0.1500000000005457,-1.3400000000001455,0.4015306096779417,0.4015306096779417,-0.4572987499100875,5.0,2.0,4385.155000000001,4384.9349999999995,4385.264999999999,0.32999999999992724,0.0,2026-09-18T09:17:04.500000+00:00,4384.62,4384.8,0.18000000000029104,CONFIRMED_REVERSAL,7.0
SELL,4382.33,0.011661096813707616,2026-09-18T09:18:12.500000+00:00,4382.33,4382.59,0.2600000000002183,-0.3100000000004002,-0.5,-0.7150000000001455,0.0,-0.2901577778777768,-1.2164306841790515,0.0,6.5,4383.04,4382.46,4383.165000000001,0.7050000000008367,-1.2164306841790515,2026-09-18T09:18:19+00:00,4383.13,4383.42,0.2899999999999636,CONFIRMED_REVERSAL,6.5
BUY,4384.77,0.011364727191374005,2026-09-18T09:19:16+00:00,4384.51,4384.77,0.2600000000002183,0.27000000000043656,0.4149999999999636,0.32000000000061846,0.0,-0.2610307819547344,-0.750463498118254,0.5,1.5,4384.635,4384.77,4384.225,0.4149999999999636,-0.7395872155366006,2026-09-18T09:19:18+00:00,4384.09,4384.42,0.32999999999992724,CONFIRMED_REVERSAL,2.0
BUY,4392.74,0.01116818054287467,2026-09-18T09:31:10+00:00,4392.46,4392.74,0.27999999999974534,0.2000000000007276,0.2250000000003638,0.6200000000008004,0.0,-0.2992691327167567,-1.0901946977543855,0.0,5.5,4392.719999999999,4392.77,4392.32,0.28000000000065484,-0.9940010479523278,2026-09-18T09:31:16+00:00,4391.81,4392.09,0.27999999999974534,CONFIRMED_REVERSAL,6.0
SELL,4391.91,0.010933801605092228,2026-09-18T10:01:16.500000+00:00,4391.91,4392.17,0.2600000000002183,-0.1500000000005457,-0.464999999999236,-0.9149999999999636,0.0,-0.18834979942663,-0.680152053484524,12.0,14.0,4391.965,4391.965,4392.1900000000005,0.1500000000005457,-0.680152053484524,2026-09-18T10:01:30.500000+00:00,4392.24,4392.56,0.32000000000061846,CONFIRMED_REVERSAL,14.0
SELL,4390.25,0.010776055008960546,2026-09-18T10:13:38.500000+00:00,4390.25,4390.49,0.23999999999978172,-0.15499999999974534,-0.3650000000006912,-0.9250000000001819,0.0,-0.2475098625773052,-1.031291094073043,0.0,11.5,4391.280000000001,4390.3099999999995,4390.530000000001,0.16000000000076398,-1.031291094073043,2026-09-18T10:13:50+00:00,4390.92,4391.25,0.32999999999992724,CONFIRMED_REVERSAL,11.5
SELL,4392.26,0.010525781716517918,2026-09-18T10:18:50+00:00,4392.26,4392.51,0.25,-0.4399999999995998,-0.4899999999997817,-0.5049999999991996,0.0,-0.2518348536030924,-0.7252843783762463,0.0,1.0,4392.51,4392.385,4393.01,0.625,-0.7152109842328189,2026-09-18T10:18:51.500000+00:00,4392.68,4392.97,0.2899999999999636,CONFIRMED_REVERSAL,1.5
SELL,4392.35,0.010355422382169036,2026-09-18T10:21:58.500000+00:00,4392.35,4392.58,0.22999999999956344,-0.6000000000003638,-0.5149999999994179,-0.9650000000001455,0.3666831972942075,0.3666831972942075,-0.28740034382453195,16.0,20.5,4392.889999999999,4392.465,4393.205,0.7399999999997817,-0.21802784703867847,2026-09-18T10:22:19.500000+00:00,4392.26,4392.57,0.3099999999994907,CONFIRMED_REVERSAL,21.0
BUY,4394.17,0.010299287512297684,2026-09-18T10:29:02+00:00,4393.92,4394.17,0.25,0.15999999999985448,0.3000000000001819,0.7250000000003638,0.8870970990872392,0.8870970990872392,-0.2562724952921879,19.0,0.5,4394.255,4394.255,4393.63,0.4149999999999636,0.3449822052010911,2026-09-18T10:29:23.500000+00:00,4394.52,4394.8,0.27999999999974534,CONFIRMED_REVERSAL,21.5
BUY,4397.37,0.010373767790939558,2026-09-18T10:31:06+00:00,4397.09,4397.37,0.27999999999974534,0.2600000000002183,0.8099999999994907,1.3649999999997817,0.0,-0.2184140997514137,-1.0523588442550877,0.5,6.5,4396.88,4397.23,4396.969999999999,0.2600000000002183,-1.0424309306307211,2026-09-18T10:31:13+00:00,4396.32,4396.59,0.27000000000043656,CONFIRMED_REVERSAL,7.0
SELL,4392.19,0.010138006245812469,2026-09-18T10:32:31+00:00,4392.19,4392.43,0.24000000000069122,-0.2900000000008731,-0.6650000000008731,-1.2550000000001091,0.0,-0.08732056387850444,-1.0575490514158739,3.0,11.0,4392.594999999999,4392.3099999999995,4392.975,0.6650000000008731,-0.9411216329114954,2026-09-18T10:32:42.500000+00:00,4392.84,4393.16,0.31999999999970896,CONFIRMED_REVERSAL,11.5
SELL,4391.77,0.009915059997894007,2026-09-18T10:40:48+00:00,4391.77,4392.04,0.26999999999952706,-0.2649999999994179,-0.15999999999985448,-0.75,0.21824517458807277,0.21824517458807277,-0.2562008571241533,2.5,0.0,4391.74,4391.74,4392.17,0.2649999999994179,-0.11386704761083069,2026-09-18T10:40:57.500000+00:00,4391.6,4391.89,0.2899999999999636,CONFIRMED_REVERSAL,9.5
SELL,4393.23,0.009884682187587802,2026-09-18T10:43:59+00:00,4393.23,4393.46,0.23000000000047294,-0.1750000000010914,-0.535000000000764,-1.0450000000000728,0.39731363413680204,0.39731363413680204,-0.2175765139329391,5.5,0.0,4393.610000000001,4393.344999999999,4393.885,0.5400000000008731,-0.10405833275087276,2026-09-18T10:44:10+00:00,4393.06,4393.34,0.27999999999974534,CONFIRMED_REVERSAL,11.0
BUY,4395.36,0.009855154258789344,2026-09-18T10:45:12.500000+00:00,4395.11,4395.36,0.25,0.6499999999996362,0.7399999999997817,1.7899999999999636,0.2546529187657343,0.2546529187657343,-0.4244215312753661,11.5,1.5,4393.775,4395.235,4394.41,0.8249999999998181,-0.3772635833556904,2026-09-18T10:45:27+00:00,4394.96,4395.23,0.26999999999952706,CONFIRMED_REVERSAL,14.5
BUY,4395.24,0.009765733987805246,2026-09-18T10:47:13+00:00,4395.05,4395.24,0.18999999999959982,0.16500000000087311,0.19500000000061846,0.7299999999995634,0.9439472631812839,0.9439472631812839,-0.17757423762774993,20.0,0.0,4395.01,4395.215,4394.98,0.16500000000087311,0.5233767003780024,2026-09-18T10:47:37+00:00,4395.8,4396.11,0.3099999999994907,CONFIRMED_REVERSAL,24.0
SELL,4397.22,0.009885706368086788,2026-09-18T10:52:20.500000+00:00,4397.22,4397.43,0.21000000000003638,-0.6149999999997817,-0.6149999999997817,-0.9999999999990905,0.35951148657562915,0.35951148657562915,-0.41627645813970404,14.0,1.5,4398.235000000001,4397.325000000001,4397.96,0.6349999999993088,-0.12299077172330948,2026-09-18T10:52:45+00:00,4397.01,4397.35,0.3400000000001455,CONFIRMED_REVERSAL,24.5
BUY,4397.36,0.009856166330046514,2026-09-18T10:55:05+00:00,4397.14,4397.36,0.21999999999934516,0.20499999999992724,0.29500000000007276,0.4650000000001455,0.3395720936650571,0.3395720936650571,-0.6036837220696875,3.0,34.0,4397.4349999999995,4397.4349999999995,4396.87,0.38000000000010914,-0.6036837220696875,2026-09-18T10:55:39+00:00,4396.72,4396.91,0.18999999999959982,CONFIRMED_REVERSAL,34.0
SELL,4393.75,0.009720698020590831,2026-09-18T11:00:34.500000+00:00,4393.75,4394.0,0.25,-0.3249999999998181,-0.23999999999978172,-0.930000000000291,0.5860834648430246,0.5860834648430246,-0.2883902763516519,7.5,3.0,4393.775,4393.775,4394.504999999999,0.6299999999991996,0.018605824281133842,2026-09-18T11:00:44.500000+00:00,4393.54,4393.73,0.18999999999959982,CONFIRMED_REVERSAL,10.0
SELL,4395.02,0.009722312600173045,2026-09-18T11:02:34.500000+00:00,4395.02,4395.28,0.2599999999993088,-0.25,-0.27000000000043656,-0.6100000000005821,0.0,-0.2419158904995423,-0.9025323607116209,0.0,4.0,4395.385,4394.905,4395.42,0.27000000000043656,-0.9025323607116209,2026-09-18T11:02:38.500000+00:00,4395.64,4395.99,0.3499999999994543,CONFIRMED_REVERSAL,4.0
SELL,4393.2,0.009511675772055993,2026-09-18T11:10:23.500000+00:00,4393.2,4393.44,0.23999999999978172,-0.45499999999992724,-0.9250000000001819,-1.3299999999999272,0.3914235587385354,0.3914235587385354,-0.22757183647621995,5.5,0.5,4393.65,4393.315,4394.26,0.9400000000005093,0.10923448150848623,2026-09-18T11:10:32+00:00,4392.84,4393.08,0.23999999999978172,CONFIRMED_REVERSAL,8.5
SELL,4391.95,0.009540371386527847,2026-09-18T11:11:31+00:00,4391.95,4392.15,0.1999999999998181,-0.6700000000009823,-0.5150000000012369,-1.0799999999999272,0.2647797371764485,0.2647797371764485,-0.429125780941427,5.5,8.5,4392.545,4392.049999999999,4392.8150000000005,0.7650000000012369,-0.429125780941427,2026-09-18T11:11:39.500000+00:00,4392.05,4392.42,0.36999999999989086,CONFIRMED_REVERSAL,8.5
BUY,4394.36,0.00943309984978334,2026-09-18T11:12:55+00:00,4394.1,4394.36,0.2599999999993088,0.20499999999992724,0.4849999999987631,0.6149999999997817,0.0,-0.23471954093420305,-0.749296996061113,0.0,6.5,4394.3150000000005,4394.41,4393.955,0.2749999999996362,-0.6499925748958529,2026-09-18T11:13:08.500000+00:00,4393.64,4393.99,0.3499999999994543,CONFIRMED_REVERSAL,13.5
BUY,4392.83,0.009281773587120404,2026-09-18T11:20:36.500000+00:00,4392.6,4392.83,0.22999999999956344,0.15500000000065484,0.15500000000065484,0.8600000000005821,0.05329711344107281,0.05329711344107281,-0.612916804567894,12.5,14.0,4392.59,4392.764999999999,4392.42,0.29500000000007276,-0.612916804567894,2026-09-18T11:20:50.500000+00:00,4392.14,4392.44,0.2999999999992724,CONFIRMED_REVERSAL,14.0
BUY,4393.37,0.009134857999485409,2026-09-18T11:23:21.500000+00:00,4393.13,4393.37,0.23999999999978172,0.5,0.38000000000010914,1.4950000000008004,0.0,-0.2098140225004218,-0.8917095956271902,0.0,1.5,4393.025,4393.325000000001,4392.575,0.6750000000001819,-0.830513839064766,2026-09-18T11:23:23.500000+00:00,4392.42,4392.75,0.32999999999992724,CONFIRMED_REVERSAL,2.0
SELL,4391.16,0.008941828487062242,2026-09-18T11:24:33+00:00,4391.16,4391.44,0.27999999999974534,-0.19500000000061846,-0.21000000000094587,-1.7600000000002183,0.0,-0.1882653880915874,-0.5990262348360199,0.5,2.0,4391.385,4391.299999999999,4391.59,0.2900000000008731,-0.43643339966654326,2026-09-18T11:24:35.500000+00:00,4391.3,4391.67,0.36999999999989086,CONFIRMED_REVERSAL,2.5
SELL,4386.53,0.008847304435717492,2026-09-18T11:31:23.500000+00:00,4386.53,4386.72,0.19000000000050932,-0.17000000000007276,-0.3099999999994907,-0.7200000000002547,0.07620350524549632,0.07620350524549632,-0.4995563121642358,15.5,25.5,4386.725,4386.51,4387.08,0.45499999999992724,-0.3894845823652711,2026-09-18T11:32:00+00:00,4386.8,4386.99,0.18999999999959982,CONFIRMED_REVERSAL,36.5
SELL,4386.27,0.008755044792583398,2026-09-18T11:35:56.500000+00:00,4386.27,4386.44,0.16999999999916326,-0.4500000000007276,-0.20499999999992724,-0.944999999999709,0.025136285167877543,0.025136285167877543,-0.8630124574114112,2.5,4.0,4386.63,4386.245,4386.825,0.47000000000025466,-0.8630124574114112,2026-09-18T11:36:01+00:00,4387.13,4387.3,0.17000000000007276,CONFIRMED_REVERSAL,4.5
BUY,4389.64,0.008542892061474046,2026-09-18T11:38:24.500000+00:00,4389.43,4389.64,0.21000000000003638,0.15499999999974534,0.20499999999992724,0.6049999999995634,0.0,-0.17169026917487276,-0.6949368038032334,0.0,4.5,4389.39,4389.535,4388.865,0.6700000000000728,-0.6949368038032334,2026-09-18T11:38:29+00:00,4388.79,4389.12,0.32999999999992724,CONFIRMED_REVERSAL,4.5
BUY,4388.86,0.008378958290650272,2026-09-18T11:50:31+00:00,4388.58,4388.86,0.27999999999974534,0.3849999999993088,0.375,1.1499999999996362,0.0,-0.21650865414108394,-0.6415071233815297,0.5,3.5,4388.62,4388.73,4388.32,0.3999999999996362,-0.5853752500858281,2026-09-18T11:50:35+00:00,4388.13,4388.36,0.22999999999956344,CONFIRMED_REVERSAL,4.0
BUY,4392.42,0.008232912819877486,2026-09-18T11:54:24.500000+00:00,4392.16,4392.42,0.2600000000002183,0.4899999999997817,0.17999999999938154,0.9000000000005457,0.3151628183913922,0.3151628183913922,-0.44122794574866564,12.0,43.0,4392.245,4392.29,4391.795,0.49499999999989086,-0.44122794574866564,2026-09-18T11:55:07.500000+00:00,4391.86,4392.13,0.27000000000043656,CONFIRMED_REVERSAL,43.0
BUY,4398.37,0.00811695419220593,2026-09-18T12:10:48+00:00,4398.09,4398.37,0.27999999999974534,0.2999999999992724,0.42000000000007276,1.8799999999991996,0.0,-0.20973858168506862,-0.4427814502245832,0.5,3.5,4397.6900000000005,4398.23,4397.93,0.2999999999992724,-0.4427814502245832,2026-09-18T12:10:51.500000+00:00,4397.8,4398.05,0.25,CONFIRMED_REVERSAL,3.5
SELL,4395.1,0.008017724607271121,2026-09-18T12:14:18.500000+00:00,4395.1,4395.33,0.22999999999956344,-0.36999999999989086,-0.4400000000005093,-0.39500000000043656,0.16880887807045014,0.16880887807045014,-0.22252079381985332,17.0,2.5,4395.610000000001,4395.215,4395.655000000001,0.4400000000005093,-0.09207756985641885,2026-09-18T12:14:38+00:00,4394.93,4395.22,0.2899999999999636,CONFIRMED_REVERSAL,19.5
SELL,4393.69,0.007998399688218817,2026-09-18T12:17:13+00:00,4393.69,4393.95,0.2600000000002183,-0.23500000000058208,-0.15999999999985448,-0.8350000000009459,0.0,-0.05358245527660543,-0.3980410963373149,1.5,3.0,4393.96,4393.82,4394.225,0.40500000000065484,-0.3750771869334532,2026-09-18T12:17:22+00:00,4393.89,4394.18,0.2899999999999636,CONFIRMED_REVERSAL,9.0
SELL,4390.05,0.007915756572569066,2026-09-18T12:25:38+00:00,4390.05,4390.24,0.18999999999959982,-0.15999999999985448,-0.24499999999898137,-0.27999999999974534,2.76507402385578,2.76507402385578,-0.14393536014559263,34.0,0.0,4390.38,4390.145,4390.42,0.2749999999996362,2.2499369454386695,2026-09-18T12:26:23.500000+00:00,4386.87,4387.08,0.21000000000003638,CONFIRMED_REVERSAL,45.5
BUY,4388.91,0.008453476340016095,2026-09-18T12:32:14+00:00,4388.68,4388.91,0.22999999999956344,0.2849999999998545,0.3350000000000364,0.25,0.0,-0.15371293322724858,-0.8171055924204293,10.5,19.0,4388.85,4388.855,4388.285,0.5100000000002183,-0.8171055924204293,2026-09-18T12:32:33+00:00,4387.9,4388.22,0.32000000000061846,CONFIRMED_REVERSAL,19.0
BUY,4380.43,0.00827492865611783,2026-09-18T12:43:08.500000+00:00,4380.17,4380.43,0.2600000000002183,0.15499999999974534,0.23000000000047294,1.074999999999818,0.03167712198959735,0.03167712198959735,-1.1166185501342072,6.0,17.5,4380.355,4380.375,4380.07,0.23000000000047294,-1.1166185501342072,2026-09-18T12:43:26+00:00,4379.02,4379.32,0.2999999999992724,CONFIRMED_REVERSAL,17.5
SELL,4377.16,0.008014552996144928,2026-09-18T12:44:27+00:00,4377.16,4377.44,0.27999999999974534,-0.20500000000083674,-0.4500000000007276,-0.8100000000004002,0.0,-0.2147626746416659,-0.4371954448064228,0.0,2.0,4377.735000000001,4377.299999999999,4377.879999999999,0.5799999999999272,-0.42185525376093835,2026-09-18T12:44:29.500000+00:00,4377.43,4377.71,0.27999999999974534,CONFIRMED_REVERSAL,2.5
BUY,4376.54,0.007914969445684856,2026-09-18T12:46:48+00:00,4376.27,4376.54,0.26999999999952706,0.25500000000101863,0.8900000000012369,2.525000000001455,0.0,-0.20451938329436847,-0.8029279492314524,0.0,2.0,4374.455,4376.514999999999,4376.235,0.17000000000098225,-0.8029279492314524,2026-09-18T12:46:50+00:00,4375.48,4375.87,0.3900000000003274,CONFIRMED_REVERSAL,2.0
SELL,4374.62,0.0077266582278174315,2026-09-18T12:48:42.500000+00:00,4374.62,4374.86,0.23999999999978172,-0.8450000000002547,-0.5750000000007276,-1.9700000000002547,0.3475449866408594,0.3475449866408594,-0.3697287091922033,5.0,7.5,4375.335,4374.74,4375.585,0.8450000000002547,-0.3697287091922033,2026-09-18T12:48:50+00:00,4374.68,4375.12,0.4399999999995998,CONFIRMED_REVERSAL,7.5
SELL,4378.07,0.007632326734196536,2026-09-18T13:48:00.500000+00:00,4378.07,4378.32,0.25,-0.1750000000010914,-0.21500000000014552,-0.5249999999996362,0.3506062542470813,0.3506062542470813,-0.18260742408718758,56.0,0.0,4377.995,4377.98,4378.41,0.21500000000014552,0.32138906639315784,2026-09-18T13:49:01+00:00,4377.47,4377.63,0.15999999999985448,MAX_HOLD,60.5
SELL,4384.84,0.00769712990245669,2026-09-18T14:03:39+00:00,4384.84,4385.1,0.2600000000002183,-0.3100000000004002,-0.39499999999952706,-0.569999999999709,0.029465259825489216,0.029465259825489216,-0.714532550768951,6.5,30.0,4385.8150000000005,4384.97,4385.695,0.7249999999994543,-0.30938522816797176,2026-09-18T14:04:34+00:00,4385.01,4385.26,0.25,CONFIRMED_REVERSAL,55.0
SELL,4380.91,0.007630242033181453,2026-09-18T14:05:32.500000+00:00,4380.91,4381.14,0.23000000000047294,-1.8900000000003274,-3.485000000000582,-4.610000000000582,0.9127877326046684,0.9127877326046684,-0.45274271537183586,6.0,0.5,4384.355,4381.025,4384.620000000001,3.595000000001164,-0.33590588559854456,2026-09-18T14:05:40+00:00,4381.03,4381.37,0.3400000000001455,CONFIRMED_REVERSAL,7.5
SELL,4379.99,0.0075517095911311624,2026-09-18T14:28:29+00:00,4379.99,4380.26,0.27000000000043656,-0.5249999999996362,-0.45499999999992724,-0.8549999999995634,0.0,-0.15899718262169063,-0.6793515984740781,1.5,3.5,4380.4400000000005,4380.125,4380.6849999999995,0.5599999999994907,-0.6793515984740781,2026-09-18T14:28:32.500000+00:00,4380.65,4380.93,0.28000000000065484,CONFIRMED_REVERSAL,3.5
SELL,4375.03,0.00739801825141585,2026-09-18T14:43:50.500000+00:00,4375.03,4375.3,0.27000000000043656,-0.23499999999967258,-0.15499999999974534,-1.144999999999527,0.1345211176744934,0.1345211176744934,-0.3256827059494852,7.5,10.0,4375.67,4374.87,4375.45,0.2849999999998545,-0.3256827059494852,2026-09-18T14:44:00.500000+00:00,4375.19,4375.49,0.3000000000001819,CONFIRMED_REVERSAL,10.0
SELL,4374.73,0.007320735897055759,2026-09-18T14:47:18+00:00,4374.73,4374.97,0.24000000000069122,-0.16499999999996362,-0.6649999999999636,-1.6099999999996726,0.042036587933260365,0.042036587933260365,-0.39934758536979664,6.0,8.0,4375.74,4374.73,4375.015,0.16499999999996362,-0.39934758536979664,2026-09-18T14:47:26+00:00,4375.04,4375.3,0.2600000000002183,CONFIRMED_REVERSAL,8.0
SELL,4376.05,0.007223171811289655,2026-09-18T14:50:00.500000+00:00,4376.05,4376.32,0.26999999999952706,-0.25500000000101863,-0.25500000000101863,-0.8600000000005821,0.13825454220011898,0.13825454220011898,-0.18664363197000347,3.0,0.0,4376.53,4376.1849999999995,4376.73,0.5450000000000728,-0.17281817775030592,2026-09-18T14:50:05.500000+00:00,4375.94,4376.3,0.3600000000005821,CONFIRMED_REVERSAL,5.0
SELL,4374.88,0.007183827147147321,2026-09-18T14:51:07+00:00,4374.88,4375.13,0.25,-0.18500000000040018,-0.1500000000005457,-0.3649999999997817,0.027500293760735293,0.027500293760735293,-0.3575038188895588,6.0,1.0,4374.865,4374.66,4375.25,0.24499999999989086,-0.2612527907272979,2026-09-18T14:51:15+00:00,4375.01,4375.26,0.25,CONFIRMED_REVERSAL,8.0
SELL,4373.02,0.007124457760979864,2026-09-18T14:54:14+00:00,4373.02,4373.27,0.25,-0.18499999999949068,-0.30499999999938154,-0.7600000000002183,0.04090953414549711,0.04090953414549711,-0.37500406299739303,10.0,21.5,4373.255,4373.085,4373.51,0.3649999999997817,-0.3681858073069936,2026-09-18T14:54:36+00:00,4373.26,4373.56,0.3000000000001819,CONFIRMED_REVERSAL,22.0
SELL,4374.76,0.007033683118348729,2026-09-18T14:57:45.500000+00:00,4374.76,4375.04,0.27999999999974534,-0.2600000000002183,-0.37000000000080036,-1.2550000000010186,0.0,-0.1413590314837341,-0.6394813329023734,7.5,24.0,4375.02,4374.780000000001,4375.27,0.37000000000080036,-0.612555803095977,2026-09-18T14:58:10+00:00,4375.29,4375.67,0.38000000000010914,CONFIRMED_REVERSAL,24.5
BUY,4378.18,0.006881994434915344,2026-09-18T14:59:07+00:00,4377.93,4378.18,0.25,0.32999999999992724,0.2000000000007276,0.7749999999996362,2.384209176987085,2.384209176987085,-0.2634485278442441,39.0,3.5,4378.155000000001,4378.275,4377.725,0.32999999999992724,1.7453464969654966,2026-09-18T14:59:48.500000+00:00,4380.83,4381.19,0.3599999999996726,CONFIRMED_REVERSAL,41.5
SELL,4377.08,0.007300378087745709,2026-09-18T15:02:50.500000+00:00,4377.08,4377.33,0.25,-0.6299999999991996,-1.3150000000005093,-1.305000000000291,0.544955980756996,0.544955980756996,-0.17466537844781216,9.5,0.0,4379.875,4377.205,4379.075,1.8699999999998909,0.14671891789618763,2026-09-18T15:03:09.500000+00:00,4376.54,4376.87,0.32999999999992724,CONFIRMED_REVERSAL,19.0
SELL,4378.15,0.007333610511323886,2026-09-18T15:05:15.500000+00:00,4378.15,4378.33,0.18000000000029104,-0.25500000000101863,-2.0450000000000728,-2.875,0.0,-0.1263315467730428,-0.5755103797433652,0.0,4.0,4378.625,4378.24,4378.745,0.5050000000001091,-0.5755103797433652,2026-09-18T15:05:19.500000+00:00,4378.58,4378.97,0.3900000000003274,CONFIRMED_REVERSAL,4.0
SELL,4372.12,0.007206181623153904,2026-09-18T15:08:28.500000+00:00,4372.12,4372.33,0.21000000000003638,-0.18499999999949068,-0.569999999999709,-0.8699999999989814,0.1724116785793093,0.1724116785793093,-0.1448258100066449,2.0,0.0,4372.285,4372.21,4372.555,0.32999999999992724,-0.0827576057179932,2026-09-18T15:08:32.500000+00:00,4372.02,4372.24,0.21999999999934516,CONFIRMED_REVERSAL,4.0
BUY,4375.45,0.007180933759669497,2026-09-18T15:09:30.500000+00:00,4375.22,4375.45,0.22999999999956344,1.0900000000001455,1.0050000000001091,2.2100000000000364,0.5429120482013753,0.5429120482013753,-0.1580630013747912,21.5,0.0,4373.9,4375.335,4374.195,1.1400000000003274,-0.08933995729903961,2026-09-18T15:09:56+00:00,4375.32,4375.67,0.3500000000003638,CONFIRMED_REVERSAL,25.5
SELL,4372.0,0.007165248051205423,2026-09-18T15:11:21.500000+00:00,4372.0,4372.27,0.27000000000043656,-0.3999999999996362,-0.36999999999989086,-1.194999999999709,0.6514428212450785,0.6514428212450785,-0.27429171420825715,11.5,1.5,4372.025,4371.945,4372.62,0.4849999999996726,0.418294864167748,2026-09-18T15:11:35+00:00,4371.09,4371.39,0.3000000000001819,CONFIRMED_REVERSAL,13.5
SELL,4372.35,0.0072646390638886225,2026-09-18T15:13:26+00:00,4372.35,4372.63,0.27999999999974534,-0.18000000000029104,-0.18000000000029104,-0.48000000000047294,0.0,-0.12514341854768157,-0.639621917023732,4.0,12.5,4373.07,4371.9400000000005,4372.855,0.3649999999997817,-0.5909550320323697,2026-09-18T15:13:39+00:00,4372.9,4373.2,0.3000000000001819,CONFIRMED_REVERSAL,13.0
SELL,4372.42,0.007123297919816325,2026-09-18T15:19:06.500000+00:00,4372.42,4372.65,0.22999999999956344,-0.9600000000009459,-1.0300000000006548,-2.3900000000003274,0.7362517354401686,0.7362517354401686,-0.1567943510656748,8.0,0.0,4373.5650000000005,4372.535,4373.51,0.9750000000003638,0.4226630333081991,2026-09-18T15:19:16+00:00,4371.46,4371.8,0.3400000000001455,CONFIRMED_REVERSAL,9.5
SELL,4366.76,0.007233668615081166,2026-09-18T15:21:12+00:00,4366.76,4367.03,0.26999999999952706,-0.37999999999919964,-0.5450000000000728,-0.9599999999991269,0.10384159157548166,0.10384159157548166,-0.26998813809486716,6.5,4.0,4368.0599999999995,4366.895,4367.4400000000005,0.5450000000000728,-0.2353742742370029,2026-09-18T15:21:20.500000+00:00,4366.88,4367.1,0.22000000000025466,CONFIRMED_REVERSAL,8.5
BUY,4366.95,0.007177034321134648,2026-09-18T15:22:41+00:00,4366.73,4366.95,0.22000000000025466,0.17000000000007276,0.19499999999970896,1.305000000000291,0.0,-0.12363430613441403,-0.3777714909676881,0.5,2.0,4366.645,4366.89,4366.67,0.17000000000007276,-0.3434286281523301,2026-09-18T15:22:43.500000+00:00,4366.45,4366.65,0.1999999999998181,CONFIRMED_REVERSAL,2.5
SELL,4361.1,0.007104376949077581,2026-09-18T15:23:42.500000+00:00,4361.1,4361.36,0.2599999999993088,-0.3100000000004002,-0.7200000000002547,-1.3999999999996362,0.0,-0.12238268277887668,-0.4147413138629511,1.0,3.0,4362.594999999999,4360.955,4361.965,0.7350000000005821,-0.4147413138629511,2026-09-18T15:23:45.500000+00:00,4361.5,4361.71,0.21000000000003638,CONFIRMED_REVERSAL,3.0
SELL,4357.21,0.007011259801278504,2026-09-18T15:25:43.500000+00:00,4357.21,4357.47,0.2600000000002183,-0.20499999999992724,-0.17000000000007276,-1.514999999999418,0.2012976859885027,0.2012976859885027,-0.37575568051191244,5.5,9.0,4357.51,4357.175,4357.57,0.22999999999956344,-0.32878622044754197,2026-09-18T15:25:53+00:00,4357.46,4357.7,0.23999999999978172,CONFIRMED_REVERSAL,9.5
SELL,4357.39,0.006932126706231527,2026-09-18T15:26:48.500000+00:00,4357.39,4357.65,0.2599999999993088,-0.35499999999956344,-1.1149999999997817,-2.6899999999996,0.2985385874640808,0.2985385874640808,-0.17248896164517588,5.5,0.0,4358.73,4357.52,4357.875,0.35499999999956344,-0.11278124415296309,2026-09-18T15:26:56.500000+00:00,4357.26,4357.56,0.3000000000001819,CONFIRMED_REVERSAL,8.0
BUY,4356.25,0.00690688859327637,2026-09-18T15:28:10+00:00,4356.01,4356.25,0.23999999999978172,0.5199999999995271,0.20500000000083674,1.0649999999995998,0.5288029942741957,0.5288029942741957,-0.29084164685047703,6.5,9.0,4356.035,4356.13,4355.575000000001,0.5549999999993815,-0.29084164685047703,2026-09-18T15:28:19+00:00,4355.81,4356.31,0.5,CONFIRMED_REVERSAL,9.0
SELL,4356.38,0.006836922016985731,2026-09-18T15:29:17.500000+00:00,4356.38,4356.63,0.25,-0.34500000000025466,-0.3350000000000364,-1.4000000000005457,0.0,-0.12431848096647448,-0.34024005317181105,1.0,4.5,4356.555,4356.16,4357.085,0.5799999999999272,-0.34024005317181105,2026-09-18T15:29:22+00:00,4356.63,4356.9,0.26999999999952706,CONFIRMED_REVERSAL,4.5
BUY,4363.7,0.006743981114988058,2026-09-18T15:31:16+00:00,4363.45,4363.7,0.25,0.3749999999990905,0.3749999999990905,1.6199999999998909,0.3420689721841259,0.3420689721841259,-0.23880286737386805,7.0,0.5,4362.585,4363.575,4362.370000000001,1.2049999999990177,0.006454131550787866,2026-09-18T15:31:25.500000+00:00,4363.71,4363.98,0.26999999999952706,CONFIRMED_REVERSAL,9.5
BUY,4367.78,0.006739225504166544,2026-09-18T15:33:46+00:00,4367.58,4367.78,0.1999999999998181,0.16500000000087311,0.15500000000065484,1.3950000000004366,0.04514706231895967,0.04514706231895967,-0.141890767286483,2.5,5.0,4366.975,4367.6849999999995,4367.455,0.2250000000003638,-0.141890767286483,2026-09-18T15:33:51+00:00,4367.56,4367.78,0.21999999999934516,CONFIRMED_REVERSAL,5.0
BUY,4372.41,0.00669818050262837,2026-09-18T15:35:07.500000+00:00,4372.16,4372.41,0.25,1.3400000000001455,0.8500000000003638,2.180000000000291,0.05769269462534643,0.05769269462534643,-0.4743621558074971,2.0,5.0,4370.715,4372.375,4370.945,1.3400000000001455,-0.4743621558074971,2026-09-18T15:35:12.500000+00:00,4371.67,4371.97,0.3000000000001819,CONFIRMED_REVERSAL,5.0
SELL,4371.7,0.006585887882128908,2026-09-18T15:36:26.500000+00:00,4371.7,4371.98,0.27999999999974534,-0.36999999999989086,-0.2600000000002183,-0.7250000000003638,0.0,-0.025211332027348626,-0.4222898114585194,5.5,7.0,4372.035,4371.84,4372.385,0.5450000000000728,-0.2773246523014081,2026-09-18T15:36:34+00:00,4371.74,4372.14,0.4000000000005457,CONFIRMED_REVERSAL,7.5
SELL,4369.53,0.006522840439930372,2026-09-18T15:39:05.500000+00:00,4369.53,4369.75,0.22000000000025466,-0.2849999999998545,-0.20500000000083674,-0.9150000000008731,0.0,-0.13733489617473627,-0.6242495280662604,0.0,2.5,4369.89,4369.575000000001,4369.924999999999,0.2849999999998545,-0.6242495280662604,2026-09-18T15:39:08+00:00,4370.23,4370.53,0.3000000000001819,CONFIRMED_REVERSAL,2.5
SELL,4369.01,0.006374318883109879,2026-09-18T15:41:24+00:00,4369.01,4369.23,0.21999999999934516,-0.2249999999994543,-0.15499999999974534,-1.0100000000002183,0.0,-0.06710392734995996,-0.5002292766101039,0.5,4.0,4369.215,4369.12,4369.525,0.40499999999974534,-0.39652320706890354,2026-09-18T15:41:28.500000+00:00,4369.37,4369.66,0.2899999999999636,CONFIRMED_REVERSAL,4.5
BUY,4369.0,0.006279499248362088,2026-09-18T15:42:50.500000+00:00,4368.75,4369.0,0.25,1.485000000000582,1.2449999999998909,1.735000000000582,0.42668249816185994,0.42668249816185994,-0.15024031625416834,10.5,0.0,4367.655000000001,4368.875,4367.389999999999,1.485000000000582,-0.04807690120129014,2026-09-18T15:43:03+00:00,4368.92,4369.14,0.22000000000025466,CONFIRMED_REVERSAL,12.5
BUY,4371.31,0.006264688668181188,2026-09-18T16:00:18.500000+00:00,4371.14,4371.31,0.17000000000007276,0.6750000000001819,0.2900000000008731,2.485000000000582,0.0,-0.017986315842126892,-0.8153796514923034,2.0,4.0,4370.780000000001,4371.225,4370.55,0.6750000000001819,-0.8153796514923034,2026-09-18T16:00:22.500000+00:00,4369.95,4370.23,0.27999999999974534,CONFIRMED_REVERSAL,4.0
SELL,4370.15,0.006071393101663351,2026-09-18T16:01:57.500000+00:00,4370.15,4370.38,0.23000000000047294,-0.49500000000080036,-0.3250000000007276,-0.9550000000008367,0.5345614641743628,0.5345614641743628,-0.23241802790219554,7.5,1.0,4371.545,4369.915,4370.8099999999995,0.5450000000000728,0.04067315488265962,2026-09-18T16:02:07.500000+00:00,4369.73,4370.08,0.3500000000003638,CONFIRMED_REVERSAL,10.0
BUY,4371.27,0.006079560016870509,2026-09-18T16:04:54.500000+00:00,4371.02,4371.27,0.25,0.3100000000004002,0.9700000000011642,2.915000000000873,0.33164119659344027,0.33164119659344027,-0.3723690628421381,7.0,4.0,4369.02,4371.16,4368.52,2.625,-0.15709319838670066,2026-09-18T16:05:05.500000+00:00,4371.0,4371.34,0.3400000000001455,CONFIRMED_REVERSAL,11.0
BUY,4374.11,0.006038085506420688,2026-09-18T16:07:20.500000+00:00,4373.87,4374.11,0.23999999999978172,0.18499999999949068,0.5149999999994179,1.3449999999993452,0.0,-0.13868579110643944,-0.5374074405375843,0.0,1.0,4373.5650000000005,4374.18,4373.805,0.18499999999949068,-0.5374074405375843,2026-09-18T16:07:21.500000+00:00,4373.18,4373.5,0.31999999999970896,CONFIRMED_REVERSAL,1.0
SELL,4370.85,0.0059141147013493985,2026-09-18T16:20:18.500000+00:00,4370.85,4371.11,0.2599999999993088,-0.3500000000003638,-0.29500000000007276,-1.5,0.09621884341524292,0.09621884341524292,-0.2660168023828342,3.0,4.5,4371.045,4370.98,4371.6,0.6200000000008004,-0.2263972786237982,2026-09-18T16:20:23.500000+00:00,4370.93,4371.25,0.31999999999970896,CONFIRMED_REVERSAL,5.0
SELL,4367.6,0.005864351967748713,2026-09-18T16:21:46.500000+00:00,4367.6,4367.87,0.26999999999952706,-0.3899999999994179,-0.2249999999994543,-0.9149999999990541,0.0,-0.1515323155819593,-0.40408617488556503,0.0,3.5,4367.96,4367.6900000000005,4368.125,0.3899999999994179,-0.35357540302474183,2026-09-18T16:21:50.500000+00:00,4367.94,4368.23,0.2899999999999636,CONFIRMED_REVERSAL,4.0
BUY,4365.94,0.005781959779651475,2026-09-18T16:26:31.500000+00:00,4365.67,4365.94,0.26999999999952706,0.30500000000029104,0.48000000000047294,1.3299999999999272,0.06640148316382488,0.06640148316382488,-0.4094758128407349,3.0,20.0,4364.65,4365.83,4365.110000000001,0.694999999999709,-0.40394235591033234,2026-09-18T16:26:52+00:00,4365.21,4365.53,0.31999999999970896,CONFIRMED_REVERSAL,20.5
SELL,4364.54,0.0056871070986764406,2026-09-18T16:30:37.500000+00:00,4364.54,4364.77,0.23000000000047294,-0.19499999999970896,-1.0599999999994907,-0.8549999999995634,0.6640070725673946,0.6640070725673946,-0.1251816612219532,15.5,0.0,4364.77,4364.655000000001,4365.145,0.4899999999997817,0.386430345510472,2026-09-18T16:30:55+00:00,4363.49,4363.83,0.3400000000001455,CONFIRMED_REVERSAL,17.5
SELL,4360.81,0.005784565486793349,2026-09-18T16:32:21+00:00,4360.81,4361.0,0.18999999999959982,-0.3599999999996726,-0.30499999999938154,-1.2849999999998545,0.0,-0.10518306228777115,-0.4871636569123652,0.0,1.5,4361.2,4360.905000000001,4361.530000000001,0.625,-0.4871636569123652,2026-09-18T16:32:22.500000+00:00,4361.49,4361.69,0.1999999999998181,CONFIRMED_REVERSAL,1.5
SELL,4360.05,0.005668822434978034,2026-09-18T16:34:20.500000+00:00,4360.05,4360.28,0.22999999999956344,-0.3650000000006912,-0.5850000000000364,-1.519999999999527,0.0,-0.12477918865730075,-0.3743375659723957,0.0,16.5,4361.26,4360.165,4360.71,0.5450000000000728,-0.34721165539457144,2026-09-18T16:34:37.500000+00:00,4360.44,4360.69,0.25,CONFIRMED_REVERSAL,17.0
SELL,4355.9,0.005590932900614732,2026-09-18T16:36:11.500000+00:00,4355.9,4356.1,0.2000000000007276,-0.15999999999985448,-0.6450000000004366,-0.8799999999991996,0.0,-0.09096088332318553,-0.3531422529020367,0.5,2.0,4357.375,4355.805,4357.405,1.4049999999997453,-0.31568777153335137,2026-09-18T16:36:14+00:00,4356.15,4356.49,0.3400000000001455,CONFIRMED_REVERSAL,2.5
BUY,4358.11,0.005512407805367774,2026-09-18T16:38:00+00:00,4357.9,4358.11,0.21000000000003638,0.20999999999912689,0.2899999999990541,2.8199999999987995,0.0,-0.10023431057550546,-0.38511077221173334,1.5,2.5,4357.715,4358.04,4357.584999999999,0.42000000000007276,-0.38511077221173334,2026-09-18T16:38:02.500000+00:00,4357.38,4357.68,0.3000000000001819,CONFIRMED_REVERSAL,2.5
BUY,4359.62,0.005418195579169678,2026-09-18T16:39:11+00:00,4359.34,4359.62,0.27999999999974534,0.3249999999998181,0.1999999999998181,1.4799999999995634,0.0,-0.08815055817337099,-0.35260223269348395,0.5,3.0,4359.25,4359.57,4359.015,0.464999999999236,-0.35260223269348395,2026-09-18T16:39:14+00:00,4358.94,4359.17,0.23000000000047294,CONFIRMED_REVERSAL,3.0
SELL,4357.43,0.005336364901209206,2026-09-18T16:40:07+00:00,4357.43,4357.66,0.22999999999956344,-0.8800000000001091,-1.0100000000002183,-1.8850000000002183,0.09703325220854267,0.09703325220854267,-0.21960157078684997,0.5,4.0,4358.415,4357.545,4358.6849999999995,1.139999999999418,-0.21960157078684997,2026-09-18T16:40:11+00:00,4357.58,4357.86,0.27999999999974534,CONFIRMED_REVERSAL,4.0
SELL,4354.32,0.005287478371071575,2026-09-18T16:41:30.500000+00:00,4354.32,4354.55,0.23000000000047294,-0.2000000000007276,-0.23500000000058208,-0.4600000000009459,0.3036136702894013,0.3036136702894013,-0.17710797433582923,14.5,0.5,4355.86,4354.145,4354.88,0.44500000000061846,-0.010120455676543488,2026-09-18T16:41:47.500000+00:00,4354.04,4354.34,0.3000000000001819,CONFIRMED_REVERSAL,17.0
SELL,4354.93,0.005284309475463901,2026-09-18T16:42:40+00:00,4354.93,4355.21,0.27999999999974534,-0.40500000000065484,-1.0349999999998545,-1.5100000000002183,1.0114390277035876,1.0114390277035876,-0.16183024443242683,12.5,0.5,4356.105,4354.82,4355.475,0.40500000000065484,0.6270921971765738,2026-09-18T16:42:56+00:00,4353.41,4353.69,0.27999999999974534,CONFIRMED_REVERSAL,16.0
BUY,4357.51,0.0054315543140325325,2026-09-18T16:47:28+00:00,4357.27,4357.51,0.23999999999978172,0.32000000000061846,0.375,1.2100000000000364,0.0,-0.12475467698796,-0.441839480999616,0.0,1.0,4356.905000000001,4357.4,4356.83,0.5600000000004002,-0.441839480999616,2026-09-18T16:47:29.500000+00:00,4356.66,4357.11,0.4499999999998181,CONFIRMED_REVERSAL,1.5
BUY,4355.48,0.005328085566285913,2026-09-18T16:50:32+00:00,4355.21,4355.48,0.26999999999952706,0.46999999999934516,0.944999999999709,2.4949999999989814,0.0,-0.08668452620402603,-1.1880879179786379,9.5,19.0,4354.43,4355.344999999999,4354.32,1.0249999999996362,-1.1880879179786379,2026-09-18T16:50:51+00:00,4353.15,4353.59,0.4400000000005093,CONFIRMED_REVERSAL,19.0
BUY,4353.76,0.005045047541734591,2026-09-18T16:52:00.500000+00:00,4353.51,4353.76,0.25,0.3400000000001455,0.2000000000007276,1.0400000000008731,0.03862573154747191,0.03862573154747191,-0.18347222485071113,3.0,5.0,4353.255,4353.735000000001,4353.1,0.5349999999998545,-0.18347222485071113,2026-09-18T16:52:05.500000+00:00,4353.38,4353.67,0.2899999999999636,CONFIRMED_REVERSAL,5.0
SELL,4352.8,0.005002116885387889,2026-09-18T16:53:24.500000+00:00,4352.8,4353.07,0.26999999999952706,-0.2650000000012369,-0.2250000000003638,-2.9550000000008367,0.0,-0.08616835626757838,-0.4547774358581392,0.5,3.0,4355.41,4352.9349999999995,4353.88,0.9450000000006185,-0.4547774358581392,2026-09-18T16:53:27.500000+00:00,4353.36,4353.75,0.3900000000003274,CONFIRMED_REVERSAL,3.0
SELL,4353.99,0.004891608220185309,2026-09-18T17:05:16.500000+00:00,4353.99,4354.22,0.23000000000047294,-0.25500000000010914,-0.29500000000007276,-2.235000000000582,0.0327696025332935,0.0327696025332935,-0.276200935638976,0.5,4.0,4354.98,4354.035,4354.395,0.2900000000008731,-0.276200935638976,2026-09-18T17:05:20.500000+00:00,4354.27,4354.58,0.3099999999994907,CONFIRMED_REVERSAL,4.0
SELL,4351.98,0.004827551686729629,2026-09-18T17:06:39+00:00,4351.98,4352.23,0.25,-0.2000000000007276,-0.7800000000006548,-2.005000000000109,0.0,-0.11088164022717559,-0.415806150850963,1.5,2.0,4352.885,4352.035,4352.305,0.2000000000007276,-0.3834656724515977,2026-09-18T17:06:41.500000+00:00,4352.52,4352.81,0.2899999999999636,CONFIRMED_REVERSAL,2.5
SELL,4351.35,0.004736167304311217,2026-09-18T17:08:00.500000+00:00,4351.35,4351.57,0.21999999999934516,-0.3000000000001819,-0.5450000000000728,-2.519999999999527,0.4396633222648203,0.4396633222648203,-0.09971745453396615,1.5,0.0,4352.775,4351.46,4351.905000000001,0.44500000000061846,0.03626089255788082,2026-09-18T17:08:04+00:00,4351.02,4351.27,0.25,CONFIRMED_REVERSAL,3.5
BUY,4355.45,0.004740408209955134,2026-09-18T17:11:03+00:00,4355.17,4355.45,0.27999999999974534,0.25,1.0649999999995998,1.5799999999999272,0.20868682945299225,0.20868682945299225,-0.1270267657538697,7.0,0.0,4354.91,4355.3099999999995,4354.965,0.34499999999934516,-0.02268335102757988,2026-09-18T17:11:16.500000+00:00,4355.4,4355.72,0.32000000000061846,CONFIRMED_REVERSAL,13.5
BUY,4356.2,0.004734151071346409,2026-09-18T17:13:08+00:00,4355.98,4356.2,0.22000000000025466,0.2849999999998545,0.24499999999989086,0.3500000000003638,0.0,-0.06796022988660035,-0.25824887356957577,2.5,3.5,4355.55,4356.13,4355.785,0.30500000000029104,-0.20841137165276302,2026-09-18T17:13:12+00:00,4355.74,4355.93,0.19000000000050932,CONFIRMED_REVERSAL,4.0
SELL,4352.96,0.004687646554922925,2026-09-18T17:15:46.500000+00:00,4352.96,4353.23,0.26999999999952706,-0.1750000000010914,-0.7350000000005821,-0.8450000000011642,0.08972352387269625,0.08972352387269625,-0.16150234297085325,20.5,13.5,4353.055,4353.049999999999,4353.27,0.1750000000010914,-0.15252999058378763,2026-09-18T17:16:10.500000+00:00,4353.04,4353.3,0.2600000000002183,CONFIRMED_REVERSAL,24.0
SELL,4352.77,0.004651235412128332,2026-09-18T17:17:57+00:00,4352.77,4353.05,0.27999999999974534,-0.32999999999992724,-0.3600000000005821,-0.9150000000008731,0.41397368677772317,0.41397368677772317,-0.12463723902969977,2.5,0.0,4353.125,4352.91,4353.27,0.3600000000005821,0.18250452857970928,2026-09-18T17:18:02+00:00,4351.98,4352.36,0.38000000000010914,CONFIRMED_REVERSAL,5.0
SELL,4350.13,0.004697896066726162,2026-09-18T17:19:01.500000+00:00,4350.13,4350.41,0.27999999999974534,-0.39499999999952706,-0.18499999999949068,-1.0349999999998545,0.0,-0.11689561498363094,-0.3776627561007099,0.5,1.5,4350.375,4350.245,4350.905000000001,0.6350000000002183,-0.32371093380066684,2026-09-18T17:19:03.500000+00:00,4350.57,4350.85,0.28000000000065484,CONFIRMED_REVERSAL,2.0
BUY,4346.25,0.004624264618911262,2026-09-18T17:21:28.500000+00:00,4345.97,4346.25,0.27999999999974534,0.21000000000094587,0.19500000000061846,0.9099999999998545,0.11948899544628022,0.11948899544628022,-0.2965097294403222,3.5,13.5,4345.785,4346.110000000001,4345.6900000000005,0.42000000000007276,-0.2965097294403222,2026-09-18T17:21:42+00:00,4345.58,4345.95,0.36999999999989086,CONFIRMED_REVERSAL,13.5
SELL,4343.34,0.004556029316257986,2026-09-18T17:29:49+00:00,4343.34,4343.62,0.27999999999974534,-0.39500000000043656,-0.2600000000002183,-0.8100000000004002,0.02616129439382169,0.02616129439382169,-0.14824733489739758,5.5,6.0,4343.52,4343.48,4343.96,0.48000000000047294,-0.13952690343265817,2026-09-18T17:29:55.500000+00:00,4343.28,4343.66,0.38000000000010914,CONFIRMED_REVERSAL,6.5
SELL,4344.56,0.004521192349134507,2026-09-18T17:31:51.500000+00:00,4344.56,4344.84,0.27999999999974534,-0.3249999999989086,-0.8499999999985448,-1.0449999999991633,0.012980628069766506,0.012980628069766506,-0.20769004911154176,6.5,9.0,4345.075,4344.6,4345.549999999999,0.8499999999985448,-0.20769004911154176,2026-09-18T17:32:00.500000+00:00,4344.75,4345.04,0.2899999999999636,CONFIRMED_REVERSAL,9.0
BUY,4346.84,0.004468895611432113,2026-09-18T17:33:45.500000+00:00,4346.59,4346.84,0.25,0.48000000000047294,0.3150000000005093,0.5249999999996362,0.2608864437637107,0.2608864437637107,-0.26944009765779414,12.0,5.0,4346.5,4346.845,4346.235,0.48000000000047294,0.08553653893888966,2026-09-18T17:34:00+00:00,4347.04,4347.31,0.27000000000043656,CONFIRMED_REVERSAL,14.5
BUY,4346.31,0.004490004650341578,2026-09-18T17:36:51+00:00,4346.05,4346.31,0.2600000000002183,0.8600000000005821,0.23500000000058208,0.49500000000080036,0.0,-0.03867325866433346,-0.3867325866429438,1.0,11.5,4345.82,4346.18,4345.32,0.8600000000005821,-0.3609504141999245,2026-09-18T17:37:03+00:00,4345.47,4345.8,0.32999999999992724,CONFIRMED_REVERSAL,12.0
BUY,4349.79,0.004399704749240159,2026-09-18T17:38:35.500000+00:00,4349.57,4349.79,0.22000000000025466,0.47000000000025466,0.40500000000065484,1.050000000000182,0.12631829516475357,0.12631829516475357,-0.1431607345200285,10.5,0.5,4349.545,4349.68,4349.115,0.5650000000005093,-0.016842439355274946,2026-09-18T17:38:48+00:00,4349.75,4350.0,0.25,CONFIRMED_REVERSAL,12.5
SELL,4351.74,0.004393689168516591,2026-09-18T17:41:32+00:00,4351.74,4352.0,0.2600000000002183,-0.23499999999967258,-0.4250000000001819,-0.5100000000002183,0.04625338081903441,0.04625338081903441,-0.3952561633640484,6.0,8.5,4352.38,4351.87,4352.675,0.805000000000291,-0.3952561633640484,2026-09-18T17:41:40.500000+00:00,4352.33,4352.68,0.3500000000003638,CONFIRMED_REVERSAL,8.5
SELL,4352.38,0.0042981509244044945,2026-09-18T17:45:11+00:00,4352.38,4352.62,0.23999999999978172,-0.15999999999985448,-0.34500000000025466,-0.9899999999997817,0.1809905106164881,0.1809905106164881,-0.17687708992057383,14.5,1.5,4352.415,4352.15,4352.66,0.15999999999985448,0.04936104834984927,2026-09-18T17:45:27.500000+00:00,4351.99,4352.26,0.27000000000043656,CONFIRMED_REVERSAL,16.5
SELL,4351.68,0.004310694704448038,2026-09-18T17:48:39+00:00,4351.68,4351.96,0.27999999999974534,-0.23000000000047294,-0.680000000000291,-1.2700000000004366,0.0,-0.11551190998877078,-0.503301893522689,0.0,2.0,4352.49,4351.82,4352.745,0.9250000000001819,-0.503301893522689,2026-09-18T17:48:41+00:00,4352.56,4352.9,0.339999999999236,CONFIRMED_REVERSAL,2.0
BUY,4361.11,0.004180784061284871,2026-09-18T17:51:35+00:00,4360.92,4361.11,0.18999999999959982,0.2599999999993088,0.21999999999934516,1.0549999999993815,0.056015374003739724,0.056015374003739724,-0.1880516127261387,7.5,1.0,4360.6900000000005,4361.115,4360.74,0.2749999999996362,-0.14003843500880347,2026-09-18T17:51:45+00:00,4360.76,4360.99,0.22999999999956344,CONFIRMED_REVERSAL,10.0
BUY,4361.4,0.004146955504050376,2026-09-18T17:52:37+00:00,4361.19,4361.4,0.21000000000003638,0.18000000000029104,0.21500000000014552,1.3099999999994907,0.09921808758604488,0.09921808758604488,-0.2143110691858425,6.0,22.0,4361.08,4361.3150000000005,4361.045,0.25,-0.2143110691858425,2026-09-18T17:52:59+00:00,4360.86,4361.14,0.28000000000065484,CONFIRMED_REVERSAL,22.0
BUY,4360.12,0.004096812963438301,2026-09-18T17:56:37.500000+00:00,4359.91,4360.12,0.21000000000003638,0.27999999999883585,0.1999999999989086,1.644999999999527,0.0,-0.04312809642978118,-0.30973814708751796,1.0,10.0,4359.925,4360.014999999999,4359.735000000001,0.27999999999883585,-0.30973814708751796,2026-09-18T17:56:47.500000+00:00,4359.33,4359.66,0.32999999999992724,CONFIRMED_REVERSAL,10.0
SELL,4355.19,0.0040271372578544245,2026-09-18T17:58:25.500000+00:00,4355.19,4355.41,0.22000000000025466,-0.24500000000080036,-0.7750000000014552,-2.7000000000007276,0.17343247165413936,0.17343247165413936,-0.08478920836437832,11.0,0.0,4356.47,4355.135,4355.575,0.2750000000005457,0.0231243295536983,2026-09-18T17:58:41+00:00,4354.93,4355.13,0.1999999999998181,CONFIRMED_REVERSAL,15.5
SELL,4354.02,0.004033768962380037,2026-09-18T18:01:48.500000+00:00,4354.02,4354.3,0.27999999999974534,-0.2899999999999636,-0.3250000000007276,-1.4549999999999272,0.0,-0.10809124497198705,-0.3242737349159611,0.0,2.0,4354.485000000001,4354.16,4354.9349999999995,0.7749999999996362,-0.3242737349159611,2026-09-18T18:01:50.500000+00:00,4354.52,4354.86,0.339999999999236,CONFIRMED_REVERSAL,2.0
BUY,4356.44,0.003953749884020514,2026-09-18T18:06:43+00:00,4356.17,4356.44,0.26999999999952706,0.5600000000004002,1.1650000000008731,2.305000000000291,0.0,-0.01513528667100702,-0.23838076506827455,1.0,3.0,4355.139999999999,4356.305,4355.745,0.5600000000004002,-0.22702930006510533,2026-09-18T18:06:46.500000+00:00,4355.84,4356.16,0.31999999999970896,CONFIRMED_REVERSAL,3.5
SELL,4352.97,0.003902404370280821,2026-09-18T18:09:14+00:00,4352.97,4353.22,0.25,-0.21000000000003638,-0.16499999999996362,-0.8299999999990177,0.9187320014812419,0.9187320014812419,-0.09336707332126304,45.5,0.0,4353.295,4353.095,4353.385,0.2899999999999636,0.7282631719057838,2026-09-18T18:10:14+00:00,4350.81,4351.02,0.21000000000003638,MAX_HOLD,60.0
SELL,4348.77,0.004081158121470206,2026-09-18T18:12:08+00:00,4348.77,4349.04,0.26999999999952706,-0.31999999999970896,-0.39499999999861757,-1.2249999999994543,0.21091071743498807,0.21091071743498807,-0.1054553587171388,17.0,0.0,4349.055,4348.905000000001,4349.225,0.31999999999970896,-0.003905754026297566,2026-09-18T18:12:27+00:00,4348.44,4348.78,0.3400000000001455,CONFIRMED_REVERSAL,19.0
BUY,4352.59,0.00407663870150527,2026-09-18T18:14:13.500000+00:00,4352.32,4352.59,0.27000000000043656,0.35499999999956344,0.27000000000043656,0.7200000000002547,0.0,-0.0858314346286714,-0.35503002505449127,0.5,22.5,4352.26,4352.465,4352.1,0.35499999999956344,-0.3238185942804935,2026-09-18T18:14:36.500000+00:00,4351.76,4352.02,0.2600000000002183,CONFIRMED_REVERSAL,23.0
BUY,4354.18,0.003997440582052166,2026-09-18T18:15:53.500000+00:00,4353.96,4354.18,0.22000000000025466,0.37999999999919964,0.5249999999996362,0.30500000000029104,0.0,-0.08416396083217263,-0.4055172658274245,0.0,4.5,4353.625,4354.165,4353.29,0.7799999999997453,-0.4055172658274245,2026-09-18T18:15:58+00:00,4353.12,4353.32,0.1999999999998181,CONFIRMED_REVERSAL,4.5
BUY,4353.61,0.0039006358244909876,2026-09-18T18:18:24+00:00,4353.35,4353.61,0.2599999999993088,0.30499999999938154,0.18999999999959982,0.5749999999989086,0.19038251026698114,0.19038251026698114,-0.09705775033188689,5.5,0.0,4353.455,4353.5,4353.16,0.31999999999970896,0.011198971192415018,2026-09-18T18:18:32+00:00,4353.64,4353.95,0.3099999999994907,CONFIRMED_REVERSAL,8.0
BUY,4354.68,0.003902364591505216,2026-09-18T18:19:42.500000+00:00,4354.41,4354.68,0.27000000000043656,0.8950000000004366,0.875,0.555000000000291,0.0,-0.1008354113207897,-0.23154798155102788,0.0,2.5,4353.97,4354.545,4353.485,1.0600000000004002,-0.2240786918237507,2026-09-18T18:19:45.500000+00:00,4354.08,4354.36,0.27999999999974534,CONFIRMED_REVERSAL,3.0
BUY,4357.39,0.0038462031546052716,2026-09-18T18:36:42.500000+00:00,4357.12,4357.39,0.27000000000043656,0.20499999999992724,0.2249999999994543,1.3599999999996726,0.0,-0.040489869081672666,-0.3460043357871957,2.0,13.0,4356.99,4357.355,4356.9349999999995,0.32000000000061846,-0.3460043357871957,2026-09-18T18:36:55.500000+00:00,4356.45,4356.76,0.3100000000004002,CONFIRMED_REVERSAL,13.0
SELL,4351.76,0.003768099359181657,2026-09-18T18:39:35.500000+00:00,4351.76,4351.85,0.09000000000014552,-0.4499999999989086,-0.15999999999985448,-1.1149999999997817,0.6022270862095321,0.6022270862095321,-0.08654760520368261,56.0,4.0,4351.950000000001,4351.805,4352.254999999999,0.4499999999989086,0.46879952818710613,2026-09-18T18:40:35.500000+00:00,4350.22,4350.46,0.23999999999978172,MAX_HOLD,60.0
BUY,4350.38,0.0038818946813855464,2026-09-18T18:42:02+00:00,4350.12,4350.38,0.2600000000002183,0.34499999999934516,0.32999999999992724,0.2749999999996362,0.04829571148840615,0.04829571148840615,-0.2229032837925918,11.5,26.5,4349.93,4350.285,4349.845,0.40499999999974534,-0.2229032837925918,2026-09-18T18:42:28.500000+00:00,4349.78,4350.08,0.3000000000001819,CONFIRMED_REVERSAL,26.5
BUY,4357.28,0.0038222935645913854,2026-09-18T18:50:51+00:00,4357.0,4357.28,0.27999999999974534,0.47999999999956344,0.9299999999993815,1.1299999999991996,0.2670351102921263,0.2670351102921263,-0.1024244258653136,8.5,0.0,4356.795,4357.139999999999,4356.66,0.47999999999956344,-0.051212212932490446,2026-09-18T18:51:08.500000+00:00,4357.14,4357.54,0.3999999999996362,CONFIRMED_REVERSAL,17.5
SELL,4355.17,0.003811858364476857,2026-09-18T19:00:30+00:00,4355.17,4355.41,0.23999999999978172,-0.5449999999991633,-0.49499999999989086,-0.8650000000006912,0.043776342045920257,0.043776342045920257,-0.1313290261377608,14.5,10.5,4355.594999999999,4355.29,4355.905000000001,0.6150000000006912,-0.07296057007653377,2026-09-18T19:00:48+00:00,4355.15,4355.37,0.22000000000025466,CONFIRMED_REVERSAL,18.0
BUY,4358.37,0.003791567495630065,2026-09-18T19:05:22.500000+00:00,4358.09,4358.37,0.27999999999974534,0.2999999999992724,0.3649999999997817,1.0949999999993452,0.0,-0.018143048581242906,-0.21045936354162567,2.5,7.5,4358.325,4358.585,4357.735000000001,0.49499999999898137,-0.19957353439301193,2026-09-18T19:05:30.500000+00:00,4357.82,4358.04,0.22000000000025466,CONFIRMED_REVERSAL,8.0
BUY,4363.96,0.003738924695384343,2026-09-18T19:12:33.500000+00:00,4363.7,4363.96,0.2600000000002183,0.21999999999934516,0.28000000000065484,1.555000000000291,0.057251671214370636,0.057251671214370636,-0.17891147254507095,6.5,8.5,4363.38,4363.91,4363.610000000001,0.21999999999934516,-0.17891147254507095,2026-09-18T19:12:42+00:00,4363.46,4363.76,0.3000000000001819,CONFIRMED_REVERSAL,8.5
BUY,4361.87,0.0036978570152022545,2026-09-18T19:15:59.500000+00:00,4361.64,4361.87,0.22999999999956344,0.2500000000009095,0.3900000000003274,1.324999999999818,0.6794739491608341,0.6794739491608341,-0.12386243864891258,16.0,0.5,4361.605,4361.755,4361.35,0.40499999999974534,0.3998987304957227,2026-09-18T19:16:23.500000+00:00,4363.0,4363.32,0.31999999999970896,CONFIRMED_REVERSAL,24.0
BUY,4369.41,0.003787108424619841,2026-09-18T19:22:03.500000+00:00,4369.17,4369.41,0.23999999999978172,0.17000000000007276,0.22000000000025466,0.7550000000001091,0.2319579066649574,0.2319579066649574,-0.09423289958266984,10.5,0.5,4368.795,4369.29,4368.845,0.44499999999970896,0.07248684583269617,2026-09-18T19:22:17+00:00,4369.61,4369.89,0.28000000000065484,CONFIRMED_REVERSAL,13.5
BUY,4374.88,0.003799686297706571,2026-09-18T19:29:24+00:00,4374.7,4374.88,0.18000000000029104,0.31999999999970896,0.3100000000004002,1.425000000000182,0.7963671280893739,0.7963671280893739,-0.06545483244581975,8.0,0.0,4374.405000000001,4374.8,4374.47,0.31999999999970896,0.6290936673947584,2026-09-18T19:29:33+00:00,4376.61,4376.97,0.3600000000005821,CONFIRMED_REVERSAL,9.0
BUY,4378.02,0.003947107898002664,2026-09-18T19:32:50.500000+00:00,4377.78,4378.02,0.24000000000069122,0.2249999999994543,0.8149999999995998,1.6299999999991996,0.5024028646380087,0.5024028646380087,-0.1397662104635154,15.0,0.5,4376.9400000000005,4377.9,4377.52,0.37999999999919964,0.2530901648925292,2026-09-18T19:33:07+00:00,4378.69,4378.95,0.2600000000002183,CONFIRMED_REVERSAL,16.5
SELL,4381.83,0.0040040288073201055,2026-09-18T19:34:23+00:00,4381.83,4382.1,0.27000000000043656,-0.6350000000002183,-0.6700000000000728,-1.1900000000005093,0.09196655167696342,0.09196655167696342,-0.1532775861282724,2.5,4.5,4382.48,4381.965,4382.92,0.9549999999999272,-0.14944564647532696,2026-09-18T19:34:28+00:00,4381.9,4382.22,0.32000000000061846,CONFIRMED_REVERSAL,5.0
SELL,4379.52,0.003970484533760283,2026-09-18T19:35:27+00:00,4379.52,4379.69,0.16999999999916326,-0.2600000000002183,-0.42000000000007276,-1.1500000000005457,0.2241903876600995,0.2241903876600995,-0.15959315731700166,10.5,3.5,4379.77,4379.605,4380.155000000001,0.5500000000010914,0.07599674157995247,2026-09-18T19:35:40+00:00,4379.08,4379.32,0.23999999999978172,CONFIRMED_REVERSAL,13.0
BUY,4379.43,0.00398869855574112,2026-09-18T19:38:20.500000+00:00,4379.18,4379.43,0.25,0.27000000000043656,0.22999999999956344,0.9150000000008731,0.0,-0.02672087796383354,-0.25575697479446063,6.0,8.5,4379.11,4379.305,4378.805,0.5,-0.25575697479446063,2026-09-18T19:38:29+00:00,4378.76,4379.13,0.36999999999989086,CONFIRMED_REVERSAL,8.5
BUY,4379.04,0.00392802607711614,2026-09-18T19:39:25.500000+00:00,4378.8,4379.04,0.23999999999978172,0.2849999999998545,0.6149999999997817,1.1200000000008004,0.5526029063192173,0.5526029063192173,-0.15036813777377386,14.0,3.0,4378.925,4378.925,4378.62,0.3000000000001819,0.36464273410182896,2026-09-18T19:39:43.500000+00:00,4380.01,4380.29,0.27999999999974534,CONFIRMED_REVERSAL,18.0
SELL,4378.77,0.004015283251281761,2026-09-18T19:43:43.500000+00:00,4378.77,4379.03,0.2599999999993088,-0.15500000000065484,-0.15500000000065484,-0.3900000000003274,0.3227876729637494,0.3227876729637494,-0.14218028451968018,14.5,1.0,4379.07,4378.795,4379.395,0.49500000000080036,0.10759589098814946,2026-09-18T19:44:01+00:00,4378.01,4378.49,0.47999999999956344,CONFIRMED_REVERSAL,17.5
BUY,4379.63,0.004040165441658581,2026-09-18T19:45:43.500000+00:00,4379.41,4379.63,0.22000000000025466,0.19499999999970896,0.5650000000005093,1.4250000000010914,0.20879225124162895,0.20879225124162895,-0.12372874147641666,20.5,24.0,4378.835,4379.545,4379.155000000001,0.3649999999997817,-0.12372874147641666,2026-09-18T19:46:07.500000+00:00,4379.31,4379.58,0.26999999999952706,CONFIRMED_REVERSAL,24.0
BUY,4381.26,0.004009153640532219,2026-09-18T19:50:14.500000+00:00,4381.06,4381.26,0.1999999999998181,1.2799999999997453,0.7999999999992724,2.149999999999636,0.0,-0.011510532678898604,-0.26857909583503514,6.0,21.0,4379.985000000001,4381.16,4379.88,1.2799999999997453,-0.26857909583503514,2026-09-18T19:50:35.500000+00:00,4380.56,4380.97,0.4099999999998545,CONFIRMED_REVERSAL,21.0
BUY,4383.26,0.003943298760347551,2026-09-18T20:00:10+00:00,4383.11,4383.26,0.1500000000005457,0.2749999999996362,0.2899999999990541,0.5799999999999272,0.26039356088178256,0.26039356088178256,-0.10566695224219119,5.0,0.5,4383.54,4383.54,4382.85,0.3349999999991269,0.003773819723008948,2026-09-18T20:00:21.500000+00:00,4383.27,4383.53,0.2599999999993088,CONFIRMED_REVERSAL,11.5
BUY,4384.78,0.0039428311165078805,2026-09-18T20:03:00.500000+00:00,4384.53,4384.78,0.25,1.0950000000002547,1.3149999999995998,1.1799999999993815,0.0,-0.09433430444878721,-0.2528159359227772,0.0,1.5,4383.91,4384.655,4383.34,1.3149999999995998,-0.2264023306768834,2026-09-18T20:03:02.500000+00:00,4384.18,4384.47,0.2899999999999636,CONFIRMED_REVERSAL,2.0
BUY,4387.21,0.0038867246281922164,2026-09-18T20:09:04+00:00,4387.13,4387.21,0.07999999999992724,0.27000000000043656,0.6900000000005093,0.6400000000003274,0.0,-0.029757416723150083,-0.19342320870081384,0.0,1.0,4387.26,4387.26,4386.875,0.29500000000007276,-0.19342320870081384,2026-09-18T20:09:05+00:00,4386.69,4386.78,0.09000000000014552,CONFIRMED_REVERSAL,1.0
SELL,4385.11,0.003842495963701022,2026-09-18T20:11:39.500000+00:00,4385.11,4385.33,0.22000000000025466,-0.2750000000005457,-0.215000000001055,-0.6200000000008004,0.0,-0.06251493860453772,-0.39715372760510176,1.0,3.5,4385.299999999999,4385.1900000000005,4385.555,0.3350000000009459,-0.3787669809569837,2026-09-18T20:11:43.500000+00:00,4385.92,4386.14,0.22000000000025466,CONFIRMED_REVERSAL,4.0
BUY,4385.03,0.0037523096515014796,2026-09-18T20:13:38.500000+00:00,4384.84,4385.03,0.18999999999959982,0.3249999999989086,0.3249999999998181,1.4399999999995998,0.513518596303617,0.513518596303617,-0.06822974356465865,4.5,0.0,4384.33,4384.9349999999995,4384.365,0.569999999999709,0.41296950052399967,2026-09-18T20:13:55+00:00,4386.18,4386.5,0.31999999999970896,CONFIRMED_REVERSAL,16.5
SELL,4387.45,0.003848592234907845,2026-09-18T20:18:42+00:00,4387.45,4387.67,0.22000000000025466,-0.3500000000003638,-0.4000000000005457,-0.4650000000001455,0.0,-0.05893093742784626,-0.1546937107482639,3.0,4.5,4388.015,4387.5599999999995,4388.0599999999995,0.5,-0.14732734356995061,2026-09-18T20:18:47+00:00,4387.67,4387.85,0.18000000000029104,CONFIRMED_REVERSAL,5.0
SELL,4384.19,0.003816340603771714,2026-09-18T20:20:47+00:00,4384.19,4384.46,0.27000000000043656,-0.17000000000007276,-0.21000000000003638,-0.8100000000004002,0.0,-0.09496027062509718,-0.25931458516833017,3.0,8.5,4384.825,4384.1,4384.549999999999,0.2249999999994543,-0.25931458516833017,2026-09-18T20:20:56+00:00,4384.62,4384.9,0.27999999999974534,CONFIRMED_REVERSAL,9.0
BUY,4384.53,0.0037542455243280565,2026-09-18T20:24:34+00:00,4384.27,4384.53,0.2599999999993088,0.21500000000014552,0.4149999999999636,1.0450000000000728,0.0,-0.061079160700971476,-0.2766526690570531,13.0,22.5,4384.285,4384.4,4383.885,0.5149999999994179,-0.2694668854453471,2026-09-18T20:24:57+00:00,4383.78,4384.03,0.25,CONFIRMED_REVERSAL,23.0
BUY,4387.1,0.0036878652673651116,2026-09-18T20:27:01.500000+00:00,4386.84,4387.1,0.2600000000002183,0.32999999999992724,0.33000000000083674,1.035000000000764,0.05646983209657306,0.05646983209657306,-0.317642805543705,1.5,4.0,4386.245,4386.97,4386.344999999999,0.6250000000009095,-0.317642805543705,2026-09-18T20:27:05.500000+00:00,4386.2,4386.5,0.3000000000001819,CONFIRMED_REVERSAL,4.0
BUY,4386.24,0.0036129180893873626,2026-09-18T20:29:01.500000+00:00,4385.99,4386.24,0.25,0.6449999999995271,0.569999999999709,0.5349999999998545,0.0,-0.08644096207058959,-0.11410206993315308,0.0,1.0,4386.475,4386.475,4385.96,0.15499999999974534,-0.11410206993315308,2026-09-18T20:29:02.500000+00:00,4385.91,4386.13,0.22000000000025466,CONFIRMED_REVERSAL,1.0
SELL,4385.88,0.0035860305214562797,2026-09-18T20:30:49+00:00,4385.88,4386.08,0.1999999999998181,-0.15999999999985448,-0.18500000000040018,-0.32999999999992724,0.0,-0.027455252125371914,-0.2882801473167172,2.5,6.0,4385.6900000000005,4385.46,4386.18,0.2000000000007276,-0.2882801473167172,2026-09-18T20:30:55+00:00,4386.52,4386.72,0.1999999999998181,CONFIRMED_REVERSAL,6.0
BUY,4391.95,0.0035124882978272314,2026-09-18T20:34:21+00:00,4391.71,4391.95,0.23999999999978172,0.30500000000029104,1.3950000000004366,2.8649999999997817,0.01680762531643572,0.01680762531643572,-0.1344610025308743,5.0,3.0,4390.4349999999995,4391.965,4391.425,0.40499999999974534,-0.07395355139213373,2026-09-18T20:34:28+00:00,4391.73,4391.92,0.19000000000050932,CONFIRMED_REVERSAL,7.0
BUY,4395.73,0.0034918883182292826,2026-09-18T20:36:35+00:00,4395.45,4395.73,0.27999999999974534,0.16499999999996362,1.0349999999998545,2.2399999999997817,0.11362155530685224,0.11362155530685224,-0.09357069260551787,5.0,0.0,4394.469999999999,4395.594999999999,4395.32,0.27000000000043656,-0.08688707170497177,2026-09-18T20:36:42+00:00,4395.47,4395.68,0.21000000000003638,CONFIRMED_REVERSAL,7.0
SELL,4392.98,0.0034734073774103924,2026-09-18T20:39:27.500000+00:00,4392.98,4393.24,0.2600000000002183,-0.20499999999992724,-0.4650000000001455,-0.29500000000007276,0.0,-0.01329649520723692,-0.3955707324068332,13.0,29.5,4393.405,4393.094999999999,4393.575,0.4650000000001455,-0.3955707324068332,2026-09-18T20:39:57+00:00,4393.81,4394.17,0.3599999999996726,CONFIRMED_REVERSAL,29.5
SELL,4393.35,0.0033790327797476377,2026-09-18T20:41:16.500000+00:00,4393.35,4393.6,0.25,-0.6399999999994179,-0.4349999999994907,-1.4549999999999272,0.0,-0.006467610659660789,-0.25223681573265305,5.5,11.5,4393.985,4393.445,4394.12,0.6449999999995271,-0.2231325677634442,2026-09-18T20:41:28.500000+00:00,4393.76,4394.04,0.27999999999974534,CONFIRMED_REVERSAL,12.0
SELL,4394.2,0.0033253198309366482,2026-09-18T20:43:17.500000+00:00,4394.2,4394.47,0.27000000000043656,-0.4000000000005457,-0.23999999999978172,-1.5349999999998545,0.03818881091903913,0.03818881091903913,-0.09228962638775026,1.0,2.5,4394.84,4394.335,4394.764999999999,0.42999999999938154,-0.07637762183807827,2026-09-18T20:43:20.500000+00:00,4394.16,4394.44,0.27999999999974534,CONFIRMED_REVERSAL,3.0
BUY,4393.97,0.003307330893283155,2026-09-18T20:45:30+00:00,4393.75,4393.97,0.22000000000025466,0.4400000000005093,0.3650000000006912,1.4500000000007276,0.0,-0.06963407261413686,-0.3133533267634719,0.0,9.5,4393.485000000001,4393.860000000001,4393.360000000001,0.5,-0.3133533267634719,2026-09-18T20:45:40+00:00,4392.98,4393.1,0.12000000000080036,CONFIRMED_REVERSAL,10.0
BUY,4395.96,0.003231350368684907,2026-09-18T20:47:36+00:00,4395.7,4395.96,0.2600000000002183,0.23999999999978172,0.22999999999956344,0.9349999999994907,0.0,-0.07112681370749782,-0.18245573951020772,3.0,22.0,4395.36,4395.844999999999,4395.42,0.4099999999998545,-0.18245573951020772,2026-09-18T20:47:58+00:00,4395.37,4395.67,0.3000000000001819,CONFIRMED_REVERSAL,22.0
BUY,4395.67,0.003188191400849393,2026-09-18T20:49:44+00:00,4395.48,4395.67,0.19000000000050932,0.21000000000003638,0.2600000000002183,0.7100000000000364,0.0,-0.03661399347155415,-0.13425130939597604,3.0,5.5,4395.53,4395.575,4395.264999999999,0.3100000000004002,-0.13425130939597604,2026-09-18T20:49:49.500000+00:00,4395.23,4395.52,0.2900000000008731,CONFIRMED_REVERSAL,5.5
SELL,4392.36,0.0031586565931148963,2026-09-18T21:00:19.500000+00:00,4392.36,4392.61,0.25,-0.16000000000076398,-0.22000000000025466,-1.199999999999818,0.07859541797617575,0.07859541797617575,-0.09975572281615858,5.5,7.0,4392.655000000001,4392.485,4392.805,0.32000000000061846,-0.09975572281615858,2026-09-18T21:00:26.500000+00:00,4392.48,4392.69,0.21000000000003638,CONFIRMED_REVERSAL,7.0
BUY,4394.06,0.003133712604234211,2026-09-18T21:01:41.500000+00:00,4393.83,4394.06,0.23000000000047294,0.7749999999996362,0.875,1.3699999999998909,0.0,-0.050983489093707916,-0.17094463990254474,0.5,2.5,4393.235000000001,4393.945,4393.02,0.9249999999992724,-0.17094463990254474,2026-09-18T21:01:44+00:00,4393.49,4393.76,0.27000000000043656,CONFIRMED_REVERSAL,2.5
BUY,4394.4,0.0030928225895047907,2026-09-18T21:08:15+00:00,4394.12,4394.4,0.27999999999974534,0.47999999999956344,0.5050000000001091,1.180000000000291,0.0,-0.044398442511349286,-0.20719273172007865,1.5,5.5,4392.700000000001,4394.26,4393.535,0.7250000000003638,-0.20719273172007865,2026-09-18T21:08:20.500000+00:00,4393.7,4394.06,0.3600000000005821,CONFIRMED_REVERSAL,5.5
BUY,4391.56,0.0030455241431415246,2026-09-18T21:10:12+00:00,4391.29,4391.56,0.27000000000043656,0.48000000000047294,0.7049999999999272,1.175000000000182,0.03789019729268151,0.03789019729268151,-0.09909743907381956,14.5,15.5,4391.0,4391.425,4390.700000000001,0.7249999999994543,-0.09909743907381956,2026-09-18T21:10:28+00:00,4391.22,4391.44,0.21999999999934516,CONFIRMED_REVERSAL,16.0
BUY,4392.31,0.003021429312864467,2026-09-18T21:13:44+00:00,4392.04,4392.31,0.27000000000043656,0.30500000000029104,0.38000000000010914,1.555000000000291,0.03759042693131782,0.03759042693131782,-0.07807242516565159,2.0,0.0,4391.88,4392.175,4391.639999999999,0.535000000000764,-0.07228928256067163,2026-09-18T21:13:48.500000+00:00,4392.06,4392.4,0.339999999999236,CONFIRMED_REVERSAL,4.5
BUY,4381.68,0.003011520342052842,2026-09-18T21:46:34+00:00,4381.41,4381.68,0.27000000000043656,0.24500000000080036,0.23500000000058208,0.34500000000025466,0.3343222322754814,0.3343222322754814,-0.16427902792866816,53.5,3.5,4381.52,4381.5599999999995,4381.17,0.375,0.3227938794384049,2026-09-18T21:47:34+00:00,4382.8,4383.01,0.21000000000003638,MAX_HOLD,60.0
SELL,4382.2,0.0030881312424526426,2026-09-18T21:51:36+00:00,4382.2,4382.46,0.2600000000002183,-0.21500000000014552,-0.2749999999996362,-1.1300000000001091,0.056152722545763874,0.056152722545763874,-0.1182162579914921,6.0,12.0,4382.475,4382.33,4382.5650000000005,0.23500000000058208,-0.1182162579914921,2026-09-18T21:51:48+00:00,4382.27,4382.6,0.32999999999992724,CONFIRMED_REVERSAL,12.0
BUY,4382.83,0.003059503444344795,2026-09-18T22:04:27+00:00,4382.56,4382.83,0.26999999999952706,0.1749999999992724,0.23499999999967258,1.3549999999995634,0.07905624423700593,0.07905624423700593,-0.12883239801553603,14.0,18.5,4382.34,4382.695,4382.295,0.3999999999996362,-0.12883239801553603,2026-09-18T22:04:46+00:00,4382.39,4382.66,0.26999999999952706,CONFIRMED_REVERSAL,19.0
SELL,4377.33,0.0030325941451584924,2026-09-18T22:55:32+00:00,4377.33,4377.58,0.25,-0.36999999999989086,-0.4250000000001819,-1.0399999999999636,0.5340151557764877,0.5340151557764877,-0.136406045225579,55.0,1.5,4377.87,4377.455,4377.9349999999995,0.47999999999956344,0.39760911055090875,2026-09-18T22:56:29+00:00,4375.75,4375.96,0.21000000000003638,CONFIRMED_REVERSAL,57.0
SELL,4376.22,0.0031283003887631975,2026-09-18T22:59:04.500000+00:00,4376.22,4376.42,0.1999999999998181,-0.35500000000047294,-0.7950000000000728,-2.0950000000002547,0.0,-0.05987698332703643,-0.23651408414199812,0.0,3.0,4376.71,4376.175,4376.675,0.35500000000047294,-0.23651408414199812,2026-09-18T22:59:07.500000+00:00,4376.82,4377.01,0.19000000000050932,CONFIRMED_REVERSAL,3.0
BUY,4378.63,0.003070137233929558,2026-09-21T04:07:33.500000+00:00,4378.37,4378.63,0.2600000000002183,0.3599999999996726,0.6149999999997817,2.125,0.0,-0.07639283094962913,-0.2438694218774361,0.0,1.5,4377.305,4378.5,4377.665,0.8350000000000364,-0.1704147767336236,2026-09-21T04:07:36.500000+00:00,4378.05,4378.43,0.38000000000010914,CONFIRMED_REVERSAL,3.0
BUY,4368.59,0.003036432129596291,2026-09-21T05:28:52.500000+00:00,4368.36,4368.59,0.23000000000047294,0.21500000000014552,0.47000000000025466,0.6850000000004002,0.22085062779553974,0.22085062779553974,-0.13076681908937388,31.0,3.5,4368.65,4368.65,4367.95,0.5250000000005457,0.12204903115015278,2026-09-21T05:29:25.500000+00:00,4369.01,4369.28,0.26999999999952706,CONFIRMED_REVERSAL,33.0
SELL,4367.43,0.003066438886593744,2026-09-21T05:31:36.500000+00:00,4367.43,4367.62,0.18999999999959982,-0.2849999999998545,-0.875,-1.7950000000000728,0.07630080665192168,0.07630080665192168,-0.0704315138324199,3.5,4.5,4368.63,4367.525,4368.01,0.4850000000005821,-0.04108504973544482,2026-09-21T05:31:41.500000+00:00,4367.25,4367.57,0.31999999999970896,CONFIRMED_REVERSAL,5.0
SELL,4367.16,0.003056798249220084,2026-09-21T05:35:09+00:00,4367.16,4367.43,0.27000000000043656,-0.1999999999998181,-0.18000000000029104,-1.2299999999995634,0.0,-0.017552520703718193,-0.19015230762250518,0.5,1.0,4367.700000000001,4366.995,4367.790000000001,0.49500000000080036,-0.12579306504255985,2026-09-21T05:35:11.500000+00:00,4367.25,4367.59,0.3400000000001455,CONFIRMED_REVERSAL,2.5
BUY,4370.65,0.003024283508710932,2026-09-21T05:37:36.500000+00:00,4370.39,4370.65,0.2599999999993088,0.4000000000005457,0.4899999999997817,1.1900000000005093,0.0,-0.057886056555748244,-0.141820838561649,2.5,4.0,4370.3099999999995,4370.525,4369.93,0.5900000000001455,-0.141820838561649,2026-09-21T05:37:41+00:00,4370.16,4370.61,0.4499999999998181,CONFIRMED_REVERSAL,4.5
SELL,4355.86,0.0030005314278743218,2026-09-21T08:41:16+00:00,4355.86,4356.09,0.23000000000047294,-0.25,-0.6299999999991996,-1.6849999999994907,0.30725815987693755,0.30725815987693755,-0.21536786907267835,45.0,11.5,4356.47,4355.8150000000005,4356.225,0.25,0.1751658668456844,2026-09-21T08:42:04+00:00,4354.83,4355.25,0.42000000000007276,CONFIRMED_REVERSAL,48.0
BUY,4356.13,0.003042362657340551,2026-09-21T08:53:30+00:00,4355.88,4356.13,0.25,0.2249999999994543,0.2600000000002183,1.0999999999994543,0.0,-0.06405530895926981,-0.22710518630980137,0.5,12.5,4354.594999999999,4356.01,4355.74,0.2650000000003274,-0.2096355565938054,2026-09-21T08:53:43+00:00,4355.41,4355.79,0.38000000000010914,CONFIRMED_REVERSAL,13.0
SELL,4352.97,0.0029942492438937767,2026-09-21T08:56:36+00:00,4352.97,4353.22,0.25,-0.3149999999995998,-0.18499999999949068,-1.1400000000003274,0.0,-0.04011783167879973,-0.1690680049328292,2.0,3.5,4353.514999999999,4353.095,4353.424999999999,0.32999999999901775,-0.13181573265947186,2026-09-21T08:56:40+00:00,4353.11,4353.43,0.32000000000061846,CONFIRMED_REVERSAL,4.0
SELL,4350.73,0.002964132838850767,2026-09-21T09:04:08+00:00,4350.73,4351.0,0.27000000000043656,-0.47000000000025466,-0.7100000000000364,-1.430000000000291,0.3177145858397866,0.3177145858397866,-0.07659190908650844,7.0,0.0,4350.96,4350.844999999999,4351.335,0.47000000000025466,0.07942864645988217,2026-09-21T09:04:18+00:00,4350.18,4350.45,0.26999999999952706,CONFIRMED_REVERSAL,10.0
BUY,4354.01,0.002980961776720981,2026-09-21T09:05:50+00:00,4353.83,4354.01,0.18000000000029104,0.9750000000003638,0.8350000000000364,1.6200000000008004,0.0,-0.028528430205296686,-0.15405352310803128,1.0,3.0,4353.030000000001,4353.92,4352.91,1.0100000000002183,-0.11126087780034571,2026-09-21T09:05:53.500000+00:00,4353.62,4353.85,0.23000000000047294,CONFIRMED_REVERSAL,3.5
BUY,4350.77,0.0029564605520789843,2026-09-21T09:21:52+00:00,4350.51,4350.77,0.2600000000002183,0.36999999999989086,0.20499999999992724,1.4149999999999636,0.0,-0.06790547601646393,-0.2631337195631222,1.0,4.0,4350.005,4350.64,4350.27,0.36999999999989086,-0.24049856089105334,2026-09-21T09:21:56.500000+00:00,4349.92,4350.21,0.2899999999999636,CONFIRMED_REVERSAL,4.5
SELL,4347.84,0.002900654285631911,2026-09-21T09:24:35.500000+00:00,4347.84,4348.1,0.2600000000002183,-0.3599999999996726,-0.3350000000000364,-0.589999999999236,0.0,-0.07217566369239375,-0.2193029781420791,0.0,1.5,4348.16,4347.97,4348.4,0.42999999999938154,-0.19987106868653176,2026-09-21T09:24:37.500000+00:00,4348.37,4348.56,0.19000000000050932,CONFIRMED_REVERSAL,2.0
BUY,4348.98,0.0028518718459676204,2026-09-21T09:27:43.500000+00:00,4348.81,4348.98,0.16999999999916326,0.2000000000007276,0.18500000000040018,0.9400000000005093,0.013646506229548537,0.013646506229548537,-0.16921667724575645,9.5,11.0,4348.735000000001,4348.93,4348.615,0.28000000000065484,-0.1664873759997971,2026-09-21T09:27:55+00:00,4348.37,4348.64,0.27000000000043656,CONFIRMED_REVERSAL,11.5
SELL,4351.19,0.0028104425313701157,2026-09-21T09:44:12+00:00,4351.19,4351.45,0.2600000000002183,-0.32000000000061846,-0.17000000000007276,-0.47999999999956344,0.0,-0.002689652521873069,-0.16675845635270556,9.0,29.0,4351.025,4351.025,4351.64,0.32000000000061846,-0.1613791513089594,2026-09-21T09:44:41.500000+00:00,4351.49,4351.79,0.3000000000001819,CONFIRMED_REVERSAL,29.5
SELL,4347.92,0.0027737729503279802,2026-09-21T10:00:47+00:00,4347.92,4348.19,0.26999999999952706,-0.6149999999997817,-0.35499999999956344,-0.9099999999998545,0.2707650141950909,0.2707650141950909,-0.09290956369445076,10.5,2.0,4349.83,4347.93,4348.73,0.6749999999992724,0.090255004731697,2026-09-21T10:00:59.500000+00:00,4347.18,4347.58,0.3999999999996362,CONFIRMED_REVERSAL,12.5
SELL,4352.69,0.0027923999105153928,2026-09-21T10:08:49+00:00,4352.69,4352.92,0.23000000000047294,-0.3599999999996726,-0.3899999999994179,-1.9099999999998545,0.2565489940570995,0.2565489940570995,-0.06146486315963748,11.5,0.0,4352.975,4352.805,4353.54,0.7349999999996726,0.1336192677380676,2026-09-21T10:09:04.500000+00:00,4351.89,4352.19,0.2999999999992724,CONFIRMED_REVERSAL,15.5
BUY,4351.37,0.002825333437980919,2026-09-21T10:31:35.500000+00:00,4351.1,4351.37,0.26999999999952706,0.35500000000047294,0.3100000000013097,1.3000000000010914,0.0,-0.0027039034322089575,-0.1676420127932666,2.5,5.5,4350.275,4351.235000000001,4350.84,0.39500000000043656,-0.1676420127932666,2026-09-21T10:31:41+00:00,4350.75,4351.08,0.32999999999992724,CONFIRMED_REVERSAL,5.5
SELL,4349.57,0.002786229555765792,2026-09-21T10:32:33+00:00,4349.57,4349.8,0.23000000000047294,-0.18000000000029104,-0.18500000000130967,-1.3400000000001455,0.0,-0.015998881174237912,-0.14132345037166694,15.0,16.0,4349.77,4349.6849999999995,4350.005,0.32000000000061846,-0.13865697017592019,2026-09-21T10:32:49.500000+00:00,4349.83,4350.09,0.2600000000002183,CONFIRMED_REVERSAL,16.5
SELL,4345.09,0.0027557580054664607,2026-09-21T10:43:30+00:00,4345.09,4345.36,0.26999999999952706,-0.30500000000029104,-0.2749999999996362,-1.4750000000003638,0.7542730286949155,0.7542730286949155,-0.07120759361791225,12.0,0.0,4345.405000000001,4345.165,4345.610000000001,0.3850000000002183,0.4087843337332232,2026-09-21T10:43:44+00:00,4343.2,4343.54,0.3400000000001455,CONFIRMED_REVERSAL,14.0
SELL,4345.67,0.0028536817206137708,2026-09-21T11:03:00.500000+00:00,4345.67,4345.93,0.2600000000002183,-0.18500000000040018,-0.19499999999970896,-1.074999999999818,0.0,-0.060082733346826796,-0.2676412667263449,0.5,1.5,4346.15,4345.8,4346.09,0.2899999999999636,-0.25944816672458393,2026-09-21T11:03:02.500000+00:00,4346.36,4346.62,0.2600000000002183,CONFIRMED_REVERSAL,2.0
BUY,4348.43,0.002789526169068229,2026-09-21T11:04:35.500000+00:00,4348.16,4348.43,0.27000000000043656,0.4850000000005821,0.4400000000005093,1.9200000000000728,0.0614016078483839,0.0614016078483839,-0.12280321569701061,11.5,5.5,4347.285,4348.295,4347.635,0.6599999999998545,-0.08809795908695948,2026-09-21T11:04:50.500000+00:00,4348.1,4348.35,0.25,CONFIRMED_REVERSAL,15.0
BUY,4351.23,0.0027665751789223134,2026-09-21T11:06:13+00:00,4350.98,4351.23,0.25,0.44499999999970896,0.4599999999991269,2.589999999999236,0.02912437598753564,0.02912437598753564,-0.156212562113935,41.5,9.5,4349.29,4351.105,4350.585,0.5199999999995271,-0.07148710469617489,2026-09-21T11:06:57.500000+00:00,4350.96,4351.19,0.22999999999956344,CONFIRMED_REVERSAL,44.5
BUY,4347.81,0.002751570879581065,2026-09-21T11:10:03+00:00,4347.56,4347.81,0.25,0.32000000000061846,0.27000000000043656,0.5399999999999636,0.0,-0.023699800032766272,-0.30809740042548256,2.0,3.5,4347.45,4347.84,4346.675,1.0100000000002183,-0.30809740042548256,2026-09-21T11:10:06.500000+00:00,4346.64,4347.06,0.42000000000007276,CONFIRMED_REVERSAL,3.5
BUY,4351.09,0.002675507422976851,2026-09-21T11:11:47.500000+00:00,4350.83,4351.09,0.2600000000002183,0.44499999999970896,0.3850000000002183,0.8049999999993815,0.04864981899934738,0.04864981899934738,-0.15107049057727628,10.5,5.5,4350.795,4350.995000000001,4350.4349999999995,0.5250000000005457,-0.06401291973611822,2026-09-21T11:12:03.500000+00:00,4350.84,4351.17,0.32999999999992724,CONFIRMED_REVERSAL,16.0
SELL,4351.47,0.0026599024944365763,2026-09-21T11:13:10.500000+00:00,4351.47,4351.74,0.26999999999952706,-0.15999999999985448,-0.3400000000001455,-0.9549999999999272,0.30801548796051986,0.30801548796051986,-0.0865498065343954,24.0,3.5,4351.9400000000005,4351.425,4351.764999999999,0.15999999999985448,0.10436888435021863,2026-09-21T11:14:01+00:00,4350.76,4351.06,0.3000000000001819,CONFIRMED_REVERSAL,50.5
BUY,4352.45,0.0026843598225683883,2026-09-21T11:16:34+00:00,4352.19,4352.45,0.2600000000002183,0.5850000000000364,0.22999999999956344,1.9200000000000728,0.36736538721092843,0.36736538721092843,-0.06936269548724248,16.0,2.5,4352.0,4352.32,4351.514999999999,0.805000000000291,0.17982921052274878,2026-09-21T11:16:55+00:00,4353.15,4353.48,0.32999999999992724,CONFIRMED_REVERSAL,21.0
SELL,4350.91,0.0027284975090998294,2026-09-21T11:30:28+00:00,4350.91,4351.18,0.27000000000043656,-0.27999999999974534,-0.19499999999970896,-1.2449999999998909,0.0,-0.07050319419583215,-0.148840076635329,0.0,6.0,4351.25,4351.014999999999,4351.49,0.44499999999970896,-0.148840076635329,2026-09-21T11:30:34.500000+00:00,4351.18,4351.48,0.2999999999992724,CONFIRMED_REVERSAL,6.5
BUY,4356.09,0.002689550201969867,2026-09-21T11:39:15+00:00,4355.95,4356.09,0.14000000000032742,0.23500000000058208,0.24000000000069122,0.8150000000005093,0.1673071415494676,0.1673071415494676,-0.05662703252453244,6.5,1.0,4355.795,4356.174999999999,4355.755,0.2650000000003274,0.06949681264354218,2026-09-21T11:39:33+00:00,4356.36,4356.53,0.17000000000007276,CONFIRMED_REVERSAL,18.0
BUY,4354.57,0.002707165252769383,2026-09-21T11:41:01.500000+00:00,4354.31,4354.57,0.2599999999993088,0.20499999999992724,0.1500000000005457,0.9800000000004729,0.5077995434846485,0.5077995434846485,-0.06736116393145672,17.0,0.0,4354.305,4354.465,4354.1900000000005,0.25,0.37566802961892665,2026-09-21T11:41:20.500000+00:00,4356.02,4356.28,0.2599999999993088,CONFIRMED_REVERSAL,19.0
BUY,4356.78,0.0027958904411982495,2026-09-21T11:44:14.500000+00:00,4356.55,4356.78,0.22999999999956344,0.2749999999996362,0.2749999999996362,1.0399999999999636,0.20603089167641803,0.20603089167641803,-0.1257591156983463,38.5,2.5,4356.495,4356.665,4356.26,0.40499999999974534,0.11238048636891104,2026-09-21T11:45:00.500000+00:00,4357.2,4357.39,0.19000000000050932,CONFIRMED_REVERSAL,46.0
BUY,4355.01,0.002823990520098476,2026-09-21T11:51:27+00:00,4354.76,4355.01,0.25,0.19499999999970896,0.28000000000065484,0.5850000000009459,0.0,-0.005405236463188312,-0.17296756681833897,3.5,9.5,4354.855,4354.885,4354.605,0.28000000000065484,-0.14323876627154067,2026-09-21T11:51:37.500000+00:00,4354.48,4354.75,0.27000000000043656,CONFIRMED_REVERSAL,10.5
SELL,4350.05,0.002792803636134903,2026-09-21T11:55:28+00:00,4350.05,4350.31,0.2600000000002183,-0.2649999999994179,-0.2649999999994179,-0.5149999999994179,0.0,0.0,-0.2111489665639297,2.5,8.0,4350.1900000000005,4350.110000000001,4350.46,0.27999999999974534,-0.2111489665639297,2026-09-21T11:55:36+00:00,4350.6,4350.84,0.23999999999978172,CONFIRMED_REVERSAL,8.0
BUY,4354.03,0.002739577809549769,2026-09-21T12:00:09.500000+00:00,4353.8,4354.03,0.22999999999956344,0.3249999999998181,0.15999999999985448,0.7899999999999636,0.0,-0.0367056689280712,-0.14944450920769206,2.0,6.5,4353.93,4353.93,4353.5650000000005,0.3499999999994543,-0.13633534173327874,2026-09-21T12:00:16.500000+00:00,4353.51,4353.72,0.21000000000003638,CONFIRMED_REVERSAL,7.0
SELL,4349.94,0.0027094042501775916,2026-09-21T12:04:26.500000+00:00,4349.94,4350.17,0.23000000000047294,-1.7999999999992724,-2.1149999999997817,-2.139999999999418,0.012964783824357383,0.012964783824357383,-0.12186896795079886,4.5,5.5,4352.02,4350.055,4352.235000000001,2.180000000000291,-0.10890418412620564,2026-09-21T12:04:32.500000+00:00,4349.93,4350.36,0.42999999999938154,CONFIRMED_REVERSAL,6.0
BUY,4354.6,0.002680372696805678,2026-09-21T12:16:02.500000+00:00,4354.34,4354.6,0.2600000000002183,0.38000000000010914,0.21500000000014552,0.7400000000006912,0.0564338050905647,0.0564338050905647,-0.143649685685604,15.5,17.5,4354.38,4354.47,4354.09,0.38000000000010914,-0.12825864793348335,2026-09-21T12:16:20.500000+00:00,4354.1,4354.35,0.25,CONFIRMED_REVERSAL,18.0
SELL,4352.5,0.002650874741107347,2026-09-21T12:23:37+00:00,4352.5,4352.78,0.27999999999974534,-0.29500000000098225,-0.23500000000058208,-1.1850000000004002,0.3399503346116824,0.3399503346116824,-0.13699491096289265,50.0,6.0,4352.84,4352.61,4352.98,0.3400000000001455,0.24862039396960012,2026-09-21T12:24:38+00:00,4351.25,4351.52,0.27000000000043656,MAX_HOLD,61.0
BUY,4345.63,0.0027148464170438165,2026-09-21T12:41:11.500000+00:00,4345.37,4345.63,0.2600000000002183,0.2250000000003638,0.22000000000025466,1.055000000000291,0.0,-0.015588990197418115,-0.16888072713771166,19.5,22.5,4345.18,4345.51,4345.165,0.3350000000000364,-0.14549724184170265,2026-09-21T12:41:34.500000+00:00,4345.07,4345.35,0.28000000000065484,CONFIRMED_REVERSAL,23.0
SELL,4347.06,0.002678979962536412,2026-09-21T12:46:43.500000+00:00,4347.06,4347.31,0.25,-0.16499999999996362,-0.5199999999995271,-0.659999999998945,0.0,-0.02051072066179382,-0.1384473644672249,2.0,6.5,4347.105,4347.105,4347.35,0.16499999999996362,-0.12562816405354543,2026-09-21T12:46:50.500000+00:00,4347.32,4347.55,0.23000000000047294,CONFIRMED_REVERSAL,7.0
BUY,4345.57,0.0026496907466176662,2026-09-21T12:50:26+00:00,4345.33,4345.57,0.23999999999978172,0.15499999999974534,0.2599999999993088,0.5150000000003274,0.027893906568354245,0.027893906568354245,-0.23329449129774674,18.0,35.0,4345.66,4345.6849999999995,4344.915,0.5349999999998545,-0.23329449129774674,2026-09-21T12:51:01+00:00,4344.65,4345.0,0.3500000000003638,CONFIRMED_REVERSAL,35.0
BUY,4346.64,0.0025929557242123816,2026-09-21T12:55:51+00:00,4346.39,4346.64,0.25,0.15499999999974534,0.2899999999999636,0.6000000000003638,0.067000853163702,0.067000853163702,-0.2233361772128666,39.5,56.0,4346.76,4346.76,4346.195,0.32000000000061846,-0.2233361772128666,2026-09-21T12:56:47+00:00,4345.74,4346.02,0.28000000000065484,CONFIRMED_REVERSAL,56.0
BUY,4345.69,0.002539821996946694,2026-09-21T12:58:44.500000+00:00,4345.42,4345.69,0.26999999999952706,0.15500000000065484,0.2600000000002183,0.6500000000005457,0.07291988962024187,0.07291988962024187,-0.1385477902783048,24.0,7.0,4345.65,4345.65,4345.27,0.2849999999998545,-0.03402928182261743,2026-09-21T12:59:22+00:00,4345.55,4345.77,0.22000000000025466,CONFIRMED_REVERSAL,37.5
BUY,4348.1,0.002530236550666772,2026-09-21T13:02:26+00:00,4347.85,4348.1,0.25,0.35500000000047294,0.3900000000003274,1.0150000000003274,0.17434724500464932,0.17434724500464932,-0.060537237848891624,52.0,0.0,4348.1849999999995,4348.1849999999995,4347.525,0.4500000000007276,0.10412404909994384,2026-09-21T13:03:26+00:00,4348.53,4348.75,0.22000000000025466,MAX_HOLD,60.0
BUY,4351.03,0.0025535382926876395,2026-09-21T13:06:32.500000+00:00,4350.8,4351.03,0.22999999999956344,0.25500000000010914,0.31999999999970896,1.375,0.24437897704062175,0.24437897704062175,-0.06109474426015544,48.0,1.5,4350.875,4350.9400000000005,4350.595,0.31999999999970896,0.1612901248467748,2026-09-21T13:07:25.500000+00:00,4351.69,4351.93,0.24000000000069122,CONFIRMED_REVERSAL,53.0
BUY,4352.31,0.002591510081990959,2026-09-21T13:11:55+00:00,4352.07,4352.31,0.24000000000069122,0.16500000000087311,0.25,0.9350000000004002,0.0,-0.0024801295702312058,-0.21577127260560358,6.0,33.5,4352.135,4352.1900000000005,4351.875,0.3150000000005093,-0.21577127260560358,2026-09-21T13:12:28.500000+00:00,4351.44,4351.75,0.3100000000004002,CONFIRMED_REVERSAL,33.5
BUY,4352.91,0.002539357319084627,2026-09-21T13:13:41+00:00,4352.64,4352.91,0.26999999999952706,0.5749999999998181,0.3850000000002183,1.5249999999996362,0.0,-0.04617414733638884,-0.2916261937040785,0.5,33.5,4352.405000000001,4352.775,4352.1900000000005,0.5849999999991269,-0.2843355388615373,2026-09-21T13:14:22.500000+00:00,4351.74,4351.98,0.23999999999978172,CONFIRMED_REVERSAL,41.5
SELL,4342.67,0.0024769298752803618,2026-09-21T13:59:57+00:00,4342.67,4342.86,0.18999999999959982,-0.375,-0.3600000000005821,-0.8299999999999272,0.11615322140231192,0.11615322140231192,-0.08296658671606029,20.5,1.0,4343.385,4342.68,4343.139999999999,0.375,-0.0308161607802448,2026-09-21T14:00:23+00:00,4342.61,4342.8,0.19000000000050932,CONFIRMED_REVERSAL,26.0
BUY,4353.09,0.002463603778719273,2026-09-21T14:18:10+00:00,4352.85,4353.09,0.23999999999978172,0.15499999999974534,0.3499999999994543,0.7600000000002183,0.10138198373235761,0.10138198373235761,-0.0707316165574538,6.5,0.5,4352.200000000001,4352.97,4352.254999999999,0.715000000001055,-0.044796690486480335,2026-09-21T14:18:20+00:00,4352.9,4353.22,0.32000000000061846,CONFIRMED_REVERSAL,10.0
BUY,4359.19,0.0024494184702454603,2026-09-21T14:35:41+00:00,4358.98,4359.19,0.21000000000003638,0.23999999999887223,0.3599999999987631,0.5999999999985448,0.17581086853595854,0.17581086853595854,-0.051571188103727676,21.0,1.5,4358.9,4359.084999999999,4358.700000000001,0.3849999999983993,0.08907750672491124,2026-09-21T14:36:04+00:00,4359.57,4359.78,0.21000000000003638,CONFIRMED_REVERSAL,23.0
BUY,4361.14,0.0024696658220508027,2026-09-21T14:41:07.500000+00:00,4360.9,4361.14,0.24000000000069122,0.28000000000065484,0.2650000000012369,0.6550000000006548,0.2930767347808737,0.2930767347808737,-0.07090566164058942,9.5,2.0,4361.094999999999,4361.620000000001,4360.7,0.32000000000061846,0.191445286429355,2026-09-21T14:41:21.500000+00:00,4361.95,4362.17,0.22000000000025466,CONFIRMED_REVERSAL,14.0
SELL,4362.42,0.0025147971389193713,2026-09-21T14:42:29+00:00,4362.42,4362.66,0.23999999999978172,-0.21000000000003638,-0.2849999999998545,-0.5,0.0,-0.02406713672694511,-0.32009291846718796,1.0,3.0,4362.860000000001,4362.530000000001,4362.825,0.2849999999998545,-0.27917878603151264,2026-09-21T14:42:32.500000+00:00,4363.32,4363.58,0.2600000000002183,CONFIRMED_REVERSAL,3.5
BUY,4366.08,0.002445874758742398,2026-09-21T14:44:27.500000+00:00,4365.86,4366.08,0.22000000000025466,0.2999999999992724,0.15999999999985448,1.4299999999993815,0.24577911828611548,0.24577911828611548,-0.051496577164760596,15.0,0.0,4365.83,4365.969999999999,4365.41,0.5599999999994907,0.08192637276210946,2026-09-21T14:44:45+00:00,4366.43,4366.66,0.22999999999956344,CONFIRMED_REVERSAL,17.5
SELL,4366.41,0.002465295399013393,2026-09-21T14:50:26+00:00,4366.41,4366.66,0.25,-0.15999999999985448,-0.18000000000029104,-0.9000000000005457,0.0,-0.0519054682973624,-0.30199545191151705,0.5,5.0,4366.59,4366.535,4366.825,0.2899999999999636,-0.30199545191151705,2026-09-21T14:50:31+00:00,4367.47,4367.69,0.21999999999934516,CONFIRMED_REVERSAL,5.0
BUY,4367.51,0.0023924232965997585,2026-09-21T14:52:05.500000+00:00,4367.31,4367.51,0.1999999999998181,0.4499999999998181,0.4250000000001819,1.2299999999995634,0.05723998339337994,0.05723998339337994,-0.0457919867146623,1.0,0.0,4367.0650000000005,4367.615,4366.844999999999,0.5650000000005093,-0.04121278804330019,2026-09-21T14:52:10+00:00,4367.33,4367.59,0.2600000000002183,CONFIRMED_REVERSAL,4.5
BUY,4370.58,0.002380889733809594,2026-09-21T14:54:23+00:00,4370.35,4370.58,0.22999999999956344,0.15999999999985448,0.2849999999998545,1.4549999999999272,0.0,-0.013671368843525098,-0.18228491791525675,2.5,4.5,4370.415,4370.465,4369.995,0.47000000000025466,-0.18228491791525675,2026-09-21T14:54:27.500000+00:00,4369.78,4370.06,0.28000000000065484,CONFIRMED_REVERSAL,4.5