trade_id,interval,segment_id,engine,side,side_sign,entry_ts,exit_ts,entry_utc,exit_utc,exit_reason,hold_sec,entry_price_usd,entry_oz,pnl_inr,mfe_usd,mae_usd,time_to_mfe_sec,exit_move_usd,peak_favorable_before_exit_usd,entry_m10,entry_m30,entry_m60,entry_m120,entry_qacc,entry_imb10,entry_spread,entry_range60,entry_directional_imb10,entry_spread_range_ratio,exit_m10,exit_m30,exit_m60,exit_m120,exit_qacc,exit_imb10,exit_spread,exit_range60,exit_directional_imb10,exit_spread_range_ratio,post_10s_favorable_usd,post_10s_adverse_usd,post_10s_observed_sec,post_30s_favorable_usd,post_30s_adverse_usd,post_30s_observed_sec,post_60s_favorable_usd,post_60s_adverse_usd,post_60s_observed_sec,continued_hold_benefit_60s
500ms-s0-t0,500ms,0,BURST,BUY,1,1789573152.468,1789573194.263,2026-09-16T15:39:12.468000+00:00,2026-09-16T15:39:54.263000+00:00,momentum_zero_cross,41.795000076293945,4342.91,0.039184093139022026,3.0375000000015002,1.4400000000005093,-0.3000000000001819,25.52900004386902,0.8100000000004002,1.4400000000005093,1.0,3.0799999999999272,2.0650000000005093,2.1900000000005093,1.2616822429906542,0.28888888888888886,0.27999999999974534,4.0349999999998545,0.28888888888888886,0.06939281288717607,-0.2849999999998545,-0.020000000000436557,3.469999999999345,2.9549999999999272,0.8393782383419689,0.018867924528301886,0.26999999999952706,4.110000000000582,0.018867924528301886,0.06569343065680994,0.0,-0.32999999999992724,9.611999988555908,0.0,-0.75,29.64199995994568,0.0,-0.75,59.88700008392334,False
500ms-s0-t1,500ms,0,PRIMARY,BUY,1,1789573826.844,1789573965.96,2026-09-16T15:50:26.844000+00:00,2026-09-16T15:52:45.960000+00:00,emergency_stop,139.1159999370575,4347.75,0.0394221365048417,-15.506130937498808,0.0,-4.109999999999673,0.0,-4.109999999999673,0.0,0.464999999999236,1.3699999999989814,1.6549999999988358,2.8149999999996,0.5769230769230769,0.2571428571428571,0.2899999999999636,2.0499999999992724,0.2571428571428571,0.1414634146341788,-1.180000000000291,-2.244999999999891,-2.5599999999994907,-2.9099999999998545,0.9276315789473685,-0.2608695652173913,0.3999999999996362,2.725000000000364,-0.2608695652173913,0.14678899082553498,0.3099999999994907,-1.1000000000003638,9.954999923706055,1.589999999999236,-1.1000000000003638,29.832000017166138,2.5599999999994907,-1.1000000000003638,59.68400001525879,True
500ms-s0-t2,500ms,0,PRIMARY,BUY,1,1789574424.972,1789574554.4499998,2026-09-16T16:00:24.972000+00:00,2026-09-16T16:02:34.450000+00:00,emergency_stop,129.4779999256134,4349.83,0.03820694914708005,-14.845330187951342,0.17000000000007276,-4.059999999999491,4.503000259399414,-4.059999999999491,0.17000000000007276,3.1149999999997817,0.7749999999996362,4.005000000000109,4.190000000000509,0.9182389937106918,0.04895104895104895,0.25,4.194999999999709,0.04895104895104895,0.059594755661505926,-1.569999999999709,-1.7600000000002183,-1.9899999999997817,-3.359999999998763,0.9530386740331491,-0.13274336283185842,0.339999999999236,2.194999999999709,-0.13274336283185842,0.15489749430491168,0.9899999999997817,-0.020000000000436557,9.819000244140625,1.2899999999999636,-0.14000000000032742,29.802000284194946,2.7299999999995634,-0.14000000000032742,59.23400020599365,True
500ms-s0-t3,500ms,0,PRIMARY,BUY,1,1789575064.3500001,1789575964.473,2026-09-16T16:11:04.350000+00:00,2026-09-16T16:26:04.473000+00:00,max_hold,900.1229999065399,4350.75,0.03704354754555161,10.706338780510134,9.399999999999636,-1.4200000000000728,301.64299988746643,3.0200000000004366,9.399999999999636,0.4600000000009459,2.1500000000005457,1.9450000000006185,0.8550000000004729,0.8252788104089219,0.1232876712328767,0.27999999999974534,2.6850000000004,0.1232876712328767,0.10428305400361401,0.4750000000003638,0.3350000000000364,0.25500000000010914,0.680000000000291,0.8672985781990521,0.11475409836065574,0.32999999999992724,1.3100000000004002,0.11475409836065574,0.2519083969464324,0.11999999999989086,-0.6400000000003274,9.968999862670898,0.6399999999994179,-0.6400000000003274,29.847999811172485,1.0499999999992724,-0.6400000000003274,59.883999824523926,True
500ms-s0-t4,500ms,0,PRIMARY,SELL,-1,1789576948.978,1789577221.412,2026-09-16T16:42:28.978000+00:00,2026-09-16T16:47:01.412000+00:00,momentum_zero_cross,272.4340000152588,4342.92,0.03788258389745847,-8.954843796060935,2.3400000000001455,-2.600000000000364,149.99199986457825,-2.4700000000002547,2.3400000000001455,-0.75,-2.1549999999997453,-2.9700000000002547,-1.7799999999997453,0.9834905660377359,-0.13043478260869565,0.23999999999978172,4.214999999999236,0.13043478260869565,0.05693950177931797,0.32999999999992724,1.1549999999997453,1.4899999999997817,4.430000000000291,1.006269592476489,0.07547169811320754,0.28000000000065484,1.6499999999996362,-0.07547169811320754,0.16969696969740397,0.1500000000005457,-0.17000000000007276,9.563000202178955,1.3699999999998909,-0.17000000000007276,29.990000009536743,1.3699999999998909,-0.6099999999996726,59.424999952316284,True
500ms-s0-t5,500ms,0,PRIMARY,SELL,-1,1789577693.868,1789578593.993,2026-09-16T16:54:53.868000+00:00,2026-09-16T17:09:53.993000+00:00,max_hold,900.125,4338.17,0.03718080903075799,31.490791309892458,13.800000000000182,-1.2200000000002547,696.1310000419617,8.850000000000364,13.800000000000182,0.29500000000007276,-0.06499999999959982,-0.625,-0.23999999999978172,0.946236559139785,-0.011494252873563218,0.17000000000007276,1.1349999999993088,0.011494252873563218,0.1497797356829747,-0.9549999999999272,-0.32000000000061846,0.1749999999992724,3.244999999999891,1.0,-0.07692307692307693,0.26999999999952706,1.7750000000005457,0.07692307692307693,0.15211267605602483,-0.0,-2.2899999999999636,9.967999935150146,-0.0,-3.7000000000007276,29.94099998474121,-0.0,-5.850000000000364,59.98300004005432,False
500ms-s0-t6,500ms,0,MICRO,BUY,1,1789578618.875,1789578804.99,2026-09-16T17:10:18.875000+00:00,2026-09-16T17:13:24.990000+00:00,trail,186.11500000953674,4332.29,0.03964868523017465,19.97784474010791,6.520000000000437,-0.11999999999989086,179.10199999809265,4.380000000000109,6.520000000000437,1.0300000000006548,2.4549999999999272,2.4949999999989814,6.024999999999636,1.0214477211796247,0.03937007874015748,0.2600000000002183,3.0499999999992724,0.03937007874015748,0.08524590163943617,-1.980000000000473,-0.40499999999974534,-0.17000000000007276,1.800000000000182,0.9943342776203966,-0.1504424778761062,0.3099999999994907,2.269999999999527,-0.1504424778761062,0.13656387665178646,0.8500000000003638,-0.06000000000040018,9.95799994468689,1.8999999999996362,-0.06000000000040018,29.677000045776367,1.8999999999996362,-0.06000000000040018,59.36199998855591,True
500ms-s0-t7,500ms,0,PRIMARY,SELL,-1,1789579129.2659998,1789579778.929,2026-09-16T17:18:49.266000+00:00,2026-09-16T17:29:38.929000+00:00,emergency_stop,649.6630001068115,4334.22,0.04121431268820127,-15.934956948242585,3.130000000000109,-4.039999999999964,81.21900010108948,-4.039999999999964,3.130000000000109,-1.485000000000582,-1.180000000000291,-1.485000000000582,-4.025000000000546,1.0326086956521738,-0.06382978723404255,0.2899999999999636,2.225000000000364,0.06382978723404255,0.13033707865164773,0.9050000000006548,1.4200000000000728,1.444999999999709,4.010000000000218,0.9044117647058824,0.17073170731707318,0.3400000000001455,2.175000000000182,-0.17073170731707318,0.1563218390805136,0.18000000000029104,-0.07999999999992724,9.462000131607056,0.5600000000004002,-0.4899999999997817,29.53000020980835,1.0600000000004002,-0.4899999999997817,59.813000202178955,True
500ms-s0-t8,500ms,0,PRIMARY,BUY,1,1789580254.921,1789581155.4060001,2026-09-16T17:37:34.921000+00:00,2026-09-16T17:52:35.406000+00:00,max_hold,900.4850001335144,4339.97,0.039965519013748785,46.39463109910541,14.489999999999782,-0.6000000000003638,785.9849998950958,12.13000000000011,14.489999999999782,1.5900000000001455,2.2950000000000728,1.480000000000473,0.8200000000006185,0.9467680608365019,0.14634146341463414,0.27000000000043656,2.4549999999999272,0.14634146341463414,0.10997963340140308,-0.2649999999994179,-0.944999999999709,-0.5499999999992724,-0.8799999999991996,1.036764705882353,-0.0851063829787234,0.3599999999996726,1.4250000000010914,-0.0851063829787234,0.25263157894694516,0.17999999999938154,-0.38000000000010914,9.718999862670898,0.8299999999999272,-0.38000000000010914,29.58199977874756,0.8299999999999272,-0.930000000000291,59.817999839782715,True
500ms-s0-t9,500ms,0,PRIMARY,BUY,1,1789581649.428,1789581743.4540002,2026-09-16T18:00:49.428000+00:00,2026-09-16T18:02:23.454000+00:00,emergency_stop,94.02600026130676,4355.79,0.043601382106024614,-17.149977143143936,1.949999999999818,-4.109999999999673,23.039000034332275,-4.109999999999673,1.949999999999818,0.30500000000029104,1.5050000000010186,0.7950000000000728,2.9600000000000364,0.830423940149626,-0.01818181818181818,0.2899999999999636,2.5150000000003274,-0.01818181818181818,0.11530815109340989,-1.6899999999995998,-2.8100000000004,-3.7799999999997453,-2.399999999999636,1.1420911528150135,-0.16312056737588654,0.3099999999994907,3.6899999999996,-0.16312056737588654,0.08401084010827217,0.5199999999995271,0.0,9.458999633789062,0.8299999999999272,-0.4900000000006912,29.681999683380127,1.0399999999999636,-0.5,59.936999797821045,True
500ms-s0-t10,500ms,0,SECONDARY,BUY,1,1789582071.959,1789582518.9580002,2026-09-16T18:07:51.959000+00:00,2026-09-16T18:15:18.958000+00:00,emergency_stop,446.99900007247925,4356.06,0.042257369502606515,-16.904417427840343,1.9099999999998545,-4.180000000000291,160.51199984550476,-4.180000000000291,1.9099999999998545,2.6450000000004366,4.4650000000001455,4.905000000000655,4.8100000000004,1.591093117408907,0.125,0.1500000000005457,5.180000000000291,0.125,0.028957528957632678,-0.38000000000010914,-1.7200000000002547,-3.4700000000002547,-1.949999999999818,1.0,0.03125,0.3400000000001455,3.9899999999997817,0.03125,0.08521303258149476,0.3999999999996362,0.0,9.40999984741211,1.0399999999999636,-0.43000000000029104,29.524999856948853,2.949999999999818,-0.4499999999998181,59.853999853134155,True
500ms-s0-t11,500ms,0,PRIMARY,SELL,-1,1789583356.9459999,1789583760.496,2026-09-16T18:29:16.946000+00:00,2026-09-16T18:36:00.496000+00:00,emergency_stop,403.55000019073486,4345.18,0.0409326009686997,-16.25694386533995,2.0100000000002183,-4.149999999999636,87.82100009918213,-4.149999999999636,2.0100000000002183,-0.930000000000291,-1.055000000000291,-2.0600000000004,-0.5149999999994179,1.0846153846153845,-0.03296703296703297,0.2999999999992724,2.165000000000873,0.03296703296703297,0.1385681293298621,0.75,1.3249999999989086,1.1749999999992724,2.3749999999990905,1.079268292682927,0.05084745762711865,0.38000000000010914,1.7849999999998545,-0.05084745762711865,0.21288515406170314,0.13000000000010914,-0.5399999999999636,9.908999919891357,0.13000000000010914,-2.0100000000002183,29.98200011253357,0.13000000000010914,-3.1099999999996726,59.8289999961853,True
500ms-s0-t12,500ms,0,SECONDARY,BUY,1,1789584430.963,1789584507.463,2026-09-16T18:47:10.963000+00:00,2026-09-16T18:48:27.463000+00:00,emergency_stop,76.5,4358.41,0.03965857376354904,-15.447313784157439,2.2200000000002547,-4.069999999999709,21.006999731063843,-4.069999999999709,2.2200000000002547,7.170000000000073,6.579999999999927,7.4350000000004,6.529999999999745,1.271186440677966,0.1891891891891892,0.1499999999996362,8.00000000000091,0.1891891891891892,0.018749999999952395,-1.319999999999709,-0.7250000000003638,-3.755000000000109,4.045000000000073,0.7909090909090909,0.008849557522123894,0.3899999999994179,6.315000000000509,0.008849557522123894,0.06175771971486722,0.0,-0.9400000000005093,9.507999897003174,0.27999999999974534,-1.1000000000003638,29.98300004005432,0.38000000000010914,-2.9000000000005457,59.367000102996826,True
500ms-s0-t13,500ms,0,MICRO,SELL,-1,1789584564.929,1789584565.278,2026-09-16T18:49:24.929000+00:00,2026-09-16T18:49:25.278000+00:00,momentum_zero_cross,0.3490002155303955,4351.44,0.03844799579941679,-1.2510483391909597,0.0,-0.3400000000001455,0.0,-0.3400000000001455,0.0,-2.0150000000003274,-2.355000000000473,-3.490000000000691,-7.785000000000764,1.0583941605839415,-0.05555555555555555,0.25,3.785000000000764,0.05555555555555555,0.06605019815058112,-1.4200000000000728,-2.2299999999995634,-3.4400000000005093,-7.420000000000073,1.0441176470588236,-0.03546099290780142,0.32999999999992724,3.785000000000764,0.03546099290780142,0.08718626155874785,0.03999999999996362,-0.4900000000006912,9.714999914169312,0.03999999999996362,-1.8900000000003274,29.685999870300293,0.03999999999996362,-2.1700000000000728,59.978999853134155,True
500ms-s0-t14,500ms,0,PRIMARY,SELL,-1,1789586926.748,1789587086.985,2026-09-16T19:28:46.748000+00:00,2026-09-16T19:31:26.985000+00:00,momentum_zero_cross,160.2369999885559,4344.56,0.038349953410128236,-10.20307559197805,0.0,-2.7799999999997453,0.0,-2.7799999999997453,0.0,0.11000000000058208,-0.5149999999994179,-1.6649999999999636,-2.1700000000000728,1.1791044776119404,0.06329113924050633,0.23999999999978172,1.9400000000005093,-0.06329113924050633,0.12371134020604058,0.8500000000003638,1.7899999999999636,1.0399999999999636,2.3149999999996,0.8873239436619719,0.19047619047619047,0.2600000000002183,2.0450000000000728,-0.19047619047619047,0.1271393643032807,-0.0,-0.26999999999952706,9.560999870300293,0.5299999999997453,-0.3099999999994907,29.75600004196167,0.5299999999997453,-0.8000000000001819,59.40500020980835,True
500ms-s0-t15,500ms,0,PRIMARY,BUY,1,1789592304.8969998,1789592403.4620001,2026-09-16T20:58:24.897000+00:00,2026-09-16T21:00:03.462000+00:00,emergency_stop,98.56500029563904,4355.11,0.037550356881527136,-26.70080470918295,9.100000000000364,-7.4299999999993815,91.06000018119812,-7.4299999999993815,9.100000000000364,1.9299999999993815,2.0450000000000728,3.824999999999818,5.490000000000691,1.0477941176470589,0.2765957446808511,0.2999999999992724,4.0,0.2765957446808511,0.0749999999998181,-9.50500000000011,-7.744999999999891,-4.859999999999673,-4.864999999999782,1.0848214285714286,-0.16049382716049382,2.899999999999636,15.654999999999745,-0.16049382716049382,0.18524433088468115,18.859999999999673,-8.090000000000146,9.521999835968018,18.859999999999673,-8.850000000000364,29.527999877929688,18.859999999999673,-10.789999999999964,59.96000003814697,True
500ms-s0-t16,500ms,0,MICRO,SELL,-1,1789592535.972,1789592539.9299998,2026-09-16T21:02:15.972000+00:00,2026-09-16T21:02:19.930000+00:00,emergency_stop,3.9579999446868896,4314.43,0.03545786324430421,-14.014708852590328,0.0,-4.130000000000109,0.0,-4.130000000000109,0.0,-3.944999999999709,-8.470000000000255,-12.595000000001164,-35.11499999999978,1.0072202166064983,-0.016216216216216217,0.27999999999974534,17.044999999999163,0.016216216216216217,0.016427104722778474,-1.125,-4.8799999999992,-9.364999999998872,-32.19499999999971,1.0546448087431695,-0.005235602094240838,0.7200000000002547,17.044999999999163,0.005235602094240838,0.04224112643005515,1.2200000000002547,-2.009999999999309,9.56600022315979,2.8200000000006185,-10.3799999999992,29.534000158309937,2.8200000000006185,-21.729999999999563,59.55900001525879,True
500ms-s0-t17,500ms,0,SECONDARY,BUY,1,1789592591.9859998,1789592605.4529998,2026-09-16T21:03:11.986000+00:00,2026-09-16T21:03:25.453000+00:00,emergency_stop,13.467000007629395,4337.49,0.034359555930311855,-13.41618916300082,2.300000000000182,-4.079999999999927,7.004000186920166,-4.079999999999927,2.300000000000182,5.1299999999992,12.864999999999782,19.06999999999971,8.774999999999636,0.9782608695652174,0.03067484662576687,0.2899999999999636,23.32499999999891,0.03067484662576687,0.012433011789923995,-4.364999999999782,4.444999999999709,14.654999999999745,3.1849999999994907,1.0746268656716418,-0.06878306878306878,0.5,24.545000000000073,-0.06878306878306878,0.020370747606437097,6.900000000000546,-1.5900000000001455,9.999000072479248,7.460000000000036,-1.5900000000001455,29.51200008392334,7.460000000000036,-8.389999999999418,59.99300026893616,True
500ms-s0-t18,500ms,0,MICRO,BUY,1,1789592880.4620001,1789592904.4889998,2026-09-16T21:08:00.462000+00:00,2026-09-16T21:08:24.489000+00:00,emergency_stop,24.026999711990356,4342.97,0.03330815351884433,-15.651411772879674,2.649999999999636,-4.9099999999998545,16.014999866485596,-4.9099999999998545,2.649999999999636,6.430000000000291,2.035000000000764,10.855000000000473,9.925000000000182,1.0675944333996024,0.11864406779661017,0.25,11.055000000000291,0.11864406779661017,0.022614201718678735,-5.425000000000182,-0.5100000000002183,-0.75,5.2549999999992,1.0263157894736843,-0.2247191011235955,0.589999999999236,11.409999999999854,-0.2247191011235955,0.05170902716908357,0.9600000000000364,-3.4200000000000728,9.995000123977661,1.3999999999996362,-3.4200000000000728,29.508000135421753,1.639999999999418,-5.130000000000109,59.974000215530396,True
500ms-s0-t19,500ms,0,MICRO,SELL,-1,1789592995.458,1789592995.906,2026-09-16T21:09:55.458000+00:00,2026-09-16T21:09:55.906000+00:00,momentum_zero_cross,0.4479999542236328,4332.74,0.03208158076551293,-0.3070274650590365,0.0,-0.1000000000003638,0.0,-0.1000000000003638,0.0,-2.3350000000000364,-1.1150000000006912,-6.365000000000691,-6.6899999999996,0.9806451612903225,-0.08108108108108109,0.23999999999978172,7.674999999999272,0.08108108108108109,0.03127035830616345,-2.555000000000291,-1.3450000000011642,-6.205000000000837,-6.9099999999998545,1.0258064516129033,-0.10967741935483871,0.4000000000005457,7.674999999999272,0.10967741935483871,0.05211726384372425,1.9099999999998545,-0.0,9.571000099182129,3.800000000000182,-1.7100000000000364,29.574000120162964,7.079999999999927,-1.7100000000000364,59.59100008010864,True
500ms-s0-t20,500ms,0,PRIMARY,SELL,-1,1789593033.9889998,1789593933.999,2026-09-16T21:10:33.989000+00:00,2026-09-16T21:25:33.999000+00:00,max_hold,900.0100002288818,4327.98,0.03205751957993871,45.25258618272097,21.299999999999272,-2.130000000000109,394.43800020217896,14.75,21.299999999999272,-1.6049999999995634,-2.625,-5.635000000000218,-8.0649999999996,1.0058823529411764,-0.07602339181286549,0.24000000000069122,9.555000000000291,0.07602339181286549,0.025117739403525265,-2.969999999999345,-2.8400000000001455,-8.489999999999782,-4.164999999999964,0.9649890590809628,-0.15862068965517243,0.3899999999994179,8.655000000000655,0.15862068965517243,0.04506065857878549,-0.0,-1.5700000000006185,9.962999820709229,0.16999999999916326,-2.0100000000002183,29.971999883651733,0.16999999999916326,-4.710000000000036,59.96499991416931,True
500ms-s0-t21,500ms,0,MICRO,SELL,-1,1789594268.4220002,1789594346.9910002,2026-09-16T21:31:08.422000+00:00,2026-09-16T21:32:26.991000+00:00,trail,78.56900000572205,4307.65,0.03560388268346942,18.76607012284457,7.329999999999927,-2.350000000000364,75.56499981880188,5.229999999999563,7.329999999999927,-4.599999999999454,-9.534999999999854,-15.230000000000473,-9.884999999999309,1.1272015655577299,-0.24468085106382978,0.28000000000065484,16.11999999999898,0.24468085106382978,0.017369727047188123,-0.2749999999996362,-4.234999999999673,-5.260000000000218,-17.670000000000073,1.0561797752808988,0.026737967914438502,0.6599999999998545,9.764999999999418,-0.026737967914438502,0.0675883256528309,5.039999999999964,-0.09000000000014552,9.964999914169312,8.569999999999709,-0.09000000000014552,29.96999979019165,16.359999999999673,-0.09000000000014552,59.45699977874756,True
500ms-s0-t22,500ms,0,PRIMARY,SELL,-1,1789594424.963,1789594435.471,2026-09-16T21:33:44.963000+00:00,2026-09-16T21:33:55.471000+00:00,emergency_stop,10.507999897003174,4284.56,0.037074545562563344,-16.28583346899023,0.0,-4.589999999999236,0.0,-4.589999999999236,0.0,-2.9749999999994543,-8.654999999999745,-11.1850000000004,-21.74000000000069,0.9862306368330465,-0.031578947368421054,0.2999999999992724,13.955000000000837,0.031578947368421054,0.021497671085578964,4.294999999999163,2.269999999999527,-5.400000000000546,-19.279999999999745,0.9675767918088737,0.06951871657754011,0.07999999999992724,11.675000000000182,-0.06951871657754011,0.006852248393997944,3.0299999999997453,-1.0700000000006185,9.505000114440918,6.729999999999563,-1.0700000000006185,29.51900005340576,8.299999999999272,-1.0700000000006185,59.99399995803833,True
500ms-s0-t23,500ms,0,MICRO,BUY,1,1789594746.48,1789594746.9750001,2026-09-16T21:39:06.480000+00:00,2026-09-16T21:39:06.975000+00:00,momentum_zero_cross,0.49500012397766113,4284.48,0.03579825433157231,-1.2333485217104823,0.0,-0.3599999999996726,0.0,-0.3599999999996726,0.0,1.235000000000582,1.5649999999995998,8.590000000000146,16.269999999999527,0.9883040935672515,0.05389221556886228,0.22999999999956344,10.465000000000146,0.05389221556886228,0.021978021977979958,1.1149999999997817,1.9799999999995634,8.635000000000218,16.534999999999854,1.0,0.05952380952380952,0.5799999999999272,10.465000000000146,0.05952380952380952,0.05542283803152596,1.7100000000000364,-0.13000000000010914,9.956999778747559,7.470000000000255,-0.13000000000010914,29.51900005340576,8.61999999999989,-0.13000000000010914,59.39999985694885,True
500ms-s0-t24,500ms,0,SECONDARY,BUY,1,1789594762.982,1789594922.468,2026-09-16T21:39:22.982000+00:00,2026-09-16T21:42:02.468000+00:00,take_profit,159.48599982261658,4286.94,0.03570159904487716,29.11043737663882,8.520000000000437,-1.5099999999993088,159.48599982261658,8.520000000000437,8.520000000000437,2.2950000000000728,2.8149999999996,5.920000000000073,15.670000000000073,1.038,0.1242603550295858,0.2599999999993088,6.329999999999927,0.1242603550295858,0.041074249604946565,4.324999999998909,7.084999999999127,7.259999999999309,4.4999999999990905,0.9013452914798207,0.06060606060606061,0.3599999999996726,9.8799999999992,0.06060606060606061,0.036437246963532566,1.5100000000002183,-0.3999999999996362,9.509999990463257,3.449999999999818,-0.3999999999996362,29.526000022888184,5.789999999999964,-0.9899999999997817,59.50999999046326,True
500ms-s0-t25,500ms,0,MICRO,BUY,1,1789594989.979,1789595021.9539998,2026-09-16T21:43:09.979000+00:00,2026-09-16T21:43:41.954000+00:00,trail,31.97499966621399,4302.67,0.037982931223844926,18.81136451078605,6.0900000000001455,-2.319999999999709,29.46999979019165,3.8400000000001455,6.0900000000001455,1.730000000000473,6.9299999999993815,5.699999999999818,16.24499999999989,1.0084566596194504,0.05732484076433121,0.2600000000002183,7.790000000000873,0.05732484076433121,0.03337612323494084,1.605000000000473,4.095000000000255,10.780000000000655,13.31500000000051,0.9693251533742331,0.1282051282051282,0.6099999999996726,12.600000000000364,0.1282051282051282,0.048412698412671026,1.7299999999995634,-0.6500000000005457,9.508000373840332,3.149999999999636,-0.6500000000005457,29.984000205993652,4.399999999999636,-1.1199999999998909,59.455000162124634,True
500ms-s0-t26,500ms,0,PRIMARY,SELL,-1,1789595292.485,1789595631.924,2026-09-16T21:48:12.485000+00:00,2026-09-16T21:53:51.924000+00:00,take_profit,339.4390001296997,4294.05,0.039457143741970395,94.47881053303443,25.020000000000437,-3.7600000000002183,339.4390001296997,25.020000000000437,25.020000000000437,-1.8649999999997817,-7.819999999999709,-6.755000000000109,-10.56500000000051,1.0077220077220077,-0.14619883040935672,0.2899999999999636,8.779999999999745,0.14619883040935672,0.033029612756261054,-3.134999999999309,-7.014999999999418,-4.5049999999992,-16.48999999999978,0.9425493716337523,0.058823529411764705,0.42999999999938154,7.904999999998836,-0.058823529411764705,0.05439595192908853,2.9200000000000728,-0.4099999999998545,9.568000078201294,2.9200000000000728,-0.4099999999998545,29.573999881744385,4.309999999999491,-2.0,59.55200004577637,True
500ms-s0-t27,500ms,0,MICRO,SELL,-1,1789595637.978,1789595676.449,2026-09-16T21:53:57.978000+00:00,2026-09-16T21:54:36.449000+00:00,emergency_stop,38.47099995613098,4266.53,0.04686127676515126,-18.790987673497188,0.42000000000007276,-4.190000000000509,1.8970000743865967,-4.190000000000509,0.42000000000007276,-5.3750000000009095,-8.325000000000728,-6.725000000000364,-19.12500000000091,0.9709090909090909,-0.017142857142857144,0.1999999999998181,10.090000000000146,0.017142857142857144,0.019821605550031242,1.035000000000764,1.7800000000006548,0.4500000000007276,-7.039999999999054,1.0604914933837428,0.26881720430107525,0.5399999999999636,6.200000000000728,-0.26881720430107525,0.0870967741935323,5.130000000000109,-0.3099999999994907,9.510000228881836,6.020000000000437,-0.3099999999994907,29.5310001373291,6.020000000000437,-0.3099999999994907,59.50800013542175,True
500ms-s0-t28,500ms,0,MICRO,SELL,-1,1789596313.4780002,1789596313.979,2026-09-16T22:05:13.478000+00:00,2026-09-16T22:05:13.979000+00:00,momentum_zero_cross,0.500999927520752,4269.66,0.04538866114280621,-0.390941116880578,0.0,-0.09000000000014552,0.0,-0.09000000000014552,0.0,-1.6049999999995634,-3.9349999999994907,-16.19499999999971,-9.359999999999673,0.9667359667359667,-0.22875816993464052,0.2899999999999636,15.900000000000546,0.22875816993464052,0.01823899371068891,-1.4399999999995998,-5.039999999999964,-15.99499999999989,-9.704999999999018,0.964509394572025,-0.23684210526315788,0.4899999999997817,16.1850000000004,0.23684210526315788,0.030274945937582304,1.4600000000000364,-0.0,9.958999872207642,1.4600000000000364,-1.2799999999997453,29.924999952316284,1.4600000000000364,-3.699999999999818,59.94599986076355,True
500ms-s0-t29,500ms,0,PRIMARY,SELL,-1,1789596332.446,1789596617.4259999,2026-09-16T22:05:32.446000+00:00,2026-09-16T22:10:17.426000+00:00,take_profit,284.9799997806549,4270.2,0.045358023796534766,108.91213046108544,25.090000000000146,-3.25,284.9799997806549,25.090000000000146,25.090000000000146,1.694999999999709,-0.6750000000010914,-6.9350000000004,-11.284999999999854,0.962882096069869,-0.14285714285714285,0.23999999999978172,9.194999999999709,0.14285714285714285,0.026101141924936306,-3.9399999999996,-6.149999999999636,-13.649999999999636,-10.715000000000146,0.9065606361829026,0.013157894736842105,0.5499999999992724,13.675000000000182,-0.013157894736842105,0.040219378427734195,6.089999999999236,-0.3100000000004002,9.551000118255615,8.219999999999345,-0.3100000000004002,29.57100009918213,9.479999999999563,-0.3100000000004002,59.551000118255615,True
500ms-s0-t30,500ms,0,SECONDARY,SELL,-1,1789596621.4780002,1789596681.929,2026-09-16T22:10:21.478000+00:00,2026-09-16T22:11:21.929000+00:00,emergency_stop,60.45099973678589,4242.17,0.05389326992444775,-20.837104394851234,6.539999999999964,-4.039999999999964,30.020999908447266,-4.039999999999964,6.539999999999964,-5.704999999999927,-10.229999999999563,-16.204999999999927,-13.029999999999745,0.9531568228105907,-0.0641025641025641,0.26999999999952706,16.01000000000022,0.0641025641025641,0.016864459712649806,4.764999999999418,10.609999999999673,3.6749999999992724,-11.950000000000728,0.998109640831758,0.12643678160919541,0.4600000000000364,10.609999999999673,-0.12643678160919541,0.0433553251649435,2.7100000000000364,-1.6199999999998909,9.558000087738037,4.279999999999745,-1.6199999999998909,29.472000122070312,4.779999999999745,-1.6199999999998909,59.51300001144409,True
500ms-s0-t31,500ms,0,MICRO,BUY,1,1789596891.473,1789596891.92,2026-09-16T22:14:51.473000+00:00,2026-09-16T22:14:51.920000+00:00,momentum_zero_cross,0.44700002670288086,4250.46,0.052260303845736995,-3.0008524948068835,0.0,-0.6000000000003638,0.0,-0.6000000000003638,0.0,0.5500000000001819,3.2750000000005457,6.9299999999993815,8.080000000000837,0.9147727272727273,0.05732484076433121,0.15999999999985448,7.079999999999927,0.05732484076433121,0.022598870056476855,0.11999999999989086,3.0649999999996,6.4999999999990905,7.650000000000546,0.967741935483871,0.03614457831325301,0.18000000000029104,7.079999999999927,0.03614457831325301,0.02542372881360069,3.5900000000001455,-0.17000000000007276,9.57200002670288,6.210000000000036,-0.17000000000007276,29.536999940872192,7.5700000000006185,-0.17000000000007276,59.561999797821045,True
500ms-s0-t32,500ms,0,SECONDARY,BUY,1,1789596896.442,1789596961.988,2026-09-16T22:14:56.442000+00:00,2026-09-16T22:16:01.988000+00:00,emergency_stop,65.5460000038147,4252.87,0.05202513247843103,-22.952795526742662,4.5600000000004,-4.609999999999673,33.51800012588501,-4.609999999999673,4.5600000000004,4.954999999999927,7.944999999999709,7.200000000000728,10.340000000000146,0.9534883720930233,0.1656441717791411,0.22000000000025466,7.944999999999709,0.1656441717791411,0.027690371302739172,-2.944999999999709,-8.849999999999454,-4.960000000000036,2.9200000000000728,1.045275590551181,0.11494252873563218,0.6499999999996362,8.980000000000473,0.11494252873563218,0.07238307349661492,0.13000000000010914,-1.2200000000002547,9.90499997138977,0.13000000000010914,-2.5900000000001455,29.975000143051147,0.6899999999995998,-2.5900000000001455,59.9520001411438,True
500ms-s0-t33,500ms,0,MICRO,SELL,-1,1789597030.492,1789597030.993,2026-09-16T22:17:10.492000+00:00,2026-09-16T22:17:10.993000+00:00,momentum_zero_cross,0.500999927520752,4243.1,0.050226363522989405,-6.633340481024762,0.0,-1.3799999999991996,0.0,-1.3799999999991996,0.0,-4.525000000000546,-4.470000000000255,-4.444999999999709,-9.0,1.0570866141732282,-0.25139664804469275,0.2599999999993088,5.960000000000946,0.25139664804469275,0.0436241610737026,-3.360000000000582,-3.5800000000008367,-3.210000000000946,-8.570000000001528,1.060546875,-0.20441988950276244,0.4499999999998181,5.960000000000946,0.20441988950276244,0.07550335570465548,0.5199999999995271,-3.860000000000582,9.96500015258789,0.5199999999995271,-5.880000000000109,29.92799997329712,2.0499999999992724,-5.880000000000109,59.95700001716614,True
500ms-s0-t34,500ms,0,PRIMARY,SELL,-1,1789597139.999,1789597189.9910002,2026-09-16T22:18:59.999000+00:00,2026-09-16T22:19:49.991000+00:00,emergency_stop,49.992000102996826,4241.84,0.04970652066052677,-19.741626405257335,0.75,-4.149999999999636,26.98799991607666,-4.149999999999636,0.75,-2.7399999999997817,-5.114999999999782,-3.2150000000001455,-5.279999999998836,0.9518599562363238,-0.2638888888888889,0.2899999999999636,7.684999999999491,0.2638888888888889,0.03773584905660154,0.8849999999993088,2.8099999999994907,1.1199999999989814,-2.1350000000002183,0.9195652173913044,-0.23404255319148937,0.2899999999999636,5.069999999999709,0.23404255319148937,0.057199211045361,0.32999999999992724,-2.610000000000582,9.960999727249146,0.32999999999992724,-4.730000000000473,29.98099970817566,0.32999999999992724,-4.730000000000473,59.906999588012695,True
500ms-s0-t35,500ms,0,MICRO,BUY,1,1789597519.43,1789597531.484,2026-09-16T22:25:19.430000+00:00,2026-09-16T22:25:31.484000+00:00,emergency_stop,12.053999900817871,4256.79,0.04815940520496801,-18.481914413595145,0.0,-4.010000000000218,0.0,-4.010000000000218,0.0,1.0,4.4099999999998545,4.740000000000691,7.6850000000004,0.9874213836477987,0.0718954248366013,0.2899999999999636,6.109999999999673,0.0718954248366013,0.04746317512274618,-1.3099999999994907,-0.4499999999989086,1.1950000000006185,3.1400000000003274,1.0233050847457628,0.031055900621118012,0.8200000000006185,5.494999999999891,0.031055900621118012,0.14922656960885072,0.0,-4.269999999999527,9.507000207901001,0.0,-6.649999999999636,29.986000061035156,0.0,-9.729999999999563,59.50800013542175,False
500ms-s0-t36,500ms,0,SECONDARY,BUY,1,1789597832.972,1789598468.973,2026-09-16T22:30:32.972000+00:00,2026-09-16T22:41:08.973000+00:00,take_profit,636.0010001659393,4257.51,0.04671101109342852,35.807438256663865,8.010000000000218,-1.5600000000004002,636.0010001659393,8.010000000000218,8.010000000000218,0.8149999999995998,3.1599999999998545,8.125,9.274999999999636,0.9611650485436893,-0.22981366459627328,0.13000000000010914,8.604999999999563,-0.22981366459627328,0.015107495642082015,0.5200000000004366,1.9150000000008731,4.145000000000437,7.740000000000691,0.9603174603174603,-0.09243697478991597,0.339999999999236,3.4200000000000728,-0.09243697478991597,0.09941520467813707,2.759999999999309,0.0,9.521000146865845,5.4099999999998545,0.0,29.988999843597412,5.4099999999998545,-1.680000000000291,59.97999978065491,True
500ms-s0-t37,500ms,0,PRIMARY,BUY,1,1789598469.9750001,1789599370.496,2026-09-16T22:41:09.975000+00:00,2026-09-16T22:56:10.496000+00:00,max_hold,900.5209999084473,4266.34,0.049517175084866305,29.144220496387987,10.099999999999454,-2.5,592.9979999065399,6.149999999999636,10.099999999999454,1.0449999999991633,1.625,2.800000000000182,8.295000000000073,1.0206185567010309,-0.015384615384615385,0.2600000000002183,3.9399999999996,-0.015384615384615385,0.06598984771579815,-0.0500000000001819,2.024999999999636,-0.09000000000014552,4.119999999999891,0.973170731707317,0.06060606060606061,0.42000000000007276,3.844999999999345,0.06060606060606061,0.10923276983098681,0.03999999999996362,-0.31999999999970896,9.507999897003174,0.03999999999996362,-2.5599999999994907,29.98799991607666,0.03999999999996362,-2.5599999999994907,59.98099994659424,True
500ms-s0-t38,500ms,0,MICRO,BUY,1,1789614642.982,1789614793.947,2026-09-17T03:10:42.982000+00:00,2026-09-17T03:13:13.947000+00:00,trail,150.9649999141693,4279.77,0.05180115478565564,26.720813402269386,6.529999999999745,-0.75,98.00699973106384,4.519999999999527,6.529999999999745,0.27999999999974534,0.4499999999998181,2.819999999999709,6.359999999999673,0.8709677419354839,0.022222222222222223,0.24000000000069122,3.1299999999991996,0.022222222222222223,0.07667731629417016,-0.375,-1.3100000000004002,-0.9399999999995998,4.050000000000182,1.120879120879121,-0.17647058823529413,0.43000000000029104,1.980000000000473,-0.17647058823529413,0.2171717171718123,0.06999999999970896,-0.42000000000007276,9.911999940872192,0.06999999999970896,-2.2299999999995634,29.49399995803833,0.75,-2.5299999999997453,59.842000007629395,True
500ms-s0-t39,500ms,0,PRIMARY,BUY,1,1789615338.474,1789615398.95,2026-09-17T03:22:18.474000+00:00,2026-09-17T03:23:18.950000+00:00,emergency_stop,60.4760000705719,4289.15,0.05389521646786555,-20.734699291633408,0.27000000000043656,-4.019999999999527,0.502000093460083,-4.019999999999527,0.27000000000043656,-0.03999999999996362,0.9350000000004002,2.1700000000000728,3.3150000000005093,0.9365079365079365,-0.11864406779661017,0.27999999999974534,3.1699999999991633,-0.11864406779661017,0.08832807570972216,-0.9349999999994907,-1.449999999999818,-3.625,-1.3850000000002183,1.010204081632653,0.09090909090909091,0.5100000000002183,4.270000000000437,0.09090909090909091,0.11943793911010916,1.4799999999995634,-0.0500000000001819,9.918999910354614,2.25,-0.0500000000001819,29.09600019454956,2.5100000000002183,-0.0500000000001819,59.81399989128113,True
500ms-s0-t40,500ms,0,PRIMARY,BUY,1,1789616035.973,1789616098.7059999,2026-09-17T03:33:55.973000+00:00,2026-09-17T03:34:58.706000+00:00,emergency_stop,62.73299980163574,4288.9,0.052270275691359586,-20.05952435647722,0.0,-4.009999999999309,0.0,-4.009999999999309,0.0,0.6649999999999636,1.0450000000000728,2.4650000000001455,2.5650000000005093,1.0909090909090908,-0.05084745762711865,0.27999999999974534,3.490000000000691,-0.05084745762711865,0.08022922636094267,-1.1000000000003638,-2.780000000000655,-3.7200000000002547,-1.305000000000291,1.113861386138614,-0.08108108108108109,0.3599999999996726,3.860000000000582,-0.08108108108108109,0.09326424870456433,1.0999999999994543,0.0,9.663000106811523,1.2999999999992724,0.0,29.29100012779236,2.649999999999636,0.0,59.705000162124634,True
500ms-s0-t41,500ms,0,SECONDARY,BUY,1,1789617600.971,1789617657.826,2026-09-17T04:00:00.971000+00:00,2026-09-17T04:00:57.826000+00:00,take_profit,56.855000019073486,4283.55,0.05069824714994221,39.25210333321975,8.090000000000146,-0.8900000000003274,56.855000019073486,8.090000000000146,8.090000000000146,3.0150000000003274,2.930000000000291,1.5050000000001091,5.164999999999964,1.1423487544483986,0.009345794392523364,0.23999999999978172,4.050000000001091,0.009345794392523364,0.059259259259189394,3.6849999999994907,4.569999999999709,11.680000000000291,14.219999999999345,0.983739837398374,0.17355371900826447,0.46999999999934516,12.4950000000008,0.17355371900826447,0.03761504601835255,1.3699999999998909,0.0,9.66100001335144,1.3699999999998909,-1.360000000000582,29.837000131607056,3.199999999999818,-1.360000000000582,59.65899991989136,True
500ms-s0-t42,500ms,0,MICRO,BUY,1,1789617976.963,1789618099.9689999,2026-09-17T04:06:16.963000+00:00,2026-09-17T04:08:19.969000+00:00,trail,123.00599980354309,4302.52,0.053774363295765015,29.938713653826756,7.709999999999127,0.0,106.53600001335144,5.479999999999563,7.709999999999127,1.9699999999993452,2.3400000000001455,4.045000000000073,6.149999999999636,1.1467181467181466,0.04081632653061224,0.11000000000058208,4.050000000000182,0.04081632653061224,0.027160493827302998,-1.105000000000473,-1.625,2.084999999999127,4.670000000000073,0.8181818181818182,-0.30158730158730157,0.4600000000000364,4.364999999999782,-0.30158730158730157,0.10538373424972723,0.0,-1.75,9.424999952316284,0.0,-2.600000000000364,29.992000102996826,0.0,-3.7700000000004366,59.473000049591064,False
500ms-s0-t43,500ms,0,MICRO,SELL,-1,1789618204.957,1789618205.407,2026-09-17T04:10:04.957000+00:00,2026-09-17T04:10:05.407000+00:00,momentum_zero_cross,0.4500000476837158,4302.68,0.056120605984313135,0.48337738613820164,0.09000000000014552,0.0,0.4500000476837158,0.09000000000014552,0.09000000000014552,-2.375,-1.875,-3.130000000000109,-6.015000000000327,0.9755244755244755,-0.24731182795698925,0.18999999999959982,3.444999999999709,0.24731182795698925,0.055152394774924784,-2.7249999999994543,-2.2249999999994543,-3.4799999999995634,-6.704999999999018,1.030612244897959,-0.24752475247524752,0.32999999999992724,3.699999999999818,0.24752475247524752,0.08918918918917391,0.7799999999997453,-0.8400000000001455,9.31499981880188,1.6500000000005457,-0.8400000000001455,29.55299997329712,2.860000000000582,-0.8400000000001455,59.93299984931946,True
500ms-s0-t44,500ms,0,PRIMARY,BUY,1,1789618633.982,1789619534.2089999,2026-09-17T04:17:13.982000+00:00,2026-09-17T04:32:14.209000+00:00,max_hold,900.2269997596741,4302.66,0.05615848739335261,57.453246535369935,12.079999999999927,-1.3400000000001455,896.4789998531342,10.69000000000051,12.079999999999927,0.9700000000002547,3.0999999999994543,3.1850000000004,2.4399999999996,1.0857142857142856,0.21052631578947367,0.23999999999978172,3.9600000000000364,0.21052631578947367,0.06060606060600493,0.29500000000007276,2.769999999999527,2.709999999999127,3.8649999999997817,1.0638977635782747,0.04504504504504504,0.4399999999995998,5.579999999999927,0.04504504504504504,0.0788530465949114,0.9399999999995998,-0.030000000000654836,9.714000225067139,1.5799999999999272,-0.8299999999999272,29.443000078201294,1.7899999999999636,-0.8299999999999272,59.742000102996826,True
500ms-s0-t45,500ms,0,PRIMARY,SELL,-1,1789621006.3980002,1789621906.901,2026-09-17T04:56:46.398000+00:00,2026-09-17T05:11:46.901000+00:00,max_hold,900.5029997825623,4301.78,0.06066099412011486,95.03414468051325,16.36999999999989,-0.6100000000005821,900.5029997825623,16.36999999999989,16.36999999999989,0.7650000000003274,-0.4899999999997817,-1.569999999999709,-4.309999999999491,1.0819672131147542,0.045454545454545456,0.23000000000047294,3.1099999999996726,-0.045454545454545456,0.07395498392298944,-0.3149999999995998,-1.6199999999998909,-3.880000000000109,-1.6249999999990905,1.427710843373494,0.13157894736842105,0.3099999999994907,3.9399999999996,-0.13157894736842105,0.078680203045564,0.7299999999995634,-0.31999999999970896,9.95799994468689,0.7299999999995634,-1.0100000000002183,29.938999891281128,1.9899999999997817,-1.0100000000002183,59.539000034332275,True
500ms-s0-t46,500ms,0,MICRO,SELL,-1,1789621980.452,1789622025.981,2026-09-17T05:13:00.452000+00:00,2026-09-17T05:13:45.981000+00:00,stagnation,45.52900004386902,4281.6,0.06810864767321191,-20.98841276576224,0.0,-3.219999999999345,0.0,-3.219999999999345,0.0,-1.1099999999996726,-2.5299999999997453,-2.8450000000002547,-7.244999999999891,1.3544776119402986,-0.09090909090909091,0.23999999999978172,4.910000000000764,0.09090909090909091,0.04887983706715771,0.8100000000004002,2.2249999999994543,1.1400000000003274,-0.9450000000006185,0.9291044776119403,0.13253012048192772,0.3999999999996362,3.375,-0.13253012048192772,0.11851851851841072,-0.0,-1.0900000000001455,9.164000034332275,-0.0,-1.730000000000473,29.938000202178955,-0.0,-2.6900000000005093,59.70300006866455,False
500ms-s0-t47,500ms,0,PRIMARY,SELL,-1,1789623087.402,1789623987.642,2026-09-17T05:31:27.402000+00:00,2026-09-17T05:46:27.642000+00:00,max_hold,900.2400000095367,4287.9,0.06646382383190418,14.566066008761872,6.089999999999236,-3.180000000000291,535.7439999580383,2.2899999999999636,6.089999999999236,0.45499999999992724,-1.4849999999996726,-2.3400000000001455,-3.1450000000004366,0.8380952380952381,0.045454545454545456,0.2899999999999636,3.8099999999994907,-0.045454545454545456,0.07611548556430509,-0.1000000000003638,0.5199999999995271,-1.0700000000006185,-3.8100000000004,0.9257142857142857,-0.18518518518518517,0.5,2.4550000000008367,0.18518518518518517,0.20366598777997133,0.31999999999970896,-0.0500000000001819,9.786999940872192,0.6599999999998545,-0.3900000000003274,29.789000034332275,1.1599999999998545,-0.3900000000003274,59.27900004386902,True
500ms-s0-t48,500ms,0,PRIMARY,BUY,1,1789626636.3049998,1789626954.4950001,2026-09-17T06:30:36.305000+00:00,2026-09-17T06:35:54.495000+00:00,momentum_zero_cross,318.19000029563904,4288.91,0.06760534000621711,8.863863023437611,3.4099999999998545,-0.3999999999996362,177.6560001373291,1.3699999999998909,3.4099999999998545,-0.004999999999199645,2.7200000000002547,2.985000000000582,2.5150000000003274,0.8650306748466258,0.02127659574468085,0.27999999999974534,3.0349999999998545,0.02127659574468085,0.09225700164736697,0.21500000000014552,0.10500000000047294,0.10500000000047294,-0.5999999999994543,1.1,0.09090909090909091,0.48000000000047294,0.9750000000003638,0.09090909090909091,0.4923076923079937,0.8600000000005821,0.0,9.980000019073486,0.8600000000005821,-0.42999999999938154,29.94599986076355,0.9600000000000364,-0.42999999999938154,59.18400001525879,True
500ms-s0-t49,500ms,0,PRIMARY,BUY,1,1789635294.824,1789636194.948,2026-09-17T08:54:54.824000+00:00,2026-09-17T09:09:54.948000+00:00,max_hold,900.1240000724792,4303.35,0.06829998487478094,43.33667664386881,7.3799999999992,-0.910000000000764,839.0320000648499,6.6299999999992,7.3799999999992,-0.4600000000000364,0.3649999999997817,1.1450000000004366,2.475000000000364,1.167785234899329,-0.21428571428571427,0.27000000000043656,1.5700000000006185,-0.21428571428571427,0.17197452229320395,0.805000000000291,0.8999999999996362,-0.43000000000029104,1.2349999999996726,1.4666666666666666,0.09090909090909091,0.3400000000001455,1.6599999999998545,0.09090909090909091,0.20481927710853934,0.11000000000058208,-0.26999999999952706,9.336999893188477,0.5100000000002183,-0.26999999999952706,29.549999952316284,1.550000000000182,-0.26999999999952706,59.53000020980835,True
500ms-s0-t50,500ms,0,MICRO,SELL,-1,1789636602.408,1789636862.664,2026-09-17T09:16:42.408000+00:00,2026-09-17T09:21:02.664000+00:00,momentum_zero_cross,260.25600004196167,4305.92,0.071696201622679,-10.978363291704559,0.8400000000001455,-2.3099999999994907,20.721999883651733,-1.6000000000003638,0.8400000000001455,-0.805000000000291,-0.08500000000094587,-2.305000000000291,-6.0700000000006185,0.746031746031746,-0.1111111111111111,0.27999999999974534,2.2700000000004366,0.1111111111111111,0.12334801762100947,0.3099999999994907,-0.6649999999990541,-0.35499999999956344,0.8150000000005093,0.7441860465116279,0.0967741935483871,0.2000000000007276,1.319999999999709,-0.0967741935483871,0.15151515151573614,0.21000000000003638,-0.3899999999994179,9.566999912261963,0.7300000000004729,-0.3899999999994179,29.500999927520752,1.5300000000006548,-0.3899999999994179,59.74000000953674,True
500ms-s0-t51,500ms,0,PRIMARY,BUY,1,1789639759.456,1789640406.004,2026-09-17T10:09:19.456000+00:00,2026-09-17T10:20:06.004000+00:00,momentum_zero_cross,646.5479998588562,4315.66,0.07083584720320665,52.063790074569674,13.69000000000051,-1.0599999999994907,500.4830000400543,7.680000000000291,13.69000000000051,1.1300000000010186,0.45499999999992724,1.1000000000003638,0.43000000000029104,1.119718309859155,0.05660377358490566,0.21000000000003638,1.410000000000764,0.05660377358490566,0.14893617021271105,-0.8349999999991269,-2.319999999999709,-3.4249999999992724,-3.569999999999709,1.2192513368983957,0.013333333333333334,0.2899999999999636,3.414999999999054,0.013333333333333334,0.08491947291362927,0.10999999999967258,-0.4600000000000364,9.912999868392944,0.10999999999967258,-1.3100000000004002,29.800999879837036,0.10999999999967258,-1.3500000000003638,59.996999979019165,True
500ms-s0-t52,500ms,0,PRIMARY,BUY,1,1789640864.822,1789641765.276,2026-09-17T10:27:44.822000+00:00,2026-09-17T10:42:45.276000+00:00,max_hold,900.4539999961853,4327.66,0.0749159920021115,15.342982002518836,7.279999999999745,-0.4399999999995998,738.6180000305176,2.1400000000003274,7.279999999999745,-1.5799999999999272,-0.08500000000094587,2.1549999999997453,2.0100000000002183,0.8135593220338984,-0.40425531914893614,0.2899999999999636,3.8250000000007276,-0.40425531914893614,0.07581699346402836,-0.03999999999996362,-0.4099999999998545,-2.0549999999993815,-3.3900000000003274,1.0344827586206897,-0.125,0.3400000000001455,2.8400000000001455,-0.125,0.11971830985920004,0.22999999999956344,-0.17000000000007276,9.56499981880188,1.019999999999527,-0.17000000000007276,29.499000072479248,1.139999999999418,-0.17000000000007276,59.84099984169006,True
500ms-s0-t53,500ms,0,PRIMARY,SELL,-1,1789643496.452,1789643836.987,2026-09-17T11:11:36.452000+00:00,2026-09-17T11:17:16.987000+00:00,momentum_zero_cross,340.5350000858307,4323.34,0.0761183936737456,8.814475049077307,5.25,-0.7100000000000364,94.50800013542175,1.2100000000000364,5.25,-0.3149999999995998,-1.5900000000001455,-2.6700000000000728,-3.3299999999999272,0.5133689839572193,0.0,0.18000000000029104,2.6700000000000728,-0.0,0.06741573033718581,0.589999999999236,1.389999999999418,1.430000000000291,2.2349999999996726,1.1333333333333333,0.2,0.4600000000000364,1.5999999999994543,-0.2,0.28750000000012077,0.7899999999999636,-0.019999999999527063,9.969000101089478,1.800000000000182,-0.019999999999527063,29.89900016784668,3.300000000000182,-0.019999999999527063,59.984999895095825,True
500ms-s0-t54,500ms,0,PRIMARY,SELL,-1,1789644738.46,1789644835.388,2026-09-17T11:32:18.460000+00:00,2026-09-17T11:33:55.388000+00:00,momentum_zero_cross,96.92799997329712,4313.19,0.07680916809633484,-16.833328991105176,0.7199999999993452,-2.2899999999999636,40.00099992752075,-2.2899999999999636,0.7199999999993452,-1.2050000000008367,-1.5600000000004002,-1.425000000000182,-2.5399999999999636,1.430232558139535,0.012345679012345678,0.25,2.880000000000109,-0.012345679012345678,0.08680555555555226,0.375,1.4999999999990905,1.8849999999993088,0.5499999999992724,0.9791666666666666,0.21739130434782608,0.26999999999952706,3.0599999999994907,-0.21739130434782608,0.08823529411750719,0.3099999999994907,-0.06000000000040018,9.364000082015991,0.3099999999994907,-2.040000000000873,29.99400019645691,0.3099999999994907,-2.2700000000004366,59.44099998474121,True
500ms-s0-t55,500ms,0,PRIMARY,SELL,-1,1789648231.488,1789648621.497,2026-09-17T12:30:31.488000+00:00,2026-09-17T12:37:01.497000+00:00,emergency_stop,390.0090000629425,4305.09,0.07548997063428031,-29.692895233603753,0.0,-4.109999999999673,0.0,-4.109999999999673,0.0,-1.1700000000000728,-1.625,-1.6350000000002183,-2.505000000000109,1.2103004291845494,-0.17391304347826086,0.22999999999956344,1.7550000000001091,0.17391304347826086,0.13105413105387415,0.3999999999996362,0.3850000000002183,1.1199999999998909,1.5900000000001455,1.1842105263157894,0.13636363636363635,0.31999999999970896,0.9499999999998181,-0.13636363636363635,0.336842105262916,1.1700000000000728,-0.0,9.110000133514404,1.3699999999998909,-0.0,28.84600019454956,1.3699999999998909,-0.020000000000436557,59.986000061035156,True
500ms-s0-t56,500ms,0,PRIMARY,BUY,1,1789653260.3270001,1789654160.4550002,2026-09-17T13:54:20.327000+00:00,2026-09-17T14:09:20.455000+00:00,max_hold,900.1280000209808,4322.52,0.07316299228947881,58.60550127671784,10.229999999999563,-1.3800000000001091,798.697999715805,8.36999999999989,10.229999999999563,-0.2649999999994179,-1.0100000000002183,0.9699999999993452,-0.4249999999992724,0.625,0.08571428571428572,0.27000000000043656,2.2450000000008004,0.08571428571428572,0.12026726057921618,-0.21999999999934516,-0.930000000000291,-0.2749999999996362,-0.9600000000000364,1.215,0.1,0.3099999999994907,1.7150000000001455,0.1,0.18075801749239906,1.4600000000000364,0.0,9.420999765396118,4.829999999999927,0.0,29.453999757766724,6.219999999999345,0.0,59.644999742507935,True
500ms-s0-t57,500ms,0,BURST,BUY,1,1789654187.951,1789654260.906,2026-09-17T14:09:47.951000+00:00,2026-09-17T14:11:00.906000+00:00,momentum_zero_cross,72.95499992370605,4335.93,0.07775579913045078,5.655458880606214,3.889999999999418,-1.1400000000003274,66.24500012397766,0.7599999999993088,3.889999999999418,1.9750000000003638,5.105000000001382,3.390000000001237,3.100000000000364,1.3480176211453745,0.29292929292929293,0.21000000000003638,5.165000000000873,0.29292929292929293,0.040658276863504525,-2.4100000000016735,-1.1150000000016007,0.5649999999986903,5.114999999998872,1.2637362637362637,0.02608695652173913,0.2899999999999636,3.8499999999994543,0.02608695652173913,0.07532467532467656,0.09000000000014552,-0.9799999999995634,9.565999984741211,0.09000000000014552,-2.969999999999345,29.49500012397766,0.09000000000014552,-5.4099999999998545,59.58900022506714,True
500ms-s0-t58,500ms,0,MICRO,SELL,-1,1789654359.42,1789654388.461,2026-09-17T14:12:39.420000+00:00,2026-09-17T14:13:08.461000+00:00,momentum_zero_cross,29.04099988937378,4331.71,0.07819900718549395,-3.1431998663386262,0.09000000000014552,-0.819999999999709,1.9489998817443848,-0.42000000000007276,0.09000000000014552,-0.4650000000001455,-0.06999999999970896,-2.235000000000582,-6.364999999999782,0.9107142857142857,-0.17647058823529413,0.22000000000025466,2.769999999999527,0.17647058823529413,0.07942238267158563,-0.030000000000654836,-0.18500000000040018,-0.23000000000047294,-3.960000000000946,0.7281553398058253,-0.041666666666666664,0.3000000000001819,1.2050000000008367,0.041666666666666664,0.24896265560163783,0.1000000000003638,-0.5999999999994543,9.907999992370605,1.230000000000473,-0.5999999999994543,29.742000102996826,1.430000000000291,-0.5999999999994543,59.37599992752075,True
500ms-s0-t59,500ms,0,PRIMARY,SELL,-1,1789655867.452,1789656007.483,2026-09-17T14:37:47.452000+00:00,2026-09-17T14:40:07.483000+00:00,momentum_zero_cross,140.0310001373291,4324.64,0.07795268031285961,-7.9078493189596815,0.42000000000007276,-1.6899999999995998,25.536999940872192,-1.0599999999994907,0.42000000000007276,-0.3650000000006912,-1.324999999999818,-2.3850000000002183,-1.5399999999999636,1.2391304347826086,-0.03571428571428571,0.2999999999992724,2.0649999999996,0.03571428571428571,0.14527845036287193,-0.3400000000001455,0.23999999999978172,0.5349999999998545,0.8500000000003638,0.972972972972973,-0.16666666666666666,0.32999999999992724,1.1850000000013097,0.16666666666666666,0.2784810126578587,0.21000000000003638,-0.1500000000005457,9.411999940872192,1.1599999999998545,-0.1500000000005457,29.85199999809265,2.1099999999996726,-0.1500000000005457,59.90400004386902,True
500ms-s0-t60,500ms,0,PRIMARY,BUY,1,1789656821.38,1789657721.4380002,2026-09-17T14:53:41.380000+00:00,2026-09-17T15:08:41.438000+00:00,max_hold,900.058000087738,4339.34,0.07733295650437266,71.71497620239836,14.0,-0.21000000000003638,428.60399985313416,9.6899999999996,14.0,1.805000000000291,1.5900000000001455,2.4200000000009823,2.269999999999527,1.2678571428571428,0.07042253521126761,0.23999999999978172,2.4149999999999636,0.07042253521126761,0.09937888198748875,0.18999999999959982,0.4099999999998545,3.074999999999818,1.3450000000002547,0.7384615384615385,0.0625,0.43000000000029104,4.265000000000327,0.0625,0.10082063305984948,0.4000000000005457,-0.10999999999967258,9.95799970626831,2.0,-0.10999999999967258,29.978999614715576,4.980000000000473,-0.10999999999967258,59.55999994277954,True
500ms-s0-t61,500ms,0,SECONDARY,BUY,1,1789657766.486,1789658209.948,2026-09-17T15:09:26.486000+00:00,2026-09-17T15:16:49.948000+00:00,take_profit,443.4619998931885,4353.06,0.08295312911832772,63.748472925304725,8.029999999999745,-1.9500000000007276,443.4619998931885,8.029999999999745,8.029999999999745,1.9450000000006185,3.1149999999997817,3.5000000000009095,6.0600000000004,1.052924791086351,0.12,0.2000000000007276,4.210000000000036,0.12,0.0475059382424527,1.324999999999818,3.915000000000873,7.235000000000582,6.575000000000728,1.1312849162011174,0.2631578947368421,0.4099999999998545,7.319999999999709,0.2631578947368421,0.05601092896173098,0.1999999999998181,-1.2899999999999636,9.509000062942505,0.1999999999998181,-3.3100000000004,29.98900008201599,0.1999999999998181,-3.3100000000004,59.52300000190735,True
500ms-s0-t62,500ms,0,PRIMARY,BUY,1,1789658224.968,1789659125.299,2026-09-17T15:17:04.968000+00:00,2026-09-17T15:32:05.299000+00:00,max_hold,900.3310000896454,4359.56,0.08794898131947886,96.87854438109686,21.48999999999978,-1.7800000000006548,774.4930000305176,11.509999999999309,21.48999999999978,-1.5850000000000364,-0.09000000000014552,3.0850000000000364,5.354999999999563,1.1005434782608696,0.05970149253731343,0.21000000000003638,5.670000000000073,0.05970149253731343,0.037037037037042975,-0.680000000000291,-1.25,-4.380000000001019,-3.6450000000004366,1.2698412698412698,0.20512820512820512,0.4600000000000364,5.194999999999709,0.20512820512820512,0.08854667949953073,0.6599999999998545,-0.09000000000014552,9.315999984741211,1.730000000000473,-0.09000000000014552,29.640000104904175,1.730000000000473,-2.4099999999998545,59.681999921798706,True
500ms-s0-t63,500ms,0,MICRO,SELL,-1,1789659163.1980002,1789659442.468,2026-09-17T15:32:43.198000+00:00,2026-09-17T15:37:22.468000+00:00,trail,279.26999974250793,4369.56,0.09554117713188241,45.67173898352881,5.520000000000437,-2.6099999999996726,259.29299998283386,3.4200000000000728,5.520000000000437,-2.3549999999995634,-1.9699999999993452,-2.6599999999998545,-6.649999999999636,1.044776119402985,0.0,0.21999999999934516,3.3850000000002183,-0.0,0.06499261447543013,0.42000000000098225,-0.044999999999163265,0.37000000000080036,-2.884999999999309,0.8881578947368421,0.0,0.2899999999999636,2.7600000000002183,-0.0,0.10507246376809445,0.6700000000000728,-0.42000000000007276,9.973000049591064,0.6700000000000728,-0.9600000000000364,29.736000061035156,0.8600000000005821,-0.9600000000000364,59.87700009346008,True
500ms-s0-t64,500ms,0,PRIMARY,BUY,1,1789659697.811,1789659739.4220002,2026-09-17T15:41:37.811000+00:00,2026-09-17T15:42:19.422000+00:00,emergency_stop,41.611000061035156,4369.63,0.0991203884801858,-38.51327908130433,0.4899999999997817,-4.0600000000004,7.662999868392944,-4.0600000000004,0.4899999999997817,1.0650000000005093,1.7100000000009459,1.0900000000001455,1.1550000000006548,1.1318181818181818,0.42168674698795183,0.22000000000025466,2.3950000000004366,0.42168674698795183,0.09185803757837768,-2.125,-3.0650000000005093,-1.9899999999997817,-4.575000000000728,1.0595238095238095,-0.056179775280898875,0.32000000000061846,4.5349999999998545,-0.056179775280898875,0.07056229327467006,0.06000000000040018,-1.699999999999818,9.708999872207642,0.06000000000040018,-1.699999999999818,29.382999658584595,0.06000000000040018,-1.699999999999818,59.87599968910217,True
500ms-s0-t65,500ms,0,BURST,BUY,1,1789660114.463,1789660185.86,2026-09-17T15:48:34.463000+00:00,2026-09-17T15:49:45.860000+00:00,momentum_zero_cross,71.39699983596802,4364.39,0.09610217265096387,13.979713200630561,2.889999999999418,-0.8000000000001819,61.53500008583069,1.519999999999527,2.889999999999418,2.4450000000006185,3.475000000000364,2.7650000000003274,2.8350000000000364,1.2148760330578512,0.20408163265306123,0.25,4.065000000000509,0.20408163265306123,0.06150061500614236,-0.9749999999994543,-0.3400000000001455,2.0050000000010186,5.140000000000327,1.0706713780918728,-0.0707070707070707,0.3100000000004002,3.530000000000655,-0.0707070707070707,0.08781869688394976,0.5600000000004002,-0.21000000000003638,9.169000148773193,2.4000000000005457,-0.21000000000003638,29.794000148773193,2.9600000000000364,-0.21000000000003638,59.58300018310547,True
500ms-s0-t66,500ms,0,MICRO,BUY,1,1789660200.981,1789660505.997,2026-09-17T15:50:00.981000+00:00,2026-09-17T15:55:05.997000+00:00,trail,305.0160000324249,4367.49,0.09719773741918451,50.55651993134726,7.280000000000655,-0.23999999999978172,216.89400005340576,5.239999999999782,7.280000000000655,0.8649999999997817,0.8449999999993452,3.024999999999636,6.049999999999272,0.8945454545454545,0.0,0.2899999999999636,3.0299999999997453,0.0,0.09570957095709175,-1.4049999999997453,-1.175000000000182,-1.035000000000764,-0.5900000000001455,1.145922746781116,-0.12643678160919541,0.28000000000065484,1.8300000000008367,-0.12643678160919541,0.1530054644811622,0.22000000000025466,-0.2899999999999636,9.815999984741211,0.22000000000025466,-0.589999999999236,29.737000226974487,0.5,-1.4399999999995998,59.972999811172485,True
500ms-s0-t67,500ms,0,SECONDARY,SELL,-1,1789660803.487,1789660845.472,2026-09-17T16:00:03.487000+00:00,2026-09-17T16:00:45.472000+00:00,momentum_zero_cross,41.984999895095825,4369.01,0.10115976019073399,-36.20769355670155,2.2399999999997817,-3.7799999999997453,10.508000135421753,-3.7399999999997817,2.2399999999997817,-4.795000000000073,-3.8649999999997817,-3.949999999999818,-3.4349999999994907,1.2895522388059701,-0.11888111888111888,0.25,4.9650000000001455,0.11888111888111888,0.0503524672708948,2.5100000000002183,5.979999999999563,-1.269999999999527,-0.8299999999999272,0.988399071925754,0.23404255319148937,0.3000000000001819,7.524999999999636,-0.23404255319148937,0.0398671096345776,0.3400000000001455,-0.6099999999996726,9.45900011062622,0.9399999999995998,-1.5799999999999272,29.98099994659424,3.6899999999996,-1.5799999999999272,59.51800012588501,True
500ms-s0-t68,500ms,0,SECONDARY,SELL,-1,1789661412.966,1789661741.483,2026-09-17T16:10:12.966000+00:00,2026-09-17T16:15:41.483000+00:00,emergency_stop,328.5169999599457,4364.95,0.09832222891738406,-39.614600330953486,4.380000000000109,-4.210000000000036,201.47599983215332,-4.210000000000036,4.380000000000109,-1.050000000000182,-1.930000000000291,-2.574999999999818,-4.210000000000036,1.045774647887324,-0.030303030303030304,0.25,2.4149999999999636,0.030303030303030304,0.1035196687370616,2.0799999999999272,2.8549999999995634,3.7299999999995634,8.149999999999636,1.1272727272727272,0.14754098360655737,0.4099999999998545,4.190000000000509,-0.14754098360655737,0.09785202863957151,0.09000000000014552,-0.9200000000000728,9.860000133514404,0.18000000000029104,-1.480000000000473,29.77999997138977,0.18000000000029104,-1.8500000000003638,59.9689998626709,True
500ms-s0-t69,500ms,0,PRIMARY,BUY,1,1789661749.9420002,1789662495.4540002,2026-09-17T16:15:49.942000+00:00,2026-09-17T16:28:15.454000+00:00,emergency_stop,745.5120000839233,4369.07,0.09521770453931763,-37.27026521171355,5.920000000000073,-4.0900000000001455,208.3239996433258,-4.0900000000001455,5.920000000000073,0.7650000000003274,1.9099999999998545,3.610000000000582,7.954999999999927,1.2425068119891007,-0.05333333333333334,0.27999999999974534,4.699999999999818,-0.05333333333333334,0.059574468085054504,-1.319999999999709,-1.714999999999236,-2.524999999999636,-1.4399999999995998,0.9805825242718447,-0.15151515151515152,0.33000000000083674,3.134999999999309,-0.15151515151515152,0.10526315789502695,0.9800000000004729,-0.019999999999527063,9.906999588012695,1.2600000000002183,-0.019999999999527063,29.482999801635742,1.5900000000001455,-0.019999999999527063,59.47399973869324,True
500ms-s0-t70,500ms,0,SECONDARY,SELL,-1,1789662996.479,1789663061.473,2026-09-17T16:36:36.479000+00:00,2026-09-17T16:37:41.473000+00:00,emergency_stop,64.99399995803833,4366.24,0.09229690145257395,-35.95033968049828,0.0,-4.0700000000006185,0.0,-4.0700000000006185,0.0,-3.8800000000010186,-4.155000000000655,-5.505000000000109,-2.3450000000002547,1.0028818443804035,-0.0990990990990991,0.14000000000032742,5.829999999999927,0.0990990990990991,0.024013722126986135,1.7400000000006912,1.7950000000000728,3.1649999999999636,-1.9749999999994543,0.974025974025974,0.20967741935483872,0.3600000000005821,3.555000000000291,-0.20967741935483872,0.10126582278496557,3.300000000000182,-0.049999999999272404,9.455999851226807,5.25,-0.049999999999272404,29.5239999294281,5.710000000000036,-0.049999999999272404,59.94099998474121,True
500ms-s0-t71,500ms,0,PRIMARY,SELL,-1,1789663504.984,1789663549.472,2026-09-17T16:45:04.984000+00:00,2026-09-17T16:45:49.472000+00:00,emergency_stop,44.48799991607666,4355.48,0.08947953853573372,-34.51042037195519,0.0,-4.030000000000655,0.0,-4.030000000000655,0.0,-2.3150000000005093,-2.2700000000004366,-3.4200000000000728,-4.694999999999709,1.0714285714285714,-0.13513513513513514,0.2900000000008731,3.8299999999999272,0.13513513513513514,0.07571801566602575,1.235000000000582,3.405000000000655,1.2500000000009095,-1.5749999999989086,0.9761388286334056,0.06040268456375839,0.4600000000000364,3.7700000000004366,-0.06040268456375839,0.12201591511935891,-0.0,-1.269999999999527,9.516000032424927,0.9099999999998545,-1.269999999999527,29.979000091552734,0.9099999999998545,-4.719999999999345,59.94800019264221,True
500ms-s0-t72,500ms,0,SECONDARY,BUY,1,1789663602.473,1789664765.407,2026-09-17T16:46:42.473000+00:00,2026-09-17T17:06:05.407000+00:00,take_profit,1162.9340000152588,4364.06,0.08677501948349071,68.34645960306972,8.229999999999563,-0.660000000000764,1162.9340000152588,8.229999999999563,8.229999999999563,1.8300000000008367,4.360000000000582,5.815000000000509,6.285000000000764,1.070921985815603,0.06666666666666667,0.25,6.0900000000001455,0.06666666666666667,0.04105090311986766,3.2600000000002183,4.675000000001091,3.4450000000006185,3.0900000000001455,0.959349593495935,0.1452991452991453,0.48000000000047294,5.2150000000001455,0.1452991452991453,0.09204218600200567,0.4600000000000364,-0.019999999999527063,9.557999849319458,2.319999999999709,-0.019999999999527063,29.56599998474121,3.319999999999709,-0.26999999999952706,59.74199986457825,True
500ms-s0-t73,500ms,0,PRIMARY,BUY,1,1789664819.497,1789665122.47,2026-09-17T17:06:59.497000+00:00,2026-09-17T17:12:02.470000+00:00,emergency_stop,302.97300004959106,4375.72,0.0921312075611089,-37.7374021674993,4.0,-4.280000000000655,212.9800000190735,-4.280000000000655,4.0,1.735000000000582,1.1700000000000728,6.100000000000364,5.920000000000073,0.9846153846153847,0.03937007874015748,0.2899999999999636,6.220000000001164,0.03937007874015748,0.04662379421220408,-2.5900000000001455,-2.675000000000182,-4.155000000000655,-5.350000000000364,0.9855907780979827,0.03508771929824561,0.2600000000002183,4.190000000000509,0.03508771929824561,0.062052505966631664,0.3100000000004002,-1.6699999999991633,9.958999872207642,0.3100000000004002,-3.0299999999997453,29.890999794006348,0.3100000000004002,-3.0299999999997453,59.9539999961853,True
500ms-s0-t74,500ms,0,MICRO,SELL,-1,1789665128.421,1789665431.976,2026-09-17T17:12:08.421000+00:00,2026-09-17T17:17:11.976000+00:00,momentum_zero_cross,303.5550000667572,4370.32,0.08917379579839685,0.9387531475137588,1.7199999999993452,-3.0200000000004366,15.575999975204468,0.10999999999967258,1.7199999999993452,-3.1899999999996,-2.7349999999996726,-4.130000000000109,-6.845000000000255,1.1329305135951662,-0.184,0.28000000000065484,5.300000000000182,0.184,0.05283018867936702,0.49499999999898137,0.0,-0.8850000000002183,-0.3850000000002183,1.024793388429752,0.08943089430894309,0.23000000000047294,3.3599999999996726,-0.08943089430894309,0.06845238095252838,0.17000000000007276,-0.7100000000000364,9.85699987411499,2.1899999999996,-0.7100000000000364,29.979000091552734,3.8900000000003274,-0.7100000000000364,59.91000008583069,True
500ms-s0-t75,500ms,0,PRIMARY,SELL,-1,1789666760.28,1789667660.3630002,2026-09-17T17:39:20.280000+00:00,2026-09-17T17:54:20.363000+00:00,max_hold,900.0830001831055,4362.3,0.0892473641799303,52.78436985977428,6.470000000000255,-2.639999999999418,888.7160000801086,6.180000000000291,6.470000000000255,-0.9499999999989086,-1.9599999999991269,-1.4949999999998909,-1.6149999999997817,0.967391304347826,-0.08045977011494253,0.27999999999974534,2.5900000000001455,0.08045977011494253,0.10810810810800371,-0.4150000000008731,-0.6300000000001091,-3.5100000000002183,-3.175000000000182,1.0876132930513596,0.13559322033898305,0.27999999999974534,4.030000000000655,-0.13559322033898305,0.06947890818851113,-0.0,-1.0200000000004366,9.96399998664856,-0.0,-2.8599999999996726,29.444000005722046,-0.0,-2.8599999999996726,59.46999979019165,False
500ms-s0-t76,500ms,0,PRIMARY,SELL,-1,1789668684.972,1789668791.965,2026-09-17T18:11:24.972000+00:00,2026-09-17T18:13:11.965000+00:00,momentum_zero_cross,106.99300003051758,4354.48,0.09338397950967027,-22.789459510854282,0.8299999999999272,-2.75,50.52000021934509,-2.550000000000182,0.8299999999999272,-0.07999999999992724,-1.2800000000006548,-2.25,-1.2950000000000728,0.9692307692307692,0.047619047619047616,0.2900000000008731,3.0599999999994907,-0.047619047619047616,0.09477124183036646,1.1299999999991996,-0.030000000000654836,3.014999999999418,2.164999999999054,1.013793103448276,0.2916666666666667,0.36999999999989086,3.5399999999999636,-0.2916666666666667,0.10451977401126968,0.03999999999996362,-1.230000000000473,9.50600004196167,0.03999999999996362,-3.0700000000006185,29.986000061035156,0.03999999999996362,-4.619999999999891,59.1780002117157,True
500ms-s0-t77,500ms,0,PRIMARY,BUY,1,1789670449.961,1789670824.465,2026-09-17T18:40:49.961000+00:00,2026-09-17T18:47:04.465000+00:00,momentum_zero_cross,374.5039999485016,4364.65,0.09159801090154768,1.8408856198115302,2.3700000000008004,-1.2599999999993088,234.51700019836426,0.21000000000003638,2.3700000000008004,0.22000000000025466,1.194999999999709,2.290000000000873,1.175000000000182,0.93,0.04918032786885246,0.21000000000003638,2.5900000000001455,0.04918032786885246,0.08108108108109058,-0.6099999999996726,-0.8650000000006912,-1.0600000000004002,-1.2100000000000364,1.2,-0.04878048780487805,0.18000000000029104,1.5299999999997453,-0.04878048780487805,0.11764705882373921,0.0,-1.1199999999998909,9.611000061035156,0.0,-1.569999999999709,29.492000102996826,0.0,-1.569999999999709,59.14300012588501,False
500ms-s0-t78,500ms,0,PRIMARY,BUY,1,1789671602.393,1789672502.4099998,2026-09-17T19:00:02.393000+00:00,2026-09-17T19:15:02.410000+00:00,max_hold,900.0169999599457,4370.7,0.09174227776871766,-19.31584301074751,1.699999999999818,-3.630000000000109,73.89800024032593,-2.199999999999818,1.699999999999818,0.6450000000004366,1.2550000000010186,2.055000000000291,3.9099999999998545,1.1913875598086126,0.075,0.2899999999999636,2.8549999999995634,0.075,0.10157618213660524,0.6549999999997453,0.5200000000004366,0.7849999999998545,0.4499999999998181,1.346938775510204,0.12643678160919541,0.2600000000002183,1.0650000000005093,0.12643678160919541,0.24413145539914924,0.3000000000001819,-0.6300000000001091,9.919000148773193,0.3000000000001819,-0.6300000000001091,29.89900016784668,0.3000000000001819,-0.8599999999996726,59.290000200271606,True
500ms-s0-t79,500ms,0,PRIMARY,SELL,-1,1789673571.864,1789674472.351,2026-09-17T19:32:51.864000+00:00,2026-09-17T19:47:52.351000+00:00,max_hold,900.4869999885559,4362.07,0.09022853018553394,8.635059818668987,4.389999999999418,-0.22000000000025466,640.4830000400543,1.0,4.389999999999418,-0.4749999999994543,-1.139999999999418,-2.255000000000109,-4.299999999999272,1.042857142857143,-0.1388888888888889,0.22000000000025466,2.6750000000010914,0.1388888888888889,0.08224299065426725,-0.020000000000436557,-0.16000000000076398,0.2899999999999636,-0.4399999999995998,0.9354838709677419,-0.07142857142857142,0.23999999999978172,0.875,0.07142857142857142,0.27428571428546483,0.10999999999967258,-0.23000000000047294,9.865000009536743,0.7899999999999636,-0.23000000000047294,29.605000019073486,1.9099999999998545,-0.23000000000047294,59.056999921798706,True
500ms-s0-t80,500ms,0,PRIMARY,SELL,-1,1789681108.4099998,1789681137.875,2026-09-17T21:38:28.410000+00:00,2026-09-17T21:38:57.875000+00:00,momentum_zero_cross,29.46500015258789,4349.64,0.09090524416192543,-16.790657940900996,0.0,-2.339999999999236,0.0,-1.9299999999993815,0.0,-0.6500000000005457,-0.4400000000005093,-1.4350000000004002,1.144999999999527,1.0784313725490196,-0.4716981132075472,0.26999999999952706,1.4899999999997817,0.4716981132075472,0.1812080536909843,-0.09500000000025466,1.5299999999997453,1.2449999999998909,1.9049999999997453,0.9202453987730062,-0.10204081632653061,0.21999999999934516,2.1200000000008004,0.10204081632653061,0.10377358490531231,0.27999999999974534,-0.11999999999989086,9.317999839782715,1.1599999999998545,-0.28000000000065484,29.793999910354614,1.1599999999998545,-0.28000000000065484,59.54099988937378,True
500ms-s0-t81,500ms,0,SECONDARY,SELL,-1,1789684082.9740002,1789685283.444,2026-09-17T22:28:02.974000+00:00,2026-09-17T22:48:03.444000+00:00,max_hold,1200.4699997901917,4343.74,0.08958939075268198,-18.26239173376322,0.6199999999998909,-3.9200000000000728,480.8869996070862,-2.130000000000109,0.6199999999998909,-2.2799999999997453,-3.0000000000009095,-3.300000000000182,-5.800000000000182,1.4829545454545454,-0.17647058823529413,0.17000000000007276,3.2100000000000364,0.17647058823529413,0.05295950155765446,-1.0,-0.4749999999994543,-0.044999999999163265,-0.7949999999991633,1.078125,-0.6086956521739131,0.1999999999998181,1.0599999999994907,0.6086956521739131,0.18867924528293792,1.0299999999997453,-0.0,9.911999940872192,1.269999999999527,-0.0,29.914999961853027,1.5100000000002183,-0.0,59.632999897003174,True
500ms-s0-t82,500ms,0,BURST,BUY,1,1789701778.447,1789701843.375,2026-09-18T03:22:58.447000+00:00,2026-09-18T03:24:03.375000+00:00,momentum_zero_cross,64.92799997329712,4355.39,0.08815820023540782,8.774401890538677,1.7799999999997453,-0.36999999999989086,38.49500012397766,1.0399999999999636,1.7799999999997453,2.244999999999891,3.3850000000002183,3.280000000000655,1.550000000000182,1.27007299270073,0.2413793103448276,0.25,4.3200000000006185,0.2413793103448276,0.057870370370362086,-0.4099999999998545,0.0,0.9900000000006912,5.065000000000509,1.0419161676646707,-0.06896551724137931,0.5399999999999636,2.0349999999998545,-0.06896551724137931,0.26535626535626644,0.25,-0.48000000000047294,9.616000175476074,0.25,-0.7700000000004366,29.880000114440918,0.25,-1.110000000000582,59.99300003051758,True
500ms-s0-t83,500ms,0,PRIMARY,BUY,1,1789702326.9910002,1789703227.079,2026-09-18T03:32:06.991000+00:00,2026-09-18T03:47:07.079000+00:00,max_hold,900.0879998207092,4358.22,0.08884583419724398,-18.53595774146565,1.8299999999999272,-2.9700000000002547,54.98599982261658,-2.180000000000291,1.8299999999999272,-0.23999999999978172,0.7250000000003638,0.6250000000009095,4.325000000000728,1.1338582677165354,-0.02127659574468085,0.2899999999999636,1.3649999999997817,-0.02127659574468085,0.21245421245421978,-0.25500000000010914,-0.12999999999919964,-1.1599999999998545,-3.014999999999418,0.4931506849315068,0.0,0.42000000000007276,1.9399999999995998,0.0,0.2164948453609069,0.7200000000002547,-0.23999999999978172,9.564000129699707,0.8299999999999272,-0.23999999999978172,29.835999965667725,0.8299999999999272,-2.5299999999997453,59.180999994277954,True
500ms-s0-t84,500ms,0,PRIMARY,BUY,1,1789705225.456,1789705870.4950001,2026-09-18T04:20:25.456000+00:00,2026-09-18T04:31:10.495000+00:00,emergency_stop,645.0390000343323,4362.25,0.08739320480811885,-33.62212716798928,2.3299999999999272,-4.020000000000437,92.83800005912781,-4.020000000000437,2.3299999999999272,0.3400000000001455,1.1149999999997817,3.519999999999527,4.5649999999996,0.7083333333333334,0.11764705882352941,0.18000000000029104,3.555000000000291,0.11764705882352941,0.050632911392482785,-1.4799999999995634,-1.319999999999709,-1.4200000000000728,-0.9899999999997817,1.2147239263803682,-0.30303030303030304,0.47000000000025466,1.7049999999999272,-0.30303030303030304,0.27565982404708195,0.3900000000003274,-0.32999999999992724,9.954999685287476,0.4600000000000364,-0.32999999999992724,29.98699975013733,0.4600000000000364,-2.589999999999236,59.52899980545044,True
500ms-s0-t85,500ms,0,PRIMARY,SELL,-1,1789706581.792,1789707481.849,2026-09-18T04:43:01.792000+00:00,2026-09-18T04:58:01.849000+00:00,max_hold,900.0569999217987,4349.22,0.08475829968315378,-6.083660454080364,4.75,-1.449999999999818,495.6899998188019,-0.75,4.75,-0.7399999999997817,-0.6149999999997817,-0.625,-0.3249999999998181,1.0,-0.2631578947368421,0.21999999999934516,1.3400000000001455,0.2631578947368421,0.16417910447710543,-0.039999999999054126,0.4899999999997817,0.8500000000003638,0.27000000000043656,0.8387096774193549,0.07692307692307693,0.4000000000005457,1.1350000000002183,-0.07692307692307693,0.3524229074893998,0.3600000000005821,-0.4099999999998545,9.814000129699707,0.4000000000005457,-0.4099999999998545,29.902000188827515,0.4000000000005457,-0.4099999999998545,59.349000215530396,True
500ms-s0-t86,500ms,0,PRIMARY,SELL,-1,1789712211.0449998,1789713111.404,2026-09-18T06:16:51.045000+00:00,2026-09-18T06:31:51.404000+00:00,max_hold,900.3590002059937,4342.82,0.08428153424743604,-3.3070271256664614,8.05999999999949,-0.7000000000007276,554.6550002098083,-0.4099999999998545,8.05999999999949,-0.024999999999636202,-1.680000000000291,-0.9899999999997817,-1.6849999999994907,0.8454545454545455,-0.2903225806451613,0.22000000000025466,1.6849999999994907,0.2903225806451613,0.13056379821977518,0.1749999999992724,0.26999999999952706,1.0549999999993815,1.980000000000473,0.8503937007874016,0.0,0.32999999999992724,1.300000000000182,-0.0,0.25384615384606235,0.12999999999919964,-0.75,9.509999752044678,0.12999999999919964,-1.0600000000004002,28.647000074386597,0.12999999999919964,-1.5700000000006185,59.930999994277954,True
500ms-s0-t87,500ms,0,BURST,BUY,1,1789713296.6780002,1789713346.9529998,2026-09-18T06:34:56.678000+00:00,2026-09-18T06:35:46.953000+00:00,momentum_zero_cross,50.27499961853027,4349.87,0.08402236852962525,8.282350628714772,1.949999999999818,-0.25,45.617999792099,1.0299999999997453,1.949999999999818,2.1350000000002183,2.375,4.475000000000364,5.510000000000218,1.425,0.25,0.23999999999978172,4.529999999999745,0.25,0.05298013245028592,-0.535000000000764,-0.015000000000327418,3.494999999999891,6.239999999999782,0.9493670886075949,-0.14285714285714285,0.42000000000007276,4.204999999999927,-0.14285714285714285,0.09988109393580975,0.6300000000001091,0.0,8.71500015258789,0.6300000000001091,-0.10999999999967258,29.449000120162964,0.6300000000001091,-0.25,59.28800010681152,True
500ms-s0-t88,500ms,0,PRIMARY,BUY,1,1789713750.544,1789714650.717,2026-09-18T06:42:30.544000+00:00,2026-09-18T06:57:30.717000+00:00,max_hold,900.1730000972748,4356.06,0.08467144132651645,34.43874766614124,4.710000000000036,-0.0500000000001819,348.93100023269653,4.25,4.710000000000036,-0.17999999999938154,0.5300000000006548,1.2450000000008004,3.235000000000582,0.8677685950413223,-0.14285714285714285,0.2899999999999636,2.355000000000473,-0.14285714285714285,0.12314225053074539,0.26999999999952706,0.42000000000007276,0.6649999999999636,1.925000000000182,1.6271186440677967,0.125,0.47999999999956344,1.0900000000001455,0.125,0.44036697247660495,0.0,-1.0,9.438999891281128,0.0,-1.800000000000182,29.555000066757202,0.0,-2.4400000000005093,59.574000120162964,False
500ms-s0-t89,500ms,0,BURST,SELL,-1,1789720203.473,1789720233.4129999,2026-09-18T08:30:03.473000+00:00,2026-09-18T08:30:33.413000+00:00,momentum_zero_cross,29.93999981880188,4361.74,0.08737034351879916,-6.1039135073073965,1.0799999999999272,-2.230000000000473,4.011999845504761,-0.7300000000004729,1.0799999999999272,-3.1799999999993815,-4.055000000000291,-2.2399999999997817,-2.6899999999996,1.653061224489796,-0.3,0.22000000000025466,4.334999999999127,0.3,0.05074971164943459,-1.144999999999527,0.0999999999994543,-3.6500000000005457,-2.0549999999993815,0.6966824644549763,-0.02040816326530612,0.43000000000029104,5.704999999999927,0.02040816326530612,0.07537248028050772,1.0600000000004002,-1.0900000000001455,9.86300015449524,1.0600000000004002,-2.5999999999994543,29.48800015449524,1.0600000000004002,-2.5999999999994543,59.223999977111816,True
500ms-s0-t90,500ms,0,PRIMARY,BUY,1,1789721882.816,1789722322.498,2026-09-18T08:58:02.816000+00:00,2026-09-18T09:05:22.498000+00:00,momentum_zero_cross,439.6819999217987,4375.3,0.08689199088803343,45.15450078632441,11.590000000000146,-1.0100000000002183,208.15000009536743,5.4299999999993815,11.590000000000146,0.35500000000047294,2.7899999999999636,4.025000000000546,1.8500000000003638,0.6296296296296297,-0.29411764705882354,0.25,4.165000000000873,-0.29411764705882354,0.060024009603828955,-0.15499999999974534,-1.144999999999527,-1.1999999999989086,-2.125,0.740506329113924,0.1282051282051282,0.4000000000005457,1.7349999999996726,0.1282051282051282,0.2305475504326347,0.28000000000065484,-0.6799999999993815,9.866000175476074,2.0700000000006185,-1.1299999999991996,29.986999988555908,5.330000000000837,-1.1299999999991996,59.8270001411438,True
500ms-s0-t91,500ms,0,SECONDARY,BUY,1,1789722363.9980001,1789723566.3990002,2026-09-18T09:06:03.998000+00:00,2026-09-18T09:26:06.399000+00:00,max_hold,1202.4010000228882,4385.21,0.0904306672169482,59.36921663345002,7.5600000000004,-3.5200000000004366,1166.4249999523163,6.859999999999673,7.5600000000004,2.915000000000873,4.800000000000182,2.9500000000007276,1.805000000000291,1.0970149253731343,0.0,0.22000000000025466,5.325000000000728,0.0,0.04131455399065251,-0.32000000000061846,-0.4850000000005821,0.9700000000002547,3.1699999999991633,0.9389312977099237,-0.07692307692307693,0.42000000000007276,1.6899999999995998,-0.07692307692307693,0.2485207100592735,0.8100000000004002,0.0,9.513999700546265,1.1700000000000728,-0.3099999999994907,29.740999937057495,1.2400000000006912,-0.3499999999994543,59.788999795913696,True
500ms-s0-t92,500ms,0,PRIMARY,BUY,1,1789723626.188,1789724526.463,2026-09-18T09:27:06.188000+00:00,2026-09-18T09:42:06.463000+00:00,max_hold,900.2750000953674,4393.32,0.09508332504525994,28.29998577244675,3.3299999999999272,-2.6599999999998545,866.5700001716614,3.110000000000582,3.3299999999999272,0.7549999999991996,1.2399999999997817,0.7349999999987631,1.875,1.0460526315789473,0.16,0.26999999999952706,1.5500000000010914,0.16,0.174193548386669,0.3249999999989086,-0.2250000000003638,0.9899999999997817,2.334999999999127,0.9144385026737968,0.08771929824561403,0.2599999999993088,1.25,0.08771929824561403,0.20799999999944702,0.07999999999992724,-0.4500000000007276,9.663000106811523,0.07999999999992724,-1.6599999999998545,29.788000106811523,0.07999999999992724,-1.7800000000006548,59.98399996757507,True
500ms-s0-t93,500ms,0,BURST,SELL,-1,1789728974.4169998,1789729003.4950001,2026-09-18T10:56:14.417000+00:00,2026-09-18T10:56:43.495000+00:00,momentum_zero_cross,29.07800030708313,4393.76,0.09730114360194105,-5.3077965518084635,0.0,-0.8800000000001091,0.0,-0.569999999999709,0.0,-1.4849999999996726,-2.1700000000000728,-3.8149999999996,-2.0600000000004,1.2206896551724138,-0.5862068965517241,0.21999999999934516,4.025000000000546,0.5862068965517241,0.0546583850929976,0.045000000000982254,0.2650000000003274,-1.875,-2.1950000000006185,0.7905405405405406,-0.05263157894736842,0.3099999999994907,2.375,0.05263157894736842,0.13052631578925925,0.7100000000000364,-0.0,9.961999893188477,1.3999999999996362,-0.0,29.905999898910522,1.5,-0.0,59.585999727249146,True
500ms-s0-t94,500ms,0,PRIMARY,SELL,-1,1789730727.8140001,1789731283.302,2026-09-18T11:25:27.814000+00:00,2026-09-18T11:34:43.302000+00:00,momentum_zero_cross,555.4879999160767,4389.43,0.09688518121304296,11.682865279222659,3.0799999999999272,-1.0499999999992724,401.1619999408722,1.2600000000002183,3.0799999999999272,-0.35499999999956344,-0.6249999999990905,-2.089999999999236,-3.3049999999993815,0.9838709677419355,-0.16666666666666666,0.2899999999999636,2.1149999999997817,0.16666666666666666,0.13711583924349577,0.36999999999898137,0.20499999999992724,0.10999999999967258,0.19499999999970896,0.9320388349514563,0.125,0.1999999999998181,0.8150000000005093,-0.125,0.24539877300575844,0.7200000000002547,-0.0,9.76800012588501,0.7200000000002547,-0.0,29.651999711990356,0.8400000000001455,-0.0,58.95300006866455,True
500ms-s0-t95,500ms,0,PRIMARY,BUY,1,1789733442.8700001,1789733823.9889998,2026-09-18T12:10:42.870000+00:00,2026-09-18T12:17:03.989000+00:00,emergency_stop,381.11899971961975,4397.81,0.09780074617550638,-37.53254453015939,0.32999999999992724,-4.010000000000218,1.6009998321533203,-4.010000000000218,0.32999999999992724,1.300000000000182,1.5349999999998545,1.860000000000582,1.0300000000006548,1.3611111111111112,0.10204081632653061,0.24000000000069122,1.8450000000011642,0.10204081632653061,0.1300813008133007,-0.7550000000001091,-1.0399999999999636,-0.8749999999990905,-0.8400000000001455,1.0434782608695652,-0.28888888888888886,0.25,1.4700000000002547,-0.28888888888888886,0.1700680272108549,0.2899999999999636,-0.13000000000010914,9.723999977111816,0.47000000000025466,-0.3100000000004002,29.962000131607056,0.6099999999996726,-0.3100000000004002,59.789000034332275,True
500ms-s0-t96,500ms,0,PRIMARY,SELL,-1,1789735360.477,1789736260.488,2026-09-18T12:42:40.477000+00:00,2026-09-18T12:57:40.488000+00:00,max_hold,900.010999917984,4379.18,0.09485938873427786,12.346410080963242,5.480000000000473,-1.6700000000000728,239.97099995613098,1.360000000000582,5.480000000000473,-0.944999999999709,-0.26999999999952706,-0.5049999999991996,-2.0499999999992724,0.9882352941176471,-0.1111111111111111,0.25,2.0,0.1111111111111111,0.125,0.6199999999998909,1.0799999999990177,0.8499999999994543,0.06499999999959982,1.0625,0.14285714285714285,0.42000000000007276,1.764999999999418,-0.14285714285714285,0.23796033994346247,0.3099999999994907,-0.03999999999996362,9.710000276565552,0.4899999999997817,-0.23000000000047294,29.68400001525879,1.3699999999998909,-0.23000000000047294,59.83900022506714,True
500ms-s0-t97,500ms,0,MICRO,SELL,-1,1789740383.483,1789740428.924,2026-09-18T14:06:23.483000+00:00,2026-09-18T14:07:08.924000+00:00,stagnation,45.44099998474121,4378.36,0.09582695449936791,-32.55648477679022,0.0,-3.610000000000582,0.0,-3.550000000000182,0.0,-1.3299999999999272,-0.07999999999992724,-5.5,-6.5349999999998545,0.9520958083832335,-0.08974358974358974,0.19000000000050932,6.715000000001055,0.08974358974358974,0.02829486224876835,0.3599999999996726,2.269999999999527,3.5499999999992724,-4.065000000000509,0.9561200923787528,0.0,0.26999999999952706,3.880000000000109,-0.0,0.06958762886585554,0.6399999999994179,-0.6599999999998545,9.50600004196167,0.6399999999994179,-1.0299999999997453,29.935999870300293,0.6399999999994179,-2.360000000000582,59.98799991607666,True
500ms-s1-t0,500ms,1,PRIMARY,SELL,-1,1789742547.9980001,1789742919.429,2026-09-18T14:42:27.998000+00:00,2026-09-18T14:48:39.429000+00:00,momentum_zero_cross,371.4309997558594,4377.9,0.039184093139022026,6.112499999996999,3.2299999999995634,-0.6500000000005457,296.4319999217987,1.6299999999991996,3.2299999999995634,-0.27000000000043656,-0.9750000000003638,-1.2700000000004366,0.05500000000029104,0.8391608391608392,-0.4,0.2899999999999636,1.3999999999996362,0.4,0.207142857142885,-0.024999999999636202,0.024999999999636202,0.16999999999916326,-0.9099999999998545,0.8741721854304636,0.047619047619047616,0.33000000000083674,0.8499999999994543,-0.047619047619047616,0.3882352941188807,0.4900000000006912,-0.0,9.95900011062622,0.5100000000002183,-0.2899999999999636,29.131999969482422,0.5100000000002183,-1.389999999999418,59.875,True
500ms-s1-t1,500ms,1,SECONDARY,BUY,1,1789743897.458,1789743949.368,2026-09-18T15:04:57.458000+00:00,2026-09-18T15:05:49.368000+00:00,emergency_stop,51.91000008583069,4378.99,0.03966311867764633,-15.980502187500043,2.449999999999818,-4.210000000000036,2.5210001468658447,-4.210000000000036,2.449999999999818,4.359999999999673,4.649999999999636,2.139999999999418,2.014999999999418,1.0782918149466192,0.0891089108910891,0.25,5.180000000000291,0.0891089108910891,0.04826254826254555,-2.0399999999999636,-3.655000000000655,0.10499999999956344,-1.319999999999709,0.9,-0.14285714285714285,0.28000000000065484,8.024999999999636,-0.14285714285714285,0.03489096573217041,0.4600000000000364,-0.6499999999996362,9.609999895095825,0.4600000000000364,-2.149999999999636,29.5939998626709,0.4600000000000364,-2.2799999999997453,59.58899998664856,True
500ms-s1-t2,500ms,1,PRIMARY,SELL,-1,1789743963.4339998,1789744863.4689999,2026-09-18T15:06:03.434000+00:00,2026-09-18T15:21:03.469000+00:00,max_hold,900.0350000858307,4373.36,0.03841075570539964,21.65158100336491,5.889999999999418,-3.6900000000005093,900.0350000858307,5.889999999999418,5.889999999999418,-0.9350000000004002,-3.1850000000004,-7.579999999999927,-3.280000000000655,1.1729323308270676,-0.2,0.22000000000025466,7.775000000001455,0.2,0.028295819935718777,-0.5499999999992724,-2.264999999999418,-3.0750000000007276,-6.069999999999709,0.7142857142857143,-0.23636363636363636,0.3500000000003638,3.5499999999992724,0.23636363636363636,0.09859154929589733,0.4400000000005093,-0.13999999999941792,9.36300015449524,1.980000000000473,-0.13999999999941792,29.990000247955322,2.2600000000002183,-0.13999999999941792,59.98900008201599,True
500ms-s1-t3,500ms,1,MICRO,SELL,-1,1789744864.375,1789745149.474,2026-09-18T15:21:04.375000+00:00,2026-09-18T15:25:49.474000+00:00,take_profit,285.0989999771118,4367.13,0.0401075508386855,25.66914512498394,10.220000000000255,-0.47999999999956344,285.0989999771118,10.220000000000255,10.220000000000255,-0.5450000000000728,-2.1850000000004,-3.5700000000006185,-6.2450000000008,0.8097345132743363,-0.2786885245901639,0.26999999999952706,3.0349999999998545,0.2786885245901639,0.08896210873131466,-0.7000000000007276,-1.2700000000004366,-1.3000000000010914,-5.575000000000728,0.8770764119601329,-0.11627906976744186,0.3599999999996726,2.2049999999999272,0.11627906976744186,0.1632653061223059,-0.0,-0.8699999999998909,9.866999864578247,-0.0,-1.5200000000004366,29.996999979019165,-0.0,-3.7799999999997453,59.932000160217285,False
500ms-s1-t4,500ms,1,SECONDARY,SELL,-1,1789745230.8769999,1789745380.437,2026-09-18T15:27:10.877000+00:00,2026-09-18T15:29:40.437000+00:00,emergency_stop,149.56000018119812,4355.12,0.04211919518543839,-17.05068766702524,1.0100000000002183,-4.230000000000473,34.40400004386902,-4.230000000000473,1.0100000000002183,-1.8049999999993815,-4.1850000000004,-2.1799999999993815,-2.949999999999818,1.202054794520548,-0.25862068965517243,0.27000000000043656,5.274999999999636,0.25862068965517243,0.051184834123309035,1.2049999999999272,2.824999999999818,3.1149999999997817,4.0049999999992,1.148014440433213,0.2,0.3100000000004002,3.4049999999997453,-0.2,0.09104258443477925,0.4500000000007276,-0.7999999999992724,9.41599988937378,0.8400000000001455,-1.8799999999991996,29.53499984741211,0.8400000000001455,-2.5499999999992724,59.681999921798706,True
500ms-s1-t5,500ms,1,MICRO,BUY,1,1789745476.022,1789745809.4329998,2026-09-18T15:31:16.022000+00:00,2026-09-18T15:36:49.433000+00:00,trail,333.41099977493286,4363.7,0.0407829637181802,23.51566701412273,9.25,-1.4099999999998545,266.47499990463257,7.239999999999782,9.25,2.505000000000109,2.5349999999998545,2.839999999999236,6.724999999999454,1.0936708860759494,0.16901408450704225,0.25,3.5299999999997453,0.16901408450704225,0.0708215297450476,-0.6300000000010186,-1.0050000000001091,-1.0349999999998545,1.3799999999991996,1.38,-0.12280701754385964,0.2600000000002183,2.024999999999636,-0.12280701754385964,0.1283950617285259,0.6700000000000728,0.0,9.41100025177002,0.6700000000000728,-0.9099999999998545,29.39300012588501,0.6700000000000728,-1.7899999999999636,59.82100033760071,True
500ms-s1-t6,500ms,1,PRIMARY,BUY,1,1789747212.315,1789747341.9950001,2026-09-18T16:00:12.315000+00:00,2026-09-18T16:02:21.995000+00:00,momentum_zero_cross,129.6800000667572,4370.44,0.042625843891195433,-11.136714974818858,3.0600000000004,-2.7299999999995634,52.66700005531311,-2.7299999999995634,3.0600000000004,2.1299999999991996,1.5999999999994543,1.7449999999989814,2.6699999999991633,1.4255874673629243,0.061452513966480445,0.27999999999974534,2.514999999999418,0.061452513966480445,0.11133200795221079,-1.2749999999996362,-2.8549999999995634,-4.609999999999673,-3.014999999999418,1.0476190476190477,-0.08396946564885496,0.36999999999989086,5.4399999999996,-0.08396946564885496,0.06801470588233788,0.5799999999999272,-0.5600000000004002,9.970999956130981,0.5799999999999272,-2.980000000000473,29.96399998664856,0.5799999999999272,-3.850000000000364,59.96599984169006,True
500ms-s1-t7,500ms,1,MICRO,SELL,-1,1789747384.487,1789747429.951,2026-09-18T16:03:04.487000+00:00,2026-09-18T16:03:49.951000+00:00,stagnation,45.46399998664856,4364.14,0.041753079737523346,-4.954863191311185,0.0,-2.149999999999636,0.0,-1.2399999999997817,0.0,-0.6050000000004729,-3.6700000000000728,-4.9650000000001455,-8.6850000000004,0.8985849056603774,-0.07936507936507936,0.2899999999999636,5.890000000000327,0.07936507936507936,0.049235993208819606,-0.15999999999985448,-0.4249999999992724,-0.5,-5.295000000000073,1.0749185667752443,0.16981132075471697,0.3500000000003638,2.1350000000002183,-0.16981132075471697,0.16393442622966184,0.3900000000003274,-2.0299999999997453,9.913000106811523,0.3900000000003274,-3.1099999999996726,29.991000175476074,0.3900000000003274,-4.470000000000255,59.53399991989136,True
500ms-s1-t8,500ms,1,SECONDARY,BUY,1,1789747489.987,1789748601.427,2026-09-18T16:04:49.987000+00:00,2026-09-18T16:23:21.427000+00:00,emergency_stop,1111.4400000572205,4370.32,0.041364776095964444,-16.389001185029993,5.100000000000364,-4.139999999999418,290.38499999046326,-4.139999999999418,5.100000000000364,1.944999999999709,2.514999999999418,4.969999999999345,5.034999999998945,0.9799426934097422,0.3153153153153153,0.2899999999999636,5.334999999999127,0.3153153153153153,0.0543580131209018,-0.4149999999990541,-1.179999999998472,-1.5099999999993088,-1.889999999999418,1.0116279069767442,-0.1724137931034483,0.2899999999999636,1.4399999999986903,-0.1724137931034483,0.2013888888890468,0.5099999999993088,0.0,9.565000057220459,0.6099999999996726,-0.4900000000006912,29.544999837875366,0.8099999999994907,-1.050000000000182,59.93399977684021,True
500ms-s1-t9,500ms,1,PRIMARY,SELL,-1,1789749090.464,1789749990.493,2026-09-18T16:31:30.464000+00:00,2026-09-18T16:46:30.493000+00:00,max_hold,900.029000043869,4362.27,0.04008039979818493,19.90769004924124,9.650000000000546,-0.8799999999991996,743.5120000839233,5.190000000000509,9.650000000000546,-1.194999999999709,-1.7100000000000364,-3.0100000000002183,-4.369999999999891,0.9482288828337875,-0.05263157894736842,0.21999999999934516,3.4199999999991633,0.05263157894736842,0.06432748537994122,-0.3849999999993088,0.05500000000029104,2.6950000000006185,3.480000000000473,0.8872180451127819,-0.09401709401709402,0.32999999999992724,3.8599999999996726,0.09401709401709402,0.08549222797926301,0.4600000000000364,-0.0,9.86299991607666,0.47999999999956344,-0.6300000000001091,29.930000066757202,1.7299999999995634,-0.6300000000001091,59.855000019073486,True
500ms-s1-t10,500ms,1,PRIMARY,SELL,-1,1789750451.994,1789751026.465,2026-09-18T16:54:11.994000+00:00,2026-09-18T17:03:46.465000+00:00,emergency_stop,574.470999956131,4350.26,0.041640529360329435,-16.299002169021882,2.5600000000004,-4.0900000000001455,312.38700008392334,-4.0900000000001455,2.5600000000004,-0.46999999999934516,-2.7249999999994543,-4.574999999999818,-2.509999999999309,0.9298642533936652,-0.14705882352941177,0.2600000000002183,4.6799999999993815,0.14705882352941177,0.05555555555560954,1.0049999999991996,0.4149999999990541,1.7899999999999636,3.5799999999999272,0.9858356940509915,-0.008695652173913044,0.4000000000005457,2.2399999999997817,0.008695652173913044,0.1785714285716896,0.5600000000004002,-0.23999999999978172,9.513000011444092,0.5600000000004002,-1.7100000000000364,29.68400001525879,0.5600000000004002,-1.75,59.47700023651123,True
500ms-s1-t11,500ms,1,BURST,SELL,-1,1789751987.461,1789752071.1929998,2026-09-18T17:19:47.461000+00:00,2026-09-18T17:21:11.193000+00:00,momentum_zero_cross,83.73199987411499,4347.75,0.04036320612220129,8.807283382069762,3.949999999999818,-0.8699999999998909,65.5239999294281,2.2799999999997453,3.949999999999818,-1.175000000000182,-3.6950000000006185,-3.425000000000182,-6.1249999999990905,1.201834862385321,-0.22580645161290322,0.2600000000002183,4.1250000000009095,0.22580645161290322,0.06303030303034204,0.1499999999996362,0.005000000000109139,-2.255000000000109,-6.100000000000364,0.981675392670157,0.11290322580645161,0.2600000000002183,4.115000000000691,-0.11290322580645161,0.06318347509117245,0.5799999999999272,-0.0,9.805000305175781,0.5799999999999272,-1.4200000000000728,29.729000091552734,0.5799999999999272,-1.5799999999999272,59.75999999046326,True
500ms-s1-t12,500ms,1,PRIMARY,SELL,-1,1789752073.445,1789752139.968,2026-09-18T17:21:13.445000+00:00,2026-09-18T17:22:19.968000+00:00,emergency_stop,66.52300000190735,4345.13,0.04105341694689085,-16.06919369523212,0.23999999999978172,-4.0900000000001455,3.5510001182556152,-4.0900000000001455,0.23999999999978172,0.7049999999999272,0.11499999999978172,-2.335000000000946,-6.0900000000001455,0.9789473684210527,0.15447154471544716,0.2899999999999636,3.9899999999997817,-0.15447154471544716,0.07268170426064649,2.5900000000001455,4.290000000000873,3.7550000000010186,1.480000000000473,0.9569620253164557,0.232,0.38000000000010914,4.290000000000873,-0.232,0.08857808857809599,0.030000000000654836,-0.8400000000001455,9.817999839782715,0.030000000000654836,-1.75,29.98900008201599,0.030000000000654836,-3.069999999999709,59.97500014305115,True
500ms-s1-t13,500ms,1,MICRO,BUY,1,1789752173.904,1789752174.202,2026-09-18T17:22:53.904000+00:00,2026-09-18T17:22:54.202000+00:00,momentum_zero_cross,0.29799985885620117,4350.95,0.03979410338204493,-1.2567651562217275,0.0,-0.32999999999992724,0.0,-0.32999999999992724,0.0,0.49500000000080036,1.1700000000000728,4.819999999999709,7.125,1.105263157894737,0.09923664122137404,0.2899999999999636,4.694999999999709,0.09923664122137404,0.06176783812566168,0.25499999999919964,1.1649999999990541,4.81499999999869,7.094999999999345,1.093150684931507,0.08396946564885496,0.3599999999996726,4.694999999999709,0.08396946564885496,0.07667731629386473,0.14000000000032742,-0.38000000000010914,9.764000177383423,1.3500000000003638,-0.38000000000010914,29.79300022125244,1.9099999999998545,-0.38000000000010914,59.62400007247925,True
500ms-s1-t14,500ms,1,PRIMARY,BUY,1,1789753818.487,1789754157.972,2026-09-18T17:50:18.487000+00:00,2026-09-18T17:55:57.972000+00:00,momentum_zero_cross,339.4849998950958,4356.01,0.03969561297617439,5.2805453964217115,5.639999999999418,-0.6599999999998545,144.6449999809265,1.389999999999418,5.639999999999418,0.5949999999993452,0.1000000000003638,1.25,2.7849999999998545,1.1078167115902966,0.0962962962962963,0.2899999999999636,1.319999999999709,0.0962962962962963,0.21969696969699057,-1.139999999999418,-0.8800000000001091,-0.9850000000005821,-1.3799999999991996,0.9831081081081081,-0.22105263157894736,0.38000000000010914,1.6499999999996362,-0.22105263157894736,0.23030303030314722,0.7800000000006548,0.0,9.504000186920166,1.160000000000764,-0.339999999999236,29.32800006866455,2.610000000000582,-0.339999999999236,59.51799988746643,True
500ms-s1-t15,500ms,1,SECONDARY,SELL,-1,1789754302.941,1789754629.473,2026-09-18T17:58:22.941000+00:00,2026-09-18T18:03:49.473000+00:00,momentum_zero_cross,326.53200006484985,4355.23,0.040109439741450835,2.187977839454655,2.709999999999127,-0.6700000000000728,86.86199998855591,0.569999999999709,2.709999999999127,-2.2849999999998545,-2.7200000000002547,-2.6450000000004366,-3.005000000000109,0.83,-0.2839506172839506,0.27000000000043656,3.305000000000291,0.2839506172839506,0.08169440242069978,0.7350000000005821,0.15500000000065484,0.29500000000007276,0.32999999999992724,0.9697885196374623,0.2,0.3000000000001819,2.5100000000002183,-0.2,0.11952191235065969,-0.0,-0.8299999999999272,9.90399980545044,0.4099999999998545,-0.8299999999999272,29.973999977111816,0.47000000000025466,-0.8299999999999272,59.01099991798401,True
500ms-s1-t16,500ms,1,SECONDARY,BUY,1,1789757067.9889998,1789758267.99,2026-09-18T18:44:27.989000+00:00,2026-09-18T19:04:27.990000+00:00,max_hold,1200.0010001659393,4354.96,0.04028090759634544,7.054590427783187,3.050000000000182,-2.6400000000003274,391.9800000190735,1.8299999999999272,3.050000000000182,1.5500000000010914,1.610000000000582,3.280000000000655,4.5700000000006185,1.0142348754448398,0.0425531914893617,0.2899999999999636,3.4400000000005093,0.0425531914893617,0.0843023255813723,0.05999999999949068,-0.05500000000029104,0.18000000000029104,0.6700000000000728,1.1337209302325582,-0.046153846153846156,0.17000000000007276,0.8349999999991269,-0.046153846153846156,0.20359281437155752,0.18000000000029104,-0.17000000000007276,9.957000017166138,0.2600000000002183,-0.3900000000003274,29.990000009536743,1.680000000000291,-0.3900000000003274,59.98799991607666,True
500ms-s1-t17,500ms,1,PRIMARY,BUY,1,1789758584.742,1789758913.959,2026-09-18T19:09:44.742000+00:00,2026-09-18T19:15:13.959000+00:00,momentum_zero_cross,329.2170000076294,4360.02,0.040833763053105265,0.7815753750162062,4.739999999999782,-0.7300000000004729,186.11599969863892,0.1999999999998181,4.739999999999782,0.21000000000003638,0.45499999999992724,1.1850000000004002,1.5900000000001455,1.0829875518672198,0.011494252873563218,0.18000000000029104,1.7550000000001091,0.011494252873563218,0.10256410256426202,-1.175000000000182,-1.4900000000006912,-0.40499999999974534,-3.855000000000473,1.2153284671532847,-0.2072072072072072,0.31999999999970896,1.980000000000473,-0.2072072072072072,0.16161616161597603,0.5500000000001819,-0.28000000000065484,9.769999742507935,0.7599999999993088,-0.28000000000065484,29.503000020980835,3.219999999999345,-0.28000000000065484,58.88099980354309,True
500ms-s1-t18,500ms,1,PRIMARY,BUY,1,1789759468.945,1789760369.1529999,2026-09-18T19:24:28.945000+00:00,2026-09-18T19:39:29.153000+00:00,max_hold,900.2079999446869,4371.16,0.04089501369768487,29.27476540417296,12.539999999999964,-3.9799999999995634,564.0290002822876,7.480000000000473,12.539999999999964,0.1499999999996362,1.5099999999993088,0.7449999999998909,0.7699999999995271,0.8641975308641975,-0.10144927536231885,0.2600000000002183,1.6549999999997453,-0.10144927536231885,0.15709969788535244,0.34500000000025466,-0.25499999999919964,-0.4399999999995998,0.32000000000061846,1.0959409594095941,0.13131313131313133,0.2599999999993088,1.6849999999994907,0.13131313131313133,0.15430267062278183,1.75,0.0,9.659000158309937,1.8699999999998909,0.0,29.844000101089478,2.3299999999999272,0.0,59.842000246047974,True
500ms-s1-t19,500ms,1,PRIMARY,BUY,1,1789761354.9889998,1789761545.753,2026-09-18T19:55:54.989000+00:00,2026-09-18T19:59:05.753000+00:00,momentum_zero_cross,190.76400017738342,4382.54,0.04318922396612514,-6.365281123629747,1.1000000000003638,-1.5799999999999272,131.99900007247925,-1.5399999999999636,1.1000000000003638,0.9400000000005093,0.9849999999996726,0.9699999999993452,1.9699999999993452,1.08,0.1111111111111111,0.2600000000002183,1.3699999999998909,0.1111111111111111,0.18978102189798465,-0.2750000000005457,-0.7200000000002547,-1.4049999999997453,-0.8950000000004366,1.1954887218045114,0.05660377358490566,0.31999999999970896,2.7299999999995634,0.05660377358490566,0.11721611721602936,0.27000000000043656,-0.18999999999959982,9.563999891281128,0.8400000000001455,-0.18999999999959982,29.634999990463257,2.4600000000000364,-0.18999999999959982,59.728999853134155,True
500ms-s1-t20,500ms,1,PRIMARY,BUY,1,1789762637.884,1789762735.922,2026-09-18T20:17:17.884000+00:00,2026-09-18T20:18:55.922000+00:00,momentum_zero_cross,98.03799986839294,4388.1,0.042690388429316405,-7.762563662754665,1.0099999999993088,-1.9000000000005457,59.079999923706055,-1.9000000000005457,1.0099999999993088,0.8600000000005821,0.20500000000083674,1.485000000000582,1.7650000000003274,0.8625,-0.014492753623188406,0.2600000000002183,1.5600000000004002,-0.014492753623188406,0.16666666666676383,-1.3450000000011642,-1.930000000000291,-1.7800000000006548,-0.7700000000004366,1.128099173553719,-0.1111111111111111,0.1999999999998181,2.9250000000010914,-0.1111111111111111,0.06837606837598068,0.1500000000005457,-0.3999999999996362,9.562999963760376,0.6199999999998909,-0.3999999999996362,29.950000047683716,0.6199999999998909,-0.47000000000025466,59.8989999294281,True
500ms-s1-t21,500ms,1,SECONDARY,BUY,1,1789763657.457,1789764857.978,2026-09-18T20:34:17.457000+00:00,2026-09-18T20:54:17.978000+00:00,max_hold,1200.5209999084473,4391.75,0.04208205039419846,9.142063150721267,5.1899999999996,-1.1700000000000728,971.010999917984,2.2700000000004366,5.1899999999996,2.664999999999054,2.3400000000001455,2.7299999999995634,5.344999999999345,1.0175438596491229,0.1724137931034483,0.22000000000025466,3.2999999999992724,0.1724137931034483,0.06666666666675854,0.1000000000003638,-0.6799999999993815,0.29500000000007276,0.0749999999998181,0.9692307692307692,0.07692307692307693,0.3099999999994907,1.285000000000764,0.07692307692307693,0.24124513618623064,0.3099999999994907,-0.07000000000061846,9.460000276565552,0.3099999999994907,-0.23000000000047294,29.438999891281128,0.3099999999994907,-1.0200000000004366,59.33400011062622,True
500ms-s1-t22,500ms,1,PRIMARY,SELL,-1,1789767860.959,1789768061.9129999,2026-09-18T21:44:20.959000+00:00,2026-09-18T21:47:41.913000+00:00,momentum_zero_cross,200.95399975776672,4382.42,0.04279849730215983,-3.8091926438559502,1.8900000000003274,-0.930000000000291,104.42300009727478,-0.930000000000291,1.8900000000003274,-0.569999999999709,-0.7249999999994543,-1.550000000000182,-1.3800000000001091,0.9767441860465116,-0.25925925925925924,0.2600000000002183,1.734999999998763,0.25925925925925924,0.14985590778121247,0.5749999999998181,0.7449999999998909,1.8650000000006912,1.8800000000001091,0.9,0.2,0.28000000000065484,1.855000000000473,-0.2,0.15094339622672961,-0.0,-0.5599999999994907,9.410000085830688,0.4000000000005457,-0.5799999999999272,29.898000240325928,0.4000000000005457,-0.6799999999993815,59.97699999809265,True
500ms-s2-t0,500ms,2,MICRO,BUY,1,1789963644.3939998,1789963940.188,2026-09-21T04:07:24.394000+00:00,2026-09-21T04:12:20.188000+00:00,momentum_zero_cross,295.7940001487732,4377.44,0.039184093139022026,-3.8249999999982265,2.740000000000691,-1.1699999999991633,147.5730001926422,-1.019999999999527,2.740000000000691,1.2399999999997817,2.055000000000291,2.800000000000182,6.005000000001019,1.2,0.10344827586206896,0.26999999999952706,3.730000000000473,0.10344827586206896,0.07238605898109728,-0.21000000000003638,-0.9600000000000364,-0.3850000000002183,-3.4549999999999272,0.890625,-0.12280701754385964,0.5100000000002183,1.4700000000011642,-0.12280701754385964,0.3469387755100778,1.6300000000001091,-0.1499999999996362,9.522000074386597,1.6300000000001091,-0.1499999999996362,29.442000150680542,2.9899999999997817,-0.1499999999996362,59.46000003814697,True
500ms-s2-t1,500ms,2,PRIMARY,SELL,-1,1789967510.961,1789968412.476,2026-09-21T05:11:50.961000+00:00,2026-09-21T05:26:52.476000+00:00,max_hold,901.5150001049042,4370.26,0.038884334826508646,13.768856249999372,8.699999999999818,-1.9699999999993452,749.66100025177,3.699999999999818,8.699999999999818,-0.9650000000001455,-0.4099999999998545,-2.2299999999995634,-4.864999999999782,0.8548387096774194,-0.23076923076923078,0.25,2.469999999999345,0.23076923076923078,0.10121457489881226,0.7349999999996726,1.2899999999990541,1.6549999999997453,2.9299999999993815,0.6541353383458647,0.1724137931034483,0.32000000000061846,2.2150000000001455,-0.1724137931034483,0.14446952595963766,0.17000000000007276,-0.16999999999916326,9.519000053405762,0.4500000000007276,-0.1999999999998181,29.900999784469604,0.5399999999999636,-0.1999999999998181,59.984999895095825,True
500ms-s2-t2,500ms,2,SECONDARY,SELL,-1,1789968692.959,1789969892.9740002,2026-09-21T05:31:32.959000+00:00,2026-09-21T05:51:32.974000+00:00,max_hold,1200.0150001049042,4367.65,0.03996337511794421,-4.360019970938763,3.149999999999636,-3.2100000000000364,581.8329999446869,-1.1400000000003274,3.149999999999636,-1.5450000000000728,-3.9299999999993815,-3.5049999999991996,-1.444999999999709,1.0266666666666666,-0.07894736842105263,0.24000000000069122,4.795000000000073,0.07894736842105263,0.05005213764352191,-0.6049999999995634,0.024999999999636202,0.054999999999381544,0.8400000000001455,0.9545454545454546,-0.23809523809523808,0.3500000000003638,0.9899999999997817,0.23809523809523808,0.35353535353579896,0.42000000000007276,-0.15999999999985448,9.776000022888184,1.769999999999527,-0.15999999999985448,29.71299982070923,1.769999999999527,-0.15999999999985448,59.71299982070923,True
500ms-s2-t3,500ms,2,SECONDARY,SELL,-1,1789970946.9539998,1789971214.91,2026-09-21T06:09:06.954000+00:00,2026-09-21T06:13:34.910000+00:00,emergency_stop,267.95600032806396,4359.31,0.03962168826068569,-15.5467029655791,0.0,-4.099999999999454,0.0,-4.099999999999454,0.0,-1.6699999999991633,-1.5549999999993815,-2.269999999999527,-6.744999999998981,1.2169811320754718,-0.3023255813953488,0.27999999999974534,2.5049999999991996,0.3023255813953488,0.11177644710572247,0.2849999999998545,1.074999999999818,0.9499999999998181,1.0549999999993815,1.2281879194630871,-0.18032786885245902,0.3999999999996362,1.25,0.18032786885245902,0.31999999999970896,0.2899999999999636,-0.0,9.705999851226807,0.2899999999999636,-0.010000000000218279,28.734999895095825,0.3499999999994543,-0.4400000000005093,59.85599994659424,True
500ms-s2-t4,500ms,2,MICRO,BUY,1,1789984993.492,1789984994.3939998,2026-09-21T10:03:13.492000+00:00,2026-09-21T10:03:14.394000+00:00,momentum_zero_cross,0.9019997119903564,4353.14,0.038403321346669766,-1.0290779799607217,0.0,-0.28000000000065484,0.0,-0.28000000000065484,0.0,1.949999999999818,3.1049999999995634,4.549999999999272,6.184999999999491,1.121212121212121,0.2054794520547945,0.28000000000065484,4.755000000001019,0.2054794520547945,0.058885383806644556,1.7899999999999636,2.894999999999527,4.6899999999996,6.4999999999990905,1.1379310344827587,0.15789473684210525,0.3400000000001455,4.855000000000473,0.15789473684210525,0.0700308959835453,0.5900000000001455,-0.07999999999992724,9.72100019454956,1.9400000000005093,-0.3999999999996362,29.954000234603882,2.4600000000000364,-0.3999999999996362,59.4370002746582,True
500ms-s2-t5,500ms,2,BURST,BUY,1,1789984997.647,1789985046.324,2026-09-21T10:03:17.647000+00:00,2026-09-21T10:04:06.324000+00:00,momentum_zero_cross,48.67699980735779,4353.44,0.03832267437184157,2.567292290503662,1.8800000000001091,-0.9799999999995634,40.81599998474121,0.7000000000007276,1.8800000000001091,1.9199999999991633,3.4399999999996,4.634999999999309,6.794999999999163,1.2964824120603016,0.20481927710843373,0.27999999999974534,4.524999999999636,0.20481927710843373,0.06187845303862273,-0.7700000000004366,-0.680000000000291,2.930000000000291,6.364999999999782,1.1226993865030674,0.06666666666666667,0.26999999999952706,4.449999999999818,0.06666666666666667,0.06067415730326699,0.3999999999996362,-0.6400000000003274,9.418000221252441,0.3999999999996362,-1.230000000000473,29.499000072479248,1.069999999999709,-1.230000000000473,59.88800001144409,True
500ms-s2-t6,500ms,2,MICRO,BUY,1,1789985709.5100002,1789985754.127,2026-09-21T10:15:09.510000+00:00,2026-09-21T10:15:54.127000+00:00,momentum_zero_cross,44.61699986457825,4354.41,0.038523868412293945,-11.171049774755057,0.4099999999998545,-3.5900000000001455,10.462999820709229,-3.0299999999997453,0.4099999999998545,1.1400000000003274,1.1350000000002183,4.100000000000364,6.740000000000691,1.2814070351758795,0.060240963855421686,0.27999999999974534,4.664999999999054,0.060240963855421686,0.06002143622718159,-0.1400000000012369,-3.1900000000005093,-2.3000000000010914,2.4249999999992724,0.9824561403508771,-0.25925925925925924,0.26999999999952706,4.035000000000764,-0.25925925925925924,0.06691449814113407,0.0,-0.4099999999998545,9.773000001907349,2.199999999999818,-0.4099999999998545,29.855000019073486,2.199999999999818,-0.4099999999998545,59.6949999332428,True
500ms-s2-t7,500ms,2,SECONDARY,SELL,-1,1789993800.4910002,1789995000.6169999,2026-09-21T12:30:00.491000+00:00,2026-09-21T12:50:00.617000+00:00,max_hold,1200.1259996891022,4345.77,0.03764841350262464,6.017063830562384,5.410000000000764,-2.8599999999996726,339.4539997577667,1.6700000000000728,5.410000000000764,-1.694999999999709,-1.5399999999999636,-3.0349999999998545,-4.095000000000255,1.0714285714285714,-0.14666666666666667,0.20999999999912689,3.1450000000004366,0.14666666666666667,0.06677265500766223,-0.034999999998944986,-0.3649999999997817,-2.4899999999997817,-2.4149999999999636,1.2121212121212122,-0.08108108108108109,0.32999999999992724,2.5649999999996,0.08108108108108109,0.1286549707602256,-0.0,-0.7699999999995271,9.903000116348267,-0.0,-1.699999999999818,29.032999992370605,-0.0,-1.8699999999998909,59.98900032043457,False
500ms-s3-t0,500ms,3,MICRO,SELL,-1,1790004086.345,1790004330.451,2026-09-21T15:21:26.345000+00:00,2026-09-21T15:25:30.451000+00:00,trail,244.10599994659424,4360.2,0.039184093139022026,18.956249999999386,5.569999999999709,-0.7899999999999636,220.614000082016,3.5100000000002183,5.569999999999709,-0.4350000000004002,-0.9150000000008731,-3.5800000000008367,-7.650000000000546,0.8655737704918033,-0.023255813953488372,0.2899999999999636,3.5800000000008367,0.023255813953488372,0.08100558659214968,0.75,1.4349999999994907,-1.125,-3.5,0.8454545454545455,0.053763440860215055,0.32999999999992724,3.024999999999636,-0.053763440860215055,0.10909090909089816,1.0599999999994907,-0.0,9.508000135421753,1.199999999999818,-0.2000000000007276,29.480000019073486,1.9399999999995998,-0.2000000000007276,59.52400016784668,True
500ms-s3-t1,500ms,3,SECONDARY,BUY,1,1790005480.473,1790005558.881,2026-09-21T15:44:40.473000+00:00,2026-09-21T15:45:58.881000+00:00,emergency_stop,78.4079999923706,4362.84,0.04066966007015515,-15.56868749999998,0.5599999999994907,-4.0,24.526000022888184,-4.0,0.5599999999994907,5.5049999999992,4.319999999999709,2.764999999999418,3.709999999999127,1.1564885496183206,0.13131313131313133,0.1500000000005457,5.709999999999127,0.13131313131313133,0.026269702276807118,-1.5999999999985448,-3.694999999999709,-3.6849999999994907,-0.36999999999898137,0.8007968127490039,-0.09090909090909091,0.38000000000010914,4.549999999999272,-0.09090909090909091,0.08351648351652086,0.7799999999997453,0.0,9.966000080108643,0.7799999999997453,-2.180000000000291,29.840999841690063,0.7799999999997453,-3.199999999999818,59.98200011253357,True
500ms-s3-t2,500ms,3,PRIMARY,SELL,-1,1790005642.848,1790005976.655,2026-09-21T15:47:22.848000+00:00,2026-09-21T15:52:56.655000+00:00,emergency_stop,333.8069999217987,4355.51,0.0394495702680505,-15.101626874999983,0.0,-4.0,0.0,-4.0,0.0,-0.625,-0.25499999999919964,-2.3749999999990905,-6.644999999998618,1.054054054054054,0.03896103896103896,0.2899999999999636,2.7700000000004366,-0.03896103896103896,0.10469314079419419,0.4149999999999636,1.2200000000002547,1.3200000000006185,1.4949999999998909,0.9473684210526315,0.1,0.28000000000065484,1.824999999999818,-0.1,0.15342465753462067,0.7100000000000364,-0.0,9.82800006866455,0.9400000000005093,-0.0,28.55299997329712,2.8900000000003274,-0.0,59.85099983215332,True
500ms-s3-t3,500ms,3,BURST,BUY,1,1790006264.459,1790006340.4889998,2026-09-21T15:57:44.459000+00:00,2026-09-21T15:59:00.489000+00:00,momentum_zero_cross,76.02999973297119,4359.21,0.038266083160008985,3.332551510640088,2.149999999999636,-1.6700000000000728,68.50799989700317,0.9099999999998545,2.149999999999636,2.7150000000001455,3.6599999999998545,4.989999999999782,4.139999999999418,1.248868778280543,0.3695652173913043,0.27999999999974534,5.045000000000073,0.3695652173913043,0.05550049554008747,-0.6399999999994179,-0.5949999999993452,1.8449999999993452,5.385000000000218,1.07035175879397,-0.13043478260869565,0.3500000000003638,3.280000000000655,-0.13043478260869565,0.10670731707326034,0.3900000000003274,-0.31999999999970896,9.910000324249268,0.3900000000003274,-0.31999999999970896,29.95800018310547,0.3900000000003274,-1.0,59.99600005149841,True
500ms-s3-t4,500ms,3,PRIMARY,BUY,1,1790006912.309,1790007812.4540002,2026-09-21T16:08:32.309000+00:00,2026-09-21T16:23:32.454000+00:00,max_hold,900.1450002193451,4361.2,0.038527249177576,12.093814783535793,3.4099999999998545,-0.5799999999999272,899.6010000705719,3.2799999999997453,3.4099999999998545,0.30500000000029104,0.8100000000004002,0.8500000000003638,0.805000000000291,0.8484848484848485,-0.07142857142857142,0.2899999999999636,1.555000000000291,-0.07142857142857142,0.1864951768488163,0.8100000000004002,1.4500000000007276,1.0950000000011642,1.1400000000003274,0.953125,0.11864406779661017,0.33000000000083674,3.0549999999993815,0.11864406779661017,0.10801963993482931,0.38000000000010914,-0.17999999999938154,9.7669997215271,0.5600000000004002,-0.7099999999991269,29.84999966621399,1.4700000000002547,-0.7099999999991269,59.430999755859375,True
500ms-s3-t5,500ms,3,MICRO,SELL,-1,1790008432.2870002,1790008477.479,2026-09-21T16:33:52.287000+00:00,2026-09-21T16:34:37.479000+00:00,stagnation,45.19199991226196,4353.15,0.0394750195073443,1.3978016378252993,0.36999999999989086,-1.1400000000003274,44.18199968338013,0.36999999999989086,0.36999999999989086,-1.4600000000000364,-0.8549999999995634,-2.4899999999997817,-8.094999999999345,1.0381861575178997,0.0,0.2899999999999636,3.399999999999636,-0.0,0.08529411764705724,-0.1499999999996362,-0.9249999999992724,-2.8549999999995634,-3.5399999999999636,1.105263157894737,0.0,0.4499999999998181,2.5900000000001455,-0.0,0.17374517374509374,-0.0,-1.550000000000182,9.510999917984009,-0.0,-1.550000000000182,29.87999987602234,-0.0,-1.7400000000006912,59.456000089645386,False
500ms-s3-t6,500ms,3,PRIMARY,SELL,-1,1790008907.91,1790009045.98,2026-09-21T16:41:47.910000+00:00,2026-09-21T16:44:05.980000+00:00,momentum_zero_cross,138.0699999332428,4352.05,0.03958456268647714,-1.401680537370263,2.5700000000006185,-0.5100000000002183,89.07299995422363,-0.36999999999989086,2.5700000000006185,-1.675000000000182,-3.4400000000005093,-1.3350000000000364,-0.9099999999998545,0.970108695652174,-0.008403361344537815,0.1999999999998181,4.204999999999927,0.008403361344537815,0.047562425683667434,1.2600000000002183,2.0100000000002183,2.0800000000008367,0.2000000000007276,1.0615384615384615,0.17777777777777778,0.36999999999989086,2.930000000000291,-0.17777777777777778,0.12627986348117887,0.5299999999997453,-0.8999999999996362,9.965999841690063,0.5299999999997453,-1.519999999999527,29.950999975204468,0.5299999999997453,-1.7100000000000364,59.42999982833862,True
500ms-s3-t7,500ms,3,SECONDARY,BUY,1,1790009383.4910002,1790009571.948,2026-09-21T16:49:43.491000+00:00,2026-09-21T16:52:51.948000+00:00,emergency_stop,188.45699977874756,4355.63,0.0394747155250222,-15.300143349221957,0.5299999999997453,-4.050000000000182,17.96999979019165,-4.050000000000182,0.5299999999997453,2.0450000000000728,2.5799999999999272,4.720000000001164,1.9700000000011642,0.9966101694915255,0.10204081632653061,0.2899999999999636,5.915000000000873,0.10204081632653061,0.04902789518172795,-1.0100000000002183,-1.8299999999999272,-1.805000000000291,-1.8250000000007276,0.9537037037037037,0.08737864077669903,0.36999999999989086,2.4549999999999272,0.08737864077669903,0.15071283095719015,0.06999999999970896,-1.1400000000003274,9.95900011062622,0.06999999999970896,-1.4799999999995634,29.347000122070312,0.06999999999970896,-2.0799999999999272,59.39900016784668,True
500ms-s3-t8,500ms,3,PRIMARY,SELL,-1,1790009592.7849998,1790010322.499,2026-09-21T16:53:12.785000+00:00,2026-09-21T17:05:22.499000+00:00,take_profit,729.7140002250671,4350.14,0.038275671040949595,92.63884044648456,25.289999999999964,-1.0499999999992724,729.7140002250671,25.289999999999964,25.289999999999964,-0.6849999999994907,-2.509999999999309,-2.394999999999527,-2.7299999999995634,1.1037735849056605,-0.13793103448275862,0.27999999999974534,3.9399999999986903,0.13793103448275862,0.07106598984767472,-2.769999999999527,-3.649999999999636,-3.1749999999992724,-11.174999999999272,1.0431472081218274,-0.11764705882352941,0.3900000000003274,8.774999999999636,0.11764705882352941,0.0444444444444836,-0.0,-1.269999999999527,9.963000059127808,1.8500000000003638,-1.269999999999527,29.98099994659424,1.8500000000003638,-1.269999999999527,59.86400008201599,True
500ms-s3-t9,500ms,3,MICRO,SELL,-1,1790010346.9689999,1790010391.982,2026-09-21T17:05:46.969000+00:00,2026-09-21T17:06:31.982000+00:00,stagnation,45.01300024986267,4323.0,0.04553560894564171,-8.018450257613758,0.0,-2.199999999999818,0.0,-1.8400000000001455,0.0,-1.4350000000013097,-3.730000000000473,-4.155000000000655,-7.725000000000364,0.948905109489051,-0.140625,0.27999999999974534,5.580000000000837,0.140625,0.050179211469480886,1.2799999999988358,0.5999999999994543,-0.23500000000058208,-6.860000000000582,0.9572649572649573,0.03636363636363636,0.4000000000005457,2.569999999999709,-0.03636363636363636,0.15564202334653346,0.5399999999999636,-1.5599999999994907,9.365999937057495,0.5399999999999636,-4.029999999999745,29.836999893188477,0.5399999999999636,-5.619999999999891,59.9760000705719,True
500ms-s3-t10,500ms,3,MICRO,BUY,1,1790010460.962,1790010461.461,2026-09-21T17:07:40.962000+00:00,2026-09-21T17:07:41.461000+00:00,momentum_zero_cross,0.49900007247924805,4330.87,0.0449072175421918,0.25786290143839546,0.06000000000040018,0.0,0.49900007247924805,0.06000000000040018,0.06000000000040018,1.7700000000004366,1.9400000000005093,4.880000000001019,6.444999999999709,0.8678304239401496,0.02654867256637168,0.26999999999952706,5.914999999999964,0.02654867256637168,0.04564666103119674,1.3350000000000364,2.8900000000003274,5.265000000000327,7.460000000000036,0.8668341708542714,0.017857142857142856,0.3099999999994907,5.914999999999964,0.017857142857142856,0.05240912933212047,1.889999999999418,-0.010000000000218279,9.519000053405762,2.719999999999345,-0.010000000000218279,29.993000268936157,2.719999999999345,-0.38000000000010914,59.53600001335144,True
500ms-s3-t11,500ms,3,BURST,SELL,-1,1790012061.956,1790012109.4889998,2026-09-21T17:34:21.956000+00:00,2026-09-21T17:35:09.489000+00:00,momentum_zero_cross,47.532999753952026,4338.52,0.04492742579008593,4.471634955537352,2.5,-0.06999999999970896,37.00099992752075,1.0400000000008731,2.5,-1.4999999999990905,-3.6749999999992724,-3.569999999999709,-0.6349999999993088,1.2017804154302671,-0.23076923076923078,0.26999999999952706,4.014999999999418,0.23076923076923078,0.06724782067237016,1.0799999999999272,0.6649999999999636,-3.3299999999999272,-2.244999999999891,1.14,0.04,0.3099999999994907,4.610000000000582,-0.04,0.06724511930573786,0.2899999999999636,-0.4500000000007276,9.944999933242798,0.2899999999999636,-0.8600000000005821,29.980000019073486,0.2899999999999636,-2.790000000000873,59.88600015640259,True
500ms-s3-t12,500ms,3,SECONDARY,BUY,1,1790016648.988,1790016677.4950001,2026-09-21T18:50:48.988000+00:00,2026-09-21T18:51:17.495000+00:00,emergency_stop,28.507000207901,4353.9,0.04527785971124889,-18.026054832746524,0.06000000000040018,-4.1599999999998545,0.9910001754760742,-4.1599999999998545,0.06000000000040018,4.734999999999673,5.349999999998545,5.619999999998981,4.864999999999782,1.1415929203539823,-0.15294117647058825,0.26999999999952706,5.904999999998836,-0.15294117647058825,0.04572396274336669,-0.4750000000003638,1.109999999998763,1.5999999999994543,1.4549999999999272,0.7995444191343963,0.02608695652173913,0.36999999999989086,5.994999999998981,0.02608695652173913,0.0617180984153384,0.23999999999978172,-0.5799999999999272,9.764999866485596,0.23999999999978172,-1.5299999999997453,29.937999725341797,0.23999999999978172,-1.769999999999527,59.989999771118164,True
500ms-s3-t13,500ms,3,BURST,SELL,-1,1790018047.4380002,1790018074.429,2026-09-21T19:14:07.438000+00:00,2026-09-21T19:14:34.429000+00:00,momentum_zero_cross,26.990999698638916,4350.24,0.043865190488257974,-5.037589015950813,0.15999999999985448,-1.199999999999818,1.5459997653961182,-1.199999999999818,0.15999999999985448,-1.9200000000009823,-2.8350000000000364,-3.119999999999891,-3.380000000000109,1.25,-0.39473684210526316,0.23999999999978172,4.519999999999527,0.39473684210526316,0.053097345132700625,0.24499999999989086,0.7949999999991633,-1.8699999999998909,-1.840000000001055,1.1755102040816328,0.17391304347826086,0.25,3.7200000000002547,-0.17391304347826086,0.06720430107526422,0.31999999999970896,-0.47000000000025466,9.559000015258789,0.31999999999970896,-0.9600000000000364,29.799000024795532,0.31999999999970896,-2.0900000000001455,59.94000005722046,True
500ms-s3-t14,500ms,3,PRIMARY,BUY,1,1790018369.8179998,1790018583.9950001,2026-09-21T19:19:29.818000+00:00,2026-09-21T19:23:03.995000+00:00,emergency_stop,214.17700028419495,4356.45,0.04347040377386371,-17.888898394729488,0.43000000000029104,-4.300000000000182,1.6530001163482666,-4.300000000000182,0.43000000000029104,1.2899999999999636,1.860000000000582,1.8449999999993452,3.805000000000291,1.1608040201005025,0.3157894736842105,0.23999999999978172,2.649999999999636,0.3157894736842105,0.09056603773577912,-1.0650000000005093,-2.0900000000001455,-1.8700000000008004,-3.5349999999998545,0.9803921568627451,-0.5652173913043478,0.2899999999999636,2.485000000000582,-0.5652173913043478,0.11670020120720148,0.43000000000029104,0.0,8.769999742507935,0.6400000000003274,-0.3899999999994179,29.996000051498413,0.6400000000003274,-0.9899999999997817,59.377999782562256,True
500ms-s3-t15,500ms,3,BURST,SELL,-1,1790022664.515,1790022692.3569999,2026-09-21T20:31:04.515000+00:00,2026-09-21T20:31:32.357000+00:00,momentum_zero_cross,27.841999769210815,4341.92,0.04206848325215655,-1.8922398297927447,0.8699999999998909,-0.7399999999997817,9.483999967575073,-0.47000000000025466,0.8699999999998909,-1.2399999999997817,-1.8700000000008004,-4.110000000000582,-2.6599999999998545,1.2815533980582525,-0.2,0.27999999999974534,4.104999999999563,0.2,0.06820950060895861,0.20500000000083674,0.040000000000873115,-1.7049999999999272,-3.3549999999995634,0.6336633663366337,0.03225806451612903,0.3100000000004002,3.1799999999993815,-0.03225806451612903,0.09748427672970456,0.0500000000001819,-0.27999999999974534,9.916000127792358,0.2899999999999636,-0.27999999999974534,29.182000160217285,2.1400000000003274,-0.27999999999974534,56.98200011253357,True
500ms-s4-t0,500ms,4,MICRO,SELL,-1,1790050280.4819999,1790050703.485,2026-09-22T04:11:20.482000+00:00,2026-09-22T04:18:23.485000+00:00,trail,423.00300002098083,4356.67,0.039184093139022026,19.921874999999147,6.1599999999998545,-1.7399999999997817,347.4370002746582,4.149999999999636,6.1599999999998545,-2.6849999999994907,-3.2950000000000728,-4.269999999999527,-6.194999999999709,1.3319502074688796,-0.11538461538461539,0.2899999999999636,4.489999999999782,0.11538461538461539,0.06458797327393713,0.3849999999993088,1.1350000000002183,0.9899999999997817,-1.2899999999999636,0.78,0.0196078431372549,0.37000000000080036,1.2750000000005457,-0.0196078431372549,0.29019607843187606,-0.0,-1.4599999999991269,9.809000253677368,-0.0,-1.6599999999998545,29.98900008201599,-0.0,-2.4099999999998545,59.99900007247925,False
500ms-s4-t1,500ms,4,PRIMARY,SELL,-1,1790052562.477,1790052905.838,2026-09-22T04:49:22.477000+00:00,2026-09-22T04:55:05.838000+00:00,emergency_stop,343.36100006103516,4344.97,0.040745334350029874,-15.675644531248134,1.180000000000291,-4.019999999999527,76.0090000629425,-4.019999999999527,1.180000000000291,-1.1549999999997453,-1.3249999999989086,-1.2950000000000728,-2.589999999999236,1.0041322314049588,-0.2,0.27999999999974534,2.905000000000655,0.2,0.0963855421685653,0.8100000000004002,1.7650000000003274,2.230000000000473,0.8049999999993815,0.96,0.16666666666666666,0.3999999999996362,2.6700000000000728,-0.16666666666666666,0.14981273408225668,1.300000000000182,-0.3400000000001455,9.65999984741211,1.769999999999527,-0.3400000000001455,29.538999795913696,2.069999999999709,-0.3400000000001455,59.834999799728394,True
500ms-s4-t2,500ms,4,PRIMARY,SELL,-1,1790057259.33,1790057517.401,2026-09-22T06:07:39.330000+00:00,2026-09-22T06:11:57.401000+00:00,momentum_zero_cross,258.07100009918213,4342.03,0.03951686251937662,-2.4203819062512437,2.130000000000109,-0.6400000000003274,134.44500017166138,-0.6400000000003274,2.130000000000109,-0.23500000000058208,-0.09000000000014552,-0.7700000000004366,-0.15500000000065484,1.1290322580645162,-0.02857142857142857,0.2899999999999636,1.5150000000003274,0.02857142857142857,0.19141914191412604,0.14500000000043656,0.7600000000002183,0.7250000000003638,2.2000000000007276,0.6304347826086957,0.1724137931034483,0.4600000000000364,1.0300000000006548,-0.1724137931034483,0.4466019417473242,0.25,-0.4899999999997817,9.924000024795532,0.27999999999974534,-0.4899999999997817,26.539999961853027,0.27999999999974534,-1.1400000000003274,59.842000007629395,True
500ms-s4-t3,500ms,4,MICRO,BUY,1,1790066882.3779998,1790067216.333,2026-09-22T08:48:02.378000+00:00,2026-09-22T08:53:36.333000+00:00,trail,333.95500016212463,4328.04,0.03932718157928351,11.21580771537365,5.020000000000437,-0.930000000000291,261.55900025367737,2.980000000000473,5.020000000000437,0.4250000000001819,-0.09000000000014552,2.2000000000007276,6.730000000000473,0.8979591836734694,0.045454545454545456,0.23999999999978172,2.6199999999989814,0.045454545454545456,0.0916030534350668,-0.24499999999989086,-1.3149999999995998,-1.7349999999996726,0.45499999999992724,1.0465116279069768,-0.16666666666666666,0.4099999999998545,1.75,-0.16666666666666666,0.23428571428563114,0.02999999999974534,-1.2100000000000364,9.96399998664856,0.02999999999974534,-1.8800000000001091,29.592000007629395,0.02999999999974534,-2.6400000000003274,59.866000175476074,True
500ms-s4-t4,500ms,4,BURST,BUY,1,1790068421.339,1790068450.8990002,2026-09-22T09:13:41.339000+00:00,2026-09-22T09:14:10.899000+00:00,momentum_zero_cross,29.56000018119812,4319.67,0.040206144087580636,-1.0004312297426932,0.0,-1.6099999999996726,0.0,-0.2600000000002183,0.0,1.8349999999991269,2.029999999998836,3.8699999999989814,2.7299999999995634,1.2099447513812154,0.2777777777777778,0.22000000000025466,4.135000000000218,0.2777777777777778,0.053204353083492875,1.069999999999709,-0.06500000000050932,1.9849999999996726,3.319999999999709,0.8352272727272727,0.1836734693877551,0.23000000000047294,2.319999999999709,0.1836734693877551,0.09913793103469905,0.3000000000001819,0.0,9.210999965667725,0.8100000000004002,0.0,29.893999814987183,0.8100000000004002,-0.18999999999959982,59.549999713897705,True
500ms-s4-t5,500ms,4,BURST,SELL,-1,1790072966.384,1790072995.9689999,2026-09-22T10:29:26.384000+00:00,2026-09-22T10:29:55.969000+00:00,momentum_zero_cross,29.584999799728394,4315.83,0.040127742106609784,-1.7281391345367425,0.3900000000003274,-0.8599999999996726,2.5950000286102295,-0.4499999999998181,0.3900000000003274,-1.9750000000003638,-2.4500000000007276,-4.075000000000728,-3.975000000000364,1.2625482625482625,-0.24528301886792453,0.21000000000003638,4.140000000000327,0.24528301886792453,0.0507246376811642,0.555000000000291,0.024999999999636202,-2.1900000000005093,-4.785000000000764,0.9186046511627907,-0.012987012987012988,0.18999999999959982,3.449999999999818,0.012987012987012988,0.05507246376800285,1.2399999999997817,-0.0,9.914000272750854,2.119999999999891,-0.0,29.996000051498413,4.1799999999993815,-0.0,59.937000036239624,True
500ms-s4-t6,500ms,4,SECONDARY,SELL,-1,1790074221.952,1790074679.497,2026-09-22T10:50:21.952000+00:00,2026-09-22T10:57:59.497000+00:00,take_profit,457.54500007629395,4308.02,0.03999231097700003,30.848426043478288,8.0600000000004,-0.7199999999993452,457.54500007629395,8.0600000000004,8.0600000000004,-0.9799999999995634,-2.3749999999990905,-4.824999999999818,-5.014999999999418,1.168421052631579,-0.0136986301369863,0.23999999999978172,4.789999999999964,0.0136986301369863,0.0501043841335665,-0.3900000000003274,-0.12000000000080036,nan,nan,1.224,0.0297029702970297,0.27999999999974534,1.3099999999994907,-0.0297029702970297,0.21374045801515587,0.010000000000218279,-1.2799999999997453,9.962000131607056,0.010000000000218279,-2.0399999999999636,29.89199995994568,0.010000000000218279,-2.0399999999999636,59.9210000038147,True
500ms-s4-t7,500ms,4,BURST,SELL,-1,1790075668.965,1790075761.952,2026-09-22T11:14:28.965000+00:00,2026-09-22T11:16:01.952000+00:00,momentum_zero_cross,92.98699998855591,4304.88,0.042409846175559804,9.740907215229516,2.6099999999996726,-1.5,89.03200006484985,2.4000000000005457,2.6099999999996726,-1.9399999999995998,-3.2200000000002547,-5.425000000000182,-5.019999999999527,1.2148760330578512,-0.3402061855670103,0.25,5.734999999999673,0.3402061855670103,0.043591979075852536,-0.09500000000025466,0.09499999999934516,-1.6649999999999636,nan,1.0249110320284698,-0.10416666666666667,0.2999999999992724,2.175000000000182,0.10416666666666667,0.13793103448241256,0.1499999999996362,-0.3100000000004002,9.51800012588501,0.6599999999998545,-0.3100000000004002,29.999000072479248,1.1499999999996362,-0.3100000000004002,59.9830002784729,True
500ms-s4-t8,500ms,4,MICRO,SELL,-1,1790076713.9889998,1790076761.968,2026-09-22T11:31:53.989000+00:00,2026-09-22T11:32:41.968000+00:00,emergency_stop,47.979000091552734,4295.13,0.04317322340672006,-16.56839025660788,1.2399999999997817,-4.010000000000218,25.49500012397766,-4.010000000000218,1.2399999999997817,-0.9250000000010914,0.23499999999967258,-4.085000000000946,-6.450000000000728,0.8588709677419355,-0.13432835820895522,0.26999999999952706,5.700000000000728,0.13432835820895522,0.04736842105254256,1.5150000000003274,3.110000000000582,3.030000000000655,0.11499999999978172,0.8126801152737753,-0.021739130434782608,0.42000000000007276,5.1599999999998545,0.021739130434782608,0.0813953488372257,1.730000000000473,-0.8599999999996726,9.895000219345093,5.160000000000764,-0.8599999999996726,29.48300004005432,7.329999999999927,-0.8599999999996726,59.98099994659424,True
500ms-s4-t9,500ms,4,BURST,BUY,1,1790076896.465,1790076975.5500002,2026-09-22T11:34:56.465000+00:00,2026-09-22T11:36:15.550000+00:00,momentum_zero_cross,79.08500027656555,4297.7,0.04187478871276288,10.820264085542073,3.350000000000364,-0.6700000000000728,69.53000020980835,2.699999999999818,3.350000000000364,1.930000000000291,3.5150000000003274,4.075000000000728,1.0650000000005093,1.3766233766233766,0.2830188679245283,0.26999999999952706,4.200000000000728,0.2830188679245283,0.06428571428559055,-0.32999999999992724,-0.03499999999985448,nan,nan,0.8877551020408163,-0.20689655172413793,0.24000000000069122,1.4750000000003638,-0.20689655172413793,0.16271186440720814,1.2100000000000364,0.0,9.673999786376953,2.110000000000582,0.0,29.795999765396118,5.630000000000109,0.0,59.81599998474121,True
500ms-s4-t10,500ms,4,SECONDARY,BUY,1,1790077022.458,1790077286.496,2026-09-22T11:37:02.458000+00:00,2026-09-22T11:41:26.496000+00:00,take_profit,264.0380001068115,4306.05,0.04272275318419627,33.40432930365103,8.170000000000073,-1.3100000000004002,264.0380001068115,8.170000000000073,8.170000000000073,2.469999999999345,4.199999999999818,5.444999999999709,nan,1.3647058823529412,-0.008695652173913044,0.27999999999974534,5.520000000000437,-0.008695652173913044,0.050724637681109276,1.25,2.994999999999891,3.180000000000291,6.155000000000655,1.0297297297297296,0.07936507936507936,0.42000000000007276,4.229999999999563,0.07936507936507936,0.09929078014187143,2.6899999999996,0.0,9.993999719619751,4.369999999999891,0.0,29.462000131607056,4.369999999999891,0.0,59.875,True
500ms-s4-t11,500ms,4,MICRO,BUY,1,1790077316.497,1790077739.476,2026-09-22T11:41:56.497000+00:00,2026-09-22T11:48:59.476000+00:00,trail,422.97900009155273,4317.82,0.04534058988555791,11.325285031620687,4.640000000000327,-1.9200000000000728,414.87400007247925,2.610000000000582,4.640000000000327,0.24499999999989086,3.2799999999997453,6.274999999999636,6.900000000000546,0.9111570247933884,0.0684931506849315,0.21999999999934516,7.844999999999345,0.0684931506849315,0.028043339706738498,-1.5599999999994907,-0.23999999999978172,1.2299999999995634,3.139999999999418,1.0052770448548813,-0.07086614173228346,0.2999999999992724,3.7950000000000728,-0.07086614173228346,0.07905138339901624,0.1999999999998181,-1.0,9.503999948501587,1.7299999999995634,-1.0,29.999000072479248,4.779999999999745,-1.0,59.519999980926514,True
500ms-s4-t12,500ms,4,MICRO,BUY,1,1790077860.457,1790078021.9529998,2026-09-22T11:51:00.457000+00:00,2026-09-22T11:53:41.953000+00:00,trail,161.49599981307983,4327.51,0.046228131932567904,24.90784798728351,6.510000000000218,-0.48000000000047294,136.02499985694885,4.399999999999636,6.510000000000218,0.21000000000003638,2.6749999999992724,2.1450000000004366,7.125,0.8559556786703602,0.0196078431372549,0.13000000000010914,3.2549999999991996,0.0196078431372549,0.03993855606763168,-1.2100000000009459,-1.110000000000582,-0.375,nan,1.0547550432276658,0.08196721311475409,0.36999999999989086,2.1500000000005457,0.08196721311475409,0.1720930232557195,0.8000000000001819,-0.05999999999949068,9.86300015449524,1.2899999999999636,-0.3099999999994907,29.508000135421753,1.800000000000182,-0.7799999999997453,59.480000019073486,True
500ms-s4-t13,500ms,4,SECONDARY,SELL,-1,1790078293.477,1790078642.9190001,2026-09-22T11:58:13.477000+00:00,2026-09-22T12:04:02.919000+00:00,take_profit,349.44200015068054,4329.81,0.04818011480342055,37.3024897542717,8.090000000000146,-1.7999999999992724,349.44200015068054,8.090000000000146,8.090000000000146,-1.6649999999990541,-3.759999999999309,-3.9349999999994907,-1.0799999999999272,1.2080536912751678,-0.04201680672268908,0.27999999999974534,4.404999999998836,0.04201680672268908,0.06356413166851745,-0.4399999999986903,-2.339999999999236,-2.0749999999989086,-3.929999999998472,0.9152542372881356,-0.1590909090909091,0.2899999999999636,2.399999999999636,0.1590909090909091,0.12083333333333648,0.4000000000005457,-0.27999999999974534,9.514999628067017,2.600000000000364,-0.27999999999974534,29.335000038146973,3.6400000000003274,-0.27999999999974534,59.996999740600586,True
500ms-s4-t14,500ms,4,MICRO,BUY,1,1790081566.449,1790081648.442,2026-09-22T12:52:46.449000+00:00,2026-09-22T12:54:08.442000+00:00,trail,81.99300003051758,4328.75,0.051103443269118136,14.08523569368669,4.920000000000073,-2.0799999999999272,69.52300000190735,2.880000000000109,4.920000000000073,0.7999999999992724,6.2549999999992,5.360000000000582,6.024999999999636,0.9243856332703214,0.07692307692307693,0.27000000000043656,6.359999999999673,0.07692307692307693,0.042452830188750075,-1.3299999999999272,0.39500000000043656,4.135000000000218,7.155000000000655,0.875,-0.1743119266055046,0.27999999999974534,6.974999999999454,-0.1743119266055046,0.04014336917559387,1.1099999999996726,0.0,9.410000085830688,1.1099999999996726,-3.2399999999997817,29.539000034332275,1.1099999999996726,-3.2399999999997817,59.97200012207031,True
500ms-s4-t15,500ms,4,MICRO,SELL,-1,1790081758.967,1790081759.4099998,2026-09-22T12:55:58.967000+00:00,2026-09-22T12:55:59.410000+00:00,momentum_zero_cross,0.44299983978271484,4326.06,0.052207277643731134,-1.4489403706783734,0.0,-0.2899999999999636,0.0,-0.2899999999999636,0.0,-0.7499999999990905,-3.2449999999989814,-6.1299999999992,-6.834999999999127,1.0480769230769231,-0.009345794392523364,0.27999999999974534,6.1249999999990905,0.009345794392523364,0.04571428571425092,-0.5,-3.110000000000582,-6.114999999999782,-6.819999999999709,1.0741935483870968,0.027522935779816515,0.27000000000043656,6.1249999999990905,-0.027522935779816515,0.044081632653139045,1.2400000000006912,-0.0,9.913000106811523,1.4200000000000728,-8.109999999999673,29.55900001525879,1.4200000000000728,-9.659999999999854,59.575000047683716,True
500ms-s4-t16,500ms,4,MICRO,BUY,1,1790081889.859,1790081984.973,2026-09-22T12:58:09.859000+00:00,2026-09-22T12:59:44.973000+00:00,trail,95.11400008201599,4331.69,0.05209372681485603,26.024200656705474,6.140000000000327,-0.18999999999959982,73.59899997711182,4.140000000000327,6.140000000000327,1.7349999999996726,4.239999999999782,3.039999999999054,6.164999999999054,1.2380952380952381,0.248,0.2599999999993088,4.375,0.248,0.059428571428413436,-0.0500000000001819,-0.8950000000004366,0.8600000000005821,8.375,0.926605504587156,0.07216494845360824,0.3400000000001455,3.3450000000002547,0.07216494845360824,0.10164424514203875,0.7899999999999636,-0.07999999999992724,9.514999866485596,0.7899999999999636,-1.4399999999995998,29.882999897003174,0.9800000000004729,-1.4399999999995998,59.92799997329712,True
500ms-s4-t17,500ms,4,PRIMARY,SELL,-1,1790086794.95,1790087015.42,2026-09-22T14:19:54.950000+00:00,2026-09-22T14:23:35.420000+00:00,emergency_stop,220.47000002861023,4312.36,0.054133196219657925,-21.137095076367586,0.08999999999923602,-4.079999999999927,31.734999895095825,-4.079999999999927,0.08999999999923602,0.1749999999992724,-1.0900000000001455,-3.175000000000182,-4.514999999999418,1.2,-0.23809523809523808,0.19000000000050932,3.6149999999997817,0.23809523809523808,0.05255878284938335,1.144999999999527,1.7999999999992724,1.0949999999993452,2.194999999999709,0.868421052631579,0.07407407407407407,0.4600000000000364,2.5549999999993815,-0.07407407407407407,0.18003913894330634,0.5499999999992724,-0.0,9.557999849319458,1.5,-0.0,29.268999814987183,1.5,-0.37000000000080036,59.38600015640259,True
