trade_id,interval,segment_id,engine,side,side_sign,entry_ts,exit_ts,entry_utc,exit_utc,exit_reason,hold_sec,entry_price_usd,entry_oz,pnl_inr,mfe_usd,mae_usd,time_to_mfe_sec,exit_move_usd,peak_favorable_before_exit_usd,entry_m10,entry_m30,entry_m60,entry_m120,entry_qacc,entry_imb10,entry_spread,entry_range60,entry_directional_imb10,entry_spread_range_ratio,exit_m10,exit_m30,exit_m60,exit_m120,exit_qacc,exit_imb10,exit_spread,exit_range60,exit_directional_imb10,exit_spread_range_ratio,post_10s_favorable_usd,post_10s_adverse_usd,post_10s_observed_sec,post_30s_favorable_usd,post_30s_adverse_usd,post_30s_observed_sec,post_60s_favorable_usd,post_60s_adverse_usd,post_60s_observed_sec,continued_hold_benefit_60s
1s-s0-t0,1s,0,BURST,BUY,1,1789573154.725,1789573194.613,2026-09-16T15:39:14.725000+00:00,2026-09-16T15:39:54.613000+00:00,momentum_zero_cross,39.88800001144409,4342.89,0.039184093139022026,3.0374999999980896,1.4600000000000364,-0.2000000000007276,23.272000074386597,0.8099999999994907,1.4600000000000364,0.6149999999997817,3.255000000000109,2.2049999999999272,2.225000000000364,1.2452830188679245,0.2413793103448276,0.2600000000002183,4.014999999999418,0.2413793103448276,0.06475716064763536,-0.27999999999883585,-0.014999999999417923,3.475000000000364,2.960000000000946,0.8505154639175257,0.037037037037037035,0.32000000000061846,4.0349999999998545,0.037037037037037035,0.07930607187128377,0.010000000000218279,-0.3000000000001819,9.26200008392334,0.010000000000218279,-0.7299999999995634,29.742000102996826,0.010000000000218279,-0.7299999999995634,58.129000186920166,True
1s-s0-t1,1s,0,PRIMARY,BUY,1,1789573826.844,1789573965.96,2026-09-16T15:50:26.844000+00:00,2026-09-16T15:52:45.960000+00:00,emergency_stop,139.1159999370575,4347.75,0.039422136504841436,-15.506130937498705,0.0,-4.109999999999673,0.0,-4.109999999999673,0.0,0.5450000000000728,1.3699999999989814,1.6549999999988358,2.8149999999996,0.6428571428571429,0.28205128205128205,0.2899999999999636,2.0299999999997453,0.28205128205128205,0.14285714285714285,-1.180000000000291,-2.0399999999999636,-2.5599999999994907,-2.9099999999998545,0.8924050632911392,-0.2608695652173913,0.3999999999996362,2.664999999999054,-0.2608695652173913,0.15009380863031077,0.3099999999994907,-0.7700000000004366,9.954999923706055,1.589999999999236,-0.7700000000004366,29.832000017166138,2.5599999999994907,-0.7700000000004366,59.68400001525879,True
1s-s0-t2,1s,0,PRIMARY,BUY,1,1789574424.972,1789574557.852,2026-09-16T16:00:24.972000+00:00,2026-09-16T16:02:37.852000+00:00,emergency_stop,132.88000011444092,4349.83,0.0382069491470798,-14.918459893312216,0.15999999999985448,-4.079999999999927,0.94700026512146,-4.079999999999927,0.15999999999985448,3.1149999999997817,0.7849999999998545,4.005000000000109,4.190000000000509,0.9049586776859504,0.04895104895104895,0.25,4.1599999999998545,0.04895104895104895,0.06009615384615595,-1.7899999999999636,-1.3549999999995634,-2.1599999999998545,-3.305000000000291,1.0796703296703296,-0.14728682170542637,0.3400000000001455,2.199999999999818,-0.14728682170542637,0.15454545454553348,1.0100000000002183,0.0,8.671000003814697,1.449999999999818,-0.11999999999989086,29.10099983215332,2.7200000000002547,-0.11999999999989086,59.78600001335144,True
1s-s0-t3,1s,0,PRIMARY,BUY,1,1789575094.938,1789575994.977,2026-09-16T16:11:34.938000+00:00,2026-09-16T16:26:34.977000+00:00,max_hold,900.0390000343323,4350.35,0.03703781650317917,15.06453647976784,9.799999999999272,-1.0200000000004366,271.0550000667572,4.25,9.799999999999272,-0.3650000000006912,-0.4000000000005457,1.7399999999997817,1.2899999999999636,0.8988326848249028,0.06666666666666667,0.28000000000065484,2.8499999999994543,0.06666666666666667,0.0982456140353363,1.1000000000003638,0.8400000000001455,1.1350000000002183,-0.14499999999952706,0.9481132075471698,0.2537313432835821,0.2899999999999636,1.9800000000013824,0.2537313432835821,0.14646464646452584,0.03999999999996362,-0.3400000000001455,9.906000137329102,0.03999999999996362,-0.5600000000004002,29.679999828338623,0.08999999999923602,-1.1300000000001091,59.87999987602234,True
1s-s0-t4,1s,0,SECONDARY,SELL,-1,1789576468.965,1789577098.9699998,2026-09-16T16:34:28.965000+00:00,2026-09-16T16:44:58.970000+00:00,take_profit,630.0049998760223,4348.72,0.03821839690421801,29.772708056869895,8.140000000000327,-2.149999999999636,630.0049998760223,8.140000000000327,8.140000000000327,-1.9350000000004002,-2.480000000000473,-4.975000000000364,-1.8450000000011642,0.8245614035087719,-0.27472527472527475,0.26999999999952706,5.525000000000546,0.27472527472527475,0.04886877828045256,-1.3150000000005093,-1.9250000000010914,-3.125,-3.030000000000655,0.8778135048231511,-0.17777777777777778,0.18000000000029104,4.055000000000291,0.17777777777777778,0.04438964241683801,-0.0,-1.1300000000001091,9.008000135421753,-0.0,-2.5,29.98300004005432,-0.0,-3.9400000000005093,59.968000173568726,False
1s-s0-t5,1s,0,PRIMARY,SELL,-1,1789577099.722,1789577174.9529998,2026-09-16T16:44:59.722000+00:00,2026-09-16T16:46:14.953000+00:00,emergency_stop,75.23099994659424,4340.54,0.040551630035220616,-15.833974703397962,0.0,-4.079999999999927,0.0,-4.079999999999927,0.0,-1.175000000000182,-1.785000000000764,-2.9849999999996726,-2.8900000000003274,0.9245283018867925,-0.15463917525773196,0.18000000000029104,4.055000000000291,0.15463917525773196,0.04438964241683801,0.5849999999991269,1.3549999999995634,1.7150000000001455,0.9650000000001455,0.9820971867007673,0.1875,0.23999999999978172,2.014999999999418,-0.1875,0.11910669975178712,0.36999999999989086,-0.020000000000436557,9.96399998664856,0.6700000000000728,-0.4899999999997817,29.98200035095215,0.6700000000000728,-0.8800000000001091,58.97699999809265,True
1s-s0-t6,1s,0,PRIMARY,SELL,-1,1789577625.984,1789578526.721,2026-09-16T16:53:45.984000+00:00,2026-09-16T17:08:46.721000+00:00,max_hold,900.7369999885559,4337.79,0.03931075015614289,33.70860722896323,13.420000000000073,-1.6000000000003638,764.0150001049042,8.960000000000036,13.420000000000073,-0.7899999999999636,-0.8049999999993815,-0.9099999999998545,-3.339999999999236,1.009009009009009,-0.16666666666666666,0.27000000000043656,1.2000000000007276,0.16666666666666666,0.22500000000022738,1.305000000000291,3.0700000000006185,3.5900000000001455,3.5100000000002183,1.1098265895953756,0.06349206349206349,0.3000000000001819,3.3900000000003274,-0.06349206349206349,0.08849557522128405,0.019999999999527063,-0.47000000000025466,9.213000059127808,0.05999999999949068,-0.9200000000000728,29.13599991798401,0.05999999999949068,-1.5600000000004002,59.21600008010864,True
1s-s0-t7,1s,0,MICRO,BUY,1,1789578618.875,1789578804.99,2026-09-16T17:10:18.875000+00:00,2026-09-16T17:13:24.990000+00:00,trail,186.11500000953674,4332.29,0.0419524325666357,21.138637496313336,6.520000000000437,0.0,179.10199999809265,4.380000000000109,6.520000000000437,0.944999999999709,2.1900000000005093,2.594999999999345,6.309999999999491,1.047244094488189,0.03759398496240601,0.2600000000002183,3.0499999999992724,0.03759398496240601,0.08524590163943617,-1.980000000000473,-0.40499999999974534,-0.17000000000007276,1.800000000000182,0.9943342776203966,-0.1504424778761062,0.3099999999994907,2.2399999999997817,-0.1504424778761062,0.13839285714264327,0.6899999999995998,0.0,9.95799994468689,1.819999999999709,0.0,29.677000045776367,1.819999999999709,0.0,58.859999895095825,True
1s-s0-t8,1s,0,PRIMARY,SELL,-1,1789579129.869,1789579777.976,2026-09-16T17:18:49.869000+00:00,2026-09-16T17:29:37.976000+00:00,emergency_stop,648.1070001125336,4334.09,0.043609029247610835,-16.902576495729754,2.8100000000004,-4.050000000000182,82.1159999370575,-4.050000000000182,2.8100000000004,-1.625,-1.319999999999709,-1.625,-4.094999999999345,1.0676156583629892,-0.09090909090909091,0.26999999999952706,2.344999999999345,0.09090909090909091,0.11513859275036352,0.8850000000002183,1.5300000000006548,1.3450000000002547,3.7600000000002183,0.8713235294117647,0.16455696202531644,0.2600000000002183,2.050000000000182,-0.16455696202531644,0.12682926829277816,0.03999999999996362,-0.1999999999998181,8.912999868392944,0.42000000000007276,-0.5599999999994907,29.430000066757202,0.9000000000005457,-0.5599999999994907,59.769999742507935,True
1s-s0-t9,1s,0,PRIMARY,BUY,1,1789580254.921,1789581155.809,2026-09-16T17:37:34.921000+00:00,2026-09-16T17:52:35.809000+00:00,max_hold,900.8880000114441,4339.97,0.042284404984214596,49.28888339463831,14.489999999999782,-0.43000000000029104,785.9849998950958,12.179999999999382,14.489999999999782,1.925000000000182,2.1899999999996,1.2899999999999636,0.8200000000006185,1.037593984962406,0.2087912087912088,0.27000000000043656,2.305000000000291,0.2087912087912088,0.11713665943618329,-0.18000000000029104,-0.9000000000005457,-0.4399999999995998,-0.9849999999996726,1.053763440860215,-0.04081632653061224,0.3500000000003638,1.4250000000010914,-0.04081632653061224,0.24561403508778648,0.13000000000010914,-0.42999999999938154,9.962000131607056,0.7800000000006548,-0.42999999999938154,29.17899990081787,0.7800000000006548,-0.9699999999993452,59.165000200271606,True
1s-s0-t10,1s,0,PRIMARY,BUY,1,1789581649.928,1789581743.95,2026-09-16T18:00:49.928000+00:00,2026-09-16T18:02:23.950000+00:00,emergency_stop,94.0220000743866,4355.79,0.04614708537952241,-17.753819378390272,1.6300000000001091,-4.019999999999527,22.027000188827515,-4.019999999999527,1.6300000000001091,0.7250000000003638,1.5050000000010186,0.7550000000001091,3.0750000000007276,0.9213759213759214,0.03225806451612903,0.2899999999999636,2.5150000000003274,0.03225806451612903,0.11530815109340989,-1.5099999999983993,-2.639999999999418,-3.5749999999989086,-2.4799999999995634,1.2139175257731958,-0.10256410256410256,0.2899999999999636,3.289999999999054,-0.10256410256410256,0.08814589665654923,0.42999999999938154,-0.06000000000040018,9.96399974822998,0.6999999999998181,-0.5600000000004002,29.037999868392944,0.9499999999998181,-0.5900000000001455,58.787999868392944,True
1s-s0-t11,1s,0,SECONDARY,BUY,1,1789582071.959,1789582518.9580002,2026-09-16T18:07:51.959000+00:00,2026-09-16T18:15:18.958000+00:00,emergency_stop,446.99900007247925,4356.06,0.04475575075532997,-17.903856817633002,1.8099999999994907,-4.180000000000291,150.89699983596802,-4.180000000000291,1.8099999999994907,2.6700000000009823,4.4350000000004,4.905000000000655,4.8100000000004,1.657258064516129,0.11940298507462686,0.1500000000005457,5.180000000000291,0.11940298507462686,0.028957528957632678,-0.38000000000010914,-1.7200000000002547,-3.4849999999996726,-1.949999999999818,1.0,0.03125,0.3400000000001455,3.9899999999997817,0.03125,0.08521303258149476,0.3999999999996362,0.0,8.912999868392944,1.0,-0.43000000000029104,28.676999807357788,2.8599999999996726,-0.4499999999998181,59.853999853134155,True
1s-s0-t12,1s,0,PRIMARY,SELL,-1,1789583356.9459999,1789583760.997,2026-09-16T18:29:16.946000+00:00,2026-09-16T18:36:00.997000+00:00,emergency_stop,404.0510001182556,4345.18,0.04335265796915027,-17.88193315946667,2.0100000000002183,-4.309999999999491,87.82100009918213,-4.309999999999491,2.0100000000002183,-0.9149999999999636,-1.055000000000291,-2.0600000000004,-0.5149999999994179,1.1653846153846155,0.0,0.2999999999992724,2.110000000000582,-0.0,0.1421800947863458,0.930000000000291,1.5300000000006548,1.485000000000582,2.5500000000010914,1.125,0.07936507936507936,0.3499999999994543,1.9400000000005093,-0.07936507936507936,0.18041237113369196,0.2899999999999636,-0.4400000000005093,9.761000156402588,0.2899999999999636,-1.7700000000004366,29.92900013923645,0.2899999999999636,-2.949999999999818,59.52499985694885,True
1s-s0-t13,1s,0,MICRO,BUY,1,1789584430.963,1789584507.9180002,2026-09-16T18:47:10.963000+00:00,2026-09-16T18:48:27.918000+00:00,emergency_stop,76.95500016212463,4358.41,0.04195128330029765,-18.147013111089137,2.2200000000002547,-4.519999999999527,21.006999731063843,-4.519999999999527,2.2200000000002547,7.115000000000691,6.480000000000473,7.4350000000004,6.529999999999745,1.278688524590164,0.15789473684210525,0.1499999999996362,7.994999999999891,0.15789473684210525,0.018761726078754003,-1.6599999999998545,-1.139999999999418,-4.169999999999163,3.6300000000010186,0.8004484304932735,-0.017241379310344827,0.4600000000000364,6.729999999999563,-0.017241379310344827,0.0683506686478553,0.0,-0.47000000000025466,9.05299973487854,0.5199999999995271,-0.6400000000003274,28.976999759674072,0.8299999999999272,-2.4500000000007276,58.91199994087219,True
1s-s0-t14,1s,0,MICRO,SELL,-1,1789584568.838,1789584569.9950001,2026-09-16T18:49:28.838000+00:00,2026-09-16T18:49:29.995000+00:00,momentum_zero_cross,1.1570000648498535,4351.47,0.04052913479641771,-1.8617871893744256,0.0,-0.47999999999956344,0.0,-0.47999999999956344,0.0,-0.6550000000006548,-2.110000000000582,-2.5050000000010186,-8.6200000000008,0.9407407407407408,-0.07936507936507936,0.2899999999999636,3.2950000000009823,0.07936507936507936,0.08801213960542555,-0.6750000000001819,-1.930000000000291,-2.2650000000003274,-7.950000000000728,0.849624060150376,-0.08928571428571429,0.3499999999994543,3.2950000000009823,0.08928571428571429,0.10622154779949923,-0.0,-0.3400000000001455,9.950999736785889,-0.0,-1.7200000000002547,29.973999738693237,-0.0,-1.949999999999818,59.81399989128113,False
1s-s0-t15,1s,0,PRIMARY,SELL,-1,1789586926.748,1789587086.985,2026-09-16T19:28:46.748000+00:00,2026-09-16T19:31:26.985000+00:00,momentum_zero_cross,160.2369999885559,4344.56,0.040383229911150745,-10.744032542237248,0.0,-2.7799999999997453,0.0,-2.7799999999997453,0.0,0.14000000000032742,-0.5100000000002183,-1.6649999999999636,-2.180000000000291,1.1970443349753694,0.06172839506172839,0.23999999999978172,1.925000000000182,-0.06172839506172839,0.1246753246751995,0.8500000000003638,1.855000000000473,1.0399999999999636,2.3149999999996,0.8689655172413793,0.19047619047619047,0.2600000000002183,2.0450000000000728,-0.19047619047619047,0.1271393643032807,-0.0,-0.22000000000025466,9.560999870300293,0.5299999999997453,-0.22000000000025466,29.75600004196167,0.5299999999997453,-0.8000000000001819,59.40500020980835,True
1s-s0-t16,1s,0,SECONDARY,BUY,1,1789592041.932,1789592367.977,2026-09-16T20:54:01.932000+00:00,2026-09-16T20:59:27.977000+00:00,take_profit,326.04500007629395,4349.71,0.03954123956750333,30.954589645084756,8.180000000000291,-2.130000000000109,326.04500007629395,8.180000000000291,8.180000000000291,1.5749999999989086,1.6449999999986176,2.234999999998763,3.2399999999997817,1.0363636363636364,0.3783783783783784,0.23000000000047294,2.3749999999990905,0.3783783783783784,0.09684210526339411,4.595000000000255,4.354999999999563,3.4549999999999272,6.940000000000509,1.2289156626506024,0.17037037037037037,0.7199999999993452,5.350000000000364,0.17037037037037037,0.1345794392522049,0.9200000000000728,-1.8200000000006185,9.007999897003174,6.319999999999709,-2.880000000000109,29.97499990463257,8.649999999999636,-18.300000000000182,59.95800018310547,True
1s-s0-t17,1s,0,PRIMARY,BUY,1,1789592390.992,1789592402.978,2026-09-16T20:59:50.992000+00:00,2026-09-16T21:00:02.978000+00:00,emergency_stop,11.985999822616577,4356.67,0.041967094614969745,-19.80055169176906,7.539999999999964,-4.930000000000291,4.9649999141693115,-4.930000000000291,7.539999999999964,-0.4099999999998545,3.220000000001164,3.2950000000000728,3.040000000000873,0.9261744966442953,0.058823529411764705,0.21000000000003638,6.150000000000546,0.058823529411764705,0.034146341463417516,-3.6500000000005457,-3.1900000000005093,-0.27000000000043656,-0.3100000000004002,1.1753986332574031,-0.09302325581395349,3.8900000000003274,11.885000000000218,-0.09302325581395349,0.3273033235170598,14.800000000000182,-12.149999999999636,8.998000144958496,14.800000000000182,-12.909999999999854,29.006999969482422,14.800000000000182,-14.849999999999454,59.997000217437744,True
1s-s0-t18,1s,0,MICRO,SELL,-1,1789592535.972,1789592539.9299998,2026-09-16T21:02:15.972000+00:00,2026-09-16T21:02:19.930000+00:00,emergency_stop,3.9579999446868896,4314.43,0.040415361291581145,-15.974158334674728,0.0,-4.130000000000109,0.0,-4.130000000000109,0.0,-3.944999999999709,-9.700000000000728,-13.895000000000437,-39.655000000000655,0.9893617021276596,-0.016216216216216217,0.27999999999974534,15.905000000000655,0.016216216216216217,0.01760452687832341,-1.0349999999998545,-4.979999999999563,-9.364999999998872,-33.01499999999942,1.0913978494623655,-0.004975124378109453,0.7200000000002547,15.905000000000655,0.004975124378109453,0.04526878340146023,1.1700000000000728,-1.6599999999998545,9.062000274658203,1.9400000000005093,-10.3799999999992,29.03500008583069,1.9400000000005093,-21.729999999999563,59.06000018119812,True
1s-s0-t19,1s,0,SECONDARY,BUY,1,1789592591.9859998,1789592605.997,2026-09-16T21:03:11.986000+00:00,2026-09-16T21:03:25.997000+00:00,emergency_stop,14.011000156402588,4337.49,0.03916349547557439,-19.677150991853082,2.300000000000182,-5.25,7.004000186920166,-5.25,2.300000000000182,5.1299999999992,12.864999999999782,19.06999999999971,8.774999999999636,0.9782608695652174,0.03067484662576687,0.2899999999999636,22.774999999999636,0.03067484662576687,0.012733260153675884,-4.824999999999818,2.119999999999891,14.090000000000146,5.350000000000364,1.0397727272727273,-0.08888888888888889,0.930000000000291,23.734999999999673,-0.08888888888888889,0.039182641668434964,8.0,0.0,9.95300006866455,8.63000000000011,-2.4799999999995634,29.967000007629395,8.63000000000011,-6.75,59.0,True
1s-s0-t20,1s,0,MICRO,SELL,-1,1789593002.968,1789593003.9740002,2026-09-16T21:10:02.968000+00:00,2026-09-16T21:10:03.974000+00:00,momentum_zero_cross,1.006000280380249,4330.83,0.03762143284122364,-0.3600450127927168,0.0,-0.1000000000003638,0.0,-0.1000000000003638,0.0,-1.2150000000001455,-3.0499999999992724,-7.539999999999054,-11.489999999999782,0.9693251533742331,-0.15584415584415584,0.2899999999999636,6.989999999999782,0.15584415584415584,0.04148783977109766,-1.8400000000001455,-3.0100000000002183,-7.789999999999054,-12.680000000000291,1.0105263157894737,-0.15384615384615385,0.4099999999998545,7.239999999999782,0.15384615384615385,0.05662983425412525,-0.0,-3.5799999999999272,9.006999731063843,4.329999999999927,-3.5799999999999272,28.959999799728394,4.860000000000582,-3.5799999999999272,59.93399977684021,True
1s-s0-t21,1s,0,PRIMARY,SELL,-1,1789593033.9889998,1789593933.999,2026-09-16T21:10:33.989000+00:00,2026-09-16T21:25:33.999000+00:00,max_hold,900.0100002288818,4327.98,0.03759321676659263,53.06680940719234,21.089999999999236,-2.130000000000109,392.98800015449524,14.75,21.089999999999236,-1.6049999999995634,-2.625,-5.635000000000218,-8.0649999999996,1.0058823529411764,-0.07602339181286549,0.24000000000069122,9.140000000000327,0.07602339181286549,0.026258205689352585,-2.969999999999345,-2.8400000000001455,-8.489999999999782,-4.164999999999964,0.9649890590809628,-0.15862068965517243,0.3899999999994179,8.655000000000655,0.15862068965517243,0.04506065857878549,-0.0,-1.4500000000007276,9.962999820709229,0.16999999999916326,-2.0100000000002183,29.971999883651733,0.16999999999916326,-4.460000000000036,59.96499991416931,True
1s-s0-t22,1s,0,MICRO,SELL,-1,1789594268.9689999,1789594279.979,2026-09-16T21:31:08.969000+00:00,2026-09-16T21:31:19.979000+00:00,trail,11.010000228881836,4308.08,0.04175196637139693,7.631884144265065,4.170000000000073,-0.7799999999997453,8.016000032424927,1.9099999999998545,4.170000000000073,-6.234999999999673,-9.114999999999782,-14.670000000000073,-9.464999999999236,1.0479846449136276,-0.24719101123595505,0.2600000000002183,15.674999999999272,0.24719101123595505,0.01658692185009444,-2.6400000000003274,-5.319999999999709,-15.74499999999989,-12.394999999999527,1.073446327683616,-0.010638297872340425,0.3999999999996362,18.0,0.010638297872340425,0.02222222222220201,2.119999999999891,-1.4200000000000728,9.964999914169312,2.119999999999891,-3.1400000000003274,29.979000091552734,4.949999999999818,-3.8299999999999272,59.01699995994568,True
1s-s0-t23,1s,0,MICRO,SELL,-1,1789594358.949,1789594389.985,2026-09-16T21:32:38.949000+00:00,2026-09-16T21:33:09.985000+00:00,trail,31.03600001335144,4294.6,0.042350063289667145,6.565843786968811,4.3700000000008,-2.6099999999996726,23.01800012588501,1.6200000000008004,4.3700000000008,-7.470000000000255,-14.484999999999673,-13.50500000000011,-22.604999999999563,1.0355871886120998,-0.03626943005181347,0.23999999999978172,15.604999999999563,0.03626943005181347,0.015379685998063981,0.08500000000003638,-2.3599999999996726,-15.525000000000546,-15.945000000000618,0.9728260869565217,0.1329479768786127,0.6299999999991996,16.030000000000655,-0.1329479768786127,0.03930131004361659,5.0,-1.0700000000006185,9.90499997138977,9.5,-1.0700000000006185,29.981000185012817,9.5,-1.0700000000006185,59.99400019645691,True
1s-s0-t24,1s,0,PRIMARY,SELL,-1,1789594424.963,1789594435.9689999,2026-09-16T21:33:44.963000+00:00,2026-09-16T21:33:55.969000+00:00,emergency_stop,11.00599980354309,4284.56,0.04286461655863686,-21.61877223327587,0.0,-5.269999999999527,0.0,-5.269999999999527,0.0,-2.9749999999994543,-8.50500000000011,-11.1850000000004,-21.74000000000069,0.9711864406779661,-0.031578947368421054,0.2999999999992724,13.920000000000073,0.031578947368421054,0.02155172413787865,3.3250000000007276,2.930000000000291,-4.469999999999345,-18.549999999999272,0.9513422818791947,0.058823529411764705,0.11999999999989086,11.555000000000291,-0.058823529411764705,0.010385114668964763,3.7100000000000364,-0.27000000000043656,9.955000162124634,7.079999999999927,-0.27000000000043656,29.021000146865845,8.640000000000327,-0.27000000000043656,59.998000144958496,True
1s-s0-t25,1s,0,SECONDARY,BUY,1,1789594762.982,1789594922.984,2026-09-16T21:39:22.982000+00:00,2026-09-16T21:42:02.984000+00:00,take_profit,160.0019998550415,4286.94,0.04117039258915688,35.61844097860489,9.039999999999964,-1.3299999999999272,160.0019998550415,9.039999999999964,9.039999999999964,2.2950000000000728,2.8149999999996,6.734999999999673,15.670000000000073,1.038,0.1242603550295858,0.2599999999993088,6.019999999999527,0.1242603550295858,0.04318936877065269,4.869999999998981,7.364999999999782,8.954999999999927,3.3699999999989814,0.9086859688195991,0.07462686567164178,0.6400000000003274,10.429999999999382,0.07462686567164178,0.06136145733464673,0.9900000000006912,-0.9199999999991633,9.996999979019165,2.930000000000291,-0.9199999999991633,29.862000226974487,5.270000000000437,-0.9199999999991633,59.98599982261658,True
1s-s0-t26,1s,0,MICRO,BUY,1,1789594989.979,1789595021.9539998,2026-09-16T21:43:09.979000+00:00,2026-09-16T21:43:41.954000+00:00,trail,31.97499966621399,4302.67,0.04396174520670171,21.67775945846386,5.970000000000255,-2.319999999999709,28.920000076293945,3.8400000000001455,5.970000000000255,1.730000000000473,6.9299999999993815,5.699999999999818,15.9399999999996,1.0084566596194504,0.05732484076433121,0.2600000000002183,6.9299999999993815,0.05732484076433121,0.03751803751807237,1.605000000000473,4.095000000000255,10.780000000000655,13.079999999999927,0.9693251533742331,0.1282051282051282,0.6099999999996726,12.525000000000546,0.1282051282051282,0.048702594810350976,1.7299999999995634,-0.6100000000005821,9.020000457763672,3.1099999999996726,-0.6100000000005821,29.984000205993652,4.399999999999636,-1.0900000000001455,59.01200032234192,True
1s-s0-t27,1s,0,SECONDARY,BUY,1,1789595066.9980001,1789595074.951,2026-09-16T21:44:26.998000+00:00,2026-09-16T21:44:34.951000+00:00,emergency_stop,7.952999830245972,4311.14,0.04566059189803323,-17.91623958072913,0.0,-4.100000000000364,0.0,-4.100000000000364,0.0,0.9249999999992724,4.094999999999345,7.149999999999636,11.994999999998981,0.96,0.0273972602739726,0.23000000000047294,6.8799999999992,0.0273972602739726,0.03343023255821217,-2.3299999999999272,-1.6349999999993088,0.9250000000001819,10.775000000000546,1.0953346855983772,-0.05747126436781609,0.36999999999989086,4.889999999999418,-0.05747126436781609,0.0756646216768783,1.050000000000182,-3.4399999999996,9.013999938964844,1.050000000000182,-6.350000000000364,29.04200005531311,1.050000000000182,-7.609999999999673,59.01200008392334,True
1s-s0-t28,1s,0,PRIMARY,SELL,-1,1789595330.9689999,1789595580.982,2026-09-16T21:48:50.969000+00:00,2026-09-16T21:53:00.982000+00:00,take_profit,250.01300024986267,4297.31,0.0442565286971686,106.98728348684101,25.26000000000022,0.0,250.01300024986267,25.26000000000022,25.26000000000022,1.0650000000005093,2.3150000000005093,-1.2799999999988358,-5.8400000000001455,1.0038684719535784,0.023255813953488372,0.2599999999993088,3.485000000000582,-0.023255813953488372,0.07460545193666152,-1.7249999999994543,-6.650000000000546,-13.929999999999382,-15.695000000000618,0.949438202247191,0.0658682634730539,0.5900000000001455,12.804999999999382,-0.0658682634730539,0.046075751659521595,-0.0,-2.880000000000109,9.00599980354309,-0.0,-4.899999999999636,29.973000049591064,5.940000000000509,-4.899999999999636,58.89299988746643,True
1s-s0-t29,1s,0,MICRO,SELL,-1,1789595609.952,1789595643.983,2026-09-16T21:53:29.952000+00:00,2026-09-16T21:54:03.983000+00:00,trail,34.0310001373291,4274.16,0.05264092805884725,28.36308064344621,8.050000000000182,0.0,29.92300009727478,5.300000000000182,8.050000000000182,-2.414999999999054,1.6400000000003274,-4.484999999999673,-7.809999999999491,1.065180102915952,-0.1262135922330097,0.2899999999999636,6.650000000000546,0.1262135922330097,0.04360902255638193,-0.4749999999994543,-3.139999999999418,-4.610000000000582,-15.569999999999709,1.0073394495412844,0.03333333333333333,0.4499999999998181,10.719999999999345,-0.03333333333333333,0.041977611940284106,1.519999999999527,-0.07999999999992724,8.90999984741211,1.519999999999527,-1.0300000000006548,29.96999979019165,4.139999999999418,-2.1700000000000728,59.99799990653992,True
1s-s0-t30,1s,0,SECONDARY,SELL,-1,1789595768.968,1789595780.988,2026-09-16T21:56:08.968000+00:00,2026-09-16T21:56:20.988000+00:00,emergency_stop,12.019999980926514,4263.03,0.054863691246132024,-24.887704008874213,2.5999999999994543,-4.740000000000691,5.008000135421753,-4.740000000000691,2.5999999999994543,-5.710000000000036,-6.864999999999782,-1.3099999999994907,-3.9349999999994907,1.1305970149253732,-0.08,0.28000000000065484,9.63000000000011,0.08,0.029075804776807025,6.680000000000291,-4.309999999999491,-0.3849999999993088,-1.4349999999994907,1.0217391304347827,0.2553191489361702,0.4600000000000364,12.63000000000011,-0.2553191489361702,0.03642121931908412,5.040000000000873,-0.0,9.007000207901001,5.040000000000873,-2.0,29.973000049591064,6.5,-2.0,59.99500012397766,True
1s-s0-t31,1s,0,SECONDARY,BUY,1,1789595933.964,1789595971.9889998,2026-09-16T21:58:53.964000+00:00,2026-09-16T21:59:31.989000+00:00,emergency_stop,38.02499985694885,4270.78,0.05291328702233175,-22.38249407185471,0.0,-4.420000000000073,0.0,-4.420000000000073,0.0,3.2499999999990905,3.334999999999127,4.204999999999927,2.8599999999996726,0.9558541266794626,0.12048192771084337,0.27999999999974534,4.899999999999636,0.12048192771084337,0.057142857142809415,-1.375,-3.5,-0.5850000000009459,7.279999999999745,1.0150375939849625,-0.12222222222222222,0.32999999999992724,4.364999999999782,-0.12222222222222222,0.07560137457043385,0.19000000000050932,-2.009999999999309,9.966000318527222,0.19000000000050932,-6.380000000000109,29.98200011253357,6.329999999999927,-6.380000000000109,59.00200033187866,True
1s-s0-t32,1s,0,MICRO,SELL,-1,1789596352.959,1789596397.9889998,2026-09-16T22:05:52.959000+00:00,2026-09-16T22:06:37.989000+00:00,stagnation,45.02999973297119,4269.2,0.05115921155754142,-9.302483562764543,0.0,-3.9200000000000728,0.0,-1.9000000000005457,0.0,-0.9650000000001455,0.694999999999709,-3.4950000000008004,-16.80000000000109,1.0465116279069768,-0.3288590604026846,0.23999999999978172,5.664999999999964,0.3288590604026846,0.0423654015886643,-2.0549999999993815,-0.8450000000002547,1.625,-4.4350000000004,0.9834905660377359,-0.17391304347826086,0.4400000000005093,3.9650000000001455,0.17391304347826086,0.11097099621702224,2.240000000000691,-0.0,8.957000017166138,15.329999999999927,-0.0,29.98099994659424,16.840000000000146,-0.0,58.996999979019165,True
1s-s0-t33,1s,0,PRIMARY,SELL,-1,1789596538.9550002,1789596551.9689999,2026-09-16T22:08:58.955000+00:00,2026-09-16T22:09:11.969000+00:00,emergency_stop,13.013999700546265,4255.48,0.05043019279284625,-19.35336416825886,0.0,-4.010000000000218,0.0,-4.010000000000218,0.0,-1.730000000000473,0.6399999999994179,-3.8200000000006185,-11.845000000001164,1.0952380952380953,0.021739130434782608,0.23000000000047294,4.555000000000291,-0.021739130434782608,0.050493962678476015,2.569999999999709,2.944999999999709,3.7349999999996726,4.454999999999927,1.001908396946565,-0.022988505747126436,0.6099999999996726,4.930000000000291,0.022988505747126436,0.12373225152122445,1.2100000000000364,-0.0,9.008000135421753,8.679999999999382,-0.0,29.022000312805176,10.760000000000218,-0.0,59.004000186920166,True
1s-s0-t34,1s,0,MICRO,BUY,1,1789596893.973,1789596894.977,2026-09-16T22:14:53.973000+00:00,2026-09-16T22:14:54.977000+00:00,momentum_zero_cross,1.003999948501587,4250.5,0.04891350474460131,2.0128838026412352,0.43000000000029104,0.0,1.003999948501587,0.43000000000029104,0.43000000000029104,0.47000000000025466,5.539999999999964,6.664999999999964,7.855000000000473,0.8886792452830189,0.01935483870967742,0.1499999999996362,6.25,0.01935483870967742,0.023999999999941794,1.2849999999998545,5.529999999999745,7.354999999999563,8.25,0.8943396226415095,0.05732484076433121,0.36999999999989086,6.619999999999891,0.05732484076433121,0.0558912386706793,2.469999999999345,0.0,9.01199984550476,5.139999999999418,0.0,29.979000091552734,6.5,0.0,59.00500011444092,True
1s-s0-t35,1s,0,SECONDARY,BUY,1,1789596912.948,1789596955.987,2026-09-16T22:15:12.948000+00:00,2026-09-16T22:15:55.987000+00:00,emergency_stop,43.039000034332275,4254.61,0.04907125079740276,-23.434146537180187,2.8200000000006185,-4.989999999999782,17.01200008392334,-4.989999999999782,2.8200000000006185,0.9200000000000728,4.360000000000582,5.524999999999636,14.25,1.1358024691358024,0.13333333333333333,0.2899999999999636,9.649999999999636,0.13333333333333333,0.030051813471499954,-4.2150000000001455,-6.375,-1.824999999999818,4.4350000000004,1.0323886639676114,-0.023529411764705882,0.75,7.5700000000006185,-0.023529411764705882,0.09907529722588358,1.6700000000000728,-2.269999999999527,9.0,1.6700000000000728,-3.7200000000002547,29.920000076293945,1.6700000000000728,-3.949999999999818,59.99399995803833,True
1s-s0-t36,1s,0,PRIMARY,SELL,-1,1789597139.999,1789597189.9910002,2026-09-16T22:18:59.999000+00:00,2026-09-16T22:19:49.991000+00:00,emergency_stop,49.992000102996826,4241.84,0.04723475923631004,-18.759932455421815,0.75,-4.149999999999636,26.98799991607666,-4.149999999999636,0.75,-2.7399999999997817,-5.114999999999782,-3.2150000000001455,-5.279999999998836,0.9518599562363238,-0.2638888888888889,0.2899999999999636,7.5549999999993815,0.2638888888888889,0.038385175380541016,0.8849999999993088,2.8099999999994907,1.1199999999989814,-2.1350000000002183,0.9195652173913044,-0.23404255319148937,0.2899999999999636,5.069999999999709,0.23404255319148937,0.057199211045361,0.26999999999952706,-2.610000000000582,9.960999727249146,0.26999999999952706,-4.730000000000473,29.98099970817566,0.26999999999952706,-4.730000000000473,59.906999588012695,True
1s-s0-t37,1s,0,MICRO,SELL,-1,1789597586.985,1789597632.981,2026-09-16T22:26:26.985000+00:00,2026-09-16T22:27:12.981000+00:00,stagnation,45.99600005149841,4243.7,0.04576457735508002,2.4964667103400795,0.569999999999709,-2.449999999999818,45.99600005149841,0.569999999999709,0.569999999999709,-1.3950000000004366,-3.194999999999709,-10.8799999999992,-8.600000000000364,1.0,-0.14285714285714285,0.2600000000002183,10.3700000000008,0.14285714285714285,0.025072324011590957,-0.75,-1.605000000000473,-1.0200000000004366,-11.650000000000546,0.8483606557377049,-0.29927007299270075,0.3000000000001819,3.0100000000002183,0.29927007299270075,0.09966777408643195,2.600000000000364,-0.5500000000001819,9.00600004196167,2.600000000000364,-4.319999999999709,29.975000143051147,2.600000000000364,-7.559999999999491,59.950000047683716,True
1s-s0-t38,1s,0,SECONDARY,BUY,1,1789597780.968,1789597881.968,2026-09-16T22:29:40.968000+00:00,2026-09-16T22:31:21.968000+00:00,take_profit,101.0,4251.82,0.04596022092327289,36.595433961394725,8.320000000000618,-0.07999999999992724,101.0,8.320000000000618,8.320000000000618,1.1200000000008004,2.4500000000007276,5.430000000000291,5.640000000000327,1.0316742081447965,-0.09933774834437085,0.27999999999974534,8.550000000000182,-0.09933774834437085,0.032748538011665426,1.4099999999998545,3.649999999999636,5.024999999999636,9.579999999999927,1.0107296137339057,-0.3375796178343949,0.42999999999938154,4.969999999999345,-0.3375796178343949,0.08651911468801574,0.0,-2.630000000000109,9.014000177383423,0.22999999999956344,-2.660000000000764,29.98099994659424,1.75,-2.660000000000764,59.00500011444092,True
1s-s0-t39,1s,0,SECONDARY,BUY,1,1789598086.937,1789598176.878,2026-09-16T22:34:46.937000+00:00,2026-09-16T22:36:16.878000+00:00,emergency_stop,89.94099998474121,4263.06,0.04882813870888533,-18.972198978940227,2.319999999999709,-4.0600000000004,25.931999921798706,-4.0600000000004,2.319999999999709,1.180000000000291,4.510000000000218,4.970000000000255,4.755000000000109,1.0382165605095541,-0.06329113924050633,0.27000000000043656,5.7150000000001455,-0.06329113924050633,0.04724409448826416,-2.1799999999993815,-4.180000000000291,-4.914999999999964,0.7200000000002547,1.0530612244897959,-0.11377245508982035,0.27000000000043656,5.274999999999636,-0.11377245508982035,0.051184834123309035,1.8599999999996726,0.0,9.059999942779541,1.8699999999998909,-2.0299999999997453,29.027999877929688,1.8699999999998909,-2.2100000000000364,59.003000020980835,True
1s-s0-t40,1s,0,PRIMARY,SELL,-1,1789598203.9580002,1789598253.957,2026-09-16T22:36:43.958000+00:00,2026-09-16T22:37:33.957000+00:00,emergency_stop,49.99899983406067,4256.97,0.04734132188519963,-20.795747398260755,0.0,-4.5900000000001455,0.0,-4.5900000000001455,0.0,-2.915000000000873,-4.105000000001382,-6.795000000000073,-4.265000000000327,1.054820415879017,-0.3701657458563536,0.17999999999938154,6.645000000000437,0.3701657458563536,0.027088036117286638,2.3850000000002183,3.194999999999709,1.4549999999999272,-0.5399999999999636,1.140495867768595,-0.0718232044198895,0.2600000000002183,4.550000000000182,0.0718232044198895,0.057142857142902834,2.4500000000007276,-0.4399999999995998,9.001000165939331,2.4500000000007276,-1.699999999999818,29.013999938964844,2.4500000000007276,-2.339999999999236,59.99900007247925,True
1s-s0-t41,1s,0,SECONDARY,BUY,1,1789598297.943,1789598314.9580002,2026-09-16T22:38:17.943000+00:00,2026-09-16T22:38:34.958000+00:00,emergency_stop,17.015000104904175,4263.9,0.045711596879301576,-18.723698091206046,0.0,-4.279999999999745,0.0,-4.279999999999745,0.0,1.5,1.7600000000002183,3.6350000000002183,4.625,0.9859719438877755,-0.031055900621118012,0.27999999999974534,5.040000000000873,-0.031055900621118012,0.055555555555495406,-3.110000000000582,-2.4349999999994907,-1.9400000000005093,-0.040000000000873115,0.9866666666666667,-0.4013605442176871,0.4899999999997817,4.7450000000008,-0.4013605442176871,0.10326659641721793,0.0,-2.630000000000109,9.012999773025513,0.0,-2.630000000000109,29.038999795913696,2.2200000000002547,-2.630000000000109,59.01600003242493,True
1s-s0-t42,1s,0,SECONDARY,BUY,1,1789598469.9750001,1789599022.907,2026-09-16T22:41:09.975000+00:00,2026-09-16T22:50:22.907000+00:00,take_profit,552.9319999217987,4266.34,0.04424425461947608,34.67865557535033,8.1899999999996,-2.25,552.9319999217987,8.1899999999996,8.1899999999996,1.0449999999991633,2.4350000000004,2.800000000000182,8.295000000000073,1.0050761421319796,-0.015384615384615385,0.2600000000002183,3.9399999999996,-0.015384615384615385,0.06598984771579815,1.5049999999991996,3.5349999999998545,5.884999999999309,6.149999999999636,0.8505494505494505,0.12698412698412698,0.2899999999999636,6.139999999999418,0.12698412698412698,0.04723127035830474,0.6900000000005093,0.0,9.061999797821045,1.0600000000004002,0.0,29.092000007629395,1.9099999999998545,0.0,59.08800005912781,True
1s-s0-t43,1s,0,PRIMARY,BUY,1,1789599063.922,1789599103.9689999,2026-09-16T22:51:03.922000+00:00,2026-09-16T22:51:43.969000+00:00,emergency_stop,40.04699993133545,4276.58,0.046961957959477274,-18.112262727238626,0.0,-4.029999999999745,0.0,-4.029999999999745,0.0,0.875,1.0349999999998545,5.819999999999709,7.974999999999454,1.0402010050251256,0.15555555555555556,0.2899999999999636,5.649999999999636,0.15555555555555556,0.05132743362831545,-1.050000000000182,-3.569999999999709,-2.930000000000291,1.3999999999996362,0.9285714285714286,0.0,0.3099999999994907,3.9200000000000728,0.0,0.07908163265292983,0.1999999999998181,-0.3500000000003638,9.95900011062622,0.1999999999998181,-3.2899999999999636,29.98300004005432,0.9600000000000364,-3.2899999999999636,59.9520001411438,True
1s-s0-t44,1s,0,PRIMARY,BUY,1,1789599553.984,1789606800.963,2026-09-16T22:59:13.984000+00:00,2026-09-17T01:00:00.963000+00:00,emergency_stop,7246.979000091553,4272.07,0.045542532780152155,-53.43540648340843,1.0399999999999636,-12.259999999999309,31.98799991607666,-12.259999999999309,1.0399999999999636,0.284999999998945,1.7949999999991633,0.7899999999999636,-0.5799999999999272,1.0337837837837838,0.2052980132450331,0.23999999999978172,2.7750000000005457,0.2052980132450331,0.08648648648639082,nan,nan,nan,nan,3.0,-0.15789473684210525,8.6299999999992,0.0,-0.15789473684210525,nan,1.5499999999992724,0.0,1.5029997825622559,2.2999999999992724,-3.5800000000008367,29.804999828338623,2.9299999999993815,-3.5800000000008367,59.01200008392334,True
1s-s0-t45,1s,0,MICRO,BUY,1,1789614642.982,1789614793.947,2026-09-17T03:10:42.982000+00:00,2026-09-17T03:13:13.947000+00:00,trail,150.9649999141693,4279.77,0.04135489689101741,21.332275075090877,6.529999999999745,-0.75,98.00699973106384,4.519999999999527,6.529999999999745,0.27999999999974534,0.4499999999998181,3.0200000000004366,6.359999999999673,0.8709677419354839,0.022222222222222223,0.24000000000069122,3.1299999999991996,0.022222222222222223,0.07667731629417016,-0.9199999999991633,-1.3100000000004002,-0.9399999999995998,3.800000000000182,1.2032967032967032,-0.2328767123287671,0.43000000000029104,1.980000000000473,-0.2328767123287671,0.2171717171718123,0.06999999999970896,-0.31999999999970896,9.911999940872192,0.06999999999970896,-2.2299999999995634,28.64199995994568,0.75,-2.5299999999997453,59.842000007629395,True
1s-s0-t46,1s,0,PRIMARY,BUY,1,1789615421.591,1789615738.8270001,2026-09-17T03:23:41.591000+00:00,2026-09-17T03:28:58.827000+00:00,emergency_stop,317.23600006103516,4287.64,0.0430266685978366,-16.75921214112781,0.569999999999709,-4.0700000000006185,49.38099980354309,-4.0700000000006185,0.569999999999709,0.3850000000002183,0.875,0.5950000000002547,-0.03999999999996362,0.8969072164948454,-0.13793103448275862,0.28000000000065484,2.1149999999997817,-0.13793103448275862,0.13238770685611523,-2.5950000000002547,-1.425000000000182,-2.375,-0.8350000000000364,0.95,-0.08771929824561403,0.5100000000002183,3.0299999999997453,-0.08771929824561403,0.1683168316832545,1.6199999999998909,-0.38000000000010914,9.16599988937378,1.6300000000001091,-0.38000000000010914,29.651999950408936,1.6300000000001091,-0.38000000000010914,59.793999910354614,True
1s-s0-t47,1s,0,SECONDARY,BUY,1,1789617600.971,1789617657.826,2026-09-17T04:00:00.971000+00:00,2026-09-17T04:00:57.826000+00:00,take_profit,56.855000019073486,4283.55,0.041713279538887434,32.295671958547324,8.090000000000146,-0.4600000000000364,56.855000019073486,8.090000000000146,8.090000000000146,3.0150000000003274,2.930000000000291,5.954999999999927,5.164999999999964,1.1423487544483986,0.009345794392523364,0.23999999999978172,3.600000000000364,0.009345794392523364,0.0666666666665993,3.375,4.610000000000582,11.520000000000437,14.284999999999854,1.0106100795755968,0.18110236220472442,0.46999999999934516,11.875,0.18110236220472442,0.03957894736836591,1.3599999999996726,0.0,9.15999984741211,1.3599999999996726,-1.3400000000001455,29.837000131607056,2.5999999999994543,-1.3400000000001455,58.80400013923645,True
1s-s0-t48,1s,0,SECONDARY,BUY,1,1789617977.909,1789618261.937,2026-09-17T04:06:17.909000+00:00,2026-09-17T04:11:01.937000+00:00,emergency_stop,284.02800011634827,4303.74,0.04424423277490947,-17.614546516101665,6.489999999999782,-4.1599999999998545,105.99200010299683,-4.1599999999998545,6.489999999999782,3.0900000000001455,3.634999999999309,5.180000000000291,7.289999999999054,1.213740458015267,0.08571428571428572,0.26999999999952706,5.0349999999998545,0.08571428571428572,0.05362462760666035,-0.7900000000008731,-1.2049999999999272,-3.230000000000473,-5.015000000000327,0.935361216730038,0.037037037037037035,0.5500000000001819,3.095000000001164,0.037037037037037035,0.17770597738286753,0.5200000000004366,-0.5900000000001455,9.92199993133545,2.5100000000002183,-0.5900000000001455,29.949000120162964,2.5100000000002183,-0.5900000000001455,59.674999952316284,True
1s-s0-t49,1s,0,PRIMARY,BUY,1,1789618633.982,1789619534.96,2026-09-17T04:17:13.982000+00:00,2026-09-17T04:32:14.960000+00:00,max_hold,900.9779999256134,4302.66,0.042863812712332354,45.53394148540511,11.710000000000036,-1.3400000000001455,897.9769999980927,11.100000000000364,11.710000000000036,0.9700000000002547,3.0999999999994543,3.1850000000004,2.4399999999996,1.0857142857142856,0.21052631578947367,0.23999999999978172,3.9149999999999636,0.21052631578947367,0.06130268199228198,0.5150000000003274,2.8549999999995634,2.5,4.364999999999782,1.0576923076923077,0.05454545454545454,0.31999999999970896,5.300000000000182,0.05454545454545454,0.060377358490509056,0.5299999999997453,-0.42000000000007276,9.861999988555908,1.3800000000001091,-1.0300000000006548,29.948999881744385,1.3800000000001091,-1.0300000000006548,59.99199986457825,True
1s-s0-t50,1s,0,PRIMARY,SELL,-1,1789621329.987,1789621393.8460002,2026-09-17T05:02:09.987000+00:00,2026-09-17T05:03:13.846000+00:00,momentum_zero_cross,63.85900020599365,4298.08,0.046432225120634135,-10.709224098638384,0.0,-2.4099999999998545,0.0,-2.4099999999998545,0.0,-1.375,-2.8599999999996726,-1.6799999999993815,-2.0700000000006185,0.9336099585062241,-0.2,0.1000000000003638,3.175000000000182,0.2,0.03149606299223876,0.6749999999992724,2.1700000000000728,1.1549999999988358,-0.015000000000327418,1.0566037735849056,0.14285714285714285,0.2899999999999636,2.1700000000000728,-0.14285714285714285,0.13364055299537045,0.38000000000010914,-0.1000000000003638,9.763999700546265,1.4399999999995998,-0.1000000000003638,28.301999807357788,2.1899999999996,-0.1000000000003638,59.799999952316284,True
1s-s0-t51,1s,0,PRIMARY,SELL,-1,1789621909.9020002,1789622248.9910002,2026-09-17T05:11:49.902000+00:00,2026-09-17T05:17:28.991000+00:00,emergency_stop,339.08899998664856,4285.32,0.04559296265157872,-19.76594048753162,3.7100000000000364,-4.530000000000655,69.05099964141846,-4.530000000000655,3.7100000000000364,-0.08499999999912689,-1.4200000000000728,-3.4249999999992724,-0.7449999999989814,1.2372881355932204,0.1111111111111111,0.24000000000069122,3.869999999999891,-0.1111111111111111,0.06201550387614935,1.3450000000011642,1.7450000000008004,2.3100000000004,1.5900000000001455,0.9111111111111111,0.17073170731707318,0.5,2.3850000000002183,-0.17073170731707318,0.20964360587000178,0.14000000000032742,-0.18999999999959982,9.785999774932861,0.14000000000032742,-0.5999999999994543,29.973999738693237,0.8600000000005821,-0.9799999999995634,59.84499979019165,True
1s-s0-t52,1s,0,PRIMARY,SELL,-1,1789623093.972,1789623994.9740002,2026-09-17T05:31:33.972000+00:00,2026-09-17T05:46:34.974000+00:00,max_hold,901.0020003318787,4287.58,0.044043941745491116,8.85170520637598,5.649999999999636,-3.5,528.826000213623,2.100000000000364,5.649999999999636,-0.4150000000008731,-1.735000000000582,-2.8950000000004366,-3.585000000000946,0.6241610738255033,-0.0967741935483871,0.11999999999989086,3.8099999999994907,0.0967741935483871,0.03149606299210155,-0.4350000000004002,-0.2250000000003638,-1.1000000000003638,-3.7100000000000364,0.9868421052631579,-0.24,0.3999999999996362,2.084999999999127,0.24,0.19184652278168043,0.5299999999997453,-0.410000000000764,9.71899962425232,0.5299999999997453,-0.5200000000004366,29.91699981689453,1.0299999999997453,-0.5200000000004366,59.70899987220764,True
1s-s0-t53,1s,0,PRIMARY,BUY,1,1789635295.977,1789636196.952,2026-09-17T08:54:55.977000+00:00,2026-09-17T09:09:56.952000+00:00,max_hold,900.9749999046326,4303.5,0.044737633827982716,27.487136950889195,7.229999999999563,-1.0299999999997453,837.8789999485016,6.420000000000073,7.229999999999563,-0.29500000000007276,0.4099999999998545,1.2299999999995634,2.8450000000002547,1.2,-0.1864406779661017,0.25,1.4849999999996726,-0.1864406779661017,0.16835016835020547,0.5799999999999272,1.0050000000001091,0.09499999999934516,1.0799999999999272,1.3315508021390374,0.03614457831325301,0.4099999999998545,1.6599999999998545,0.03614457831325301,0.2469879518071629,0.17000000000007276,-0.21000000000003638,9.558000326156616,0.42000000000007276,-0.21000000000003638,28.29200005531311,1.6099999999996726,-0.21000000000003638,59.681999921798706,True
1s-s0-t54,1s,0,MICRO,SELL,-1,1789636602.907,1789636862.664,2026-09-17T09:16:42.907000+00:00,2026-09-17T09:21:02.664000+00:00,momentum_zero_cross,259.7569999694824,4306.05,0.046891750896800116,-6.596829379247104,0.930000000000291,-2.1700000000000728,20.924999952316284,-1.4700000000002547,0.930000000000291,-0.6849999999994907,0.03499999999985448,-2.149999999999636,-6.039999999999054,0.7927461139896373,-0.02040816326530612,0.2600000000002183,2.084999999999127,0.02040816326530612,0.12470023980831038,0.3099999999994907,-0.6649999999990541,-0.2849999999998545,0.8150000000005093,0.7441860465116279,0.0967741935483871,0.2000000000007276,1.25,-0.0967741935483871,0.16000000000058207,0.21000000000003638,-0.3899999999994179,9.217000007629395,0.6500000000005457,-0.3899999999994179,29.500999927520752,1.5300000000006548,-0.3899999999994179,58.638999938964844,True
1s-s0-t55,1s,0,SECONDARY,BUY,1,1789640119.977,1789640477.5609999,2026-09-17T10:15:19.977000+00:00,2026-09-17T10:21:17.561000+00:00,emergency_stop,357.58399987220764,4325.08,0.0463747693431628,-17.84141450888623,4.270000000000437,-4.019999999999527,139.96200013160706,-4.019999999999527,4.270000000000437,0.9049999999997453,1.5049999999991996,2.2849999999998545,4.860000000000582,0.7875,0.047619047619047616,0.25,2.649999999999636,0.047619047619047616,0.09433962264152239,-1.1499999999996362,-1.5100000000002183,-2.1599999999998545,-4.944999999999709,1.0,-0.17857142857142858,0.26999999999952706,2.1850000000004,-0.17857142857142858,0.12356979405010417,0.5599999999994907,-0.32000000000061846,9.424000024795532,0.5599999999994907,-1.1000000000003638,29.002000093460083,0.5599999999994907,-1.7600000000002183,59.242000102996826,True
1s-s0-t56,1s,0,PRIMARY,BUY,1,1789640906.6929998,1789641806.8899999,2026-09-17T10:28:26.693000+00:00,2026-09-17T10:43:26.890000+00:00,max_hold,900.1970000267029,4329.35,0.04497657004746661,6.026093086073949,5.4399999999996,-1.4400000000005093,696.2980003356934,1.3999999999996362,5.4399999999996,-0.21000000000003638,1.0200000000004366,0.5999999999994543,4.914999999999964,0.9725274725274725,-0.20689655172413793,0.2600000000002183,2.244999999999891,-0.20689655172413793,0.11581291759475765,-0.06999999999970896,0.6500000000005457,1.4650000000001455,-1.4149999999990541,1.0,0.20754716981132076,0.3100000000004002,1.4700000000002547,0.20754716981132076,0.21088435374173228,0.0,-0.18000000000029104,8.15600037574768,0.0,-0.6000000000003638,29.736000061035156,0.0,-0.680000000000291,59.7260000705719,False
1s-s0-t57,1s,0,BURST,BUY,1,1789641992.757,1789642018.9390001,2026-09-17T10:46:32.757000+00:00,2026-09-17T10:46:58.939000+00:00,momentum_zero_cross,26.182000160217285,4334.53,0.04544882403296489,-4.0450795493085545,0.0,-1.050000000000182,0.0,-0.9299999999993815,0.0,2.3049999999993815,4.275000000000546,3.7950000000000728,3.9000000000005457,1.3813953488372093,0.20408163265306123,0.22999999999956344,4.729999999999563,0.20408163265306123,0.048625792811751514,-0.030000000000654836,-0.5599999999994907,3.235000000000582,2.235000000000582,0.7818181818181819,0.024390243902439025,0.2999999999992724,4.729999999999563,0.024390243902439025,0.06342494714572941,0.06999999999970896,-0.5700000000006185,9.565999746322632,0.06999999999970896,-0.910000000000764,28.94599986076355,0.6099999999996726,-0.910000000000764,59.04899978637695,True
1s-s0-t58,1s,0,PRIMARY,SELL,-1,1789643496.9,1789643837.992,2026-09-17T11:11:36.900000+00:00,2026-09-17T11:17:17.992000+00:00,momentum_zero_cross,341.0920000076294,4323.34,0.045131818485335165,5.269435963156881,5.25,-0.7100000000000364,94.05999994277954,1.2200000000002547,5.25,-0.32999999999992724,-1.5900000000001455,-2.7349999999996726,-3.2799999999997453,0.47368421052631576,-0.06666666666666667,0.18000000000029104,2.6700000000000728,0.06666666666666667,0.06741573033718581,0.4350000000004002,1.1099999999996726,1.4450000000006185,2.2049999999999272,1.1691176470588236,0.15384615384615385,0.5,1.589999999999236,-0.15384615384615385,0.31446540880518253,0.7799999999997453,-0.010000000000218279,9.763999938964844,1.769999999999527,-0.010000000000218279,29.997999906539917,3.2200000000002547,-0.010000000000218279,59.97999978065491,True
1s-s0-t59,1s,0,PRIMARY,SELL,-1,1789644739.96,1789644835.7900002,2026-09-17T11:32:19.960000+00:00,2026-09-17T11:33:55.790000+00:00,momentum_zero_cross,95.83000016212463,4313.2,0.045544774624476064,-9.85073110083225,0.5500000000001819,-2.2799999999997453,30.84600019454956,-2.2600000000002183,0.5500000000001819,-1.2399999999997817,-1.5750000000007276,-1.2049999999999272,-2.2050000000008367,1.4035087719298245,-0.012658227848101266,0.22000000000025466,2.880000000000109,0.012658227848101266,0.07638888888897442,0.3400000000001455,1.464999999999236,1.9399999999995998,0.45499999999992724,1.0068493150684932,0.16666666666666666,0.3000000000001819,2.730000000000473,-0.16666666666666666,0.10989010989015749,0.2899999999999636,-0.07999999999992724,8.961999893188477,0.2899999999999636,-2.0600000000004,29.592000007629395,0.2899999999999636,-2.269999999999527,59.038999795913696,True
1s-s0-t60,1s,0,PRIMARY,SELL,-1,1789648231.537,1789648562.968,2026-09-17T12:30:31.537000+00:00,2026-09-17T12:36:02.968000+00:00,emergency_stop,331.43099999427795,4305.02,0.04477279069459112,-17.139400369331316,0.0,-4.0,0.0,-4.0,0.0,-1.2749999999996362,-1.784999999998945,-1.6249999999990905,-2.389999999999418,1.2330508474576272,-0.2,0.2899999999999636,1.784999999998945,0.2,0.1624649859944734,1.3649999999997817,1.7800000000006548,1.3950000000004366,0.8100000000004002,1.0227272727272727,0.3181818181818182,0.410000000000764,2.089999999999236,-0.3181818181818182,0.196172248804265,0.47000000000025466,-0.0,9.756999969482422,0.5700000000006185,-0.02999999999974534,29.78500008583069,0.8100000000004002,-0.0999999999994543,58.92700004577637,True
1s-s0-t61,1s,0,BURST,BUY,1,1789654187.951,1789654260.906,2026-09-17T14:09:47.951000+00:00,2026-09-17T14:11:00.906000+00:00,momentum_zero_cross,72.95499992370605,4335.93,0.043429606973753386,3.158791488064889,3.8499999999994543,-0.8699999999998909,65.89300012588501,0.7599999999993088,3.8499999999994543,1.9750000000003638,5.105000000001382,3.390000000001237,3.100000000000364,1.3480176211453745,0.29292929292929293,0.21000000000003638,5.105000000001382,0.29292929292929293,0.04113614103819383,-2.570000000001528,-1.1150000000016007,0.5649999999986903,5.114999999998872,1.3076923076923077,0.008403361344537815,0.2899999999999636,3.7299999999995634,0.008403361344537815,0.07774798927613875,0.09000000000014552,-0.9799999999995634,9.012000322341919,0.09000000000014552,-2.969999999999345,29.046000003814697,0.09000000000014552,-5.4099999999998545,58.385000228881836,True
1s-s0-t62,1s,0,MICRO,SELL,-1,1789654359.968,1789654388.962,2026-09-17T14:12:39.968000+00:00,2026-09-17T14:13:08.962000+00:00,momentum_zero_cross,28.99399995803833,4331.59,0.043677155733503566,-3.3439964205794253,0.0,-0.9399999999995998,0.0,-0.8000000000001819,0.0,-0.4000000000005457,-0.21500000000014552,-2.4700000000002547,-6.4950000000008,0.9190751445086706,-0.05660377358490566,0.18999999999959982,2.735000000000582,0.05660377358490566,0.06946983546601805,0.2849999999998545,0.29500000000007276,0.31999999999970896,-3.610000000000582,0.8115942028985508,0.037037037037037035,0.19000000000050932,1.0849999999991269,-0.037037037037037035,0.17511520737388223,0.32999999999992724,-0.339999999999236,8.754000186920166,1.4900000000006912,-0.339999999999236,29.943000078201294,1.6900000000005093,-0.339999999999236,59.5290002822876,True
1s-s0-t63,1s,0,PRIMARY,SELL,-1,1789656063.875,1789656172.82,2026-09-17T14:41:03.875000+00:00,2026-09-17T14:42:52.820000+00:00,momentum_zero_cross,108.9449999332428,4323.37,0.04341509279910249,-7.437298839098334,0.0,-1.7899999999999636,0.0,-1.7899999999999636,0.0,-0.30499999999938154,-1.4399999999995998,-2.074999999999818,-1.5150000000003274,1.139240506329114,-0.03333333333333333,0.27000000000043656,2.1549999999997453,0.03333333333333333,0.12529002320207352,0.7399999999997817,0.964999999999236,1.1049999999995634,1.2200000000002547,1.1162790697674418,0.11475409836065574,0.2600000000002183,1.5050000000001091,-0.11475409836065574,0.17275747508318898,-0.0,-0.1999999999998181,8.771000146865845,0.010000000000218279,-1.0399999999999636,28.94000005722046,0.010000000000218279,-1.5299999999997453,59.081000089645386,True
1s-s0-t64,1s,0,SECONDARY,BUY,1,1789656500.8060002,1789656875.82,2026-09-17T14:48:20.806000+00:00,2026-09-17T14:54:35.820000+00:00,take_profit,375.01399970054626,4332.36,0.042832245178274546,32.83407784831964,8.010000000000218,-1.9899999999997817,375.01399970054626,8.010000000000218,8.010000000000218,1.1750000000010914,2.1700000000000728,4.550000000000182,4.704999999999927,1.0702702702702702,0.21212121212121213,0.26999999999952706,4.815000000000509,0.21212121212121213,0.05607476635503603,0.9849999999996726,0.5799999999990177,1.7399999999997817,3.2849999999998545,1.2517985611510791,0.20689655172413793,0.31999999999970896,1.875,0.20689655172413793,0.17066666666651145,0.03999999999996362,-0.2600000000002183,9.059000015258789,1.319999999999709,-0.2600000000002183,29.13800024986267,2.730000000000473,-0.2600000000002183,59.17900013923645,True
1s-s0-t65,1s,0,PRIMARY,BUY,1,1789656876.67,1789657776.993,2026-09-17T14:54:36.670000+00:00,2026-09-17T15:09:36.993000+00:00,max_hold,900.3229999542236,4340.59,0.04540539230735946,54.70847766478989,13.319999999999709,-0.6100000000005821,897.3210000991821,12.590000000000146,13.319999999999709,0.9099999999998545,0.5049999999991996,1.6649999999999636,3.2100000000000364,1.3006993006993006,0.16129032258064516,0.27000000000043656,1.875,0.16129032258064516,0.14400000000023283,-0.6550000000006548,2.389999999999418,4.109999999999673,6.479999999999563,1.2,-0.06918238993710692,0.4600000000000364,5.079999999999927,-0.06918238993710692,0.09055118110237066,0.21000000000003638,-0.2600000000002183,9.962000131607056,0.4899999999997817,-1.2600000000002183,29.976999759674072,0.4899999999997817,-1.3200000000006185,59.875,True
1s-s0-t66,1s,0,PRIMARY,BUY,1,1789658234.879,1789659135.966,2026-09-17T15:17:14.879000+00:00,2026-09-17T15:32:15.966000+00:00,max_hold,901.087000131607,4358.89,0.04969279647598193,61.348594211348775,21.979999999999563,-1.110000000000582,764.9730000495911,12.899999999999636,21.979999999999563,-0.3499999999994543,-1.5399999999990541,2.4900000000016007,4.380000000001019,1.0142045454545454,0.0847457627118644,0.2899999999999636,5.234999999999673,0.0847457627118644,0.05539637058261351,0.6199999999998909,-0.6300000000001091,-0.7700000000004366,-5.425000000000182,0.9855072463768116,0.2647058823529412,0.42000000000007276,1.9349999999994907,0.2647058823529412,0.2170542635659862,1.0100000000002183,0.0,8.71399998664856,1.0100000000002183,-2.149999999999636,29.628999948501587,1.0100000000002183,-3.699999999999818,58.883999824523926,True
1s-s0-t67,1s,0,MICRO,SELL,-1,1789659164.844,1789659442.971,2026-09-17T15:32:44.844000+00:00,2026-09-17T15:37:22.971000+00:00,trail,278.1269998550415,4369.74,0.05450057453503305,26.2746903998283,5.579999999999927,-2.430000000000291,258.1470000743866,3.4099999999998545,5.579999999999927,-2.3599999999996726,-1.9849999999996726,-2.035000000000764,-6.670000000000073,1.0757575757575757,-0.014084507042253521,0.2600000000002183,3.2399999999997817,0.014084507042253521,0.08024691358031968,0.8500000000003638,0.48000000000047294,0.5799999999999272,-2.4749999999994543,0.8741721854304636,0.09090909090909091,0.21000000000003638,2.694999999999709,-0.09090909090909091,0.07792207792209983,0.8599999999996726,-0.23000000000047294,9.964000225067139,0.8599999999996726,-0.7700000000004366,29.68499994277954,1.050000000000182,-0.7700000000004366,59.925999879837036,True
1s-s0-t68,1s,0,PRIMARY,BUY,1,1789659699.912,1789659734.815,2026-09-17T15:41:39.912000+00:00,2026-09-17T15:42:14.815000+00:00,emergency_stop,34.90300011634827,4370.03,0.05655967436668472,-22.842351963513785,0.020000000000436557,-4.219999999999345,6.01200008392334,-4.219999999999345,0.020000000000436557,1.5799999999999272,2.055000000000291,1.625,0.9400000000005093,1.0995475113122173,0.5061728395061729,0.26999999999952706,2.7700000000004366,0.5061728395061729,0.09747292418753953,-2.125,-4.084999999999127,-2.6049999999995634,-4.074999999998909,1.1058823529411765,0.0851063829787234,0.27999999999974534,4.269999999999527,0.0851063829787234,0.06557377049175091,0.06999999999970896,-1.5,9.95799994468689,0.06999999999970896,-1.8900000000003274,29.93500018119812,0.06999999999970896,-1.8900000000003274,59.12700009346008,True
1s-s0-t69,1s,0,MICRO,BUY,1,1789660200.981,1789660505.997,2026-09-17T15:50:00.981000+00:00,2026-09-17T15:55:05.997000+00:00,trail,305.0160000324249,4367.49,0.05476956067297943,28.920318183168927,7.280000000000655,-0.18999999999959982,216.89400005340576,5.239999999999782,7.280000000000655,0.8649999999997817,0.8249999999989086,3.024999999999636,6.049999999999272,0.8848920863309353,0.0,0.2899999999999636,3.0200000000004366,0.0,0.09602649006619923,-1.4049999999997453,-1.175000000000182,-1.035000000000764,-0.5900000000001455,1.145922746781116,-0.12643678160919541,0.28000000000065484,1.8300000000008367,-0.12643678160919541,0.1530054644811622,0.22000000000025466,-0.2899999999999636,9.815999984741211,0.22000000000025466,-0.5799999999999272,29.737000226974487,0.48000000000047294,-1.4399999999995998,59.972999811172485,True
1s-s0-t70,1s,0,SECONDARY,SELL,-1,1789660804.987,1789660839.977,2026-09-17T16:00:04.987000+00:00,2026-09-17T16:00:39.977000+00:00,emergency_stop,34.99000000953674,4367.04,0.05703599355557831,-22.925550307191315,0.26999999999952706,-4.199999999999818,9.008000135421753,-4.199999999999818,0.26999999999952706,-6.649999999999636,-5.604999999999563,-5.849999999999454,-5.369999999998981,1.368421052631579,-0.08387096774193549,0.23000000000047294,6.904999999998836,0.08387096774193549,0.03330919623468671,2.480000000000473,3.6950000000006185,-2.6350000000002183,-2.139999999999418,0.9267734553775744,0.17293233082706766,0.3499999999994543,7.484999999998763,-0.17293233082706766,0.046760187040682986,-0.0,-1.6900000000005093,9.997000217437744,-0.0,-3.0100000000002183,29.769999980926514,1.2899999999999636,-3.0100000000002183,58.855000019073486,True
1s-s0-t71,1s,0,SECONDARY,SELL,-1,1789661412.966,1789661741.9859998,2026-09-17T16:10:12.966000+00:00,2026-09-17T16:15:41.986000+00:00,emergency_stop,329.01999974250793,4364.95,0.055239359758577675,-22.309125927148155,4.369999999999891,-4.220000000000255,201.88100004196167,-4.220000000000255,4.369999999999891,-1.050000000000182,-1.930000000000291,-2.574999999999818,-4.210000000000036,1.045774647887324,-0.030303030303030304,0.25,2.4049999999997453,0.030303030303030304,0.10395010395011496,2.119999999999891,2.619999999999891,3.9099999999998545,8.275000000000546,1.18348623853211,0.140625,0.3500000000003638,4.0,-0.140625,0.08750000000009095,0.1000000000003638,-0.9099999999998545,9.009000301361084,0.15999999999985448,-1.4700000000002547,29.930999994277954,0.15999999999985448,-1.8400000000001455,59.516000270843506,True
1s-s0-t72,1s,0,PRIMARY,BUY,1,1789661749.9420002,1789662495.851,2026-09-17T16:15:49.942000+00:00,2026-09-17T16:28:15.851000+00:00,emergency_stop,745.9089999198914,4369.07,0.05349103402221859,-21.03992961997014,5.869999999999891,-4.109999999999673,204.02199983596802,-4.109999999999673,5.869999999999891,1.444999999999709,2.149999999999636,3.7399999999997817,7.954999999999927,1.2834224598930482,-0.02531645569620253,0.27999999999974534,4.699999999999818,-0.02531645569620253,0.059574468085054504,-1.2799999999997453,-1.7400000000006912,-2.550000000000182,-1.4650000000001455,1.0935483870967742,-0.15315315315315314,0.31999999999970896,3.0349999999998545,-0.15315315315315314,0.10543657331127654,1.0,0.0,9.013000011444092,1.2299999999995634,0.0,29.085999965667725,1.6099999999996726,0.0,59.07699990272522,True
1s-s0-t73,1s,0,SECONDARY,SELL,-1,1789662996.978,1789663295.981,2026-09-17T16:36:36.978000+00:00,2026-09-17T16:41:35.981000+00:00,take_profit,299.00300002098083,4366.66,0.05184217289848383,40.23699304922657,8.109999999999673,-3.699999999999818,299.00300002098083,8.109999999999673,8.109999999999673,-3.660000000000764,-3.3100000000004,-5.109999999999673,-1.7799999999997453,0.9627507163323782,-0.08411214953271028,0.2600000000002183,5.3149999999996,0.08411214953271028,0.04891815616185096,-2.055000000000291,-4.265000000000327,-2.7849999999998545,-5.150000000000546,0.9481481481481482,-0.12698412698412698,0.48000000000047294,4.5000000000009095,0.12698412698412698,0.1066666666667502,0.4600000000000364,-0.8999999999996362,10.0,0.4600000000000364,-1.199999999999818,28.91699981689453,0.4600000000000364,-1.3299999999999272,59.998000144958496,True
1s-s0-t74,1s,0,PRIMARY,SELL,-1,1789663504.984,1789663549.929,2026-09-17T16:45:04.984000+00:00,2026-09-17T16:45:49.929000+00:00,emergency_stop,44.9449999332428,4355.48,0.05499547306503398,-23.31589742428168,0.0,-4.430000000000291,0.0,-4.430000000000291,0.0,-2.3150000000005093,-2.2700000000004366,-3.4200000000000728,-4.694999999999709,1.0714285714285714,-0.13513513513513514,0.2900000000008731,3.8299999999999272,0.13513513513513514,0.07571801566602575,1.944999999999709,3.824999999999818,1.5,-1.5800000000008367,1.0723404255319149,0.05389221556886228,0.42000000000007276,4.074999999999818,-0.05389221556886228,0.10306748466259914,0.32999999999992724,-0.8699999999998909,9.059000015258789,1.269999999999527,-0.8699999999998909,29.021000146865845,1.269999999999527,-4.230000000000473,59.84500026702881,True
1s-s0-t75,1s,0,PRIMARY,BUY,1,1789664822.9950001,1789665122.976,2026-09-17T17:07:02.995000+00:00,2026-09-17T17:12:02.976000+00:00,emergency_stop,299.98099994659424,4375.61,0.05316824847244811,-20.811200301428574,4.0700000000006185,-4.089999999999236,150.974999666214,-4.089999999999236,4.0700000000006185,1.7950000000000728,1.3100000000004002,3.9000000000005457,6.420000000000073,1.025706940874036,0.0,0.2999999999992724,3.8400000000001455,0.0,0.07812499999980756,-2.5599999999994907,-2.630000000000109,-3.7700000000004366,-5.3400000000001455,1.0113314447592068,0.04201680672268908,0.18999999999959982,4.145000000000437,0.04201680672268908,0.045838359469138674,0.22999999999956344,-2.050000000000182,9.955999851226807,0.22999999999956344,-3.110000000000582,29.87999987602234,0.22999999999956344,-3.110000000000582,59.70099997520447,True
1s-s0-t76,1s,0,MICRO,SELL,-1,1789665128.972,1789665431.976,2026-09-17T17:12:08.972000+00:00,2026-09-17T17:17:11.976000+00:00,momentum_zero_cross,303.00400018692017,4370.35,0.051537312450556066,0.6905120641840256,1.75,-2.7899999999999636,15.025000095367432,0.14000000000032742,1.75,-2.5649999999996,-2.719999999999345,-4.194999999999709,-6.7549999999992,1.0149700598802396,-0.20353982300884957,0.25,5.2849999999998545,0.20353982300884957,0.04730368968779695,0.49499999999898137,0.0,-1.0450000000000728,-0.3850000000002183,1.024793388429752,0.08943089430894309,0.23000000000047294,3.2150000000001455,-0.08943089430894309,0.07153965785395414,0.10999999999967258,-0.7100000000000364,9.85699987411499,2.050000000000182,-0.7100000000000364,29.979000091552734,3.5799999999999272,-0.7100000000000364,59.91000008583069,True
1s-s0-t77,1s,0,SECONDARY,BUY,1,1789666476.851,1789666737.9550002,2026-09-17T17:34:36.851000+00:00,2026-09-17T17:38:57.955000+00:00,emergency_stop,261.10400009155273,4367.07,0.05159142662862928,-19.799005560123117,0.7300000000004729,-4.009999999999309,60.98099994659424,-4.009999999999309,0.7300000000004729,0.9099999999998545,2.0200000000004366,3.2399999999997817,3.9350000000004,0.9036144578313253,0.32432432432432434,0.18999999999959982,3.3450000000002547,0.32432432432432434,0.05680119581452477,-1.3150000000005093,-1.069999999999709,-1.8850000000002183,-2.9349999999994907,1.0,-0.13043478260869565,0.3599999999996726,2.3299999999999272,-0.13043478260869565,0.15450643776810463,0.3499999999994543,-0.13000000000010914,9.019000053405762,0.3499999999994543,-0.8300000000008367,29.037999868392944,0.36999999999989086,-1.160000000000764,58.92399978637695,True
1s-s0-t78,1s,0,PRIMARY,SELL,-1,1789666760.825,1789667660.962,2026-09-17T17:39:20.825000+00:00,2026-09-17T17:54:20.962000+00:00,max_hold,900.1369998455048,4362.34,0.050039814472773524,27.6320414463404,6.510000000000218,-2.5999999999994543,888.1710000038147,5.770000000000437,6.510000000000218,-0.7999999999992724,-1.9349999999994907,-1.5949999999993452,-1.5900000000001455,0.9288256227758007,-0.058823529411764705,0.25,2.360000000000582,0.058823529411764705,0.10593220338980439,-0.035000000000763976,-0.20499999999992724,-3.1500000000005457,-2.7650000000003274,0.9911504424778761,0.16363636363636364,0.32999999999992724,4.030000000000655,-0.16363636363636364,0.08188585607937311,0.05999999999949068,-0.5700000000006185,9.909000158309937,0.05999999999949068,-2.369999999999891,29.49500012397766,0.05999999999949068,-2.369999999999891,58.87100005149841,True
1s-s0-t79,1s,0,PRIMARY,SELL,-1,1789668684.972,1789668791.965,2026-09-17T18:11:24.972000+00:00,2026-09-17T18:13:11.965000+00:00,momentum_zero_cross,106.99300003051758,4354.48,0.05220528744408296,-12.740196880731958,0.7699999999995271,-2.7100000000000364,49.97699999809265,-2.550000000000182,0.7699999999995271,-0.07999999999992724,-1.2800000000006548,-2.25,-1.2950000000000728,0.9692307692307692,0.047619047619047616,0.2900000000008731,3.0450000000000728,-0.047619047619047616,0.0952380952383797,1.1299999999991996,-0.06500000000050932,2.8599999999996726,2.164999999999054,0.9865771812080537,0.2916666666666667,0.36999999999989086,3.4399999999996,-0.2916666666666667,0.10755813953486451,-0.0,-1.230000000000473,8.901000022888184,-0.0,-2.980000000000473,29.986000061035156,-0.0,-4.610000000000582,59.02900004386902,False
1s-s0-t80,1s,0,PRIMARY,BUY,1,1789670449.961,1789670824.967,2026-09-17T18:40:49.961000+00:00,2026-09-17T18:47:04.967000+00:00,momentum_zero_cross,375.00600004196167,4364.65,0.051206861321714814,-1.7642174986412735,2.3200000000006185,-1.2599999999993088,224.70900011062622,-0.3599999999996726,2.3200000000006185,0.22000000000025466,1.194999999999709,2.290000000000873,1.175000000000182,0.93,0.04918032786885246,0.21000000000003638,2.5750000000007276,0.04918032786885246,0.0815533980582435,-0.9950000000008004,-1.319999999999709,-1.8450000000002547,-1.7450000000008004,1.2757009345794392,-0.033707865168539325,0.3100000000004002,2.0349999999998545,-0.033707865168539325,0.15233415233435987,0.42000000000007276,-0.5500000000001819,9.009999990463257,0.42000000000007276,-0.9200000000000728,29.748000144958496,0.43000000000029104,-0.9200000000000728,59.984999895095825,True
1s-s0-t81,1s,0,PRIMARY,BUY,1,1789671602.992,1789672503.7619998,2026-09-17T19:00:02.992000+00:00,2026-09-17T19:15:03.762000+00:00,max_hold,900.7699997425079,4370.53,0.0510686027961463,-9.872492513944977,1.800000000000182,-3.4600000000000364,73.00300002098083,-2.019999999999527,1.800000000000182,0.5649999999995998,1.0499999999992724,2.1549999999997453,3.7399999999997817,1.2253521126760563,0.09523809523809523,0.27999999999974534,2.8549999999995634,0.09523809523809523,0.09807355516630058,0.8849999999993088,0.5649999999995998,0.8749999999990905,0.4650000000001455,1.3401015228426396,0.10344827586206896,0.21999999999934516,0.9600000000009459,0.10344827586206896,0.22916666666575874,0.2899999999999636,-0.6400000000003274,9.169000148773193,0.2899999999999636,-0.6500000000005457,29.145000219345093,0.2899999999999636,-0.8699999999998909,58.933000326156616,True
1s-s0-t82,1s,0,PRIMARY,SELL,-1,1789673571.864,1789674472.952,2026-09-17T19:32:51.864000+00:00,2026-09-17T19:47:52.952000+00:00,max_hold,901.0879998207092,4362.07,0.050294913463784875,4.861462126177184,4.359999999999673,-0.22000000000025466,640.9349999427795,1.0099999999993088,4.359999999999673,-0.46999999999934516,-1.139999999999418,-2.2549999999991996,-4.299999999999272,1.0571428571428572,-0.1232876712328767,0.22000000000025466,2.5600000000004,0.1232876712328767,0.08593750000008604,-0.08500000000003638,-0.15499999999974534,0.26999999999952706,-0.4749999999994543,0.9130434782608695,-0.1111111111111111,0.2000000000007276,0.875,0.1111111111111111,0.22857142857226012,0.1000000000003638,-0.23999999999978172,9.264000177383423,0.7800000000006548,-0.23999999999978172,29.004000186920166,1.930000000000291,-0.23999999999978172,59.812999963760376,True
1s-s0-t83,1s,0,SECONDARY,SELL,-1,1789675361.956,1789675505.819,2026-09-17T20:02:41.956000+00:00,2026-09-17T20:05:05.819000+00:00,emergency_stop,143.86299991607666,4359.2,0.05067589743327278,-19.39915921499526,0.6399999999994179,-4.0,19.977999925613403,-4.0,0.6399999999994179,-0.75,-1.8400000000001455,-3.2450000000008004,-3.115000000000691,0.982532751091703,-0.21621621621621623,0.22000000000025466,3.2200000000002547,0.21621621621621623,0.06832298136653331,0.4899999999997817,1.625,3.5100000000002183,4.385000000000218,1.0858895705521472,0.1724137931034483,0.2899999999999636,3.444999999999709,-0.1724137931034483,0.08417997097242036,0.3499999999994543,-0.0,9.009999990463257,1.0,-0.0,29.140000104904175,1.0,-0.13000000000010914,58.63199996948242,True
1s-s0-t84,1s,0,PRIMARY,SELL,-1,1789681108.9580002,1789681138.528,2026-09-17T21:38:28.958000+00:00,2026-09-17T21:38:58.528000+00:00,momentum_zero_cross,29.569999933242798,4349.64,0.0491556205102746,-9.126334452692637,0.0,-2.339999999999236,0.0,-1.9399999999995998,0.0,-0.6750000000001819,-0.5300000000006548,-1.3950000000004366,1.175000000000182,1.16,-0.4642857142857143,0.21999999999934516,1.514999999999418,0.4642857142857143,0.14521452145176877,-0.11000000000058208,1.6350000000002183,1.2299999999995634,1.889999999999418,0.9875776397515528,-0.15384615384615385,0.26999999999952706,2.1200000000008004,0.15384615384615385,0.12735849056576656,0.26999999999952706,-0.0500000000001819,8.664999723434448,1.1700000000000728,-0.27000000000043656,29.140999794006348,1.1700000000000728,-0.27000000000043656,59.437999963760376,True
1s-s0-t85,1s,0,SECONDARY,SELL,-1,1789684082.9740002,1789685283.904,2026-09-17T22:28:02.974000+00:00,2026-09-17T22:48:03.904000+00:00,max_hold,1200.9299998283386,4343.74,0.048440406231850246,-9.596206604572059,0.6199999999998909,-3.9200000000000728,480.8869996070862,-2.0700000000006185,0.6199999999998909,-2.2799999999997453,-3.0000000000009095,-3.300000000000182,-5.800000000000182,1.4829545454545454,-0.17647058823529413,0.17000000000007276,3.2049999999999272,0.17647058823529413,0.0530421216848913,-1.014999999999418,-0.38000000000010914,0.03499999999985448,-0.8249999999998181,1.152,-0.625,0.14000000000032742,1.074999999999818,0.625,0.13023255813986148,0.9700000000002547,-0.0,9.052000045776367,1.2800000000006548,-0.0,29.65499997138977,1.4500000000007276,-0.0,59.972999811172485,True
1s-s0-t86,1s,0,PRIMARY,BUY,1,1789705238.932,1789705870.943,2026-09-18T04:20:38.932000+00:00,2026-09-18T04:31:10.943000+00:00,emergency_stop,632.0110001564026,4362.28,0.04768836892510055,-19.21392238768607,2.300000000000182,-4.210000000000036,80.01699995994568,-4.210000000000036,2.300000000000182,0.43000000000029104,0.8800000000001091,2.2050000000008367,5.2849999999998545,0.8095238095238095,0.11764705882352941,0.26999999999952706,1.9599999999991269,0.11764705882352941,0.1377551020406364,-1.5850000000009459,-1.5200000000004366,-1.5799999999999272,-1.069999999999709,1.2395209580838322,-0.30434782608695654,0.5,1.8500000000003638,-0.30434782608695654,0.2702702702702171,0.5500000000001819,-0.17000000000007276,9.506999731063843,0.5500000000001819,-0.2899999999999636,29.950999975204468,0.5500000000001819,-2.5,59.93399977684021,True
1s-s0-t87,1s,0,PRIMARY,SELL,-1,1789706581.792,1789707481.849,2026-09-18T04:43:01.792000+00:00,2026-09-18T04:58:01.849000+00:00,max_hold,900.0569999217987,4349.22,0.04618260867629049,-3.3148294753494154,4.690000000000509,-1.449999999999818,496.0899999141693,-0.75,4.690000000000509,-0.6199999999998909,-0.6149999999997817,-0.625,-0.3249999999998181,1.0526315789473684,-0.2,0.21999999999934516,1.2750000000005457,0.2,0.1725490196072557,-0.039999999999054126,0.4899999999997817,0.8500000000003638,0.27000000000043656,0.8387096774193549,0.07692307692307693,0.4000000000005457,1.1350000000002183,-0.07692307692307693,0.3524229074893998,0.3600000000005821,-0.4099999999998545,9.814000129699707,0.3600000000005821,-0.4099999999998545,29.902000188827515,0.3600000000005821,-0.4099999999998545,58.349000215530396,True
1s-s0-t88,1s,0,PRIMARY,SELL,-1,1789712211.0449998,1789713111.404,2026-09-18T06:16:51.045000+00:00,2026-09-18T06:31:51.404000+00:00,max_hold,900.3590002059937,4342.82,0.045922831502486355,-1.8019136792203412,8.05999999999949,-0.7000000000007276,554.6550002098083,-0.4099999999998545,8.05999999999949,-0.024999999999636202,-1.680000000000291,-0.9899999999997817,-1.6849999999994907,0.8454545454545455,-0.2903225806451613,0.22000000000025466,1.6849999999994907,0.2903225806451613,0.13056379821977518,0.1749999999992724,0.26999999999952706,1.0549999999993815,2.024999999999636,0.8503937007874016,0.0,0.32999999999992724,1.2800000000006548,-0.0,0.25781249999981126,-0.0,-0.7000000000007276,9.509999752044678,-0.0,-1.0600000000004002,28.647000074386597,-0.0,-1.5700000000006185,59.484999895095825,False
1s-s0-t89,1s,0,BURST,BUY,1,1789713296.6780002,1789713346.9529998,2026-09-18T06:34:56.678000+00:00,2026-09-18T06:35:46.953000+00:00,momentum_zero_cross,50.27499961853027,4349.87,0.04578161879561626,4.5128389719430295,1.949999999999818,-0.25,45.617999792099,1.0299999999997453,1.949999999999818,2.2150000000001455,2.375,4.475000000000364,5.510000000000218,1.5,0.2542372881355932,0.23999999999978172,4.520000000000437,0.2542372881355932,0.05309734513268994,-0.535000000000764,-0.015000000000327418,3.574999999999818,6.239999999999782,0.9493670886075949,-0.14285714285714285,0.42000000000007276,4.190000000000509,-0.14285714285714285,0.10023866348449205,0.5700000000006185,0.0,8.71500015258789,0.5700000000006185,-0.10999999999967258,29.449000120162964,0.5700000000006185,-0.25,59.28800010681152,True
1s-s0-t90,1s,0,PRIMARY,BUY,1,1789713750.544,1789714650.717,2026-09-18T06:42:30.544000+00:00,2026-09-18T06:57:30.717000+00:00,max_hold,900.1730000972748,4356.06,0.046135281800812306,18.764784247825457,4.710000000000036,-0.0500000000001819,349.22900009155273,4.25,4.710000000000036,-0.18499999999949068,1.0200000000004366,1.5650000000005093,3.235000000000582,0.8571428571428571,-0.16666666666666666,0.2899999999999636,2.3149999999996,-0.16666666666666666,0.1252699784017338,0.29500000000007276,0.42000000000007276,0.5749999999998181,1.800000000000182,1.6779661016949152,0.15151515151515152,0.47999999999956344,1.0399999999999636,0.15151515151515152,0.46153846153805794,0.0,-0.9700000000002547,8.83899998664856,0.0,-1.800000000000182,29.555000066757202,0.0,-2.4400000000005093,59.574000120162964,False
1s-s0-t91,1s,0,PRIMARY,BUY,1,1789721883.6169999,1789722322.851,2026-09-18T08:58:03.617000+00:00,2026-09-18T09:05:22.851000+00:00,momentum_zero_cross,439.23400020599365,4375.27,0.0476058439082132,24.921206411553527,11.61999999999989,-0.9800000000004729,207.3490002155304,5.469999999999345,11.61999999999989,0.44499999999970896,2.914999999999054,4.010000000000218,1.8549999999995634,0.6037735849056604,-0.25,0.22000000000025466,4.165000000000873,-0.25,0.052821128451430624,-0.14499999999952706,-1.2849999999998545,-1.1350000000002183,-2.1849999999994907,0.7951807228915663,0.13636363636363635,0.3100000000004002,1.769999999999527,0.13636363636363635,0.175141242938126,0.23000000000047294,-0.5199999999995271,9.712999820709229,2.0600000000004,-1.139999999999418,29.983999967575073,5.300000000000182,-1.139999999999418,59.12400007247925,True
1s-s0-t92,1s,0,SECONDARY,BUY,1,1789722363.9980001,1789723566.905,2026-09-18T09:06:03.998000+00:00,2026-09-18T09:26:06.905000+00:00,max_hold,1202.9069998264313,4385.21,0.04955887365454741,33.15278909379925,7.5600000000004,-3.5200000000004366,1166.925999879837,6.989999999999782,7.5600000000004,2.915000000000873,4.800000000000182,2.9500000000007276,1.805000000000291,1.0970149253731343,0.0,0.22000000000025466,5.325000000000728,0.0,0.04131455399065251,-0.19499999999970896,-0.43000000000029104,1.0300000000006548,3.274999999999636,1.0161290322580645,0.05,0.36999999999989086,1.6149999999997817,0.05,0.22910216718262594,0.680000000000291,-0.0500000000001819,9.007999897003174,0.9600000000000364,-0.4399999999995998,29.235000133514404,1.110000000000582,-0.47999999999956344,59.282999992370605,True
1s-s0-t93,1s,0,PRIMARY,BUY,1,1789723626.188,1789724526.8609998,2026-09-18T09:27:06.188000+00:00,2026-09-18T09:42:06.861000+00:00,max_hold,900.6729998588562,4393.32,0.052156997605886976,14.824856575718988,3.3299999999999272,-2.6599999999998545,866.5700001716614,2.9700000000002547,3.3299999999999272,0.7549999999991996,1.2399999999997817,0.7349999999987631,1.875,1.0460526315789473,0.16,0.26999999999952706,1.5500000000010914,0.16,0.174193548386669,0.19500000000061846,-0.32999999999992724,1.0200000000004366,2.180000000000291,1.0372340425531914,0.015384615384615385,0.3000000000001819,1.2449999999998909,0.015384615384615385,0.24096385542185397,0.22000000000025466,-0.3100000000004002,9.265000343322754,0.22000000000025466,-1.519999999999527,28.788000106811523,0.22000000000025466,-1.6400000000003274,59.13700032234192,True
1s-s0-t94,1s,0,BURST,SELL,-1,1789728974.961,1789729003.9980001,2026-09-18T10:56:14.961000+00:00,2026-09-18T10:56:43.998000+00:00,momentum_zero_cross,29.03700017929077,4393.86,0.053318794727558204,-2.3472514874524597,0.03999999999996362,-0.7800000000006548,10.864000082015991,-0.4600000000000364,0.03999999999996362,-1.3699999999998909,-1.6700000000009823,-3.7050000000008367,-1.8200000000006185,1.411764705882353,-0.5238095238095238,0.25,4.025000000000546,0.5238095238095238,0.06211180124222761,0.050000000001091394,0.47000000000025466,-1.8599999999996726,-2.149999999999636,0.8689655172413793,-0.07317073170731707,0.27999999999974534,1.9900000000006912,0.07317073170731707,0.14070351758776287,0.6899999999995998,-0.0,9.96399974822998,1.389999999999418,-0.0,29.948999881744385,1.449999999999818,-0.0,59.984999895095825,True
1s-s0-t95,1s,0,PRIMARY,SELL,-1,1789730727.8140001,1789731283.908,2026-09-18T11:25:27.814000+00:00,2026-09-18T11:34:43.908000+00:00,momentum_zero_cross,556.0939998626709,4389.43,0.053134844885748114,6.4072464608139565,3.0799999999999272,-1.0499999999992724,401.1619999408722,1.2600000000002183,3.0799999999999272,-0.35499999999956344,-0.6499999999996362,-2.209999999999127,-3.3049999999993815,0.9682539682539683,-0.16666666666666666,0.2899999999999636,2.0200000000004366,0.16666666666666666,0.14356435643559454,0.3849999999993088,0.20499999999992724,0.1000000000003638,0.25,0.9428571428571428,0.15151515151515152,0.1999999999998181,0.8100000000004002,-0.15151515151515152,0.24691358024656704,0.7200000000002547,-0.0,9.162000179290771,0.7200000000002547,-0.0,29.89900016784668,1.449999999999818,-0.0,59.948999881744385,True
1s-s0-t96,1s,0,PRIMARY,SELL,-1,1789735360.577,1789736260.586,2026-09-18T12:42:40.577000+00:00,2026-09-18T12:57:40.586000+00:00,max_hold,900.0090000629425,4379.16,0.05363696916991853,6.981111998585505,5.420000000000073,-1.6900000000005093,239.07100009918213,1.3599999999996726,5.420000000000073,-0.9350000000004002,-0.2849999999998545,-0.5549999999993815,-2.0649999999996,1.0175438596491229,-0.10714285714285714,0.2600000000002183,1.7299999999995634,0.10714285714285714,0.15028901734120456,1.1950000000006185,1.069999999999709,0.8450000000002547,0.07000000000061846,1.1379310344827587,0.1320754716981132,0.4000000000005457,1.7449999999989814,-0.1320754716981132,0.22922636103196514,0.2899999999999636,-0.0,8.814000129699707,0.3900000000003274,-0.25,29.134000062942505,1.3500000000003638,-0.25,59.03399991989136,True
1s-s0-t97,1s,0,SECONDARY,SELL,-1,1789740332.994,1789740495.973,2026-09-18T14:05:32.994000+00:00,2026-09-18T14:08:15.973000+00:00,emergency_stop,162.97900009155273,4380.91,0.054184066255451566,-21.934787361998605,2.7100000000000364,-4.230000000000473,37.98200011253357,-4.230000000000473,2.7100000000000364,-4.559999999999491,-4.540000000000873,-3.8400000000001455,-4.520000000000437,1.650887573964497,-0.043478260869565216,0.23000000000047294,4.985000000000582,0.043478260869565216,0.046138415245826694,0.9900000000006912,1.8900000000003274,3.759999999999309,5.039999999999964,1.1924686192468619,0.0967741935483871,0.27000000000043656,3.3200000000006185,-0.0967741935483871,0.08132530120493563,0.06000000000040018,-0.7100000000000364,9.010999917984009,0.11000000000058208,-0.7100000000000364,29.829999923706055,1.660000000000764,-0.7100000000000364,59.335999965667725,True
1s-s1-t0,1s,1,PRIMARY,SELL,-1,1789742547.9980001,1789742913.921,2026-09-18T14:42:27.998000+00:00,2026-09-18T14:48:33.921000+00:00,momentum_zero_cross,365.9229998588562,4377.9,0.039184093139022026,5.84999999999809,3.2299999999995634,-0.6500000000005457,296.68299984931946,1.5599999999994907,3.2299999999995634,-0.27000000000043656,-0.9750000000003638,-1.2700000000004366,0.05500000000029104,0.8391608391608392,-0.4,0.2899999999999636,1.394999999999527,0.4,0.2078853046595426,-0.06000000000040018,0.06499999999959982,0.9949999999998909,-0.13999999999941792,0.676829268292683,-0.2222222222222222,0.2899999999999636,0.8599999999996726,0.2222222222222222,0.3372093023256675,0.5200000000004366,-0.019999999999527063,8.91599988937378,0.5799999999999272,-0.11999999999989086,29.888999938964844,0.5799999999999272,-0.7899999999999636,58.835999965667725,True
1s-s1-t1,1s,1,BURST,SELL,-1,1789743770.854,1789743810.9689999,2026-09-18T15:02:50.854000+00:00,2026-09-18T15:03:30.969000+00:00,momentum_zero_cross,40.114999771118164,4377.08,0.039642547028748434,1.7451825000001313,1.269999999999527,-0.15999999999985448,26.144999980926514,0.4600000000000364,1.269999999999527,-1.8699999999998909,-2.8649999999997817,-4.524999999999636,-3.480000000000473,1.2018927444794953,-0.24193548387096775,0.25,4.670000000000073,0.24193548387096775,0.05353319057815763,0.45499999999992724,0.19000000000050932,-2.9749999999994543,-4.609999999998763,0.9936305732484076,0.07692307692307693,0.26999999999952706,3.8699999999989814,-0.07692307692307693,0.06976744186036127,0.019999999999527063,-0.48000000000047294,8.816999912261963,0.3000000000001819,-0.5200000000004366,29.95300006866455,2.2600000000002183,-0.5399999999999636,59.998000144958496,True
1s-s1-t2,1s,1,PRIMARY,SELL,-1,1789743963.9420002,1789744863.971,2026-09-18T15:06:03.942000+00:00,2026-09-18T15:21:03.971000+00:00,max_hold,900.0289998054504,4373.2,0.03977931381599763,21.31899766499785,5.599999999999454,-3.850000000000364,900.0289998054504,5.599999999999454,5.599999999999454,-1.4550000000008367,-3.5650000000005093,-7.75,-3.4500000000007276,1.1374045801526718,-0.22972972972972974,0.1999999999998181,7.350000000000364,0.22972972972972974,0.027210884353715402,-0.4350000000004002,-2.144999999999527,-3.4200000000000728,-5.850000000000364,0.7802690582959642,-0.2413793103448276,0.37000000000080036,2.8149999999996,0.2413793103448276,0.1314387211370703,0.5200000000004366,-0.0,8.861000061035156,1.9200000000000728,-0.0,29.939000129699707,2.3400000000001455,-0.0,59.937000036239624,True
1s-s1-t3,1s,1,MICRO,SELL,-1,1789744864.826,1789745160.99,2026-09-18T15:21:04.826000+00:00,2026-09-18T15:26:00.990000+00:00,take_profit,296.1640000343323,4367.11,0.041450044996269364,27.381225964415414,10.029999999999745,-0.4600000000000364,296.1640000343323,10.029999999999745,10.029999999999745,-0.6550000000006548,-2.3649999999997817,-3.6400000000003274,-6.0700000000006185,0.8663793103448276,-0.34328358208955223,0.17000000000007276,3.0349999999998545,0.34328358208955223,0.05601317957169058,-0.22000000000025466,-1.9500000000007276,-0.5450000000000728,-4.860000000000582,0.9667774086378738,-0.1276595744680851,0.2899999999999636,2.0,0.1276595744680851,0.1449999999999818,0.010000000000218279,-1.1300000000001091,9.967000007629395,0.010000000000218279,-3.1099999999996726,29.995999813079834,0.10999999999967258,-3.5799999999999272,59.97999978065491,True
1s-s1-t4,1s,1,SECONDARY,SELL,-1,1789745230.8769999,1789745380.688,2026-09-18T15:27:10.877000+00:00,2026-09-18T15:29:40.688000+00:00,emergency_stop,149.81100010871887,4355.12,0.04359586201316988,-17.02263942755968,0.9799999999995634,-4.079999999999927,33.85600018501282,-4.079999999999927,0.9799999999995634,-2.244999999999891,-4.420000000000073,-2.0649999999996,-3.019999999999527,1.238255033557047,-0.2459016393442623,0.27000000000043656,5.274999999999636,0.2459016393442623,0.051184834123309035,1.449999999999818,2.6549999999997453,3.005000000000109,3.894999999999527,1.197879858657244,0.1891891891891892,0.22999999999956344,3.2950000000000728,-0.1891891891891892,0.06980273141109511,0.3000000000001819,-0.9499999999998181,9.763999938964844,0.6899999999995998,-2.0200000000004366,29.283999919891357,0.6899999999995998,-2.699999999999818,59.27900004386902,True
1s-s1-t5,1s,1,MICRO,BUY,1,1789745476.976,1789745822.81,2026-09-18T15:31:16.976000+00:00,2026-09-18T15:37:02.810000+00:00,trail,345.83399987220764,4363.59,0.0422618286355669,24.226829044080723,9.30999999999949,-0.9499999999998181,291.904000043869,7.309999999999491,9.30999999999949,2.1549999999997453,2.369999999999891,2.7249999999994543,6.890000000000327,1.0358056265984654,0.12781954887218044,0.2600000000002183,3.3350000000000364,0.12781954887218044,0.07796101949031947,-0.22999999999956344,-0.6450000000004366,-1.1299999999991996,-0.4149999999990541,0.75,0.09090909090909091,0.24000000000069122,2.029999999998836,0.09090909090909091,0.11822660098562998,0.0,-0.5999999999994543,9.15999984741211,0.0,-0.8499999999994543,29.121999979019165,0.0,-1.75,59.164000272750854,False
1s-s1-t6,1s,1,PRIMARY,BUY,1,1789747214.968,1789747341.9950001,2026-09-18T16:00:14.968000+00:00,2026-09-18T16:02:21.995000+00:00,momentum_zero_cross,127.02700018882751,4370.92,0.04416044128701975,-13.566252767583476,2.5799999999999272,-3.2100000000000364,50.01400017738342,-3.2100000000000364,2.5799999999999272,1.7650000000003274,1.930000000000291,1.8500000000003638,2.6850000000004,1.2444444444444445,0.1393939393939394,0.27999999999974534,2.764999999999418,0.1393939393939394,0.10126582278473935,-1.2749999999996362,-2.8549999999995634,-4.609999999999673,-3.014999999999418,1.0476190476190477,-0.08396946564885496,0.36999999999989086,5.4399999999996,-0.08396946564885496,0.06801470588233788,0.5799999999999272,-0.5600000000004002,9.970999956130981,0.5799999999999272,-2.949999999999818,29.96399998664856,0.5799999999999272,-3.850000000000364,59.96599984169006,True
1s-s1-t7,1s,1,MICRO,SELL,-1,1789747390.945,1789747436.957,2026-09-18T16:03:10.945000+00:00,2026-09-18T16:03:56.957000+00:00,stagnation,46.01200008392334,4364.21,0.04309727866303474,-11.672335204715155,0.0,-3.1099999999996726,0.0,-2.8299999999999272,0.0,-1.3499999999994543,-2.1599999999998545,-4.899999999999636,-8.480000000000473,1.048951048951049,-0.087248322147651,0.25,5.3400000000001455,0.087248322147651,0.04681647940074779,1.7249999999994543,1.6299999999991996,2.069999999999709,-3.8950000000004366,1.2,0.2713178294573643,0.3500000000003638,3.110000000000582,-0.2713178294573643,0.11254019292614093,0.3500000000003638,-0.9200000000000728,9.967999935150146,0.3500000000003638,-1.730000000000473,29.994999885559082,0.3500000000003638,-4.230000000000473,59.88900017738342,True
1s-s1-t8,1s,1,SECONDARY,BUY,1,1789747489.987,1789748601.928,2026-09-18T16:04:49.987000+00:00,2026-09-18T16:23:21.928000+00:00,emergency_stop,1111.9409999847412,4370.32,0.04218253892341185,-16.188199808789246,5.030000000000655,-4.009999999999309,289.98600006103516,-4.009999999999309,5.030000000000655,1.944999999999709,2.514999999999418,4.969999999999345,5.034999999998945,0.9799426934097422,0.3153153153153153,0.2899999999999636,5.334999999999127,0.3153153153153153,0.0543580131209018,-0.3249999999989086,-0.9750000000003638,-1.2799999999997453,-1.6849999999994907,1.05,-0.1111111111111111,0.32999999999992724,1.2899999999990541,-0.1111111111111111,0.2558139534885033,0.37999999999919964,0.0,9.064000129699707,0.47999999999956344,-0.5500000000001819,29.043999910354614,0.5,-1.1200000000008004,58.88100004196167,True
1s-s1-t9,1s,1,PRIMARY,SELL,-1,1789749091.967,1789749991.997,2026-09-18T16:31:31.967000+00:00,2026-09-18T16:46:31.997000+00:00,max_hold,900.0299999713898,4362.25,0.04091389906529046,21.80959155273024,9.63000000000011,-0.8500000000003638,742.0090000629425,5.569999999999709,9.63000000000011,-1.1649999999999636,-1.4799999999995634,-2.9899999999997817,-4.119999999999891,1.024,-0.07936507936507936,0.27000000000043656,3.3299999999999272,0.07936507936507936,0.08108108108121395,-0.6449999999986176,-0.8049999999993815,1.8250000000007276,3.115000000000691,0.906801007556675,-0.09243697478991597,0.36999999999989086,3.589999999999236,0.09243697478991597,0.10306406685235922,0.06000000000040018,-0.6700000000000728,9.967000007629395,0.07000000000061846,-0.9600000000000364,29.980000019073486,1.3299999999999272,-0.9600000000000364,59.907999992370605,True
1s-s1-t10,1s,1,PRIMARY,SELL,-1,1789750451.994,1789751026.864,2026-09-18T16:54:11.994000+00:00,2026-09-18T17:03:46.864000+00:00,emergency_stop,574.8700001239777,4350.26,0.04262307719874288,-16.602010245272783,2.5399999999999636,-4.069999999999709,311.88499999046326,-4.069999999999709,2.5399999999999636,-0.46999999999934516,-2.7249999999994543,-4.574999999999818,-2.509999999999309,0.9298642533936652,-0.14705882352941177,0.2600000000002183,4.4099999999998545,0.14705882352941177,0.05895691609982468,1.2449999999998909,0.5749999999989086,1.9750000000003638,3.6350000000002183,1.0932203389830508,0.03937007874015748,0.26999999999952706,2.1899999999996,-0.03937007874015748,0.12328767123268329,0.1999999999998181,-0.2600000000002183,9.863999843597412,0.1999999999998181,-1.569999999999709,29.134000062942505,0.1999999999998181,-1.7700000000004366,59.07800006866455,True
1s-s1-t11,1s,1,SECONDARY,SELL,-1,1789751974.95,1789752242.887,2026-09-18T17:19:34.950000+00:00,2026-09-18T17:24:02.887000+00:00,emergency_stop,267.9370000362396,4349.24,0.04132200776725134,-16.174325940928437,5.4399999999996,-4.0900000000001455,78.03499984741211,-4.0900000000001455,5.4399999999996,-1.6700000000000728,-1.6599999999998545,-0.75,-5.385000000000218,1.0063897763578276,-0.2727272727272727,0.2899999999999636,2.7899999999999636,0.2727272727272727,0.10394265232973741,0.7099999999991269,1.569999999999709,2.350000000000364,6.934999999999491,0.9554140127388535,0.02040816326530612,0.3599999999996726,2.375,-0.02040816326530612,0.1515789473682832,0.9799999999995634,-0.0,9.01200008392334,1.8999999999996362,-0.0,29.087000131607056,2.0299999999997453,-0.0,59.0789999961853,True
1s-s1-t12,1s,1,PRIMARY,BUY,1,1789753819.984,1789754157.972,2026-09-18T17:50:19.984000+00:00,2026-09-18T17:55:57.972000+00:00,momentum_zero_cross,337.98799991607666,4356.29,0.04005445517899086,4.254957977232429,5.350000000000364,-0.9399999999995998,142.9980001449585,1.1099999999996726,5.350000000000364,0.8500000000003638,0.5600000000004002,1.5050000000010186,3.030000000000655,1.1482479784366577,0.12857142857142856,0.2899999999999636,1.6000000000003638,0.12857142857142856,0.18124999999993605,-1.139999999999418,-0.9849999999996726,-0.9850000000005821,-1.3799999999991996,0.9732441471571907,-0.22105263157894736,0.38000000000010914,1.6049999999995634,-0.22105263157894736,0.2367601246107243,0.7800000000006548,0.0,9.001000165939331,1.160000000000764,-0.339999999999236,29.32800006866455,2.610000000000582,-0.339999999999236,59.51799988746643,True
1s-s1-t13,1s,1,SECONDARY,SELL,-1,1789754302.941,1789754630.972,2026-09-18T17:58:22.941000+00:00,2026-09-18T18:03:50.972000+00:00,momentum_zero_cross,328.0309998989105,4355.23,0.04038790851835586,1.043606068148099,2.709999999999127,-0.5300000000006548,86.86199998855591,0.26999999999952706,2.709999999999127,-2.2849999999998545,-3.055000000000291,-2.6450000000004366,-3.005000000000109,0.8163934426229508,-0.2839506172839506,0.27000000000043656,3.290000000000873,0.2839506172839506,0.08206686930102276,0.9249999999992724,0.27999999999974534,0.5150000000003274,0.10499999999956344,0.8938053097345132,0.22,0.32999999999992724,2.430000000000291,-0.22,0.13580246913575625,0.4600000000000364,-0.4499999999998181,9.805999994277954,0.48000000000047294,-0.4499999999998181,29.824000120162964,0.7700000000004366,-0.4499999999998181,58.81600022315979,True
1s-s1-t14,1s,1,SECONDARY,BUY,1,1789757067.9889998,1789758267.99,2026-09-18T18:44:27.989000+00:00,2026-09-18T19:04:27.990000+00:00,max_hold,1200.0010001659393,4354.96,0.04046969403310539,7.087653510745667,3.050000000000182,-2.6400000000003274,391.9800000190735,1.8299999999999272,3.050000000000182,1.5500000000010914,1.610000000000582,3.280000000000655,4.5700000000006185,1.0142348754448398,0.0425531914893617,0.2899999999999636,3.4400000000005093,0.0425531914893617,0.0843023255813723,0.05999999999949068,-0.05500000000029104,0.18000000000029104,0.6700000000000728,1.1337209302325582,-0.046153846153846156,0.17000000000007276,0.8349999999991269,-0.046153846153846156,0.20359281437155752,0.18000000000029104,-0.06999999999970896,9.957000017166138,0.18999999999959982,-0.3900000000003274,29.990000009536743,1.680000000000291,-0.3900000000003274,59.98799991607666,True
1s-s1-t15,1s,1,PRIMARY,BUY,1,1789758585.943,1789758913.959,2026-09-18T19:09:45.943000+00:00,2026-09-18T19:15:13.959000+00:00,momentum_zero_cross,328.0160000324249,4360.25,0.041025140583709735,-0.1177857631986876,4.510000000000218,-0.9600000000000364,184.91499972343445,-0.02999999999974534,4.510000000000218,0.4250000000010914,0.5200000000004366,1.3450000000002547,2.015000000001237,1.0506329113924051,0.03614457831325301,0.27999999999974534,1.8700000000008004,0.03614457831325301,0.14973262032065535,-1.175000000000182,-1.4900000000006912,-0.40499999999974534,-3.855000000000473,1.2153284671532847,-0.2072072072072072,0.31999999999970896,1.980000000000473,-0.2072072072072072,0.16161616161597603,0.5500000000001819,-0.28000000000065484,9.769999742507935,0.7599999999993088,-0.28000000000065484,28.698999643325806,3.219999999999345,-0.28000000000065484,58.88099980354309,True
1s-s1-t16,1s,1,PRIMARY,BUY,1,1789759468.945,1789760369.956,2026-09-18T19:24:28.945000+00:00,2026-09-18T19:39:29.956000+00:00,max_hold,901.0110001564026,4371.16,0.04101590992707848,29.36130917647514,12.539999999999964,-3.9799999999995634,564.0290002822876,7.480000000000473,12.539999999999964,0.27999999999974534,1.449999999999818,0.7049999999999272,0.7699999999995271,0.891566265060241,-0.0684931506849315,0.2600000000002183,1.605000000000473,-0.0684931506849315,0.16199376947049324,0.4250000000001819,-0.2249999999994543,-0.4099999999998545,0.3850000000002183,1.065934065934066,0.15463917525773196,0.31999999999970896,1.6749999999992724,0.15463917525773196,0.19104477611931223,1.75,0.0,8.855999946594238,1.8699999999998909,0.0,29.04099988937378,2.3299999999999272,0.0,59.948999881744385,True
1s-s1-t17,1s,1,PRIMARY,BUY,1,1789761354.9889998,1789761545.753,2026-09-18T19:55:54.989000+00:00,2026-09-18T19:59:05.753000+00:00,momentum_zero_cross,190.76400017738342,4382.54,0.04331690247398773,-6.384098539673813,1.1000000000003638,-1.5399999999999636,131.99900007247925,-1.5399999999999636,1.1000000000003638,0.9400000000005093,0.9849999999996726,0.9699999999993452,1.9799999999995634,1.08,0.1111111111111111,0.2600000000002183,1.3699999999998909,0.1111111111111111,0.18978102189798465,-0.25500000000010914,-0.7250000000003638,-1.4149999999999636,-0.9600000000000364,1.2134831460674158,0.05555555555555555,0.31999999999970896,2.694999999999709,0.05555555555555555,0.118738404452595,0.27000000000043656,-0.18999999999959982,8.513999938964844,0.819999999999709,-0.18999999999959982,29.138000011444092,2.3400000000001455,-0.18999999999959982,59.22699999809265,True
1s-s1-t18,1s,1,PRIMARY,BUY,1,1789762637.884,1789762736.864,2026-09-18T20:17:17.884000+00:00,2026-09-18T20:18:56.864000+00:00,momentum_zero_cross,98.98000001907349,4388.1,0.042816592250413184,-9.42456692437976,1.0099999999993088,-2.300000000000182,59.079999923706055,-2.300000000000182,1.0099999999993088,0.8600000000005821,0.20500000000083674,1.485000000000582,1.7650000000003274,0.8625,-0.014492753623188406,0.2600000000002183,1.5250000000005457,-0.014492753623188406,0.17049180327877064,-1.8649999999997817,-2.1099999999996726,-2.1749999999992724,-1.1649999999990541,1.125,-0.2608695652173913,0.21000000000003638,3.319999999999709,-0.2608695652173913,0.06325301204820927,0.5999999999994543,0.0,9.120999813079834,1.0100000000002183,0.0,29.007999897003174,1.0100000000002183,-0.06000000000040018,59.96600008010864,True
1s-s1-t19,1s,1,SECONDARY,BUY,1,1789763657.9139998,1789764857.978,2026-09-18T20:34:17.914000+00:00,2026-09-18T20:54:17.978000+00:00,max_hold,1200.0640001296997,4391.71,0.0420780060340935,9.30226268034783,5.149999999999636,-1.1300000000001091,973.0020000934601,2.3100000000004,5.149999999999636,2.5799999999999272,2.160000000000764,2.655000000000655,5.270000000000437,1.0847457627118644,0.09375,0.2899999999999636,3.1300000000010186,0.09375,0.09265175718845663,0.1000000000003638,-0.6799999999993815,0.29500000000007276,0.0749999999998181,0.9692307692307692,0.07692307692307693,0.3099999999994907,1.1899999999995998,0.07692307692307693,0.2605042016803319,0.3099999999994907,-0.040000000000873115,9.460000276565552,0.3099999999994907,-0.23000000000047294,29.438999891281128,0.3099999999994907,-1.0100000000002183,59.33400011062622,True
1s-s1-t20,1s,1,PRIMARY,SELL,-1,1789767860.959,1789768061.9129999,2026-09-18T21:44:20.959000+00:00,2026-09-18T21:47:41.913000+00:00,momentum_zero_cross,200.95399975776672,4382.42,0.042807007488634294,-3.8099500755827584,1.819999999999709,-0.930000000000291,105.41899967193604,-0.930000000000291,1.819999999999709,-0.569999999999709,-0.7249999999994543,-1.550000000000182,-1.3800000000001091,0.9767441860465116,-0.25925925925925924,0.2600000000002183,1.644999999999527,0.25925925925925924,0.15805471124637874,0.5749999999998181,0.7449999999998909,1.8650000000006912,1.8800000000001091,0.9,0.2,0.28000000000065484,1.855000000000473,-0.2,0.15094339622672961,-0.0,-0.5599999999994907,8.555999994277954,0.4000000000005457,-0.5799999999999272,29.898000240325928,0.4000000000005457,-0.5999999999994543,59.97699999809265,True
1s-s2-t0,1s,2,MICRO,BUY,1,1789963644.742,1789963943.9980001,2026-09-21T04:07:24.742000+00:00,2026-09-21T04:12:23.998000+00:00,momentum_zero_cross,299.25600004196167,4377.44,0.039184093139022026,-4.387499999996862,2.740000000000691,-1.1699999999991633,147.22499990463257,-1.1699999999991633,2.740000000000691,1.2900000000008731,2.055000000000291,2.8900000000003274,6.005000000001019,1.2432432432432432,0.12087912087912088,0.26999999999952706,3.7000000000007276,0.12087912087912088,0.0729729729728308,-0.4499999999989086,-0.909999999998945,-0.30499999999847205,-3.3149999999986903,0.7912087912087912,-0.16666666666666666,0.5399999999999636,1.444999999999709,-0.16666666666666666,0.3737024221453788,1.7799999999997453,0.0,9.9159996509552,1.7799999999997453,0.0,29.944999933242798,3.3599999999996726,0.0,59.753000020980835,True
1s-s2-t1,1s,2,PRIMARY,SELL,-1,1789967510.961,1789968412.9859998,2026-09-21T05:11:50.961000+00:00,2026-09-21T05:26:52.986000+00:00,max_hold,902.0249998569489,4370.26,0.03884025272172735,14.385152812499683,8.699999999999818,-1.9699999999993452,749.66100025177,3.869999999999891,8.699999999999818,-0.9650000000001455,-0.4099999999998545,-2.2299999999995634,-4.864999999999782,0.8548387096774194,-0.23076923076923078,0.25,2.3649999999997817,0.23076923076923078,0.10570824524313872,0.5399999999999636,1.069999999999709,1.5850000000000364,2.5850000000000364,0.7279411764705882,0.09090909090909091,0.36999999999989086,1.9650000000001455,-0.09090909090909091,0.18829516539433255,-0.0,-0.36999999999989086,9.960000038146973,0.28000000000065484,-0.36999999999989086,29.824000120162964,0.36999999999989086,-0.36999999999989086,59.99300026893616,True
1s-s2-t2,1s,2,SECONDARY,SELL,-1,1789968692.959,1789969892.9740002,2026-09-21T05:31:32.959000+00:00,2026-09-21T05:51:32.974000+00:00,max_hold,1200.0150001049042,4367.65,0.039967591056975456,-4.360479931548151,3.149999999999636,-3.2100000000000364,581.8329999446869,-1.1400000000003274,3.149999999999636,-1.5450000000000728,-3.9299999999993815,-3.5049999999991996,-1.444999999999709,1.0266666666666666,-0.07894736842105263,0.24000000000069122,4.795000000000073,0.07894736842105263,0.05005213764352191,-0.6049999999995634,0.024999999999636202,0.054999999999381544,0.8400000000001455,0.9545454545454546,-0.23809523809523808,0.3500000000003638,0.9899999999997817,0.23809523809523808,0.35353535353579896,0.42000000000007276,-0.0,9.776000022888184,1.769999999999527,-0.0,29.71299982070923,1.769999999999527,-0.0,59.71299982070923,True
1s-s2-t3,1s,2,SECONDARY,SELL,-1,1789970946.9539998,1789971214.91,2026-09-21T06:09:06.954000+00:00,2026-09-21T06:13:34.910000+00:00,emergency_stop,267.95600032806396,4359.31,0.03962586815343822,-15.548343066087286,0.0,-4.099999999999454,0.0,-4.099999999999454,0.0,-1.5649999999986903,-1.5549999999993815,-2.269999999999527,-6.744999999998981,1.2735849056603774,-0.24444444444444444,0.27999999999974534,2.459999999999127,0.24444444444444444,0.11382113821131899,0.2849999999998545,1.074999999999818,0.9499999999998181,1.0549999999993815,1.2281879194630871,-0.18032786885245902,0.3999999999996362,1.2400000000006912,0.18032786885245902,0.32258064516081714,0.21000000000003638,-0.0,9.705999851226807,0.25,-0.010000000000218279,28.734999895095825,0.3499999999994543,-0.4000000000005457,59.85599994659424,True
1s-s2-t4,1s,2,SECONDARY,SELL,-1,1789984832.9750001,1789984990.985,2026-09-21T10:00:32.975000+00:00,2026-09-21T10:03:10.985000+00:00,emergency_stop,158.00999975204468,4348.62,0.038407372707720155,-15.180501503515917,2.430000000000291,-4.130000000000109,51.01099967956543,-4.130000000000109,2.430000000000291,-1.6549999999997453,-2.3900000000003274,-4.6899999999996,-4.440000000000509,0.7443609022556391,-0.06060606060606061,0.25,5.085000000000036,0.06060606060606061,0.0491642084562435,1.8999999999996362,2.430000000000291,4.225000000000364,5.730000000000473,1.0788177339901477,0.1232876712328767,0.3000000000001819,4.290000000000873,-0.1232876712328767,0.0699300699300981,0.03999999999996362,-1.050000000000182,9.720999956130981,0.03999999999996362,-2.4399999999996,29.9520001411438,0.03999999999996362,-2.9200000000000728,59.49500012397766,True
1s-s2-t5,1s,2,MICRO,BUY,1,1789984996.8990002,1789985002.813,2026-09-21T10:03:16.899000+00:00,2026-09-21T10:03:22.813000+00:00,momentum_zero_cross,5.913999795913696,4353.4,0.03721770433809849,-1.2822524864394826,0.0500000000001819,-0.3599999999996726,2.9549999237060547,-0.3599999999996726,0.0500000000001819,1.9499999999989086,3.7449999999989814,4.9299999999993815,6.9099999999998545,1.2571428571428571,0.2,0.2899999999999636,4.479999999999563,0.2,0.06473214285714105,0.6649999999990541,3.0299999999997453,3.709999999999127,7.139999999999418,1.148936170212766,0.10144927536231885,0.3100000000004002,4.114999999999782,0.10144927536231885,0.07533414337798702,1.2799999999997453,-0.5399999999999636,9.156999826431274,1.7600000000002183,-0.5399999999999636,28.340999841690063,2.2799999999997453,-0.5399999999999636,59.88900017738342,True
1s-s2-t6,1s,2,MICRO,BUY,1,1789985709.5100002,1789985754.127,2026-09-21T10:15:09.510000+00:00,2026-09-21T10:15:54.127000+00:00,momentum_zero_cross,44.61699986457825,4354.41,0.037117216536385715,-10.76315257312022,0.4099999999998545,-3.5900000000001455,10.462999820709229,-3.0299999999997453,0.4099999999998545,1.3800000000001091,1.2250000000003638,4.235000000000582,6.730000000000473,1.3529411764705883,0.044444444444444446,0.27999999999974534,4.600000000000364,0.044444444444444446,0.06086956521733113,-0.1400000000012369,-3.1900000000005093,-2.3000000000010914,2.4249999999992724,0.9824561403508771,-0.25925925925925924,0.26999999999952706,4.035000000000764,-0.25925925925925924,0.06691449814113407,0.0,-0.3900000000003274,9.773000001907349,2.180000000000291,-0.3900000000003274,29.855000019073486,2.180000000000291,-0.3900000000003274,59.6949999332428,True
1s-s2-t7,1s,2,PRIMARY,SELL,-1,1789993811.904,1789994712.9950001,2026-09-21T12:30:11.904000+00:00,2026-09-21T12:45:12.995000+00:00,max_hold,901.0910000801086,4345.68,0.03627372779059642,-8.817538687946506,5.3200000000006185,-2.949999999999818,328.0409998893738,-2.5399999999999636,5.3200000000006185,-0.5299999999988358,-2.1849999999994907,-2.344999999999345,-4.849999999999454,1.1694915254237288,-0.14285714285714285,0.2899999999999636,3.3150000000005093,0.14285714285714285,0.0874811463046513,0.2000000000007276,0.2900000000008731,2.2200000000002547,3.0800000000008367,1.5,0.1044776119402985,0.22000000000025466,2.5250000000005457,-0.1044776119402985,0.08712871287136915,0.1500000000005457,-0.11999999999989086,9.523000001907349,0.3900000000003274,-0.11999999999989086,28.758999824523926,0.9099999999998545,-0.11999999999989086,59.91199994087219,True
1s-s3-t0,1s,3,MICRO,SELL,-1,1790004086.949,1790004353.822,2026-09-21T15:21:26.949000+00:00,2026-09-21T15:25:53.822000+00:00,trail,266.8730001449585,4360.22,0.039184093139022026,19.040625000000375,5.5900000000001455,-0.6700000000000728,220.01000022888184,3.5399999999999636,5.5900000000001455,-0.3650000000006912,-0.9050000000006548,-3.4400000000005093,-7.665000000000873,0.788961038961039,-0.0379746835443038,0.26999999999952706,3.5800000000008367,0.0379746835443038,0.07541899441325808,1.1850000000004002,0.7550000000001091,0.1500000000005457,-2.175000000000182,0.8586572438162544,0.18518518518518517,0.2600000000002183,2.019999999999527,-0.18518518518518517,0.1287128712872669,0.21000000000003638,-0.1999999999998181,9.16100001335144,1.4600000000000364,-0.1999999999998181,29.888999938964844,1.860000000000582,-0.1999999999998181,59.98900008201599,True
1s-s3-t1,1s,3,PRIMARY,SELL,-1,1790005642.848,1790005976.655,2026-09-21T15:47:22.848000+00:00,2026-09-21T15:52:56.655000+00:00,emergency_stop,333.8069999217987,4355.51,0.04067627238587243,-15.571218750000009,0.0,-4.0,0.0,-4.0,0.0,-0.625,-0.569999999999709,-2.3749999999990905,-6.56499999999869,1.0263157894736843,0.03896103896103896,0.2899999999999636,2.7200000000002547,-0.03896103896103896,0.10661764705880017,0.42000000000007276,1.2049999999999272,1.3100000000004002,1.7049999999999272,0.9587628865979382,0.0967741935483871,0.28000000000065484,1.824999999999818,-0.0967741935483871,0.15342465753462067,0.32000000000061846,-0.0,9.31499981880188,0.9400000000005093,-0.0,28.55299997329712,2.860000000000582,-0.0,59.85099983215332,True
1s-s3-t2,1s,3,BURST,BUY,1,1790006264.808,1790006340.985,2026-09-21T15:57:44.808000+00:00,2026-09-21T15:59:00.985000+00:00,momentum_zero_cross,76.17699980735779,4359.15,0.03945598421429626,3.9270613687498646,2.2100000000000364,-1.5499999999992724,68.15899991989136,1.0399999999999636,2.2100000000000364,2.675000000000182,3.699999999999818,4.925000000000182,4.199999999999818,1.2687224669603525,0.3333333333333333,0.21999999999934516,5.015000000000327,0.3333333333333333,0.0438683948154199,-0.6250000000009095,-0.5700000000006185,1.8849999999993088,5.389999999999418,1.0896226415094339,-0.12,0.22000000000025466,3.2150000000001455,-0.12,0.06842923794719898,0.28000000000065484,-0.31999999999970896,9.96399998664856,0.2899999999999636,-0.4099999999998545,29.957000255584717,0.2899999999999636,-1.069999999999709,58.997000217437744,True
1s-s3-t3,1s,3,PRIMARY,BUY,1,1790006919.9699998,1790007820.923,2026-09-21T16:08:39.970000+00:00,2026-09-21T16:23:40.923000+00:00,max_hold,900.9530003070831,4361.79,0.03976374089116776,9.970340588708027,3.069999999999709,-1.1199999999998909,896.6410002708435,2.619999999999891,3.069999999999709,1.1649999999990541,1.0349999999998545,0.8600000000005821,2.2600000000002183,1.2033898305084745,0.2112676056338028,0.2600000000002183,1.9099999999998545,0.2112676056338028,0.13612565445038644,0.15499999999974534,1.6549999999988358,2.350000000000364,1.8499999999994543,1.1764705882352942,0.08860759493670886,0.3900000000003274,3.2899999999999636,0.08860759493670886,0.11854103343475128,0.569999999999709,0.0,8.758999824523926,0.569999999999709,-0.5500000000001819,29.989999771118164,1.6400000000003274,-0.5500000000001819,59.82499980926514,True
1s-s3-t4,1s,3,SECONDARY,SELL,-1,1790008359.963,1790009559.9859998,2026-09-21T16:32:39.963000+00:00,2026-09-21T16:52:39.986000+00:00,max_hold,1200.0229997634888,4355.18,0.04054509839967918,9.817035185739062,5.700000000000728,-1.639999999999418,637.0199999809265,2.530000000000655,5.700000000000728,-1.764999999999418,-4.329999999999927,-5.674999999999272,-4.759999999999309,1.0719101123595505,0.012658227848101266,0.2899999999999636,6.1799999999993815,-0.012658227848101266,0.04692556634304088,0.3249999999989086,-1.055000000000291,-0.8100000000004002,-0.19500000000061846,0.7994269340974212,0.033707865168539325,0.26999999999952706,2.1299999999991996,-0.033707865168539325,0.12676056338010727,0.06999999999970896,-0.5300000000006548,9.809000253677368,2.0799999999999272,-0.5300000000006548,29.998000144958496,2.769999999999527,-0.5300000000006548,59.98800039291382,True
1s-s3-t5,1s,3,PRIMARY,SELL,-1,1790009590.981,1790010322.9980001,2026-09-21T16:53:10.981000+00:00,2026-09-21T17:05:22.998000+00:00,take_profit,732.0170001983643,4350.25,0.04131444164181329,99.08420336575301,25.0600000000004,-0.8800000000001091,732.0170001983643,25.0600000000004,25.0600000000004,-0.3600000000005821,-2.125,-3.105000000000473,-2.3200000000006185,1.0688622754491017,-0.05084745762711865,0.27999999999974534,3.8299999999999272,0.05084745762711865,0.07310704960829,-2.6549999999997453,-2.8400000000001455,-4.6250000000009095,-10.774999999999636,1.05,-0.1366906474820144,0.5499999999992724,8.515000000000327,0.1366906474820144,0.06459189665287743,0.15999999999985448,-0.930000000000291,9.961999893188477,2.1899999999996,-0.930000000000291,29.98699975013733,2.1899999999996,-0.930000000000291,59.822999715805054,True
1s-s3-t6,1s,3,MICRO,SELL,-1,1790010323.947,1790010435.882,2026-09-21T17:05:23.947000+00:00,2026-09-21T17:07:15.882000+00:00,emergency_stop,111.93499994277954,4325.56,0.049079490948392215,-19.49259295537062,2.5600000000004,-4.149999999999636,27.931999921798706,-4.149999999999636,2.5600000000004,-1.8649999999997817,-2.050000000000182,-3.835000000000946,-9.984999999999673,1.129496402877698,-0.05128205128205128,0.2899999999999636,8.515000000000327,0.05128205128205128,0.0340575455079216,1.9099999999998545,3.949999999999818,6.289999999999964,3.199999999999818,1.125,0.02564102564102564,0.3400000000001455,6.5600000000004,-0.02564102564102564,0.05182926829270195,1.8999999999996362,-0.0,9.116000175476074,1.8999999999996362,-2.2100000000000364,29.03499984741211,1.8999999999996362,-4.180000000000291,59.83400011062622,True
1s-s3-t7,1s,3,BURST,SELL,-1,1790012063.96,1790012109.979,2026-09-21T17:34:23.960000+00:00,2026-09-21T17:35:09.979000+00:00,momentum_zero_cross,46.01900005340576,4338.02,0.04755189179262364,2.912522178258672,2.0,-0.4399999999995998,34.996999979019165,0.6400000000003274,2.0,-2.0600000000004,-4.510000000000218,-3.800000000000182,-1.0450000000000728,1.2591549295774649,-0.2689655172413793,0.27999999999974534,4.510000000000218,0.2689655172413793,0.062084257206148956,1.1700000000000728,0.1749999999992724,-3.5349999999998545,-2.4000000000005457,1.0837320574162679,0.03355704697986577,0.27999999999974534,4.610000000000582,-0.03355704697986577,0.06073752711490455,0.11999999999989086,-0.5299999999997453,9.961999893188477,0.11999999999989086,-0.9700000000002547,29.84499979019165,0.11999999999989086,-2.8599999999996726,59.99600005149841,True
1s-s3-t8,1s,3,BURST,SELL,-1,1790018048.984,1790018074.926,2026-09-21T19:14:08.984000+00:00,2026-09-21T19:14:34.926000+00:00,momentum_zero_cross,25.942000150680542,4349.84,0.047780140873228356,-7.407708908178837,0.0,-1.6199999999998909,0.0,-1.6199999999998909,0.0,-2.399999999999636,-3.269999999999527,-3.6950000000006185,-3.605000000000473,1.3714285714285714,-0.45054945054945056,0.23999999999978172,4.8149999999996,0.45054945054945056,0.04984423676008342,0.23999999999978172,0.6199999999998909,-1.8599999999996726,-1.8800000000001091,1.1627906976744187,0.1875,0.27000000000043656,3.694999999999709,-0.1875,0.07307171853868953,0.2899999999999636,-0.11999999999989086,9.061999797821045,0.3000000000001819,-0.9099999999998545,28.805999994277954,0.3000000000001819,-1.9600000000000364,58.883999824523926,True
1s-s3-t9,1s,3,PRIMARY,BUY,1,1790018369.8179998,1790018583.9950001,2026-09-21T19:19:29.818000+00:00,2026-09-21T19:23:03.995000+00:00,emergency_stop,214.17700028419495,4356.45,0.047199612161618665,-19.42353861312634,0.43000000000029104,-4.300000000000182,2.1519999504089355,-4.300000000000182,0.43000000000029104,1.0799999999999272,1.860000000000582,1.8449999999993452,4.104999999999563,1.1909547738693467,0.28205128205128205,0.23999999999978172,2.639999999999418,0.28205128205128205,0.09090909090902827,-1.0650000000005093,-2.0900000000001455,-1.8700000000008004,-3.5349999999998545,0.9803921568627451,-0.5652173913043478,0.2899999999999636,2.4200000000000728,-0.5652173913043478,0.11983471074378302,0.43000000000029104,0.0,8.769999742507935,0.6400000000003274,-0.3899999999994179,29.996000051498413,0.6400000000003274,-0.9799999999995634,59.377999782562256,True
1s-s3-t10,1s,3,BURST,SELL,-1,1790022664.515,1790022692.859,2026-09-21T20:31:04.515000+00:00,2026-09-21T20:31:32.859000+00:00,momentum_zero_cross,28.3439998626709,4341.92,0.045677424669406406,-2.273141240994012,0.8699999999998909,-0.7399999999997817,9.483999967575073,-0.5199999999995271,0.8699999999998909,-1.2700000000004366,-1.980000000000473,-4.489999999999782,-2.680000000000291,1.277511961722488,-0.20930232558139536,0.27999999999974534,4.104999999999563,0.20930232558139536,0.06820950060895861,0.2899999999999636,0.05500000000029104,-1.7749999999996362,-3.3400000000001455,0.7012987012987013,0.05714285714285714,0.37999999999919964,3.1799999999993815,-0.05714285714285714,0.11949685534568351,0.05999999999949068,-0.1500000000005457,9.757999897003174,0.31999999999970896,-0.1500000000005457,29.581000089645386,2.1899999999996,-0.1500000000005457,56.480000019073486,True
1s-s4-t0,1s,4,MICRO,SELL,-1,1790050280.984,1790050703.889,2026-09-22T04:11:20.984000+00:00,2026-09-22T04:18:23.889000+00:00,trail,422.90499997138977,4356.79,0.039184093139022026,19.837499999999864,6.279999999999745,-1.6199999999998909,346.9350001811981,3.9099999999998545,6.279999999999745,-2.8299999999999272,-3.0,-4.069999999999709,-6.029999999999745,1.3032786885245902,-0.1262135922330097,0.27000000000043656,4.180000000000291,0.1262135922330097,0.06459330143550664,0.6950000000006185,1.4450000000006185,1.3200000000006185,-1.0799999999999272,0.7871287128712872,0.07692307692307693,0.47000000000025466,1.5650000000005093,-0.07692307692307693,0.30031948881795634,0.15999999999985448,-0.9899999999997817,9.962000131607056,0.15999999999985448,-1.2899999999999636,29.885000228881836,0.15999999999985448,-2.0399999999999636,59.944000005722046,True
1s-s4-t1,1s,4,PRIMARY,SELL,-1,1790052568.997,1790052905.838,2026-09-22T04:49:28.997000+00:00,2026-09-22T04:55:05.838000+00:00,emergency_stop,336.84100008010864,4344.85,0.04073872203431272,-16.140954374997726,1.050000000000182,-4.139999999999418,67.98600006103516,-4.139999999999418,1.050000000000182,-0.7000000000007276,-2.6300000000010186,-1.6700000000000728,-2.3850000000002183,1.2510121457489878,-0.02912621359223301,0.2599999999993088,2.805000000000291,0.02912621359223301,0.09269162210313077,0.8100000000004002,1.7650000000003274,2.230000000000473,0.8049999999993815,0.96,0.16666666666666666,0.3999999999996362,2.625,-0.16666666666666666,0.15238095238081378,0.7799999999997453,-0.3400000000001455,9.10699987411499,1.769999999999527,-0.3400000000001455,29.538999795913696,2.069999999999709,-0.3400000000001455,59.834999799728394,True
1s-s4-t2,1s,4,PRIMARY,SELL,-1,1790057264.7849998,1790057517.7500002,2026-09-22T06:07:44.785000+00:00,2026-09-22T06:11:57.750000+00:00,momentum_zero_cross,252.96500039100647,4342.0,0.03947378471514748,-2.871070310063337,2.100000000000364,-0.7600000000002183,128.99000024795532,-0.7600000000002183,2.100000000000364,-0.22999999999956344,-0.6849999999994907,-1.2549999999991996,0.07999999999992724,1.170731707317073,0.0625,0.2899999999999636,1.5150000000003274,-0.0625,0.19141914191412604,0.47000000000025466,0.8150000000005093,0.8299999999999272,2.3150000000005093,0.5652173913043478,0.2,0.43000000000029104,1.050000000000182,-0.2,0.40952380952401574,0.3400000000001455,-0.3999999999996362,9.574999809265137,0.36999999999989086,-0.3999999999996362,26.190999746322632,0.36999999999989086,-1.050000000000182,58.83699989318848,True
1s-s4-t3,1s,4,SECONDARY,BUY,1,1790066908.9950001,1790067373.983,2026-09-22T08:48:28.995000+00:00,2026-09-22T08:56:13.983000+00:00,emergency_stop,464.98799991607666,4329.65,0.03924878414227108,-16.865297881229743,3.410000000000764,-4.489999999999782,234.94199991226196,-4.489999999999782,3.410000000000764,1.4500000000007276,1.944999999999709,1.4650000000001455,7.579999999999927,1.2561576354679802,0.16666666666666666,0.2999999999992724,2.244999999999891,0.16666666666666666,0.1336302895319764,-1.8450000000002547,-3.5650000000005093,-3.1549999999997453,-4.010000000000218,1.4325842696629214,-0.19047619047619047,0.5200000000004366,3.644999999999527,-0.19047619047619047,0.142661179698355,0.3900000000003274,-0.6700000000000728,9.905999898910522,0.3900000000003274,-0.8499999999994543,29.888999938964844,0.819999999999709,-0.8499999999994543,59.930999755859375,True
1s-s4-t4,1s,4,BURST,SELL,-1,1790072966.9689999,1790072995.9689999,2026-09-22T10:29:26.969000+00:00,2026-09-22T10:29:55.969000+00:00,momentum_zero_cross,29.0,4315.81,0.037927081336280165,-1.7059596254514477,0.37000000000080036,-0.7999999999992724,2.010000228881836,-0.46999999999934516,0.37000000000080036,-1.9750000000003638,-2.4549999999999272,-4.114999999999782,-4.024999999999636,1.202247191011236,-0.21904761904761905,0.23999999999978172,4.125,0.21904761904761905,0.058181818181765266,0.555000000000291,0.024999999999636202,-2.1900000000005093,-4.785000000000764,0.9186046511627907,-0.012987012987012988,0.18999999999959982,3.300000000000182,0.012987012987012988,0.05757575757563314,1.2399999999997817,-0.0,9.914000272750854,2.119999999999891,-0.0,29.996000051498413,4.139999999999418,-0.0,59.937000036239624,True
1s-s4-t5,1s,4,SECONDARY,SELL,-1,1790073086.9550002,1790073984.9020002,2026-09-22T10:31:26.955000+00:00,2026-09-22T10:46:24.902000+00:00,emergency_stop,897.9470000267029,4310.72,0.03779338837456996,-14.612302799590076,1.449999999999818,-4.039999999999964,756.9899997711182,-4.039999999999964,1.449999999999818,-1.9600000000000364,-1.5549999999993815,-2.875,-5.324999999999818,1.0786516853932584,-0.09375,0.22999999999956344,3.6149999999997817,0.09375,0.06362378976475168,0.2250000000003638,2.9749999999994543,3.7100000000000364,4.744999999999891,1.0097560975609756,0.10144927536231885,0.2600000000002183,3.7799999999997453,-0.10144927536231885,0.06878306878313116,-0.0,-0.9099999999998545,9.01799988746643,-0.0,-1.3099999999994907,29.994999647140503,-0.0,-1.3599999999996726,59.88499999046326,False
1s-s4-t6,1s,4,SECONDARY,SELL,-1,1790074221.952,1790074679.95,2026-09-22T10:50:21.952000+00:00,2026-09-22T10:57:59.950000+00:00,take_profit,457.9980001449585,4308.02,0.036648248706820506,28.268953762275363,8.0600000000004,-0.7199999999993452,457.9980001449585,8.0600000000004,8.0600000000004,-0.9799999999995634,-2.3749999999990905,-4.824999999999818,-5.014999999999418,1.168421052631579,-0.0136986301369863,0.23999999999978172,4.775000000000546,0.0136986301369863,0.050261780104660585,-0.3600000000005821,-0.29500000000007276,nan,nan,1.3358490566037735,0.02564102564102564,0.3000000000001819,1.285000000000764,-0.02564102564102564,0.233463035019458,-0.0,-1.1400000000003274,8.95799994468689,-0.0,-2.0399999999999636,29.888000011444092,-0.0,-2.0399999999999636,58.16699981689453,False
1s-s4-t7,1s,4,BURST,SELL,-1,1790075668.965,1790075761.952,2026-09-22T11:14:28.965000+00:00,2026-09-22T11:16:01.952000+00:00,momentum_zero_cross,92.98699998855591,4304.88,0.038863635341147916,8.926395637879002,2.6099999999996726,-1.5,89.03200006484985,2.4000000000005457,2.6099999999996726,-1.9350000000004002,-3.2200000000002547,-5.479999999999563,-5.019999999999527,1.2396694214876034,-0.3333333333333333,0.25,5.650000000000546,0.3333333333333333,0.044247787610615194,-0.09500000000025466,0.09499999999934516,-1.6649999999999636,nan,1.0249110320284698,-0.10416666666666667,0.2999999999992724,2.175000000000182,0.10416666666666667,0.13793103448241256,0.1499999999996362,-0.3100000000004002,9.51800012588501,0.6599999999998545,-0.3100000000004002,29.999000072479248,1.1499999999996362,-0.3100000000004002,59.9830002784729,True
1s-s4-t8,1s,4,MICRO,SELL,-1,1790076713.9889998,1790076761.968,2026-09-22T11:31:53.989000+00:00,2026-09-22T11:32:41.968000+00:00,emergency_stop,47.979000091552734,4295.13,0.03956318077728874,-15.182980727096146,0.8299999999999272,-4.010000000000218,23.934000253677368,-4.010000000000218,0.8299999999999272,-0.9250000000010914,0.23499999999967258,-4.085000000000946,-6.450000000000728,0.8588709677419355,-0.13432835820895522,0.26999999999952706,4.960000000000036,0.13432835820895522,0.05443548387087199,1.5150000000003274,3.110000000000582,3.030000000000655,0.11499999999978172,0.8126801152737753,-0.021739130434782608,0.42000000000007276,4.8700000000008,0.021739130434782608,0.08624229979466196,1.730000000000473,-0.4399999999995998,9.895000219345093,4.730000000000473,-0.4399999999995998,29.027000188827515,7.329999999999927,-0.4399999999995998,59.98099994659424,True
1s-s4-t9,1s,4,SECONDARY,BUY,1,1790076896.962,1790077058.901,2026-09-22T11:34:56.962000+00:00,2026-09-22T11:37:38.901000+00:00,take_profit,161.9390001296997,4297.87,0.03837331811541171,31.729597582577032,8.640000000000327,-0.7799999999997453,161.9390001296997,8.640000000000327,8.640000000000327,1.764999999999418,3.7049999999999272,4.424999999999272,1.2299999999995634,1.2301255230125523,0.24489795918367346,0.27999999999974534,4.364999999999782,0.24489795918367346,0.06414662084759665,1.0450000000000728,1.4949999999989814,4.305000000000291,nan,1.1017699115044248,0.03614457831325301,0.27999999999974534,4.174999999999272,0.03614457831325301,0.06706586826342374,0.5199999999995271,-0.3400000000001455,9.065999984741211,0.5199999999995271,-1.6900000000005093,29.901999950408936,1.769999999999527,-1.6900000000005093,59.54099988937378,True
1s-s4-t10,1s,4,MICRO,BUY,1,1790077062.904,1790077202.9859998,2026-09-22T11:37:42.904000+00:00,2026-09-22T11:40:02.986000+00:00,trail,140.08199977874756,4307.01,0.04085990912929049,8.407315085385461,4.199999999999818,-2.1900000000005093,129.07100009918213,2.149999999999636,4.199999999999818,0.9749999999994543,1.8850000000002183,4.264999999999418,6.414999999999964,1.2136363636363636,0.022727272727272728,0.2899999999999636,4.389999999999418,0.022727272727272728,0.06605922551252895,-1.6250000000009095,0.9200000000000728,2.944999999999709,4.214999999999236,1.2155172413793103,-0.19148936170212766,0.4600000000000364,4.5349999999998545,-0.19148936170212766,0.1014332965821502,0.07999999999992724,-0.5799999999999272,9.961000204086304,2.2100000000000364,-0.5799999999999272,29.879000186920166,2.380000000000109,-0.5799999999999272,59.914000272750854,True
1s-s4-t11,1s,4,MICRO,BUY,1,1790077324.903,1790077739.925,2026-09-22T11:42:04.903000+00:00,2026-09-22T11:48:59.925000+00:00,trail,415.021999835968,4318.36,0.04151877516400019,7.032978131543847,4.010000000000218,-2.449999999999818,407.0789999961853,1.7700000000004366,4.010000000000218,0.75,1.8149999999995998,6.760000000000218,8.824999999999818,0.9466950959488273,0.061224489795918366,0.23999999999978172,6.699999999999818,0.061224489795918366,0.035820895522356455,-1.75,-0.7049999999999272,0.8299999999999272,3.574999999999818,1.0211081794195251,-0.10077519379844961,0.38000000000010914,3.735000000000582,-0.10077519379844961,0.10174029451139222,0.31999999999970896,-0.6999999999998181,9.710999965667725,2.0299999999997453,-0.6999999999998181,29.046000003814697,5.079999999999927,-0.6999999999998181,59.07100009918213,True
1s-s4-t12,1s,4,MICRO,BUY,1,1790077899.91,1790078249.833,2026-09-22T11:51:39.910000+00:00,2026-09-22T11:57:29.833000+00:00,trail,349.9229998588562,4330.43,0.04206993690430242,10.629118654726051,4.949999999999818,-0.5900000000001455,313.0589997768402,2.639999999999418,4.949999999999818,2.1850000000004,1.5300000000006548,4.010000000000218,7.594999999999345,0.8633720930232558,0.20408163265306123,0.27000000000043656,4.154999999999745,0.20408163265306123,0.0649819494585928,-0.680000000000291,-0.6950000000006185,-0.5500000000010914,0.9149999999990541,1.1390977443609023,-0.010309278350515464,0.3000000000001819,3.2349999999996726,-0.010309278350515464,0.09273570324581523,0.6900000000005093,0.0,9.148000001907349,0.9600000000000364,-0.5299999999997453,29.128999948501587,0.9600000000000364,-3.9399999999996,58.90700006484985,True
1s-s4-t13,1s,4,SECONDARY,SELL,-1,1790078293.721,1790078642.9190001,2026-09-22T11:58:13.721000+00:00,2026-09-22T12:04:02.919000+00:00,take_profit,349.1980001926422,4329.85,0.04290292165500743,33.3809645489655,8.13000000000011,-1.7599999999993088,349.1980001926422,8.13000000000011,8.13000000000011,-1.680000000000291,-3.7049999999999272,-3.905000000000655,-1.0500000000010914,1.2871287128712872,-0.007751937984496124,0.2599999999993088,4.255000000001019,0.007751937984496124,0.061104582843536204,-0.569999999999709,-1.9699999999993452,-2.149999999999636,-3.929999999998472,0.9536423841059603,-0.16129032258064516,0.2899999999999636,2.359999999998763,0.16129032258064516,0.12288135593225238,0.24000000000069122,-0.27999999999974534,9.065999746322632,2.600000000000364,-0.27999999999974534,29.335000038146973,3.6400000000003274,-0.27999999999974534,59.996999740600586,True
1s-s4-t14,1s,4,MICRO,BUY,1,1790081569.965,1790081656.9689999,2026-09-22T12:52:49.965000+00:00,2026-09-22T12:54:16.969000+00:00,trail,87.00399994850159,4329.48,0.04551892730292154,9.409514974499093,4.190000000000509,-2.699999999999818,66.00699996948242,2.160000000000764,4.190000000000509,2.154999999998836,5.644999999999527,6.154999999998836,6.644999999998618,0.8983666061705989,0.0875,0.2899999999999636,7.480000000000473,0.0875,0.03877005347592851,-0.5299999999988358,1.3450000000011642,4.8200000000006185,9.365000000000691,0.9948586118251928,-0.088,0.27999999999974534,6.849999999999454,-0.088,0.04087591240872521,0.5099999999993088,-2.0600000000004,9.89900016784668,0.5099999999993088,-3.25,29.96500015258789,0.6899999999995998,-3.25,59.94600009918213,True
1s-s4-t15,1s,4,SECONDARY,SELL,-1,1790081739.948,1790081787.968,2026-09-22T12:55:39.948000+00:00,2026-09-22T12:56:27.968000+00:00,emergency_stop,48.019999980926514,4326.71,0.04625633392522913,-30.279505537429035,1.7700000000004366,-6.8400000000001455,35.02999997138977,-6.8400000000001455,1.7700000000004366,-2.519999999999527,-3.5850000000000364,-2.7899999999999636,-4.654999999999745,1.022950819672131,-0.28,0.25,5.630000000000109,0.28,0.044404973357015126,7.8400000000001455,7.085000000000946,3.6350000000002183,3.8549999999995634,1.074468085106383,0.12,0.4899999999997817,8.460000000000946,-0.12,0.057919621749376704,2.5200000000004366,-1.5900000000001455,9.996000051498413,2.5200000000004366,-1.5900000000001455,29.9520001411438,5.690000000000509,-1.5900000000001455,59.68899989128113,True
1s-s4-t16,1s,4,MICRO,BUY,1,1790081889.859,1790081989.981,2026-09-22T12:58:09.859000+00:00,2026-09-22T12:59:49.981000+00:00,trail,100.12199997901917,4331.69,0.04388338399486482,22.752048128503446,6.130000000000109,-0.18999999999959982,72.99500012397766,4.0600000000004,6.130000000000109,1.7799999999988358,4.25,3.039999999999054,6.164999999999054,1.2884012539184952,0.25757575757575757,0.2599999999993088,4.375,0.25757575757575757,0.059428571428413436,-0.19499999999970896,-1.7899999999999636,0.6850000000004002,7.875,0.8414634146341463,0.044444444444444446,0.2899999999999636,2.699999999999818,0.044444444444444446,0.10740740740740116,0.7200000000002547,0.0,8.858999967575073,0.8299999999999272,-1.3599999999996726,29.938000202178955,1.0600000000004002,-1.3599999999996726,59.818000078201294,True
1s-s4-t17,1s,4,SECONDARY,SELL,-1,1790086772.987,1790087024.978,2026-09-22T14:19:32.987000+00:00,2026-09-22T14:23:44.978000+00:00,emergency_stop,251.9909999370575,4312.3,0.0456664207408064,-17.787415523020154,0.02999999999974534,-4.069999999999709,53.69799995422363,-4.069999999999709,0.02999999999974534,-1.0449999999991633,-2.4650000000001455,-3.134999999999309,-4.720000000000255,1.0076335877862594,-0.14942528735632185,0.25,3.4450000000006185,0.14942528735632185,0.07256894049345576,0.5050000000010186,1.5850000000009459,2.0100000000002183,2.4450000000006185,1.196969696969697,0.07894736842105263,0.26999999999952706,2.5800000000008367,-0.07894736842105263,0.10465116279048042,1.3999999999996362,-0.010000000000218279,9.918999910354614,1.430000000000291,-0.010000000000218279,29.754000186920166,1.430000000000291,-0.8800000000001091,59.99199986457825,True
