context,entry_ts,exit_ts,side,entry_path,exit_move_usd,mfe_usd,held_sec,pnl_inr,exit_reason
historical:500ms:seg0,1789573370.218,1789573476.241,BUY,PULLBACK_ACCEPTANCE,-0.9799999999995634,0.0,106.02300000190735,-3.6749999999983625,5
historical:500ms:seg0,1789574392.4889998,1789574468.984,BUY,BREAKOUT_ACCEPTANCE,-1.6700000000000728,1.0399999999999636,76.49500012397766,-6.216470625000291,5
historical:500ms:seg0,1789575172.395,1789575482.951,BUY,BREAKOUT_ACCEPTANCE,1.569999999999709,7.589999999999236,310.55599999427795,5.771027933389571,8
historical:500ms:seg0,1789576721.372,1789577216.452,SELL,BREAKOUT_ACCEPTANCE,0.10999999999967258,5.050000000000182,495.07999992370605,0.4091006347782048,8
historical:500ms:seg0,1789577488.9750001,1789577841.471,SELL,BREAKOUT_ACCEPTANCE,2.4200000000000728,5.869999999999891,352.49599981307983,9.00763914166879,5
historical:500ms:seg0,1789578167.976,1789578538.4899998,SELL,BREAKOUT_ACCEPTANCE,3.1599999999998545,8.550000000000182,370.51399970054626,11.975522240910108,8
historical:500ms:seg0,1789579204.978,1789579309.468,SELL,BREAKOUT_ACCEPTANCE,-4.079999999999927,0.38000000000010914,104.49000000953674,-15.828517671367607,1
historical:500ms:seg0,1789580274.8019998,1789580644.446,BUY,BREAKOUT_ACCEPTANCE,1.449999999999818,3.119999999999891,369.64400029182434,5.453195905490704,5
historical:500ms:seg0,1789580679.443,1789581249.47,BUY,BREAKOUT_ACCEPTANCE,4.020000000000437,8.800000000000182,570.0269999504089,15.282929401431774,8
historical:500ms:seg0,1789581660.943,1789581735.945,BUY,BREAKOUT_ACCEPTANCE,-4.160000000000764,0.6399999999994179,75.0019998550415,-16.291998121195643,1
historical:500ms:seg0,1789582076.499,1789582087.463,BUY,BREAKOUT_ACCEPTANCE,-4.289999999999964,0.0,10.96399998664856,-16.276928022930313,1
historical:500ms:seg0,1789582171.4529998,1789582299.401,BUY,BREAKOUT_ACCEPTANCE,-4.020000000000437,0.0,127.94800019264221,-14.761756599639488,1
historical:500ms:seg0,1789583126.6950002,1789583509.449,SELL,BREAKOUT_ACCEPTANCE,1.800000000000182,4.960000000000036,382.753999710083,6.410458046937404,5
historical:500ms:seg0,1789583804.401,1789584084.968,BUY,BREAKOUT_ACCEPTANCE,-1.449999999999818,0.6899999999995998,280.56699991226196,-5.233693824625507,5
historical:500ms:seg0,1789586030.2499998,1789586314.645,BUY,BREAKOUT_ACCEPTANCE,-0.9000000000005457,1.0299999999997453,284.3950002193451,-3.213172181970932,5
historical:500ms:seg0,1789586478.48,1789586783.373,SELL,BREAKOUT_ACCEPTANCE,0.0500000000001819,1.3299999999999272,304.89299988746643,0.17730462609734945,5
historical:500ms:seg0,1789586892.203,1789587086.985,SELL,BREAKOUT_ACCEPTANCE,-2.610000000000582,0.1499999999996362,194.78199982643127,-9.25877222030589,5
historical:500ms:seg0,1789587514.2849998,1789587658.446,SELL,BREAKOUT_ACCEPTANCE,-2.5600000000004,0.0,144.16100025177002,-8.903632678343854,5
historical:500ms:seg0,1789588199.6569998,1789588502.597,SELL,BREAKOUT_ACCEPTANCE,0.06000000000040018,2.0600000000004,302.94000005722046,0.20467225619476181,5
historical:500ms:seg0,1789588676.96,1789588824.315,BUY,BREAKOUT_ACCEPTANCE,-0.9400000000005093,0.4499999999998181,147.3550000190735,-3.207974953104459,5
historical:500ms:seg0,1789588880.992,1789589146.966,SELL,PULLBACK_ACCEPTANCE,-1.4700000000002547,0.7899999999999636,265.9739999771118,-4.981358864505653,5
historical:500ms:seg0,1789589430.3470001,1789589685.903,SELL,BREAKOUT_ACCEPTANCE,-1.3400000000001455,0.36999999999989086,255.55599999427795,-4.49076787296079,5
historical:500ms:seg0,1789590115.972,1789590294.3409998,SELL,BREAKOUT_ACCEPTANCE,-1.9400000000005093,0.21000000000003638,178.36899995803833,-6.43621878531801,5
historical:500ms:seg0,1789590453.8860002,1789590698.9740002,BUY,BREAKOUT_ACCEPTANCE,-1.0399999999999636,1.0300000000006548,245.0880000591278,-3.4001415845718097,5
historical:500ms:seg0,1789590781.792,1789590971.9539998,BUY,BREAKOUT_ACCEPTANCE,-1.639999999999418,1.1300000000001091,190.1619997024536,-5.31993998802515,5
historical:500ms:seg0,1789591658.9910002,1789591713.978,SELL,BREAKOUT_ACCEPTANCE,-2.0999999999994543,0.0,54.98699975013733,-6.72832922253855,5
historical:500ms:seg0,1789592032.9169998,1789592395.957,BUY,PULLBACK_ACCEPTANCE,15.6899999999996,15.6899999999996,363.0400002002716,49.47847505000189,2
historical:500ms:seg0,1789592535.972,1789592539.9299998,SELL,PULLBACK_ACCEPTANCE,-4.130000000000109,0.0,3.9579999446868896,-14.556566571335315,1
historical:500ms:seg0,1789593110.498,1789593255.959,SELL,BREAKOUT_ACCEPTANCE,3.759999999999309,9.55999999999949,145.4610002040863,12.84197220966403,8
historical:500ms:seg0,1789593941.956,1789593977.4889998,SELL,BREAKOUT_ACCEPTANCE,-4.0,0.8599999999996726,35.532999753952026,-14.046931729764806,1
historical:500ms:seg0,1789594038.96,1789594075.3539999,SELL,BREAKOUT_ACCEPTANCE,-3.050000000000182,0.0,36.39399981498718,-10.389461880627914,5
historical:500ms:seg0,1789594271.925,1789594357.9539998,SELL,BREAKOUT_ACCEPTANCE,12.969999999999345,12.969999999999345,86.02899980545044,43.17012594530926,2
historical:500ms:seg0,1789595456.464,1789595560.458,SELL,BREAKOUT_ACCEPTANCE,12.740000000000691,12.740000000000691,103.99399995803833,46.52948568390471,2
historical:500ms:seg0,1789596424.47,1789596449.481,SELL,BREAKOUT_ACCEPTANCE,0.3099999999994907,6.949999999999818,25.01099991798401,1.240374190948494,8
historical:500ms:seg0,1789596654.4499998,1789596668.473,SELL,PULLBACK_ACCEPTANCE,-4.329999999999927,0.0,14.023000240325928,-17.365507754482387,1
historical:500ms:seg0,1789598477.99,1789598524.498,BUY,BREAKOUT_ACCEPTANCE,-4.239999999999782,2.3400000000001455,46.507999897003174,-16.452338719227992,1
historical:500ms:seg0,1789599008.493,1789599132.956,BUY,PULLBACK_ACCEPTANCE,-4.279999999999745,2.899999999999636,124.46300005912781,-16.079429388974894,1
historical:500ms:seg0,1789618876.3470001,1789619384.8860002,BUY,BREAKOUT_ACCEPTANCE,4.009999999999309,6.969999999999345,508.5390000343323,14.581484023225272,5
historical:500ms:seg0,1789621577.461,1789621976.952,SELL,BREAKOUT_ACCEPTANCE,12.180000000000291,12.180000000000291,399.4909999370575,45.62191268096272,2
historical:500ms:seg0,1789623070.473,1789623546.337,SELL,BREAKOUT_ACCEPTANCE,1.2599999999993088,3.9799999999995634,475.8639998435974,5.150635283207614,5
historical:500ms:seg0,1789623800.498,1789623919.3219998,BUY,BREAKOUT_ACCEPTANCE,-4.100000000000364,0.26999999999952706,118.82399988174438,-16.91838573429569,1
historical:500ms:seg0,1789624063.288,1789624644.96,SELL,BREAKOUT_ACCEPTANCE,3.569999999999709,8.699999999999818,581.6719999313354,14.278385117433864,5
historical:500ms:seg0,1789626621.934,1789626954.4950001,BUY,BREAKOUT_ACCEPTANCE,1.7199999999993452,3.759999999999309,332.5610001087189,7.063413129353454,5
historical:500ms:seg0,1789627340.48,1789627643.227,BUY,BREAKOUT_ACCEPTANCE,-0.06999999999970896,1.430000000000291,302.74699997901917,-0.29117277971433364,5
historical:500ms:seg0,1789635356.447,1789636432.893,BUY,BREAKOUT_ACCEPTANCE,4.8400000000001455,7.279999999999745,1076.4459998607635,20.121948339857465,5
historical:500ms:seg0,1789636480.848,1789636511.4380002,BUY,BREAKOUT_ACCEPTANCE,-1.800000000000182,0.3900000000003274,30.59000015258789,-7.755015519890997,5
historical:500ms:seg0,1789636951.418,1789636996.982,BUY,BREAKOUT_ACCEPTANCE,-2.5700000000006185,0.0,45.56400012969971,-10.92296090147776,5
historical:500ms:seg0,1789637378.2259998,1789637702.4750001,BUY,BREAKOUT_ACCEPTANCE,0.680000000000291,3.8299999999999272,324.2490003108978,2.8344148499885358,5
historical:500ms:seg0,1789638550.681,1789638601.9539998,BUY,BREAKOUT_ACCEPTANCE,-1.6200000000008004,0.5499999999992724,51.27299976348877,-6.787014694812277,5
historical:500ms:seg0,1789639005.136,1789639111.876,BUY,BREAKOUT_ACCEPTANCE,-1.7600000000002183,0.0,106.74000000953674,-7.283958234957594,5
historical:500ms:seg0,1789639560.277,1789640145.223,BUY,BREAKOUT_ACCEPTANCE,12.029999999999745,12.029999999999745,584.9460000991821,49.1303148492323,2
historical:500ms:seg0,1789640816.957,1789641333.452,BUY,BREAKOUT_ACCEPTANCE,4.009999999999309,8.109999999999673,516.4949998855591,17.854365835498694,5
historical:500ms:seg0,1789642086.449,1789642215.7580001,BUY,BREAKOUT_ACCEPTANCE,-3.350000000000364,0.0,129.30900025367737,-15.364332973770926,5
historical:500ms:seg0,1789642575.1139998,1789642782.817,SELL,BREAKOUT_ACCEPTANCE,-3.4700000000002547,0.6000000000003638,207.70300006866455,-15.514840374352577,5
historical:500ms:seg0,1789643476.971,1789643836.987,SELL,BREAKOUT_ACCEPTANCE,1.699999999999818,5.739999999999782,360.0160000324249,7.403116227992047,5
historical:500ms:seg0,1789643950.972,1789644319.472,SELL,BREAKOUT_ACCEPTANCE,0.020000000000436557,2.0900000000001455,368.5,0.08820595247133403,5
historical:500ms:seg0,1789645401.479,1789645839.908,SELL,BREAKOUT_ACCEPTANCE,2.3700000000008004,4.360000000000582,438.42899990081787,10.453973228433636,5
historical:500ms:seg0,1789646346.9689999,1789646407.472,SELL,BREAKOUT_ACCEPTANCE,-2.1299999999991996,0.0,60.503000020980835,-9.562345250403387,5
historical:500ms:seg0,1789646486.8700001,1789647094.98,BUY,BREAKOUT_ACCEPTANCE,0.7899999999999636,2.8499999999994543,608.1099998950958,3.489940638579704,5
historical:500ms:seg0,1789647191.928,1789647250.47,BUY,BREAKOUT_ACCEPTANCE,-2.6400000000003274,0.18999999999959982,58.54200005531311,-11.73168726243121,5
historical:500ms:seg0,1789647573.418,1789647869.9129999,SELL,BREAKOUT_ACCEPTANCE,-0.18000000000029104,0.9899999999997817,296.4949998855591,-0.7840499900899234,5
historical:500ms:seg0,1789648016.7779999,1789648356.9889998,SELL,BREAKOUT_ACCEPTANCE,0.3599999999996726,3.889999999999418,340.2109999656677,1.5659830452026444,5
historical:500ms:seg0,1789649306.387,1789649528.997,SELL,BREAKOUT_ACCEPTANCE,-4.050000000000182,0.07999999999992724,222.60999989509583,-17.664875993544594,1
historical:500ms:seg0,1789653046.049,1789654047.465,BUY,BREAKOUT_ACCEPTANCE,12.089999999999236,12.089999999999236,1001.4159998893738,51.131163483342505,2
historical:500ms:seg0,1789655611.493,1789655764.3260002,SELL,BREAKOUT_ACCEPTANCE,-1.4899999999997817,0.7799999999997453,152.83300018310547,-6.87291544921113,5
historical:500ms:seg0,1789655866.999,1789656007.483,SELL,BREAKOUT_ACCEPTANCE,-1.050000000000182,0.42999999999938154,140.48399996757507,-4.7892054698132895,5
historical:500ms:seg0,1789656044.6,1789656172.82,SELL,BREAKOUT_ACCEPTANCE,-1.7100000000000364,0.0,128.22000002861023,-7.738141633544385,5
historical:500ms:seg0,1789656482.373,1789656932.092,BUY,BREAKOUT_ACCEPTANCE,12.0,12.0,449.7190001010895,53.60631555855448,2
historical:500ms:seg0,1789657066.972,1789657166.99,BUY,PULLBACK_ACCEPTANCE,1.6300000000001091,7.569999999999709,100.01800012588501,7.936861737740842,8
historical:500ms:seg0,1789657248.983,1789657302.9459999,BUY,BREAKOUT_ACCEPTANCE,-4.0600000000004,0.07999999999992724,53.96299982070923,-20.01079317931843,1
historical:500ms:seg0,1789657740.96,1789657744.968,BUY,BREAKOUT_ACCEPTANCE,-0.10999999999967258,0.31999999999970896,4.007999897003174,-0.5256554428483573,5
historical:500ms:seg0,1789658185.2710001,1789658488.9580002,BUY,BREAKOUT_ACCEPTANCE,14.63000000000011,14.63000000000011,303.6870000362396,69.85449635557362,2
historical:500ms:seg0,1789658858.924,1789659003.959,BUY,BREAKOUT_ACCEPTANCE,-4.219999999999345,3.0700000000006185,145.0350000858307,-22.36031207694493,1
historical:500ms:seg0,1789660206.4899998,1789660664.4499998,BUY,PULLBACK_ACCEPTANCE,3.369999999999891,6.660000000000764,457.960000038147,17.29130086090776,5
historical:500ms:seg0,1789660805.488,1789660839.473,SELL,BREAKOUT_ACCEPTANCE,-4.110000000000582,0.46999999999934516,33.985000133514404,-21.621208069614195,1
historical:500ms:seg0,1789661091.457,1789661113.985,SELL,BREAKOUT_ACCEPTANCE,-1.0799999999999272,0.5100000000002183,22.527999877929688,-5.506353546796344,5
historical:500ms:seg0,1789661554.957,1789661692.906,SELL,BREAKOUT_ACCEPTANCE,-4.239999999999782,1.5600000000004002,137.94899988174438,-21.442434103894165,1
historical:500ms:seg0,1789661741.9859998,1789662180.98,BUY,BREAKOUT_ACCEPTANCE,2.3099999999994907,5.819999999999709,438.9940001964569,11.31059067348671,5
historical:500ms:seg0,1789662216.7900002,1789662599.387,SELL,BREAKOUT_ACCEPTANCE,2.2700000000004366,4.110000000000582,382.59699988365173,11.307299095750965,5
historical:500ms:seg0,1789662707.473,1789662743.487,SELL,BREAKOUT_ACCEPTANCE,-3.2100000000000364,0.7199999999993452,36.013999938964844,-16.261840008705548,5
historical:500ms:seg0,1789662797.996,1789662828.926,BUY,BREAKOUT_ACCEPTANCE,-3.699999999999818,0.0,30.930000066757202,-18.292910896832243,5
historical:500ms:seg0,1789662897.648,1789662996.479,BUY,BREAKOUT_ACCEPTANCE,-5.670000000000073,1.9000000000005457,98.83100008964539,-27.254743906016323,1
historical:500ms:seg0,1789663206.9910002,1789663584.756,SELL,BREAKOUT_ACCEPTANCE,-0.28000000000065484,4.479999999999563,377.7649998664856,-1.2886783171098102,5
historical:500ms:seg0,1789664768.461,1789665092.488,BUY,BREAKOUT_ACCEPTANCE,0.9800000000004729,6.780000000000655,324.02699995040894,4.500902324245202,5
historical:500ms:seg0,1789665662.944,1789665748.999,SELL,BREAKOUT_ACCEPTANCE,-4.190000000000509,0.0,86.0550000667572,-19.385094670417573,1
historical:500ms:seg0,1789666005.965,1789666049.368,BUY,BREAKOUT_ACCEPTANCE,-3.4799999999995634,0.0,43.40300011634827,-15.594318588299421,5
historical:500ms:seg0,1789666327.4499998,1789666499.385,SELL,BREAKOUT_ACCEPTANCE,-2.5999999999994543,2.360000000000582,171.93500018119812,-11.346838468440602,5
historical:500ms:seg0,1789666799.9910002,1789667100.348,SELL,BREAKOUT_ACCEPTANCE,-0.3999999999996362,1.4400000000005093,300.356999874115,-1.7116269412766574,5
historical:500ms:seg0,1789667460.959,1789667509.871,SELL,BREAKOUT_ACCEPTANCE,-2.380000000000109,0.0,48.91199994087219,-10.153627759704051,5
historical:500ms:seg0,1789667769.4910002,1789668158.39,SELL,BREAKOUT_ACCEPTANCE,0.410000000000764,2.5900000000001455,388.8989999294281,1.7179319566078546,5
historical:500ms:seg0,1789668894.95,1789669246.916,BUY,BREAKOUT_ACCEPTANCE,-0.6599999999998545,2.119999999999891,351.96599984169006,-2.7739552055237953,5
historical:500ms:seg0,1789670131.733,1789670824.465,BUY,BREAKOUT_ACCEPTANCE,3.6899999999996,5.850000000000364,692.731999874115,15.43216216602646,5
historical:500ms:seg0,1789671570.6569998,1789671868.316,BUY,PULLBACK_ACCEPTANCE,-0.25,3.0,297.65900015830994,-1.0744747462041273,5
historical:500ms:seg0,1789673162.966,1789673398.915,SELL,BREAKOUT_ACCEPTANCE,-3.2000000000007276,0.8099999999994907,235.94899988174438,-13.727489357507052,5
historical:500ms:seg0,1789673615.3260002,1789673943.907,SELL,PULLBACK_ACCEPTANCE,1.6400000000003274,3.430000000000291,328.5809998512268,6.866490176624799,5
historical:500ms:seg0,1789674174.997,1789674234.8769999,SELL,BREAKOUT_ACCEPTANCE,-0.6399999999994179,0.21000000000003638,59.87999987602234,-2.7125650754300836,5
historical:500ms:seg0,1789674660.191,1789674823.1299999,SELL,PULLBACK_ACCEPTANCE,-2.980000000000473,0.1499999999996362,162.93899989128113,-12.569755303048948,5
historical:500ms:seg0,1789678090.4689999,1789678232.972,SELL,BREAKOUT_ACCEPTANCE,-1.2299999999995634,0.27000000000043656,142.50300002098083,-5.072231598853664,5
historical:500ms:seg0,1789680606.487,1789681137.875,SELL,BREAKOUT_ACCEPTANCE,3.9000000000005457,6.8100000000004,531.3880000114441,15.93432278308235,5
historical:500ms:seg0,1789681578.984,1789681689.411,SELL,BREAKOUT_ACCEPTANCE,-1.7299999999995634,0.0,110.42700004577637,-7.275049995731379,5
historical:500ms:seg0,1789681872.999,1789681883.277,SELL,BREAKOUT_ACCEPTANCE,-0.6999999999998181,0.0,10.277999877929688,-2.9054678355061934,5
historical:500ms:seg0,1789682508.922,1789682795.4099998,BUY,BREAKOUT_ACCEPTANCE,-0.9799999999995634,0.0,286.48799991607666,-4.0462997811169545,5
historical:500ms:seg0,1789705286.854,1789705512.924,BUY,BREAKOUT_ACCEPTANCE,-2.8599999999996726,0.13000000000010914,226.0699999332428,-11.721796026836197,5
historical:500ms:seg0,1789705920.411,1789706281.927,SELL,BREAKOUT_ACCEPTANCE,2.639999999999418,6.199999999999818,361.5160000324249,10.588027848054805,5
historical:500ms:seg0,1789706390.994,1789706854.891,SELL,BREAKOUT_ACCEPTANCE,0.0500000000001819,4.150000000000546,463.8970000743866,0.20450134089939215,5
historical:500ms:seg0,1789707629.908,1789707876.385,SELL,BREAKOUT_ACCEPTANCE,-1.6300000000001091,0.6900000000005093,246.47699999809265,-6.669243742188873,5
historical:500ms:seg0,1789708566.272,1789708673.404,BUY,BREAKOUT_ACCEPTANCE,-2.480000000000473,0.41999999999916326,107.13199996948242,-10.023022299910876,5
historical:500ms:seg0,1789712285.2910001,1789712808.476,SELL,PULLBACK_ACCEPTANCE,0.21000000000003638,3.399999999999636,523.1849999427795,0.8329374023700762,5
historical:500ms:seg0,1789713300.9859998,1789714215.345,BUY,BREAKOUT_ACCEPTANCE,6.520000000000437,9.3700000000008,914.3590002059937,25.901453798272655,5
historical:500ms:seg0,1789721887.371,1789722322.498,BUY,BREAKOUT_ACCEPTANCE,5.519999999999527,11.680000000000291,435.1269998550415,23.0011583722857,5
historical:500ms:seg0,1789722616.289,1789722912.4329998,BUY,BREAKOUT_ACCEPTANCE,-0.569999999999709,0.9200000000000728,296.1439998149872,-2.473449566569964,5
historical:500ms:seg0,1789723465.4529998,1789723817.471,BUY,BREAKOUT_ACCEPTANCE,0.7299999999995634,2.5299999999997453,352.018000125885,3.1542090629141173,5
historical:500ms:seg0,1789724461.6169999,1789724820.4659998,BUY,BREAKOUT_ACCEPTANCE,0.25,0.9600000000000364,358.8489999771118,1.0861227251833763,5
historical:500ms:seg0,1789726059.296,1789726215.155,BUY,BREAKOUT_ACCEPTANCE,-1.4700000000002547,1.4099999999998545,155.85899996757507,-6.398376127124508,5
historical:500ms:seg0,1789726467.444,1789726615.278,SELL,BREAKOUT_ACCEPTANCE,-3.369999999999891,0.030000000000654836,147.83400011062622,-14.506667130737378,5
historical:500ms:seg0,1789727464.94,1789727510.4950001,BUY,BREAKOUT_ACCEPTANCE,-4.039999999999964,0.0,45.5550000667572,-16.95122994682305,1
historical:500ms:seg0,1789728038.908,1789728132.487,SELL,BREAKOUT_ACCEPTANCE,-2.4200000000000728,0.7899999999999636,93.5789999961853,-9.846289748572424,5
historical:500ms:seg0,1789730945.569,1789731283.302,SELL,BREAKOUT_ACCEPTANCE,0.010000000000218279,1.8299999999999272,337.7330000400543,0.039948675991101495,5
historical:500ms:seg0,1789732610.487,1789732776.98,BUY,BREAKOUT_ACCEPTANCE,-1.7799999999997453,0.0,166.49300003051758,-7.111397641084315,5
historical:500ms:seg0,1789733063.3379998,1789733845.23,BUY,BREAKOUT_ACCEPTANCE,-1.6400000000003274,2.7700000000004366,781.8920001983643,-6.464604040128282,5
historical:500ms:seg0,1789735453.976,1789735828.4259999,SELL,BREAKOUT_ACCEPTANCE,1.7799999999997453,3.9899999999997817,374.44999980926514,6.930158018640154,5
historical:500ms:seg1,1789741745.9689999,1789741950.4659998,SELL,BREAKOUT_ACCEPTANCE,-1.9799999999995634,1.6200000000008004,204.49699997901917,-7.424999999998362,5
historical:500ms:seg1,1789742170.467,1789742280.464,BUY,BREAKOUT_ACCEPTANCE,-2.8499999999994543,0.0,109.99699997901917,-10.528790624998019,5
historical:500ms:seg1,1789742587.402,1789742919.429,SELL,PULLBACK_ACCEPTANCE,0.13999999999941792,1.7399999999997817,332.02699995040894,0.5061485198416494,5
historical:500ms:seg1,1789743093.981,1789743377.9299998,SELL,BREAKOUT_ACCEPTANCE,-1.2100000000000364,0.42000000000007276,283.9489998817444,-4.3791626478958525,5
historical:500ms:seg1,1789743567.257,1789743779.976,BUY,BREAKOUT_ACCEPTANCE,-4.210000000000036,2.3900000000003274,212.71900010108948,-15.098318639922558,1
historical:500ms:seg1,1789743964.4940002,1789744166.391,SELL,BREAKOUT_ACCEPTANCE,-0.9600000000000364,1.5,201.89699983596802,-3.33413911157072,5
historical:500ms:seg1,1789744811.4889998,1789745228.9859998,SELL,BREAKOUT_ACCEPTANCE,12.460000000000036,12.460000000000036,417.49699997901917,42.962771918950494,2
historical:500ms:seg1,1789745261.4350002,1789745318.4550002,SELL,PULLBACK_ACCEPTANCE,-4.0600000000004,0.0,57.019999980926514,-15.307321861670193,1
historical:500ms:seg1,1789746099.742,1789746241.924,SELL,BREAKOUT_ACCEPTANCE,-2.100000000000364,1.0499999999992724,142.1819999217987,-7.67648995395693,5
historical:500ms:seg1,1789747213.9750001,1789747341.9950001,BUY,BREAKOUT_ACCEPTANCE,-3.380000000000109,2.4099999999998545,128.0199999809265,-12.160894334129452,5
historical:500ms:seg1,1789748479.904,1789748913.3980002,SELL,BREAKOUT_ACCEPTANCE,1.2600000000002183,4.539999999999964,433.4940001964569,4.418430690851709,5
historical:500ms:seg1,1789749098.9180002,1789749538.979,SELL,BREAKOUT_ACCEPTANCE,3.5100000000002183,8.390000000000327,440.0609998703003,12.424800683879356,8
historical:500ms:seg1,1789750300.976,1789750358.4899998,SELL,BREAKOUT_ACCEPTANCE,-4.050000000000182,0.0,57.513999700546265,-14.713711802171861,1
historical:500ms:seg1,1789750434.473,1789750737.3009999,SELL,BREAKOUT_ACCEPTANCE,0.7399999999997817,3.2899999999999636,302.827999830246,2.6067701917457424,5
historical:500ms:seg1,1789751983.458,1789752189.231,SELL,BREAKOUT_ACCEPTANCE,-4.079999999999927,3.7799999999997453,205.77300000190735,-14.452229846685766,1
historical:500ms:seg1,1789752547.375,1789752814.8009999,SELL,PULLBACK_ACCEPTANCE,-2.6099999999996726,1.0600000000004002,267.42599987983704,-8.962274046791796,5
historical:500ms:seg1,1789753584.9390001,1789753623.4910002,BUY,BREAKOUT_ACCEPTANCE,-2.5200000000004366,0.0,38.55200004577637,-8.483843134661994,5
historical:500ms:seg1,1789753786.348,1789754157.972,BUY,BREAKOUT_ACCEPTANCE,1.5999999999994543,5.849999999999454,371.62399983406067,5.284760952007983,5
historical:500ms:seg1,1789754979.8609998,1789755272.203,SELL,BREAKOUT_ACCEPTANCE,-1.1700000000000728,2.9700000000002547,292.342000246048,-3.910855223511269,5
historical:500ms:seg1,1789755341.4550002,1789755653.822,BUY,BREAKOUT_ACCEPTANCE,-0.13000000000010914,1.660000000000764,312.36699986457825,-0.43072638543644093,5
historical:500ms:seg1,1789756173.98,1789756312.451,BUY,BREAKOUT_ACCEPTANCE,-1.1899999999995998,0.6900000000005093,138.47099995613098,-3.938958833692766,5
historical:500ms:seg1,1789756728.458,1789757036.499,SELL,BREAKOUT_ACCEPTANCE,-0.8599999999996726,3.5,308.04100012779236,-2.8212362339896058,5
historical:500ms:seg1,1789757080.46,1789757417.4060001,BUY,BREAKOUT_ACCEPTANCE,-0.9200000000000728,1.4799999999995634,336.94600009918213,-2.9986001389059713,5
historical:500ms:seg1,1789757678.648,1789757802.9750001,SELL,BREAKOUT_ACCEPTANCE,-3.389999999999418,0.3900000000003274,124.3270001411438,-10.972950233738645,5
historical:500ms:seg1,1789758575.873,1789758856.488,BUY,PULLBACK_ACCEPTANCE,0.5500000000001819,4.940000000000509,280.61500000953674,1.7350087421027123,8
historical:500ms:seg1,1789758969.984,1789759030.978,BUY,BREAKOUT_ACCEPTANCE,-1.139999999999418,0.3100000000004002,60.99399995803833,-3.611034262918476,5
historical:500ms:seg1,1789759143.4940002,1789759617.997,BUY,BREAKOUT_ACCEPTANCE,3.6599999999998545,6.3400000000001455,474.50299978256226,11.494197637805561,5
historical:500ms:seg1,1789759768.276,1789760133.96,BUY,BREAKOUT_ACCEPTANCE,2.7899999999999636,7.380000000000109,365.6840000152588,9.002486416029651,8
historical:500ms:seg1,1789761615.259,1789761738.4220002,BUY,BREAKOUT_ACCEPTANCE,-1.819999999999709,0.8299999999999272,123.16300010681152,-5.995473644658196,5
historical:500ms:seg1,1789761807.9129999,1789762122.7150002,BUY,BREAKOUT_ACCEPTANCE,0.2600000000002183,1.0900000000001455,314.80200028419495,0.8448050613449335,5
historical:500ms:seg1,1789763209.432,1789763515.4529998,BUY,PULLBACK_ACCEPTANCE,0.10999999999967258,1.3999999999996362,306.02099990844727,0.3581144901278693,5
historical:500ms:seg1,1789763595.416,1789764006.909,BUY,BREAKOUT_ACCEPTANCE,3.6099999999996726,7.130000000000109,411.4930000305176,11.762362398596022,5
historical:500ms:seg1,1789764178.427,1789764198.412,BUY,BREAKOUT_ACCEPTANCE,-2.9500000000007276,0.0,19.984999895095825,-9.872145059168712,5
historical:500ms:seg1,1789764635.404,1789764686.318,BUY,BREAKOUT_ACCEPTANCE,-2.399999999999636,0.0,50.914000034332275,-7.853877030289389,5
historical:500ms:seg1,1789767052.4529998,1789767408.607,SELL,BREAKOUT_ACCEPTANCE,0.5599999999994907,0.9399999999995998,356.1540002822876,1.79958502353895,5
historical:500ms:seg1,1789767529.256,1789768061.9129999,SELL,BREAKOUT_ACCEPTANCE,2.519999999999527,5.3400000000001455,532.6569998264313,8.132144762875999,5
historical:500ms:seg1,1789768502.8830001,1789768641.5740001,SELL,BREAKOUT_ACCEPTANCE,-1.7200000000002547,0.0,138.6909999847412,-5.6554161722631076,5
historical:500ms:seg1,1789769532.907,1789769640.459,BUY,BREAKOUT_ACCEPTANCE,-2.630000000000109,0.0,107.55200004577637,-8.53597280731047,5
historical:500ms:seg2,1789770362.4499998,1789770881.449,SELL,BREAKOUT_ACCEPTANCE,-0.9499999999998181,1.3200000000006185,518.9990000724792,-3.562499999999318,5
historical:500ms:seg2,1789963664.521,1789963940.188,BUY,BREAKOUT_ACCEPTANCE,-2.7100000000000364,1.050000000000182,275.6670000553131,-10.090092187500147,5
historical:500ms:seg2,1789965672.464,1789965747.4620001,BUY,BREAKOUT_ACCEPTANCE,-2.380000000000109,0.0,74.9980001449585,-8.681301229453533,5
historical:500ms:seg2,1789967139.973,1789967207.875,SELL,BREAKOUT_ACCEPTANCE,-0.2999999999992724,1.3800000000001091,67.90199995040894,-1.0747487398092492,5
historical:500ms:seg2,1789967412.964,1789968364.9190001,SELL,BREAKOUT_ACCEPTANCE,8.38000000000011,11.549999999999272,951.9550001621246,29.953766840447884,5
historical:500ms:seg2,1789969254.263,1789969421.795,SELL,BREAKOUT_ACCEPTANCE,-4.0900000000001455,0.7100000000000364,167.53200006484985,-15.53827169967261,1
historical:500ms:seg2,1789980313.492,1789980643.7459998,SELL,BREAKOUT_ACCEPTANCE,0.3100000000004002,1.9400000000005093,330.253999710083,1.1415909331893037,5
historical:500ms:seg2,1789981176.259,1789981288.152,SELL,BREAKOUT_ACCEPTANCE,-1.8699999999998909,1.0399999999999636,111.89299988746643,-6.90238192593836,5
historical:500ms:seg2,1789981453.47,1789981493.865,SELL,BREAKOUT_ACCEPTANCE,-1.5100000000002183,0.1500000000005457,40.394999980926514,-5.4954116520518586,5
historical:500ms:seg2,1789984595.971,1789984679.334,BUY,BREAKOUT_ACCEPTANCE,-0.8800000000001091,0.47000000000025466,83.36300015449524,-3.166354292239192,5
historical:500ms:seg2,1789984857.952,1789984947.414,SELL,BREAKOUT_ACCEPTANCE,-4.140000000000327,0.47000000000025466,89.46200013160706,-14.79794239225968,1
historical:500ms:seg2,1789985178.464,1789985307.407,BUY,BREAKOUT_ACCEPTANCE,-1.7799999999997453,0.0,128.9430000782013,-6.16484782128954,5
historical:500ms:seg2,1789985442.484,1789985672.96,SELL,BREAKOUT_ACCEPTANCE,-2.3299999999999272,3.819999999999709,230.4760000705719,-7.961985814438829,5
historical:500ms:seg2,1789985819.4750001,1789986006.773,BUY,BREAKOUT_ACCEPTANCE,-1.3200000000006185,0.8000000000001819,187.2979998588562,-4.431829248190026,5
historical:500ms:seg2,1789988301.484,1789988553.9740002,SELL,PULLBACK_ACCEPTANCE,-2.1400000000003274,1.3999999999996362,252.49000024795532,-7.1138044368723445,5
historical:500ms:seg2,1789993728.973,1789994227.9750001,SELL,BREAKOUT_ACCEPTANCE,4.789999999999964,8.610000000000582,499.0020000934601,15.667391366546045,5
historical:500ms:seg3,1790004013.754,1790004463.48,SELL,BREAKOUT_ACCEPTANCE,12.279999999999745,12.279999999999745,449.7260000705719,46.049999999999045,2
historical:500ms:seg3,1790005014.267,1790005180.4550002,SELL,BREAKOUT_ACCEPTANCE,-4.289999999999964,1.110000000000582,166.18800020217896,-17.56915874999982,1
historical:500ms:seg3,1790006614.964,1790006733.447,SELL,BREAKOUT_ACCEPTANCE,-2.9000000000005457,0.6599999999998545,118.48300004005432,-11.494458297189647,5
historical:500ms:seg3,1790006953.978,1790007252.925,BUY,BREAKOUT_ACCEPTANCE,-0.3400000000001455,0.5200000000004366,298.9470000267029,-1.3183152765302286,5
historical:500ms:seg3,1790007732.745,1790007761.937,BUY,BREAKOUT_ACCEPTANCE,-2.719999999999345,0.0,29.192000150680542,-10.519628580593563,5
historical:500ms:seg3,1790008345.901,1790008658.9889998,SELL,BREAKOUT_ACCEPTANCE,0.6400000000003274,4.520000000000437,313.08799982070923,2.4247125076605323,5
historical:500ms:seg3,1790008984.951,1790009045.98,SELL,BREAKOUT_ACCEPTANCE,-2.5900000000001455,0.3500000000003638,61.02900004386902,-9.859608469895555,5
historical:500ms:seg3,1790009708.391,1790010208.927,SELL,BREAKOUT_ACCEPTANCE,12.0,12.0,500.53600001335144,44.79421888201056,2
historical:500ms:seg3,1790010219.486,1790010274.944,SELL,BREAKOUT_ACCEPTANCE,0.0999999999994543,7.119999999999891,55.45799994468689,0.40688082150937555,8
historical:500ms:seg3,1790017800.497,1790017933.96,BUY,BREAKOUT_ACCEPTANCE,-1.4399999999995998,0.8000000000001819,133.4630000591278,-5.863478142637653,5
historical:500ms:seg3,1790018368.976,1790018519.277,BUY,BREAKOUT_ACCEPTANCE,-2.550000000000182,0.36999999999989086,150.30099987983704,-10.271103524779852,5
historical:500ms:seg3,1790047334.34,1790047402.964,SELL,BREAKOUT_ACCEPTANCE,-3.3400000000001455,0.0,68.62400007247925,-13.195840532297883,5
historical:500ms:seg4,1790052417.972,1790052764.0089998,SELL,PULLBACK_ACCEPTANCE,-0.1499999999996362,3.930000000000291,346.0369999408722,-0.5624999999986358,5
recent24h:500ms:seg0,1790191804.972,1790192132.808,BUY,BREAKOUT_ACCEPTANCE,-0.2899999999999636,1.1200000000008004,327.8360002040863,-1.0874999999998636,5
recent24h:500ms:seg0,1790192197.468,1790192477.296,BUY,BREAKOUT_ACCEPTANCE,-1.180000000000291,0.8900000000003274,279.82800006866455,-4.41537562500109,5
recent24h:500ms:seg0,1790192978.652,1790193046.484,SELL,BREAKOUT_ACCEPTANCE,-2.3299999999999272,0.6000000000003638,67.83200001716614,-8.641337248452839,5
recent24h:500ms:seg0,1790193122.471,1790193264.9180002,SELL,BREAKOUT_ACCEPTANCE,-3.0399999999999636,1.3400000000001455,142.44700026512146,-11.07751194648512,5
recent24h:500ms:seg0,1790193527.3270001,1790193708.479,BUY,BREAKOUT_ACCEPTANCE,-1.2599999999993088,0.030000000000654836,181.15199995040894,-4.486654700449116,5
recent24h:500ms:seg0,1790193731.472,1790193791.484,SELL,BREAKOUT_ACCEPTANCE,0.3099999999994907,4.599999999999454,60.01200008392334,1.0934280176133013,8
recent24h:500ms:seg0,1790194549.987,1790194664.993,SELL,BREAKOUT_ACCEPTANCE,-1.1599999999998545,0.9299999999993815,115.00600004196167,-4.101049921925346,5
recent24h:500ms:seg0,1790194895.916,1790195157.78,BUY,BREAKOUT_ACCEPTANCE,-1.7100000000000364,0.21000000000003638,261.864000082016,-5.99291728172835,5
recent24h:500ms:seg0,1790195520.95,1790195820.978,SELL,BREAKOUT_ACCEPTANCE,-0.6099999999996726,1.0,300.0279998779297,-2.1104066969169573,5
recent24h:500ms:seg0,1790195836.375,1790195931.964,BUY,BREAKOUT_ACCEPTANCE,-1.9400000000005093,0.0,95.58899998664856,-6.681078815383079,5
recent24h:500ms:seg0,1790195965.4099998,1790196051.452,SELL,BREAKOUT_ACCEPTANCE,-1.6799999999993815,2.6200000000008004,86.04200005531311,-5.701494906841922,5
recent24h:500ms:seg0,1790196186.46,1790196691.255,BUY,PULLBACK_ACCEPTANCE,1.699999999999818,3.7200000000002547,504.79500007629395,5.696675786148368,5
recent24h:500ms:seg0,1790197272.458,1790197392.869,BUY,BREAKOUT_ACCEPTANCE,-2.3099999999994907,0.18000000000029104,120.41100001335144,-7.839472005642785,5
recent24h:500ms:seg0,1790198854.387,1790199111.966,SELL,BREAKOUT_ACCEPTANCE,-0.7299999999995634,2.430000000000291,257.5789999961853,-2.4344877929843145,5
recent24h:500ms:seg0,1790199912.4540002,1790200106.29,SELL,BREAKOUT_ACCEPTANCE,-1.980000000000473,0.2899999999999636,193.83599972724915,-6.566979130401538,5
recent24h:500ms:seg0,1790200541.467,1790200841.9529998,BUY,BREAKOUT_ACCEPTANCE,-0.3000000000001819,1.1499999999996362,300.4859998226166,-0.9802211348965804,5
recent24h:500ms:seg0,1790203082.952,1790203297.458,SELL,BREAKOUT_ACCEPTANCE,-3.530000000000655,0.02999999999974534,214.50600004196167,-11.507983999398515,5
recent24h:500ms:seg0,1790203737.88,1790203958.468,BUY,BREAKOUT_ACCEPTANCE,-0.09000000000014552,0.9000000000005457,220.58799982070923,-0.28563680200360847,5
recent24h:500ms:seg0,1790204097.9169998,1790204380.971,SELL,BREAKOUT_ACCEPTANCE,-1.2399999999997817,0.9200000000000728,283.05400013923645,-3.9327839608951387,5
recent24h:500ms:seg0,1790225849.967,1790226546.4540002,SELL,BREAKOUT_ACCEPTANCE,5.630000000000109,7.059999999999491,696.4870002269745,17.690046019706003,5
recent24h:500ms:seg0,1790227162.692,1790227230.451,BUY,BREAKOUT_ACCEPTANCE,-2.5,0.0,67.7590000629425,-8.186948584763654,5
recent24h:500ms:seg0,1790227944.424,1790228304.9740002,BUY,BREAKOUT_ACCEPTANCE,2.3400000000001455,3.600000000000364,360.55000019073486,7.519302927676645,5
recent24h:500ms:seg0,1790228520.9550002,1790228665.717,BUY,BREAKOUT_ACCEPTANCE,-1.6300000000001091,0.5399999999999636,144.76199984550476,-5.32972850910837,5
recent24h:500ms:seg0,1790229920.174,1790230319.981,SELL,BREAKOUT_ACCEPTANCE,2.6599999999998545,3.6599999999998545,399.8069999217987,8.59126567957246,5
recent24h:500ms:seg0,1790240178.967,1790240417.971,SELL,BREAKOUT_ACCEPTANCE,-2.5,0.7599999999993088,239.0039999485016,-8.235584050639476,5
recent24h:500ms:seg0,1790241371.7710001,1790241527.36,SELL,BREAKOUT_ACCEPTANCE,-3.600000000000364,0.0,155.58899974822998,-11.636880263554755,5
recent24h:500ms:seg0,1790241663.963,1790241852.451,BUY,BREAKOUT_ACCEPTANCE,-1.4400000000005093,0.6299999999991996,188.48799991607666,-4.529073798576641,5
recent24h:500ms:seg0,1790242393.44,1790242513.486,SELL,BREAKOUT_ACCEPTANCE,-0.36999999999989086,0.9600000000000364,120.0460000038147,-1.1511521712313637,5
recent24h:500ms:seg0,1790242625.464,1790242860.4129999,SELL,BREAKOUT_ACCEPTANCE,-2.6299999999991996,1.1500000000005457,234.94899988174438,-8.1598076054183,5
recent24h:500ms:seg0,1790243173.39,1790243458.4819999,SELL,BREAKOUT_ACCEPTANCE,-1.430000000000291,1.1599999999998545,285.0919997692108,-4.349187537102629,5
recent24h:500ms:seg0,1790244362.492,1790244643.993,BUY,BREAKOUT_ACCEPTANCE,-1.639999999999418,1.2000000000007276,281.50099992752075,-4.9343844064715086,5
recent24h:500ms:seg0,1790244961.9539998,1790245088.685,BUY,BREAKOUT_ACCEPTANCE,-1.3999999999996362,1.8800000000001091,126.73100018501282,-4.160468335110581,5
recent24h:500ms:seg0,1790245791.446,1790246066.9980001,BUY,BREAKOUT_ACCEPTANCE,-1.7700000000004366,2.800000000000182,275.55200004577637,-5.204790463672435,5
recent24h:500ms:seg0,1790246503.808,1790246716.663,SELL,BREAKOUT_ACCEPTANCE,-2.7200000000002547,1.0399999999999636,212.8550000190735,-7.892144343008222,5
recent24h:500ms:seg0,1790249077.4819999,1790249389.451,SELL,BREAKOUT_ACCEPTANCE,1.6799999999993815,3.5499999999992724,311.9690001010895,4.775118722545667,5
recent24h:500ms:seg0,1790249840.447,1790249935.464,SELL,PULLBACK_ACCEPTANCE,-4.019999999999527,0.0,95.01699995994568,-11.570146772721868,1
recent24h:500ms:seg0,1790250807.997,1790251203.485,SELL,BREAKOUT_ACCEPTANCE,2.149999999999636,2.9099999999998545,395.48799991607666,6.001445204521419,5
recent24h:500ms:seg0,1790252475.4550002,1790252512.766,SELL,BREAKOUT_ACCEPTANCE,-1.0,0.0,37.31099987030029,-2.8363807016024842,5
recent24h:500ms:seg0,1790252648.471,1790252680.416,BUY,BREAKOUT_ACCEPTANCE,-3.0499999999992724,0.0,31.944999933242798,-8.586078931336372,5
recent24h:500ms:seg0,1790252967.095,1790253151.467,SELL,BREAKOUT_ACCEPTANCE,-4.150000000000546,1.3599999999996726,184.37199997901917,-11.415455855576589,1
recent24h:500ms:seg0,1790253480.979,1790253559.496,SELL,BREAKOUT_ACCEPTANCE,-1.680000000000291,0.5799999999999272,78.51699995994568,-4.477361843537656,5
recent24h:500ms:seg0,1790253709.9139998,1790254056.477,SELL,BREAKOUT_ACCEPTANCE,0.7699999999995271,3.8400000000001455,346.56300020217896,2.0262674136400616,5
recent24h:500ms:seg0,1790256910.94,1790257399.9889998,BUY,BREAKOUT_ACCEPTANCE,4.739999999999782,6.980000000000473,489.04899978637695,12.545420222995615,5
recent24h:500ms:seg0,1790258925.71,1790259008.941,SELL,BREAKOUT_ACCEPTANCE,-1.4700000000002547,1.980000000000473,83.23099994659424,-4.028981554964374,5
recent24h:500ms:seg0,1790259632.9689999,1790259957.464,BUY,BREAKOUT_ACCEPTANCE,-0.1000000000003638,2.180000000000291,324.49500012397766,-0.2710586417234482,5
recent24h:500ms:seg0,1790260020.963,1790260039.7900002,BUY,BREAKOUT_ACCEPTANCE,-2.5599999999994907,0.0,18.8270001411438,-6.9338969021725605,5
recent24h:500ms:seg0,1790261983.471,1790262114.476,BUY,BREAKOUT_ACCEPTANCE,-4.230000000000473,0.0,131.00500011444092,-11.237203330231303,1
recent24h:500ms:seg0,1790262517.985,1790263105.8899999,BUY,BREAKOUT_ACCEPTANCE,3.5900000000001455,5.739999999999782,587.9049999713898,9.234450110150886,5
recent24h:500ms:seg0,1790264455.486,1790265470.924,BUY,PULLBACK_ACCEPTANCE,12.280000000000655,12.280000000000655,1015.4379999637604,32.437971226357845,2
recent24h:500ms:seg0,1790267681.457,1790267934.972,SELL,BREAKOUT_ACCEPTANCE,-0.9899999999997817,2.1700000000000728,253.5149998664856,-2.855965251834927,5
recent24h:500ms:seg0,1790268711.459,1790269137.966,SELL,BREAKOUT_ACCEPTANCE,1.5200000000004366,3.4899999999997817,426.5069999694824,4.352358342382904,5
recent24h:500ms:seg0,1790269641.916,1790269770.972,BUY,BREAKOUT_ACCEPTANCE,-1.360000000000582,1.8099999999994907,129.05599999427795,-3.9386094140670505,5
recent24h:500ms:seg0,1790270392.752,1790270710.463,SELL,BREAKOUT_ACCEPTANCE,0.9899999999997817,3.3400000000001455,317.7109999656677,2.8378317956328023,5
recent24h:500ms:seg0,1790270869.979,1790271034.499,BUY,BREAKOUT_ACCEPTANCE,-4.1599999999998545,1.7600000000002183,164.5199999809265,-12.013166887210252,1
recent24h:500ms:seg0,1790271182.447,1790271422.8979998,SELL,BREAKOUT_ACCEPTANCE,-1.7999999999992724,3.2600000000002183,240.4509997367859,-5.035827150140628,5
recent24h:500ms:seg0,1790272521.477,1790273272.456,SELL,BREAKOUT_ACCEPTANCE,6.0600000000004,8.159999999999854,750.9790000915527,16.725073061507512,5
recent24h:500ms:seg0,1790273600.487,1790273765.996,SELL,BREAKOUT_ACCEPTANCE,-5.5700000000006185,2.0399999999999636,165.5090000629425,-16.0714055958906,1
recent24h:500ms:seg0,1790274452.461,1790274793.4689999,SELL,BREAKOUT_ACCEPTANCE,-0.15999999999985448,3.2700000000004366,341.0079998970032,-0.44237048839085036,5
recent24h:500ms:seg0,1790274907.963,1790274959.9390001,SELL,PULLBACK_ACCEPTANCE,-2.319999999999709,0.0,51.9760000705719,-6.40667483517436,5
recent24h:500ms:seg0,1790275078.488,1790275583.9459999,BUY,BREAKOUT_ACCEPTANCE,1.6300000000001091,4.350000000000364,505.4579999446869,4.422919771405598,5
recent24h:500ms:seg0,1790275639.984,1790275748.4620001,BUY,BREAKOUT_ACCEPTANCE,-2.9099999999998545,0.0,108.47800016403198,-7.992663067439624,5
recent24h:500ms:seg0,1790275865.471,1790276128.904,BUY,BREAKOUT_ACCEPTANCE,-2.369999999999891,1.7100000000000364,263.43300008773804,-6.36741889158176,5
current7d:500ms:seg0,1790694668.968,1790694926.4899998,SELL,BREAKOUT_ACCEPTANCE,-2.3400000000001455,1.569999999999709,257.521999835968,-8.775000000000546,5
current7d:500ms:seg0,1790695373.367,1790695537.982,SELL,PULLBACK_ACCEPTANCE,-2.300000000000182,1.3699999999998909,164.61500000953674,-8.47363125000066,5
current7d:500ms:seg0,1790695771.4940002,1790696210.752,BUY,BREAKOUT_ACCEPTANCE,0.8599999999996726,4.359999999999673,439.2579998970032,3.1137463284363065,5
current7d:500ms:seg0,1790696358.993,1790696629.5939999,SELL,BREAKOUT_ACCEPTANCE,-2.2899999999999636,2.2399999999997817,270.6009998321533,-8.34473335147199,5
current7d:500ms:seg0,1790696671.456,1790696729.4499998,BUY,BREAKOUT_ACCEPTANCE,-3.869999999999891,0.8599999999996726,57.99399971961975,-13.860029079624713,5
current7d:500ms:seg0,1790698029.9139998,1790698316.978,BUY,BREAKOUT_ACCEPTANCE,-1.550000000000182,1.769999999999527,287.0640001296997,-5.3900515995259415,5
current7d:500ms:seg0,1790698604.412,1790698747.498,BUY,BREAKOUT_ACCEPTANCE,-2.4500000000007276,0.0,143.08599996566772,-8.420716781756056,5
current7d:500ms:seg0,1790699057.493,1790699120.277,BUY,BREAKOUT_ACCEPTANCE,-1.800000000000182,0.0,62.78399991989136,-6.072969387592376,5
current7d:500ms:seg0,1790699873.8620002,1790699913.96,BUY,BREAKOUT_ACCEPTANCE,-4.020000000000437,0.0,40.097999811172485,-13.379864938587145,1
current7d:500ms:seg0,1790700616.7710001,1790700749.964,BUY,BREAKOUT_ACCEPTANCE,-0.36999999999989086,1.680000000000291,133.19299983978271,-1.1943509810828061,5
current7d:500ms:seg0,1790700818.987,1790700970.949,BUY,BREAKOUT_ACCEPTANCE,-3.0999999999994543,0.0,151.96199989318848,-9.978955775790206,5
current7d:500ms:seg0,1790701531.9329998,1790701837.982,BUY,BREAKOUT_ACCEPTANCE,-0.6300000000001091,1.7899999999999636,306.0490002632141,-1.9808307690400364,5
current7d:500ms:seg0,1790702309.458,1790702647.941,BUY,BREAKOUT_ACCEPTANCE,1.9600000000000364,5.5700000000006185,338.4830000400543,6.133466402485382,5
current7d:500ms:seg0,1790703419.9889998,1790703700.473,SELL,BREAKOUT_ACCEPTANCE,-2.1500000000005457,1.8400000000001455,280.48400020599365,-6.826939270916976,5
current7d:500ms:seg0,1790703745.9689999,1790703915.42,BUY,BREAKOUT_ACCEPTANCE,-3.3599999999996726,0.4899999999997817,169.45100021362305,-10.497038316546389,5
current7d:500ms:seg0,1790704009.878,1790704252.98,SELL,BREAKOUT_ACCEPTANCE,-1.9500000000007276,0.819999999999709,243.10199999809265,-5.938511980476135,5
current7d:500ms:seg0,1790705103.4659998,1790705201.9,SELL,BREAKOUT_ACCEPTANCE,-0.3100000000004002,1.3699999999998909,98.43400025367737,-0.9302640950039862,5
current7d:500ms:seg0,1790705479.9580002,1790705778.992,SELL,BREAKOUT_ACCEPTANCE,-0.42000000000007276,1.430000000000291,299.03399991989136,-1.2574274742337614,5
current7d:500ms:seg0,1790706069.359,1790706614.4689999,SELL,BREAKOUT_ACCEPTANCE,4.829999999999927,10.030000000000655,545.1099998950958,14.414865643431414,8
current7d:500ms:seg0,1790707389.476,1790707573.767,SELL,BREAKOUT_ACCEPTANCE,-3.25,0.0,184.29099988937378,-10.0508061059909,5
current7d:500ms:seg0,1790708719.499,1790709051.9699998,SELL,PULLBACK_ACCEPTANCE,0.5700000000006185,1.5399999999999636,332.4709997177124,1.7197895671033123,5
current7d:500ms:seg0,1790709529.8179998,1790709568.708,SELL,BREAKOUT_ACCEPTANCE,-1.2200000000002547,0.0,38.890000104904175,-3.6966891830726873,5
current7d:500ms:seg0,1790711031.963,1790711378.985,SELL,BREAKOUT_ACCEPTANCE,1.6900000000005093,5.110000000000582,347.021999835968,5.07396800509095,5
current7d:500ms:seg0,1790711754.922,1790712061.4659998,SELL,BREAKOUT_ACCEPTANCE,-0.3600000000005821,0.6199999999998909,306.5439999103546,-1.094544969137522,5
current7d:500ms:seg0,1790714465.4780002,1790714672.932,SELL,BREAKOUT_ACCEPTANCE,-1.180000000000291,0.23999999999978172,207.45399975776672,-3.5779884536356477,5
current7d:500ms:seg0,1790715627.488,1790716045.971,BUY,PULLBACK_ACCEPTANCE,6.979999999999563,11.100000000000364,418.4830000400543,20.977403665781928,5
current7d:500ms:seg0,1790716426.468,1790716751.971,BUY,BREAKOUT_ACCEPTANCE,0.23999999999978172,2.9200000000000728,325.50300002098083,0.7590454125272269,5
current7d:500ms:seg0,1790717333.479,1790717400.928,BUY,BREAKOUT_ACCEPTANCE,-4.369999999999891,0.0,67.44899988174438,-13.845829599841062,1
current7d:500ms:seg0,1790717905.925,1790718214.4780002,BUY,BREAKOUT_ACCEPTANCE,0.43000000000029104,5.230000000000473,308.5530002117157,1.317751485109323,5
current7d:500ms:seg0,1790718424.348,1790718761.484,SELL,BREAKOUT_ACCEPTANCE,0.6999999999998181,3.9600000000000364,337.135999917984,2.152095031519292,5
current7d:500ms:seg0,1790718797.9459999,1790719080.559,BUY,BREAKOUT_ACCEPTANCE,-2.0799999999999272,0.0,282.61300015449524,-6.428369347579035,5
current7d:500ms:seg0,1790719955.492,1790720221.982,SELL,BREAKOUT_ACCEPTANCE,-1.1300000000001091,0.47999999999956344,266.49000000953674,-3.4378548403394857,5
current7d:500ms:seg0,1790721559.4940002,1790721615.9889998,BUY,BREAKOUT_ACCEPTANCE,-3.2899999999999636,0.0,56.4949996471405,-9.924500511209043,5
current7d:500ms:seg0,1790722418.523,1790722740.4659998,BUY,BREAKOUT_ACCEPTANCE,0.5099999999993088,1.8699999999998909,321.9429998397827,1.500487193055257,5
current7d:500ms:seg0,1790722790.43,1790730000.415,BUY,BREAKOUT_ACCEPTANCE,2.0299999999997453,2.0299999999997453,7209.984999895096,5.995372372231749,7
current7d:500ms:seg0,1790741178.963,1790741730.474,SELL,BREAKOUT_ACCEPTANCE,2.5599999999994907,4.210000000000036,551.510999917984,7.675777786449363,5
current7d:500ms:seg0,1790743133.7580001,1790743202.3569999,SELL,BREAKOUT_ACCEPTANCE,-1.7299999999995634,0.0,68.59899973869324,-5.286739924027863,5
current7d:500ms:seg0,1790744715.4099998,1790745074.488,BUY,BREAKOUT_ACCEPTANCE,0.8700000000008004,3.130000000000109,359.07800006866455,2.6241535791688846,5
current7d:500ms:seg0,1790761849.476,1790762346.977,BUY,BREAKOUT_ACCEPTANCE,7.680000000000291,10.640000000000327,497.50099992752075,23.31609318638916,5
current7d:500ms:seg0,1790763603.952,1790763661.4950001,BUY,BREAKOUT_ACCEPTANCE,-1.9600000000000364,0.030000000000654836,57.54300022125244,-6.29320785178288,5
current7d:500ms:seg0,1790763800.472,1790764005.988,BUY,BREAKOUT_ACCEPTANCE,-2.7799999999997453,0.8999999999996362,205.51600003242493,-8.79486714075691,5
current7d:500ms:seg0,1790764584.293,1790764834.879,BUY,BREAKOUT_ACCEPTANCE,-2.1700000000000728,0.22000000000025466,250.58599996566772,-6.72192170111327,5
current7d:500ms:seg0,1790764967.262,1790765277.3779998,SELL,BREAKOUT_ACCEPTANCE,0.21000000000003638,1.9600000000000364,310.1159996986389,0.6399215250414747,5
current7d:500ms:seg0,1790765800.92,1790766079.464,SELL,BREAKOUT_ACCEPTANCE,-1.9099999999998545,1.269999999999527,278.5439999103546,-5.829405508364846,5
current7d:500ms:seg0,1790766235.47,1790766266.472,BUY,BREAKOUT_ACCEPTANCE,-3.1900000000005093,0.0,31.001999855041504,-9.59655428561457,5
current7d:500ms:seg0,1790767014.703,1790767450.473,BUY,BREAKOUT_ACCEPTANCE,2.3400000000001455,3.8900000000003274,435.7699999809265,6.871059164555763,5
current7d:500ms:seg0,1790767546.314,1790767639.3980002,BUY,BREAKOUT_ACCEPTANCE,-0.8699999999998909,0.10999999999967258,93.0840003490448,-2.5994582222292304,5
current7d:500ms:seg0,1790768048.464,1790768417.77,BUY,BREAKOUT_ACCEPTANCE,-0.4099999999998545,0.8500000000003638,369.30599999427795,-1.2170387017295676,5
current7d:500ms:seg0,1790769206.543,1790769625.492,SELL,BREAKOUT_ACCEPTANCE,3.469999999999345,4.1599999999998545,418.94900012016296,10.268629726329692,5
current7d:500ms:seg0,1790770874.984,1790771267.712,SELL,BREAKOUT_ACCEPTANCE,0.5900000000001455,3.8299999999999272,392.7279999256134,1.7914016659445402,5
current7d:500ms:seg0,1790771965.972,1790772273.493,SELL,BREAKOUT_ACCEPTANCE,-0.3999999999996362,0.5700000000006185,307.52100014686584,-1.2198838090266215,5
current7d:500ms:seg0,1790772427.968,1790772724.8609998,SELL,BREAKOUT_ACCEPTANCE,-1.3100000000004002,0.27000000000043656,296.89299988746643,-3.9831341161433493,5
current7d:500ms:seg0,1790773051.4529998,1790773212.381,BUY,BREAKOUT_ACCEPTANCE,-2.0299999999997453,0.0,160.9280002117157,-6.111694382904256,5
current7d:500ms:seg0,1790774336.999,1790774445.7350001,SELL,BREAKOUT_ACCEPTANCE,-2.0200000000004366,0.4899999999997817,108.73600006103516,-5.988995344124012,5
current7d:500ms:seg0,1790774740.892,1790775102.483,BUY,BREAKOUT_ACCEPTANCE,-0.75,0.9499999999998181,361.59100008010864,-2.189948786383381,5
current7d:500ms:seg0,1790777253.4550002,1790777696.803,SELL,BREAKOUT_ACCEPTANCE,1.3400000000001455,2.369999999999891,443.3479998111725,3.8906995130355773,5
current7d:500ms:seg0,1790778000.967,1790778161.9950001,SELL,BREAKOUT_ACCEPTANCE,-1.230000000000473,1.069999999999709,161.02800011634827,-3.607205435123498,5
current7d:500ms:seg0,1790778369.457,1790778646.9910002,BUY,BREAKOUT_ACCEPTANCE,-1.1899999999995998,0.42000000000007276,277.53400015830994,-3.457703632787362,5
current7d:500ms:seg0,1790779018.356,1790779294.9750001,BUY,BREAKOUT_ACCEPTANCE,-2.1099999999996726,2.9700000000002547,276.6190001964569,-6.0761681132738845,5
current7d:500ms:seg0,1790780573.446,1790780742.443,BUY,PULLBACK_ACCEPTANCE,-1.5,0.8600000000005821,168.99699997901917,-4.251193900153271,5
current7d:500ms:seg0,1790781044.488,1790781428.4819999,BUY,PULLBACK_ACCEPTANCE,-0.1999999999998181,3.8599999999996726,383.99399995803833,-0.5604490625030298,5
current7d:500ms:seg0,1790781696.9350002,1790781776.9529998,SELL,BREAKOUT_ACCEPTANCE,-4.5,0.3599999999996726,80.01799964904785,-12.59118875047016,1
current7d:500ms:seg0,1790781929.9910002,1790781942.971,BUY,BREAKOUT_ACCEPTANCE,-4.010000000000218,0.0,12.979999780654907,-10.841468195971387,1
current7d:500ms:seg0,1790782219.967,1790782315.977,BUY,BREAKOUT_ACCEPTANCE,12.020000000000437,12.020000000000437,96.00999999046326,31.52001014975751,2
current7d:500ms:seg0,1790782927.485,1790782957.4129999,BUY,BREAKOUT_ACCEPTANCE,-4.420000000000073,0.0,29.92799997329712,-12.63544115359638,1
current7d:500ms:seg0,1790783094.952,1790783207.492,BUY,BREAKOUT_ACCEPTANCE,-2.699999999999818,3.5100000000002183,112.5400002002716,-7.462614469288415,5
current7d:500ms:seg0,1790783770.9859998,1790783814.486,BUY,BREAKOUT_ACCEPTANCE,-3.1700000000000728,0.0,43.50000023841858,-8.584238514195038,5
current7d:500ms:seg0,1790784510.941,1790784583.9859998,SELL,BREAKOUT_ACCEPTANCE,0.8000000000001819,2.719999999999345,73.04499983787537,2.1148639100370374,5
current7d:500ms:seg0,1790784661.4540002,1790785413.476,SELL,PULLBACK_ACCEPTANCE,12.170000000000073,12.170000000000073,752.021999835968,32.365401434819944,2
current7d:500ms:seg0,1790785932.4940002,1790786070.4889998,SELL,BREAKOUT_ACCEPTANCE,-2.819999999999709,2.2100000000000364,137.9949996471405,-8.184152894921741,5
current7d:500ms:seg0,1790786141.9580002,1790786165.4940002,SELL,BREAKOUT_ACCEPTANCE,-4.239999999999782,0.6100000000005821,23.53600001335144,-12.04499509910107,1
current7d:500ms:seg0,1790786582.4950001,1790786877.982,SELL,BREAKOUT_ACCEPTANCE,2.2399999999997817,6.890000000000327,295.4869999885559,6.161037719595773,8
current7d:500ms:seg0,1790787744.4950001,1790787829.963,SELL,BREAKOUT_ACCEPTANCE,-4.119999999999891,0.0,85.46799993515015,-11.522284728364246,1
current7d:500ms:seg0,1790788754.471,1790788820.973,SELL,BREAKOUT_ACCEPTANCE,-4.029999999999745,0.2899999999999636,66.50200009346008,-10.9223232778974,1
current7d:500ms:seg0,1790788922.988,1790789056.429,SELL,BREAKOUT_ACCEPTANCE,1.2100000000000364,2.9299999999993815,133.4409999847412,3.180287153537715,5
current7d:500ms:seg0,1790789129.471,1790789440.488,SELL,BREAKOUT_ACCEPTANCE,1.0700000000006185,3.3400000000001455,311.0169999599457,2.837841849272625,5
current7d:500ms:seg0,1790789810.463,1790789946.4950001,SELL,BREAKOUT_ACCEPTANCE,-2.7700000000004366,2.100000000000364,136.03200006484985,-7.405518708794227,5
current7d:500ms:seg0,1790790762.4529998,1790790821.816,SELL,BREAKOUT_ACCEPTANCE,-3.2700000000004366,0.0,59.36300015449524,-8.560634591485043,5
current7d:500ms:seg0,1790791366.485,1790791437.8830001,SELL,BREAKOUT_ACCEPTANCE,-4.239999999999782,0.0,71.39800024032593,-10.827799547174234,1
current7d:500ms:seg0,1790791610.484,1790791891.472,SELL,BREAKOUT_ACCEPTANCE,-2.3900000000003274,0.8299999999999272,280.98799991607666,-5.909317569945013,5
current7d:500ms:seg0,1790792583.967,1790792985.923,SELL,BREAKOUT_ACCEPTANCE,-1.1699999999991633,4.400000000000546,401.9560000896454,-2.8409915780014985,5
current7d:500ms:seg0,1790793399.999,1790793667.959,SELL,BREAKOUT_ACCEPTANCE,-1.699999999999818,0.5600000000004002,267.960000038147,-4.091713838239874,5
current7d:500ms:seg0,1790794419.479,1790794780.96,SELL,BREAKOUT_ACCEPTANCE,-0.7699999999995271,1.1700000000000728,361.48099994659424,-1.829676032256594,5
current7d:500ms:seg0,1790795278.4899998,1790795515.4350002,SELL,BREAKOUT_ACCEPTANCE,-3.4299999999993815,0.0,236.94500041007996,-8.103306636853116,5
current7d:500ms:seg0,1790795631.488,1790795888.4550002,BUY,BREAKOUT_ACCEPTANCE,-3.5,0.37000000000080036,256.967000246048,-8.05596844247095,5
current7d:500ms:seg0,1790796827.875,1790797068.464,SELL,BREAKOUT_ACCEPTANCE,-2.3599999999996726,2.7899999999999636,240.58899998664856,-5.289433794062228,5
current7d:500ms:seg0,1790797770.46,1790797826.947,SELL,BREAKOUT_ACCEPTANCE,-1.3900000000003274,0.0,56.48699998855591,-3.060244505980469,5
current7d:500ms:seg0,1790799020.8739998,1790799197.96,SELL,BREAKOUT_ACCEPTANCE,-2.9200000000000728,1.050000000000182,177.0860002040863,-6.361695722629159,5
current7d:500ms:seg0,1790799482.276,1790799693.424,SELL,BREAKOUT_ACCEPTANCE,-1.6500000000005457,0.13000000000010914,211.14800000190735,-3.5160678313027542,5
current7d:500ms:seg0,1790800459.372,1790800742.983,SELL,BREAKOUT_ACCEPTANCE,-0.7600000000002183,0.9499999999998181,283.61100006103516,-1.599480565961555,5
current7d:500ms:seg0,1790801016.4499998,1790801404.191,SELL,BREAKOUT_ACCEPTANCE,1.4399999999995998,3.899999999999636,387.7410001754761,3.0133203664446433,5
current7d:500ms:seg0,1790802371.4689999,1790802510.459,SELL,BREAKOUT_ACCEPTANCE,-1.8299999999999272,0.23999999999978172,138.99000024795532,-3.8707857877204304,5
current7d:500ms:seg0,1790803470.411,1790803996.474,BUY,BREAKOUT_ACCEPTANCE,1.6499999999996362,3.069999999999709,526.0629999637604,3.4421517852963994,5
current7d:500ms:seg0,1790808453.8569999,1790808483.9550002,SELL,BREAKOUT_ACCEPTANCE,-2.6599999999998545,0.07000000000061846,30.098000288009644,-5.6178368365348055,5
current7d:500ms:seg0,1790808515.442,1790808582.985,BUY,BREAKOUT_ACCEPTANCE,-2.180000000000291,0.009999999999308784,67.54299998283386,-4.512240211199403,5
current7d:500ms:seg0,1790808795.3539999,1790809071.4899998,BUY,BREAKOUT_ACCEPTANCE,-2.0299999999997453,0.819999999999709,276.135999917984,-4.133066110092946,5
current7d:500ms:seg0,1790848887.799,1790849250.408,SELL,BREAKOUT_ACCEPTANCE,0.11999999999989086,1.2399999999997817,362.6089999675751,0.24059941942247867,5
current7d:500ms:seg0,1790849553.973,1790850104.966,SELL,BREAKOUT_ACCEPTANCE,12.079999999999927,12.079999999999927,550.9930000305176,24.24213986261774,2
current7d:500ms:seg0,1790850243.447,1790850702.4620001,SELL,BREAKOUT_ACCEPTANCE,4.479999999999563,7.079999999999927,459.0150001049042,9.804998364989636,5
current7d:500ms:seg0,1790851948.82,1790852021.365,SELL,BREAKOUT_ACCEPTANCE,-2.5599999999994907,0.0,72.54500007629395,-5.7911121771727005,5
current7d:500ms:seg0,1790852063.4899998,1790852175.973,BUY,BREAKOUT_ACCEPTANCE,-0.819999999999709,0.07999999999992724,112.4830002784729,-1.819350279360742,5
current7d:500ms:seg0,1790852681.356,1790852837.423,BUY,BREAKOUT_ACCEPTANCE,-2.2899999999999636,0.28000000000065484,156.06700015068054,-5.049621122046507,5
current7d:500ms:seg0,1790853112.442,1790853423.4950001,SELL,BREAKOUT_ACCEPTANCE,-0.25,1.7799999999997453,311.0530002117157,-0.5418006418422967,5
current7d:500ms:seg0,1790854332.757,1790854487.912,SELL,BREAKOUT_ACCEPTANCE,-3.369999999999891,0.13999999999941792,155.15499997138977,-7.289778640811359,5
current7d:500ms:seg0,1790854866.418,1790855229.979,SELL,BREAKOUT_ACCEPTANCE,3.0600000000004,6.1599999999998545,363.5610001087189,6.451905111613654,5
current7d:500ms:seg0,1790857813.979,1790857870.368,BUY,BREAKOUT_ACCEPTANCE,-2.5200000000004366,0.0,56.388999938964844,-5.435274627938636,5
current7d:500ms:seg0,1790859251.4129999,1790860016.4689999,SELL,BREAKOUT_ACCEPTANCE,5.279999999999745,8.539999999999964,765.055999994278,11.172957583269215,5
current7d:500ms:seg0,1790860808.7710001,1790861004.487,BUY,BREAKOUT_ACCEPTANCE,-1.4600000000000364,1.6099999999996726,195.71599984169006,-3.2118359445470754,5
current7d:500ms:seg0,1790861073.4889998,1790861143.4950001,BUY,BREAKOUT_ACCEPTANCE,0.09000000000014552,0.3999999999996362,70.00600028038025,0.19582189773037031,5
current7d:500ms:seg0,1790861374.956,1790861977.923,BUY,BREAKOUT_ACCEPTANCE,1.449999999999818,5.1799999999993815,602.9670000076294,3.157037915454953,5
current7d:500ms:seg0,1790862392.8070002,1790862743.446,BUY,BREAKOUT_ACCEPTANCE,1.639999999999418,3.219999999999345,350.63899993896484,3.60955031211521,5
current7d:500ms:seg0,1790862852.487,1790863006.8019998,BUY,BREAKOUT_ACCEPTANCE,-3.1099999999996726,0.0,154.31499981880188,-6.9291326821770935,5
current7d:500ms:seg0,1790865580.99,1790866328.983,BUY,BREAKOUT_ACCEPTANCE,3.610000000000582,5.850000000000364,747.9930000305176,7.855534884612653,5
current7d:500ms:seg0,1790868198.8009999,1790868338.436,SELL,BREAKOUT_ACCEPTANCE,-0.22999999999956344,1.6599999999998545,139.63500022888184,-0.5140419399078396,5
current7d:500ms:seg0,1790868711.483,1790869003.9740002,BUY,PULLBACK_ACCEPTANCE,-0.6199999999998909,1.0299999999997453,292.4910001754761,-1.3832879777768614,5
current7d:500ms:seg0,1790871307.364,1790871580.407,SELL,BREAKOUT_ACCEPTANCE,-1.519999999999527,2.230000000000473,273.04299998283386,-3.3755171722477764,5
current7d:500ms:seg0,1790872123.2819998,1790872278.978,SELL,BREAKOUT_ACCEPTANCE,-2.630000000000109,1.1900000000005093,155.69600009918213,-5.7739509257608175,5
current7d:500ms:seg0,1790872693.4940002,1790873102.468,SELL,BREAKOUT_ACCEPTANCE,-0.3999999999996362,5.270000000000437,408.97399973869324,-0.8608455884022508,5
current7d:500ms:seg0,1790874314.477,1790874481.973,SELL,BREAKOUT_ACCEPTANCE,-3.9099999999998545,0.9299999999993815,167.4960000514984,-8.389521329759447,5
current7d:500ms:seg0,1790875620.992,1790875696.479,BUY,BREAKOUT_ACCEPTANCE,-4.269999999999527,1.3400000000001455,75.48699998855591,-8.893283655647274,1
current7d:500ms:seg0,1790876171.4910002,1790876466.885,BUY,BREAKOUT_ACCEPTANCE,0.3000000000001819,6.130000000000109,295.3939998149872,0.604810977511572,8
current7d:500ms:seg0,1790876989.483,1790877029.9689999,BUY,BREAKOUT_ACCEPTANCE,-1.980000000000473,0.0999999999994543,40.48599982261658,-4.000733894590956,5
current7d:500ms:seg0,1790877647.46,1790878030.901,SELL,BREAKOUT_ACCEPTANCE,3.3900000000003274,6.020000000000437,383.4409999847412,6.748022705710529,5
current7d:500ms:seg0,1790878091.966,1790878116.9550002,SELL,BREAKOUT_ACCEPTANCE,-2.9099999999998545,0.0,24.98900008201599,-5.939826059745269,5
current7d:500ms:seg0,1790878239.4620001,1790878346.9299998,SELL,BREAKOUT_ACCEPTANCE,-3.230000000000473,1.0999999999994543,107.46799969673157,-6.449110522287182,5
current7d:500ms:seg0,1790879261.473,1790879476.441,BUY,BREAKOUT_ACCEPTANCE,-4.0600000000004,0.5299999999997453,214.96799993515015,-7.909936881960021,1
current7d:500ms:seg0,1790879903.492,1790880199.978,BUY,BREAKOUT_ACCEPTANCE,-1.9899999999997817,3.550000000000182,296.4859998226166,-3.7589822203858154,5
current7d:500ms:seg0,1790880649.906,1790880900.467,SELL,BREAKOUT_ACCEPTANCE,-3.380000000000109,2.3599999999996726,250.56100010871887,-6.289312768002593,5
current7d:500ms:seg0,1790880993.473,1790881286.248,BUY,BREAKOUT_ACCEPTANCE,-0.0500000000001819,1.8800000000001091,292.77499985694885,-0.09067867883662463,5
current7d:500ms:seg0,1790881449.47,1790881894.487,BUY,BREAKOUT_ACCEPTANCE,-0.13000000000010914,3.619999999999891,445.0169999599457,-0.23567615326269847,5
current7d:500ms:seg0,1790883408.977,1790883439.477,SELL,BREAKOUT_ACCEPTANCE,-0.9600000000000364,0.0,30.5,-1.73868087886581,5
current7d:500ms:seg0,1790883501.965,1790883771.978,SELL,BREAKOUT_ACCEPTANCE,-1.550000000000182,1.7399999999997817,270.0130000114441,-2.7870330037854942,5
current7d:500ms:seg0,1790884328.893,1790884650.415,SELL,BREAKOUT_ACCEPTANCE,-0.09000000000014552,0.8400000000001455,321.5220000743866,-0.15994647552313246,5
current7d:500ms:seg0,1790885131.446,1790885487.405,BUY,BREAKOUT_ACCEPTANCE,-0.05999999999949068,1.5700000000006185,355.95899987220764,-0.10655900776702598,5
current7d:500ms:seg0,1790886039.4529998,1790886343.9,BUY,BREAKOUT_ACCEPTANCE,0.3999999999996362,1.430000000000291,304.44700026512146,0.7100737080955897,5
current7d:500ms:seg0,1790886645.427,1790886648.486,BUY,BREAKOUT_ACCEPTANCE,-4.329999999999927,0.0,3.059000015258789,-7.709607533812025,1
current7d:500ms:seg0,1790887008.57,1790887018.994,BUY,BREAKOUT_ACCEPTANCE,-0.5299999999997453,0.0,10.424000024795532,-0.9130245162698506,5
current7d:500ms:seg0,1790887044.8830001,1790887267.46,BUY,BREAKOUT_ACCEPTANCE,-4.039999999999964,0.0,222.57699990272522,-6.931993934009733,1
current7d:500ms:seg0,1790887588.3379998,1790887788.907,BUY,BREAKOUT_ACCEPTANCE,-1.4400000000005093,1.019999999999527,200.56900024414062,-2.3959441845665386,5
current7d:500ms:seg0,1790888056.9699998,1790888172.418,SELL,BREAKOUT_ACCEPTANCE,0.13000000000010914,5.210000000000036,115.44800019264221,0.21396447108240765,8
current7d:500ms:seg0,1790888228.458,1790888395.999,SELL,BREAKOUT_ACCEPTANCE,-2.5,1.4899999999997817,167.54100012779236,-4.1187132007987195,5
current7d:500ms:seg0,1790889837.499,1790889911.1009998,BUY,BREAKOUT_ACCEPTANCE,-4.030000000000655,0.8800000000001091,73.60199975967407,-6.514877573194455,1
current7d:500ms:seg0,1790890435.4060001,1790890730.962,BUY,BREAKOUT_ACCEPTANCE,1.4399999999995998,5.669999999999163,295.5559997558594,2.257536023300309,8
current7d:500ms:seg0,1790892381.496,1790892517.401,SELL,BREAKOUT_ACCEPTANCE,-1.4099999999998545,0.7400000000006912,135.90499997138977,-2.23437746626167,5
current7d:500ms:seg0,1790893636.345,1790893835.474,SELL,BREAKOUT_ACCEPTANCE,-1.5799999999999272,0.0,199.1289999485016,-2.4772931211337657,5
current7d:500ms:seg0,1790894429.4129999,1790894490.708,SELL,BREAKOUT_ACCEPTANCE,-2.6599999999998545,0.0,61.295000076293945,-4.121210725154751,5
current7d:500ms:seg0,1790895074.3609998,1790895141.479,BUY,BREAKOUT_ACCEPTANCE,-3.899999999999636,0.0,67.11800026893616,-5.921831213395592,5
current7d:500ms:seg0,1790917724.498,1790917911.8060002,BUY,BREAKOUT_ACCEPTANCE,-1.9600000000000364,0.5799999999999272,187.30800032615662,-2.889048870459662,5
current7d:500ms:seg0,1790931846.447,1790932150.993,BUY,BREAKOUT_ACCEPTANCE,1.8500000000003638,4.600000000000364,304.5460000038147,2.6868228195505917,5
current7d:500ms:seg0,1790932948.474,1790933141.988,BUY,BREAKOUT_ACCEPTANCE,-3.25,0.0,193.51399993896484,-4.7855854486793605,5
current7d:500ms:seg0,1790933581.829,1790933762.99,SELL,BREAKOUT_ACCEPTANCE,-1.5100000000002183,1.25,181.16100001335144,-2.1692598686419684,5
current7d:500ms:seg0,1790933809.4060001,1790934568.9750001,SELL,BREAKOUT_ACCEPTANCE,2.7600000000002183,3.449999999999818,759.569000005722,3.9201011137333075,5
current7d:500ms:seg0,1790935583.964,1790935613.893,SELL,BREAKOUT_ACCEPTANCE,-2.9200000000000728,0.06000000000040018,29.92899990081787,-4.233203566601137,5
current7d:500ms:seg0,1790936041.868,1790936327.803,BUY,BREAKOUT_ACCEPTANCE,-1.5,2.6500000000005457,285.93499994277954,-2.126967333129692,5
current7d:500ms:seg0,1790936746.481,1790936839.46,BUY,BREAKOUT_ACCEPTANCE,-1.6300000000001091,0.0,92.97900009155273,-2.285302326353574,5
current7d:500ms:seg0,1790938654.4190001,1790938839.979,BUY,BREAKOUT_ACCEPTANCE,-3.1899999999996,3.449999999999818,185.55999994277954,-4.41778697685212,5
current7d:500ms:seg0,1790939220.992,1790939493.934,BUY,BREAKOUT_ACCEPTANCE,-1.9799999999995634,5.410000000000764,272.94199991226196,-2.6764705386810226,5
current7d:500ms:seg0,1790940546.881,1790940573.966,SELL,BREAKOUT_ACCEPTANCE,-1.4699999999993452,0.0,27.085000038146973,-1.9575685243616698,5
current7d:500ms:seg0,1790940759.441,1790940960.4499998,SELL,BREAKOUT_ACCEPTANCE,-2.3299999999999272,0.0,201.00899982452393,-3.0686041851147268,5
current7d:500ms:seg0,1790941630.6780002,1790941765.9699998,SELL,BREAKOUT_ACCEPTANCE,-1.8299999999999272,0.17000000000007276,135.29199957847595,-2.3679888405034655,5
current7d:500ms:seg0,1790942213.864,1790942421.96,BUY,BREAKOUT_ACCEPTANCE,-2.839999999999236,0.5799999999999272,208.09599995613098,-3.624473480882154,5
current7d:500ms:seg0,1790943026.474,1790943478.349,BUY,BREAKOUT_ACCEPTANCE,0.6300000000001091,3.699999999999818,451.875,0.7868948884918311,5
current7d:500ms:seg0,1790944684.611,1790944813.461,SELL,BREAKOUT_ACCEPTANCE,-2.8100000000004,0.0,128.84999990463257,-3.5263848203495347,5
current7d:500ms:seg0,1790945182.151,1790945345.458,SELL,BREAKOUT_ACCEPTANCE,-3.75,1.5,163.3069999217987,-4.6068499914503995,5
current7d:500ms:seg0,1790945634.4659998,1790945905.4540002,BUY,BREAKOUT_ACCEPTANCE,-2.3400000000001455,0.5100000000002183,270.9880003929138,-2.793824177315269,5
current7d:500ms:seg0,1790946384.9689999,1790947068.2700002,SELL,BREAKOUT_ACCEPTANCE,8.220000000000255,10.300000000000182,683.3010003566742,9.641963618755174,5
current7d:500ms:seg0,1790948608.2710001,1790948939.554,BUY,BREAKOUT_ACCEPTANCE,-0.8799999999991996,1.5600000000004002,331.282999753952,-1.0958666416959613,5
current7d:500ms:seg0,1790949605.9580002,1790949820.9950001,BUY,BREAKOUT_ACCEPTANCE,-1.9099999999998545,1.050000000000182,215.0369999408722,-2.362830444040696,5
current7d:500ms:seg0,1790950073.8,1790950312.9539998,BUY,BREAKOUT_ACCEPTANCE,-2.3900000000003274,1.089999999999236,239.15399980545044,-2.9142770293473537,5
current7d:500ms:seg0,1790952124.98,1790952415.9689999,SELL,BREAKOUT_ACCEPTANCE,-0.8900000000003274,0.21000000000003638,290.9889998435974,-1.0657800694984483,5
current7d:500ms:seg0,1790952672.472,1790952737.401,SELL,BREAKOUT_ACCEPTANCE,-2.3400000000001455,0.0,64.92900013923645,-2.783458888573117,5
current7d:500ms:seg0,1790953034.962,1790953190.726,BUY,BREAKOUT_ACCEPTANCE,-3.6700000000000728,0.0,155.76400017738342,-4.288895602238565,5
current7d:500ms:seg0,1790953741.409,1790953781.457,BUY,BREAKOUT_ACCEPTANCE,-3.2100000000000364,0.0,40.04800009727478,-3.648067694829969,5
current7d:500ms:seg0,1790954346.9169998,1790954595.88,BUY,PULLBACK_ACCEPTANCE,-1.0399999999999636,2.4400000000005093,248.9630002975464,-1.1534735463177075,5
current7d:500ms:seg0,1790956728.451,1790957106.483,BUY,BREAKOUT_ACCEPTANCE,1.4799999999995634,7.849999999999454,378.03200006484985,1.6286780287798808,5
current7d:500ms:seg0,1790957241.416,1790957704.987,SELL,PULLBACK_ACCEPTANCE,12.039999999999964,12.039999999999964,463.57100009918213,13.39658548175253,2
current7d:500ms:seg0,1790957724.964,1790958280.451,SELL,PULLBACK_ACCEPTANCE,3.8400000000001455,9.590000000000146,555.4869999885559,4.658486798912014,8
current7d:500ms:seg0,1790959419.663,1790959519.949,SELL,BREAKOUT_ACCEPTANCE,-0.4099999999998545,4.710000000000036,100.28599977493286,-0.5117153644986223,8
current7d:500ms:seg0,1790959970.988,1790960266.928,SELL,BREAKOUT_ACCEPTANCE,-2.550000000000182,7.199999999999818,295.94000005722046,-3.172833393585775,5
current7d:500ms:seg0,1790961008.999,1790961047.982,SELL,BREAKOUT_ACCEPTANCE,-4.300000000000182,0.0,38.98300004005432,-5.247944198515064,1
current7d:500ms:seg0,1790961113.982,1790961164.7910001,SELL,BREAKOUT_ACCEPTANCE,-4.0900000000001455,0.0,50.80900001525879,-4.83066856099577,1
current7d:500ms:seg0,1790961304.855,1790961325.9740002,BUY,PULLBACK_ACCEPTANCE,-4.240000000000691,0.0,21.11900019645691,-4.854217184411819,1
current7d:500ms:seg0,1790961923.423,1790962358.4889998,SELL,BREAKOUT_ACCEPTANCE,5.220000000000255,9.88000000000011,435.06599974632263,5.786139874264891,8
current7d:500ms:seg0,1790963310.448,1790963605.48,SELL,BREAKOUT_ACCEPTANCE,12.1899999999996,12.1899999999996,295.03200006484985,14.041075437101064,2
current7d:500ms:seg0,1790963683.4689999,1790963997.498,SELL,BREAKOUT_ACCEPTANCE,-0.17000000000007276,3.0600000000004,314.029000043869,-0.2137172050057964,5
current7d:500ms:seg0,1790964102.962,1790964617.968,SELL,BREAKOUT_ACCEPTANCE,3.1700000000000728,7.229999999999563,515.0060000419617,3.9801161667927527,8
current7d:500ms:seg0,1790964644.92,1790964683.967,SELL,BREAKOUT_ACCEPTANCE,-2.350000000000364,0.0,39.04699993133545,-3.020708850898472,5
current7d:500ms:seg0,1790964701.481,1790964860.467,SELL,BREAKOUT_ACCEPTANCE,-2.3499999999994543,0.7300000000004729,158.98600006103516,-2.9674688574002297,5
current7d:500ms:seg0,1790964931.9889998,1790965065.961,SELL,BREAKOUT_ACCEPTANCE,-0.43000000000029104,3.1899999999996,133.9720001220703,-0.5334135762043496,5
current7d:500ms:seg0,1790965456.849,1790965601.966,SELL,BREAKOUT_ACCEPTANCE,-2.0599999999994907,5.510000000000218,145.11700010299683,-2.547181939270772,8
current7d:500ms:seg0,1790966191.4659998,1790966272.959,BUY,BREAKOUT_ACCEPTANCE,-3.519999999999527,0.0,81.49300026893616,-4.285220623130509,5
current7d:500ms:seg0,1790966392.848,1790966902.978,SELL,BREAKOUT_ACCEPTANCE,3.149999999999636,8.069999999999709,510.12999987602234,3.7335471635914383,8
current7d:500ms:seg0,1790967421.945,1790967680.987,SELL,BREAKOUT_ACCEPTANCE,-2.0299999999997453,2.6700000000000728,259.0420000553131,-2.4629069832134647,5
current7d:500ms:seg0,1790968626.459,1790968946.9750001,BUY,BREAKOUT_ACCEPTANCE,0.1000000000003638,3.119999999999891,320.5160000324249,0.11947828691641242,5
current7d:500ms:seg0,1790969602.456,1790969900.324,BUY,BREAKOUT_ACCEPTANCE,-0.5,2.139999999999418,297.867999792099,-0.5978394781558253,5
current7d:500ms:seg0,1790971104.424,1790971128.964,BUY,BREAKOUT_ACCEPTANCE,-1.1300000000001091,0.0,24.539999961853027,-1.3460505310549244,5
current7d:500ms:seg0,1790971281.477,1790971572.484,BUY,BREAKOUT_ACCEPTANCE,-0.5500000000001819,1.5200000000004366,291.0069999694824,-0.6496048796836285,5
current7d:500ms:seg0,1790972641.952,1790972948.4780002,SELL,BREAKOUT_ACCEPTANCE,0.0999999999994543,3.619999999999891,306.52600026130676,0.1176227744638524,5
current7d:500ms:seg0,1790974303.896,1790974520.4259999,BUY,BREAKOUT_ACCEPTANCE,-0.38000000000010914,0.10999999999967258,216.52999997138977,-0.44730176787242876,5
current7d:500ms:seg0,1790975224.957,1790975366.4750001,BUY,BREAKOUT_ACCEPTANCE,-1.199999999999818,0.0,141.518000125885,-1.4085061826330405,5
current7d:500ms:seg0,1790975578.1539998,1790975822.978,BUY,BREAKOUT_ACCEPTANCE,-1.550000000000182,1.7899999999999636,244.82400012016296,-1.8029466015283895,5
current7d:500ms:seg0,1790976518.408,1790976814.4819999,BUY,PULLBACK_ACCEPTANCE,-1.4700000000002547,0.0,296.0739998817444,-1.6900138067806492,5
current7d:500ms:seg0,1790977017.904,1790977168.9529998,BUY,BREAKOUT_ACCEPTANCE,-2.149999999999636,0.0,151.04899978637695,-2.444537428438559,5
current7d:500ms:seg0,1790978332.264,1790978620.983,BUY,BREAKOUT_ACCEPTANCE,-0.9099999999998545,2.7899999999999636,288.7190001010895,-1.0179807110644488,5
current7d:500ms:seg0,1790978963.9750001,1790979363.947,BUY,PULLBACK_ACCEPTANCE,0.7100000000000364,2.9299999999993815,399.97199988365173,0.788827939368429,5
current7d:500ms:seg0,1790980932.9539998,1790981569.467,SELL,BREAKOUT_ACCEPTANCE,3.100000000000364,4.619999999999891,636.5130002498627,3.462518576410447,5
current7d:500ms:seg0,1791191651.992,1791191952.5049999,BUY,BREAKOUT_ACCEPTANCE,-0.15999999999985448,1.6300000000001091,300.5129997730255,-0.18286565849333478,5
current7d:500ms:seg0,1791193795.6729999,1791193992.9459999,SELL,BREAKOUT_ACCEPTANCE,-2.430000000000291,0.7699999999995271,197.27300000190735,-2.7739394617443387,5
current7d:500ms:seg0,1791194859.319,1791195065.407,BUY,BREAKOUT_ACCEPTANCE,-2.9500000000007276,0.31999999999970896,206.0880000591278,-3.3061662651894825,5
current7d:500ms:seg0,1791196064.4550002,1791196141.8270001,SELL,BREAKOUT_ACCEPTANCE,-1.7800000000006548,0.07999999999992724,77.37199997901917,-1.9507697827454644,5
current7d:500ms:seg0,1791196862.748,1791197178.416,BUY,BREAKOUT_ACCEPTANCE,4.010000000000218,8.779999999999745,315.66799998283386,4.336042300360815,8
current7d:500ms:seg0,1791197510.714,1791197799.9910002,BUY,BREAKOUT_ACCEPTANCE,-1.9799999999995634,0.6100000000005821,289.2770001888275,-2.205378695669584,5
current7d:500ms:seg0,1791198085.463,1791198487.4899998,BUY,BREAKOUT_ACCEPTANCE,-1.1899999999995998,2.350000000000364,402.02699971199036,-1.3057718677909036,5
current7d:500ms:seg0,1791200730.4550002,1791200939.979,SELL,BREAKOUT_ACCEPTANCE,-4.600000000000364,0.0,209.5239999294281,-5.002472376309658,1
current7d:500ms:seg0,1791201737.201,1791201811.498,BUY,PULLBACK_ACCEPTANCE,-1.6199999999998909,0.36999999999989086,74.29699993133545,-1.7009602322844632,5
current7d:500ms:seg0,1791202772.838,1791202862.424,BUY,BREAKOUT_ACCEPTANCE,-2.4399999999996,0.0,89.58599996566772,-2.5308125306959206,5
current7d:500ms:seg0,1791202974.612,1791203055.415,BUY,BREAKOUT_ACCEPTANCE,-2.1200000000008004,0.17999999999938154,80.80299997329712,-2.1586627713677626,5
current7d:500ms:seg0,1791203542.962,1791204114.429,SELL,BREAKOUT_ACCEPTANCE,2.5100000000002183,3.4000000000005457,571.4670000076294,2.515138435655182,5
current7d:500ms:seg0,1791204308.703,1791204602.9,SELL,BREAKOUT_ACCEPTANCE,-0.23999999999978172,2.600000000000364,294.1970000267029,-0.24501857370873387,5
current7d:500ms:seg0,1791210555.9169998,1791210754.4910002,BUY,BREAKOUT_ACCEPTANCE,-2.2700000000004366,1.8299999999999272,198.57400035858154,-2.3132959017802692,5
current7d:500ms:seg0,1791210847.418,1791211133.816,SELL,BREAKOUT_ACCEPTANCE,-0.75,0.0,286.39800000190735,-0.751292523915864,5
current7d:500ms:seg0,1791211349.183,1791212096.479,SELL,BREAKOUT_ACCEPTANCE,3.3099999999994907,4.959999999999127,747.2960000038147,3.297053501975295,5
current7d:500ms:seg0,1791214006.979,1791214656.468,BUY,BREAKOUT_ACCEPTANCE,3.199999999999818,5.5900000000001455,649.4889998435974,3.2666130321809272,5
current7d:500ms:seg0,1791216340.412,1791216560.945,SELL,PULLBACK_ACCEPTANCE,0.02999999999974534,4.960000000000036,220.5329999923706,0.031359485108672445,8
current7d:500ms:seg0,1791219407.979,1791219659.498,SELL,BREAKOUT_ACCEPTANCE,-2.7299999999995634,1.7399999999997817,251.51899981498718,-2.8543552303705604,5
current7d:500ms:seg0,1791222846.4540002,1791223179.903,BUY,PULLBACK_ACCEPTANCE,0.3400000000001455,1.6400000000003274,333.4489998817444,0.34820885875103585,5
current7d:500ms:seg0,1791224146.9390001,1791224559.4940002,SELL,BREAKOUT_ACCEPTANCE,12.100000000000364,12.100000000000364,412.5550000667572,12.423738750654769,2
current7d:500ms:seg0,1791229979.564,1791230362.483,BUY,BREAKOUT_ACCEPTANCE,-1.569999999999709,0.2600000000002183,382.9190001487732,-1.7582952955677573,5
current7d:500ms:seg0,1791260763.468,1791261094.492,SELL,BREAKOUT_ACCEPTANCE,0.9600000000000364,3.119999999999891,331.0240001678467,1.062476250779825,5
current7d:500ms:seg0,1791278844.4169998,1791279148.0449998,BUY,BREAKOUT_ACCEPTANCE,0.3400000000001455,2.130000000000109,303.62800002098083,0.3790029865908246,5
current7d:500ms:seg0,1791280874.4259999,1791280964.372,SELL,BREAKOUT_ACCEPTANCE,-2.0600000000004,0.06999999999970896,89.94600009918213,-2.3021678090161117,5
current7d:500ms:seg0,1791281187.895,1791281264.931,BUY,BREAKOUT_ACCEPTANCE,-2.8599999999996726,0.0,77.03600001335144,-3.1468320605859543,5
current7d:500ms:seg0,1791281458.845,1791281573.164,SELL,BREAKOUT_ACCEPTANCE,-2.0799999999999272,0.4499999999998181,114.31900000572205,-2.2395145548266453,5
current7d:500ms:seg0,1791281650.471,1791281880.8209999,BUY,BREAKOUT_ACCEPTANCE,3.630000000000109,8.140000000000327,230.34999990463257,3.847412790293522,8
current7d:500ms:seg0,1791281928.38,1791282011.962,BUY,BREAKOUT_ACCEPTANCE,-3.319999999999709,0.13999999999941792,83.58199977874756,-3.614646436267003,5
current7d:500ms:seg0,1791285358.839,1791285634.187,BUY,BREAKOUT_ACCEPTANCE,-2.7899999999999636,0.0,275.34800004959106,-2.961973028497526,5
current7d:500ms:seg0,1791285763.279,1791286420.948,BUY,BREAKOUT_ACCEPTANCE,0.7399999999997817,4.1799999999993815,657.6689999103546,0.7691739676443708,5
current7d:500ms:seg0,1791287964.174,1791288220.767,BUY,BREAKOUT_ACCEPTANCE,-1.5100000000002183,0.8899999999994179,256.59299993515015,-1.5782415588910204,5
current7d:500ms:seg0,1791289067.057,1791289394.8009999,BUY,BREAKOUT_ACCEPTANCE,0.22999999999956344,2.4899999999997817,327.74399995803833,0.2376719429428342,5
block:20260928T150531Z:500ms,1790619499.4899998,1790619644.994,BUY,BREAKOUT_ACCEPTANCE,-1.6899999999995998,2.030000000000655,145.50400018692017,-6.337499999998499,5
block:20260928T150531Z:500ms,1790620006.465,1790620058.2350001,BUY,BREAKOUT_ACCEPTANCE,-1.4000000000005457,0.0,51.77000021934509,-5.1834562500020365,5
block:20260928T150531Z:500ms,1790620610.926,1790620742.985,BUY,PULLBACK_ACCEPTANCE,-2.75,0.3899999999994179,132.0589997768402,-10.074880277343738,5
block:20260928T150531Z:500ms,1790621218.882,1790621401.9550002,SELL,BREAKOUT_ACCEPTANCE,-2.1899999999996,2.2899999999999636,183.0730001926422,-7.857788385036934,5
block:20260928T150531Z:500ms,1790622793.4910002,1790623000.459,SELL,BREAKOUT_ACCEPTANCE,-3.25,0.7600000000002183,206.96799993515015,-11.469567892760706,5
block:20260928T150531Z:500ms,1790623090.48,1790623155.4169998,BUY,BREAKOUT_ACCEPTANCE,-4.0600000000004,0.4499999999998181,64.93699979782104,-13.978888779084805,1
block:20260928T150531Z:500ms,1790623220.95,1790623594.4780002,BUY,PULLBACK_ACCEPTANCE,12.13000000000011,12.13000000000011,373.52800011634827,40.49278312787534,2
block:20260928T150531Z:500ms,1790623603.468,1790623894.959,BUY,BREAKOUT_ACCEPTANCE,-3.740000000000691,4.779999999999745,291.4910001754761,-13.62081917830186,5
block:20260928T150531Z:500ms,1790625752.468,1790625838.9699998,SELL,BREAKOUT_ACCEPTANCE,-1.3499999999994543,0.0,86.5019998550415,-4.7786950589472035,5
block:20260928T150531Z:500ms,1790625976.979,1790626278.052,SELL,BREAKOUT_ACCEPTANCE,-0.1999999999998181,0.2600000000002183,301.07299995422363,-0.7007867809589619,5
block:20260928T150531Z:500ms,1790626307.9980001,1790626362.999,BUY,PULLBACK_ACCEPTANCE,-2.009999999999309,4.650000000000546,55.00099992752075,-7.032342787918597,8
block:20260928T150531Z:500ms,1790629097.983,1790629387.596,SELL,BREAKOUT_ACCEPTANCE,-0.47000000000025466,0.7199999999993452,289.61299991607666,-1.6195896535256424,5
block:20260928T150531Z:500ms,1790630281.4060001,1790630448.472,SELL,BREAKOUT_ACCEPTANCE,-1.4200000000000728,0.0,167.06599974632263,-4.875979685094811,5
block:20260928T150531Z:500ms,1790631138.447,1790631426.973,SELL,BREAKOUT_ACCEPTANCE,-1.6200000000008004,1.2799999999997453,288.5260000228882,-5.503494234049372,5
block:20260928T150531Z:500ms,1790631732.484,1790632029.9740002,BUY,BREAKOUT_ACCEPTANCE,-0.7600000000002183,0.4099999999998545,297.4900002479553,-2.55051626674039,5
block:20260929T132027Z:500ms,1790699057.493,1790699120.277,BUY,BREAKOUT_ACCEPTANCE,-1.800000000000182,0.0,62.78399991989136,-6.750000000000681,5
block:20260929T132027Z:500ms,1790699873.8620002,1790699913.96,BUY,BREAKOUT_ACCEPTANCE,-4.020000000000437,0.0,40.097999811172485,-14.871487500001594,1
block:20260929T132027Z:500ms,1790700616.7710001,1790700749.964,BUY,BREAKOUT_ACCEPTANCE,-0.36999999999989086,1.680000000000291,133.19299983978271,-1.3275003721871022,5
block:20260929T132027Z:500ms,1790700818.987,1790700970.949,BUY,BREAKOUT_ACCEPTANCE,-3.0999999999994543,0.0,151.96199989318848,-11.091436031969645,5
block:20260929T132027Z:500ms,1790701531.9329998,1790701837.982,BUY,BREAKOUT_ACCEPTANCE,-0.6300000000001091,1.7899999999999636,306.0490002632141,-2.2016589970532303,5
block:20260929T132027Z:500ms,1790702309.458,1790702647.941,BUY,BREAKOUT_ACCEPTANCE,1.9600000000000364,5.5700000000006185,338.4830000400543,6.817241381352306,5
block:20260929T132027Z:500ms,1790703419.9889998,1790703700.473,SELL,BREAKOUT_ACCEPTANCE,-2.1500000000005457,1.8400000000001455,280.48400020599365,-7.588024430494183,5
block:20260929T132027Z:500ms,1790703745.9689999,1790703915.42,BUY,BREAKOUT_ACCEPTANCE,-3.3599999999996726,0.4899999999997817,169.45100021362305,-11.66727577804994,5
block:20260929T132027Z:500ms,1790704009.878,1790704252.98,SELL,BREAKOUT_ACCEPTANCE,-1.9500000000007276,0.819999999999709,243.10199999809265,-6.600552927224554,5
block:20260929T132027Z:500ms,1790705103.4659998,1790705201.9,SELL,BREAKOUT_ACCEPTANCE,-0.3100000000004002,1.3699999999998909,98.43400025367737,-1.0339723849269982,5
block:20260929T132027Z:500ms,1790705479.9580002,1790705778.992,SELL,BREAKOUT_ACCEPTANCE,-0.42000000000007276,1.430000000000291,299.03399991989136,-1.3976087988224921,5
block:20260929T132027Z:500ms,1790706069.359,1790706614.4689999,SELL,BREAKOUT_ACCEPTANCE,4.829999999999927,10.030000000000655,545.1099998950958,16.021872807718285,8
block:20260929T132027Z:500ms,1790707389.476,1790707573.767,SELL,BREAKOUT_ACCEPTANCE,-3.25,0.0,184.29099988937378,-11.171296426103291,5
block:20260929T132027Z:500ms,1790708719.499,1790709051.9699998,SELL,PULLBACK_ACCEPTANCE,0.5700000000006185,1.5399999999999636,332.4709997177124,1.9115162348201369,5
block:20260929T132027Z:500ms,1790709529.8179998,1790709568.708,SELL,BREAKOUT_ACCEPTANCE,-1.2200000000002547,0.0,38.890000104904175,-4.108805823510929,5
block:20260929T132027Z:500ms,1790711031.963,1790711378.985,SELL,BREAKOUT_ACCEPTANCE,1.6900000000005093,5.110000000000582,347.021999835968,5.639627313837896,5
block:20260929T132027Z:500ms,1790711754.922,1790712061.4659998,SELL,BREAKOUT_ACCEPTANCE,-0.3600000000005821,0.6199999999998909,306.5439999103546,-1.2165677233239038,5
block:20261001T171601Z:500ms,1790886039.4529998,1790886343.9,BUY,BREAKOUT_ACCEPTANCE,0.3999999999996362,1.430000000000291,304.44700026512146,1.4999999999986358,5
block:20261001T171601Z:500ms,1790886645.427,1790886648.486,BUY,BREAKOUT_ACCEPTANCE,-4.329999999999927,0.0,3.059000015258789,-16.28621249999968,1
block:20261001T171601Z:500ms,1790887008.57,1790887018.994,BUY,BREAKOUT_ACCEPTANCE,-0.5299999999997453,0.0,10.424000024795532,-1.9287248053115686,5
block:20261001T171601Z:500ms,1790887044.8830001,1790887267.46,BUY,BREAKOUT_ACCEPTANCE,-4.039999999999964,0.0,222.57699990272522,-14.643537399648896,1
block:20261001T171601Z:500ms,1790887588.3379998,1790887788.907,BUY,BREAKOUT_ACCEPTANCE,-1.4400000000005093,1.019999999999527,200.56900024414062,-5.0613284731882064,5
block:20261001T171601Z:500ms,1790888056.9699998,1790888172.418,SELL,BREAKOUT_ACCEPTANCE,0.13000000000010914,5.210000000000036,115.44800019264221,0.45199069190168345,8
block:20261001T171601Z:500ms,1790888228.458,1790888395.999,SELL,BREAKOUT_ACCEPTANCE,-2.5,1.4899999999997817,167.54100012779236,-8.700603515882849,5
block:20261001T171601Z:500ms,1790889837.499,1790889911.1009998,BUY,BREAKOUT_ACCEPTANCE,-4.030000000000655,0.8800000000001091,73.60199975967407,-13.76239712633783,1
block:20261001T171601Z:500ms,1790890435.4060001,1790890730.962,BUY,BREAKOUT_ACCEPTANCE,1.4399999999995998,5.669999999999163,295.5559997558594,4.768947218211213,8
block:20261001T171601Z:500ms,1790892381.496,1790892517.401,SELL,BREAKOUT_ACCEPTANCE,-1.4099999999998545,0.7400000000006912,135.90499997138977,-4.72002576799854,5
block:20261001T171601Z:500ms,1790893636.345,1790893835.474,SELL,BREAKOUT_ACCEPTANCE,-1.5799999999999272,0.0,199.1289999485016,-5.233174583612425,5
block:20261001T171601Z:500ms,1790894429.4129999,1790894490.708,SELL,BREAKOUT_ACCEPTANCE,-2.6599999999998545,0.0,61.295000076293945,-8.705879428075248,5
block:20261001T171601Z:500ms,1790895074.3609998,1790895141.479,BUY,BREAKOUT_ACCEPTANCE,-3.899999999999636,0.0,67.11800026893616,-12.50961233856798,5
block:20261002T071041Z:500ms,1790936041.868,1790936327.803,BUY,BREAKOUT_ACCEPTANCE,-1.5,2.6500000000005457,285.93499994277954,-5.625,5
block:20261002T071041Z:500ms,1790936746.481,1790936839.46,BUY,BREAKOUT_ACCEPTANCE,-1.6300000000001091,0.0,92.97900009155273,-6.043734375000406,5
block:20261002T071041Z:500ms,1790938654.4190001,1790938839.979,BUY,BREAKOUT_ACCEPTANCE,-3.1899999999996,3.449999999999818,185.55999994277954,-11.68332553007665,5
block:20261002T071041Z:500ms,1790939220.992,1790939493.934,BUY,BREAKOUT_ACCEPTANCE,-1.9799999999995634,5.410000000000764,272.94199991226196,-7.078221910408045,5
block:20261002T071041Z:500ms,1790940546.881,1790940573.966,SELL,BREAKOUT_ACCEPTANCE,-1.4699999999993452,0.0,27.085000038146973,-5.177006142981971,5
block:20261002T071041Z:500ms,1790940759.441,1790940960.4499998,SELL,BREAKOUT_ACCEPTANCE,-2.3299999999999272,0.0,201.00899982452393,-8.115262642925535,5
block:20261002T071041Z:500ms,1790941630.6780002,1790941765.9699998,SELL,BREAKOUT_ACCEPTANCE,-1.8299999999999272,0.17000000000007276,135.29199957847595,-6.262407992995636,5
block:20261002T071041Z:500ms,1790942213.864,1790942421.96,BUY,BREAKOUT_ACCEPTANCE,-2.839999999999236,0.5799999999999272,208.09599995613098,-9.58532038193695,5
block:20261002T071041Z:500ms,1790943026.474,1790943478.349,BUY,BREAKOUT_ACCEPTANCE,0.6300000000001091,3.699999999999818,451.875,2.081030431837224,5
block:20261002T071041Z:500ms,1790944684.611,1790944813.461,SELL,BREAKOUT_ACCEPTANCE,-2.8100000000004,0.0,128.84999990463257,-9.325914086926247,5
block:20261002T071041Z:500ms,1790945182.151,1790945345.458,SELL,BREAKOUT_ACCEPTANCE,-3.75,1.5,163.3069999217987,-12.183323550991478,5
block:20261002T071041Z:500ms,1790945634.4659998,1790945905.4540002,BUY,BREAKOUT_ACCEPTANCE,-2.3400000000001455,0.5100000000002183,270.9880003929138,-7.388576567499241,5
block:20261002T071041Z:500ms,1790946384.9689999,1790947068.2700002,SELL,BREAKOUT_ACCEPTANCE,8.220000000000255,10.300000000000182,683.3010003566742,25.499237581469153,5
block:20261002T071041Z:500ms,1790948608.2710001,1790948939.554,BUY,BREAKOUT_ACCEPTANCE,-0.8799999999991996,1.5600000000004002,331.282999753952,-2.8981403538856885,5
block:20261002T071041Z:500ms,1790949605.9580002,1790949820.9950001,BUY,BREAKOUT_ACCEPTANCE,-1.9099999999998545,1.050000000000182,215.0369999408722,-6.248766043892269,5
block:20261002T132739Z:500ms,1790959419.663,1790959519.949,SELL,BREAKOUT_ACCEPTANCE,-0.4099999999998545,4.710000000000036,100.28599977493286,-1.5374999999994543,8
block:20261002T132739Z:500ms,1790959970.988,1790960266.928,SELL,BREAKOUT_ACCEPTANCE,-2.550000000000182,7.199999999999818,295.94000005722046,-9.533095312500691,5
block:20261002T132739Z:500ms,1790961008.999,1790961047.982,SELL,BREAKOUT_ACCEPTANCE,-4.300000000000182,0.0,38.98300004005432,-15.767973301172537,1
block:20261002T132739Z:500ms,1790961113.982,1790961164.7910001,SELL,BREAKOUT_ACCEPTANCE,-4.0900000000001455,0.0,50.80900001525879,-14.514226907776106,1
block:20261002T132739Z:500ms,1790961304.855,1790961325.9740002,BUY,PULLBACK_ACCEPTANCE,-4.240000000000691,0.0,21.11900019645691,-14.584981102420308,1
block:20261002T132739Z:500ms,1790961923.423,1790962358.4889998,SELL,BREAKOUT_ACCEPTANCE,5.220000000000255,9.88000000000011,435.06599974632263,17.38503604517637,8
block:20261002T132739Z:500ms,1790963310.448,1790963605.48,SELL,BREAKOUT_ACCEPTANCE,12.1899999999996,12.1899999999996,295.03200006484985,42.18781569259163,2
block:20261002T132739Z:500ms,1790963683.4689999,1790963997.498,SELL,BREAKOUT_ACCEPTANCE,-0.17000000000007276,3.0600000000004,314.029000043869,-0.6421347207704958,5
block:20261002T132739Z:500ms,1790964102.962,1790964617.968,SELL,BREAKOUT_ACCEPTANCE,3.1700000000000728,7.229999999999563,515.0060000419617,11.9586571578469,8
block:20261002T132739Z:500ms,1790964644.92,1790964683.967,SELL,BREAKOUT_ACCEPTANCE,-2.350000000000364,0.0,39.04699993133545,-9.076021906837346,5
block:20261002T132739Z:500ms,1790964701.481,1790964860.467,SELL,BREAKOUT_ACCEPTANCE,-2.3499999999994543,0.7300000000004729,158.98600006103516,-8.91605702072586,5
block:20261002T132739Z:500ms,1790964931.9889998,1790965065.961,SELL,BREAKOUT_ACCEPTANCE,-0.43000000000029104,3.1899999999996,133.9720001220703,-1.6026944475615885,5
block:20261002T132739Z:500ms,1790965456.849,1790965601.966,SELL,BREAKOUT_ACCEPTANCE,-2.0599999999994907,5.510000000000218,145.11700010299683,-7.6532629335149975,8
block:20261002T132739Z:500ms,1790966191.4659998,1790966272.959,BUY,BREAKOUT_ACCEPTANCE,-3.519999999999527,0.0,81.49300026893616,-12.875374016795927,5
block:20261002T132739Z:500ms,1790966392.848,1790966902.978,SELL,BREAKOUT_ACCEPTANCE,3.149999999999636,8.069999999999709,510.12999987602234,11.217815923202075,8
block:20261002T132739Z:500ms,1790967421.945,1790967680.987,SELL,BREAKOUT_ACCEPTANCE,-2.0299999999997453,2.6700000000000728,259.0420000553131,-7.400050397938662,5
block:20261002T132739Z:500ms,1790968626.459,1790968946.9750001,BUY,BREAKOUT_ACCEPTANCE,0.1000000000003638,3.119999999999891,320.5160000324249,0.3589844645644082,5
block:20261002T132739Z:500ms,1790969602.456,1790969900.324,BUY,BREAKOUT_ACCEPTANCE,-0.5,2.139999999999418,297.867999792099,-1.7962685145576274,5
block:20261002T132739Z:500ms,1790971104.424,1790971128.964,BUY,BREAKOUT_ACCEPTANCE,-1.1300000000001091,0.0,24.539999961853027,-4.044343467239752,5
block:20261002T132739Z:500ms,1790971281.477,1790971572.484,BUY,BREAKOUT_ACCEPTANCE,-0.5500000000001819,1.5200000000004366,291.0069999694824,-1.9518028415891213,5
block:20261005T132049Z:500ms,1791219407.979,1791219659.498,SELL,BREAKOUT_ACCEPTANCE,-2.7299999999995634,1.7399999999997817,251.51899981498718,-10.237499999998363,5
block:20261005T132049Z:500ms,1791222846.4540002,1791223179.903,BUY,PULLBACK_ACCEPTANCE,0.3400000000001455,1.6400000000003274,333.4489998817444,1.2488943750005386,5
block:20261005T132049Z:500ms,1791224146.9390001,1791224559.4940002,SELL,BREAKOUT_ACCEPTANCE,12.100000000000364,12.100000000000364,412.5550000667572,44.559284039532784,2
block:20261005T132049Z:500ms,1791229979.564,1791230362.483,BUY,BREAKOUT_ACCEPTANCE,-1.569999999999709,0.2600000000002183,382.9190001487732,-6.30634473832998,5
historical:1s:seg0,1789573370.976,1789573474.585,BUY,PULLBACK_ACCEPTANCE,-0.9899999999997817,0.0,103.60899996757507,-3.712499999999181,5
historical:1s:seg0,1789573712.96,1789573971.971,BUY,BREAKOUT_ACCEPTANCE,-2.930000000000291,1.8499999999994543,259.010999917984,-10.905917812501102,5
historical:1s:seg0,1789574392.992,1789574468.984,BUY,BREAKOUT_ACCEPTANCE,-1.8100000000004002,0.8899999999994179,75.99199986457825,-6.5890549781967644,5
historical:1s:seg0,1789575169.9910002,1789575465.982,BUY,BREAKOUT_ACCEPTANCE,2.199999999999818,7.899999999999636,295.9909999370575,7.900076698952845,8
historical:1s:seg0,1789576721.619,1789577221.966,SELL,BREAKOUT_ACCEPTANCE,0.3600000000005821,5.0600000000004,500.3470001220703,1.314070030554415,5
historical:1s:seg0,1789577488.9750001,1789577841.873,SELL,BREAKOUT_ACCEPTANCE,2.4200000000000728,5.869999999999891,352.89799976348877,8.85732113198967,5
historical:1s:seg0,1789578167.976,1789578568.9190001,SELL,BREAKOUT_ACCEPTANCE,3.050000000000182,8.550000000000182,400.9430000782013,11.365763887245222,8
historical:1s:seg0,1789579216.937,1789579308.9750001,SELL,BREAKOUT_ACCEPTANCE,-4.1599999999998545,0.0,92.03800010681152,-15.856768479490455,1
historical:1s:seg0,1789580274.8019998,1789580643.792,BUY,BREAKOUT_ACCEPTANCE,1.4600000000000364,3.119999999999891,368.9900002479553,5.391484245740308,5
historical:1s:seg0,1789580682.994,1789581248.8700001,BUY,BREAKOUT_ACCEPTANCE,3.5799999999999272,8.38000000000011,565.8760001659393,13.364976146347047,8
historical:1s:seg0,1789581660.943,1789581735.945,BUY,BREAKOUT_ACCEPTANCE,-4.160000000000764,0.31999999999970896,75.0019998550415,-15.947238867166961,1
historical:1s:seg0,1789583126.6950002,1789583509.8009999,SELL,BREAKOUT_ACCEPTANCE,1.8599999999996726,4.960000000000036,383.10599970817566,6.90779185744726,5
historical:1s:seg0,1789583804.9539998,1789584084.968,BUY,BREAKOUT_ACCEPTANCE,-1.5399999999999636,0.5999999999994543,280.0140001773834,-5.799139544593515,5
historical:1s:seg0,1789584442.957,1789584459.9750001,BUY,BREAKOUT_ACCEPTANCE,-4.0,0.23000000000047294,17.01800012588501,-14.888725929489862,1
historical:1s:seg0,1789586030.748,1789586314.645,BUY,BREAKOUT_ACCEPTANCE,-0.9499999999998181,0.9500000000007276,283.8970000743866,-3.4299902360055707,5
historical:1s:seg0,1789586479.985,1789587086.985,SELL,BREAKOUT_ACCEPTANCE,0.9799999999995634,3.7399999999997817,607.0,3.5130952889070604,5
historical:1s:seg0,1789587515.885,1789587658.997,SELL,BREAKOUT_ACCEPTANCE,-2.630000000000109,0.0,143.1119999885559,-9.497296426849273,5
historical:1s:seg0,1789588200.959,1789588507.852,SELL,BREAKOUT_ACCEPTANCE,-0.27000000000043656,1.8999999999996362,306.89299988746643,-0.9557755927026499,5
historical:1s:seg0,1789588674.757,1789588824.815,BUY,BREAKOUT_ACCEPTANCE,-0.7700000000004366,0.6199999999998909,150.05800008773804,-2.7202107899531307,5
historical:1s:seg0,1789588880.992,1789589146.966,SELL,PULLBACK_ACCEPTANCE,-1.4700000000002547,0.6899999999995998,265.9739999771118,-5.163139365949239,5
historical:1s:seg0,1789589431.949,1789589685.903,SELL,BREAKOUT_ACCEPTANCE,-1.3400000000001455,0.36999999999989086,253.95400023460388,-4.654645653706581,5
historical:1s:seg0,1789590116.973,1789590295.6430001,SELL,BREAKOUT_ACCEPTANCE,-1.9299999999993815,0.2000000000007276,178.67000007629395,-6.636703191961011,5
historical:1s:seg0,1789590453.8860002,1789590698.9740002,BUY,BREAKOUT_ACCEPTANCE,-1.0399999999999636,1.0300000000006548,245.0880000591278,-3.524488284865101,5
historical:1s:seg0,1789590781.792,1789590971.9539998,BUY,BREAKOUT_ACCEPTANCE,-1.639999999999418,1.1300000000001091,190.1619997024536,-5.51449570484321,5
historical:1s:seg0,1789591658.9910002,1789591713.978,SELL,BREAKOUT_ACCEPTANCE,-2.0999999999994543,0.0,54.98699975013733,-6.974391192753521,5
historical:1s:seg0,1789592041.932,1789592395.957,BUY,PULLBACK_ACCEPTANCE,14.5,14.5,354.02500009536743,47.39804557443204,2
historical:1s:seg0,1789593113.999,1789593249.952,SELL,BREAKOUT_ACCEPTANCE,2.3299999999999272,7.380000000000109,135.95299983024597,8.444656445614774,8
historical:1s:seg0,1789593939.956,1789594155.95,SELL,BREAKOUT_ACCEPTANCE,-4.050000000000182,0.9599999999991269,215.99399995803833,-14.934986527407853,1
historical:1s:seg0,1789594275.981,1789594294.9950001,SELL,BREAKOUT_ACCEPTANCE,-4.010000000000218,1.0399999999999636,19.014000177383423,-14.338310767819308,1
historical:1s:seg0,1789594358.949,1789594413.957,SELL,BREAKOUT_ACCEPTANCE,2.6500000000005457,8.530000000000655,55.00800013542175,9.190468351476296,8
historical:1s:seg0,1789595456.965,1789595560.96,SELL,BREAKOUT_ACCEPTANCE,12.390000000000327,12.390000000000327,103.99500012397766,43.823798941285816,2
historical:1s:seg0,1789596435.9689999,1789596443.926,SELL,BREAKOUT_ACCEPTANCE,-4.8100000000004,0.0,7.957000255584717,-18.59405677583016,1
historical:1s:seg0,1789598477.99,1789598525.99,BUY,BREAKOUT_ACCEPTANCE,-4.319999999999709,2.3400000000001455,48.0,-16.09741228428314,1
historical:1s:seg0,1789598758.8969998,1789598788.981,BUY,BREAKOUT_ACCEPTANCE,-1.1000000000003638,0.8299999999999272,30.08400011062622,-3.9660744765987186,5
historical:1s:seg0,1789599008.984,1789599124.992,BUY,PULLBACK_ACCEPTANCE,-4.1599999999998545,2.7299999999995634,116.00800013542175,-14.875231042370704,1
historical:1s:seg0,1789618965.99,1789619384.8860002,BUY,PULLBACK_ACCEPTANCE,0.7799999999997453,3.7399999999997817,418.89600014686584,2.7020857188458534,5
historical:1s:seg0,1789621571.956,1789621974.997,SELL,BREAKOUT_ACCEPTANCE,12.329999999999927,12.329999999999927,403.0409998893738,42.9636150093888,2
historical:1s:seg0,1789623076.9859998,1789623547.99,SELL,BREAKOUT_ACCEPTANCE,0.9400000000005093,3.6400000000003274,471.00400018692017,3.578302902592315,5
historical:1s:seg0,1789623800.498,1789623920.964,BUY,BREAKOUT_ACCEPTANCE,-4.010000000000218,0.25,120.46600008010864,-15.372505374038226,1
historical:1s:seg0,1789624063.5900002,1789624644.96,SELL,BREAKOUT_ACCEPTANCE,3.4600000000000364,8.590000000000146,581.3699998855591,12.865140491571118,5
historical:1s:seg0,1789635356.8,1789636432.893,BUY,BREAKOUT_ACCEPTANCE,4.649999999999636,7.089999999999236,1076.0929999351501,17.73852821562628,5
historical:1s:seg0,1789636479.9539998,1789636511.9950001,BUY,BREAKOUT_ACCEPTANCE,-1.2799999999997453,0.9000000000005457,32.04100036621094,-5.053153551729957,5
historical:1s:seg0,1789636951.6729999,1789636996.982,BUY,BREAKOUT_ACCEPTANCE,-2.5900000000001455,0.0,45.30900025367737,-10.126582882088835,5
historical:1s:seg0,1789637382.94,1789637704.868,BUY,BREAKOUT_ACCEPTANCE,0.36999999999989086,3.4799999999995634,321.9279999732971,1.4185534299429656,5
historical:1s:seg0,1789638551.932,1789638601.9539998,BUY,BREAKOUT_ACCEPTANCE,-1.6500000000005457,0.5199999999995271,50.02199983596802,-6.343536110607329,5
historical:1s:seg0,1789639005.8339999,1789640105.856,BUY,BREAKOUT_ACCEPTANCE,12.609999999999673,12.609999999999673,1100.0220000743866,47.88005422672107,2
historical:1s:seg0,1789641013.985,1789641314.772,BUY,BREAKOUT_ACCEPTANCE,-0.7699999999995271,2.6400000000003274,300.78700017929077,-3.2001902437343652,5
historical:1s:seg0,1789642086.948,1789642215.7580001,BUY,BREAKOUT_ACCEPTANCE,-3.2899999999999636,0.0,128.81000018119812,-13.594575438063664,5
historical:1s:seg0,1789642616.984,1789642772.951,SELL,BREAKOUT_ACCEPTANCE,-4.059999999999491,0.0,155.9670000076294,-16.362329761051488,1
historical:1s:seg0,1789643476.971,1789643837.992,SELL,BREAKOUT_ACCEPTANCE,1.7100000000000364,5.739999999999782,361.02100014686584,6.6816762467756305,5
historical:1s:seg0,1789643950.972,1789644321.922,SELL,BREAKOUT_ACCEPTANCE,0.28000000000065484,2.0900000000001455,370.9500000476837,1.108107162867684,5
historical:1s:seg0,1789645489.964,1789645839.908,SELL,BREAKOUT_ACCEPTANCE,1.110000000000582,3.0799999999999272,349.94400000572205,4.402078387776941,5
historical:1s:seg0,1789646346.9689999,1789646407.9740002,SELL,BREAKOUT_ACCEPTANCE,-2.5999999999994543,0.0,61.0050003528595,-10.397015130554102,5
historical:1s:seg0,1789646487.8209999,1789647094.98,BUY,BREAKOUT_ACCEPTANCE,0.7899999999999636,2.8099999999994907,607.1590001583099,3.097490744251119,5
historical:1s:seg0,1789647191.928,1789647250.822,BUY,BREAKOUT_ACCEPTANCE,-2.630000000000109,0.13000000000010914,58.89400005340576,-10.372997571235613,5
historical:1s:seg0,1789647574.924,1789647869.9129999,SELL,BREAKOUT_ACCEPTANCE,-0.3500000000003638,0.819999999999709,294.9889998435974,-1.3532078205146754,5
historical:1s:seg0,1789648016.7779999,1789648356.9889998,SELL,BREAKOUT_ACCEPTANCE,0.3599999999996726,3.889999999999418,340.2109999656677,1.3882172399827102,5
historical:1s:seg0,1789649306.387,1789649528.997,SELL,BREAKOUT_ACCEPTANCE,-4.050000000000182,0.07999999999992724,222.60999989509583,-15.65961104848487,1
historical:1s:seg0,1789655611.945,1789655764.5740001,SELL,BREAKOUT_ACCEPTANCE,-1.6099999999996726,0.6400000000003274,152.62900018692017,-6.036088909689433,5
historical:1s:seg0,1789655866.999,1789656010.484,SELL,BREAKOUT_ACCEPTANCE,-1.0600000000004002,0.42999999999938154,143.48499989509583,-3.9260840523446676,5
historical:1s:seg0,1789656044.6,1789656172.82,SELL,BREAKOUT_ACCEPTANCE,-1.7100000000000364,0.0,128.22000002861023,-6.283236396091876,5
historical:1s:seg0,1789656482.626,1789656932.997,BUY,BREAKOUT_ACCEPTANCE,12.039999999999964,12.039999999999964,450.3710000514984,43.67248703351732,2
historical:1s:seg0,1789657065.719,1789657165.932,BUY,PULLBACK_ACCEPTANCE,1.930000000000291,7.460000000000036,100.21299982070923,7.63281539388845,8
historical:1s:seg0,1789657248.983,1789657302.9459999,BUY,BREAKOUT_ACCEPTANCE,-4.0600000000004,0.07999999999992724,53.96299982070923,-16.289015342311536,1
historical:1s:seg0,1789657740.96,1789657744.968,BUY,BREAKOUT_ACCEPTANCE,-0.10999999999967258,0.31999999999970896,4.007999897003174,-0.42788956422656366,5
historical:1s:seg0,1789658188.973,1789658488.9580002,BUY,BREAKOUT_ACCEPTANCE,13.679999999999382,13.679999999999382,299.9850001335144,53.170000700133535,2
historical:1s:seg0,1789658863.976,1789659003.959,BUY,BREAKOUT_ACCEPTANCE,-4.639999999999418,2.4700000000002547,139.98300004005432,-19.884585267683114,1
historical:1s:seg0,1789660206.943,1789660664.696,BUY,PULLBACK_ACCEPTANCE,3.5399999999999636,6.660000000000764,457.75300002098083,14.642631469678866,5
historical:1s:seg0,1789660809.9910002,1789660832.962,SELL,BREAKOUT_ACCEPTANCE,-4.489999999999782,0.0,22.970999717712402,-19.065241829107404,1
historical:1s:seg0,1789661141.82,1789661220.937,SELL,BREAKOUT_ACCEPTANCE,-3.180000000000291,0.8299999999999272,79.11700010299683,-13.048071046199807,5
historical:1s:seg0,1789661554.957,1789661692.906,SELL,BREAKOUT_ACCEPTANCE,-4.239999999999782,1.550000000000182,137.94899988174438,-16.982499402328123,1
historical:1s:seg0,1789661741.9859998,1789662180.98,BUY,BREAKOUT_ACCEPTANCE,2.3099999999994907,5.769999999999527,438.9940001964569,8.958036126951741,5
historical:1s:seg0,1789662220.793,1789662601.994,SELL,BREAKOUT_ACCEPTANCE,1.9000000000005457,3.8100000000004,381.20099997520447,7.495733677673579,5
historical:1s:seg0,1789662707.864,1789662743.9889998,SELL,BREAKOUT_ACCEPTANCE,-3.1899999999996,0.5200000000004366,36.12499976158142,-12.764277760748238,5
historical:1s:seg0,1789662797.996,1789662828.926,BUY,BREAKOUT_ACCEPTANCE,-3.699999999999818,0.0,30.930000066757202,-14.450752958212009,5
historical:1s:seg0,1789662897.648,1789662996.978,BUY,BREAKOUT_ACCEPTANCE,-5.25,1.610000000000582,99.32999992370605,-19.935448367301962,1
historical:1s:seg0,1789663206.9910002,1789663585.966,SELL,BREAKOUT_ACCEPTANCE,-0.19000000000050932,4.3799999999992,378.97499990463257,-0.6930653555617619,5
historical:1s:seg0,1789664624.947,1789664717.956,BUY,BREAKOUT_ACCEPTANCE,-2.1599999999998545,0.0,93.0090000629425,-7.867831120236172,5
historical:1s:seg0,1789664768.764,1789665092.982,BUY,BREAKOUT_ACCEPTANCE,0.8100000000004002,6.850000000000364,324.2180001735687,2.902639596034762,5
historical:1s:seg0,1789665662.944,1789665748.999,SELL,BREAKOUT_ACCEPTANCE,-4.190000000000509,0.0,86.0550000667572,-15.10610422385,1
historical:1s:seg0,1789666005.965,1789666049.9180002,BUY,BREAKOUT_ACCEPTANCE,-3.5900000000001455,0.0,43.95300030708313,-12.536207084970226,5
historical:1s:seg0,1789666217.963,1789666499.884,SELL,BREAKOUT_ACCEPTANCE,-1.4900000000006912,3.4099999999998545,281.9210000038147,-5.0629576230436495,5
historical:1s:seg0,1789666799.9910002,1789667100.6499999,SELL,BREAKOUT_ACCEPTANCE,-0.3999999999996362,1.4400000000005093,300.6589996814728,-1.3439943816373783,5
historical:1s:seg0,1789667460.959,1789667509.871,SELL,BREAKOUT_ACCEPTANCE,-2.380000000000109,0.0,48.91199994087219,-7.972776271037811,5
historical:1s:seg0,1789667635.881,1789668157.9910002,SELL,BREAKOUT_ACCEPTANCE,1.660000000000764,3.8900000000003274,522.1100001335144,5.4615828891769,5
historical:1s:seg0,1789668893.996,1789669248.668,BUY,BREAKOUT_ACCEPTANCE,-0.6300000000001091,2.259999999999309,354.67199993133545,-2.09857538889863,5
historical:1s:seg0,1789670131.733,1789670824.967,BUY,BREAKOUT_ACCEPTANCE,3.119999999999891,5.800000000000182,693.2339999675751,10.343838119014636,5
historical:1s:seg0,1789671128.9580002,1789671283.672,BUY,BREAKOUT_ACCEPTANCE,-1.4699999999993452,0.0,154.71399974822998,-4.987579929026597,5
historical:1s:seg0,1789671518.945,1789671871.971,BUY,BREAKOUT_ACCEPTANCE,0.21000000000003638,3.4899999999997817,353.0260000228882,0.7046559800445935,5
historical:1s:seg0,1789673162.966,1789673398.915,SELL,BREAKOUT_ACCEPTANCE,-3.2000000000007276,0.8099999999994907,235.94899988174438,-10.75452667753451,5
historical:1s:seg0,1789673609.871,1789673944.909,SELL,PULLBACK_ACCEPTANCE,1.3699999999998909,3.0599999999994907,335.03799986839294,4.49377897220639,5
historical:1s:seg0,1789674174.997,1789674234.8769999,SELL,BREAKOUT_ACCEPTANCE,-0.6399999999994179,0.18000000000029104,59.87999987602234,-2.120853746518909,5
historical:1s:seg0,1789674609.9910002,1789674825.982,SELL,BREAKOUT_ACCEPTANCE,-2.7600000000002183,1.0299999999997453,215.9909999370575,-9.102280109318892,5
historical:1s:seg0,1789678088.967,1789678232.972,SELL,BREAKOUT_ACCEPTANCE,-1.1599999999998545,0.3400000000001455,144.00499987602234,-3.7464061510227595,5
historical:1s:seg0,1789680606.9390001,1789681138.528,SELL,BREAKOUT_ACCEPTANCE,3.9400000000005093,6.860000000000582,531.5889999866486,12.614155969817809,5
historical:1s:seg0,1789681578.984,1789681689.9129999,SELL,BREAKOUT_ACCEPTANCE,-1.6199999999998909,0.0,110.92899990081787,-5.339793129830443,5
historical:1s:seg0,1789681872.999,1789681883.932,SELL,BREAKOUT_ACCEPTANCE,-0.9200000000000728,0.0,10.932999849319458,-2.995630538172516,5
historical:1s:seg0,1789682508.922,1789682795.9580002,BUY,BREAKOUT_ACCEPTANCE,-1.1499999999996362,0.0,287.03600025177,-3.7187008593224347,5
historical:1s:seg0,1789705293.812,1789705512.924,BUY,BREAKOUT_ACCEPTANCE,-3.050000000000182,0.0,219.1119999885559,-9.77757612735403,5
historical:1s:seg0,1789705920.961,1789706281.927,SELL,BREAKOUT_ACCEPTANCE,2.769999999999527,6.119999999999891,360.96600008010864,8.67683343718849,5
historical:1s:seg0,1789706589.508,1789706854.891,SELL,BREAKOUT_ACCEPTANCE,-1.5200000000004366,2.5799999999999272,265.38300013542175,-4.860210783686702,5
historical:1s:seg0,1789708569.927,1789708676.911,BUY,BREAKOUT_ACCEPTANCE,-2.800000000000182,0.23999999999978172,106.98399996757507,-8.850955438226611,5
historical:1s:seg0,1789712262.963,1789712808.972,SELL,BREAKOUT_ACCEPTANCE,0.25,3.519999999999527,546.0089998245239,0.773668336966364,5
historical:1s:seg0,1789713300.9859998,1789714215.345,BUY,BREAKOUT_ACCEPTANCE,6.520000000000437,9.3700000000008,914.3590002059937,20.215102609761786,5
historical:1s:seg0,1789721887.371,1789722217.8990002,BUY,BREAKOUT_ACCEPTANCE,7.479999999999563,11.680000000000291,330.52800011634827,24.325626692143643,8
historical:1s:seg0,1789722616.289,1789722912.984,BUY,BREAKOUT_ACCEPTANCE,-0.9200000000000728,0.9200000000000728,296.6949999332428,-3.159768823744685,5
historical:1s:seg0,1789723465.95,1789723817.9190001,BUY,BREAKOUT_ACCEPTANCE,0.36999999999989086,2.4200000000000728,351.9690001010895,1.2620082336718244,5
historical:1s:seg0,1789724461.6169999,1789724820.666,BUY,BREAKOUT_ACCEPTANCE,0.23000000000047294,0.9600000000000364,359.04900002479553,0.7866685689198507,5
historical:1s:seg0,1789726062.909,1789726215.96,BUY,BREAKOUT_ACCEPTANCE,-1.5600000000004002,1.300000000000182,153.05100011825562,-5.344869098398794,5
historical:1s:seg0,1789726468.236,1789726615.977,SELL,BREAKOUT_ACCEPTANCE,-3.350000000000364,0.0,147.7409999370575,-11.343473932898426,5
historical:1s:seg0,1789727382.826,1789727511.9950001,BUY,BREAKOUT_ACCEPTANCE,-2.5599999999994907,1.319999999999709,129.1690001487732,-8.450651052193182,5
historical:1s:seg0,1789728038.908,1789728132.934,SELL,BREAKOUT_ACCEPTANCE,-2.4700000000002547,0.7799999999997453,94.02600002288818,-7.997009540400083,5
historical:1s:seg0,1789728323.8300002,1789728941.962,BUY,BREAKOUT_ACCEPTANCE,0.5799999999999272,3.769999999999527,618.1319997310638,1.8430533054348872,5
historical:1s:seg0,1789730945.569,1789731283.908,SELL,BREAKOUT_ACCEPTANCE,0.010000000000218279,1.8299999999999272,338.33899998664856,0.03191501012679594,5
historical:1s:seg0,1789735453.976,1789735828.723,SELL,BREAKOUT_ACCEPTANCE,1.7999999999992724,3.949999999999818,374.74699997901917,5.745132675332265,5
historical:1s:seg1,1789741745.9689999,1789741950.817,SELL,BREAKOUT_ACCEPTANCE,-1.8499999999994543,1.5800000000008367,204.84800004959106,-6.937499999997953,5
historical:1s:seg1,1789742173.568,1789742280.667,BUY,BREAKOUT_ACCEPTANCE,-2.8099999999994907,0.0,107.09899997711182,-10.39129218749816,5
historical:1s:seg1,1789742587.753,1789742913.921,SELL,PULLBACK_ACCEPTANCE,0.0500000000001819,1.7200000000002547,326.16799998283386,0.18100170293034745,5
historical:1s:seg1,1789743093.981,1789743377.9299998,SELL,BREAKOUT_ACCEPTANCE,-1.2100000000000364,0.3900000000003274,283.9489998817444,-4.381883801352698,5
historical:1s:seg1,1789743567.8070002,1789743779.976,BUY,BREAKOUT_ACCEPTANCE,-4.220000000000255,2.380000000000109,212.16899991035461,-15.143585808851597,1
historical:1s:seg1,1789743964.941,1789744166.993,SELL,BREAKOUT_ACCEPTANCE,-1.139999999999418,1.3500000000003638,202.05200004577637,-3.9614436261876937,5
historical:1s:seg1,1789744812.943,1789745228.9859998,SELL,BREAKOUT_ACCEPTANCE,12.199999999999818,12.199999999999818,416.0429997444153,42.03192460953174,2
historical:1s:seg1,1789745261.627,1789745372.978,SELL,PULLBACK_ACCEPTANCE,-4.140000000000327,0.22999999999956344,111.35099983215332,-15.568383708591456,1
historical:1s:seg1,1789746099.742,1789746241.924,SELL,BREAKOUT_ACCEPTANCE,-2.100000000000364,1.0499999999992724,142.1819999217987,-7.651804185586052,5
historical:1s:seg1,1789747213.9750001,1789747341.9950001,BUY,BREAKOUT_ACCEPTANCE,-3.380000000000109,2.4099999999998545,128.0199999809265,-12.121787786408342,5
historical:1s:seg1,1789748479.904,1789748913.949,SELL,BREAKOUT_ACCEPTANCE,1.0599999999994907,4.539999999999964,434.04499983787537,3.7051391994017258,5
historical:1s:seg1,1789749133.99,1789749479.985,SELL,BREAKOUT_ACCEPTANCE,2.7200000000002547,7.280000000000655,345.9949998855591,9.58311184191165,8
historical:1s:seg1,1789750300.976,1789750359.9889998,SELL,BREAKOUT_ACCEPTANCE,-4.010000000000218,0.0,59.01299977302551,-14.416255649698531,1
historical:1s:seg1,1789750440.98,1789750737.559,SELL,BREAKOUT_ACCEPTANCE,-0.17000000000007276,2.3099999999994907,296.5789999961853,-0.5927822317647475,5
historical:1s:seg1,1789751899.966,1789752145.881,SELL,PULLBACK_ACCEPTANCE,0.8500000000003638,6.8400000000001455,245.91499996185303,2.9601321720962357,8
historical:1s:seg1,1789752518.994,1789752815.652,SELL,BREAKOUT_ACCEPTANCE,-1.4399999999995998,2.2200000000002547,296.6579999923706,-5.046781577829891,5
historical:1s:seg1,1789753587.996,1789753623.945,BUY,BREAKOUT_ACCEPTANCE,-2.5799999999999272,0.0,35.948999881744385,-8.94449510341647,5
historical:1s:seg1,1789753784.893,1789754157.972,BUY,BREAKOUT_ACCEPTANCE,1.5,5.740000000000691,373.0789999961853,5.099662280910241,5
historical:1s:seg1,1789754979.8609998,1789755272.9550002,SELL,BREAKOUT_ACCEPTANCE,-1.2100000000000364,2.9099999999998545,293.09400033950806,-4.160007008466981,5
historical:1s:seg1,1789755341.9580002,1789755654.32,BUY,BREAKOUT_ACCEPTANCE,-0.17000000000007276,1.6300000000001091,312.36199975013733,-0.5791597856424405,5
historical:1s:seg1,1789756173.98,1789756313.996,BUY,BREAKOUT_ACCEPTANCE,-1.199999999999818,0.6900000000005093,140.01600003242493,-4.082974284108781,5
historical:1s:seg1,1789757206.592,1789757417.6590002,BUY,BREAKOUT_ACCEPTANCE,-1.25,1.1700000000000728,211.06700015068054,-4.21482032870044,5
historical:1s:seg1,1789757678.648,1789757802.9750001,SELL,BREAKOUT_ACCEPTANCE,-3.389999999999418,0.3600000000005821,124.3270001411438,-11.323430924576437,5
historical:1s:seg1,1789758165.9950001,1789758295.8739998,BUY,BREAKOUT_ACCEPTANCE,-0.8200000000006185,0.0,129.878999710083,-2.6693618904218486,5
historical:1s:seg1,1789758582.988,1789758913.959,BUY,PULLBACK_ACCEPTANCE,0.2600000000002183,4.800000000000182,330.97100019454956,0.8411777827401851,8
historical:1s:seg1,1789758972.84,1789759030.978,BUY,BREAKOUT_ACCEPTANCE,-1.4399999999995998,0.010000000000218279,58.13800001144409,-4.667915516763256,5
historical:1s:seg1,1789759147.951,1789759617.997,BUY,BREAKOUT_ACCEPTANCE,3.2799999999997453,5.850000000000364,470.0460000038147,10.51764351091718,5
historical:1s:seg1,1789759763.973,1789760164.9529998,BUY,BREAKOUT_ACCEPTANCE,4.010000000000218,8.88000000000011,400.9799997806549,13.174778640415077,8
historical:1s:seg1,1789761807.9129999,1789762123.711,BUY,BREAKOUT_ACCEPTANCE,0.4099999999998545,1.0900000000001455,315.7980000972748,1.3875596369796037,5
historical:1s:seg1,1789763209.78,1789763515.704,BUY,PULLBACK_ACCEPTANCE,0.09000000000014552,1.3800000000001091,305.92400002479553,0.305522864531574,5
historical:1s:seg1,1789763596.519,1789764006.909,BUY,BREAKOUT_ACCEPTANCE,3.5499999999992724,7.069999999999709,410.3899998664856,12.05931420276939,5
historical:1s:seg1,1789764635.752,1789764686.62,BUY,BREAKOUT_ACCEPTANCE,-2.3400000000001455,0.0,50.867999792099,-8.160597368339717,5
historical:1s:seg1,1789765755.934,1789765860.959,SELL,BREAKOUT_ACCEPTANCE,-1.5399999999999636,0.43000000000029104,105.02500009536743,-5.276394650499134,5
historical:1s:seg1,1789767083.43,1789767408.607,SELL,PULLBACK_ACCEPTANCE,0.05999999999949068,0.4399999999995998,325.17700004577637,0.20319943995746967,5
historical:1s:seg1,1789767536.627,1789768061.9129999,SELL,BREAKOUT_ACCEPTANCE,2.6599999999998545,5.4099999999998545,525.2859997749329,9.012562333684285,5
historical:1s:seg1,1789768502.8830001,1789768642.9750001,SELL,BREAKOUT_ACCEPTANCE,-1.769999999999527,0.0,140.0920000076294,-6.116722716339699,5
historical:1s:seg1,1789768887.776,1789769043.867,SELL,BREAKOUT_ACCEPTANCE,-1.449999999999818,0.5100000000002183,156.09100008010864,-4.944355182094741,5
historical:1s:seg1,1789769532.907,1789769641.8579998,BUY,BREAKOUT_ACCEPTANCE,-2.6799999999993815,0.0,108.95099973678589,-9.039150797400273,5
historical:1s:seg2,1789770368.963,1789770881.9980001,SELL,BREAKOUT_ACCEPTANCE,-0.8899999999994179,1.3700000000008004,513.0350000858307,-3.337499999997817,5
historical:1s:seg2,1789963664.521,1789963943.9980001,BUY,BREAKOUT_ACCEPTANCE,-2.8599999999996726,1.050000000000182,279.47700023651123,-10.653410624998827,5
historical:1s:seg2,1789965666.856,1789965747.959,BUY,BREAKOUT_ACCEPTANCE,-2.1900000000005093,0.25,81.10300016403198,-7.982699292986286,5
historical:1s:seg2,1789967139.973,1789967208.526,SELL,BREAKOUT_ACCEPTANCE,-0.41999999999916326,1.2800000000006548,68.55299997329712,-1.5057831287553538,5
historical:1s:seg2,1789967410.961,1789968363.924,SELL,BREAKOUT_ACCEPTANCE,8.510000000000218,11.699999999999818,952.9630000591278,30.413927738792708,5
historical:1s:seg2,1789969254.263,1789969421.795,SELL,BREAKOUT_ACCEPTANCE,-4.0900000000001455,0.7100000000000364,167.53200006484985,-15.55021685167932,1
historical:1s:seg2,1789981452.9689999,1789981493.865,SELL,BREAKOUT_ACCEPTANCE,-1.3700000000008004,0.2599999999993088,40.896000146865845,-5.048973865812804,5
historical:1s:seg2,1789984600.9740002,1789984681.5900002,BUY,BREAKOUT_ACCEPTANCE,-0.8899999999994179,0.2600000000002183,80.6159999370575,-3.2462884210280802,5
historical:1s:seg2,1789984857.952,1789984947.9139998,SELL,BREAKOUT_ACCEPTANCE,-4.170000000000073,0.3900000000003274,89.96199989318848,-15.108610212437046,1
historical:1s:seg2,1789985178.86,1789985307.407,BUY,BREAKOUT_ACCEPTANCE,-1.480000000000473,0.21000000000003638,128.54700016975403,-5.1945829432878385,5
historical:1s:seg2,1789985467.992,1789985672.96,SELL,PULLBACK_ACCEPTANCE,-3.1099999999996726,3.0399999999999636,204.96799993515015,-10.794480240427767,5
historical:1s:seg2,1789985819.575,1789986006.773,BUY,BREAKOUT_ACCEPTANCE,-1.2899999999999636,0.7700000000004366,187.19799995422363,-4.373016622372543,5
historical:1s:seg2,1789988289.722,1789988553.9740002,SELL,BREAKOUT_ACCEPTANCE,-1.5399999999999636,1.819999999999709,264.25200033187866,-5.169992121929232,5
historical:1s:seg2,1789993188.7619998,1789993231.971,SELL,BREAKOUT_ACCEPTANCE,-2.550000000000182,0.0,43.20900011062622,-8.461825141525754,5
historical:1s:seg2,1789993728.973,1789994227.9750001,SELL,BREAKOUT_ACCEPTANCE,4.789999999999964,8.610000000000582,499.0020000934601,15.59096674665546,5
historical:1s:seg3,1790003799.8460002,1790003822.9950001,BUY,BREAKOUT_ACCEPTANCE,-2.9899999999997817,0.0,23.1489999294281,-11.212499999999181,5
historical:1s:seg3,1790004014.911,1790004463.928,SELL,BREAKOUT_ACCEPTANCE,12.159999999999854,12.159999999999854,449.0169999599457,44.57741999999954,2
historical:1s:seg3,1790005015.968,1790005178.945,SELL,BREAKOUT_ACCEPTANCE,-4.550000000000182,0.3500000000003638,162.97699999809265,-18.20107789500074,1
historical:1s:seg3,1790006945.962,1790007253.924,BUY,BREAKOUT_ACCEPTANCE,0.06000000000040018,0.8599999999996726,307.96200013160706,0.231823728948796,5
historical:1s:seg3,1790007738.957,1790007761.937,BUY,BREAKOUT_ACCEPTANCE,-2.5399999999999636,0.0999999999994543,22.980000019073486,-9.818287434136575,5
historical:1s:seg3,1790008342.8969998,1790008658.9889998,SELL,BREAKOUT_ACCEPTANCE,1.300000000000182,5.180000000000291,316.0920000076294,4.929379439398856,5
historical:1s:seg3,1790008984.951,1790009044.879,SELL,BREAKOUT_ACCEPTANCE,-2.3100000000004,0.3500000000003638,59.92799997329712,-8.84452957956586,5
historical:1s:seg3,1790009708.94,1790010208.927,SELL,BREAKOUT_ACCEPTANCE,12.110000000000582,12.110000000000582,499.9869999885559,45.56347188168444,2
historical:1s:seg3,1790018368.976,1790018519.6739998,BUY,BREAKOUT_ACCEPTANCE,-2.5399999999999636,0.36999999999989086,150.69799971580505,-10.424649587692173,5
historical:1s:seg3,1790047336.541,1790047402.964,SELL,BREAKOUT_ACCEPTANCE,-3.380000000000109,0.0,66.42300009727478,-13.60790663153514,5
historical:1s:seg4,1790052417.972,1790052780.684,SELL,PULLBACK_ACCEPTANCE,-0.15999999999985448,3.9200000000000728,362.71200013160706,-0.5999999999994543,5
recent24h:1s:seg0,1790191804.972,1790192132.808,BUY,BREAKOUT_ACCEPTANCE,-0.2899999999999636,1.1200000000008004,327.8360002040863,-1.0874999999998636,5
recent24h:1s:seg0,1790192197.967,1790192477.993,BUY,BREAKOUT_ACCEPTANCE,-1.2100000000000364,0.8100000000004002,280.0260000228882,-4.527630937500137,5
recent24h:1s:seg0,1790192978.652,1790193264.9180002,SELL,BREAKOUT_ACCEPTANCE,-1.5599999999994907,2.8200000000006185,286.2660002708435,-5.784302968029361,5
recent24h:1s:seg0,1790193746.977,1790194035.9740002,SELL,BREAKOUT_ACCEPTANCE,-1.550000000000182,2.8499999999994543,288.99700021743774,-5.679981580848888,5
recent24h:1s:seg0,1790194554.994,1790194664.993,SELL,BREAKOUT_ACCEPTANCE,-1.7999999999992724,0.2899999999999636,109.99900007247925,-6.519427890931259,5
recent24h:1s:seg0,1790194895.916,1790195157.78,BUY,BREAKOUT_ACCEPTANCE,-1.7100000000000364,0.21000000000003638,261.864000082016,-6.109844833686136,5
recent24h:1s:seg0,1790195520.95,1790195820.978,SELL,BREAKOUT_ACCEPTANCE,-0.6099999999996726,1.0,300.0279998779297,-2.15158275143354,5
recent24h:1s:seg0,1790195836.982,1790195931.964,BUY,BREAKOUT_ACCEPTANCE,-1.860000000000582,0.009999999999308784,94.98199987411499,-6.530549220076156,5
recent24h:1s:seg0,1790195965.868,1790196051.952,SELL,BREAKOUT_ACCEPTANCE,-1.8999999999996362,2.6400000000003274,86.08399987220764,-6.57793081239804,5
recent24h:1s:seg0,1790196186.965,1790196692.957,BUY,PULLBACK_ACCEPTANCE,1.7600000000002183,3.8200000000006185,505.9920001029968,6.006412486868021,5
recent24h:1s:seg0,1790198858.994,1790199111.966,SELL,BREAKOUT_ACCEPTANCE,-1.0299999999997453,2.119999999999891,252.9720001220703,-3.5615159350245467,5
recent24h:1s:seg0,1790199912.959,1790200107.966,SELL,BREAKOUT_ACCEPTANCE,-2.1099999999996726,0.3000000000001819,195.00699996948242,-7.239560003437455,5
recent24h:1s:seg0,1790200541.8209999,1790200841.9529998,BUY,BREAKOUT_ACCEPTANCE,-0.42000000000007276,1.0299999999997453,300.1319999694824,-1.418245244493779,5
recent24h:1s:seg0,1790203083.959,1790203297.859,SELL,BREAKOUT_ACCEPTANCE,-3.0999999999994543,0.3100000000004002,213.89999985694885,-10.43502641218262,5
recent24h:1s:seg0,1790203734.921,1790203958.9699998,BUY,BREAKOUT_ACCEPTANCE,-0.6100000000005821,0.6300000000001091,224.04899978637695,-2.0056036610798937,5
recent24h:1s:seg0,1790204098.212,1790204380.971,SELL,BREAKOUT_ACCEPTANCE,-1.230000000000473,0.9200000000000728,282.7590000629425,-4.025584376926307,5
recent24h:1s:seg0,1790225849.967,1790226546.607,SELL,BREAKOUT_ACCEPTANCE,5.609999999999673,6.9399999999996,696.6400001049042,18.191215695508795,5
recent24h:1s:seg0,1790227162.692,1790227230.798,BUY,BREAKOUT_ACCEPTANCE,-2.4899999999997817,0.0,68.10600018501282,-8.413896903526354,5
recent24h:1s:seg0,1790227944.723,1790228304.9740002,BUY,BREAKOUT_ACCEPTANCE,2.3400000000001455,3.600000000000364,360.25100016593933,7.759371753622068,5
recent24h:1s:seg0,1790228520.9550002,1790228665.717,BUY,BREAKOUT_ACCEPTANCE,-1.6300000000001091,0.5399999999999636,144.76199984550476,-5.499890780544459,5
recent24h:1s:seg0,1790242627.869,1790242769.928,SELL,BREAKOUT_ACCEPTANCE,-4.010000000000218,0.5600000000004002,142.0590000152588,-13.364996938138926,1
recent24h:1s:seg0,1790243173.8460002,1790243458.4819999,SELL,BREAKOUT_ACCEPTANCE,-1.410000000000764,1.1799999999993815,284.63599967956543,-4.5580780458541845,5
recent24h:1s:seg0,1790244362.9889998,1790244643.993,BUY,BREAKOUT_ACCEPTANCE,-1.639999999999418,1.110000000000582,281.00400018692017,-5.245529962868749,5
recent24h:1s:seg0,1790244965.971,1790245089.9299998,BUY,BREAKOUT_ACCEPTANCE,-1.3299999999999272,1.5900000000001455,123.95899987220764,-4.201672698753028,5
recent24h:1s:seg0,1790245791.952,1790246066.9980001,BUY,BREAKOUT_ACCEPTANCE,-2.1700000000000728,2.4000000000005457,275.0460002422333,-6.786978495846494,5
recent24h:1s:seg0,1790249077.931,1790249389.852,SELL,BREAKOUT_ACCEPTANCE,1.769999999999527,3.509999999999309,311.9210000038147,5.445825412377654,5
recent24h:1s:seg0,1790249813.936,1790249985.2140002,SELL,PULLBACK_ACCEPTANCE,-2.25,0.9799999999995634,171.27800011634827,-7.01455772634969,5
recent24h:1s:seg0,1790250809.854,1790251203.824,SELL,BREAKOUT_ACCEPTANCE,1.9600000000000364,2.619999999999891,393.96999979019165,6.00734517637628,5
recent24h:1s:seg0,1790252648.9169998,1790252680.52,BUY,BREAKOUT_ACCEPTANCE,-3.0799999999999272,0.0,31.603000164031982,-9.578883522165185,5
recent24h:1s:seg0,1790252961.9859998,1790253151.968,SELL,BREAKOUT_ACCEPTANCE,-3.319999999999709,1.9899999999997817,189.98200011253357,-10.086775830683296,5
recent24h:1s:seg0,1790253480.979,1790253653.8739998,SELL,BREAKOUT_ACCEPTANCE,-1.6000000000003638,0.5299999999997453,172.89499974250793,-4.740055475904773,5
recent24h:1s:seg0,1790253709.9139998,1790254060.987,SELL,BREAKOUT_ACCEPTANCE,0.6300000000001091,3.8400000000001455,351.0730001926422,1.8440000815137492,5
recent24h:1s:seg0,1790256910.94,1790257399.9889998,BUY,BREAKOUT_ACCEPTANCE,4.739999999999782,6.980000000000473,489.04899978637695,13.93945957809345,5
recent24h:1s:seg0,1790258420.9299998,1790258571.903,BUY,BREAKOUT_ACCEPTANCE,-1.6899999999995998,0.4099999999998545,150.97300028800964,-5.146658744450487,5
recent24h:1s:seg0,1790258925.71,1790259008.941,SELL,BREAKOUT_ACCEPTANCE,-1.4700000000002547,1.980000000000473,83.23099994659424,-4.419937586955038,5
recent24h:1s:seg0,1790259628.916,1790259957.8209999,BUY,BREAKOUT_ACCEPTANCE,0.6099999999996726,2.7799999999997453,328.90499997138977,1.8139025461115688,5
recent24h:1s:seg0,1790261971.597,1790262115.9750001,BUY,BREAKOUT_ACCEPTANCE,-4.059999999999491,0.4600000000000364,144.3780002593994,-12.128092901735643,1
recent24h:1s:seg0,1790262518.885,1790263076.798,BUY,BREAKOUT_ACCEPTANCE,2.519999999999527,5.3799999999992,557.9130001068115,7.298560845234067,5
recent24h:1s:seg0,1790264460.997,1790265470.924,BUY,PULLBACK_ACCEPTANCE,12.110000000000582,12.110000000000582,1009.9270000457764,35.73653140615151,2
recent24h:1s:seg0,1790267680.9539998,1790267934.972,SELL,BREAKOUT_ACCEPTANCE,-0.9600000000000364,2.1899999999996,254.018000125885,-3.090256795728355,5
recent24h:1s:seg0,1790268709.95,1790269137.966,SELL,BREAKOUT_ACCEPTANCE,1.6900000000005093,3.530000000000655,428.0160000324249,5.40097056259569,5
recent24h:1s:seg0,1790270164.957,1790270229.912,SELL,BREAKOUT_ACCEPTANCE,-2.589999999999236,0.4400000000005093,64.95499992370605,-8.382140928394069,5
recent24h:1s:seg0,1790270398.8630002,1790270710.912,SELL,BREAKOUT_ACCEPTANCE,0.9099999999998545,3.130000000000109,312.04899978637695,2.8878684305728446,5
recent24h:1s:seg0,1790270869.979,1790271034.94,BUY,BREAKOUT_ACCEPTANCE,-4.460000000000036,1.7600000000002183,164.96099996566772,-14.250327990603813,1
recent24h:1s:seg0,1790271182.993,1790271422.8979998,SELL,BREAKOUT_ACCEPTANCE,-1.889999999999418,3.1700000000000728,239.9049997329712,-5.83681772231009,5
recent24h:1s:seg0,1790271666.945,1790271845.77,SELL,BREAKOUT_ACCEPTANCE,-1.7100000000000364,0.6299999999991996,178.82500004768372,-5.206073132898431,5
recent24h:1s:seg0,1790272623.996,1790273292.885,SELL,BREAKOUT_ACCEPTANCE,4.380000000000109,5.769999999999527,668.8889999389648,13.163834487113641,5
recent24h:1s:seg0,1790273593.822,1790273765.996,SELL,BREAKOUT_ACCEPTANCE,-4.940000000000509,2.6700000000000728,172.17400002479553,-15.334601886548178,1
recent24h:1s:seg0,1790274489.962,1790274793.871,SELL,BREAKOUT_ACCEPTANCE,-0.7799999999997453,2.5700000000006185,303.90900015830994,-2.331545508417658,5
recent24h:1s:seg0,1790275082.8430002,1790275583.9459999,BUY,BREAKOUT_ACCEPTANCE,1.5900000000001455,4.220000000000255,501.1029996871948,4.724962163896253,5
recent24h:1s:seg0,1790275641.885,1790275748.96,BUY,BREAKOUT_ACCEPTANCE,-3.0900000000001455,0.0,107.07500004768372,-9.291974637417967,5
recent24h:1s:seg0,1790275865.972,1790276129.999,BUY,BREAKOUT_ACCEPTANCE,-2.5399999999999636,1.7100000000000364,264.0270001888275,-7.461051177344953,5
current7d:1s:seg0,1790694668.968,1790694928.9950001,SELL,BREAKOUT_ACCEPTANCE,-2.110000000000582,1.569999999999709,260.0270001888275,-7.912500000002182,5
current7d:1s:seg0,1790695373.965,1790695537.982,SELL,PULLBACK_ACCEPTANCE,-2.3900000000003274,1.2700000000004366,164.01700019836426,-8.820668437501169,5
current7d:1s:seg0,1790695772.839,1790696214.896,BUY,BREAKOUT_ACCEPTANCE,0.6400000000003274,4.1599999999998545,442.0569999217987,2.3196807915011703,5
current7d:1s:seg0,1790696358.993,1790696629.5939999,SELL,BREAKOUT_ACCEPTANCE,-2.2899999999999636,2.2399999999997817,270.6009998321533,-8.33994834967978,5
current7d:1s:seg0,1790696672.964,1790696728.944,BUY,BREAKOUT_ACCEPTANCE,-4.079999999999927,0.21000000000003638,55.980000019073486,-14.60374485853187,1
current7d:1s:seg0,1790699860.963,1790699951.9889998,BUY,BREAKOUT_ACCEPTANCE,-4.530000000000655,0.0,91.0259997844696,-15.718289780480356,1
current7d:1s:seg0,1790700094.9689999,1790700169.96,BUY,BREAKOUT_ACCEPTANCE,-1.1199999999998909,0.7300000000004729,74.99100017547607,-3.754166046668203,5
current7d:1s:seg0,1790700616.7710001,1790700749.964,BUY,BREAKOUT_ACCEPTANCE,-0.36999999999989086,1.680000000000291,133.19299983978271,-1.2297977582088566,5
current7d:1s:seg0,1790701531.9329998,1790701837.982,BUY,BREAKOUT_ACCEPTANCE,-0.6300000000001091,1.7899999999999636,306.0490002632141,-2.0881691722733877,5
current7d:1s:seg0,1790702312.756,1790702647.941,BUY,BREAKOUT_ACCEPTANCE,1.7899999999999636,5.369999999999891,335.18499994277954,5.9050184215108645,5
current7d:1s:seg0,1790703419.9889998,1790703700.719,SELL,BREAKOUT_ACCEPTANCE,-2.1700000000000728,1.8400000000001455,280.73000025749207,-7.254701926027561,5
current7d:1s:seg0,1790703745.9689999,1790703915.624,BUY,BREAKOUT_ACCEPTANCE,-3.300000000000182,0.43000000000029104,169.65500020980835,-10.852942143870655,5
current7d:1s:seg0,1790704015.8430002,1790704252.98,SELL,BREAKOUT_ACCEPTANCE,-1.9700000000002547,0.8000000000001819,237.13699984550476,-6.318525362680888,5
current7d:1s:seg0,1790705103.915,1790705200.952,SELL,BREAKOUT_ACCEPTANCE,-0.2899999999999636,1.2299999999995634,97.03699994087219,-0.9163954586950496,5
current7d:1s:seg0,1790705479.9580002,1790705778.992,SELL,BREAKOUT_ACCEPTANCE,-0.42000000000007276,1.430000000000291,299.03399991989136,-1.3243067772431643,5
current7d:1s:seg0,1790706069.966,1790706605.9139998,SELL,BREAKOUT_ACCEPTANCE,5.319999999999709,10.0,535.947999715805,16.721712671330923,8
current7d:1s:seg0,1790707389.712,1790707573.767,SELL,BREAKOUT_ACCEPTANCE,-3.219999999999345,0.0,184.0550000667572,-10.524865977869247,5
current7d:1s:seg0,1790708719.6569998,1790709051.9699998,SELL,PULLBACK_ACCEPTANCE,0.5799999999999272,1.5499999999992724,332.3129999637604,1.850000145780324,5
current7d:1s:seg0,1790709529.8179998,1790709575.677,SELL,BREAKOUT_ACCEPTANCE,-1.2899999999999636,0.0,45.85900020599365,-4.132554248060165,5
current7d:1s:seg0,1790711031.963,1790711378.985,SELL,BREAKOUT_ACCEPTANCE,1.6900000000005093,5.110000000000582,347.021999835968,5.361586292908907,5
current7d:1s:seg0,1790711754.922,1790712060.95,SELL,BREAKOUT_ACCEPTANCE,-0.4500000000007276,0.5599999999994907,306.02800011634827,-1.445736674337521,5
current7d:1s:seg0,1790714465.973,1790714672.932,SELL,BREAKOUT_ACCEPTANCE,-1.2200000000002547,0.1999999999998181,206.95899987220764,-3.9063242709615693,5
current7d:1s:seg0,1790715266.831,1790715560.96,SELL,BREAKOUT_ACCEPTANCE,-0.37999999999919964,0.4600000000000364,294.1289999485016,-1.2055909290752913,5
current7d:1s:seg0,1790715614.9889998,1790715756.972,BUY,BREAKOUT_ACCEPTANCE,12.38000000000011,12.38000000000011,141.98300004005432,39.164944308508176,2
current7d:1s:seg0,1790715779.999,1790715796.963,BUY,PULLBACK_ACCEPTANCE,-4.039999999999964,0.0,16.96399998664856,-13.967503548118888,1
current7d:1s:seg0,1790715882.977,1790716045.971,BUY,BREAKOUT_ACCEPTANCE,-3.3100000000004,0.6099999999996726,162.99399995803833,-11.096929185873233,5
current7d:1s:seg0,1790716427.963,1790716751.971,BUY,BREAKOUT_ACCEPTANCE,-0.3000000000001819,2.3499999999994543,324.0079998970032,-0.9807958838827026,5
current7d:1s:seg0,1790717905.925,1790718216.982,BUY,BREAKOUT_ACCEPTANCE,1.1300000000001091,5.079999999999927,311.0570001602173,3.686018917507056,5
current7d:1s:seg0,1790718424.9550002,1790718761.996,SELL,BREAKOUT_ACCEPTANCE,0.47000000000025466,3.6900000000005093,337.0409998893738,1.5461161292763324,5
current7d:1s:seg0,1790718797.9459999,1790719081.119,BUY,BREAKOUT_ACCEPTANCE,-2.0799999999999272,0.0,283.1730000972748,-6.866505685856958,5
current7d:1s:seg0,1790719784.941,1790720221.982,SELL,BREAKOUT_ACCEPTANCE,0.4400000000005093,2.050000000000182,437.04100012779236,1.4298705801696576,5
current7d:1s:seg0,1790721562.797,1790721615.9889998,BUY,BREAKOUT_ACCEPTANCE,-3.300000000000182,0.0,53.19199991226196,-10.759418648119809,5
current7d:1s:seg0,1790722418.523,1790722740.968,BUY,BREAKOUT_ACCEPTANCE,0.6399999999994179,1.8599999999996726,322.4449999332428,2.035029922243628,5
current7d:1s:seg0,1790722790.888,1790730000.977,BUY,BREAKOUT_ACCEPTANCE,3.180000000000291,3.180000000000291,7210.088999986649,10.160090389803665,7
current7d:1s:seg0,1790741178.963,1790741733.978,SELL,BREAKOUT_ACCEPTANCE,2.589999999999236,4.210000000000036,555.0149998664856,8.472401928646192,5
current7d:1s:seg0,1790743133.7580001,1790743202.852,SELL,BREAKOUT_ACCEPTANCE,-1.8500000000003638,0.0,69.0939998626709,-6.169270240081673,5
current7d:1s:seg0,1790744847.9750001,1790745074.833,BUY,BREAKOUT_ACCEPTANCE,-1.949999999999818,0.2600000000002183,226.85799980163574,-6.412518729850043,5
current7d:1s:seg0,1790750014.5340002,1790750308.997,SELL,BREAKOUT_ACCEPTANCE,-0.8900000000003274,1.4399999999995998,294.46299982070923,-2.8839357552060148,5
current7d:1s:seg0,1790761849.476,1790762346.977,BUY,BREAKOUT_ACCEPTANCE,7.680000000000291,10.640000000000327,497.50099992752075,24.71998260384269,5
current7d:1s:seg0,1790763603.952,1790764005.988,BUY,BREAKOUT_ACCEPTANCE,-0.21999999999934516,3.4600000000000364,402.03600001335144,-0.7489124729666616,5
current7d:1s:seg0,1790764528.999,1790764834.879,BUY,BREAKOUT_ACCEPTANCE,-0.8200000000006185,1.569999999999709,305.87999987602234,-2.7867952239046776,5
current7d:1s:seg0,1790764970.368,1790765277.88,SELL,BREAKOUT_ACCEPTANCE,-0.030000000000654836,1.6499999999996362,307.51200008392334,-0.10132889390253721,5
current7d:1s:seg0,1790765800.92,1790766079.956,SELL,BREAKOUT_ACCEPTANCE,-2.130000000000109,1.0399999999999636,279.03600001335144,-7.19273273784338,5
current7d:1s:seg0,1790766228.96,1790766266.973,BUY,BREAKOUT_ACCEPTANCE,-3.1599999999998545,0.0,38.01300001144409,-10.500440896828085,5
current7d:1s:seg0,1790767014.703,1790767450.977,BUY,BREAKOUT_ACCEPTANCE,2.369999999999891,3.8599999999996726,436.2739999294281,7.688685335679953,5
current7d:1s:seg0,1790768049.557,1790768417.77,BUY,BREAKOUT_ACCEPTANCE,-0.4899999999997817,0.7700000000004366,368.2130000591278,-1.6178997221873757,5
current7d:1s:seg0,1790770874.984,1790771268.616,SELL,BREAKOUT_ACCEPTANCE,0.6999999999998181,3.819999999999709,393.6319999694824,2.3027913438694845,5
current7d:1s:seg0,1790777253.966,1790777697.947,SELL,BREAKOUT_ACCEPTANCE,1.1499999999996362,2.2399999999997817,443.98099994659424,3.803018783126236,5
current7d:1s:seg0,1790778000.967,1790778161.9950001,SELL,BREAKOUT_ACCEPTANCE,-1.230000000000473,1.069999999999709,161.02800011634827,-4.10265945979483,5
current7d:1s:seg0,1790778369.754,1790778646.9910002,BUY,BREAKOUT_ACCEPTANCE,-1.1099999999996726,0.42000000000007276,277.2370002269745,-3.6682453602973535,5
current7d:1s:seg0,1790778906.29,1790779294.9750001,BUY,BREAKOUT_ACCEPTANCE,0.3599999999996726,5.389999999999418,388.6850001811981,1.1797969354607518,5
current7d:1s:seg0,1790780579.961,1790780742.5449998,BUY,PULLBACK_ACCEPTANCE,-1.4299999999993815,0.9500000000007276,162.58399987220764,-4.699068926881922,5
current7d:1s:seg0,1790781047.64,1790781428.98,BUY,PULLBACK_ACCEPTANCE,-0.3099999999994907,3.8599999999996726,381.3399999141693,-1.0077539425993058,5
current7d:1s:seg0,1790781696.9350002,1790781776.9529998,SELL,BREAKOUT_ACCEPTANCE,-4.5,0.3599999999996726,80.01799964904785,-14.59467456799962,1
current7d:1s:seg0,1790781929.9910002,1790781942.971,BUY,BREAKOUT_ACCEPTANCE,-4.010000000000218,0.0,12.979999780654907,-12.566541832963312,1
current7d:1s:seg0,1790782219.967,1790782315.977,BUY,BREAKOUT_ACCEPTANCE,12.020000000000437,12.020000000000437,96.00999999046326,36.53541374308906,2
current7d:1s:seg0,1790782926.979,1790782957.961,BUY,BREAKOUT_ACCEPTANCE,-4.0900000000001455,0.019999999999527063,30.98199987411499,-13.5524910552743,1
current7d:1s:seg0,1790783094.952,1790783207.9889998,BUY,BREAKOUT_ACCEPTANCE,-2.6700000000000728,3.5100000000002183,113.03699994087219,-8.575836578740882,5
current7d:1s:seg0,1790783770.9859998,1790783815.994,BUY,BREAKOUT_ACCEPTANCE,-3.610000000000582,0.0,45.00800013542175,-11.362854186899742,5
current7d:1s:seg0,1790784511.9889998,1790784583.9859998,SELL,BREAKOUT_ACCEPTANCE,0.6900000000005093,2.6099999999996726,71.99699997901917,2.1130447057504362,5
current7d:1s:seg0,1790784661.949,1790785448.921,SELL,PULLBACK_ACCEPTANCE,12.039999999999964,12.039999999999964,786.9720001220703,37.06190686043128,2
current7d:1s:seg0,1790785932.936,1790786072.992,SELL,BREAKOUT_ACCEPTANCE,-3.009999999999309,2.1599999999998545,140.05599999427795,-10.102149262479763,5
current7d:1s:seg0,1790786141.9580002,1790786166.9859998,SELL,BREAKOUT_ACCEPTANCE,-4.149999999999636,0.5799999999999272,25.02799963951111,-13.61378304250999,1
current7d:1s:seg0,1790786582.9859998,1790786925.972,SELL,BREAKOUT_ACCEPTANCE,0.5400000000008731,6.710000000000036,342.98600006103516,1.7162961890314623,5
current7d:1s:seg0,1790787742.9889998,1790787829.963,SELL,BREAKOUT_ACCEPTANCE,-4.099999999999454,0.0,86.9740002155304,-13.083913839325083,1
current7d:1s:seg0,1790788922.988,1790789440.985,SELL,BREAKOUT_ACCEPTANCE,4.789999999999964,7.269999999999527,517.9969999790192,14.815801197852743,5
current7d:1s:seg0,1790789807.962,1790789946.988,SELL,BREAKOUT_ACCEPTANCE,-1.8500000000003638,3.0100000000002183,139.02600002288818,-5.927747157284792,5
current7d:1s:seg0,1790791366.9910002,1790791437.8830001,SELL,BREAKOUT_ACCEPTANCE,-4.109999999999673,0.07999999999992724,70.89199995994568,-12.986488446003069,1
current7d:1s:seg0,1790791611.8830001,1790791891.978,SELL,BREAKOUT_ACCEPTANCE,-2.4700000000002547,0.7399999999997817,280.09499979019165,-7.56395728733666,5
current7d:1s:seg0,1790792470.996,1790792985.923,SELL,BREAKOUT_ACCEPTANCE,-1.4199999999991633,4.150000000000546,514.9270000457764,-4.267953712384091,5
current7d:1s:seg0,1790793370.967,1790793667.959,SELL,BREAKOUT_ACCEPTANCE,-0.8899999999994179,1.3700000000008004,296.9920001029968,-2.6464964822244985,5
current7d:1s:seg0,1790794195.978,1790794348.997,BUY,BREAKOUT_ACCEPTANCE,-3.6500000000005457,0.5500000000001819,153.01900005340576,-10.781161327481321,5
current7d:1s:seg0,1790794424.988,1790794780.96,SELL,BREAKOUT_ACCEPTANCE,-0.6099999999996726,1.2600000000002183,355.9720001220703,-1.7524593128881947,5
current7d:1s:seg0,1790795271.932,1790795515.9910002,SELL,BREAKOUT_ACCEPTANCE,-4.219999999999345,0.06000000000040018,244.05900025367737,-12.068105646994644,1
current7d:1s:seg0,1790795631.895,1790795888.901,BUY,BREAKOUT_ACCEPTANCE,-3.6599999999998545,0.18000000000029104,257.00600004196167,-10.135381369185623,5
current7d:1s:seg0,1790796162.8620002,1790796352.812,BUY,BREAKOUT_ACCEPTANCE,-2.5600000000004,0.0,189.94999980926514,-6.894629176378351,5
current7d:1s:seg0,1790796828.7299998,1790797068.968,SELL,BREAKOUT_ACCEPTANCE,-2.4600000000000364,2.7899999999999636,240.23800015449524,-6.4981018158709505,5
current7d:1s:seg0,1790797771.961,1790797826.947,SELL,BREAKOUT_ACCEPTANCE,-1.5200000000004366,0.0,54.986000061035156,-3.9410089401634956,5
current7d:1s:seg0,1790798997.984,1790799197.96,SELL,BREAKOUT_ACCEPTANCE,-2.1400000000003274,1.8299999999999272,199.9760000705719,-5.48527255121349,5
current7d:1s:seg0,1790799482.8270001,1790799693.994,SELL,BREAKOUT_ACCEPTANCE,-1.8100000000004002,0.0500000000001819,211.16699981689453,-4.564950190396275,5
current7d:1s:seg0,1790803470.8209999,1790803996.978,BUY,BREAKOUT_ACCEPTANCE,1.730000000000473,3.119999999999891,526.1570000648499,4.303954207404438,5
current7d:1s:seg0,1790848887.799,1790849262.932,SELL,BREAKOUT_ACCEPTANCE,0.3500000000003638,1.2399999999997817,375.1329998970032,0.8820400604838745,5
current7d:1s:seg0,1790849554.972,1790850104.966,SELL,BREAKOUT_ACCEPTANCE,12.029999999999745,12.029999999999745,549.9940001964569,30.396559000485023,2
current7d:1s:seg0,1790850311.915,1790850702.911,SELL,BREAKOUT_ACCEPTANCE,2.1599999999998545,4.690000000000509,390.9960000514984,5.950160535196405,5
current7d:1s:seg0,1790851204.698,1790851275.916,SELL,BREAKOUT_ACCEPTANCE,-2.119999999999891,0.0,71.21799993515015,-5.9345799296469215,5
current7d:1s:seg0,1790851942.9859998,1790852021.7710001,SELL,BREAKOUT_ACCEPTANCE,-3.100000000000364,0.0,78.78500032424927,-8.539944498668037,5
current7d:1s:seg0,1790852062.8300002,1790852175.973,BUY,BREAKOUT_ACCEPTANCE,-0.8999999999996362,0.0,113.14299988746643,-2.4216941000524734,5
current7d:1s:seg0,1790852684.712,1790852838.98,BUY,BREAKOUT_ACCEPTANCE,-2.3200000000006185,0.38000000000010914,154.268000125885,-6.200451758354082,5
current7d:1s:seg0,1790853119.9529998,1790853423.944,SELL,BREAKOUT_ACCEPTANCE,0.17999999999938154,2.0999999999994543,303.9910001754761,0.47269892310021744,5
current7d:1s:seg0,1790853648.676,1790853782.9699998,SELL,BREAKOUT_ACCEPTANCE,-3.1400000000003274,0.32999999999992724,134.29399967193604,-8.257102162638663,5
current7d:1s:seg0,1790854350.987,1790854487.912,SELL,BREAKOUT_ACCEPTANCE,-3.7899999999999636,0.0,136.92499995231628,-9.731666774338136,5
current7d:1s:seg0,1790854893.956,1790855229.979,SELL,BREAKOUT_ACCEPTANCE,1.3500000000003638,4.449999999999818,336.02300000190735,3.3678917143742186,5
current7d:1s:seg0,1790857816.943,1790857870.624,BUY,BREAKOUT_ACCEPTANCE,-2.380000000000109,0.0,53.680999994277954,-5.997585222811841,5
current7d:1s:seg0,1790859252.966,1790860016.9139998,SELL,BREAKOUT_ACCEPTANCE,5.230000000000473,8.489999999999782,763.947999715805,12.944312247075235,5
current7d:1s:seg0,1790860808.7710001,1790861002.5779998,BUY,BREAKOUT_ACCEPTANCE,-1.6099999999996726,1.5200000000004366,193.80699968338013,-4.141071732483785,5
current7d:1s:seg0,1790861073.6369998,1790861143.4950001,BUY,BREAKOUT_ACCEPTANCE,0.08000000000083674,0.3900000000003274,69.8580002784729,0.20328289646497763,5
current7d:1s:seg0,1790861374.956,1790861978.925,BUY,BREAKOUT_ACCEPTANCE,1.449999999999818,5.0,603.9689998626709,3.6867131998877776,5
current7d:1s:seg0,1790862392.8070002,1790862743.9910002,BUY,BREAKOUT_ACCEPTANCE,1.5299999999997453,3.1899999999996,351.1840000152588,3.9324231000570284,5
current7d:1s:seg0,1790862852.884,1790863006.8019998,BUY,BREAKOUT_ACCEPTANCE,-3.0599999999994907,0.010000000000218279,153.91799974441528,-7.955095310260349,5
current7d:1s:seg0,1790865580.99,1790866328.983,BUY,BREAKOUT_ACCEPTANCE,3.610000000000582,5.850000000000364,747.9930000305176,9.169548497105147,5
current7d:1s:seg0,1790868199.961,1790868338.837,SELL,BREAKOUT_ACCEPTANCE,-0.2599999999993088,1.5900000000001455,138.87599992752075,-0.6782913146498105,5
current7d:1s:seg0,1790868711.736,1790869003.9740002,BUY,PULLBACK_ACCEPTANCE,-0.6199999999998909,1.0299999999997453,292.23800015449524,-1.614309849555827,5
current7d:1s:seg0,1790870398.764,1790870524.9699998,SELL,BREAKOUT_ACCEPTANCE,-1.1300000000001091,0.4000000000005457,126.2059998512268,-2.9285286111195,5
current7d:1s:seg0,1790871307.8620002,1790871580.963,SELL,BREAKOUT_ACCEPTANCE,-1.6300000000001091,2.1899999999996,273.1009998321533,-4.188536468812817,5
current7d:1s:seg0,1790872162.9169998,1790872278.978,SELL,PULLBACK_ACCEPTANCE,-3.2100000000000364,0.6100000000005821,116.06100010871887,-8.147751208371242,5
current7d:1s:seg0,1790872693.8979998,1790873101.961,SELL,BREAKOUT_ACCEPTANCE,0.0999999999994543,5.210000000000036,408.06300020217896,0.2477132117752717,5
current7d:1s:seg0,1790874314.9180002,1790874481.973,SELL,BREAKOUT_ACCEPTANCE,-3.969999999999345,0.8699999999998909,167.05499982833862,-9.841590168410935,5
current7d:1s:seg0,1790875620.992,1790875696.925,BUY,BREAKOUT_ACCEPTANCE,-4.289999999999964,1.3400000000001455,75.93299984931946,-10.318213794137304,1
current7d:1s:seg0,1790875993.973,1790876045.815,BUY,BREAKOUT_ACCEPTANCE,-4.219999999999345,0.21000000000003638,51.842000007629395,-9.823279864710019,1
current7d:1s:seg0,1790876210.971,1790876490.956,BUY,BREAKOUT_ACCEPTANCE,-2.5,4.5900000000001455,279.9850001335144,-5.635292095375279,5
current7d:1s:seg0,1790876989.9350002,1790877029.9689999,BUY,BREAKOUT_ACCEPTANCE,-1.8200000000006185,0.2599999999993088,40.03399968147278,-4.025570908332699,5
current7d:1s:seg0,1790877549.977,1790878031.949,SELL,BREAKOUT_ACCEPTANCE,4.210000000000036,7.5,481.97199988365173,9.18479013926997,5
current7d:1s:seg0,1790878091.966,1790878116.9550002,SELL,BREAKOUT_ACCEPTANCE,-2.9099999999998545,0.0,24.98900008201599,-6.549089708750138,5
current7d:1s:seg0,1790879260.8630002,1790879478.9980001,BUY,BREAKOUT_ACCEPTANCE,-5.050000000000182,0.7299999999995634,218.13499999046326,-11.117212000198963,1
current7d:1s:seg0,1790879897.9350002,1790880188.922,BUY,BREAKOUT_ACCEPTANCE,0.5200000000004366,5.930000000000291,290.98699975013733,1.1013854950027728,8
current7d:1s:seg0,1790880649.906,1790880900.973,SELL,BREAKOUT_ACCEPTANCE,-3.230000000000473,2.319999999999709,251.06700015068054,-6.867979426802005,5
current7d:1s:seg0,1790880993.968,1790881335.973,BUY,BREAKOUT_ACCEPTANCE,-1.3500000000003638,1.319999999999709,342.0050001144409,-2.8009794253883937,5
current7d:1s:seg0,1790881449.96,1790881894.994,BUY,BREAKOUT_ACCEPTANCE,0.0,3.730000000000473,445.03399991989136,0.0,5
current7d:1s:seg0,1790883408.977,1790883439.873,SELL,BREAKOUT_ACCEPTANCE,-0.8699999999998909,0.0,30.895999908447266,-1.7867992389433727,5
current7d:1s:seg0,1790883501.965,1790883771.978,SELL,BREAKOUT_ACCEPTANCE,-1.550000000000182,1.7399999999997817,270.0130000114441,-3.162606413287396,5
current7d:1s:seg0,1790884328.893,1790884660.928,SELL,BREAKOUT_ACCEPTANCE,0.03999999999996362,0.8400000000001455,332.0350000858307,0.08066686745108945,5
current7d:1s:seg0,1790885131.999,1790885487.959,BUY,BREAKOUT_ACCEPTANCE,0.07999999999992724,1.480000000000473,355.960000038147,0.16138213502264953,5
current7d:1s:seg0,1790886039.811,1790886428.962,BUY,BREAKOUT_ACCEPTANCE,0.47000000000025466,1.300000000000182,389.1509997844696,0.9486889152853972,5
current7d:1s:seg0,1790886639.972,1790886661.9580002,BUY,BREAKOUT_ACCEPTANCE,-4.869999999999891,2.0600000000004,21.986000299453735,-9.864682814625006,1
current7d:1s:seg0,1790887045.98,1790887269.8070002,BUY,BREAKOUT_ACCEPTANCE,-4.289999999999964,0.0,223.8270001411438,-8.372437357080484,1
current7d:1s:seg0,1790887638.512,1790887788.907,BUY,BREAKOUT_ACCEPTANCE,-2.350000000000364,0.10999999999967258,150.3949999809265,-4.438735975530699,5
current7d:1s:seg0,1790888056.9699998,1790888182.99,SELL,BREAKOUT_ACCEPTANCE,-0.2899999999999636,5.099999999999454,126.02000021934509,-0.5381046568717505,8
current7d:1s:seg0,1790888228.956,1790888395.999,SELL,BREAKOUT_ACCEPTANCE,-2.4400000000005093,1.5299999999997453,167.04299998283386,-4.517653935701692,5
current7d:1s:seg0,1790889840.9580002,1790889909.9950001,BUY,BREAKOUT_ACCEPTANCE,-4.010000000000218,0.5900000000001455,69.03699994087219,-7.288636591556302,1
current7d:1s:seg0,1790890435.704,1790890640.731,BUY,BREAKOUT_ACCEPTANCE,1.3400000000001455,5.649999999999636,205.02699995040894,2.362353449807463,8
current7d:1s:seg0,1790892381.496,1790892517.95,SELL,BREAKOUT_ACCEPTANCE,-1.4299999999993815,0.7300000000004729,136.4539999961853,-2.5463552207662223,5
current7d:1s:seg0,1790892966.9980001,1790893073.99,BUY,BREAKOUT_ACCEPTANCE,-2.7100000000000364,0.0,106.99199986457825,-4.77385557369005,5
current7d:1s:seg0,1790893636.345,1790893824.96,SELL,BREAKOUT_ACCEPTANCE,-1.6900000000005093,0.0,188.61500000953674,-2.916545225451619,5
current7d:1s:seg0,1790894429.864,1790894490.708,SELL,BREAKOUT_ACCEPTANCE,-2.639999999999418,0.0,60.8439998626709,-4.498275715298353,5
current7d:1s:seg0,1790895074.3609998,1790895141.812,BUY,BREAKOUT_ACCEPTANCE,-3.8599999999996726,0.0,67.45100021362305,-6.446799259350455,5
current7d:1s:seg0,1790931853.912,1790932150.993,BUY,BREAKOUT_ACCEPTANCE,-1.1499999999996362,1.6000000000003638,297.0810000896454,-1.8650748922045204,5
current7d:1s:seg0,1790932948.9169998,1790933141.988,BUY,BREAKOUT_ACCEPTANCE,-3.199999999999818,0.0,193.07100009918213,-5.145011815679282,5
current7d:1s:seg0,1790933581.829,1790933762.99,SELL,BREAKOUT_ACCEPTANCE,-1.5100000000002183,1.25,181.16100001335144,-2.3695351917115732,5
current7d:1s:seg0,1790933849.9539998,1790934568.9750001,SELL,PULLBACK_ACCEPTANCE,2.1400000000003274,2.8299999999999272,719.0210003852844,3.3201181722676,5
current7d:1s:seg0,1790935583.964,1790935613.893,SELL,BREAKOUT_ACCEPTANCE,-2.9200000000000728,0.06000000000040018,29.92899990081787,-4.602965290318526,5
current7d:1s:seg0,1790936037.916,1790936328.554,BUY,BREAKOUT_ACCEPTANCE,-0.9200000000000728,3.2200000000002547,290.6380000114441,-1.4184888775424414,5
current7d:1s:seg0,1790936737.916,1790936839.46,BUY,BREAKOUT_ACCEPTANCE,-0.3000000000001819,1.2799999999997453,101.5440001487732,-0.459359120963524,5
current7d:1s:seg0,1790938654.8140001,1790938839.979,BUY,BREAKOUT_ACCEPTANCE,-3.199999999999818,3.1899999999996,185.16499996185303,-4.88880600470455,5
current7d:1s:seg0,1790939220.992,1790939441.976,BUY,BREAKOUT_ACCEPTANCE,-0.8499999999994543,5.410000000000764,220.98399996757507,-1.2674229567189146,8
current7d:1s:seg0,1790940542.9740002,1790940573.966,SELL,BREAKOUT_ACCEPTANCE,-1.4699999999993452,0.0,30.991999864578247,-2.1779228341106163,5
current7d:1s:seg0,1790940763.993,1790940961.803,SELL,BREAKOUT_ACCEPTANCE,-2.0100000000002183,0.25,197.80999994277954,-2.9451439333878637,5
current7d:1s:seg0,1790941630.6780002,1790941765.9699998,SELL,BREAKOUT_ACCEPTANCE,-1.8299999999999272,0.09000000000014552,135.29199957847595,-2.6409776000610146,5
current7d:1s:seg0,1790942204.8,1790942421.96,BUY,BREAKOUT_ACCEPTANCE,-2.6599999999998545,0.7599999999993088,217.1600000858307,-3.7861105384974714,5
current7d:1s:seg0,1790943028.987,1790943478.9980001,BUY,BREAKOUT_ACCEPTANCE,0.5100000000002183,3.3299999999999272,450.0110001564026,0.7114265387070239,5
current7d:1s:seg0,1790944680.4529998,1790944813.957,SELL,BREAKOUT_ACCEPTANCE,-2.5799999999999272,0.1500000000005457,133.50400018692017,-3.6127474169814002,5
current7d:1s:seg0,1790945182.9420002,1790945345.959,SELL,BREAKOUT_ACCEPTANCE,-3.7200000000002547,1.5,163.01699995994568,-5.108282018063154,5
current7d:1s:seg0,1790945635.569,1790945905.705,BUY,BREAKOUT_ACCEPTANCE,-2.4299999999993815,0.3000000000001819,270.135999917984,-3.243763201051321,5
current7d:1s:seg0,1790946386.973,1790947068.971,SELL,BREAKOUT_ACCEPTANCE,7.809999999999491,9.800000000000182,681.9979999065399,10.235424801039837,5
current7d:1s:seg0,1790948610.977,1790948939.554,BUY,BREAKOUT_ACCEPTANCE,-0.7099999999991269,1.730000000000473,328.5769999027252,-0.9849968007952807,5
current7d:1s:seg0,1790949605.9580002,1790949820.9950001,BUY,BREAKOUT_ACCEPTANCE,-1.9099999999998545,1.0100000000002183,215.0369999408722,-2.6356700469147443,5
current7d:1s:seg0,1790950073.8,1790950312.9539998,BUY,BREAKOUT_ACCEPTANCE,-2.3900000000003274,1.089999999999236,239.15399980545044,-3.2507930029575194,5
current7d:1s:seg0,1790951361.839,1790951718.963,SELL,BREAKOUT_ACCEPTANCE,-0.5,1.6799999999993815,357.12400007247925,-0.6678917444307657,5
current7d:1s:seg0,1790952123.931,1790952415.9689999,SELL,BREAKOUT_ACCEPTANCE,-0.8600000000005821,0.13999999999941792,292.03799986839294,-1.1444658986701133,5
current7d:1s:seg0,1790953033.915,1790953191.728,BUY,BREAKOUT_ACCEPTANCE,-4.069999999999709,0.0,157.81299996376038,-5.381316582610394,1
current7d:1s:seg0,1790954356.9910002,1790954441.6169999,BUY,BREAKOUT_ACCEPTANCE,-4.149999999999636,0.0,84.62599968910217,-5.3195983684996255,1
current7d:1s:seg0,1790954530.887,1790954595.88,BUY,PULLBACK_ACCEPTANCE,-3.7200000000002547,0.0,64.99300003051758,-4.619994273186729,5
current7d:1s:seg0,1790956728.945,1790957104.979,BUY,BREAKOUT_ACCEPTANCE,1.7700000000004366,7.619999999999891,376.03400015830994,2.1368926576207343,8
current7d:1s:seg0,1790957231.952,1790957667.945,SELL,BREAKOUT_ACCEPTANCE,12.100000000000364,12.100000000000364,435.9930000305176,14.802059255687723,2
current7d:1s:seg0,1790957721.9020002,1790958296.929,SELL,PULLBACK_ACCEPTANCE,3.630000000000109,9.570000000000618,575.0269997119904,4.843603839942427,8
current7d:1s:seg0,1790959419.663,1790959519.949,SELL,BREAKOUT_ACCEPTANCE,-0.4099999999998545,4.710000000000036,100.28599977493286,-0.5619677937570272,8
current7d:1s:seg0,1790959970.988,1790960267.9910002,SELL,BREAKOUT_ACCEPTANCE,-3.3400000000001455,7.020000000000437,297.0030002593994,-4.563904246154724,5
current7d:1s:seg0,1790961008.999,1790961047.982,SELL,BREAKOUT_ACCEPTANCE,-4.300000000000182,0.0,38.98300004005432,-5.728499195386442,1
current7d:1s:seg0,1790961113.982,1790961164.7910001,SELL,BREAKOUT_ACCEPTANCE,-4.0900000000001455,0.0,50.80900001525879,-5.273013568374629,1
current7d:1s:seg0,1790961304.855,1790961325.9740002,BUY,PULLBACK_ACCEPTANCE,-4.240000000000691,0.0,21.11900019645691,-5.298718542587095,1
current7d:1s:seg0,1790961923.92,1790962359.985,SELL,BREAKOUT_ACCEPTANCE,5.350000000000364,9.94000000000051,436.0649998188019,6.473271985185817,8
current7d:1s:seg0,1790963310.9550002,1790963665.9910002,SELL,BREAKOUT_ACCEPTANCE,12.050000000000182,12.050000000000182,355.03600001335144,15.1650083895836,2
current7d:1s:seg0,1790963688.922,1790963997.994,SELL,BREAKOUT_ACCEPTANCE,0.02999999999974534,3.1899999999996,309.0720000267029,0.041167334496228114,5
current7d:1s:seg0,1790964100.904,1790964683.967,SELL,BREAKOUT_ACCEPTANCE,5.669999999999163,7.889999999999418,583.0629999637604,7.782376860751464,5
current7d:1s:seg0,1790964701.981,1790964860.971,SELL,BREAKOUT_ACCEPTANCE,-2.1599999999998545,0.8200000000006185,158.99000000953674,-3.090789499716389,5
current7d:1s:seg0,1790964941.962,1790965065.961,SELL,BREAKOUT_ACCEPTANCE,-1.1700000000000728,2.449999999999818,123.99900007247925,-1.6470559678199148,5
current7d:1s:seg0,1790965456.849,1790965601.966,SELL,BREAKOUT_ACCEPTANCE,-2.0599999999994907,5.360000000000582,145.11700010299683,-2.87449768077409,8
current7d:1s:seg0,1790966192.92,1790966272.959,BUY,BREAKOUT_ACCEPTANCE,-3.6099999999996726,0.0,80.03900003433228,-4.959520852766879,5
current7d:1s:seg0,1790966392.848,1790966902.978,SELL,BREAKOUT_ACCEPTANCE,3.149999999999636,8.069999999999709,510.12999987602234,4.210391066727436,8
current7d:1s:seg0,1790967427.948,1790967680.987,SELL,BREAKOUT_ACCEPTANCE,-2.300000000000182,2.399999999999636,253.03900003433228,-3.146883040655017,5
current7d:1s:seg0,1790968626.9580002,1790968946.9750001,BUY,BREAKOUT_ACCEPTANCE,0.07999999999992724,3.0299999999997453,320.0169999599457,0.10756867158958806,5
current7d:1s:seg0,1790969604.967,1790969900.881,BUY,BREAKOUT_ACCEPTANCE,-0.6500000000005457,2.1099999999996726,295.9140000343323,-0.8745198539409313,5
current7d:1s:seg0,1790970251.6729999,1790970364.9889998,SELL,BREAKOUT_ACCEPTANCE,-3.75,0.0,113.31599998474121,-5.020710978762894,5
current7d:1s:seg0,1790971280.976,1790971572.9889998,BUY,BREAKOUT_ACCEPTANCE,-0.6599999999998545,1.4700000000002547,292.0129997730255,-0.8587926129172037,5
current7d:1s:seg0,1790972641.952,1790972948.9689999,SELL,BREAKOUT_ACCEPTANCE,0.25,3.619999999999891,307.0169999599457,0.3236899960164594,5
current7d:1s:seg0,1790974303.896,1790974520.981,BUY,BREAKOUT_ACCEPTANCE,-0.32999999999992724,0.10999999999967258,217.08500003814697,-0.42807192748177286,5
current7d:1s:seg0,1790975224.957,1790975368.873,BUY,BREAKOUT_ACCEPTANCE,-1.199999999999818,0.0,143.91599988937378,-1.5527725434955821,5
current7d:1s:seg0,1790975591.871,1790975822.978,BUY,BREAKOUT_ACCEPTANCE,-2.1899999999996,1.1500000000005457,231.106999874115,-2.808305602852439,5
current7d:1s:seg0,1790976518.956,1790976814.82,BUY,PULLBACK_ACCEPTANCE,-1.4600000000000364,0.0,295.8639998435974,-1.8414527888841128,5
current7d:1s:seg0,1790977017.904,1790977168.9529998,BUY,BREAKOUT_ACCEPTANCE,-2.149999999999636,0.0,151.04899978637695,-2.682034995765601,5
current7d:1s:seg0,1790978329.911,1790978620.983,BUY,BREAKOUT_ACCEPTANCE,-0.7799999999997453,2.9099999999998545,291.0720000267029,-0.9573274425756318,5
current7d:1s:seg0,1790978963.9750001,1790979363.947,BUY,PULLBACK_ACCEPTANCE,0.7100000000000364,2.9299999999993815,399.97199988365173,0.8663156726874581,5
current7d:1s:seg0,1790980932.9539998,1790981569.7619998,SELL,BREAKOUT_ACCEPTANCE,3.100000000000364,4.609999999999673,636.808000087738,3.8026468891523773,5
current7d:1s:seg0,1791185368.987,1791185711.9539998,SELL,BREAKOUT_ACCEPTANCE,-4.010000000000218,1.3800000000001091,342.9669997692108,-5.033272355352578,1
current7d:1s:seg0,1791191651.992,1791191959.921,BUY,BREAKOUT_ACCEPTANCE,0.19000000000050932,1.6000000000003638,307.92899990081787,0.23131181320769345,5
current7d:1s:seg0,1791192359.9859998,1791192450.869,BUY,BREAKOUT_ACCEPTANCE,-2.360000000000582,0.0,90.88300013542175,-2.8772304252455023,5
current7d:1s:seg0,1791193795.6729999,1791193992.9459999,SELL,BREAKOUT_ACCEPTANCE,-2.430000000000291,0.6599999999998545,197.27300000190735,-2.910134481154845,5
current7d:1s:seg0,1791194859.572,1791195065.9129999,BUY,BREAKOUT_ACCEPTANCE,-3.0299999999997453,0.3000000000001819,206.34099984169006,-3.562553398811805,5
current7d:1s:seg0,1791196063.964,1791196141.8270001,SELL,BREAKOUT_ACCEPTANCE,-1.800000000000182,0.06000000000040018,77.86300015449524,-2.0682738848462123,5
current7d:1s:seg0,1791196415.424,1791196499.782,BUY,BREAKOUT_ACCEPTANCE,-1.7200000000002547,0.5,84.35800004005432,-1.9496698679608424,5
current7d:1s:seg0,1791196863.7059999,1791197173.96,BUY,BREAKOUT_ACCEPTANCE,3.4099999999998545,8.399999999999636,310.25400018692017,3.8154710592578365,8
current7d:1s:seg0,1791197510.714,1791197799.9910002,BUY,BREAKOUT_ACCEPTANCE,-1.9799999999995634,0.6100000000005821,289.2770001888275,-2.272094553830897,5
current7d:1s:seg0,1791198086.957,1791198487.78,BUY,BREAKOUT_ACCEPTANCE,-1.4399999999995998,2.050000000000182,400.82299995422363,-1.6278937816046455,5
current7d:1s:seg0,1791199691.8769999,1791199734.775,BUY,BREAKOUT_ACCEPTANCE,-2.9000000000005457,0.0,42.89800024032593,-3.242990509316531,5
current7d:1s:seg0,1791200177.9580002,1791200323.6499999,SELL,BREAKOUT_ACCEPTANCE,-4.140000000000327,0.0,145.69199967384338,-4.528953664881911,1
current7d:1s:seg0,1791200721.701,1791200939.979,SELL,BREAKOUT_ACCEPTANCE,-3.4200000000000728,0.9499999999998181,218.27800011634827,-3.625141887745835,5
current7d:1s:seg0,1791201107.911,1791201241.5500002,BUY,BREAKOUT_ACCEPTANCE,-3.369999999999891,0.3599999999996726,133.63900017738342,-3.48051727612723,5
current7d:1s:seg0,1791201301.891,1791201513.873,SELL,BREAKOUT_ACCEPTANCE,-3.300000000000182,0.0,211.981999874115,-3.3220788624665474,5
current7d:1s:seg0,1791201737.201,1791201811.8979998,BUY,PULLBACK_ACCEPTANCE,-1.6199999999998909,0.28000000000065484,74.6969997882843,-1.590475456122594,5
current7d:1s:seg0,1791202771.997,1791202862.6729999,BUY,BREAKOUT_ACCEPTANCE,-2.4000000000005457,0.0,90.67599987983704,-2.327631376786917,5
current7d:1s:seg0,1791202974.612,1791203071.8830001,BUY,BREAKOUT_ACCEPTANCE,-1.480000000000473,0.17999999999938154,97.27100014686584,-1.4095359740697218,5
current7d:1s:seg0,1791203542.962,1791204114.429,SELL,BREAKOUT_ACCEPTANCE,2.5100000000002183,3.4000000000005457,571.4670000076294,2.3639623061760933,5
current7d:1s:seg0,1791204308.703,1791204603.253,SELL,BREAKOUT_ACCEPTANCE,-0.2999999999992724,2.550000000000182,294.5499999523163,-0.287864210747069,5
current7d:1s:seg0,1791210556.816,1791210754.689,BUY,BREAKOUT_ACCEPTANCE,-2.6299999999991996,1.25,197.87299990653992,-2.5179314593310074,5
current7d:1s:seg0,1791210850.767,1791211137.88,SELL,BREAKOUT_ACCEPTANCE,-0.839999999999236,0.0,287.11300015449524,-0.7883432773715394,5
current7d:1s:seg0,1791211351.988,1791212096.879,SELL,PULLBACK_ACCEPTANCE,3.1899999999996,4.9399999999996,744.8910000324249,2.9749663332998195,5
current7d:1s:seg0,1791216304.99,1791216617.9539998,SELL,BREAKOUT_ACCEPTANCE,-0.42000000000007276,5.950000000000728,312.96399974823,-0.4010595013123718,5
current7d:1s:seg0,1791219407.979,1791219659.9980001,SELL,BREAKOUT_ACCEPTANCE,-3.069999999999709,1.7200000000002547,252.01900005340576,-2.9223195788600242,5
current7d:1s:seg0,1791221475.994,1791221726.39,SELL,BREAKOUT_ACCEPTANCE,-1.8400000000001455,1.5,250.39600014686584,-1.7111599458714613,5
current7d:1s:seg0,1791222653.8969998,1791223179.903,BUY,BREAKOUT_ACCEPTANCE,3.630000000000109,4.930000000000291,526.0060002803802,3.329234650643811,5
current7d:1s:seg0,1791224141.98,1791224558.988,SELL,BREAKOUT_ACCEPTANCE,12.570000000000618,12.570000000000618,417.0079998970032,11.842370362142217,2
current7d:1s:seg0,1791228366.9550002,1791228632.568,SELL,BREAKOUT_ACCEPTANCE,-1.3999999999996362,0.18000000000029104,265.61299991607666,-1.4433041972347582,5
current7d:1s:seg0,1791229981.973,1791230362.875,BUY,BREAKOUT_ACCEPTANCE,-1.6599999999998545,0.18999999999959982,380.90199995040894,-1.693377268037365,5
current7d:1s:seg0,1791236983.599,1791237741.772,BUY,BREAKOUT_ACCEPTANCE,1.569999999999709,2.9400000000005093,758.1730000972748,1.5816281397883842,5
current7d:1s:seg0,1791278844.865,1791279148.0449998,BUY,BREAKOUT_ACCEPTANCE,0.3400000000001455,2.130000000000109,303.1799998283386,0.34655134763441153,5
current7d:1s:seg0,1791281694.9689999,1791281880.8209999,BUY,PULLBACK_ACCEPTANCE,0.8600000000005821,5.3700000000008,185.85199999809265,0.87880631197362,8
current7d:1s:seg0,1791281931.8899999,1791282011.962,BUY,BREAKOUT_ACCEPTANCE,-3.8099999999994907,0.0,80.07200002670288,-3.918428225965548,5
current7d:1s:seg0,1791285358.839,1791285634.9550002,BUY,BREAKOUT_ACCEPTANCE,-2.8400000000001455,0.0,276.1160001754761,-2.83736061835234,5
current7d:1s:seg0,1791285763.279,1791286420.948,BUY,BREAKOUT_ACCEPTANCE,0.7399999999997817,4.1799999999993815,657.6689999103546,0.7235649223639256,5
current7d:1s:seg0,1791288159.9750001,1791288220.767,BUY,BREAKOUT_ACCEPTANCE,-2.380000000000109,0.0,60.79199981689453,-2.3400568706570746,5
current7d:1s:seg0,1791289067.057,1791289394.8009999,BUY,BREAKOUT_ACCEPTANCE,0.22999999999956344,2.4899999999997817,327.74399995803833,0.22210335158303215,5
block:20260928T150531Z:1s,1790619499.945,1790619644.994,BUY,BREAKOUT_ACCEPTANCE,-1.569999999999709,2.1500000000005457,145.04900002479553,-5.887499999998909,5
block:20260928T150531Z:1s,1790620008.962,1790620058.2350001,BUY,BREAKOUT_ACCEPTANCE,-1.5100000000002183,0.0,49.27300024032593,-5.595824062500821,5
block:20260928T150531Z:1s,1790620614.993,1790620742.985,BUY,PULLBACK_ACCEPTANCE,-3.259999999999309,0.0,127.99199986457825,-11.944232726669348,5
block:20260928T150531Z:1s,1790621218.882,1790621401.9550002,SELL,BREAKOUT_ACCEPTANCE,-2.1899999999996,2.2899999999999636,183.0730001926422,-7.827702379736467,5
block:20260928T150531Z:1s,1790622218.9329998,1790622325.951,SELL,BREAKOUT_ACCEPTANCE,-2.280000000000655,0.0,107.01800012588501,-8.015535068214017,5
block:20260928T150531Z:1s,1790622793.987,1790623000.978,SELL,BREAKOUT_ACCEPTANCE,-4.1899999999996,0.7200000000002547,206.9909999370575,-14.478415291097134,1
block:20260928T150531Z:1s,1790623006.9699998,1790623542.962,BUY,BREAKOUT_ACCEPTANCE,12.079999999999927,12.079999999999927,535.9920001029968,40.43032161674332,2
block:20260928T150531Z:1s,1790623580.9950001,1790623771.9020002,BUY,PULLBACK_ACCEPTANCE,3.25,8.230000000000473,190.90700006484985,11.862852107157835,8
block:20260928T150531Z:1s,1790625976.979,1790626280.906,SELL,BREAKOUT_ACCEPTANCE,-0.06000000000040018,0.2600000000002183,303.9269998073578,-0.2243447838895543,5
block:20260928T150531Z:1s,1790626307.9980001,1790626362.999,BUY,PULLBACK_ACCEPTANCE,-2.009999999999309,4.600000000000364,55.00099992752075,-7.512168262630225,8
block:20260928T150531Z:1s,1790629097.983,1790629388.992,SELL,BREAKOUT_ACCEPTANCE,-0.2899999999999636,0.7199999999993452,291.0090000629425,-1.0675062062492993,5
block:20260928T150531Z:1s,1790631138.895,1790631426.973,SELL,BREAKOUT_ACCEPTANCE,-1.6300000000001091,1.2400000000006912,288.07800006866455,-5.9870708269275426,5
block:20260928T150531Z:1s,1790631736.7900002,1790632030.976,BUY,BREAKOUT_ACCEPTANCE,-0.7399999999997817,0.3500000000003638,294.1859998703003,-2.684828451342941,5
block:20260929T132027Z:1s,1790699860.963,1790699951.9889998,BUY,BREAKOUT_ACCEPTANCE,-4.530000000000655,0.0,91.0259997844696,-16.987500000002456,1
block:20260929T132027Z:1s,1790700094.9689999,1790700169.96,BUY,BREAKOUT_ACCEPTANCE,-1.1199999999998909,0.7300000000004729,74.99100017547607,-4.057304999999584,5
block:20260929T132027Z:1s,1790700616.7710001,1790700749.964,BUY,BREAKOUT_ACCEPTANCE,-0.36999999999989086,1.680000000000291,133.19299983978271,-1.329100666124602,5
block:20260929T132027Z:1s,1790701531.9329998,1790701837.982,BUY,BREAKOUT_ACCEPTANCE,-0.6300000000001091,1.7899999999999636,306.0490002632141,-2.2567832957279426,5
block:20260929T132027Z:1s,1790702312.756,1790702647.941,BUY,BREAKOUT_ACCEPTANCE,1.7899999999999636,5.369999999999891,335.18499994277954,6.381833000686973,5
block:20260929T132027Z:1s,1790703419.9889998,1790703700.719,SELL,BREAKOUT_ACCEPTANCE,-2.1700000000000728,1.8400000000001455,280.73000025749207,-7.84049986923226,5
block:20260929T132027Z:1s,1790703745.9689999,1790703915.624,BUY,BREAKOUT_ACCEPTANCE,-3.300000000000182,0.43000000000029104,169.65500020980835,-11.72928844319825,5
block:20260929T132027Z:1s,1790704015.8430002,1790704252.98,SELL,BREAKOUT_ACCEPTANCE,-1.9700000000002547,0.8000000000001819,237.13699984550476,-6.828729530858471,5
block:20260929T132027Z:1s,1790705103.915,1790705200.952,SELL,BREAKOUT_ACCEPTANCE,-0.2899999999999636,1.2299999999995634,97.03699994087219,-0.9903919619751826,5
block:20260929T132027Z:1s,1790705479.9580002,1790705778.992,SELL,BREAKOUT_ACCEPTANCE,-0.42000000000007276,1.430000000000291,299.03399991989136,-1.4312410378359879,5
block:20260929T132027Z:1s,1790706069.966,1790706605.9139998,SELL,BREAKOUT_ACCEPTANCE,5.319999999999709,10.0,535.947999715805,18.071946628508726,8
block:20260929T132027Z:1s,1790707389.712,1790707573.767,SELL,BREAKOUT_ACCEPTANCE,-3.219999999999345,0.0,184.0550000667572,-11.374720996753105,5
block:20260929T132027Z:1s,1790708719.6569998,1790709051.9699998,SELL,PULLBACK_ACCEPTANCE,0.5799999999999272,1.5499999999992724,332.3129999637604,1.9993827518993215,5
block:20260929T132027Z:1s,1790709529.8179998,1790709575.677,SELL,BREAKOUT_ACCEPTANCE,-1.2899999999999636,0.0,45.85900020599365,-4.466247045280444,5
block:20260929T132027Z:1s,1790711031.963,1790711378.985,SELL,BREAKOUT_ACCEPTANCE,1.6900000000005093,5.110000000000582,347.021999835968,5.794520168721548,5
block:20260929T132027Z:1s,1790711754.922,1790712060.95,SELL,BREAKOUT_ACCEPTANCE,-0.4500000000007276,0.5599999999994907,306.02800011634827,-1.5624760771245718,5
block:20261001T171601Z:1s,1790886039.811,1790886428.962,BUY,BREAKOUT_ACCEPTANCE,0.47000000000025466,1.300000000000182,389.1509997844696,1.7625000000009547,5
block:20261001T171601Z:1s,1790886639.972,1790886661.9580002,BUY,BREAKOUT_ACCEPTANCE,-4.869999999999891,2.0600000000004,21.986000299453735,-18.326875312499624,1
block:20261001T171601Z:1s,1790887045.98,1790887269.8070002,BUY,BREAKOUT_ACCEPTANCE,-4.289999999999964,0.0,223.8270001411438,-15.554541224320223,1
block:20261001T171601Z:1s,1790887638.512,1790887788.907,BUY,BREAKOUT_ACCEPTANCE,-2.350000000000364,0.10999999999967258,150.3949999809265,-8.246404096039843,5
block:20261001T171601Z:1s,1790888056.9699998,1790888182.99,SELL,BREAKOUT_ACCEPTANCE,-0.2899999999999636,5.099999999999454,126.02000021934509,-0.9997054276234069,8
block:20261001T171601Z:1s,1790888228.956,1790888395.999,SELL,BREAKOUT_ACCEPTANCE,-2.4400000000005093,1.5299999999997453,167.04299998283386,-8.393020023094929,5
block:20261001T171601Z:1s,1790889840.9580002,1790889909.9950001,BUY,BREAKOUT_ACCEPTANCE,-4.010000000000218,0.5900000000001455,69.03699994087219,-13.541026764037156,1
block:20261001T171601Z:1s,1790890435.704,1790890640.731,BUY,BREAKOUT_ACCEPTANCE,1.3400000000001455,5.649999999999636,205.02699995040894,4.388844317881954,8
block:20261001T171601Z:1s,1790892381.496,1790892517.95,SELL,BREAKOUT_ACCEPTANCE,-1.4299999999993815,0.7300000000004729,136.4539999961853,-4.730687799016574,5
block:20261001T171601Z:1s,1790892966.9980001,1790893073.99,BUY,BREAKOUT_ACCEPTANCE,-2.7100000000000364,0.0,106.99199986457825,-8.868998375618297,5
block:20261001T171601Z:1s,1790893636.345,1790893824.96,SELL,BREAKOUT_ACCEPTANCE,-1.6900000000005093,0.0,188.61500000953674,-5.418436831123779,5
block:20261001T171601Z:1s,1790894429.864,1790894490.708,SELL,BREAKOUT_ACCEPTANCE,-2.639999999999418,0.0,60.8439998626709,-8.357018639595438,5
block:20261001T171601Z:1s,1790895074.3609998,1790895141.812,BUY,BREAKOUT_ACCEPTANCE,-3.8599999999996726,0.0,67.45100021362305,-11.977038533430237,5
block:20261002T071041Z:1s,1790936037.916,1790936328.554,BUY,BREAKOUT_ACCEPTANCE,-0.9200000000000728,3.2200000000002547,290.6380000114441,-3.450000000000273,5
block:20261002T071041Z:1s,1790936737.916,1790936839.46,BUY,BREAKOUT_ACCEPTANCE,-0.3000000000001819,1.2799999999997453,101.5440001487732,-1.117237500000677,5
block:20261002T071041Z:1s,1790938654.8140001,1790938839.979,BUY,BREAKOUT_ACCEPTANCE,-3.199999999999818,3.1899999999996,185.16499996185303,-11.890386299999301,5
block:20261002T071041Z:1s,1790939220.992,1790939441.976,BUY,BREAKOUT_ACCEPTANCE,-0.8499999999994543,5.410000000000764,220.98399996757507,-3.0825826482730188,8
block:20261002T071041Z:1s,1790940542.9740002,1790940573.966,SELL,BREAKOUT_ACCEPTANCE,-1.4699999999993452,0.0,30.991999864578247,-5.297069223905427,5
block:20261002T071041Z:1s,1790940763.993,1790940961.803,SELL,BREAKOUT_ACCEPTANCE,-2.0100000000002183,0.25,197.80999994277954,-7.163078069242682,5
block:20261002T071041Z:1s,1790941630.6780002,1790941765.9699998,SELL,BREAKOUT_ACCEPTANCE,-1.8299999999999272,0.09000000000014552,135.29199957847595,-6.423295144898734,5
block:20261002T071041Z:1s,1790942204.8,1790942421.96,BUY,BREAKOUT_ACCEPTANCE,-2.6599999999998545,0.7599999999993088,217.1600000858307,-9.20844820471741,5
block:20261002T071041Z:1s,1790943028.987,1790943478.9980001,BUY,BREAKOUT_ACCEPTANCE,0.5100000000002183,3.3299999999999272,450.0110001564026,1.7303072286275218,5
block:20261002T071041Z:1s,1790944680.4529998,1790944813.957,SELL,BREAKOUT_ACCEPTANCE,-2.5799999999999272,0.1500000000005457,133.50400018692017,-8.786800366162117,5
block:20261002T071041Z:1s,1790945182.9420002,1790945345.959,SELL,BREAKOUT_ACCEPTANCE,-3.7200000000002547,1.5,163.01699995994568,-12.424188332623688,5
block:20261002T071041Z:1s,1790945635.569,1790945905.705,BUY,BREAKOUT_ACCEPTANCE,-2.4299999999993815,0.3000000000001819,270.135999917984,-7.8893696107201965,5
block:20261002T071041Z:1s,1790946386.973,1790947068.971,SELL,BREAKOUT_ACCEPTANCE,7.809999999999491,9.800000000000182,681.9979999065399,24.894249170828388,5
block:20261002T071041Z:1s,1790948610.977,1790948939.554,BUY,BREAKOUT_ACCEPTANCE,-0.7099999999991269,1.730000000000473,328.5769999027252,-2.3956754378162612,5
block:20261002T071041Z:1s,1790949605.9580002,1790949820.9950001,BUY,BREAKOUT_ACCEPTANCE,-1.9099999999998545,1.0100000000002183,215.0369999408722,-6.410386296162212,5
block:20261002T132739Z:1s,1790959419.663,1790959519.949,SELL,BREAKOUT_ACCEPTANCE,-0.4099999999998545,4.710000000000036,100.28599977493286,-1.5374999999994543,8
block:20261002T132739Z:1s,1790959970.988,1790960267.9910002,SELL,BREAKOUT_ACCEPTANCE,-3.3400000000001455,7.020000000000437,297.0030002593994,-12.486485625000558,5
block:20261002T132739Z:1s,1790961008.999,1790961047.982,SELL,BREAKOUT_ACCEPTANCE,-4.300000000000182,0.0,38.98300004005432,-15.67272646359441,1
block:20261002T132739Z:1s,1790961113.982,1790961164.7910001,SELL,BREAKOUT_ACCEPTANCE,-4.0900000000001455,0.0,50.80900001525879,-14.426553356682877,1
block:20261002T132739Z:1s,1790961304.855,1790961325.9740002,BUY,PULLBACK_ACCEPTANCE,-4.240000000000691,0.0,21.11900019645691,-14.496880158842544,1
block:20261002T132739Z:1s,1790961923.92,1790962359.985,SELL,BREAKOUT_ACCEPTANCE,5.350000000000364,9.94000000000051,436.0649998188019,17.710366657635895,8
block:20261002T132739Z:1s,1790963310.9550002,1790963665.9910002,SELL,BREAKOUT_ACCEPTANCE,12.050000000000182,12.050000000000182,355.03600001335144,41.49027872771214,2
block:20261002T132739Z:1s,1790963688.922,1790963997.994,SELL,BREAKOUT_ACCEPTANCE,0.02999999999974534,3.1899999999996,309.0720000267029,0.11263061244982027,5
block:20261002T132739Z:1s,1790964100.904,1790964683.967,SELL,BREAKOUT_ACCEPTANCE,5.669999999999163,7.889999999999418,583.0629999637604,21.291975369988016,5
block:20261002T132739Z:1s,1790964701.981,1790964860.971,SELL,BREAKOUT_ACCEPTANCE,-2.1599999999998545,0.8200000000006185,158.99000000953674,-8.45615871337082,5
block:20261002T132739Z:1s,1790964941.962,1790965065.961,SELL,BREAKOUT_ACCEPTANCE,-1.1700000000000728,2.449999999999818,123.99900007247925,-4.506216510366621,5
block:20261002T132739Z:1s,1790965456.849,1790965601.966,SELL,BREAKOUT_ACCEPTANCE,-2.0599999999994907,5.360000000000582,145.11700010299683,-7.864401186839953,8
block:20261002T132739Z:1s,1790966192.92,1790966272.959,BUY,BREAKOUT_ACCEPTANCE,-3.6099999999996726,0.0,80.03900003433228,-13.568861767233647,5
block:20261002T132739Z:1s,1790966392.848,1790966902.978,SELL,BREAKOUT_ACCEPTANCE,3.149999999999636,8.069999999999709,510.12999987602234,11.519301171714494,8
block:20261002T132739Z:1s,1790967427.948,1790967680.987,SELL,BREAKOUT_ACCEPTANCE,-2.300000000000182,2.399999999999636,253.03900003433228,-8.609626261068756,5
block:20261002T132739Z:1s,1790968626.9580002,1790968946.9750001,BUY,BREAKOUT_ACCEPTANCE,0.07999999999992724,3.0299999999997453,320.0169999599457,0.2942994854976328,5
block:20261002T132739Z:1s,1790969604.967,1790969900.881,BUY,BREAKOUT_ACCEPTANCE,-0.6500000000005457,2.1099999999996726,295.9140000343323,-2.3926180296642507,5
block:20261002T132739Z:1s,1790970251.6729999,1790970364.9889998,SELL,BREAKOUT_ACCEPTANCE,-3.75,0.0,113.31599998474121,-13.7362731736594,5
block:20261002T132739Z:1s,1790971280.976,1790971572.9889998,BUY,BREAKOUT_ACCEPTANCE,-0.6599999999998545,1.4700000000002547,292.0129997730255,-2.349589526353922,5
block:20261005T132049Z:1s,1791219407.979,1791219659.9980001,SELL,BREAKOUT_ACCEPTANCE,-3.069999999999709,1.7200000000002547,252.01900005340576,-11.512499999998909,5
block:20261005T132049Z:1s,1791221475.994,1791221726.39,SELL,BREAKOUT_ACCEPTANCE,-1.8400000000001455,1.5,250.39600014686584,-6.741127500000547,5
block:20261005T132049Z:1s,1791222653.8969998,1791223179.903,BUY,BREAKOUT_ACCEPTANCE,3.630000000000109,4.930000000000291,526.0060002803802,13.115544991312909,5
block:20261005T132049Z:1s,1791224141.98,1791224558.988,SELL,BREAKOUT_ACCEPTANCE,12.570000000000618,12.570000000000618,417.0079998970032,46.65310727149586,2
block:20261005T132049Z:1s,1791228366.9550002,1791228632.568,SELL,BREAKOUT_ACCEPTANCE,-1.3999999999996362,0.18000000000029104,265.61299991607666,-5.6859077600080195,5
block:20261005T132049Z:1s,1791229981.973,1791230362.875,BUY,BREAKOUT_ACCEPTANCE,-1.6599999999998545,0.18999999999959982,380.90199995040894,-6.671072506684291,5
