trade_id,interval,segment_id,engine,side,side_sign,entry_ts,exit_ts,hold_sec,entry_oz,pnl_inr,mfe_usd,mae_usd,exit_reason,spread_rel,range60_rel,m60_rel,m300_rel,imb10_rel,qacc_rel,trend_eff,spread_range_ratio,directional_m60_rel,directional_m300_rel,raw_spread_rel,raw_range60_rel,raw_m60_rel,raw_m300_rel,raw_activity_rel,raw_er60,raw_imb10,raw_spread,raw_range60,raw_vol_regime,raw_spread_regime,raw_efficiency_regime,raw_activity_regime,raw_regime_key,window,activity_rel,er60,spread_to_range,dir_m10_rel,dir_m30_rel,dir_m60_rel,dir_m300_rel,dir_eff60,flow_align10,flow_align60,accel_10_60,accel_30_300,short_long_balance,pullback60,pullback300,market_heat,execution_heat,session_age_sec
500ms-s0-t0,500ms,0,BURST,BUY,1,1789573152.468,1789573195.315,42.84700012207031,0.039184093139022,3.000000000000682,1.440000000000509,-0.3000000000001819,momentum_zero_cross,0.875,2.3526011560685527,2.387283236995411,0.8826666666670159,3.1777777777777776,1.24148350345039,0.2055749128919608,0.069392812887176,2.387283236995411,0.8826666666670159,0.875,2.3526011560685527,2.5415384615405108,,1.4634146341463414,0.1192607565695495,0.2888888888888888,0.2799999999997453,4.069999999999709,high,normal,mixed,normal,high|normal|mixed|normal,historical7d,1.4634146341463414,0.11926075656954953,0.06879606879601115,3.100775193800723,5.287553648072838,2.5415384615405108,,0.11926075656954953,0.28888888888888886,0.05668934240362812,0.5592367322602123,,,0.034398034397893844,0.13721185510427225,3.442830960100321,1.2804878048780488,2573.3639998435974
500ms-s0-t1,500ms,0,PRIMARY,BUY,1,1789573826.844,1789573965.96,139.1159999370575,0.0394191976978562,-15.504974999998788,0.0,-4.109999999999673,emergency_stop,0.9666666666674246,1.187861271676144,1.8806818181822056,2.0919220055705,3.0,0.5710507406087907,0.2293832293830055,0.1414634146341788,1.8806818181822056,2.0919220055705,0.9666666666674246,1.187861271676144,2.0623052959504347,2.2485029940113987,0.4958677685950413,0.1356001638672133,0.2666666666666666,0.2899999999999636,2.055000000000291,normal,normal,mixed,slow,normal|normal|mixed|slow,historical7d,0.49586776859504134,0.13560016386721335,0.14111922141115452,1.4285714285677162,2.4796380090489096,2.0623052959504347,2.2485029940113987,0.13560016386721335,0.26666666666666666,0.09836065573770492,-0.6337338673827184,0.23113501503751088,-0.20129942617260377,0.0,0.0,0.5890221181865177,0.4793388429755825,3247.7400000095367
500ms-s0-t2,500ms,0,PRIMARY,BUY,1,1789574424.972,1789574554.4499998,129.4779999256134,0.0382041009288198,-14.844223511248194,0.1700000000000727,-4.059999999999491,emergency_stop,0.8333333333328281,2.4830633284232544,4.283422459895498,3.0329341317367,0.5580419580419581,0.9043262816847724,0.2050166368057117,0.0595947556615059,4.283422459895498,3.0329341317367,0.8333333333328281,2.4830633284232544,4.869300911850251,3.0329341317367,2.39344262295082,0.0987791342952145,0.0489510489510489,0.25,4.2150000000001455,high,normal,choppy,fast,high|normal|choppy|fast,historical7d,2.3934426229508197,0.09877913429521452,0.05931198102016402,10.048387096775258,1.358649789030611,4.869300911850251,3.0329341317367,0.09877913429521452,0.04895104895104895,-0.03367875647668394,5.179086184925007,-1.6742843427060887,1.752400921109459,0.004744958481716695,0.003773584905742617,5.943069605734347,1.9945355191244738,3845.867999792099
500ms-s0-t3,500ms,0,PRIMARY,BUY,1,1789575064.35,1789575964.473,900.1229999065399,0.0370407860555374,10.705540653721815,9.399999999999636,-1.4200000000000728,max_hold,1.1428571428559053,1.33658536585373,1.9696202531648204,3.519402985074505,1.5410958904109588,0.8127745860087868,0.1851499286056753,0.104283054003614,1.9696202531648204,3.519402985074505,0.8888888888879265,1.33658536585373,1.8568019093082408,3.4880239520960923,0.9659863945578232,0.0918102430965974,0.0985915492957746,0.2799999999997453,2.7399999999997817,normal,normal,choppy,normal,normal|normal|choppy|normal,historical7d,0.9795918367346939,0.09387562071413573,0.1313868613137596,1.301369863009739,3.3822393822385743,1.8949880668252328,3.5359281437122685,0.09387562071413573,0.1267605633802817,0.0326530612244898,-0.5936182038154938,-0.15368876147369415,-0.3736534826445943,0.01459854014630522,0.005856515373479973,1.309308113489368,1.1195335276955807,4485.095999956131
500ms-s0-t4,500ms,0,PRIMARY,SELL,-1,1789576948.978,1789577221.412,272.4340000152588,0.0378797598596955,-8.954176238190282,2.340000000000145,-2.600000000000364,momentum_zero_cross,0.6906474820145014,1.6333973128605497,-2.2758620689652047,-1.8776978417265684,-1.6304347826086956,0.9754291679554594,0.2049689440993609,0.0569395017793179,2.2758620689652047,1.8776978417265684,0.6906474820145014,1.6333973128605497,-2.962593516209569,-2.018041237114746,1.3175355450236967,0.090163934426308,-0.1304347826086956,0.2399999999997817,4.255000000001019,high,tight,choppy,normal,high|tight|choppy|normal,historical7d,1.3175355450236967,0.09016393442630805,0.056404230317208995,1.4218009478681322,2.215938303340936,2.962593516209569,2.018041237114746,0.09016393442630805,0.13043478260869565,0.08374384236453201,-1.5407925683414367,0.19789706622619008,-0.6714477510576233,0.008225616921446674,0.007092198581713209,2.152059018839966,0.9099526066352199,6369.873999834061
500ms-s0-t5,500ms,0,PRIMARY,SELL,-1,1789577693.868,1789578593.993,900.125,0.0371780373082945,31.48844376189823,13.800000000000182,-1.2200000000002549,max_hold,0.6538461538458847,0.4801548886740368,-0.615763546797831,-1.962085308056486,-0.135632183908046,0.9383181217782466,0.0697934115019547,0.1497797356829747,0.615763546797831,1.962085308056486,0.6538461538458847,0.4801548886740368,-0.7862068965514213,-1.9255813953485008,0.7466666666666667,0.0285285285285093,-0.0602409638554216,0.1700000000000727,1.2400000000006912,low,tight,choppy,slow,low|tight|choppy|slow,historical7d,0.7466666666666667,0.02852852852850939,0.13709677419353064,-0.20224719101128188,0.06766917293244394,0.7862068965514213,1.9255813953485008,0.02852852852850939,0.060240963855421686,-0.09090909090909091,-0.9884540875627031,-1.857912222416057,-1.42318315498938,0.23790322580637768,0.0722972972972723,0.35851565020994747,0.4882051282049273,7114.763999938965
500ms-s0-t6,500ms,0,MICRO,BUY,1,1789578618.875,1789578804.99,186.11500000953677,0.0396457295346327,19.97635544919466,6.520000000000437,-0.1199999999998908,trail,1.0,1.3174767321612315,2.070539419086417,1.0,0.5380577427821522,1.0120758450529237,0.2260987766196075,0.0852459016394361,2.070539419086417,1.0,1.0,1.3174767321612315,2.544117647058227,0.9418221734361044,1.1111111111111112,0.0994443379957689,0.04,0.2600000000002183,3.1850000000004,normal,normal,choppy,normal,normal|normal|choppy|normal,historical7d,1.1111111111111112,0.09944433799576896,0.08163265306128277,2.369047619046949,3.830065359480419,2.544117647058227,0.9418221734361044,0.09944433799576896,0.04,-0.015256588072122053,-0.17507002801127802,2.8882431860443147,1.3565865790165184,0.02040816326546347,0.008079552517154597,1.4638630357347018,1.1111111111111112,8039.770999908447
500ms-s0-t7,500ms,0,PRIMARY,SELL,-1,1789579129.2659998,1789579778.929,649.6630001068115,0.0412112402796316,-15.933769042995811,3.130000000000109,-4.039999999999964,emergency_stop,1.0,0.9158316633263012,-1.137931034482951,-1.35338345864627,-0.9209726443768996,1.028251696936342,0.1123723041999086,0.1303370786516477,1.137931034482951,1.35338345864627,1.0,0.9158316633263012,-1.4692874692883608,-1.4055299539170871,0.8071748878923767,0.0709371293001664,-0.0561797752808988,0.2899999999999636,2.2849999999998545,normal,normal,choppy,normal,normal|normal|choppy|normal,historical7d,0.8071748878923767,0.0709371293001664,0.12691466083150202,2.757894736843476,1.4159292035416844,1.4692874692883608,1.4055299539170873,0.0709371293001664,0.056179775280898875,-0.09420289855072464,1.288607267555115,0.01039924962459704,0.6495032585898562,0.02188183807408122,0.007235890014366636,0.739236320173696,0.8071748878923767,8550.161999702454
500ms-s0-t8,500ms,0,PRIMARY,BUY,1,1789580254.921,1789581155.406,900.4850001335144,0.0399625396991588,46.39117251268539,14.489999999999782,-0.6000000000003638,max_hold,0.9310344827602428,1.096069868995746,1.179282868526598,1.939834024896458,2.2317073170731705,0.9352394392844194,0.1594827586208387,0.109979633401403,1.179282868526598,1.939834024896458,0.9310344827602428,1.096069868995746,1.254113345519781,2.0526893523604026,0.7745098039215687,0.1077599748665535,0.1794871794871795,0.2700000000004365,2.5100000000002183,normal,normal,mixed,normal,normal|normal|mixed|normal,historical7d,0.7745098039215687,0.10775997486655357,0.10756972111570243,3.7486338797818877,2.7806451612912992,1.254113345519781,2.0526893523604026,0.10775997486655357,0.1794871794871795,-0.046153846153846156,2.4945205342621066,0.7279558089308966,1.6112381715965014,0.03187250996048995,0.015594541910491394,0.8489168593202346,0.7210953346868547,9675.816999912262
500ms-s0-t9,500ms,0,PRIMARY,BUY,1,1789581649.428,1789581743.4540002,94.02600026130676,0.0435981317482898,-17.148698661633343,1.949999999999818,-4.109999999999673,emergency_stop,1.0,1.137472283813744,0.6809421841542272,2.13036565977736,-0.2484848484848484,0.8129413308833181,0.0452347083926054,0.1153081510934098,0.6809421841542272,2.13036565977736,1.0,1.137472283813744,0.5598591549294207,2.2519019442099086,1.1935483870967742,0.0220008302199902,-0.0181818181818181,0.2899999999999636,2.5649999999996,normal,normal,choppy,normal,normal|normal|choppy|normal,historical7d,1.1935483870967742,0.022000830219990247,0.11306042884990598,0.7820512820513718,1.7730061349698387,0.5598591549294207,2.2519019442099086,0.022000830219990247,-0.01818181818181818,-0.005277044854881266,0.22219212712195102,-0.4788958092400699,-0.1283518410590594,0.2943469785572388,0.08633504859911807,1.3576282097131784,1.1935483870967742,11070.323999881744
500ms-s0-t10,500ms,0,SECONDARY,BUY,1,1789582071.959,1789582518.9580002,446.9990000724793,0.0422542193371488,-16.90315725210084,1.9099999999998545,-4.180000000000291,emergency_stop,0.5172413793122914,2.261153427639329,4.379464285715297,1.336336336336584,1.625,1.56522168460551,0.4424898511502969,0.0289575289576326,4.379464285715297,1.336336336336584,0.5172413793122914,2.261153427639329,3.69491525423687,1.37984496124038,1.2916666666666667,0.2595924847842881,0.0909090909090909,0.1500000000005457,5.1950000000006185,high,tight,efficient,normal,high|tight|efficient|normal,historical7d,1.2916666666666667,0.25959248478428815,0.02887391722820555,6.0256410256369,5.447852760739496,3.69491525423687,1.37984496124038,0.25959248478428815,0.09090909090909091,0.1375770020533881,2.33072577140003,4.068007799499116,3.1993667854495733,0.0,0.0,2.9206565107008,0.6681034482783764,11492.855000019073
500ms-s0-t11,500ms,0,PRIMARY,SELL,-1,1789583356.946,1789583760.496,403.55000019073486,0.0409295495609291,-16.255731956893825,2.0100000000002183,-4.149999999999636,emergency_stop,0.8823529411739529,0.869395711500786,-1.603112840467419,-1.8195836545877444,-0.4474097331240189,1.0802594995366075,0.2893258426966898,0.1385681293298621,1.603112840467419,1.8195836545877444,0.8823529411739529,0.869395711500786,-1.2935635792775844,-1.4511002444988237,0.8888888888888888,0.1309599491417737,-0.0352941176470588,0.2999999999992724,2.2299999999995634,normal,normal,mixed,normal,normal|normal|mixed|normal,historical7d,0.8888888888888888,0.1309599491417737,0.13452914798176285,2.814814814816212,1.4501718213063144,1.2935635792775844,1.4511002444988237,0.1309599491417737,0.03529411764705882,0.04090909090909091,1.5212512355386276,-0.0009284231925092978,0.7601614061730593,0.022421524663355244,0.008045052292723821,0.7727961880006986,0.7843137254879581,12777.84199976921
500ms-s0-t12,500ms,0,SECONDARY,BUY,1,1789584430.963,1789584507.463,76.5,0.0396556173308453,-15.446162231307165,2.2200000000002547,-4.069999999999709,emergency_stop,0.44117647058697645,4.656836461125142,8.85119047618942,2.383386581470269,2.3081081081081085,1.260724000836995,0.563471011746567,0.0187499999999523,8.85119047618942,2.383386581470269,0.4411764705869764,4.656836461125142,7.867724867727714,1.7511737089202934,0.972972972972973,0.357882069795813,0.2112676056338028,0.1499999999996362,8.68499999999949,high,tight,efficient,normal,high|tight|efficient|normal,historical7d,0.972972972972973,0.35788206979581305,0.017271157167489348,27.3653846153643,13.474226804109115,7.8677248677277145,1.7511737089202934,0.35788206979581305,0.2112676056338028,0.023668639053254437,19.497659747636582,11.723053095188822,15.610356421412702,0.07656879677605097,0.07014767932489391,4.530976016229868,0.4292527821927339,13851.858999967575
500ms-s0-t13,500ms,0,MICRO,SELL,-1,1789584564.929,1789584565.278,0.3490002155303955,0.0384451296118214,-1.250955077132523,0.0,-0.3400000000001455,momentum_zero_cross,0.7352941176467441,2.113103448275822,-3.9435028248585655,0.3059185242121058,-0.6710430952779171,1.0479559792395057,0.197845804988616,0.0660501981505811,3.9435028248585655,-0.3059185242121058,0.7352941176467441,2.113103448275822,-3.6931216931235618,0.2335680751173582,1.8783783783783785,0.0914091147197855,-0.0289855072463768,0.25,3.8299999999999272,high,tight,choppy,fast,high|tight|choppy|fast,historical7d,1.8783783783783783,0.09140911471978556,0.06527415143603257,4.950000000006442,4.731958762881069,3.6931216931235618,-0.23356807511735825,0.09140911471978556,0.028985507246376812,-0.02295918367346939,1.2568783068828804,4.965526837998428,3.111202572440654,0.011749347258267394,0.11254295532641356,3.969207828518098,1.3811605723364517,13985.824999809265
500ms-s0-t14,500ms,0,PRIMARY,SELL,-1,1789586926.748,1789587086.985,160.2369999885559,0.0383470945313112,-10.202314982014164,0.0,-2.7799999999997453,momentum_zero_cross,0.905660377358102,1.39341421143896,-2.46666666666761,-1.2246963562752555,0.6540084388185654,1.1384457025218733,0.2330300909727185,0.1237113402060405,2.46666666666761,1.2246963562752555,0.905660377358102,1.39341421143896,-2.6533864541810552,-0.9435483870965672,1.4615384615384617,0.1304347826086337,0.0526315789473684,0.2399999999997817,2.0100000000002183,normal,normal,mixed,normal,normal|normal|mixed|normal,historical7d,1.4615384615384615,0.1304347826086337,0.11940298507450531,-0.48888888889167353,0.7999999999980597,2.6533864541810552,0.9435483870965672,0.1304347826086337,-0.05263157894736842,-0.008086253369272238,-3.1422753430727286,-0.14354838709850748,-1.642911865085618,0.12935323383094033,0.06753246753251785,2.036528462872326,1.323657474600303,16347.643999814987
500ms-s0-t15,500ms,0,PRIMARY,BUY,1,1789592304.8969998,1789592403.462,98.56500029563904,0.0375475576103334,-26.698814240924374,9.100000000000364,-7.429999999999381,emergency_stop,1.0714285714252072,2.4624808575805477,4.781250000004121,4.382716049383236,2.7264437689969605,1.0237068965517242,0.2907639680729276,0.0749999999998181,4.781250000004121,4.382716049383236,1.0714285714252072,2.462480857580548,4.935483870966928,5.525291828796639,1.6363636363636365,0.1687624090006269,0.3258426966292135,0.2999999999992724,4.019999999999527,high,normal,mixed,fast,high|normal|mixed|fast,historical7d,1.6363636363636365,0.16876240900062697,0.07462686567146957,7.399999999997023,3.935828877005857,4.935483870966928,5.525291828796639,0.16876240900062697,0.3258426966292135,0.1411530815109344,2.4645161290300948,-1.5894629517907815,0.43752658861965665,0.004975124377992392,0.002539682539622484,4.029514130586351,1.7532467532412483,21725.792999744415
500ms-s0-t16,500ms,0,MICRO,SELL,-1,1789592535.972,1789592539.9299998,3.9579999446868896,0.0354552199624977,-14.013664096320696,0.0,-4.130000000000109,emergency_stop,0.9491525423732471,10.586626139817724,-13.616216216228183,-21.158959537566744,-0.1729729729729729,0.9803610108303248,0.132474362345538,0.0164271047227784,13.616216216228183,21.158959537566744,0.9491525423732472,10.586626139817724,-15.959537572250309,-28.486381322970875,3.206896551724138,0.0602904247188636,-0.0162162162162162,0.2799999999997453,17.414999999999964,high,normal,choppy,fast,high|normal|choppy|fast,historical7d,3.206896551724138,0.06029042471886365,0.01607809359745885,12.725806451614204,14.882096069875905,15.959537572250309,28.486381322970875,0.06029042471886365,0.016216216216216217,0.02462121212121212,-3.2337311206361044,-13.60428525309497,-8.419008186865536,0.04651162790694759,0.014899291823774375,33.95021486217408,3.043834015196965,21956.8679997921
500ms-s0-t17,500ms,0,SECONDARY,BUY,1,1789592591.9859998,1789592605.4529998,13.467000007629396,0.0343569945241593,-13.415189024654024,2.300000000000182,-4.079999999999927,emergency_stop,0.9666666666688899,13.250000000001405,19.864583333351096,-9.09971509971048,0.3374233128834356,0.9554698457223002,0.2308437235201497,0.0124330117899239,19.864583333351096,-9.09971509971048,0.96666666666889,13.250000000001403,18.975124378115687,-12.428015564209046,2.796610169491525,0.0963520614389708,0.0306748466257668,0.2899999999999636,23.584999999999127,high,normal,choppy,fast,high|normal|choppy|fast,historical7d,2.7966101694915255,0.09635206143897082,0.012295950816195647,14.978102189769935,19.418867924517308,18.975124378115687,-12.428015564209046,0.09635206143897082,0.03067484662576687,0.06999041227229147,-3.9970221883457526,31.846883488726355,13.924930650190301,0.0,0.5661730893037943,37.05508474576664,2.703389830514692,22012.881999731064
500ms-s0-t18,500ms,0,MICRO,BUY,1,1789592880.462,1789592904.4889998,24.02699971199036,0.0333056704917201,-15.650245005110872,2.649999999999636,-4.909999999999855,emergency_stop,0.933333333336365,5.073115860518642,8.615079365078248,6.101983002831976,1.4,1.0508478540521575,0.2221881076655815,0.0226142017186787,8.615079365078248,6.101983002831976,0.8333333333340912,5.113610798651861,9.5428571428629,7.33444816053575,2.575757575757576,0.1292184988988665,0.0714285714285714,0.25,11.365000000000691,high,normal,mixed,fast,high|normal|mixed|fast,historical7d,2.5757575757575757,0.1241321522623745,0.02483370288254225,11.225806451609937,2.314285714285135,9.116483516488524,6.946488294315034,0.1241321522623745,0.07142857142857142,0.10358974358974359,2.1093229351214138,-4.632202580029899,-1.2614398224542431,0.03414634146335443,0.019607843137220388,13.067116610426805,2.404040404048213,22301.30999994278
500ms-s0-t19,500ms,0,MICRO,SELL,-1,1789592995.458,1789592995.906,0.4479999542236328,0.0320791891758625,-0.3070045770438486,0.0,-0.1000000000003638,momentum_zero_cross,0.7999999999987873,3.5100222717158522,-4.546428571430247,2.1515151515144075,-1.0135135135135136,0.9662767340186694,0.1789680866020269,0.0312703583061634,4.546428571430247,-2.1515151515144075,0.7999999999987873,3.510022271715852,-4.10380622837473,4.812709030100491,2.1714285714285717,0.0862545454545474,-0.081081081081081,0.2399999999997817,7.880000000000109,high,normal,choppy,fast,high|normal|choppy|fast,historical7d,2.1714285714285713,0.0862545454545474,0.03045685279185005,4.53398058252146,1.0746987951805411,4.10380622837473,-4.812709030100491,0.0862545454545474,0.08108108108108109,0.0043859649122807015,0.4301743541467298,5.8874078252810325,3.158791089713881,0.09898477157357037,0.4278497693828088,7.621762647154421,1.7371428571402239,22416.353999853134
500ms-s0-t20,500ms,0,PRIMARY,SELL,-1,1789593033.9889998,1789593933.999,900.0100002288818,0.0320551297839805,45.24921273246746,21.299999999999272,-2.130000000000109,max_hold,0.800000000001819,4.263904034897054,-3.8268251273338096,-2.39285714285609,-0.9502923976608186,0.991538219565901,0.1446540880503541,0.0251177394035252,3.8268251273338096,2.39285714285609,0.800000000001819,4.263904034897054,-3.409984871407729,-2.91304347826079,2.3424657534246576,0.0749883558453608,-0.0760233918128654,0.2400000000006912,9.774999999999636,high,normal,choppy,fast,high|normal|choppy|fast,historical7d,2.3424657534246576,0.07498835584536083,0.02455242966759081,2.972222222219111,2.129817444220513,3.409984871407729,2.91304347826079,0.07498835584536083,0.07602339181286549,0.020833333333333332,-0.4377626491886182,-0.7832260340402772,-0.6104943416144477,0.2301790281330009,0.11230346892937441,9.988049177635565,1.8739726027439871,22454.884999752045
500ms-s0-t21,500ms,0,MICRO,SELL,-1,1789594268.4220002,1789594346.9910002,78.56900000572205,0.0356012285163334,18.764671166246657,7.329999999999927,-2.350000000000364,trail,0.6511627906994452,2.1545636242503567,-4.326704545454144,-3.999999999999581,-3.110942249240121,1.1199759144964625,0.3206990945461887,0.0173697270471881,4.326704545454144,3.999999999999581,0.6511627906994452,2.1545636242503567,-4.711523588553791,-5.037572254336616,1.105105105105105,0.1766001855286548,-0.2888888888888888,0.2800000000006548,16.169999999999163,high,tight,mixed,normal,high|tight|mixed|normal,historical7d,1.105105105105105,0.17660018552865486,0.01731601731605871,5.666666666668405,3.46167883211637,4.711523588553791,5.037572254336616,0.17660018552865486,0.28888888888888886,0.04590818363273453,0.955143078114614,-1.5758934222202456,-0.31037517205281606,0.012677798392080263,0.012634822804309562,2.3810192604328266,0.7196033242564439,23689.3180000782
500ms-s0-t22,500ms,0,PRIMARY,SELL,-1,1789594424.963,1789594435.471,10.507999897003174,0.0370717817617361,-16.28461940690718,0.0,-4.589999999999236,emergency_stop,0.6976744186032247,2.001332445036671,-3.246734397678184,-13.89135254988278,-0.3974430969591971,0.9797207922751038,0.1414479924122592,0.0214976710855789,3.246734397678184,13.89135254988278,0.6976744186032247,2.001332445036671,-3.460170146945135,-18.106936416189438,1.1437125748502994,0.0627120069524287,-0.031578947368421,0.2999999999992724,15.020000000000437,high,tight,choppy,normal,high|tight|choppy|normal,historical7d,1.1437125748502994,0.06271200695242873,0.019973368841495583,2.1794871794871282,3.1436077057791234,3.460170146945135,18.106936416189434,0.06271200695242873,0.031578947368421054,-0.033789954337899546,-1.2806829674580067,-14.96332871041031,-8.12200583893416,0.1348202396804585,0.04924012158055929,2.2889490838443365,0.7979390057078797,23845.858999967575
500ms-s0-t23,500ms,0,MICRO,BUY,1,1789594746.48,1789594746.975,0.4950001239776611,0.0357955856745885,-1.2332565791225731,0.0,-0.3599999999996726,momentum_zero_cross,0.5348837209294209,1.403612479474532,2.2442847811886115,-1.0344827586207024,0.6359281437125749,0.9817590333449518,0.1703351179853158,0.0219780219779799,2.2442847811886115,-1.0344827586207024,0.5348837209294209,1.403612479474532,2.244284781188878,-1.4225941422598622,1.008955223880597,0.0864446009862582,0.0538922155688622,0.2299999999995634,10.68499999999949,normal,tight,choppy,normal,normal|tight|choppy|normal,historical7d,1.008955223880597,0.08644460098625822,0.021525503041607337,0.8681898066789921,0.6861313868609625,2.244284781188878,-1.4225941422598622,0.08644460098625822,0.05389221556886228,-0.018682399213372666,-1.3760949745098858,2.1087255291208247,0.3663152773054694,0.07112774918111882,0.1454301590343042,1.4161821434698263,0.5396737244004307,24167.37599992752
500ms-s0-t24,500ms,0,SECONDARY,BUY,1,1789594762.982,1789594922.468,159.48599982261658,0.0356989375932672,29.108267277189675,8.520000000000437,-1.5099999999993088,take_profit,0.6046511627893204,0.8315270935960793,1.5467015022859745,1.7449392712553171,1.4718920044007018,1.031670731707317,0.1174836277039038,0.0410742496049465,1.5467015022859745,1.7449392712553171,0.6046511627893204,0.8315270935960793,1.5937295885043936,1.9442119944209828,1.0328358208955224,0.062238547087047,0.1242603550295858,0.2599999999993088,6.329999999999927,normal,tight,choppy,normal,normal|tight|choppy|normal,historical7d,1.0328358208955224,0.06223854708704706,0.041074249604946565,1.613356766257013,1.0273722627734878,1.5937295885043936,1.9442119944209828,0.06223854708704706,0.1242603550295858,0.003992015968063872,0.01962717775261935,-0.916839731647495,-0.4486062769474377,0.0,0.02019402098595266,0.8588309683111744,0.6245053800749398,24183.87800002098
500ms-s0-t25,500ms,0,MICRO,BUY,1,1789594989.979,1789595021.9539998,31.97499966621399,0.0379800997054771,18.80996217762168,6.0900000000001455,-2.319999999999709,trail,0.5977011494258642,1.0695330870003905,1.4970453053184456,10.151736745889677,0.6878980891719746,1.002489460450105,0.1547651371164574,0.0333761232349408,1.4970453053184456,10.151736745889677,0.5977011494258642,1.0695330870003903,1.489222730241674,14.138639281131764,0.9578313253012049,0.0819436457734267,0.0573248407643312,0.2600000000002183,7.960000000000036,normal,tight,choppy,normal,normal|tight|choppy|normal,historical7d,0.9578313253012049,0.08194364577342671,0.032663316582941845,1.244604316547624,2.66026871401126,1.489222730241674,14.138639281131763,0.08194364577342671,0.05732484076433121,0.05251396648044693,-0.24461841369405013,-11.478370567120503,-5.861494490407276,0.016331658291470923,0.004605030109816194,1.024432294175073,0.572496884088629,24410.875
500ms-s0-t26,500ms,0,PRIMARY,SELL,-1,1789595292.485,1789595631.924,339.4390001296997,0.0394542023252959,94.47176740922144,25.02000000000044,-3.7600000000002174,take_profit,0.6666666666666666,1.0811940298508398,-1.5094972067038124,-2.659053833605449,-1.7126148705096071,1.0003795500125665,0.1632233901172406,0.033029612756261,1.5094972067038124,2.659053833605449,0.6666666666666666,1.0811940298508398,-1.3167641325535997,-3.6061946902649775,1.0481927710843373,0.0718731712507363,-0.1461988304093567,0.2899999999999636,9.055000000000293,normal,tight,choppy,normal,normal|tight|choppy|normal,historical7d,1.0481927710843373,0.07187317125073639,0.032026504693534436,1.2730375426618405,2.976213130351358,1.3167641325535995,3.6061946902649775,0.07187317125073639,0.14619883040935672,0.06149479659413434,-0.04372658989175893,-0.6299815599136194,-0.3368540749026889,0.04307012700159088,0.022446043165434124,1.1332997662291935,0.6987951807228915,24713.380999803543
500ms-s0-t27,500ms,0,MICRO,SELL,-1,1789595637.978,1789595676.449,38.47099995613098,0.0468577833916378,-18.78958685936748,0.4200000000000727,-4.190000000000509,emergency_stop,0.45977011494216824,1.3363257454310988,-1.4572047670637829,-7.625520110958119,-0.2,0.9624369347929558,0.1476561642331896,0.0198216055500312,1.4572047670637829,7.625520110958119,0.4597701149421682,1.3363257454310988,-1.2889314805940622,-9.654082528531454,1.065868263473054,0.0623985154256841,-0.0171428571428571,0.1999999999998181,10.419999999999163,normal,tight,choppy,normal,normal|tight|choppy|normal,historical7d,1.0658682634730539,0.06239851542568416,0.01919385796543514,3.348909657321401,3.051740357478238,1.2889314805940622,9.654082528531454,0.06239851542568416,0.017142857142857144,-0.016453382084095063,2.0599781767273386,-6.602342171053216,-2.271181997162939,0.0273512476006687,0.009318293280985603,1.4243472017169796,0.49005437401021523,25058.87399983406
500ms-s0-t28,500ms,0,MICRO,SELL,-1,1789596313.4780002,1789596313.979,0.500999927520752,0.0453852775485554,-0.3909119733437972,0.0,-0.0900000000001455,momentum_zero_cross,0.6304347826085667,1.7880539499036405,-3.4715969989274766,0.9929789368104612,-2.6239907727797003,0.96061713800073,0.3794072859319209,0.0182389937106889,3.4715969989274766,-0.9929789368104612,0.6304347826085667,1.7880539499036403,-3.5573860516200955,0.8771060455897162,0.8959537572254336,0.1767723626044479,-0.2287581699346405,0.2899999999999636,16.23999999999978,high,tight,mixed,normal,high|tight|mixed|normal,historical7d,0.8959537572254336,0.17677236260444795,0.017857142857140858,0.8929068150205562,1.3986121819583912,3.5573860516200955,-0.8771060455897162,0.17677236260444795,0.22875816993464052,0.16597510373443983,-2.664479236599539,2.2757182275481074,-0.19438050452571598,0.020012315270981032,0.2117752406537034,1.602013654537944,0.5648404121637447,25734.37400007248
500ms-s0-t29,500ms,0,PRIMARY,SELL,-1,1789596332.446,1789596617.426,284.9799997806549,0.0453546424862101,108.90401137475013,25.090000000000146,-3.25,take_profit,0.5217391304342668,1.0421139554087713,-1.4592319831669611,-0.6529588766299544,-1.637362637362637,0.9567684969447726,0.1696636085627273,0.0261011419249363,1.4592319831669611,0.6529588766299544,0.5217391304342668,1.0421139554087713,-1.5233388248216877,-0.5569871159564638,0.8057971014492754,0.0840249591082824,-0.1079136690647482,0.2399999999997817,9.465000000000146,normal,tight,choppy,normal,normal|tight|choppy|normal,historical7d,0.8057971014492754,0.08402495910828248,0.02535657686210016,-1.1678420310297306,0.29835831548899133,1.5233388248216875,0.5569871159564638,0.08402495910828248,0.1079136690647482,0.20824295010845986,-2.6911808558514183,-0.25862880046747244,-1.4749048281594452,0.25673534072902837,0.12448770491804491,0.8397324046482273,0.4204158790165976,25753.34200000763
500ms-s0-t30,500ms,0,SECONDARY,SELL,-1,1789596621.4780002,1789596681.929,60.45099973678589,0.0538892523360528,-20.835551048600056,6.539999999999964,-4.039999999999964,emergency_stop,0.5999999999979789,1.8868474773986257,-3.788427819988165,-4.574025974025378,-0.721153846153846,0.9464680030013934,0.2906987173737879,0.0168644597126498,3.788427819988165,4.574025974025378,0.5999999999979789,1.8868474773986257,-3.9437148217635114,-4.746630727762587,0.9176470588235294,0.129886714727032,-0.0641025641025641,0.269999999999527,16.174999999999272,high,tight,mixed,normal,high|tight|mixed|normal,historical7d,0.9176470588235294,0.12988671472703203,0.016692426584206443,3.2460881934571106,3.4128440366966464,3.9437148217635105,4.746630727762587,0.12988671472703203,0.0641025641025641,-0.03614457831325301,-0.6976266283063999,-1.3337866910659404,-1.01570665968617,0.0,0.0,1.7314600380834446,0.550588235292263,26042.37400007248
500ms-s0-t31,500ms,0,MICRO,BUY,1,1789596891.473,1789596891.92,0.4470000267028808,0.0522564079902704,-3.0006287898772146,0.0,-0.6000000000003638,momentum_zero_cross,0.3555555555546573,0.8540663077358649,1.6638655462187169,-0.3244260444109551,0.6687898089171974,0.9094542811839323,0.1680814940577302,0.0225988700564768,1.6638655462187169,-0.3244260444109551,0.3555555555546573,0.8540663077358649,1.5643340857786991,-0.387241689128432,0.9333333333333332,0.0871369294605684,0.0573248407643312,0.1599999999998544,7.5349999999998545,normal,tight,choppy,normal,normal|tight|choppy|normal,historical7d,0.9333333333333333,0.08713692946056843,0.0212342402123235,0.3116147308783928,1.172643869891529,1.5643340857786991,-0.38724168912843204,0.08713692946056843,0.05732484076433121,0.021484375,-1.2527193549003064,1.559885559019961,0.15358310205982728,0.053749170537458944,0.1758422350041094,0.7971285538868073,0.33185185185101346,26312.36899995804
500ms-s0-t32,500ms,0,SECONDARY,BUY,1,1789596896.442,1789596961.988,65.5460000038147,0.052021254154314,-22.951084461797656,4.5600000000004,-4.609999999999673,emergency_stop,0.48888888888866433,0.9226409747804053,1.7286914765912036,0.0572289156628051,1.9364512138742769,0.9479768786127168,0.1689347724073488,0.0276903713027391,1.7286914765912036,0.0572289156628051,0.4888888888886643,0.9226409747804052,1.6230248306999493,0.0512129380053641,0.9043478260869564,0.0886450499322084,0.1741935483870967,0.2200000000002546,8.140000000000327,normal,tight,choppy,normal,normal|tight|choppy|normal,historical7d,0.9043478260869565,0.08864504993220843,0.027027027027057223,3.0056657223807597,2.6738949124264715,1.6230248306999493,0.05121293800536419,0.08864504993220843,0.17419354838709677,0.01083743842364532,1.3826408916808104,2.6226819744211074,2.002661433050959,0.0,0.0,0.83438835980141,0.4421256038645312,26317.33799982071
500ms-s0-t33,500ms,0,MICRO,SELL,-1,1789597030.492,1789597030.993,0.500999927520752,0.0502226192919287,-6.632845984554728,0.0,-1.3799999999991996,momentum_zero_cross,0.5714285714265726,0.718694362017862,-1.0022547914316364,0.0555961960496265,-3.033519553072626,1.050756754208119,0.1272362959782322,0.0436241610737026,1.0022547914316364,-0.0555961960496265,0.5714285714265726,0.718694362017862,-0.8758465011289305,0.0613397901532141,1.0406976744186047,0.051445239989395,-0.2513966480446927,0.2599999999993088,6.055000000000291,low,tight,choppy,normal,low|tight|choppy|normal,historical7d,1.0406976744186047,0.05144523998939502,0.04293971924018106,2.4999999999997486,1.37011494252889,0.8758465011289305,-0.061339790153214155,0.05144523998939502,0.25139664804469275,0.03665987780040733,1.6241534988708182,1.4314547326821043,1.5278041157764612,0.0,0.26653050804184725,0.7479435511697518,0.5946843853799796,26451.388000011444
500ms-s0-t34,500ms,0,PRIMARY,SELL,-1,1789597139.999,1789597189.9910002,49.992000102996826,0.0497028151822576,-19.740154723742112,0.75,-4.149999999999636,emergency_stop,0.6304347826085667,0.930563798219632,-0.7812879708383003,-0.6201607012416929,-3.078703703703704,0.946482216370582,0.0839754473031294,0.0377358490566015,0.7812879708383003,0.6201607012416929,0.6304347826085667,0.930563798219632,-0.7257336343115721,-0.6852300242128422,0.847953216374269,0.0412788084997032,-0.2638888888888889,0.2899999999999636,7.8400000000001455,normal,tight,choppy,normal,normal|tight|choppy|normal,historical7d,0.847953216374269,0.04127880849970322,0.03698979591836202,1.5350140056022437,1.5909797822706917,0.7257336343115721,0.6852300242128422,0.04127880849970322,0.2638888888888889,0.23687031082529475,0.8092803712906715,0.9057497580578495,0.8575150646742604,0.008290816326595422,0.004146730462552621,0.7890745657417932,0.5345792016271472,26560.894999980927
500ms-s0-t35,500ms,0,MICRO,BUY,1,1789597519.43,1789597531.484,12.053999900817873,0.0481558150597099,-18.48053663998875,0.0,-4.010000000000218,emergency_stop,0.6236559139782212,0.9338922928087914,1.3112033195021802,1.1446899501069536,0.8357843137254901,0.9814908710824776,0.1537962362102361,0.0474631751227461,1.3112033195021802,1.1446899501069536,0.6236559139782212,0.9338922928087914,0.9685610640873634,1.3381759483454472,0.9156626506024096,0.0532261279819322,0.0945945945945946,0.2899999999999636,7.239999999999782,normal,tight,choppy,normal,normal|tight|choppy|normal,historical7d,0.9156626506024096,0.05322612798193225,0.040055248618780716,0.8267090620034196,1.8691244239629636,0.9685610640873634,1.3381759483454472,0.05322612798193225,0.0945945945945946,0.06100217864923747,-0.14185200208394377,0.5309484756175165,0.19454823676678623,0.1595303867401755,0.08756633813487115,0.8551302922104596,0.5710584272571664,26940.325999975204
500ms-s0-t36,500ms,0,SECONDARY,BUY,1,1789597832.972,1789598468.973,636.0010001659393,0.0467075289217891,35.80476891504488,8.010000000000218,-1.5600000000004002,take_profit,0.276595744681201,1.1438919986829506,2.163781624500865,0.7776983559684534,-2.65927240461402,0.9553220456087412,0.2236135957066243,0.015107495642082,2.163781624500865,0.7776983559684534,0.276595744681201,1.1438919986829506,1.7491926803014062,0.8264729620659355,1.012269938650307,0.1156336725254703,-0.2298136645962732,0.1300000000001091,8.68499999999949,normal,tight,mixed,normal,normal|tight|mixed|normal,historical7d,1.0122699386503067,0.1156336725254703,0.014968336211872973,0.566956521738852,1.3432835820892028,1.7491926803014062,0.8264729620659355,0.1156336725254703,-0.22981366459627328,-0.09398099260823653,-1.1822361585625543,0.5168106200232674,-0.3327127692696433,0.0,0.0,1.1579274833293671,0.27998955749937526,27253.8679997921
500ms-s0-t37,500ms,0,PRIMARY,BUY,1,1789598469.975,1789599370.496,900.5209999084473,0.0495134837217656,29.14204787850435,10.099999999999454,-2.5,max_hold,1.012987012987289,0.6252220248667011,0.963855421686894,0.6588388780170261,-0.1653846153846154,1.0150107624334426,0.1100196463654381,0.0659898477157981,0.963855421686894,0.6588388780170261,0.6753246753248594,0.6252220248667011,0.6481481481481657,0.678210678210579,0.825,0.0619469026548827,-0.0153846153846153,0.2600000000002183,4.399999999999636,low,tight,choppy,normal,low|tight|choppy|normal,historical7d,0.825,0.06378737541527803,0.08863636363644538,0.8185185185182503,1.1646489104114681,0.6666666666664561,0.6875901875900295,0.06378737541527803,-0.015384615384615385,-0.05503355704697987,0.15185185185179417,0.4770587228214386,0.3144552873366164,0.0,0.0,0.5158081705150284,0.8357142857145134,27890.822000026703
500ms-s0-t38,500ms,0,MICRO,BUY,1,1789614642.982,1789614793.947,150.9649999141693,0.051797293158432,26.718821442420243,6.529999999999745,-0.75,trail,0.4485981308421542,1.5578947368422038,2.805970149253137,2.0736994219645406,0.2172208013640238,0.8321136003494016,0.1998582565555796,0.0766773162941701,2.805970149253137,2.0736994219645406,0.4485981308421542,1.5578947368422038,3.177304964539025,4.948275862067533,1.4516129032258065,0.0950360627917642,0.0222222222222222,0.2400000000006912,3.3299999999999272,high,tight,choppy,normal,high|tight|choppy|normal,historical7d,1.4516129032258065,0.09503606279176427,0.07207207207228122,0.6627218934903218,0.6382978723406452,3.1773049645390254,4.948275862067533,0.09503606279176427,0.022222222222222223,-0.07692307692307693,-2.514583071048704,-4.309977989726887,-3.4122805303877954,0.11561561561568369,0.041331186258743664,2.261460101867715,0.6511908350934497,1141.1740000247955
500ms-s0-t39,500ms,0,PRIMARY,BUY,1,1789615338.474,1789615398.95,60.4760000705719,0.0538911987343613,-20.733153579388382,0.2700000000004365,-4.019999999999527,emergency_stop,0.6222222222212791,1.344262295082456,1.68217054263517,1.2241029113067847,-1.305084745762712,0.9064916564916564,0.1947935368043891,0.0883280757097221,1.68217054263517,1.2241029113067847,0.6222222222212791,1.344262295082456,2.30238726790432,2.798761609907769,0.9915966386554622,0.1073725878277969,-0.1186440677966101,0.2799999999997453,3.280000000000655,normal,tight,mixed,normal,normal|tight|mixed|normal,historical7d,0.9915966386554622,0.10737258782779692,0.0853658536584419,-0.09090909090890299,1.326241134753333,2.30238726790432,2.7987616099077695,0.10737258782779692,-0.11864406779661017,0.0707070707070707,-2.393296358813223,-1.4725204751544365,-1.9329084169838298,0.07926829268297755,0.07313997477930718,1.3329659732750405,0.6169934640513524,1836.6659998893738
500ms-s0-t40,500ms,0,PRIMARY,BUY,1,1789616035.973,1789616098.706,62.73299980163574,0.0522663790925205,-20.058028976583305,0.0,-4.009999999999309,emergency_stop,0.6706586826344566,1.2669603524229567,2.02049180327688,1.4545454545452776,-0.5186440677966102,1.0606060606060606,0.2643431635390236,0.0802292263609426,2.02049180327688,1.4545454545452776,0.6706586826344566,1.266960352422957,1.6825938566552223,2.4090267983076723,0.975609756097561,0.1583681336329889,-0.0508474576271186,0.2799999999997453,3.5950000000002547,normal,tight,mixed,normal,normal|tight|mixed|normal,historical7d,0.975609756097561,0.1583681336329889,0.07788595271202378,1.1565217391307374,1.007228915662809,1.6825938566552223,2.4090267983076723,0.1583681336329889,-0.05084745762711865,0.03225806451612903,-0.5260721175244849,-1.4017978826448634,-0.9639350000846741,0.055632823365731277,0.02939015429828601,1.2360588804126407,0.6543011537897138,2534.164999961853
500ms-s0-t41,500ms,0,SECONDARY,BUY,1,1789617600.971,1789617657.826,56.855000019073486,0.0506944677413132,39.24917720171856,8.090000000000146,-0.8900000000003274,take_profit,0.5714285714279527,2.091111111110656,1.5759162303667265,0.7885783718108602,0.089452603471295,1.11061684460261,0.0527977547798802,0.0592592592591893,1.5759162303667265,0.7885783718108602,0.5714285714279527,2.091111111110656,2.543640897755654,2.170568561872943,1.963302752293578,0.0489819439108469,0.0093457943925233,0.2399999999997817,4.704999999999927,high,tight,choppy,fast,high|tight|choppy|fast,historical7d,1.963302752293578,0.048981943910846946,0.05100956429325939,8.433566433565632,4.1122807017568945,2.543640897755654,2.170568561872943,0.048981943910846946,0.009345794392523364,-0.0845771144278607,5.889925535809978,1.9417121398839514,3.9158188378469645,0.03188097768323879,0.02336448598125148,4.1054841997952325,1.121887287023687,1321.3580000400543
500ms-s0-t42,500ms,0,MICRO,BUY,1,1789617976.963,1789618099.969,123.00599980354308,0.0537703545715175,29.93648180876144,7.709999999999127,0.0,trail,0.26190476190610246,1.7945355191252477,3.41350210970355,2.316742081447908,0.4411870719692418,1.1300990431425213,0.2387134848037853,0.0271604938273029,3.41350210970355,2.316742081447908,0.2619047619061024,1.7945355191252477,2.990757855822685,7.705685618727608,1.596774193548387,0.1211621985922033,0.0408163265306122,0.110000000000582,4.105000000000473,high,tight,mixed,fast,high|tight|mixed|fast,historical7d,1.596774193548387,0.12116219859220331,0.026796589525108258,5.253333333331587,3.5368421052655763,2.990757855822685,7.705685618727608,0.12116219859220331,0.04081632653061224,-0.05904761904761905,2.2625754775089018,-4.168843513462031,-0.9531340179765646,0.009744214372706214,0.003382663847777102,2.865468006345153,0.4182027649790991,1697.3500001430511
500ms-s0-t43,500ms,0,MICRO,SELL,-1,1789618204.957,1789618205.407,0.4500000476837158,0.0561164223544158,0.4833413517431901,0.0900000000001455,0.0,momentum_zero_cross,0.44186046511551663,1.5117773019264733,-2.143835616437042,1.060018467220561,-2.52258064516129,0.9617846941790604,0.1832552693208795,0.0551523947749247,2.143835616437042,-1.060018467220561,0.4418604651155166,1.5117773019264733,-2.3142329020334147,3.2383638928065803,1.3478260869565215,0.0926858158128137,-0.2473118279569892,0.1899999999995998,3.5299999999997453,high,tight,choppy,normal,high|tight|choppy|normal,historical7d,1.3478260869565217,0.09268581581281374,0.05382436260612281,5.555555555558392,2.542372881355305,2.3142329020334147,-3.2383638928065803,0.09268581581281374,0.24731182795698925,0.1391465677179963,3.2413226535249775,5.780736774161886,4.511029713843431,0.041076487251993636,0.4361069836552656,2.0376128852052466,0.5955510616774354,1925.3440001010895
500ms-s0-t44,500ms,0,PRIMARY,BUY,1,1789618633.982,1789619534.209,900.2269997596741,0.0561543009395051,57.448963560949295,12.079999999999927,-1.3400000000001455,max_hold,0.5485714285706446,1.4008583690984189,1.98442367601325,0.5848880597014986,2.421052631578948,1.0815544608648056,0.2567513099556253,0.0606060606060049,1.98442367601325,0.5848880597014986,0.5485714285706446,1.4008583690984189,2.3548983364144074,1.5784061696655274,1.027027027027027,0.125765054294224,0.2105263157894736,0.2399999999997817,4.079999999999018,normal,tight,mixed,normal,normal|tight|mixed|normal,historical7d,1.027027027027027,0.12576505429422405,0.05882352941172537,2.0748663101621028,3.9871382636664787,2.3548983364144074,1.5784061696655274,0.12576505429422405,0.21052631578947367,-0.03535353535353535,-0.2800320262523046,2.4087320940009516,1.064350033874323,0.017156862745030838,0.00905562742557735,1.4387194061010788,0.5633976833968781,2354.369000196457
500ms-s0-t45,500ms,0,PRIMARY,SELL,-1,1789621006.3980002,1789621906.901,900.5029997825623,0.0606564720173301,95.02706015813553,16.36999999999989,-0.6100000000005821,max_hold,0.5000000000009885,1.3960176991150777,-1.266129032257124,-1.8968185726565556,0.5681818181818182,1.0586991010047595,0.1280587275691911,0.0739549839229894,1.266129032257124,1.8968185726565556,0.5000000000009885,1.3960176991150777,-1.5205811138014655,-2.056807051909335,1.3076923076923077,0.0544571626777528,0.0823529411764705,0.2300000000004729,3.1549999999997453,normal,tight,choppy,normal,normal|tight|choppy|normal,historical7d,1.3076923076923077,0.05445716267775282,0.07290015847876118,-2.3043478260876444,0.7025089605729439,1.5205811138014655,2.056807051909335,0.05445716267775282,-0.08235294117647059,-0.008733624454148471,-3.82492893988911,-1.3542980913363913,-2.5896135156127507,0.39619651347071344,0.16046213093711834,1.8255616065351017,0.6538461538474466,2005.2870001792908
500ms-s0-t46,500ms,0,MICRO,SELL,-1,1789621980.452,1789622025.981,45.52900004386902,0.0681035703692578,-20.986848139906847,0.0,-3.219999999999345,stagnation,0.5161290322574336,2.1794310722108095,-2.2805611222456244,-2.257221458046612,-1.272727272727273,1.3337032169174674,0.161785612738093,0.0488798370671577,2.2805611222456244,2.257221458046612,0.5161290322574336,2.179431072210809,-2.955844155844141,-2.41897810218961,1.8059701492537317,0.0774676650782101,-0.0909090909090909,0.2399999999997817,4.980000000001382,high,tight,choppy,fast,high|tight|choppy|fast,historical7d,1.8059701492537314,0.07746766507821014,0.04819277108428014,2.34920634920638,3.7491289198614,2.955844155844141,2.41897810218961,0.07746766507821014,0.09090909090909091,0.0395010395010395,-0.6066378066377611,1.33015081767179,0.36175650551701444,0.10943775100418292,0.056476683937917105,3.9359874587687753,0.9321136254201413,2979.34099984169
500ms-s0-t47,500ms,0,PRIMARY,SELL,-1,1789623087.402,1789623987.642,900.2400000095367,0.0664588691448405,14.564980150400736,6.089999999999236,-3.180000000000291,max_hold,0.6590909090900635,1.694505494505235,-2.136986301371274,-1.126243305279223,0.5227272727272727,0.8214167258943378,0.151948051948047,0.076115485564305,2.136986301371274,1.126243305279223,0.6590909090900635,1.694505494505235,-2.19203747072404,-1.0802919708028091,1.4086956521739131,0.0758017492711174,0.0617283950617283,0.2899999999999636,3.854999999999563,high,tight,choppy,normal,high|tight|choppy|normal,historical7d,1.4086956521739131,0.07580174927111744,0.07522697795071244,-1.3552631578944376,2.3385826771657094,2.1920374707240398,1.0802919708028091,0.07580174927111744,-0.06172839506172839,0.05128205128205128,-3.547300628618477,1.2582907063629003,-1.1445049611277884,0.2075226977949061,0.13973799126628397,2.387042522694331,0.9284584980225243,4086.290999889374
500ms-s0-t48,500ms,0,PRIMARY,BUY,1,1789626636.3049998,1789626954.495,318.19000029563904,0.0676003002224032,8.863202247922098,3.4099999999998545,-0.3999999999996362,momentum_zero_cross,0.736842105262717,1.6047430830043448,3.685185185188221,1.8000000000008436,0.1843971631205673,0.8527607361963191,0.3150395778364609,0.0922570016473669,3.685185185188221,1.8000000000008436,0.736842105262717,1.6047430830043448,3.470930232560138,1.4049773755660908,1.236842105263158,0.1855766241840266,0.0212765957446808,0.2799999999997453,3.0450000000000728,high,tight,mixed,normal,high|tight|mixed|normal,historical7d,1.236842105263158,0.18557662418402668,0.09195402298841991,-0.01999999999679858,4.4193548387068615,3.470930232560138,1.4049773755660908,0.18557662418402668,0.02127659574468085,0.0931174089068826,-3.4909302325569365,3.0143774631407707,-0.23827638470808288,0.004926108374192961,0.004201680672106203,1.9848138131895845,0.9113573407196763,2461.151999950409
500ms-s0-t49,500ms,0,PRIMARY,BUY,1,1789635294.824,1789636194.948,900.1240000724792,0.0682948933071883,43.333446019165535,7.3799999999992,-0.910000000000764,max_hold,0.6067415730344656,0.9454545454538609,1.2445652173916804,2.2920634920633,-2.2857142857142856,1.1460380770919174,0.1335276967931841,0.1719745222932039,1.2445652173916804,2.2920634920633,0.6067415730344656,0.9454545454538608,1.4585987261163211,8.173584905661444,1.02803738317757,0.0858642669666909,-0.1698113207547169,0.2700000000004365,1.6899999999986903,normal,tight,choppy,normal,normal|tight|choppy|normal,historical7d,1.02803738317757,0.08586426696669096,0.15976331360984958,-0.9932885906026667,0.48398576512485003,1.4585987261163211,8.173584905661444,0.08586426696669096,-0.16981132075471697,-0.013422818791946308,-2.451887316718988,-7.689599140536594,-5.070743228627791,0.3254437869820702,0.0869565217390179,0.971962616821726,0.6237530190073945,1800.7799999713898
500ms-s0-t50,500ms,0,MICRO,SELL,-1,1789636602.408,1789636862.664,260.25600004196167,0.0716908568768878,-10.977544886270678,0.8400000000001455,-2.3099999999994907,momentum_zero_cross,0.8749999999987566,1.1265206812651019,-2.3886010362693715,-1.991285403049919,-1.0317460317460316,0.7316849816849818,0.2177609825226325,0.1233480176210094,2.3886010362693715,1.991285403049919,0.8749999999987566,1.126520681265102,-2.388601036270497,-3.475285171102296,0.7833333333333333,0.127594796567923,-0.1111111111111111,0.2799999999997453,2.3149999999996,normal,normal,mixed,normal,normal|normal|mixed|normal,historical7d,0.7833333333333333,0.12759479656792305,0.12095032397399298,2.5759999999971828,0.7130434782629878,2.3886010362704972,3.475285171102296,0.12759479656792305,0.1111111111111111,0.03076923076923077,0.18739896372668552,-2.762241692839308,-1.2874213645563113,0.019438444924047966,0.006901840490669713,0.8824412003243298,0.6854166666656927,3108.364000082016
500ms-s0-t51,500ms,0,PRIMARY,BUY,1,1789639759.456,1789640406.004,646.5479998588562,0.070830566594365,52.05990886864004,13.69000000000051,-1.059999999999491,momentum_zero_cross,0.6086956521735691,0.9257142857139442,1.4473684210526945,1.6018099547515,0.5849056603773585,1.1003292482165723,0.1200873362445592,0.148936170212711,1.4473684210526945,1.6018099547515,0.6086956521735691,0.9257142857139442,1.4864864864855896,2.1552511415531383,0.9906542056074766,0.0834597875571144,0.0566037735849056,0.2100000000000363,1.6199999999989814,normal,tight,choppy,normal,normal|tight|choppy|normal,historical7d,0.9906542056074766,0.08345978755711446,0.1296296296297336,3.8965517241419323,0.7109375000000278,1.4864864864855896,2.1552511415531383,0.08345978755711446,0.05660377358490566,0.1032258064516129,2.410065237656343,-1.4443136415531106,0.48287579805161607,0.13580246913548363,0.05057471264353397,0.9170627503334401,0.6030069077607321,6265.412000179291
500ms-s0-t52,500ms,0,PRIMARY,BUY,1,1789640864.822,1789641765.276,900.4539999961853,0.0749104072302006,15.341838227303068,7.279999999999745,-0.4399999999995998,max_hold,0.9062500000007105,1.8000000000002538,2.0330188679252648,2.4838709677426145,-3.8179669030732857,0.7995324371712449,0.1664735419079748,0.0758169934640283,2.0330188679252648,2.4838709677426145,0.9062500000007104,1.8000000000002538,1.773662551441235,3.9847792998480136,0.7758620689655172,0.1234603265537889,-0.4090909090909091,0.2899999999999636,3.869999999999891,high,normal,mixed,normal,high|normal|mixed|normal,historical7d,0.7758620689655172,0.12346032655378893,0.07493540051678858,-3.9620253164617294,-0.08695652174113626,1.773662551441235,3.9847792998480136,0.12346032655378893,-0.4090909090909091,-0.012738853503184714,-5.735687867902964,-4.07173582158915,-4.9037118447460575,0.4354005167959813,0.1929021179164812,1.396551724138128,0.7031250000005512,7370.778000116348
500ms-s0-t53,500ms,0,PRIMARY,SELL,-1,1789643496.452,1789643836.987,340.5350000858307,0.0761127192662455,8.813817955293354,5.25,-0.7100000000000364,momentum_zero_cross,0.6000000000006064,1.65281899109789,-3.3797468354432856,-1.2684824902726022,0.0,0.4984887235526621,0.3072497123129938,0.0674157303371858,3.3797468354432856,1.2684824902726022,0.6000000000006064,1.65281899109789,-2.52482269503579,-1.8496453900707597,0.6,0.1704980842909959,0.0,0.180000000000291,2.7849999999998545,high,tight,mixed,slow,high|tight|mixed|slow,historical7d,0.6,0.17049808429099592,0.0646319569121366,1.2549019607848733,2.585365853659691,2.52482269503579,1.8496453900707595,0.17049808429099592,-0.0,0.0673854447439353,-1.269920734250917,0.7357204635889314,-0.26710013533099275,0.034111310592552825,0.020255863539501654,0.991691394658734,0.3600000000003638,10002.40799999237
500ms-s0-t54,500ms,0,PRIMARY,SELL,-1,1789644738.46,1789644835.388,96.92799997329712,0.0768034421935867,-16.83207411480435,0.7199999999993452,-2.289999999999964,momentum_zero_cross,0.8928571428579549,1.793939393938766,-1.9930069930081091,-1.3960784313726065,0.1069958847736625,1.400436046511628,0.1551442569404928,0.0868055555555522,1.9930069930081091,1.3960784313726065,0.8928571428579549,1.793939393938766,-1.716867469878947,-2.598540145985901,1.673469387755102,0.094402119907145,0.0123456790123456,0.25,2.959999999999127,high,normal,choppy,fast,high|normal|choppy|fast,historical7d,1.6734693877551021,0.09440211990714507,0.08445945945948437,4.191304347830323,3.0891089108967775,1.716867469878947,2.5985401459859006,0.09440211990714507,-0.012345679012345678,-0.059190031152647975,2.4744368779513763,0.490568764910877,1.4825028214311269,0.3716216216215469,0.22066198595777864,3.0021026592444655,1.4941690962112715,11244.416000127792
500ms-s0-t55,500ms,0,PRIMARY,SELL,-1,1789648231.488,1789648621.497,390.0090000629425,0.0754843430739118,-29.690681713595243,0.0,-4.109999999999673,emergency_stop,1.0,1.0535211267599356,-1.9580838323355052,-2.9323671497574373,-1.2753623188405798,1.181483752299203,0.1406451612902313,0.1310541310538741,1.9580838323355052,2.9323671497574373,1.0,1.0535211267599356,-2.247422680412784,-3.607726597324495,1.9183673469387756,0.0869912210694699,-0.1739130434782608,0.2299999999995634,1.8699999999989811,normal,normal,choppy,fast,normal|normal|choppy|fast,historical7d,1.9183673469387754,0.0869912210694699,0.12299465240625065,3.3191489361707616,2.6422764227651654,2.2474226804127837,3.6077265973244947,0.0869912210694699,0.17391304347826086,0.15839243498817968,1.0717262557579779,-0.9654501745593294,0.05313804059932403,0.03208556149707132,0.008298755186652048,2.021040528886407,1.9183673469387754,14737.444000005722
500ms-s0-t56,500ms,0,PRIMARY,BUY,1,1789653260.327,1789654160.4550002,900.1280000209808,0.0731575381986587,58.6011324050176,10.229999999999563,-1.3800000000001091,max_hold,1.0344827586214467,1.5146579804560512,1.4160583941588007,1.7199170124484178,0.5428571428571429,0.6060606060606061,0.0977822580644314,0.1202672605792161,1.4160583941588007,1.7199170124484178,0.9310344827602428,1.5146579804560512,1.2763157894732198,3.036630036628819,0.825,0.0658520027156015,0.0909090909090909,0.2700000000004365,2.324999999999818,high,normal,choppy,normal,high|normal|choppy|normal,historical7d,0.875,0.0672097759674836,0.12903225806460447,-0.5411764705858184,-1.037433155081015,1.3026315789474865,2.959706959704768,0.0672097759674836,0.14285714285714285,0.05806451612903226,-1.843808049533305,-3.9971401147857826,-2.9204740821595436,0.5376344086021926,0.22583559168925615,1.3253257328990449,0.9051724137937658,3899.8529999256134
500ms-s0-t57,500ms,0,BURST,BUY,1,1789654187.951,1789654261.9539998,74.00299978256226,0.0777500026590794,6.324712750053505,3.889999999999418,-1.1400000000003274,momentum_zero_cross,0.617647058823372,3.2590266875989573,4.011834319524723,1.4487870619951952,3.0506436103143924,1.313228583238529,0.2467248908297882,0.0406582768635045,4.011834319524723,1.4487870619951952,0.617647058823372,3.2590266875989573,5.819742489268148,3.742160278745159,2.4578313253012047,0.153741496598726,0.2929292929292929,0.2100000000000363,5.190000000000509,high,tight,mixed,fast,high|tight|mixed|fast,historical7d,2.4578313253012047,0.153741496598726,0.04046242774566778,7.745098039213798,10.978494623666188,5.819742489268148,3.7421602787451587,0.153741496598726,0.29292929292929293,0.11380145278450363,1.9253555499456496,7.23633434492103,4.580844947433341,0.016377649325456368,0.012363636363509366,8.010137882773341,1.5180722891562395,697.3599998950958
500ms-s0-t58,500ms,0,MICRO,SELL,-1,1789654359.42,1789654388.461,29.04099988937378,0.0782456589260307,-3.1450750275445998,0.0900000000001455,-0.819999999999709,momentum_zero_cross,0.6666666666675853,1.6299559471360368,-1.8170731707328251,-0.2634880803011965,-1.7058823529411766,0.8926803394625178,0.1964835164835676,0.0794223826715856,1.8170731707328251,0.2634880803011965,0.6666666666675853,1.6299559471360368,-2.8745980707397605,-0.7317073170730934,1.0408163265306123,0.1310466138959704,-0.1764705882352941,0.2200000000002546,2.774999999999636,high,tight,mixed,normal,high|tight|mixed|normal,historical7d,1.0408163265306123,0.13104661389597047,0.07927927927938144,1.6460176991167252,0.14814814814757782,2.8745980707397605,0.7317073170730934,0.13104661389597047,0.17647058823529413,0.022004889975550123,-1.2285803716230352,-0.5835591689255156,-0.9060697702742754,0.15675675675659376,0.117270788912606,1.6964847613048546,0.6938775510213644,868.8289999961853
500ms-s0-t59,500ms,0,PRIMARY,SELL,-1,1789655867.452,1789656007.483,140.0310001373291,0.0779991851004137,-7.912566961138403,0.4200000000000727,-1.6899999999995998,momentum_zero_cross,0.9999999999984842,1.0958549222795144,-2.396984924625789,-1.4580335731408078,-0.3214285714285714,1.2124824684431978,0.3729476153249052,0.1452784503628719,2.396984924625789,1.4580335731408078,0.9999999999984842,1.0958549222795144,-2.500000000001236,-1.836858006042052,0.9661016949152542,0.2465166130763603,-0.0357142857142857,0.2999999999992724,2.1149999999997817,normal,normal,mixed,normal,normal|normal|mixed|normal,historical7d,0.9661016949152542,0.24651661307636033,0.1418439716308763,0.9125000000015205,2.062256809338472,2.500000000001236,1.836858006042052,0.24651661307636033,0.03571428571428571,0.020080321285140562,-1.5874999999997152,0.22539880329641981,-0.6810505983516477,0.02364066193862272,0.016000000000058207,1.058707297795463,0.9661016949137898,2376.8609998226166
500ms-s0-t60,500ms,0,PRIMARY,BUY,1,1789656821.38,1789657721.4380002,900.058000087738,0.0773790915788657,71.7577597182359,14.0,-0.2100000000000363,max_hold,0.7058823529411765,1.2512953367873572,2.4200000000009823,2.6562500000007816,0.6901408450704225,1.2326388888888888,0.2363281250000799,0.0993788819874887,2.4200000000009823,2.6562500000007816,0.7058823529411765,1.2512953367873572,2.274231678487852,3.1658291457283583,1.339622641509434,0.1528439783918374,0.0704225352112676,0.2399999999997817,2.414999999999964,normal,tight,mixed,normal,normal|tight|mixed|normal,historical7d,1.3396226415094339,0.1528439783918374,0.09937888198748875,5.388059701500135,2.1901140684440206,2.2742316784878516,3.1658291457283583,0.1528439783918374,0.07042253521126761,0.12,3.113828023012283,-0.9757150772843377,1.0690564728639724,0.0,0.0,1.6762635643755162,0.9456159822419534,3330.7890000343323
500ms-s0-t61,500ms,0,SECONDARY,BUY,1,1789657766.486,1789658209.948,443.4619998931885,0.0830026170593595,63.786503807352574,8.029999999999745,-1.950000000000728,take_profit,0.5714285714307987,1.5505415162455238,1.8666666666666991,0.9111111111113254,1.2479999999999998,1.0374116063752032,0.1853813559322326,0.0475059382424527,1.8666666666666991,0.9111111111113254,0.5714285714307987,1.5505415162455238,2.734374999999312,1.1870824053452531,1.7872340425531914,0.0928874734606645,0.12,0.2000000000007276,4.295000000000073,high,tight,choppy,fast,high|tight|choppy|fast,historical7d,1.7872340425531914,0.09288747346066457,0.04656577415616396,3.722488038278436,3.1464646464651196,2.7343749999993117,1.1870824053452531,0.09288747346066457,0.12,-0.03691275167785235,0.9881130382791246,1.9593822411198665,1.4737476396994957,0.005820721769626373,0.0029958058718444827,2.7711805822260422,1.0212765957486616,4275.8949999809265
500ms-s0-t62,500ms,0,PRIMARY,BUY,1,1789658224.968,1789659125.299,900.3310000896454,0.0880014496717593,96.93633990662482,21.48999999999978,-1.7800000000006548,max_hold,0.5249999999999716,1.6509090909094084,1.638778220451404,1.4478330658107654,0.6268656716417911,1.085570097604259,0.1771461383863214,0.0370370370370429,1.638778220451404,1.4478330658107654,0.5249999999999716,1.6509090909094084,1.71866295264619,1.6296296296294837,1.4361702127659577,0.0862334032145065,0.0597014925373134,0.2100000000000363,5.675000000001091,high,tight,choppy,normal,high|tight|choppy|normal,historical7d,1.4361702127659575,0.0862334032145065,0.037004405286342905,-2.78070175438523,-0.28506787330362365,1.71866295264619,1.6296296296294837,0.0862334032145065,0.05970149253731343,0.1383737517831669,-4.49936470703142,-1.9146975029331073,-3.2070311049822635,0.3577092511013682,0.23279816513768298,2.3709864603486186,0.7539893617020869,4734.3769998550415
500ms-s0-t63,500ms,0,MICRO,SELL,-1,1789659163.1980002,1789659442.468,279.26999974250793,0.0955981748146735,45.69898569923036,5.520000000000437,-2.6099999999996726,trail,0.5365853658522518,0.8764186633040693,-1.537572254335564,-2.251308900523291,0.0,1.035011856604826,0.1305841924398852,0.0649926144754301,1.537572254335564,2.251308900523291,0.5365853658522518,0.8764186633040693,-1.2452830188679431,-3.173873045077432,0.6320754716981132,0.068586698337232,-0.0149253731343283,0.2199999999993451,3.475000000000364,normal,tight,choppy,slow,normal|tight|choppy|slow,historical7d,0.6320754716981132,0.068586698337232,0.06330935251779055,3.4254545454561764,1.8095238095245165,1.2452830188679431,3.173873045077432,0.068586698337232,0.014925373134328358,-0.12342569269521411,2.180171526588233,-1.3643492355529154,0.4079111455176587,0.0,0.0,0.5539627400129494,0.3391624482273667,5672.607000112534
500ms-s0-t64,500ms,0,PRIMARY,BUY,1,1789659697.811,1789659739.4220002,41.61100006103516,0.0991795214386685,-38.53625522342672,0.4899999999997817,-4.0600000000004,emergency_stop,0.5866666666673458,0.6831333803811915,0.6833855799372862,0.8533163265306614,4.146586345381526,1.1190292758089369,0.0806809770540326,0.0918580375783776,0.6833855799372862,0.8533163265306614,0.5866666666673458,0.6831333803811915,0.669590643275273,0.8719346049048131,0.8040201005025126,0.0523667962496257,0.475,0.2200000000002546,2.4200000000000728,low,tight,choppy,normal,low|tight|choppy|normal,historical7d,0.8040201005025126,0.05236679624962573,0.09090909090919341,1.9253731343294522,1.6548463356968588,0.669590643275273,0.8719346049048131,0.05236679624962573,0.475,0.18706697459584296,1.2557824910541793,0.7829117307920457,1.0193471109231123,0.0,0.12234042553183917,0.5492529691507068,0.4716917922953534,6207.22000002861
500ms-s0-t65,500ms,0,BURST,BUY,1,1789660114.463,1789660186.961,72.49799990653992,0.0961595050108607,14.724266503194812,2.889999999999418,-0.8000000000001819,momentum_zero_cross,0.7042253521126399,1.2147058823527783,1.6028985507253346,0.0242038216561147,2.011661807580175,1.2018823309062812,0.1690614490981126,0.0615006150061423,1.6028985507253346,0.0242038216561147,0.7042253521126399,1.2147058823527783,1.6098981077147048,0.0490463215259638,1.0710382513661203,0.1107107107104238,0.2040816326530612,0.25,4.130000000000109,normal,tight,mixed,normal,normal|tight|mixed|normal,historical7d,1.0710382513661203,0.11071071071042386,0.060532687651330117,3.6766917293244394,3.247474747477102,1.6098981077147048,0.04904632152596389,0.11071071071042386,0.20408163265306123,0.0811965811965812,2.066793621609735,3.198428425951138,2.6326110237804365,0.015738498789248937,0.01249999999992348,1.30099646415926,0.7542522896944123,6623.871999979019
500ms-s0-t66,500ms,0,MICRO,BUY,1,1789660200.981,1789660505.997,305.0160000324249,0.0973134190709906,50.6166906913929,7.280000000000655,-0.2399999999997817,trail,0.8169014084505599,0.9161764705880241,1.7536231884052165,1.7757961783437,0.0,0.8837351376957423,0.1990786442908412,0.0957095709570917,1.7536231884052165,1.7757961783437,0.8169014084505599,0.916176470588024,1.7612809315861917,1.676488274202987,0.9111111111111112,0.1268077971076277,0.0,0.2899999999999636,3.1149999999997817,normal,normal,mixed,normal,normal|normal|mixed|normal,historical7d,0.9111111111111111,0.12680779710762774,0.09309791332262726,1.3515624999989675,0.6960784313717054,1.7612809315861915,1.676488274202987,0.12680779710762774,0.0,0.03745318352059925,-0.409718431587224,-0.9804098428312815,-0.6950641372092528,0.024077046549191926,0.009047044632174659,0.8347385620913108,0.7442879499216213,6710.389999866486
500ms-s0-t67,500ms,0,SECONDARY,SELL,-1,1789660803.487,1789660845.472,41.98499989509583,0.1012801573158719,-36.25078680053568,2.2399999999997817,-3.779999999999745,momentum_zero_cross,0.8333333333328281,1.578947368421218,-2.532051282050516,-1.150000000000091,-1.06993006993007,1.26778764405819,0.2062663185377848,0.0503524672708948,2.532051282050516,1.150000000000091,0.8333333333328281,1.578947368421218,-2.4012158054703767,-0.8432630614116973,1.7777777777777777,0.124881441669392,-0.1188811188811188,0.25,5.024999999999636,high,normal,mixed,fast,high|normal|mixed|fast,historical7d,1.7777777777777777,0.12488144166939207,0.04975124378109813,8.718181818179067,4.070886075952808,2.4012158054703767,0.8432630614116973,0.12488144166939207,0.11888111888111888,-0.036020583190394515,6.31696601270869,3.227623014541111,4.7722945136249,0.0,0.0,2.807017543859943,1.4814814814805832,7312.895999908447
500ms-s0-t68,500ms,0,SECONDARY,SELL,-1,1789661412.966,1789661741.483,328.5169999599457,0.0984392489031618,-39.6617483667371,4.380000000000109,-4.210000000000036,emergency_stop,0.8064516129033678,0.9178832116790248,-1.7109634551492567,-0.5186615186616952,-0.2947658402203857,1.0334714167357084,0.1745171128430043,0.1035196687370616,1.7109634551492567,0.5186615186616952,0.8064516129033678,0.9178832116790248,-1.7252931323283756,-0.3693858845097199,1.125,0.0997868630111768,-0.0303030303030303,0.25,2.5150000000003274,normal,normal,choppy,normal,normal|normal|choppy|normal,historical7d,1.125,0.09978686301117688,0.0994035785288141,2.13197969543255,1.9544303797485703,1.7252931323283756,0.36938588450971993,0.09978686301117688,0.030303030303030304,0.053003533568904596,0.4066865631041745,1.5850444952388503,0.9958655291715126,0.0,0.12182410423457694,1.0326186131389028,0.9072580645162888,7922.375
500ms-s0-t69,500ms,0,PRIMARY,BUY,1,1789661749.9420002,1789662495.4540002,745.5120000839233,0.0953310296190444,-37.31462309449378,5.920000000000073,-4.0900000000001455,emergency_stop,0.9032258064496255,1.8813056379821307,2.398671096347177,1.4339378238342808,-0.5274074074074074,1.226926634218448,0.2000000000001007,0.0595744680850545,2.398671096347177,1.4339378238342808,0.9032258064496256,1.881305637982131,2.4006359300471303,1.1967567567567252,1.5714285714285714,0.1058163980377904,-0.0638297872340425,0.2799999999997453,4.755000000000109,high,normal,mixed,fast,high|normal|mixed|fast,historical7d,1.5714285714285714,0.10581639803779043,0.05888538380646455,0.8659793814440336,1.9850746268662525,2.4006359300471303,1.1967567567567252,0.10581639803779043,-0.06382978723404255,0.015965166908563134,-1.5346565486030967,0.7883178701095273,-0.37316933924678464,0.20820189274442882,0.10339425587464297,2.9563374311147768,1.4193548387065542,8259.351000070572
500ms-s0-t70,500ms,0,SECONDARY,SELL,-1,1789662996.479,1789663061.473,64.99399995803833,0.0924067502854801,-35.993126629944406,0.0,-4.0700000000006185,emergency_stop,0.4375000000014211,2.0528169014086486,-3.770547945206635,0.2091917591125106,-1.1396396396396398,0.9874867283482482,0.2887490165225177,0.0240137221269861,3.770547945206635,-0.2091917591125106,0.4375000000014211,2.0528169014086486,-3.645695364239054,0.1744493392070323,1.064039408866995,0.1549612948627694,-0.1262135922330097,0.1400000000003274,5.829999999999927,high,tight,mixed,normal,high|tight|mixed|normal,historical7d,1.064039408866995,0.1549612948627694,0.024013722126986135,7.298701298697413,4.642458100559486,3.645695364239054,-0.17444933920703237,0.1549612948627694,0.1262135922330097,-0.058992805755395686,3.653005934458359,4.816907439766518,4.2349566871124384,0.0,0.27481617647056544,2.184278082287035,0.46551724138082246,9505.888000011444
500ms-s0-t71,500ms,0,PRIMARY,SELL,-1,1789663504.984,1789663549.472,44.48799991607666,0.0895860342330154,-34.55149357529465,0.0,-4.030000000000655,emergency_stop,0.8285714285736002,1.0647580095433269,-2.3667820069194527,-1.072620215897914,-1.6666666666666667,1.0555555555555554,0.1841680129240779,0.0757180156660257,2.3667820069194527,1.072620215897914,0.8285714285736002,1.0647580095433269,-2.528650646951065,-0.8814691151921281,1.2820512820512822,0.0772009029345591,-0.1351351351351351,0.2900000000008731,3.905000000000655,normal,normal,choppy,normal,normal|normal|choppy|normal,historical7d,1.2820512820512822,0.07720090293455918,0.07426376440482062,3.6746031746033463,3.478927203067452,2.5286506469510646,0.8814691151921281,0.07720090293455918,0.13513513513513514,0.07995079950799508,1.1459525276522817,2.5974580878753235,1.8717053077638028,0.011523687580042309,0.006089309878223378,1.3650743712093936,1.0622710622738465,10014.392999887466
500ms-s0-t72,500ms,0,SECONDARY,BUY,1,1789663602.473,1789664765.407,1162.9340000152588,0.0868782963483221,68.42780338279054,8.229999999999563,-0.660000000000764,take_profit,0.7142857142854359,1.883067577828056,4.1684587813637854,1.0530451866405557,0.8222222222222222,1.0551731330830203,0.2692752952072103,0.0410509031198676,4.1684587813637854,1.0530451866405557,0.7142857142854359,1.883067577828056,4.225508317932074,0.929883138564411,1.2742616033755274,0.1054330781291205,0.0666666666666666,0.25,6.199999999998909,high,tight,mixed,normal,high|tight|mixed|normal,historical7d,1.2742616033755274,0.10543307812912057,0.04032258064516839,2.928000000003469,6.597701149430254,4.225508317932074,0.929883138564411,0.10543307812912057,0.06666666666666667,0.0208078335373317,-1.2975083179286049,5.667818010865843,2.1851548464686186,0.0016129032256952491,0.0011848341231409075,2.399520710987649,0.9101868595535934,10111.881999969482
500ms-s0-t73,500ms,0,PRIMARY,BUY,1,1789664819.497,1789665122.47,302.97300004959106,0.092240859190422,-37.7823160218083,4.0,-4.280000000000655,emergency_stop,0.8923076923068313,1.9483163664842449,4.243478260869819,1.6194379391101092,0.5807086614173228,0.9730588660166124,0.2901998097052299,0.046623794212204,4.243478260869819,1.6194379391101092,0.8923076923068313,1.9483163664842449,4.518518518519093,1.334942084942413,0.992248062015504,0.1620616365571798,0.0393700787401574,0.2899999999999636,6.220000000001164,high,normal,mixed,normal,high|normal|mixed|normal,historical7d,0.9922480620155039,0.16206163655717987,0.04662379421220408,2.6387832699654905,1.6595744680864513,4.518518518519093,1.334942084942413,0.16206163655717987,0.03937007874015748,0.05477707006369427,-1.8797352485536023,0.3246323831440383,-0.7775514327047821,0.0,0.0,1.9332131388370801,0.8853905784129799,11328.90599989891
500ms-s0-t74,500ms,0,MICRO,SELL,-1,1789665128.421,1789665431.976,303.5550000667572,0.089279927610409,0.9398704216152566,1.7199999999993452,-3.020000000000437,momentum_zero_cross,0.8750000000003553,1.6912114014250879,-2.90845070422528,-1.323562570462088,-2.8651428571428568,1.1230870065966376,0.2333333333333658,0.052830188679367,2.90845070422528,1.323562570462088,0.8750000000003553,1.691211401425088,-3.346303501946046,-1.1332046332047474,0.90625,0.1352201257868994,-0.2068965517241379,0.2800000000006548,5.3400000000001455,high,normal,mixed,normal,high|normal|mixed|normal,historical7d,0.90625,0.1352201257868994,0.05243445692896015,4.369098712446613,3.246458923512929,3.346303501946046,1.1332046332047474,0.1352201257868994,0.20689655172413793,0.058823529411764705,1.022795210500567,2.1132542903081815,1.568024750404374,0.0009363295880353939,0.0005186721991814284,1.5326603325414858,0.792968750000322,11637.829999923706
500ms-s0-t75,500ms,0,PRIMARY,SELL,-1,1789666760.28,1789667660.3630002,900.0830001831055,0.0893535835506874,52.84719213585868,6.470000000000255,-2.639999999999418,max_hold,0.9333333333319186,1.0146914789423573,-1.1325757575755344,-0.9097633136093842,-0.9310344827586208,0.9581337573088542,0.1367169638775336,0.1081081081080037,1.1325757575755344,0.9097633136093842,0.9333333333319186,1.0146914789423571,-1.1771653543306395,-0.858213616489555,0.8415841584158416,0.0833565653747669,-0.0843373493975903,0.2799999999997453,2.590000000000145,normal,normal,choppy,normal,normal|normal|choppy|normal,historical7d,0.8415841584158416,0.08335656537476699,0.10810810810800371,1.5363636363619377,1.994949494949386,1.1771653543306395,0.858213616489555,0.08335656537476699,0.08433734939759036,0.03225806451612903,0.3591982820312982,1.136735878459831,0.7479670802455645,0.12162162162181143,0.05412371134029641,0.8539482743574294,0.7854785478535948,13269.688999891281
500ms-s0-t76,500ms,0,PRIMARY,SELL,-1,1789668684.972,1789668791.965,106.99300003051758,0.0934951221482619,-22.81658279983184,0.8299999999999272,-2.75,momentum_zero_cross,0.9062500000035527,1.2499999999995415,-2.1951219512202917,-0.965244865718625,0.4642857142857143,0.9584615384615384,0.1861042183624486,0.0947712418303664,2.1951219512202917,0.965244865718625,0.9062500000035528,1.2499999999995417,-1.7543859649119324,-1.0959641255604995,0.9130434782608696,0.1089588377728117,0.0476190476190476,0.2900000000008731,3.0999999999994543,normal,normal,mixed,normal,normal|normal|mixed|normal,historical7d,0.9130434782608695,0.10895883777281172,0.0935483870970723,0.1839080459768673,1.4341736694686378,1.7543859649119324,1.0959641255604995,0.10895883777281172,-0.047619047619047616,-0.013043478260869565,-1.570477918935065,0.3382095439081383,-0.6161341875134634,0.030645161290116737,0.022511848341080547,1.1413043478256681,0.8274456521771568,15194.380999803543
500ms-s0-t77,500ms,0,PRIMARY,BUY,1,1789670449.961,1789670824.465,374.5039999485016,0.0917070279371763,1.8430765832530724,2.3700000000008004,-1.2599999999993088,momentum_zero_cross,0.7636363636362433,1.4859437751004623,2.6627906976764475,1.1569965870308931,0.3167213114754098,0.9141025641025642,0.2974025974027529,0.0810810810810905,2.6627906976764475,1.1569965870308931,0.7636363636362433,1.4859437751004625,2.94533762057935,1.34390485629347,0.7898089171974523,0.144297416508771,0.0491803278688524,0.2100000000000363,2.7750000000005457,normal,normal,mixed,normal,normal|normal|mixed|normal,historical7d,0.7898089171974523,0.144297416508771,0.0756756756756739,0.5866666666666344,2.2441314553974414,2.94533762057935,1.3439048562934701,0.144297416508771,0.04918032786885246,0.06293706293706294,-2.3586709539127155,0.9002265991039713,-0.7292221774043721,0.0756756756756739,0.054687500000007404,1.1736116440283906,0.6031268094961413,16959.36999988556
500ms-s0-t78,500ms,0,PRIMARY,BUY,1,1789671602.393,1789672502.4099998,900.0169999599457,0.0918514665061774,-19.338832111984257,1.699999999999818,-3.630000000000109,max_hold,1.318181818180127,1.576379974326469,2.403508771931392,1.8762278978390603,0.765,1.1676190786164309,0.2427643236858473,0.1015761821366052,2.403508771931392,1.8762278978390603,1.318181818180127,1.576379974326469,3.1494252873538704,2.2521008403368903,1.2116788321167884,0.1258034894398216,0.075,0.2899999999999636,3.069999999999709,high,wide,mixed,normal,high|wide|mixed|normal,historical7d,1.2116788321167884,0.1258034894398216,0.09446254071660948,1.9545454545499017,2.00800000000163,3.1494252873538704,2.2521008403368903,0.1258034894398216,0.075,0.14754098360655737,-1.1948798328039687,-0.24410084033526047,-0.7194903365696146,0.0765472312702589,0.04230423042298807,1.9100662462641889,1.597213005970081,18111.801999807358
500ms-s0-t79,500ms,0,PRIMARY,SELL,-1,1789673571.864,1789674472.351,900.4869999885559,0.0903359173088256,8.645336991880962,4.389999999999418,-0.2200000000002546,max_hold,1.0232558139539802,1.6454545454545428,-3.1985815602841727,-1.534351145037758,-1.5833333333333337,1.0243667679837891,0.2190383681400182,0.0822429906542672,3.1985815602841727,1.534351145037758,1.0232558139539802,1.6454545454545428,-3.973333333335964,-2.1651705565526576,1.0147058823529411,0.1141762452107282,-0.1176470588235294,0.2200000000002546,2.715000000000145,high,normal,mixed,normal,high|normal|mixed|normal,historical7d,1.0147058823529411,0.11417624521072822,0.08103130755073402,2.1403508771963415,2.682352941173953,3.9733333333359635,2.1651705565526576,0.11417624521072822,0.11764705882352941,0.041758241758241756,-1.832982456139622,0.5171823846212953,-0.6579000357591631,0.10497237569054851,0.04757929883136308,1.6696524064171097,1.0383036935709504,20081.273000001907
500ms-s0-t80,500ms,0,PRIMARY,SELL,-1,1789681108.4099998,1789681137.875,29.46500015258789,0.0910134366886418,-16.810641647282345,0.0,-2.339999999999236,momentum_zero_cross,1.0799999999981083,1.0654867256628757,-1.8050314465412187,-1.076923076923127,-4.245283018867925,1.0484749455337692,0.1848036059241916,0.1812080536909843,1.8050314465412187,1.076923076923127,1.0799999999981085,1.0654867256628755,-2.216216216215153,-1.947204968943531,1.0,0.1010207673352023,-0.4716981132075472,0.269999999999527,1.5049999999991996,normal,normal,mixed,normal,normal|normal|mixed|normal,historical7d,1.0,0.1010207673352023,0.17940199335526288,2.626262626260585,0.8813559322039124,2.216216216215153,1.947204968943531,0.1010207673352023,0.4716981132075472,0.11904761904761904,0.41004641004543174,-1.0658490367396185,-0.3279013133470934,0.009966777408256413,0.26723223753980474,1.0654867256628757,1.0799999999981083,2340.5169999599457
500ms-s0-t81,500ms,0,SECONDARY,SELL,-1,1789684082.9740002,1789685283.444,1200.4699997901917,0.0896960171925741,-18.284127050837345,0.6199999999998909,-3.9200000000000728,max_hold,0.8095238095257687,2.153594771242236,-3.0697674418611536,-1.6441281138792627,-1.5000000000000002,1.4380165289256197,0.3179190751446343,0.0529595015576544,3.0697674418611536,1.6441281138792627,0.8095238095257687,2.153594771242236,-4.299674267101622,-3.415896487986372,1.891304347826087,0.2386117136678096,-0.1764705882352941,0.1700000000000727,3.2950000000000728,high,normal,mixed,fast,high|normal|mixed|fast,historical7d,1.891304347826087,0.23861171366780962,0.05159332321701639,8.444444444429848,5.217391304346932,4.299674267101622,3.4158964879863722,0.23861171366780962,0.17647058823529413,0.05421686746987952,4.144770177328226,1.8014948163605595,2.9731324968443933,0.0,0.0,4.073103154305968,1.5310559006248234,966.3590002059937
500ms-s0-t82,500ms,0,BURST,BUY,1,1789701778.447,1789701844.474,66.02699995040894,0.0882631233179227,8.78484490424723,1.7799999999997451,-0.3699999999998908,momentum_zero_cross,0.6097560975605157,3.428571428572563,4.178343949046194,0.7571428571428254,2.1724137931034484,1.249163201059518,0.3478260869565804,0.057870370370362,4.178343949046194,0.7571428571428254,0.6097560975605157,3.428571428572563,4.895522388060147,1.220394736842796,1.6571428571428573,0.2269896193771393,0.2413793103448276,0.25,4.3200000000006185,high,tight,mixed,fast,high|tight|mixed|fast,historical7d,1.6571428571428573,0.22698961937713938,0.057870370370362086,9.163265306109077,7.737142857143356,4.895522388060147,1.220394736842796,0.22698961937713938,0.2413793103448276,0.09502262443438914,4.2677429180489295,6.5167481203005595,5.392245519174745,0.0,0.0,5.6816326530631045,1.010452961671712,1391.6319999694824
500ms-s0-t83,500ms,0,PRIMARY,BUY,1,1789702326.9910002,1789703227.079,900.0879998207092,0.0889515756798024,-18.558018648090407,1.8299999999999272,-2.9700000000002547,max_hold,0.6987951807220995,0.7239583333328312,0.6944444444443322,1.4198473282450248,-0.1744680851063829,1.1149606299212598,0.1056635672021181,0.2124542124542197,0.6944444444443322,1.4198473282450248,0.6987951807220995,0.7239583333328312,0.6297229219150894,2.447368421054159,1.2467532467532467,0.0577901063337117,-0.0212765957446808,0.2899999999999636,1.389999999999418,low,tight,choppy,normal,low|tight|choppy|normal,historical7d,1.2467532467532467,0.057790106333711795,0.20863309352524106,-0.8421052631575588,1.078066914498478,0.6297229219150894,2.447368421054159,0.057790106333711795,-0.02127659574468085,-0.0970464135021097,-1.4718281850726482,-1.369301506555681,-1.4205648458141646,0.43165467625812665,0.07952286282287759,0.9025974025967766,0.8712251603807993,1940.1760001182556
500ms-s0-t84,500ms,0,PRIMARY,BUY,1,1789705225.456,1789705870.495,645.0390000343323,0.0874972174174375,-33.66214315304514,2.3299999999999272,-4.020000000000437,emergency_stop,0.4186046511636269,1.8792650918628329,3.502487562188204,1.360839160839169,1.152941176470588,0.6986301369863014,0.3185520361988896,0.0506329113924827,3.502487562188204,1.360839160839169,0.4186046511636269,1.8792650918628329,3.9886685552395176,3.13365539452526,0.6415094339622641,0.1812564366638369,0.1176470588235294,0.180000000000291,3.5799999999999272,high,tight,mixed,slow,high|tight|mixed|slow,historical7d,0.6415094339622641,0.18125643666383692,0.050279329609020866,0.9006622516558844,1.866108786612388,3.9886685552395176,3.1336553945252597,0.18125643666383692,0.11764705882352941,0.08454810495626822,-3.088006303583633,-1.2675466079128717,-2.177776455748252,0.011173184357786014,0.005457025920991616,1.205566285345968,0.2685388328219493,1835.451000213623
500ms-s0-t85,500ms,0,PRIMARY,SELL,-1,1789706581.792,1789707481.849,900.0569999217987,0.0848591763123014,-6.090901033018131,4.75,-1.449999999999818,max_hold,0.511627906974875,0.6787003610109504,-0.6024096385542697,-1.3932584269661457,-2.631578947368421,0.9855072463768116,0.0733998825601458,0.1641791044771054,0.6024096385542697,1.3932584269661457,0.511627906974875,0.6787003610109504,-0.749226006191933,-2.303854875283489,0.6792452830188679,0.0443711037770057,-0.3333333333333333,0.2199999999993451,1.4099999999998545,low,tight,choppy,slow,low|tight|choppy|slow,historical7d,0.6792452830188679,0.044371103777005726,0.1560283687938779,2.580645161287578,1.033613445378132,0.749226006191933,2.3038548752834895,0.044371103777005726,0.3333333333333333,-0.0033222591362126247,1.8314191550956451,-1.2702414299053575,0.2805888625951438,0.0992907801414414,0.05020920502095553,0.46100401879989084,0.3475208424735,3191.7870001792908
500ms-s0-t86,500ms,0,PRIMARY,SELL,-1,1789712211.0449998,1789713111.404,900.3590002059937,0.0843818434455447,-3.310963044038872,8.05999999999949,-0.7000000000007276,max_hold,0.517647058823907,0.8409371146733353,-1.0259067357509144,-1.5633802816904347,-3.425806451612904,0.8257928118393235,0.1666666666665646,0.1305637982197751,1.0259067357509144,1.5633802816904347,0.517647058823907,0.8409371146733353,-0.9274004683845658,-1.8111888111889285,0.62,0.1149825783968879,-0.2903225806451613,0.2200000000002546,1.7049999999999272,normal,tight,mixed,slow,normal|tight|mixed|slow,historical7d,0.62,0.11498257839688791,0.129032258064671,0.06993006992903808,2.325259515571805,0.9274004683845658,1.8111888111889283,0.11498257839688791,0.2903225806451613,0.2,-0.8574703984555277,0.5140707043828769,-0.17169984703632546,0.008797653959136691,0.0028436018957963727,0.5213810110974679,0.3209411764708224,2884.6789996623993
500ms-s0-t87,500ms,0,BURST,BUY,1,1789713296.6780002,1789713363.177,66.49899983406067,0.0841223692769498,9.097276758361804,1.949999999999818,-0.25,momentum_zero_cross,0.5647058823521859,2.410596026489913,3.8744588744569928,2.9096880131364107,2.535714285714286,1.3953125000000002,0.5099715099716783,0.0529801324502859,3.8744588744569928,2.9096880131364107,0.5647058823521859,2.410596026489913,3.787941787940999,5.019999999998612,1.2127659574468086,0.3660104459624798,0.25,0.2399999999997817,4.549999999999272,high,tight,efficient,normal,high|tight|efficient|normal,historical7d,1.2127659574468086,0.3660104459624798,0.05274725274721321,6.777777777777296,3.8617886178818384,3.7879417879409987,5.019999999998612,0.3660104459624798,0.25,0.013888888888888888,2.9898359898362976,-1.1582113821167739,0.9158123038597616,0.0,0.0,2.9234887980835116,0.6848560700866936,3970.3120000362396
500ms-s0-t88,500ms,0,PRIMARY,BUY,1,1789713750.544,1789714650.717,900.1730000972748,0.084835306356572,34.505397132986005,4.710000000000036,-0.0500000000001819,max_hold,0.7160493827156058,1.4984802431611992,1.0163265306125964,1.03554868624413,-1.4285714285714284,0.8463422099785737,0.18030412744398,0.1231422505307453,1.0163265306125964,1.03554868624413,0.7160493827156058,1.4984802431611992,1.1017699115050266,1.9142857142854248,0.8045977011494253,0.1020910209097898,-0.1428571428571428,0.2899999999999636,2.465000000000145,normal,tight,mixed,normal,normal|tight|mixed|normal,historical7d,0.8045977011494253,0.10209102090978989,0.1176470588235077,-0.566929133856125,0.8480000000010477,1.1017699115050266,1.9142857142854248,0.10209102090978989,-0.14285714285714285,-0.059907834101382486,-1.6686990453611514,-1.0662857142843771,-1.3674923798227643,0.18864097363051058,0.08571428571414201,1.2056737588653328,0.5761316872424415,4424.1779997348785
500ms-s0-t89,500ms,0,BURST,SELL,-1,1789720203.473,1789720238.871,35.39800000190735,0.0875394317466877,-2.261981011764123,1.0799999999999272,-2.230000000000473,momentum_zero_cross,0.47826086956573316,3.5068493150697124,-2.6587537091964872,,-1.821176470588235,1.4590213149204443,0.2181110029211762,0.0507497116494345,2.6587537091964872,,0.4782608695657331,3.5068493150697124,-4.017937219724782,,3.1153846153846154,0.1064133016629034,-0.3,0.2200000000002546,4.480000000000473,high,tight,mixed,fast,high|tight|mixed|fast,historical7d,3.1153846153846154,0.10641330166290344,0.049107142857194516,14.62068965518669,8.720430107541835,4.017937219724782,,0.10641330166290344,0.3,0.09505703422053231,10.602752435461907,,,0.02343750000010309,0.02343750000010309,10.925184404640259,1.4899665551855534,179.50400018692017
500ms-s0-t90,500ms,0,PRIMARY,BUY,1,1789721882.816,1789722322.498,439.6819999217987,0.0873621643974004,45.39883228202899,11.590000000000146,-1.0100000000002185,momentum_zero_cross,0.5319148936177623,1.9623059866966197,3.779342723006627,1.3554603854384075,-2.941176470588235,0.6220888813615824,0.385721130809745,0.0600240096038289,3.779342723006627,1.3554603854384075,0.5319148936177623,1.96230598669662,4.281914893619425,1.5041128084605104,0.5483870967741935,0.2325917364921753,-0.2941176470588235,0.25,4.425000000001091,high,tight,mixed,slow,high|tight|mixed|slow,historical7d,0.5483870967741935,0.2325917364921753,0.056497175141229004,0.6995073891638947,4.308823529409011,4.281914893619425,1.5041128084605104,0.2325917364921753,-0.29411764705882354,0.047619047619047616,-3.5824075044555306,2.804710720948501,-0.38884839175351493,0.0700564971752144,0.0690423162584304,1.0761032830271784,0.29169526424199865,1858.8470001220703
500ms-s0-t91,500ms,0,SECONDARY,BUY,1,1789722363.998,1789723566.3990002,1202.4010000228882,0.0909199885424841,59.69046411147004,7.5600000000004,-3.520000000000437,max_hold,0.21978021977894577,2.2257720979768636,2.260536398467486,0.1186440677967146,0.0,1.0837177747625508,0.1544502617800957,0.0413145539906525,2.260536398467486,0.1186440677967146,0.4835164835168789,2.293929712460299,2.393509127789496,0.1511285574093298,1.5806451612903225,0.1072337331881203,0.0,0.2200000000002546,5.385000000000218,high,tight,mixed,fast,high|tight|mixed|fast,historical7d,1.5806451612903225,0.10283105022849309,0.01913875598075547,6.274285714287544,5.879365079365897,2.2839756592294873,0.08832188420035043,0.10283105022849309,-0.02040816326530612,-0.013392857142857142,3.9903100550580564,5.791043195165546,4.8906766251118015,0.0,0.2929634641406258,3.518155896802139,0.34739454094091426,2339.9820001125336
500ms-s0-t92,500ms,0,PRIMARY,BUY,1,1789723626.188,1789724526.463,900.2750000953674,0.0955978219529947,28.453117303784467,3.3299999999999272,-2.6599999999998545,max_hold,0.8307692307682405,0.7608695652172432,0.602459016392303,2.1099071207429136,1.48,1.027373120300752,0.0707070707069487,0.174193548386669,0.602459016392303,2.1099071207429136,0.8307692307682405,0.7608695652172432,0.8149882903963945,2.566854990583557,0.954954954954955,0.0549936788875978,0.16,0.269999999999527,1.574999999999818,normal,normal,choppy,normal,normal|normal|choppy|normal,historical7d,0.954954954954955,0.05499367888759787,0.17142857142829096,1.8993710691823755,1.2950391644912733,0.8149882903963945,2.566854990583557,0.05499367888759787,0.16,-0.01818181818181818,1.084382778785981,-1.2718158260922838,-0.09371652365315142,0.20000000000034648,0.04436619718316805,0.7265961613786287,0.7933471933462477,3602.2190001010895
500ms-s0-t93,500ms,0,BURST,SELL,-1,1789728974.4169998,1789729004.998,30.581000328063965,0.0978276411500487,-5.149270882860048,0.0,-0.8800000000001091,momentum_zero_cross,0.7586206896530096,2.1689008042898372,-2.9516441005799194,-1.7704517704516602,-5.666666666666666,1.2068925428779504,0.5446109921479755,0.0546583850929976,2.9516441005799194,1.7704517704516602,0.7586206896530096,2.168900804289837,-4.102150537636707,-1.591657519209876,1.2291666666666667,0.3898824731718846,-0.5862068965517241,0.2199999999993451,4.045000000000073,high,normal,efficient,normal,high|normal|efficient|normal,historical7d,1.2291666666666667,0.3898824731718846,0.05438813349798299,4.790322580651975,3.3305785123946317,4.102150537636707,1.5916575192098759,0.3898824731718846,0.5862068965517241,0.32342007434944237,0.6881720430152685,1.7389209931847558,1.2135465181000122,0.042027194066766305,0.02859545836838605,2.6659405719395917,0.9324712643651576,333.7759997844696
500ms-s0-t94,500ms,0,PRIMARY,SELL,-1,1789730727.814,1789731283.302,555.4879999160767,0.0974241021303046,11.747850867252671,3.0799999999999272,-1.0499999999992724,momentum_zero_cross,1.0714285714293255,1.0242130750606255,-2.402298850574136,-1.4155251141546727,-1.611111111111111,0.959667162020845,0.2132653061225649,0.1371158392434957,2.402298850574136,1.4155251141546727,1.0357142857142567,1.0242130750606255,-1.9552238805951576,-1.379464285714359,1.1730769230769231,0.1219360843936105,-0.1666666666666666,0.2899999999999636,2.1149999999997817,normal,normal,mixed,normal,normal|normal|mixed|normal,historical7d,1.1730769230769231,0.13477334955907522,0.14184397163130633,1.0634920634919947,0.9333333333334412,2.2039800995013956,1.3482142857148858,0.13477334955907522,0.16666666666666666,0.01904761904761905,-1.140488036009401,-0.4148809523814446,-0.7776844941954227,0.0,0.0,1.2014807226672723,1.2568681318690165,2086.3170001506805
500ms-s0-t95,500ms,0,PRIMARY,BUY,1,1789733442.87,1789733823.9889998,381.11899971961975,0.0983447598954362,-37.741318184418056,0.3299999999999272,-4.010000000000218,emergency_stop,0.8214285714310076,1.5501022494887176,2.65714285714438,1.654054054053945,0.9693877551020408,1.3213125406107864,0.3019480519481535,0.1300813008133007,2.65714285714438,1.654054054053945,0.8571428571461054,1.5501022494887176,3.3066666666677014,1.378378378378683,1.1136363636363635,0.199570815451803,0.1020408163265306,0.2400000000006912,1.8950000000004368,high,normal,mixed,normal,high|normal|mixed|normal,historical7d,1.0909090909090908,0.1991411701566551,0.12137203166249073,5.954022988508871,3.999999999995149,3.297777777777002,1.3761261261259716,0.1991411701566551,0.08333333333333333,0.012145748987854251,2.6562452107318695,2.6238738738691776,2.6400595423005235,0.029023746701993862,0.017571884984123036,1.6910206358058735,0.8961038961065536,4802.178999900818
500ms-s0-t96,500ms,0,PRIMARY,SELL,-1,1789735360.477,1789736260.488,900.010999917984,0.0953870412415808,12.415086617069326,5.480000000000473,-1.6700000000000728,max_hold,0.9803921568623255,1.5789473684217246,-0.7426470588220345,-2.6840579710147576,-0.9111111111111112,0.9544494720965307,0.0516096065405231,0.125,0.7426470588220345,2.6840579710147576,0.9803921568623256,1.5789473684217246,-0.8559322033882628,-4.13392857142992,1.302325581395349,0.0355508623723433,-0.1111111111111111,0.25,2.0250000000005457,high,normal,choppy,normal,high|normal|choppy|normal,historical7d,1.302325581395349,0.03555086237234337,0.12345679012342352,3.742574257430521,0.7152317880789756,0.8559322033882628,4.13392857142992,0.03555086237234337,0.1111111111111111,0.0033003300330033004,2.8866420540422584,-3.4186967833509447,-0.2660273646543434,0.06913580246927886,0.019801980198066928,2.056303549572479,1.2767897856811683,1815.7409999370575
500ms-s0-t97,500ms,0,MICRO,SELL,-1,1789740383.483,1789740428.924,45.44099998474121,0.0963599890622453,-32.737579247782065,0.0,-3.610000000000582,stagnation,0.6440677966117372,4.994633273704875,-6.646525679755678,-1.4123989218328117,-0.8846153846153846,0.9154767388300322,0.135601577909278,0.0282948622487683,6.646525679755678,1.4123989218328117,0.6440677966117372,4.994633273704875,-7.119741100319098,-3.1538461538477063,3.117647058823529,0.0663369919188814,-0.0897435897435897,0.1900000000005093,6.980000000000473,high,tight,choppy,fast,high|tight|choppy|fast,historical7d,3.1176470588235294,0.06633699191888143,0.02722063037256396,5.846153846166147,0.1624365482234065,7.119741100319098,3.1538461538477063,0.06633699191888143,0.08974358974358974,-0.0345489443378119,-1.2735872541529512,-2.9914096056242996,-2.132498429888625,0.10028653295125654,0.07658643326037123,15.57150373566814,2.0079760717895336,1068.4410002231598
500ms-s1-t0,500ms,1,PRIMARY,SELL,-1,1789742547.998,1789742919.429,371.4309997558594,0.039184093139022,6.112499999996999,3.2299999999995634,-0.6500000000005457,momentum_zero_cross,0.9295774647884798,0.8285322359398706,-1.628205128204321,-1.4677871148461668,-4.4,0.815850815850816,0.2263814616760006,0.207142857142885,1.628205128204321,1.4677871148461668,0.8169014084505599,0.8285322359398706,-1.623003194889152,-2.2203389830510347,0.6349206349206349,0.1425364758700351,-0.4,0.2899999999999636,1.5100000000002185,normal,normal,mixed,slow,normal|normal|mixed|slow,historical7d,0.746031746031746,0.15120854412601792,0.21854304635753613,0.8787878787879623,2.4180790960464287,1.7188498402551937,2.2062146892654155,0.15120854412601792,0.3617021276595745,0.18552036199095023,-0.8400619614672314,0.21186440678101315,-0.3140987773431091,0.0066225165564349885,0.1237677984666914,0.6181113506218082,0.6934942991279135,3231.904000043869
500ms-s1-t1,500ms,1,SECONDARY,BUY,1,1789743897.458,1789743949.368,51.91000008583069,0.0396631186776463,-15.980502187500043,2.449999999999818,-4.210000000000036,emergency_stop,0.8064516129021848,2.873786407766775,2.229166666665976,-1.1111111111110323,0.7765205091937765,1.0511649768347544,0.1363057324840962,0.0482625482625455,2.229166666665976,-1.1111111111110323,0.8064516129021848,2.873786407766775,2.562874251497593,-1.887417218542446,1.7543859649122806,0.0837901331244849,0.08,0.25,5.180000000000291,high,normal,choppy,fast,high|normal|choppy|fast,historical7d,1.7543859649122806,0.08379013312448491,0.04826254826254555,10.745341614902495,8.571428571420428,2.562874251497593,-1.887417218542446,0.08379013312448491,0.08,-0.14606741573033707,8.182467363404902,10.458845789962874,9.320656576683888,0.0,0.43695652173914334,5.04173053994171,1.4148273910564646,4582.416000127792
500ms-s1-t2,500ms,1,PRIMARY,SELL,-1,1789743963.4339998,1789744863.469,900.0350000858307,0.0384107557053996,21.65158100336491,5.889999999999418,-3.690000000000509,max_hold,0.709677419354744,4.313453536754749,-7.504950495047811,-2.716763005780977,-1.7000000000000002,1.1428571428571428,0.2588797814207889,0.0282958199357187,7.504950495047811,2.716763005780977,0.709677419354744,4.313453536754749,-8.804664723032596,-4.675496688740505,2.5964912280701755,0.1483592061309785,-0.2244897959183673,0.2200000000002546,7.775000000001455,high,tight,mixed,fast,high|tight|mixed|fast,historical7d,2.5964912280701755,0.1483592061309785,0.028295819935718777,3.121951219518363,4.43884892086072,8.804664723032596,4.675496688740505,0.1483592061309785,0.22448979591836735,0.2125984251968504,-5.682713503514233,-0.23664776787978514,-2.9596806356970093,0.0,0.0,11.19984427087198,1.8426711941140723,4648.391999959946
500ms-s1-t3,500ms,1,MICRO,SELL,-1,1789744864.375,1789745149.474,285.0989999771118,0.0401075508386855,25.66914512498394,10.220000000000256,-0.4799999999995634,take_profit,0.8999999999978778,1.4211711711715942,-3.173333333333883,-2.2113821138221303,-2.344262295081967,0.7967267299285639,0.2364238410595382,0.0889621087313146,3.173333333333883,2.2113821138221303,0.8999999999978778,1.4211711711715942,-3.085308056874812,-3.543046357614556,0.7870967741935484,0.1259918714919216,-0.2786885245901639,0.269999999999527,3.155000000000655,normal,normal,mixed,normal,normal|normal|mixed|normal,historical7d,0.7870967741935484,0.12599187149192162,0.08557844690949953,1.141361256543655,2.407713498624768,3.085308056874812,3.5430463576145557,0.12599187149192162,0.2786885245901639,0.2138728323699422,-1.9439468003311569,-1.1353328589897878,-1.5396398296604723,0.0,0.0,1.118599244406029,0.7083870967725232,5549.3330001831055
500ms-s1-t4,500ms,1,SECONDARY,SELL,-1,1789745230.877,1789745380.437,149.56000018119812,0.0421191951854383,-17.05068766702524,1.0100000000002185,-4.230000000000473,emergency_stop,0.9152542372908006,2.11275964391649,-1.7098039215686305,-3.892193308549544,-2.327586206896552,1.1843253727724572,0.1226096737907054,0.051184834123309,1.7098039215686305,3.892193308549544,0.9152542372908006,2.11275964391649,-1.5051903114181668,-5.644204851752104,1.3410404624277457,0.0756916652163904,-0.2695652173913043,0.2700000000004365,5.339999999999236,high,normal,choppy,normal,high|normal|choppy|normal,historical7d,1.3410404624277457,0.07569166521639041,0.05056179775289797,3.474178403756149,4.004842615008686,1.5051903114181668,5.644204851752104,0.07569166521639041,0.26956521739130435,0.11864406779661017,1.9689880923379823,-1.639362236743418,0.16481292779728207,0.0,0.0,2.833296169876449,1.2273929656154088,5915.835000038147
500ms-s1-t5,500ms,1,MICRO,BUY,1,1789745476.022,1789745809.4329998,333.41099977493286,0.0407829637181802,23.51566701412273,9.25,-1.4099999999998545,trail,0.8771929824551886,1.2631578947367226,2.057971014490681,2.0650406504062824,1.4903969270166453,1.0749756572541385,0.147685907436296,0.0708215297450476,2.057971014490681,2.0650406504062824,0.8771929824551886,1.2631578947367226,2.593607305934772,2.45708154506422,1.5483870967741935,0.0812589413449492,0.1690140845070422,0.25,3.539999999999964,normal,normal,choppy,fast,normal|normal|choppy|fast,historical7d,1.5483870967741935,0.08125894134494925,0.0706214689265544,4.414096916298903,2.4552058111361865,2.593607305934772,2.45708154506422,0.08125894134494925,0.16901408450704225,0.05621301775147929,1.820489610364131,-0.0018757339280335295,0.9093069382180485,0.0,0.0,1.9558573853987962,1.3582342954144855,6160.980000257492
500ms-s1-t6,500ms,1,PRIMARY,BUY,1,1789747212.315,1789747341.995,129.6800000667572,0.0426258438911954,-11.136714974818858,3.0600000000004,-2.7299999999995634,momentum_zero_cross,0.8358208955204025,1.2101616628171017,1.7192118226585404,1.2676056338028374,0.7637669592976856,1.3944634869275505,0.1063052086506038,0.1113320079522107,1.7192118226585404,1.2676056338028374,0.8358208955204025,1.2101616628171017,1.7626262626256224,1.351931330471989,2.229299363057325,0.0551429925735734,0.0697674418604651,0.2799999999997453,2.6199999999989814,normal,normal,choppy,fast,normal|normal|choppy|fast,historical7d,2.229299363057325,0.05514299257357347,0.10687022900757794,5.372781065078083,2.3970037453174693,1.7626262626256224,1.351931330471989,0.05514299257357347,0.06976744186046512,0.04792332268370607,3.6101548024524606,1.0450724148454802,2.3276136086489707,0.0038167938932145676,0.002590673575186913,2.6978126241145577,1.8632949900136362,7897.273000240326
500ms-s1-t7,500ms,1,MICRO,SELL,-1,1789747384.487,1789747429.951,45.46399998664856,0.0417530797375233,-4.954863191311185,0.0,-2.149999999999636,stagnation,0.8787878787867514,2.808314087759829,-4.751196172248612,-1.3615702479338734,-0.9523809523809524,0.8786163522012579,0.2217012726054404,0.0492359932088196,4.751196172248612,1.3615702479338734,0.8787878787867514,2.808314087759829,-4.651053864168279,-1.414163090128831,1.6075949367088609,0.1244204986842919,-0.0793650793650793,0.2899999999999636,6.079999999999927,high,normal,mixed,fast,high|normal|mixed|fast,historical7d,1.6075949367088607,0.12442049868429192,0.04769736842104722,1.4319526627210402,5.498127340823929,4.651053864168279,1.4141630901288307,0.12442049868429192,0.07936507936507936,0.10152284263959391,-3.219101201447239,4.083964250695098,0.43243152462392953,0.060032894736806924,0.037532133676068696,4.514631508170864,1.4127349443787014,8069.445000171661
500ms-s1-t8,500ms,1,SECONDARY,BUY,1,1789747489.987,1789748601.427,1111.4400000572205,0.0413647760959644,-16.389001185029993,5.100000000000364,-4.139999999999418,emergency_stop,0.9206349206333165,2.4734411085448746,4.790361445785021,0.4081196581196016,3.828828828828829,0.9589845365419484,0.2768802228411779,0.0543580131209018,4.790361445785021,0.4081196581196016,0.9206349206333164,2.473441108544874,4.655737704916944,0.4098712446351747,1.4074074074074074,0.1439328120473595,0.3153153153153153,0.2899999999999636,5.354999999999563,high,normal,mixed,normal,high|normal|mixed|normal,historical7d,1.4074074074074074,0.1439328120473595,0.05415499533146354,4.743902439020102,3.698529411762267,4.655737704916944,0.4098712446351747,0.1439328120473595,0.3153153153153153,0.13165266106442577,0.08816473410315862,3.2886581671270925,1.6884114506151258,0.0,0.3568123393317259,3.4811393379520457,1.2957084068172604,8174.945000171661
500ms-s1-t9,500ms,1,PRIMARY,SELL,-1,1789749090.464,1789749990.493,900.029000043869,0.0400803997981849,19.90769004924124,9.650000000000546,-0.8799999999991996,max_hold,0.6666666666648293,1.3371537726839422,-2.675555555555749,-1.5606407322650937,-0.4970760233918128,0.9335276598441165,0.186956521739182,0.0643274853799412,2.675555555555749,1.5606407322650937,0.6666666666648293,1.3371537726839422,-2.9365853658514207,-1.9912408759116893,1.4233128834355828,0.1048780487807934,-0.0526315789473684,0.2199999999993451,3.5,normal,tight,mixed,normal,normal|tight|mixed|normal,historical7d,1.4233128834355828,0.10487804878079342,0.06285714285695576,2.5425531914898247,2.2574257425738176,2.9365853658514207,1.9912408759116893,0.10487804878079342,0.05263157894736842,0.0728476821192053,-0.394032174361596,0.26618486666212826,-0.06392365384973409,0.010000000000218279,0.006340579710282827,1.9031881917955495,0.9488752556211068,9775.422000169754
500ms-s1-t10,500ms,1,PRIMARY,SELL,-1,1789750451.994,1789751026.465,574.470999956131,0.0416405293603294,-16.299002169021882,2.5600000000004,-4.0900000000001455,emergency_stop,0.8,1.838532110090937,-3.13356164383639,-1.8384458077711356,-1.64027149321267,0.9169940036623656,0.2224653537563186,0.0555555555556095,3.13356164383639,1.8384458077711356,0.8,1.838532110090937,-3.49904397705682,-2.7450381679384077,1.0873015873015872,0.0999672238606768,-0.1470588235294117,0.2600000000002183,5.009999999999309,high,normal,choppy,normal,high|normal|choppy|normal,historical7d,1.0873015873015872,0.09996722386067682,0.05189620758488107,0.8245614035073863,3.758620689652534,3.4990439770568194,2.7450381679384073,0.09996722386067682,0.14705882352941177,0.03132530120481928,-2.674482573549433,1.0135825217141265,-0.8304500259176535,0.05389221556877531,0.03776223776217354,1.9990388816068123,0.8698412698412699,11136.952000141144
500ms-s1-t11,500ms,1,BURST,SELL,-1,1789751987.461,1789752078.403,90.94200015068054,0.0403632061222012,10.738705176383522,3.949999999999818,-0.8699999999998909,momentum_zero_cross,0.8253968253973754,1.590163934426281,-2.8781512605053226,-2.138492871689699,-3.236559139784946,1.1901381727270697,0.2060150375940522,0.063030303030342,2.8781512605053226,2.138492871689699,0.8253968253973754,1.590163934426281,-3.2970297029724813,-3.2061068702284734,1.0737704918032789,0.1235621521337581,-0.2258064516129032,0.2600000000002183,4.365000000000691,high,normal,mixed,normal,high|normal|mixed|normal,historical7d,1.0737704918032787,0.12356215213375815,0.05956471935857437,2.238095238095197,3.9731182795693143,3.2970297029724813,3.2061068702284734,0.12356215213375815,0.22580645161290322,0.05211726384364821,-1.0589344648772845,0.7670114093408409,-0.1459615277682218,0.0859106529209486,0.048669695003245105,1.7074711099167443,0.8862867551398047,12672.419000148773
500ms-s1-t12,500ms,1,PRIMARY,SELL,-1,1789752079.999,1789752139.968,59.9689998626709,0.0412047789698491,-16.325609252645933,0.1599999999998544,-4.140000000000327,emergency_stop,0.8253968253973754,1.5755919854277864,-1.813953488372257,-3.0789473684220603,-0.3853211009174312,0.8870845771144278,0.1502890173409823,0.0651629072682287,1.813953488372257,3.0789473684220603,0.8253968253973754,1.5755919854277864,-2.202352941178493,-4.64427480915982,0.918032786885246,0.0799453365220896,-0.0275229357798165,0.2600000000002183,4.324999999999818,high,normal,choppy,normal,high|normal|choppy|normal,historical7d,0.9180327868852459,0.07994533652208968,0.06011560693646918,-0.8190476190480315,-1.2076372315037458,2.202352941178493,4.64427480915982,0.07994533652208968,0.027522935779816515,0.024890190336749635,-3.021400560226524,-5.851912040663566,-4.436656300445046,0.3768786127168041,0.14015477214102268,1.4464451013763286,0.7577413479057872,12764.957000255585
500ms-s1-t13,500ms,1,MICRO,BUY,1,1789752173.904,1789752174.202,0.2979998588562011,0.0399253705828351,-1.2609107966580542,0.0,-0.3299999999999272,momentum_zero_cross,0.9206349206346457,1.808743169398401,3.651515151515736,-0.9878542510126138,1.356234096692112,1.094648370224188,0.3682200152788636,0.0617678381256616,3.651515151515736,-0.9878542510126138,0.9206349206346456,1.808743169398401,4.536470588238903,-1.4900763358779254,1.0788381742738589,0.1459721380977738,0.09375,0.2899999999999636,4.964999999999236,high,normal,mixed,normal,high|normal|mixed|normal,historical7d,1.0788381742738589,0.14597213809777387,0.05840886203424134,0.9134615384622701,1.0564334085783083,4.536470588238903,-1.4900763358779254,0.14597213809777387,0.09375,0.10840108401084012,-3.623009049776633,2.546509744456234,-0.5382496526601998,0.03323262839860615,0.2536157024793237,1.951341178604084,0.9932160969502402,12858.862000226974
500ms-s1-t14,500ms,1,PRIMARY,BUY,1,1789753818.487,1789754157.972,339.4849998950958,0.0398265552906427,5.29796411813984,5.639999999999418,-0.6599999999998545,momentum_zero_cross,0.9062499999981348,0.5004500450045921,0.8833922261484326,1.4934782608698165,1.194074074074074,1.094388630237687,0.1025430680886082,0.2196969696969905,0.8833922261484326,1.4934782608698165,0.9062499999981348,0.5004500450045921,0.6702412868633493,1.6554216867468876,1.2342342342342345,0.0488472059395908,0.0962962962962963,0.2899999999999636,1.3900000000003274,low,normal,choppy,normal,low|normal|choppy|normal,historical7d,1.2342342342342343,0.0488472059395908,0.20863309352510453,1.2864864864822878,0.09132420091359093,0.6702412868633493,1.6554216867468876,0.0488472059395908,0.0962962962962963,0.04775687409551375,0.6162451996189385,-1.5640974858332968,-0.4739261431071791,0.014388489208943775,0.004836759371326603,0.6176725780687309,1.1185247747724727,14503.445000171661
500ms-s1-t15,500ms,1,SECONDARY,SELL,-1,1789754302.941,1789754629.473,326.53200006484985,0.0402417471295474,2.1951952335398786,2.709999999999127,-0.6700000000000728,momentum_zero_cross,0.8503937007890933,1.2395929694726948,-2.150406504066159,-1.681381957772662,-3.2410883975339546,0.8218627450980391,0.2271361099184843,0.0816944024206997,2.150406504066159,1.681381957772662,0.8503937007890933,1.2395929694726948,-1.6793650793665202,-2.1108433734942134,0.7904761904761904,0.1351903910041496,-0.2839506172839506,0.2700000000004365,3.350000000000364,normal,normal,mixed,normal,normal|normal|mixed|normal,historical7d,0.7904761904761904,0.13519039100414962,0.0805970149254947,5.163841807908002,3.1288343558299805,1.6793650793665202,2.1108433734942134,0.13519039100414962,0.2839506172839506,0.08303249097472924,3.484476728541482,1.0179909823357671,2.251233855438625,0.0,0.0,0.9798687282498444,0.6722159730047118,14987.899000167847
500ms-s1-t16,500ms,1,SECONDARY,BUY,1,1789757067.9889998,1789758267.99,1200.001000165939,0.0404137805985262,7.077861120159052,3.050000000000182,-2.6400000000003274,max_hold,0.9666666666674246,1.8091503267970606,3.928143712575464,0.780126849894856,0.5021276595744681,0.9926092978990052,0.2649434571890846,0.0843023255813723,3.928143712575464,0.780126849894856,0.9666666666674246,1.8091503267970608,3.847507331379232,0.5540540540544158,1.1728395061728396,0.147814330778772,0.0425531914893617,0.2899999999999636,3.4600000000000364,high,normal,mixed,normal,high|normal|mixed|normal,historical7d,1.1728395061728396,0.14781433077877204,0.08381502890172271,4.843750000007816,3.023474178405985,3.8475073313792314,0.5540540540544158,0.14781433077877204,0.0425531914893617,-0.07394366197183098,0.9962426686285846,2.469420124351569,1.7328313964900768,0.005780346820672501,0.0033472803346491866,2.121842975873096,1.1337448559679673,17752.947000026703
500ms-s1-t17,500ms,1,PRIMARY,BUY,1,1789758584.742,1789758913.959,329.2170000076294,0.0409684597372409,0.7841535261231682,4.739999999999782,-0.7300000000004729,momentum_zero_cross,0.6792452830202925,1.0561497326200633,1.4539877300625546,1.4513888888890878,0.1187739463601532,1.070321030792749,0.1500949968335331,0.102564102564262,1.4539877300625546,1.4513888888890878,0.6792452830202925,1.0561497326200633,1.4149253731346525,0.8877400295423412,1.1857142857142855,0.0679667335815104,0.0120481927710843,0.180000000000291,1.975000000000364,normal,tight,choppy,normal,normal|tight|choppy|normal,historical7d,1.1857142857142857,0.06796673358151048,0.09113924050645969,0.6833333333316407,0.6216216216227731,1.4149253731346525,0.8877400295423412,0.06796673358151048,0.012048192771084338,0.1037344398340249,-0.7315920398030118,-0.2661184079195681,-0.49885522386129,0.09873417721502432,0.05500705218609449,1.2522918258209321,0.805390835581204,19269.700000286102
500ms-s1-t18,500ms,1,PRIMARY,BUY,1,1789759468.945,1789760369.153,900.2079999446869,0.0410299124268467,29.37133288985053,12.539999999999964,-3.979999999999563,max_hold,0.9629629629638363,1.0194444444451245,0.8370786516858181,2.381778741865584,-1.285024154589372,0.8504801097393689,0.0623170221664535,0.1570996978853524,0.8370786516858181,2.381778741865584,0.9629629629638364,1.0194444444451245,0.9162303664922165,1.672505712109708,0.8843537414965986,0.0372895802258854,-0.0625,0.2600000000002183,1.8350000000009457,normal,normal,choppy,normal,normal|normal|choppy|normal,historical7d,0.8843537414965986,0.037289580225885424,0.14168937329704864,0.6929133858273355,2.406504065037236,0.9162303664922165,1.672505712109708,0.037289580225885424,-0.0625,0.008771929824561403,-0.22331698066488093,0.733998352927528,0.2553406861313233,0.08719346049083461,0.02642444260953861,0.9015495086929672,0.8515998992197191,20153.90300011635
500ms-s1-t19,500ms,1,PRIMARY,BUY,1,1789761354.9889998,1789761545.753,190.76400017738345,0.043331690513993,-6.386278019258233,1.1000000000003638,-1.5799999999999272,momentum_zero_cross,0.7536231884068668,0.614537444934118,0.9194312796199788,1.6265664160405051,1.4444444444444442,1.0657425742574258,0.1490015360979965,0.1897810218979846,0.9194312796199788,1.6265664160405051,0.7536231884068668,0.614537444934118,0.8738738738735417,1.2421052631577665,0.6708074534161491,0.0749613601227826,0.1111111111111111,0.2600000000002183,1.3950000000004366,low,normal,choppy,slow,low|normal|choppy|slow,historical7d,0.6708074534161491,0.07496136012278266,0.18637992831551034,2.01069518716796,1.3265993265983655,0.8738738738735417,1.2421052631577665,0.07496136012278266,0.1111111111111111,0.03133903133903134,1.1368213132944183,0.08449406344059907,0.6106576883675087,0.0,0.0,0.41223629846512266,0.505536051850569,22039.947000026703
500ms-s1-t20,500ms,1,PRIMARY,BUY,1,1789762637.884,1789762735.922,98.03799986839294,0.0428312094885564,-7.788169717832306,1.0099999999993088,-1.9000000000005457,momentum_zero_cross,0.7878787878790802,0.8714652956293933,1.9411764705904733,1.742382271468105,-0.1826086956521739,0.8514423076923078,0.1756357185099034,0.1666666666667638,1.9411764705904733,1.742382271468105,0.7878787878790802,0.8714652956293933,2.0135593220341907,1.4593967517402062,1.0147058823529411,0.0904109589045295,-0.0144927536231884,0.2600000000002183,1.694999999999709,normal,normal,choppy,normal,normal|normal|choppy|normal,historical7d,1.0147058823529411,0.0904109589045295,0.15339233038363595,3.1559633027540084,0.6321243523302291,2.0135593220341907,1.4593967517402062,0.0904109589045295,-0.014492753623188406,0.01639344262295082,1.1424039807198176,-0.8272723994099771,0.15756579065492027,0.09144542772847904,0.03315508021384798,0.8842809617415902,0.7994652406420077,23322.842000246048
500ms-s1-t21,500ms,1,SECONDARY,BUY,1,1789763657.457,1789764857.978,1200.5209999084473,0.0422208647533443,9.172219705015806,5.1899999999996,-1.1700000000000728,max_hold,0.8301886792466429,2.0,3.73972602739424,2.7593984962403515,1.6091954022988508,1.0029021719301932,0.2774390243902467,0.0666666666667585,3.73972602739424,2.7593984962403515,0.8301886792466429,2.0,3.43396226415008,2.675577156743374,0.935483870967742,0.1700934579439443,0.1724137931034483,0.2200000000002546,3.690000000000509,high,normal,mixed,normal,high|normal|mixed|normal,historical7d,0.9354838709677419,0.1700934579439443,0.05962059620602284,9.11111111113564,4.353488372097714,3.4339622641500798,2.675577156743374,0.1700934579439443,0.1724137931034483,-0.018633540372670808,5.677148846985561,1.67791121535434,3.67753003116995,0.07452574525783665,0.042340261740018675,1.8709677419354838,0.7766281192952466,24342.41500020027
500ms-s1-t22,500ms,1,PRIMARY,SELL,-1,1789767860.959,1789768061.913,200.95399975776672,0.0429396749757701,-3.8217578737049407,1.8900000000003276,-0.930000000000291,momentum_zero_cross,0.7703703703713285,1.586516853932619,-3.1313131313141893,-2.5760869565193896,-2.506172839506173,0.9391771019677996,0.2787769784174612,0.1498559077812124,3.1313131313141893,2.5760869565193896,0.7703703703713285,1.586516853932619,-2.995169082129008,-2.177641653905063,1.2173913043478262,0.1733780760633205,-0.2592592592592592,0.2600000000002183,1.7650000000003274,high,normal,mixed,normal,high|normal|mixed|normal,historical7d,1.2173913043478262,0.17337807606332054,0.14730878186978472,2.8860759493690704,1.9594594594585626,2.9951690821290082,2.177641653905063,0.17337807606332054,0.25925925925925924,0.003076923076923077,-0.10909313275993782,-0.21818219444650033,-0.16363766360321907,0.02549575070825179,0.012145748987874128,1.9314118221788408,0.9378421900172695,28545.91700029373
500ms-s2-t0,500ms,2,MICRO,BUY,1,1789963644.3939998,1789963940.188,295.7940001487732,0.039184093139022,-3.8249999999982265,2.740000000000691,-1.1699999999991633,momentum_zero_cross,0.5999999999979789,1.8886138613868328,2.545454545453869,1.4292929292932075,1.5517241379310345,1.177142857142857,0.2163833075734061,0.0723860589810972,2.545454545453869,1.4292929292932075,0.5999999999979789,1.8886138613868328,3.796610169490836,1.9496402877700052,1.6296296296296295,0.110236220472347,0.1034482758620689,0.269999999999527,3.815000000000509,high,tight,mixed,fast,high|tight|mixed|fast,historical7d,1.6296296296296295,0.11023622047234706,0.07077326343368047,3.647058823527209,4.0294117647047285,3.796610169490836,1.9496402877700054,0.11023622047234706,0.10344827586206896,0.009615384615384616,-0.14955134596362685,2.079771476934723,0.9651100654855483,0.0,0.0,3.077741107445209,0.9777777777744842,1835.1039998531342
500ms-s2-t1,500ms,2,PRIMARY,SELL,-1,1789967510.961,1789968412.476,901.5150001049042,0.0388843348265086,13.768856249999372,8.699999999999818,-1.9699999999993447,max_hold,0.5882352941173953,1.0911086717888476,-2.165048543689432,-2.025806451612522,-2.169230769230769,0.8306907235283397,0.2477777777779296,0.1012145748988122,2.165048543689432,2.025806451612522,0.5882352941173953,1.0911086717888476,-2.03652968036527,-2.0179948586117487,0.9814814814814816,0.1277936962751745,-0.2307692307692307,0.25,2.484999999998763,normal,tight,mixed,normal,normal|tight|mixed|normal,historical7d,0.9814814814814815,0.1277936962751745,0.10060362173043237,2.4430379746840254,0.5795053003531662,2.03652968036527,2.0179948586117487,0.1277936962751745,0.23076923076923078,0.11688311688311688,0.40650829431875524,-1.4384895582585826,-0.5159906319699137,0.06438631790741815,0.029170464904259622,1.0709029556446097,0.5773420479300361,5701.671000003815
500ms-s2-t2,500ms,2,SECONDARY,SELL,-1,1789968692.959,1789969892.9740002,1200.0150001049042,0.0399633751179442,-4.360019970938763,3.149999999999636,-3.2100000000000364,max_hold,0.6486486486507081,2.739687055475337,-3.1576576576591617,0.9536423841061598,-0.7255973762298922,0.9983818517651344,0.2756586708613186,0.0500521376435219,3.1576576576591617,-0.9536423841061598,0.6486486486507081,2.739687055475337,-3.6227390180879815,1.1105398457586542,1.54,0.1518301927652621,-0.0789473684210526,0.2400000000006912,4.8149999999996,high,tight,mixed,fast,high|tight|mixed|fast,historical7d,1.54,0.1518301927652621,0.04984423676027231,4.790697674415588,7.820895522378902,3.6227390180879815,-1.1105398457586542,0.1518301927652621,0.07894736842105263,0.056433408577878104,1.1679586563276065,8.931435368137556,5.049697012232581,0.0,0.3321775312067163,4.21911806543202,0.9989189189220906,6883.669000148773
500ms-s2-t3,500ms,2,SECONDARY,SELL,-1,1789970946.9539998,1789971214.91,267.956000328064,0.0396216882606856,-15.5467029655791,0.0,-4.099999999999454,emergency_stop,0.6829268292679139,1.2957055214718756,-2.3163265306106444,-2.517241379309884,-3.627906976744186,1.1893224699828473,0.2764920828258246,0.1117764471057224,2.3163265306106444,2.517241379309884,0.6829268292679139,1.2957055214718756,-1.8159999999996217,-2.8331177231564104,0.8333333333333334,0.1289772727274165,-0.35,0.2799999999997453,2.639999999999418,normal,tight,mixed,normal,normal|tight|mixed|normal,historical7d,0.8333333333333334,0.1289772727274165,0.10606060606053298,4.423357664229293,2.1522491349476742,1.8159999999996217,2.8331177231564104,0.1289772727274165,0.35,0.08970099667774087,2.6073576642296716,-0.6808685882087362,0.9632445380104675,0.020833333333448167,0.0072607260726467275,1.079754601226563,0.5691056910565949,1617.8119995594025
500ms-s2-t4,500ms,2,MICRO,BUY,1,1789984993.492,1789984994.3939998,0.9019997119903564,0.0384033213466697,-1.0290779799607217,0.0,-0.2800000000006548,momentum_zero_cross,0.8115942028998497,3.319371727750709,5.833333333334305,-0.0258064516128842,2.054794520547945,1.0978535353535352,0.30434782608693,0.0588853838066445,5.833333333334305,-0.0258064516128842,0.8115942028998497,3.319371727750709,7.878787878782152,-0.0209973753280727,1.5416666666666667,0.1967993079588572,0.2054794520547945,0.2800000000006548,4.755000000001019,high,normal,mixed,fast,high|normal|mixed|fast,historical7d,1.5416666666666667,0.19679930795885728,0.058885383806644556,5.531914893617076,6.209999999993479,7.878787878782152,-0.02099737532807271,0.19679930795885728,0.2054794520547945,0.12322274881516587,-2.346872985165076,6.230997375321552,1.9420621950782382,0.013669821240903343,0.11906230721779118,5.11736474694901,1.2512077294706017,2623.8519999980927
500ms-s2-t5,500ms,2,BURST,BUY,1,1789984997.647,1789985047.373,49.72599983215332,0.0383226743718415,2.567292290503662,1.8800000000001087,-0.9799999999995634,momentum_zero_cross,0.8115942028972135,3.2321116928453906,5.867088607587577,0.1100323624589677,2.048192771084337,1.2686010698654564,0.3078711391564676,0.0618784530386227,5.867088607587577,0.1100323624589677,0.8115942028972135,3.2321116928453906,7.965367965362504,0.0997375328077486,1.7708333333333333,0.2015775635412465,0.2195121951219512,0.2799999999997453,4.6299999999992,high,normal,mixed,fast,high|normal|mixed|fast,historical7d,1.7708333333333333,0.20157756354124656,0.06047516198699649,5.617021276595086,6.209999999993479,7.965367965362504,0.0997375328077486,0.20157756354124656,0.21951219512195122,0.1267605633802817,-2.3483466887674185,6.110262467185731,1.8809578892091554,0.0,0.08204811844551621,5.723531122747046,1.4371980676304823,2628.0069999694824
500ms-s2-t6,500ms,2,MICRO,BUY,1,1789985709.5100002,1789985754.127,44.61699986457825,0.0385238684122939,-11.171049774755057,0.4099999999998545,-3.590000000000145,momentum_zero_cross,0.8484848484842639,2.2478941034890143,3.677130044844096,1.4229691876753126,0.6024096385542168,1.2682643989176654,0.2808219178082021,0.0600214362271815,3.677130044844096,1.4229691876753126,0.8484848484842639,2.2478941034890143,5.412541254127972,1.227053140097213,1.5178571428571428,0.1841041760215363,0.0602409638554216,0.2799999999997453,4.669999999999163,high,normal,mixed,fast,high|normal|mixed|fast,historical7d,1.5178571428571428,0.1841041760215363,0.059957173447493683,2.6666666666659573,1.312138728323593,5.412541254127972,1.2270531400972127,0.1841041760215363,0.060240963855421686,0.03626943005181347,-2.7458745874620147,0.08508558822638035,-1.3303944996178172,0.05781584582432022,0.03251053582173601,3.4119821213672537,1.2878787878779006,3339.8700001239777
500ms-s2-t7,500ms,2,SECONDARY,SELL,-1,1789993800.4910002,1789995000.617,1200.1259996891022,0.0376484135026246,6.017063830562384,5.410000000000764,-2.8599999999996726,max_hold,0.8076923076896841,2.6447876447869345,-4.529850746267948,-4.184100418411061,-1.1733333333333331,1.035965733707904,0.3193056286161626,0.0667726550076622,4.529850746267948,4.184100418411061,0.8076923076896841,2.6447876447869345,-4.4306569343037685,-2.5000000000005684,1.7857142857142858,0.1683772538173198,-0.1466666666666666,0.2099999999991268,3.4249999999992724,high,normal,mixed,fast,high|normal|mixed|fast,historical7d,1.7857142857142858,0.1683772538173198,0.06131386861289679,6.336448598131477,3.948717948719145,4.4306569343037685,2.5000000000005684,0.1683772538173198,0.14666666666666667,0.059665871121718374,1.9057916638277081,1.4487179487185764,1.6772548062731425,0.0,0.0,4.722835079976669,1.4423076923030074,3798.3600001335144
500ms-s3-t0,500ms,3,MICRO,SELL,-1,1790004086.345,1790004330.451,244.10599994659424,0.039184093139022,18.956249999999383,5.569999999999709,-0.7899999999999636,trail,0.9666666666681573,1.621562156215047,-3.0995670995709483,-4.138165345413497,-0.2425249169435216,0.8494317302979141,0.2450376454484163,0.0810055865921496,3.0995670995709483,4.138165345413497,0.9666666666681571,1.621562156215047,-2.991341991343765,-5.001364256478262,1.3076923076923077,0.1239461883426163,-0.0120481927710843,0.2899999999999636,3.6849999999994902,high,normal,mixed,normal,high|normal|mixed|normal,historical7d,1.3076923076923077,0.12394618834261631,0.07869742198100507,1.0263157894791008,1.116438356165749,2.9913419913437655,5.001364256478262,0.12394618834261631,0.012048192771084338,0.02909647779479326,-1.9650262018646647,-3.8849259003125134,-2.924976051088589,0.03527815468092744,0.01198156682020233,2.1205043581273695,1.2641025641045134,2609.4649999141693
500ms-s3-t1,500ms,3,SECONDARY,BUY,1,1790005480.473,1790005558.881,78.4079999923706,0.0406696600701551,-15.56868749999998,0.5599999999994907,-4.0,emergency_stop,0.5000000000015158,2.3597560975606893,2.1686274509790078,1.9785831960453668,1.6195286195286196,1.1335080991404631,0.1697881486029746,0.0262697022768071,2.1686274509790078,1.9785831960453668,0.5000000000015158,2.3597560975606893,2.1857707509871163,2.7736720554269287,1.3116883116883118,0.0920899250631605,0.1313131313131313,0.1500000000005457,5.8049999999993815,high,tight,choppy,normal,high|tight|choppy|normal,historical7d,1.3116883116883118,0.09208992506316055,0.025839793281750505,11.712765957438759,4.747252747250815,2.1857707509871163,2.7736720554269287,0.09208992506316055,0.13131313131313133,-0.03549060542797495,9.526995206451643,1.9735806918238858,5.750287949137765,0.0,0.0,3.0952644916055796,0.6558441558461441,4003.59299993515
500ms-s3-t2,500ms,3,PRIMARY,SELL,-1,1790005642.848,1790005976.655,333.8069999217987,0.0394495702680505,-15.101626874999983,0.0,-4.0,emergency_stop,0.9666666666659592,1.056244041945081,-1.6156462585025029,-1.1661237785017156,0.4909090909090909,1.037141810085826,0.2097130242825848,0.1046931407941941,1.6156462585025029,1.1661237785017156,0.9666666666659592,1.056244041945081,-1.7794392523357292,-1.8323207776426376,0.9936305732484076,0.1214905564076642,0.0389610389610389,0.2899999999999636,2.770000000000437,normal,normal,mixed,normal,normal|normal|mixed|normal,historical7d,0.9936305732484076,0.12149055640766425,0.10469314079419419,1.336898395721353,0.24736842105137694,1.7794392523357292,1.8323207776426378,0.12149055640766425,-0.03896103896103896,0.05045871559633028,-0.44254085661437625,-1.5849523565912609,-1.0137466066028185,0.1462093862818018,0.046685878962610526,1.0495163728881058,0.9605095541394245,4165.96799993515
500ms-s3-t3,500ms,3,BURST,BUY,1,1790006264.459,1790006341.4889998,77.02999973297119,0.0382660831600089,2.1606652651411555,2.149999999999636,-1.6700000000000728,momentum_zero_cross,0.9032258064522753,2.0019704433501557,4.228813559324065,0.0332749562169385,4.557971014492753,1.228311267526954,0.4725378787869855,0.0555004955400874,4.228813559324065,0.0332749562169385,0.9032258064522752,2.001970443350156,4.264642082428142,0.0417124039514112,1.3049645390070923,0.2972482612685743,0.3695652173913043,0.2799999999997453,5.079999999999927,high,normal,efficient,normal,high|normal|efficient|normal,historical7d,1.3049645390070923,0.2972482612685743,0.05511811023617113,6.313953488368158,4.647619047616716,4.264642082428142,0.04171240395141124,0.2972482612685743,0.3695652173913043,0.0970873786407767,2.049311405940016,4.605906643665304,3.3276090248026606,0.0,0.059674502712466986,2.61250043671226,1.1786776481363026,4787.578999996185
500ms-s3-t4,500ms,3,PRIMARY,BUY,1,1790006912.309,1790007812.4540002,900.1450002193451,0.038435410577992,12.064986381896524,3.4099999999998545,-0.5799999999999272,max_hold,0.9666666666659592,0.7241770715095422,0.7488986784142734,1.1744604316549017,-0.826530612244898,0.8372277190258326,0.0666666666667427,0.1864951768488163,0.7488986784142734,1.1744604316549017,0.9666666666659592,0.7241770715095422,0.4655581947740348,1.646542261251267,0.6753246753246753,0.0259809119835016,0.0,0.2899999999999636,1.5949999999993452,low,normal,choppy,slow,low|normal|choppy|slow,historical7d,0.6753246753246753,0.02598091198350161,0.18181818181823364,1.210191082803699,1.0064102564103985,0.4655581947740348,1.646542261251267,0.02598091198350161,0.0,-0.0024449877750611247,0.7446328880296642,-0.6401320048408685,0.052250441594397845,0.18181818181766343,0.0541549953312937,0.4890546456947558,0.6528138528133751,5435.428999900818
500ms-s3-t5,500ms,3,MICRO,SELL,-1,1790008432.2870002,1790008477.479,45.19199991226196,0.0393809216782106,1.3944696546794917,0.3699999999998908,-1.1400000000003274,stagnation,0.9508196721315386,1.6229885057479705,-2.91228070175252,-4.396946564883972,0.0,1.0241566148487389,0.1269113149847284,0.0852941176470572,2.91228070175252,4.396946564883972,0.9508196721315386,1.6229885057479705,-2.918781725889295,-5.31098265895961,1.9324324324324325,0.0671180109728501,0.0,0.2899999999999636,3.530000000000655,high,normal,choppy,fast,high|normal|choppy|fast,historical7d,1.9324324324324325,0.06711801097285011,0.08215297450422375,3.7290322580655157,1.1861198738183307,2.918781725889295,5.31098265895961,0.06711801097285011,-0.0,-0.054282267792521106,0.8102505321762208,-4.1248627851412785,-1.6573061264825288,0.06657223796049248,0.020102651839227704,3.1363156259724296,1.8373947718217571,6955.40700006485
500ms-s3-t6,500ms,3,PRIMARY,SELL,-1,1790008907.91,1790009045.98,138.0699999332428,0.0394902037358676,-1.3983393079712263,2.5700000000006185,-0.5100000000002183,momentum_zero_cross,0.625,1.9224806201549482,-1.5705882352951688,-1.149139579350042,-0.1055088702147525,0.9513171315743506,0.0774137431139323,0.0475624256836674,1.5705882352951688,1.149139579350042,0.625,1.922480620154948,-1.4813084112162402,-1.3895953757226522,1.374233128834356,0.0447171674428832,-0.0535714285714285,0.1999999999998181,4.339999999999236,high,tight,choppy,normal,high|tight|choppy|normal,historical7d,1.3742331288343559,0.04471716744288326,0.04608294930872196,4.674846625765556,5.325102880662743,1.4813084112162402,1.3895953757226522,0.04471716744288326,0.05357142857142857,-0.054491899852724596,3.1935382145493163,3.935507504940091,3.5645228597447036,0.00921658986153483,0.09163346613529287,2.6419365577589473,0.8588957055214724,7431.02999997139
500ms-s3-t7,500ms,3,SECONDARY,BUY,1,1790009383.4910002,1790009571.948,188.4569997787476,0.0393806184205006,-15.263671922670078,0.5299999999997453,-4.050000000000182,emergency_stop,0.8787878787879623,2.190301921317265,3.6947162426632536,0.8962075848306198,1.3718820861678005,0.9844378028205606,0.2951844903065855,0.0490278951817279,3.6947162426632536,0.8962075848306198,0.8787878787879623,2.190301921317265,3.515828677839003,1.0911300121511152,0.9514563106796116,0.1738489871098539,0.1020408163265306,0.2899999999999636,5.985000000000582,high,normal,mixed,normal,high|normal|mixed|normal,historical7d,0.9514563106796117,0.17384898710985391,0.04845446950709029,3.8224299065367338,3.712230215828788,3.515828677839003,1.0911300121511152,0.17384898710985391,0.10204081632653061,0.09470304975922954,0.30660122869773065,2.621100203677673,1.463850716187702,0.0,0.0,2.08397658533099,0.8361282730215563,7906.611000061035
500ms-s3-t8,500ms,3,PRIMARY,SELL,-1,1790009592.7849998,1790010322.499,729.7140002250671,0.0381844321359778,92.41801436740296,25.289999999999964,-1.0499999999992724,take_profit,0.8484848484842639,1.5076096687555183,-1.7292418772562714,-1.219367588932584,-1.911330049261084,1.0868443804164487,0.15782537067542,0.0710659898476747,1.7292418772562714,1.219367588932584,0.8484848484842639,1.5076096687555185,-1.4298507462686072,-1.6572164948453891,1.0857142857142856,0.0816152666550048,-0.1327433628318584,0.2799999999997453,4.209999999999127,high,normal,choppy,normal,high|normal|choppy|normal,historical7d,1.0857142857142856,0.08161526665500489,0.0665083135391457,1.2957746478842447,3.7697841726619834,1.4298507462686072,1.6572164948453891,0.08161526665500489,0.13274336283185842,-0.03592814371257485,-0.13407609838436252,2.1125676778165943,0.9892457897161158,0.0,0.1148748159058408,1.6368333546488483,0.9212121212114864,8115.904999732971
500ms-s3-t9,500ms,3,MICRO,SELL,-1,1790010346.969,1790010391.982,45.01300024986267,0.0454270643013694,-7.999336428876632,0.0,-2.199999999999818,stagnation,0.8888888888879265,2.0309372156509364,-2.6464968152859987,-7.913284132842778,-1.78125,0.933246609332466,0.1426119787197921,0.0501792114694808,2.6464968152859987,7.913284132842778,0.8888888888879265,2.0309372156509364,-2.51057401812767,-9.91676300578105,1.2264150943396226,0.0790449919149124,-0.140625,0.2799999999997453,5.580000000000837,high,normal,choppy,normal,high|normal|choppy|normal,historical7d,1.2264150943396226,0.07904499191491243,0.050179211469480886,2.442553191491213,4.721518987342588,2.51057401812767,9.91676300578105,0.07904499191491243,0.140625,0.015706806282722512,-0.06802082663645725,-5.195244018438462,-2.63163242253746,0.0,0.0,2.4907720569303935,1.0901467505229288,8870.08899974823
500ms-s3-t10,500ms,3,MICRO,BUY,1,1790010460.962,1790010461.461,0.499000072479248,0.0448001708140104,0.2572482256372865,0.0600000000004001,0.0,momentum_zero_cross,0.8571428571412073,2.1469534050182206,2.891851851852456,-2.6549815498153557,0.3427022310856288,0.8536501882548531,0.1777777777778455,0.0456466610311967,2.891851851852456,-2.6549815498153557,0.8571428571412073,2.1469534050182206,2.913432835821978,-3.327167630057809,1.0943396226415094,0.0915400487714105,0.0265486725663716,0.269999999999527,5.989999999999782,high,normal,choppy,normal,high|normal|choppy|normal,historical7d,1.0943396226415094,0.09154004877141055,0.04507512520860382,2.9377593361004872,2.632390745503026,2.913432835821978,-3.327167630057809,0.09154004877141055,0.02654867256637168,0.0013003901170351106,0.024326500278509133,5.959558375560835,2.991942437919672,0.12020033388971142,0.5694035838458831,2.349496179076543,0.938005390833774,8984.081999778748
500ms-s3-t11,500ms,3,BURST,SELL,-1,1790012061.956,1790012110.993,49.03699994087219,0.0448203308908769,4.847021761515993,2.5,-0.0699999999997089,momentum_zero_cross,0.782608695651257,1.164756446991514,-1.7542997542997367,,-3.3576526566217293,1.166763197533745,0.2638580931262096,0.0672478206723701,1.7542997542997367,,0.782608695651257,1.164756446991514,-2.64015151515094,,1.2272727272727273,0.1324843185718093,-0.2307692307692307,0.269999999999527,4.0649999999996,normal,normal,mixed,normal,normal|normal|mixed|normal,historical7d,1.2272727272727273,0.13248431857180934,0.06642066420653227,2.7777777777762807,3.750000000000928,2.6401515151509396,,0.13248431857180934,0.23076923076923078,0.11216429699842022,0.13762626262534106,,,0.006150061500749854,0.06149479659427371,1.4294738213077671,0.9604743082992699,226.864000082016
500ms-s3-t12,500ms,3,SECONDARY,BUY,1,1790016648.988,1790016677.495,28.507000207901,0.0452001831951771,-17.995130200998126,0.0600000000004001,-4.159999999999855,emergency_stop,0.9642857142849023,3.5712143928025415,6.832826747721091,2.285276073620419,-1.6823529411764706,1.1159391468628816,0.4031563845049863,0.0457239627433666,6.832826747721091,2.285276073620419,0.9642857142849024,3.571214392802541,8.61302681991989,1.1900958466453244,1.3543307086614174,0.2285481903227476,-0.1529411764705882,0.269999999999527,5.954999999999927,high,normal,mixed,normal,high|normal|mixed|normal,historical7d,1.3543307086614174,0.2285481903227476,0.04534005037775489,16.05084745762205,8.559999999991444,8.61302681991989,1.1900958466453244,0.2285481903227476,-0.15294117647058825,-0.02531645569620253,7.437820637702162,7.36990415334612,7.403862395524141,0.0,0.0,4.836605319386119,1.3059617547795528,1644.579999923706
500ms-s3-t13,500ms,3,BURST,SELL,-1,1790018047.4380002,1790018075.927,28.48899984359741,0.0437899374794876,-4.484144203954165,0.1599999999998544,-1.2200000000002549,momentum_zero_cross,0.8275862068959029,2.5076282940354697,-3.183673469389062,-1.0600000000002705,-4.454887218045113,1.2239583333333337,0.2788203753351662,0.0530973451327006,3.183673469389062,1.0600000000002705,0.8275862068959029,2.5076282940354697,-3.5254237288125663,-0.6531738730453402,1.1594202898550725,0.2045901639355904,-0.3947368421052631,0.2399999999997817,4.519999999999527,high,normal,mixed,normal,high|normal|mixed|normal,historical7d,1.1594202898550725,0.20459016393559043,0.053097345132700625,5.120000000002619,4.5542168674670105,3.5254237288125663,0.6531738730453402,0.20459016393559043,0.39473684210526316,0.2020997375328084,1.594576271190053,3.9010429944216702,2.747809632805862,0.02323008849548107,0.018518518518441288,2.907395123519385,0.9595202398793078,3043.0300002098083
500ms-s3-t14,500ms,3,PRIMARY,BUY,1,1790018369.8179998,1790018583.995,214.17700028419492,0.0434385232312145,-17.875778944742642,0.430000000000291,-4.300000000000182,emergency_stop,0.8275862068959029,1.343320848938285,1.7162790697656711,3.536873156342726,3.394736842105263,1.1414572864321608,0.2195121951219037,0.0905660377357791,1.7162790697656711,3.536873156342726,0.8275862068959029,1.343320848938285,1.9732620320840168,2.2152713891448026,1.0285714285714285,0.1499390491684557,0.323943661971831,0.2399999999997817,2.6899999999996,normal,normal,mixed,normal,normal|normal|mixed|normal,historical7d,1.0285714285714285,0.1499390491684557,0.08921933085495072,2.8314606741596458,2.5923344947752507,1.9732620320840166,2.2152713891448026,0.1499390491684557,0.323943661971831,0.04519774011299435,0.8581986420756291,0.3770631056304481,0.6176308738530387,0.014869888475825118,0.00653061224489202,1.381701444622236,0.8512315270929286,3365.409999847412
500ms-s3-t15,500ms,3,BURST,SELL,-1,1790022664.515,1790022693.86,29.34499979019165,0.0420376308570078,-2.092006567059132,0.8699999999998909,-0.7399999999997817,momentum_zero_cross,1.0769230769211933,3.3134920634921077,-8.138613861370875,-0.4513274336288314,-2.0,1.2317152103559872,0.4232749742532072,0.0682095006089586,8.138613861370875,0.4513274336288314,1.0769230769211933,3.313492063492108,-10.148148148155968,-0.277551020408337,1.8333333333333333,0.2397899649958364,-0.2,0.2799999999997453,4.174999999999272,high,normal,mixed,fast,high|normal|mixed|fast,historical7d,1.8333333333333333,0.23978996499583646,0.06706586826342374,4.679245283020292,5.540740740741619,10.148148148155967,0.277551020408337,0.23978996499583646,0.2,0.13580246913580246,-5.468902865135674,5.263189720333282,-0.10285657240119578,0.009580838323128405,0.008714596949684718,6.07473544973553,1.974358974355521,1448.491000175476
500ms-s4-t0,500ms,4,MICRO,SELL,-1,1790050280.482,1790050703.485,423.0030000209808,0.039184093139022,19.921874999999147,6.159999999999855,-1.7399999999997815,trail,0.7435897435890261,1.7992495309568999,-2.4682080924858987,-3.403118040088993,-1.7178530424799086,1.3194411277619345,0.2655472636815187,0.0645879732739371,2.4682080924858987,3.403118040088993,0.7435897435890261,1.7992495309569,-4.718232044197329,-1.9440203562338043,1.7685950413223142,0.1395424836608186,-0.1153846153846153,0.2899999999999636,4.795000000000073,high,tight,mixed,fast,high|tight|mixed|fast,historical7d,1.7685950413223142,0.13954248366081867,0.06047966631907387,6.244186046506218,3.9254658385099344,4.718232044197329,1.9440203562338045,0.13954248366081867,0.11538461538461539,0.08737864077669903,1.5259540023088887,1.9814454822761298,1.753699742292509,0.03649635036519056,0.020372526193374672,3.1821437985518726,1.3151091332896825,425.71599984169006
500ms-s4-t1,500ms,4,PRIMARY,SELL,-1,1790052562.477,1790052905.838,343.3610000610352,0.0407453343500298,-15.675644531248134,1.180000000000291,-4.019999999999527,emergency_stop,0.6913580246903877,1.1851851851854414,-1.3631578947371796,-3.749408983450019,-2.6,0.9826764144945964,0.0915517850830352,0.0963855421685653,1.3631578947371796,3.749408983450019,0.6913580246903877,1.1851851851854414,-1.2665036674816887,-4.7699248120312685,1.218045112781955,0.0480787080012169,-0.2,0.2799999999997453,2.9600000000000364,normal,tight,choppy,normal,normal|tight|choppy|normal,historical7d,1.218045112781955,0.048078708001216934,0.09459459459450739,2.624999999996383,1.5257142857148738,1.2665036674816887,4.7699248120312685,0.048078708001216934,0.2,0.0759493670886076,1.3584963325146941,-3.2442105263163947,-0.9428570969008505,0.025337837838083337,0.00929944203356762,1.443609022556703,0.8421052631567129,2707.7109999656677
500ms-s4-t2,500ms,4,PRIMARY,SELL,-1,1790057259.33,1790057517.401,258.07100009918213,0.0395168625193766,-2.420381906251244,2.130000000000109,-0.6400000000003274,momentum_zero_cross,0.7733333333322985,0.7870129870132686,-0.8749999999994832,-1.6349413298562947,-0.3047619047619047,1.093189964157706,0.0947109471095341,0.191419141914126,0.8749999999994832,1.6349413298562947,0.7733333333322985,0.7870129870132686,-1.4294670846416362,-1.5311355311355426,0.6458333333333334,0.086396362259432,-0.032258064516129,0.2899999999999636,1.5150000000003274,normal,normal,choppy,slow,normal|normal|choppy|slow,historical7d,0.6458333333333334,0.08639636225943204,0.19141914191412604,0.6779661016972145,0.12328767123307298,1.4294670846416362,1.5311355311355426,0.08639636225943204,0.03225806451612903,-0.047619047619047616,-0.7515009829444217,-1.4078478599024695,-1.0796744214234457,0.1485148514847562,0.1493362831856653,0.5082792207794027,0.4994444444437761,2186.5029997825623
500ms-s4-t3,500ms,4,MICRO,BUY,1,1790066882.3779998,1790067216.333,333.95500016212463,0.0393271815792835,11.21580771537365,5.020000000000437,-0.930000000000291,trail,0.5517241379306019,0.7222605099929976,1.013824884792928,,0.5681818181818182,0.8853118712273642,0.2115384615386129,0.0916030534350668,1.013824884792928,,0.5517241379306019,0.7222605099929976,1.0904458598727278,,0.5714285714285714,0.1099126861848686,0.0454545454545454,0.2399999999997817,2.6199999999989814,low,tight,mixed,slow,low|tight|mixed|slow,historical7d,0.5714285714285714,0.10991268618486866,0.0916030534350668,0.7391304347837434,-0.04903677758297539,1.0904458598727278,,0.10991268618486866,0.045454545454545456,0.01694915254237288,-0.3513154250889844,,,0.17938931297691904,0.05552274069690928,0.41272029142457006,0.31527093596034395,276.34899973869324
500ms-s4-t4,500ms,4,BURST,BUY,1,1790068421.339,1790068481.346,60.00699996948242,0.0402061440875806,0.8465187328594711,0.5500000000001819,-1.6099999999996726,stagnation,0.6875000000004441,1.6097087378646453,2.7544483985780697,2.1732283464569577,3.166666666666667,1.2099447513812154,0.3439999999997425,0.0532043530834928,2.7544483985780697,2.1732283464569577,0.6875000000004441,1.6097087378646453,2.4454976303318405,1.4208494208486526,1.0895522388059702,0.2264482153327103,0.2777777777777778,0.2200000000002546,4.145000000000437,high,tight,mixed,normal,high|tight|mixed|normal,historical7d,1.0895522388059702,0.22644821533271037,0.053075995174965376,4.926174496636659,2.839160839158633,2.4454976303318405,1.4208494208486526,0.22644821533271037,0.2777777777777778,0.12299465240641712,2.480676866304819,1.4183114183099803,1.9494941423073997,0.007237635705826701,0.2071494042165048,1.7538617591659569,0.7490671641795884,346.5920000076294
500ms-s4-t5,500ms,4,BURST,SELL,-1,1790072966.384,1790073075.236,108.85199999809264,0.0402724842253252,11.562483937741492,3.729999999999563,-0.8599999999996726,momentum_zero_cross,0.8076923076931822,2.388571428571595,-4.478021978023493,-2.792356687898017,-2.3056603773584907,1.2307860421067969,0.4500276090561978,0.0507246376811642,4.478021978023493,2.792356687898017,0.8076923076931822,2.388571428571595,-7.7990430622018065,-2.9071618037139246,1.9090909090909087,0.2522438873455334,-0.2621359223300971,0.2100000000000363,4.180000000000291,high,normal,efficient,fast,high|normal|efficient|fast,historical7d,1.9090909090909092,0.25224388734553344,0.05023923444976597,6.39062500000604,3.798449612404336,7.7990430622018065,2.9071618037139246,0.25224388734553344,0.2621359223300971,0.06666666666666667,-1.408418062195767,0.8912878086904112,-0.2585651267526774,0.00598086124393169,0.003455425017226564,4.560000000000318,1.5419580419597116,1423.345999956131
500ms-s4-t6,500ms,4,SECONDARY,SELL,-1,1790074221.952,1790074679.497,457.545000076294,0.041178615120395,31.76349233343685,8.0600000000004,-0.7199999999993452,take_profit,0.941176470588655,2.6999999999999016,-4.530516431926414,-1.1818181818177895,-0.1178082191780822,1.138167741935484,0.5340343110124479,0.0501043841335665,4.530516431926414,1.1818181818177895,0.941176470588655,2.6999999999999016,-5.012987012991087,-1.6988636363633016,1.3454545454545457,0.2736036291498152,-0.0136986301369863,0.2399999999997817,4.9950000000008,high,normal,efficient,normal,high|normal|efficient|normal,historical7d,1.3454545454545455,0.27360362914981523,0.04804804804799665,3.0866141732259105,3.8461538461562252,5.012987012991087,1.6988636363633016,0.27360362914981523,0.0136986301369863,0.125,-1.9263728397651767,2.1472902097929234,0.11045868501387368,0.016016016016180964,0.010069225928361297,3.6327272727271405,1.2663101604283722,822.8979997634888
500ms-s4-t7,500ms,4,BURST,SELL,-1,1790075668.965,1790075763.404,94.4390001296997,0.043667862404423,10.489556397882891,2.6099999999996726,-1.5,momentum_zero_cross,0.7812500000007105,2.4666666666662365,-5.344827586210141,-1.097150259067366,-3.4398625429553267,1.179662234998203,0.4216867469878836,0.0435919790758525,5.344827586210141,1.097150259067366,0.7812500000007105,2.4666666666662365,-4.417177914109758,-2.9307958477493843,1.3576642335766422,0.2854122621576009,-0.3478260869565217,0.25,5.734999999999673,high,normal,efficient,normal,high|normal|efficient|normal,historical7d,1.3576642335766422,0.28541226215760096,0.043591979075852536,4.258426966289505,4.6498194945875255,4.417177914109758,2.9307958477493843,0.28541226215760096,0.34782608695652173,0.1473922902494331,-0.1587509478202529,1.7190236468381412,0.7801363495089442,0.0,0.0,3.348905109488467,1.0606751824827165,736.6209998130798
500ms-s4-t8,500ms,4,MICRO,SELL,-1,1790076713.9889998,1790076761.968,47.979000091552734,0.0444899099141863,-17.07368900847074,1.2399999999997815,-4.010000000000218,emergency_stop,0.8437499999992895,2.7330210772836923,-1.5988258317027322,,-1.2089552238805972,0.8227037960323028,0.1764197797451758,0.0473684210525425,1.5988258317027322,,0.8437499999992895,2.7330210772836923,-3.404166666667971,,0.9726027397260274,0.103326166688064,-0.1343283582089552,0.269999999999527,5.835000000000036,high,normal,mixed,normal,high|normal|mixed|normal,historical7d,0.9726027397260274,0.10332616668806409,0.04627249357318344,2.3870967742002867,-0.3745019920310468,3.404166666667971,,0.10332616668806409,0.13432835820895522,0.003355704697986577,-1.0170698924676844,,,0.28191945158517856,0.1692386831275189,2.658143787495098,0.8206335616431445,209.21799969673157
500ms-s4-t9,500ms,4,BURST,BUY,1,1790076896.465,1790077016.9580002,120.49300026893616,0.0431518758735171,29.692723756853216,7.190000000000509,-0.6700000000000728,max_hold,0.8437499999992895,1.6430649854513255,1.7872807017556176,-0.6856127886322045,2.487417408105336,1.3396599061625258,0.2799725180348739,0.0642857142855905,1.7872807017556176,-0.6856127886322045,0.8437499999992895,1.6430649854513255,3.326530612245739,-2.466453674119813,1.3287671232876712,0.1817168338927604,0.2577319587628865,0.269999999999527,4.235000000000582,high,normal,mixed,normal,high|normal|mixed|normal,historical7d,1.3287671232876712,0.18171683389276042,0.0637544273906706,4.339622641514917,5.150183150181022,3.326530612245739,-2.466453674119813,0.18171683389276042,0.25773195876288657,0.12552301255230125,1.013092029269178,7.616636824300834,4.314864426785007,0.008264462809881858,0.39148281169821336,2.1832507340928573,1.1211472602730284,391.69399976730347
500ms-s4-t10,500ms,4,SECONDARY,BUY,1,1790077022.458,1790077286.496,264.0380001068115,0.0454788407799967,35.55927604228684,8.170000000000073,-1.3100000000004002,take_profit,0.875,2.077849860982048,1.569164265129484,,-0.1066635160680529,1.197686062068628,0.4268914151315076,0.0507246376811092,1.569164265129484,,0.875,2.077849860982048,4.253906250000619,,1.5782312925170068,0.2343447385430305,-0.008695652173913,0.2799999999997453,5.605000000000473,high,normal,mixed,fast,high|normal|mixed|fast,historical7d,1.5782312925170068,0.23434473854303056,0.04995539696694411,5.6457142857186575,5.8601398601393795,4.253906250000619,,0.23434473854303056,-0.008695652173913044,-0.048672566371681415,1.3918080357180385,,,0.00356824264057714,0.003184713375865362,3.2793276717539803,1.380952380952381,81.23300004005432
500ms-s4-t11,500ms,4,MICRO,BUY,1,1790077316.497,1790077739.476,422.97900009155273,0.048265556748791,12.055890511562009,4.640000000000327,-1.9200000000000728,trail,0.6874999999985789,2.7596638655458934,2.603734439834031,1.014180147793145,0.7534246575342465,0.8703208556149733,0.2798216276476166,0.0280433397067384,2.603734439834031,1.014180147793145,0.6874999999985789,2.7596638655458934,4.902343750000691,6.371392722709543,1.9215686274509804,0.1447687161159977,0.0684931506849315,0.2199999999993451,8.210000000000036,high,tight,mixed,fast,high|tight|mixed|fast,historical7d,1.9215686274509804,0.1447687161159977,0.02679658952488967,0.5051546391744265,4.587412587411298,4.902343750000691,6.371392722709543,0.1447687161159977,0.0684931506849315,0.036773428232502965,-4.397189110826265,-1.7839801352982452,-3.090584623062255,0.13580998781970485,0.07961442342019086,5.30288350634309,1.3210784313698183,375.2720000743866
500ms-s4-t12,500ms,4,MICRO,BUY,1,1790077860.457,1790078021.9529998,161.49599981307983,0.0492103550221488,26.514678206765467,6.510000000000218,-0.4800000000004729,trail,0.388059701492821,0.9441340782122061,1.0463414634147543,1.05279423126447,0.3445378151260504,0.8402139650396409,0.1241678726484159,0.0399385560676316,1.0463414634147543,1.05279423126447,0.388059701492821,0.944134078212206,1.0566502463055296,4.770128354723619,1.10752688172043,0.0652273072838453,0.0196078431372549,0.1300000000001091,3.3799999999992,normal,tight,choppy,normal,normal|tight|choppy|normal,historical7d,1.10752688172043,0.06522730728384533,0.03846153846157986,0.39069767441807735,2.5415676959607327,1.0566502463055296,4.770128354723619,0.06522730728384533,0.0196078431372549,0.01675977653631285,-0.6659525718874523,-2.2285606587628863,-1.4472566153251694,0.0,0.0,1.0456538715683572,0.4297865511157049,323.66799998283386
500ms-s4-t13,500ms,4,SECONDARY,SELL,-1,1790078293.477,1790078642.919,349.44200015068054,0.051288262262959,39.7089107276806,8.090000000000146,-1.7999999999992724,take_profit,0.8235294117636044,1.2149659863944402,-3.811138014526412,-2.1253731343284,-0.4715219421101774,1.1743556313712662,0.2679605039155015,0.0635641316685174,3.811138014526412,2.1253731343284,0.8235294117636044,1.2149659863944402,-1.7816091954021045,-1.5562841530049942,1.0909090909090908,0.1506316812455608,-0.042016806722689,0.2799999999997453,4.464999999999236,normal,normal,mixed,normal,normal|normal|mixed|normal,historical7d,1.0909090909090908,0.15063168124556087,0.06270996640532883,2.696356275302827,3.1398747390385164,1.7816091954021043,1.5562841530049942,0.15063168124556087,0.04201680672268908,-0.007042253521126761,0.9147470799007227,1.5835905860335222,1.2491688329671224,0.0,0.0,1.3254174397030256,0.898395721923932,363.9720001220703
500ms-s4-t14,500ms,4,MICRO,BUY,1,1790081566.449,1790081648.442,81.99300003051758,0.0544001775757641,14.993888354996354,4.920000000000073,-2.0799999999999272,trail,1.1020408163288034,3.003476245654136,4.448132780083739,1.5107398568017083,0.6483516483516484,0.8912025592554894,0.1603350284175962,0.04245283018875,4.448132780083739,1.5107398568017083,1.1020408163288034,3.003476245654136,7.075907590757114,2.041935483871004,2.672131147540984,0.0910171506201548,0.0769230769230769,0.2700000000004365,6.479999999999563,high,normal,choppy,fast,high|normal|choppy|fast,historical7d,2.6721311475409837,0.09101715062015482,0.041666666666736844,2.0915032679735455,10.831168831161305,7.075907590757114,2.041935483871004,0.09101715062015482,0.07692307692307693,-0.08984830805134189,-4.984404322783568,8.7892333472903,1.9024145122533658,0.034722222222280705,0.026392961876876644,8.025682426911873,2.9447975911736877,361.7469997406006
500ms-s4-t15,500ms,4,MICRO,SELL,-1,1790081758.967,1790081759.4099998,0.4429998397827148,0.0555752214114006,-1.5424129651402492,0.0,-0.2899999999999636,momentum_zero_cross,1.1666666666666667,2.853603603602883,-3.5028571428566857,0.4674678823042332,-0.0817757009345794,1.042531542531543,0.4059602649006972,0.0457142857142509,3.5028571428566857,-0.4674678823042332,1.1666666666666667,2.853603603602883,-6.98575498575726,0.9096774193550649,1.676923076923077,0.2595258255731657,-0.0093457943925233,0.2799999999997453,6.334999999999127,high,normal,efficient,fast,high|normal|efficient|fast,historical7d,1.676923076923077,0.2595258255731657,0.0441988950275902,1.6949152542348147,4.14696485622738,6.98575498575726,-0.9096774193550649,0.2595258255731657,0.009345794392523364,0.13310580204778158,-5.290839731522445,5.056642275582445,-0.11709872797000015,0.00868192580904477,0.3339130434782735,4.7852737352725265,1.9564102564102566,554.2649998664856
500ms-s4-t16,500ms,4,MICRO,BUY,1,1790081889.859,1790081984.973,95.114000082016,0.0554543453048308,27.703047904946487,6.140000000000327,-0.1899999999995998,trail,1.0833333333314386,1.782741116751296,1.4424673784096291,0.8138686131385916,2.2732498316498315,1.2332007529977072,0.194871794871616,0.0594285714284134,1.4424673784096291,0.8138686131385916,1.0833333333314386,1.782741116751296,3.260053619302316,1.4016129032256364,1.835820895522388,0.1144578313254637,0.2372881355932203,0.2599999999993088,4.389999999999418,high,normal,mixed,fast,high|normal|mixed|fast,historical7d,1.835820895522388,0.11445783132546375,0.059225512528324205,3.5135135135128226,4.861189801700248,3.260053619302316,1.4016129032256364,0.11445783132546375,0.23728813559322035,0.18021201413427562,0.2534598942105064,3.4595768984746114,1.8565183963425587,0.0,0.3868480725623688,3.2727933934389464,1.9888059701457752,685.1569998264313
500ms-s4-t17,500ms,4,PRIMARY,SELL,-1,1790086794.95,1790087015.42,220.47000002861023,0.0576253829235153,-22.500670249064584,0.089999999999236,-4.079999999999927,emergency_stop,0.6129032258091015,1.6932084309130735,-3.151364764269081,-0.90118577075099,-2.3809523809523805,1.1784364981504316,0.2504930966470254,0.0525587828493833,3.151364764269081,0.90118577075099,0.6129032258091015,1.6932084309130735,-3.45108695652337,-1.8119205298011007,1.56,0.1349628055273295,-0.2478632478632478,0.1900000000005093,3.6149999999997817,high,tight,mixed,fast,high|tight|mixed|fast,historical7d,1.56,0.13496280552732953,0.05255878284938335,-0.09523809523809523,1.4201954397397378,3.45108695652337,1.8119205298011012,0.13496280552732953,0.24786324786324787,0.21005385996409337,-3.5463250517614653,-0.39172509006136336,-1.9690250709114143,0.11341632088516715,0.06421299921688965,2.6414051522243946,0.9561290322621984,1800.5910000801086
1s-s0-t0,1s,0,BURST,BUY,1,1789573154.725,1789573196.913,42.187999963760376,0.039184093139022,2.3625000000004093,1.4600000000000364,-0.2000000000007276,momentum_zero_cross,0.8125000000014211,2.3526011560685527,2.5491329479774376,0.9917808219181264,2.655172413793104,1.2131752683692585,0.2577440093510749,0.0647571606476353,2.5491329479774376,0.9917808219181264,0.8125000000014211,2.3526011560685527,2.689230769232767,,1.2682926829268293,0.1277404267759115,0.2467532467532467,0.2600000000002183,4.069999999999709,high,normal,mixed,normal,high|normal|mixed|normal,historical7d,1.2682926829268293,0.1277404267759115,0.06388206388212209,1.3488372093045555,5.442060085841454,2.689230769232767,,0.1277404267759115,0.24675324675324675,0.04805491990846682,-1.3403935599282115,,,0.036855036854950105,0.1394072447859885,2.983786832086945,1.0304878048798511,2575.62099981308
1s-s0-t1,1s,0,PRIMARY,BUY,1,1789573826.844,1789573965.96,139.1159999370575,0.0393692379791039,-15.485324062498778,0.0,-4.109999999999673,emergency_stop,0.9666666666674246,1.187861271676144,1.891428571427241,2.121468926552697,3.2905982905982905,0.6283292978208233,0.2783851976448977,0.1428571428571428,1.891428571427241,2.121468926552697,0.9666666666674246,1.187861271676144,2.0623052959504347,2.2485029940113987,0.4958677685950413,0.1356001638672133,0.2666666666666666,0.2899999999999636,2.055000000000291,normal,normal,mixed,slow,normal|normal|mixed|slow,historical7d,0.49586776859504134,0.13560016386721335,0.14111922141115452,1.4285714285677162,2.4796380090489096,2.0623052959504347,2.2485029940113987,0.13560016386721335,0.26666666666666666,0.09836065573770492,-0.6337338673827184,0.23113501503751088,-0.20129942617260377,0.0,0.0,0.5890221181865177,0.4793388429755825,3247.7400000095367
1s-s0-t2,1s,0,PRIMARY,BUY,1,1789574424.972,1789574557.852,132.88000011444092,0.0381556812183981,-14.898441583687283,0.1599999999998544,-4.079999999999927,emergency_stop,0.8333333333328281,2.4830633284232544,4.306451612901996,3.051204819277683,0.5629370629370629,0.8834120425029516,0.2688821752266019,0.0600961538461559,4.306451612901996,3.051204819277683,0.8333333333328281,2.4830633284232544,4.869300911850251,3.0329341317367,2.39344262295082,0.0987791342952145,0.0489510489510489,0.25,4.2150000000001455,high,normal,choppy,fast,high|normal|choppy|fast,historical7d,2.3934426229508197,0.09877913429521452,0.05931198102016402,10.048387096775258,1.358649789030611,4.869300911850251,3.0329341317367,0.09877913429521452,0.04895104895104895,-0.03367875647668394,5.179086184925007,-1.6742843427060887,1.752400921109459,0.004744958481716695,0.003773584905742617,5.943069605734347,1.9945355191244738,3845.867999792099
1s-s0-t3,1s,0,PRIMARY,BUY,1,1789575094.938,1789575994.977,900.0390000343323,0.0369881173731152,15.044322157527835,9.799999999999272,-1.0200000000004366,max_hold,0.8888888888908137,1.5024390243904084,1.748743718592138,3.2700296735916226,0.8222222222222222,0.877431906614786,0.2025611175785938,0.0982456140353363,1.748743718592138,3.2700296735916226,0.8888888888908137,1.5024390243904084,1.6610978520282291,3.299401197604777,1.0405405405405406,0.0752920813500476,0.0666666666666666,0.2800000000006548,3.0799999999999272,high,normal,choppy,normal,high|normal|choppy|normal,historical7d,1.0405405405405406,0.07529208135004764,0.09090909090930567,-1.0068965517255395,-1.0830324909752698,1.6610978520282293,3.2994011976047775,0.07529208135004764,0.06666666666666667,0.08527131782945736,-2.667994403753769,-4.382433688580047,-3.525214046166908,0.39610389610398816,0.16815988973125243,1.563348714568398,0.9249249249269278,4515.833999872208
1s-s0-t4,1s,0,SECONDARY,SELL,-1,1789576468.965,1789577098.9699998,630.0049998760223,0.0381671136143832,29.73275760001864,8.140000000000327,-2.149999999999636,take_profit,0.7714285714264183,2.1266794625723193,-3.754716981132865,-3.066666666668154,-3.571428571428572,0.8123997308906484,0.3643354082756088,0.0488687782804525,3.754716981132865,3.066666666668154,0.7714285714264183,2.1266794625723198,-4.57826086956333,-2.9639175257751966,1.010752688172043,0.1818967006392535,-0.2747252747252747,0.269999999999527,5.539999999999964,high,normal,mixed,normal,high|normal|mixed|normal,historical7d,1.010752688172043,0.1818967006392535,0.04873646209377777,4.372881355927535,2.5370843989775604,4.57826086956333,2.9639175257751966,0.1818967006392535,0.27472527472527475,0.1743119266055046,-0.20537951363579499,-0.4268331267976362,-0.3161063202167156,0.002707581227331773,0.0025706940873042278,2.1495469836752474,0.7797235023019712,5889.860999822617
1s-s0-t5,1s,0,PRIMARY,SELL,-1,1789577099.722,1789577174.9529998,75.23099994659424,0.0404972159005414,-15.81272791180736,0.0,-4.079999999999927,emergency_stop,0.5538461538473594,1.6602687140117247,-2.508403361343189,-2.3325415676963765,-1.9219440353460973,0.9111293409898824,0.2387045181926599,0.044389642416838,2.508403361343189,2.3325415676963765,0.5538461538473594,1.6602687140117247,-3.0523690773069663,-2.7010309278367624,0.8785046728971962,0.1318397242568649,-0.1612903225806451,0.180000000000291,4.324999999999818,high,tight,mixed,normal,high|tight|mixed|normal,historical7d,0.8785046728971962,0.1318397242568649,0.04161849710989563,2.4221105527639386,1.8670212765966556,3.0523690773069663,2.7010309278367624,0.1318397242568649,0.16129032258064516,0.03247863247863248,-0.6302585245430277,-0.8340096512401067,-0.7321340878915674,0.03352601156079599,0.021402214022202933,1.458553823524319,0.48655643422104466,6520.617999792099
1s-s0-t6,1s,0,PRIMARY,SELL,-1,1789577625.984,1789578526.721,900.736999988556,0.0392580010939848,33.663375392610135,13.420000000000073,-1.6000000000003638,max_hold,1.0384615384623457,0.5053242981604611,-0.8666666666667533,-2.802439024389942,-1.9848484848484849,0.9918862015605832,0.106432748537981,0.2250000000002273,0.8666666666667533,2.802439024389942,1.0384615384623457,0.5053242981604611,-1.2551724137930602,-2.602325581394807,1.0044843049327354,0.0389554794520172,-0.1666666666666666,0.2700000000004365,1.3049999999993815,low,normal,choppy,normal,low|normal|choppy|normal,historical7d,1.0044843049327354,0.03895547945201726,0.2068965517245705,1.7458563535898166,1.21052631578861,1.2551724137930602,2.602325581394807,0.03895547945201726,0.16666666666666666,0.04011461318051576,0.4906839397967564,-1.391799265606197,-0.4505576629047203,0.15708812260538269,0.02770270270269083,0.5075903264033331,1.0431183166617284,7046.879999876022
1s-s0-t7,1s,0,MICRO,BUY,1,1789578618.875,1789578804.99,186.11500000953677,0.0418961387675006,21.110272652121875,6.520000000000437,0.0,trail,1.0,1.3174767321612315,2.1535269709539437,1.0190023752973307,0.5102040816326531,1.0271530806850582,0.2718700890518926,0.0852459016394361,2.1535269709539437,1.0190023752973307,1.0,1.3174767321612315,2.544117647058227,0.9418221734361044,1.1111111111111112,0.0994443379957689,0.04,0.2600000000002183,3.1850000000004,normal,normal,choppy,normal,normal|normal|choppy|normal,historical7d,1.1111111111111112,0.09944433799576896,0.08163265306128277,2.369047619046949,3.830065359480419,2.544117647058227,0.9418221734361044,0.09944433799576896,0.04,-0.015256588072122053,-0.17507002801127802,2.8882431860443147,1.3565865790165184,0.02040816326546347,0.008079552517154597,1.4638630357347018,1.1111111111111112,8039.770999908447
1s-s0-t8,1s,0,PRIMARY,SELL,-1,1789579129.869,1789579777.976,648.1070001125336,0.0435505125470824,-16.87989580267093,2.8100000000004,-4.050000000000182,emergency_stop,0.9310344827571067,0.9519038076149251,-1.2500000000006997,-1.4493392070483435,-1.303030303030303,1.051151130910184,0.1564756860857246,0.1151385927503635,1.2500000000006997,1.4493392070483435,0.9310344827571068,0.9519038076149252,-1.611793611793155,-1.5161290322575778,0.7802690582959642,0.0774681152574186,-0.0697674418604651,0.269999999999527,2.375,normal,normal,choppy,normal,normal|normal|choppy|normal,historical7d,0.7802690582959642,0.07746811525741867,0.11368421052611666,2.8947368421058175,1.6224188790571963,1.611793611793155,1.5161290322575778,0.07746811525741867,0.06976744186046512,-0.08499095840867993,1.2829432303126624,0.1062898467996185,0.6946165385561403,0.0,0.0,0.7427410875560403,0.7264573991019577,8550.764999866486
1s-s0-t9,1s,0,PRIMARY,BUY,1,1789580254.921,1789581155.809,900.888000011444,0.0422276657284647,49.222745191638985,14.489999999999782,-0.430000000000291,max_hold,0.9310344827602428,1.096069868995746,1.0361445783125578,1.976744186047151,3.131868131868132,1.0155844155844156,0.1905465288035017,0.1171366594361832,1.0361445783125578,1.976744186047151,0.9310344827602428,1.096069868995746,1.254113345519781,2.0526893523604026,0.7745098039215687,0.1077599748665535,0.1794871794871795,0.2700000000004365,2.5100000000002183,normal,normal,mixed,normal,normal|normal|mixed|normal,historical7d,0.7745098039215687,0.10775997486655357,0.10756972111570243,3.7486338797818877,2.7806451612912992,1.254113345519781,2.0526893523604026,0.10775997486655357,0.1794871794871795,-0.046153846153846156,2.4945205342621066,0.7279558089308966,1.6112381715965014,0.03187250996048995,0.015594541910491394,0.8489168593202346,0.7210953346868547,9675.816999912262
1s-s0-t10,1s,0,PRIMARY,BUY,1,1789581649.928,1789581743.95,94.0220000743866,0.0460851629927598,-17.729996446540508,1.6300000000001091,-4.019999999999527,emergency_stop,1.0,1.137472283813744,0.6508620689651826,2.137161084529899,0.4422002157074223,0.893612268019851,0.0589153335934639,0.1153081510934098,0.6508620689651826,2.137161084529899,1.0,1.137472283813744,0.5316901408449498,2.243448858833562,1.1935483870967742,0.0209170245186163,-0.0181818181818181,0.2899999999999636,2.5649999999996,normal,normal,choppy,normal,normal|normal|choppy|normal,historical7d,1.1935483870967742,0.020917024518616347,0.11306042884990598,0.8589743589760631,1.8282208588963353,0.5316901408449498,2.243448858833562,0.020917024518616347,-0.01818181818181818,-0.006587615283267457,0.3272842181311133,-0.4152279999372266,-0.04397189090305664,0.2943469785572388,0.08633504859911807,1.3576282097131784,1.1935483870967742,11070.823999881744
1s-s0-t11,1s,0,SECONDARY,BUY,1,1789582071.959,1789582518.9580002,446.9990000724793,0.0446956953285282,-17.87983255830469,1.809999999999491,-4.180000000000291,emergency_stop,0.5172413793122914,2.261153427639329,4.360000000000582,1.3403614457832855,1.552238805970149,1.6109457515868035,0.507501293326553,0.0289575289576326,4.360000000000582,1.3403614457832855,0.5172413793122914,2.261153427639329,3.69491525423687,1.37984496124038,1.2916666666666667,0.2595924847842881,0.0909090909090909,0.1500000000005457,5.1950000000006185,high,tight,efficient,normal,high|tight|efficient|normal,historical7d,1.2916666666666667,0.25959248478428815,0.02887391722820555,6.0256410256369,5.447852760739496,3.69491525423687,1.37984496124038,0.25959248478428815,0.09090909090909091,0.1375770020533881,2.33072577140003,4.068007799499116,3.1993667854495733,0.0,0.0,2.9206565107008,0.6681034482783764,11492.855000019073
1s-s0-t12,1s,0,PRIMARY,SELL,-1,1789583356.946,1789583760.997,404.0510001182556,0.0432944852799788,-17.857938318361185,2.0100000000002183,-4.309999999999491,emergency_stop,0.8823529411739529,0.869395711500786,-1.6093750000012046,-1.8425925925927955,0.0,1.1506305170239597,0.373188405796837,0.1421800947863458,1.6093750000012046,1.8425925925927955,0.8823529411739529,0.869395711500786,-1.2935635792775844,-1.4511002444988237,0.8888888888888888,0.1309599491417737,-0.0352941176470588,0.2999999999992724,2.2299999999995634,normal,normal,mixed,normal,normal|normal|mixed|normal,historical7d,0.8888888888888888,0.1309599491417737,0.13452914798176285,2.814814814816212,1.4501718213063144,1.2935635792775844,1.4511002444988237,0.1309599491417737,0.03529411764705882,0.04090909090909091,1.5212512355386276,-0.0009284231925092978,0.7601614061730593,0.022421524663355244,0.008045052292723821,0.7727961880006986,0.7843137254879581,12777.84199976921
1s-s0-t13,1s,0,MICRO,BUY,1,1789584430.963,1789584507.9180002,76.95500016212463,0.0418949910433036,-18.1226625729087,2.2200000000002547,-4.519999999999527,emergency_stop,0.44117647058697645,4.656836461125142,9.122699386497857,2.402576489533361,1.8721804511278195,1.2538836797533417,0.6008080808079806,0.018761726078754,9.122699386497857,2.402576489533361,0.4411764705869764,4.656836461125142,7.867724867727714,1.7511737089202934,0.972972972972973,0.357882069795813,0.2112676056338028,0.1499999999996362,8.68499999999949,high,tight,efficient,normal,high|tight|efficient|normal,historical7d,0.972972972972973,0.35788206979581305,0.017271157167489348,27.3653846153643,13.474226804109115,7.8677248677277145,1.7511737089202934,0.35788206979581305,0.2112676056338028,0.023668639053254437,19.497659747636582,11.723053095188822,15.610356421412702,0.07656879677605097,0.07014767932489391,4.530976016229868,0.4292527821927339,13851.858999967575
1s-s0-t14,1s,0,MICRO,SELL,-1,1789584568.838,1789584569.995,1.1570000648498535,0.0404747508469358,-1.8592889534520072,0.0,-0.4799999999995634,momentum_zero_cross,0.8529411764701161,1.9117241379311147,-2.8793103448261084,0.3255813953485749,-0.9365079365079364,0.9208308837938468,0.2084893882646377,0.0880121396054255,2.8793103448261084,-0.3255813953485749,0.8529411764701161,1.9117241379311147,-2.269841269842431,0.2370892018779986,1.5675675675675675,0.0582642944452272,-0.0956521739130434,0.2899999999999636,3.465000000000145,high,normal,choppy,fast,high|normal|choppy|fast,historical7d,1.5675675675675675,0.058264294445227294,0.08369408369406968,2.516666666669319,4.298969072161739,2.269841269842431,-0.23708920187799867,0.058264294445227294,0.09565217391304348,-0.02313624678663239,0.2468253968268881,4.536058274039738,2.3914418354333136,0.03030303030290304,0.11683848797247717,2.9967567567568825,1.3370429252774794,13989.733999967575
1s-s0-t15,1s,0,PRIMARY,SELL,-1,1789586926.748,1789587086.985,160.2369999885559,0.040329041743887,-10.72961568073888,0.0,-2.7799999999997453,momentum_zero_cross,0.905660377358102,1.39341421143896,-2.466666666665948,-1.2685950413221556,0.6378600823045267,1.147167487684729,0.2800672834313341,0.1246753246751995,2.466666666665948,1.2685950413221556,0.905660377358102,1.39341421143896,-2.6533864541810552,-0.9435483870965672,1.4615384615384617,0.1304347826086337,0.0526315789473684,0.2399999999997817,2.0100000000002183,normal,normal,mixed,normal,normal|normal|mixed|normal,historical7d,1.4615384615384615,0.1304347826086337,0.11940298507450531,-0.48888888889167353,0.7999999999980597,2.6533864541810552,0.9435483870965672,0.1304347826086337,-0.05263157894736842,-0.008086253369272238,-3.1422753430727286,-0.14354838709850748,-1.642911865085618,0.12935323383094033,0.06753246753251785,2.036528462872326,1.323657474600303,16347.643999814987
1s-s0-t16,1s,0,SECONDARY,BUY,1,1789592041.932,1789592367.977,326.04500007629395,0.039488181223527,30.91305328246692,8.180000000000291,-2.130000000000109,take_profit,0.8846153846164609,1.6739495798326047,2.97999999999835,3.0744336569571957,3.657657657657658,1.000378787878788,0.2396782841822945,0.0968421052633941,2.97999999999835,3.0744336569571957,0.8846153846164609,1.6739495798326047,2.658064516128063,3.177257525083236,1.2692307692307692,0.1031031031031268,0.3846153846153846,0.2300000000004729,2.4899999999997817,high,normal,mixed,normal,high|normal|mixed|normal,historical7d,1.2692307692307692,0.1031031031031268,0.09236947791184462,6.484210526306841,3.5542857142843007,2.658064516128063,3.1772575250832356,0.1031031031031268,0.38461538461538464,0.06666666666666667,3.826146010178778,0.3770281892010652,2.101587099689922,0.0,0.0,2.1246283128644596,1.1227810650901235,21462.827999830246
1s-s0-t17,1s,0,PRIMARY,BUY,1,1789592390.992,1789592402.978,11.985999822616575,0.0419107811415904,-19.77398235570186,7.539999999999964,-4.930000000000291,emergency_stop,0.7368421052624861,3.8836140888216084,4.042944785278148,4.803030303029376,0.5803566675538994,0.896357889129008,0.1778677462887714,0.0341463414634175,4.042944785278148,4.803030303029376,0.7368421052624861,3.883614088821608,3.934328358208615,6.167315175101007,2.4642857142857144,0.0543594819764049,0.0588235294117647,0.2100000000000363,6.3400000000001455,high,tight,choppy,fast,high|tight|choppy|fast,historical7d,2.4642857142857144,0.05435948197640498,0.03312302839117217,-1.5185185185155243,5.854545454550475,3.934328358208615,6.167315175101007,0.05435948197640498,0.058823529411764705,0.02717391304347826,-5.45284687672414,-0.31276972055053154,-2.882808298637335,0.4219242902206957,0.2328111401217862,9.57033471888182,1.815789473682555,21811.888000011444
1s-s0-t18,1s,0,MICRO,SELL,-1,1789592535.972,1789592539.9299998,3.9579999446868896,0.04036113000888,-15.952723437920763,0.0,-4.130000000000109,emergency_stop,0.9491525423732471,10.586626139817724,-15.612359550564522,-21.406432748549214,-0.1702702702702702,0.951919472190331,0.2154764673955231,0.0176045268783234,15.612359550564522,21.406432748549214,0.9491525423732472,10.586626139817724,-15.959537572250309,-28.486381322970875,3.206896551724138,0.0602904247188636,-0.0162162162162162,0.2799999999997453,17.414999999999964,high,normal,choppy,fast,high|normal|choppy|fast,historical7d,3.206896551724138,0.06029042471886365,0.01607809359745885,12.725806451614204,14.882096069875905,15.959537572250309,28.486381322970875,0.06029042471886365,0.016216216216216217,0.02462121212121212,-3.2337311206361044,-13.60428525309497,-8.419008186865536,0.04651162790694759,0.014899291823774375,33.95021486217408,3.043834015196965,21956.8679997921
1s-s0-t19,1s,0,SECONDARY,BUY,1,1789592591.9859998,1789592605.997,14.011000156402588,0.039110944006855,-19.6507472408018,2.300000000000182,-5.25,emergency_stop,0.9666666666688899,13.250000000001405,20.956043956046987,-9.231213872835372,0.331832500642886,0.9441069034129592,0.3230013550135504,0.0127332601536758,20.956043956046987,-9.231213872835372,0.96666666666889,13.250000000001403,18.975124378115687,-12.428015564209046,2.796610169491525,0.0963520614389708,0.0306748466257668,0.2899999999999636,23.584999999999127,high,normal,choppy,fast,high|normal|choppy|fast,historical7d,2.7966101694915255,0.09635206143897082,0.012295950816195647,14.978102189769935,19.418867924517308,18.975124378115687,-12.428015564209046,0.09635206143897082,0.03067484662576687,0.06999041227229147,-3.9970221883457526,31.846883488726355,13.924930650190301,0.0,0.5661730893037943,37.05508474576664,2.703389830514692,22012.881999731064
1s-s0-t20,1s,0,MICRO,SELL,-1,1789593002.968,1789593003.9740002,1.006000280380249,0.037570950586585,-0.3595618870145505,0.0,-0.1000000000003638,momentum_zero_cross,0.9666666666659592,3.262813522355938,-6.10526315789559,2.742296918767975,-1.9220779220779216,0.9469130110996844,0.2620785540493201,0.0414878397710976,6.10526315789559,-2.742296918767975,0.9666666666659592,3.262813522355938,-4.562783661119798,2.103678929766332,2.2097902097902096,0.1078375286041025,-0.1558441558441558,0.2899999999999636,7.479999999999563,high,normal,mixed,fast,high|normal|mixed|fast,historical7d,2.2097902097902096,0.10783752860410255,0.03877005347593323,2.3592233009696564,2.179487179486422,4.562783661119798,-2.103678929766332,0.10783752860410255,0.15584415584415584,0.032397408207343416,-2.2035603601501412,4.283166109252754,1.0398028745513064,0.013368983957268668,0.26497411880700217,7.210133378073261,2.136130536128973,22423.863999843597
1s-s0-t21,1s,0,PRIMARY,SELL,-1,1789593033.9889998,1789593933.999,900.0100002288818,0.037542772373645,52.99560180070228,21.08999999999924,-2.130000000000109,max_hold,0.800000000001819,4.263904034897054,-4.220973782773022,-2.4329608938557903,-0.939202982160291,0.9828246840548536,0.1808118081180936,0.0262582056893525,4.220973782773022,2.4329608938557903,0.800000000001819,4.263904034897054,-3.409984871407729,-2.91304347826079,2.3424657534246576,0.0749883558453608,-0.0760233918128654,0.2400000000006912,9.774999999999636,high,normal,choppy,fast,high|normal|choppy|fast,historical7d,2.3424657534246576,0.07498835584536083,0.02455242966759081,2.972222222219111,2.129817444220513,3.409984871407729,2.91304347826079,0.07498835584536083,0.07602339181286549,0.020833333333333332,-0.4377626491886182,-0.7832260340402772,-0.6104943416144477,0.2301790281330009,0.11230346892937441,9.988049177635565,1.8739726027439871,22454.884999752045
1s-s0-t22,1s,0,MICRO,SELL,-1,1789594268.969,1789594279.979,11.010000228881836,0.0416959415674795,7.621643313715926,4.170000000000073,-0.7799999999997453,trail,0.6046511627914355,2.1552298467686923,-4.170575692963321,-3.932203389831218,-3.213483146067416,1.037428489163617,0.447119780554718,0.0165869218500944,4.170575692963321,3.932203389831218,0.6046511627914355,2.1552298467686923,-4.538283062644932,-4.693641618498231,1.093093093093093,0.1689119170983502,-0.247191011235955,0.2600000000002183,16.174999999999272,high,tight,mixed,normal,high|tight|mixed|normal,historical7d,1.093093093093093,0.1689119170983502,0.01607418856261082,4.469534050180492,3.0948905109488107,4.538283062644932,4.693641618498231,0.1689119170983502,0.24719101123595505,0.0398406374501992,-0.06874901246443965,-1.59875110754942,-0.8337500600069299,0.03894899536322334,0.0388170055452921,2.355866859530943,0.6609400097780256,23689.864999771118
1s-s0-t23,1s,0,MICRO,SELL,-1,1789594358.949,1789594389.985,31.03600001335144,0.0422932359304336,6.557033420830721,4.3700000000008,-2.6099999999996726,trail,0.5581395348834258,2.1319120586275506,-4.016356877323778,-9.044811320751387,-0.4630163557682678,1.0241438830524006,0.3164616285881945,0.0153796859980639,4.016356877323778,9.044811320751387,0.5581395348834258,2.1319120586275506,-4.136117556071025,-11.471098265898997,1.0510510510510511,0.1120798055159626,-0.0114942528735632,0.2399999999997817,16.0,high,tight,mixed,normal,high|tight|mixed|normal,historical7d,1.0510510510510511,0.11207980551596262,0.014999999999986358,3.679279279282514,4.9787610619454785,4.136117556071025,11.471098265898995,0.11207980551596262,0.011494252873563218,0.0076045627376425855,-0.4568382767885111,-6.492337203953516,-3.4745877403710135,0.048125000000027285,0.025787006028145397,2.240748409968897,0.5866331447723695,23779.84499979019
1s-s0-t24,1s,0,PRIMARY,SELL,-1,1789594424.963,1789594435.969,11.00599980354309,0.0428070987469886,-21.589763121117404,0.0,-5.269999999999527,emergency_stop,0.6976744186032247,2.001332445036671,-3.2752562225477364,-14.603729603735834,-0.4052631578947369,0.960687127805772,0.1906263314870168,0.0215517241378786,3.2752562225477364,14.603729603735834,0.6976744186032247,2.001332445036671,-3.460170146945135,-18.106936416189438,1.1437125748502994,0.0627120069524287,-0.031578947368421,0.2999999999992724,15.020000000000437,high,tight,choppy,normal,high|tight|choppy|normal,historical7d,1.1437125748502994,0.06271200695242873,0.019973368841495583,2.1794871794871282,3.1436077057791234,3.460170146945135,18.106936416189434,0.06271200695242873,0.031578947368421054,-0.033789954337899546,-1.2806829674580067,-14.96332871041031,-8.12200583893416,0.1348202396804585,0.04924012158055929,2.2889490838443365,0.7979390057078797,23845.858999967575
1s-s0-t25,1s,0,SECONDARY,BUY,1,1789594762.982,1789594922.984,160.0019998550415,0.041115148169014,35.5706464351355,9.039999999999964,-1.3299999999999272,take_profit,0.6046511627893204,0.8315270935960793,1.756192959582688,1.8747300215982907,1.5088757396449703,1.0267783783783784,0.2007152436298553,0.0431893687706526,1.756192959582688,1.8747300215982907,0.6046511627893204,0.8315270935960793,1.5937295885043936,1.9442119944209828,1.0328358208955224,0.062238547087047,0.1242603550295858,0.2599999999993088,6.329999999999927,normal,tight,choppy,normal,normal|tight|choppy|normal,historical7d,1.0328358208955224,0.06223854708704706,0.041074249604946565,1.613356766257013,1.0273722627734878,1.5937295885043936,1.9442119944209828,0.06223854708704706,0.1242603550295858,0.003992015968063872,0.01962717775261935,-0.916839731647495,-0.4486062769474377,0.0,0.02019402098595266,0.8588309683111744,0.6245053800749398,24183.87800002098
1s-s0-t26,1s,0,MICRO,BUY,1,1789594989.979,1789595021.9539998,31.97499966621399,0.0439027552148732,21.64867119439922,5.970000000000255,-2.319999999999709,trail,0.5977011494258642,1.0695330870003905,1.4980289093296668,10.810756972110338,0.7035321366531557,0.9985698296231812,0.1956074124914,0.0375180375180723,1.4980289093296668,10.810756972110338,0.5977011494258642,1.0695330870003903,1.489222730241674,14.138639281131764,0.9578313253012049,0.0819436457734267,0.0573248407643312,0.2600000000002183,7.960000000000036,normal,tight,choppy,normal,normal|tight|choppy|normal,historical7d,0.9578313253012049,0.08194364577342671,0.032663316582941845,1.244604316547624,2.66026871401126,1.489222730241674,14.138639281131763,0.08194364577342671,0.05732484076433121,0.05251396648044693,-0.24461841369405013,-11.478370567120503,-5.861494490407276,0.016331658291470923,0.004605030109816194,1.024432294175073,0.572496884088629,24410.875
1s-s0-t27,1s,0,SECONDARY,BUY,1,1789595066.998,1789595074.951,7.952999830245972,0.045599322311708,-17.892198705611563,0.0,-4.100000000000364,emergency_stop,0.6136363636352127,0.9819376026273408,1.771995043370482,8.37801350048273,0.3336019339242546,0.9492134831460672,0.2620007328691262,0.0334302325582121,1.771995043370482,8.37801350048273,0.5227272727282828,0.9819376026273408,1.6493656286042853,11.152759948653136,0.918429003021148,0.0999301187980163,0.0273972602739726,0.2300000000004729,7.475000000000364,normal,tight,choppy,normal,normal|tight|choppy|normal,historical7d,0.918429003021148,0.09993011879801639,0.03612040133772761,0.6631762652700053,1.5534531693468192,1.6493656286042853,11.152759948653136,0.09993011879801639,0.034013605442176874,-0.032327586206896554,-0.98618936333428,-9.599306779306318,-5.292748071320299,0.0026755852843392087,0.0007786645902447714,0.9018399734100048,0.5635814336710111,24487.84299993515
1s-s0-t28,1s,0,PRIMARY,SELL,-1,1789595330.969,1789595580.982,250.01300024986267,0.0441971431506228,106.8437227853955,25.26000000000022,0.0,take_profit,0.5977011494237733,0.5546268656716155,-0.2834994462899227,-3.045534150612353,0.2772808586762075,0.992563646818966,0.0530460008287972,0.0746054519366615,0.2834994462899227,3.045534150612353,0.5977011494237733,0.5546268656716155,-0.2495126705650699,-3.8517699115040207,1.0453172205438066,0.0154161146573345,0.0232558139534883,0.2599999999993088,4.644999999999527,low,tight,choppy,normal,low|tight|choppy|normal,historical7d,1.0453172205438066,0.015416114657334569,0.05597416576950167,-0.7147651006718057,-0.847682119205437,0.2495126705650699,3.8517699115040207,0.015416114657334569,-0.023255813953488372,-0.0137524557956778,-0.9642777712368755,-4.699452030709458,-2.8318649009731667,0.7825618945103527,0.20920863309353774,0.5797610136627762,0.6247873042314971,24751.864999771118
1s-s0-t29,1s,0,MICRO,SELL,-1,1789595609.952,1789595643.983,34.0310001373291,0.0525702919205084,28.325021692703444,8.050000000000182,0.0,trail,0.6666666666666666,1.0144277011862424,-0.9961132704052456,-6.679214402618933,-1.4785020804438278,1.0530757835646345,0.1341810022438335,0.0436090225563819,0.9961132704052456,6.679214402618933,0.6666666666666666,1.0144277011862424,-0.859607091518756,-7.165935030726698,1.1317365269461075,0.0416028941143798,-0.1170212765957446,0.2899999999999636,7.9099999999998545,normal,tight,choppy,normal,normal|tight|choppy|normal,historical7d,1.1317365269461077,0.041602894114379854,0.036662452591652205,0.8535433070862902,-0.6886171213544454,0.859607091518756,7.165935030726698,0.041602894114379854,0.11702127659574468,-0.04963235294117647,-0.006063784432465802,-7.854552152081143,-3.9303079682568045,0.37926675094817386,0.11396011396011475,1.148064883378442,0.7544910179640718,25030.847999811172
1s-s0-t30,1s,0,SECONDARY,SELL,-1,1789595768.968,1789595780.988,12.019999980926514,0.0547900724968518,-24.854308486262205,2.5999999999994543,-4.740000000000691,emergency_stop,0.6222222222233001,1.1555555555554773,-0.2850924918388287,-6.812227074236712,-0.9415384615384615,1.1195127304653203,0.0389070389070194,0.029075804776807,0.2850924918388287,6.812227074236712,0.6222222222233001,1.1555555555554773,-0.3304107060450481,-6.75812274368114,1.0930232558139534,0.0198030755614328,-0.1290322580645161,0.2800000000006548,10.139999999999418,normal,tight,choppy,normal,normal|tight|choppy|normal,historical7d,1.0930232558139534,0.019803075561432824,0.02761341222886301,3.791277258566958,2.4963636363627315,0.33041070604504813,6.75812274368114,0.019803075561432824,0.12903225806451613,-0.02927289896128423,3.46086655252191,-4.261759107318408,-0.40044627739824934,0.035996055226805,0.015091999173032434,1.2630490956071496,0.6801033591743048,25189.863999843597
1s-s0-t31,1s,0,SECONDARY,BUY,1,1789595933.964,1789595971.9889998,38.02499985694885,0.0528422854195884,-22.352460160867047,0.0,-4.420000000000073,emergency_stop,0.6086956521733113,0.6303330580787642,0.8665636269963851,0.3653333333330616,1.4325323475046212,0.94791279067554,0.1415586601582291,0.0571428571428094,0.8665636269963851,0.3653333333330616,0.6086956521733113,0.6303330580787642,0.7706506691276896,0.4389891696748845,0.9540229885057472,0.0453336228893866,0.1204819277108433,0.2799999999997453,5.725000000000364,low,tight,choppy,normal,low|tight|choppy|normal,historical7d,0.9540229885057471,0.045333622889386666,0.048908296943183854,1.8335684062058435,0.8223495702003326,0.7706506691276896,0.4389891696748845,0.045333622889386666,0.12048192771084337,-0.02663934426229508,1.0629177370781537,0.3833604005254481,0.723139068801801,0.06550218340626823,0.14644218551463298,0.6013522278222693,0.5807096451768372,25354.859999895096
1s-s0-t32,1s,0,MICRO,SELL,-1,1789596352.959,1789596397.9889998,45.02999973297119,0.0510905636579291,-9.290001041272914,0.0,-3.9200000000000728,stagnation,0.5217391304342668,0.6754748142031632,-0.7338582677166614,-1.6800445930881616,-3.805369127516779,1.0375033260044535,0.1317128321085667,0.0423654015886643,0.7338582677166614,1.6800445930881616,0.5217391304342668,0.6754748142031632,-0.7677100494236063,-1.4935579781961834,0.872093023255814,0.049159575216259,-0.3288590604026846,0.2399999999997817,6.135000000000218,low,tight,choppy,normal,low|tight|choppy|normal,historical7d,0.872093023255814,0.04915957521625906,0.039119804400941025,0.536856745479876,-0.2769450392575178,0.7677100494236063,1.4935579781961834,0.04915957521625906,0.3288590604026846,0.22814982973893302,-0.23085330394373027,-1.7705030174537013,-1.0006781606987158,0.23308883455586638,0.07325819672132475,0.5890768728515958,0.4550050556112792,25773.855000019073
1s-s0-t33,1s,0,PRIMARY,SELL,-1,1789596538.9550002,1789596551.969,13.013999700546265,0.0503625231258034,-19.327394889997237,0.0,-4.010000000000218,emergency_stop,0.5111111111113357,0.59676962312272,-0.8637648388921444,-6.340447154470405,0.2391304347826086,1.0844686977914857,0.1267839362761797,0.050493962678476,0.8637648388921444,6.340447154470405,0.5111111111113357,0.59676962312272,-0.3071342200726745,-6.183349851337992,0.9823529411764704,0.013096834072404,0.029940119760479,0.2300000000004729,5.265000000000327,low,tight,choppy,normal,low|tight|choppy|normal,historical7d,0.9823529411764705,0.01309683407240401,0.04368471035146413,1.1092198581561015,-0.14345287739730264,0.30713422007267455,6.183349851337992,0.01309683407240401,-0.029940119760479042,-0.17822838847385272,0.8020856380834269,-6.326802728735294,-2.7623585453259336,0.3295346628679135,0.07264957264957436,0.5862383944793779,0.5020915032681944,25959.851000070572
1s-s0-t34,1s,0,MICRO,BUY,1,1789596893.973,1789596894.977,1.003999948501587,0.0488478702427947,2.010182817989438,0.430000000000291,0.0,momentum_zero_cross,0.33333333333198595,0.7951260980446863,1.6079613992760582,-0.0506756756757018,0.2283870967741935,0.8815840018077054,0.1899672224597492,0.0239999999999417,1.6079613992760582,-0.0506756756757018,0.3333333333319859,0.7951260980446863,1.5045146726862777,-0.0539083557951804,0.910144927536232,0.0830064138489428,0.0193548387096774,0.1499999999996362,7.014999999999418,normal,tight,choppy,normal,normal|tight|choppy|normal,historical7d,0.9101449275362319,0.08300641384894282,0.02138275124727707,0.26628895184159185,1.6330275229357074,1.5045146726862777,-0.053908355795180406,0.08300641384894282,0.01935483870967742,0.02056807051909892,-1.2382257208446859,1.686935878730888,0.22435507894310097,0.05131860299354276,0.17337715694330016,0.7236799848870478,0.303381642510851,26314.86899995804
1s-s0-t35,1s,0,SECONDARY,BUY,1,1789596912.948,1789596955.987,43.03900003433228,0.0490054046243279,-23.402701468149456,2.8200000000006185,-4.989999999999782,emergency_stop,0.6373626373620224,1.16854599406535,1.3337356668676226,1.0540540540539232,1.608888888888889,1.1273891175125743,0.1503605932779838,0.0300518134714999,1.3337356668676226,1.0540540540539232,0.6373626373620224,1.16854599406535,1.3848758465012292,1.129136400322711,0.9797101449275364,0.0772232362011732,0.1393939393939394,0.2899999999999636,9.845000000000256,normal,tight,choppy,normal,normal|tight|choppy|normal,historical7d,0.9797101449275363,0.07722323620117323,0.029456576942606005,0.49720670391080757,1.4545454545454546,1.3848758465012292,1.1291364003227107,0.07722323620117323,0.1393939393939394,0.01901901901901902,-0.8876691425904216,0.3254090542227439,-0.2811300441838388,0.0,0.0,1.144836365200256,0.6244306418213437,26333.84399986267
1s-s0-t36,1s,0,PRIMARY,SELL,-1,1789597139.999,1789597189.9910002,49.992000102996826,0.0471713773562625,-18.73475947247845,0.75,-4.149999999999636,emergency_stop,0.6304347826085667,0.930563798219632,-0.7851037851039462,-0.6770334928228551,-3.091269841269841,0.9451091764048606,0.1135039717564084,0.038385175380541,0.7851037851039462,0.6770334928228551,0.6304347826085667,0.930563798219632,-0.7257336343115721,-0.6852300242128422,0.847953216374269,0.0412788084997032,-0.2638888888888889,0.2899999999999636,7.8400000000001455,normal,tight,choppy,normal,normal|tight|choppy|normal,historical7d,0.847953216374269,0.04127880849970322,0.03698979591836202,1.5350140056022437,1.5909797822706917,0.7257336343115721,0.6852300242128422,0.04127880849970322,0.2638888888888889,0.23687031082529475,0.8092803712906715,0.9057497580578495,0.8575150646742604,0.008290816326595422,0.004146730462552621,0.7890745657417932,0.5345792016271472,26560.894999980927
1s-s0-t37,1s,0,MICRO,SELL,-1,1789597586.985,1789597632.981,45.99600005149841,0.0457031682360489,2.493116830799341,0.569999999999709,-2.449999999999818,stagnation,0.559139784946531,1.5085456304419507,-2.944519621109623,-0.5189969604863224,-1.6938775510204085,0.9893617021276596,0.3887102536619713,0.0250723240115909,2.944519621109623,0.5189969604863224,0.559139784946531,1.508545630441951,-2.631197097944334,-0.5512510088780667,1.0787878787878789,0.1362213597095631,-0.1428571428571428,0.2600000000002183,11.695000000000618,high,tight,mixed,normal,high|tight|mixed|normal,historical7d,1.0787878787878789,0.13622135970956314,0.022231722958546776,0.8871224165345922,1.195509822263632,2.631197097944334,0.5512510088780667,0.13622135970956314,0.14285714285714285,0.1267056530214425,-1.7440746814097419,0.6442588133855653,-0.5499079340120884,0.052159042325827264,0.04183813443076716,1.6274007407191953,0.603193222548379,27007.880999803543
1s-s0-t38,1s,0,SECONDARY,BUY,1,1789597780.968,1789597881.968,101.0,0.0458985492802579,36.546328441579874,8.320000000000618,-0.0799999999999272,take_profit,0.6086956521733113,1.1704851752022705,1.4856361149112638,0.0210289147578403,-1.1494796594134342,1.0204724136314236,0.2410119840213303,0.0327485380116654,1.4856361149112638,0.0210289147578403,0.6086956521733113,1.1704851752022705,1.1765980498374893,0.0185633575463713,0.926829268292683,0.0834101382488169,-0.0993377483443708,0.2799999999997453,8.6850000000004,normal,tight,choppy,normal,normal|tight|choppy|normal,historical7d,0.926829268292683,0.08341013824881698,0.03223949337935895,0.7684391080620685,0.9017773620204825,1.1765980498374893,0.018563357546371305,0.08341013824881698,-0.09933774834437085,-0.03355704697986577,-0.4081589417754208,0.8832140044741112,0.23752753134934523,0.0,0.3386828998339281,1.0848399184801532,0.5641569459167276,27201.863999843597
1s-s0-t39,1s,0,SECONDARY,BUY,1,1789598086.937,1789598176.878,89.94099998474121,0.0487626187553462,-18.946741166529133,2.319999999999709,-4.0600000000004,emergency_stop,0.5869565217400331,0.8200068050358169,1.4936138241924704,1.303234501347706,-0.6371308016877638,1.0253990721082016,0.2089991589571517,0.0472440944882641,1.4936138241924704,1.303234501347706,0.5869565217400331,0.8200068050358169,1.0769230769230769,1.5609362389021966,0.925,0.087346221441127,-0.0694444444444444,0.2700000000004365,6.025000000000546,normal,tight,choppy,normal,normal|tight|choppy|normal,historical7d,0.925,0.08734622144112703,0.04481327800836715,0.9743589743587352,2.431125131440426,1.0769230769230769,1.5609362389021966,0.08734622144112703,-0.06944444444444445,-0.08869179600886919,-0.10256410256434167,0.8701888925382293,0.38381239498694386,0.005809128630680715,0.0034965034964892006,0.7585062946581307,0.5429347826095307,27507.832999944687
1s-s0-t40,1s,0,PRIMARY,SELL,-1,1789598203.9580002,1789598253.957,49.99899983406067,0.0472777970142458,-20.767842660554752,0.0,-4.5900000000001455,emergency_stop,0.3999999999983831,0.9742685935847871,-2.1334379905806027,-0.4281427142381827,-3.825046040515654,1.039437618147448,0.3075356415478992,0.0270880361172866,2.1334379905806027,0.4281427142381827,0.3999999999983831,0.9742685935847872,-1.643288996372542,-0.5181598062955005,1.0559006211180124,0.113127445267603,-0.3734939759036144,0.1799999999993815,6.909999999999855,normal,tight,mixed,normal,normal|tight|mixed|normal,historical7d,1.0559006211180124,0.113127445267603,0.026049204052009455,2.027826086957129,1.3678160919540758,1.643288996372542,0.5181598062955005,0.113127445267603,0.37349397590361444,0.1703239289446186,0.38453709058458707,0.8496562856585753,0.6170966881215811,0.013024602025938917,0.08369098712443064,1.028730813101949,0.4223602484454977,27624.854000091553
1s-s0-t41,1s,0,SECONDARY,BUY,1,1789598297.943,1789598314.9580002,17.015000104904175,0.0456502588520303,-18.698573729281687,0.0,-4.279999999999745,emergency_stop,0.6436781609190355,0.7409235107507068,1.168810289389261,0.3048699132754835,-0.3338509316770186,0.9723589190214748,0.16253073999554,0.0555555555554954,1.168810289389261,0.3048699132754835,0.6436781609190355,0.7409235107507068,0.8596825396824959,0.3688458434220543,0.940809968847352,0.0560848314141134,-0.027027027027027,0.2799999999997453,5.2549999999992,low,tight,choppy,normal,low|tight|choppy|normal,historical7d,0.940809968847352,0.056084831414113405,0.05328258801137735,1.050179211469652,0.8878048780487566,0.8596825396824959,0.3688458434220543,0.056084831414113405,-0.02702702702702703,-0.0893970893970894,0.19049667178715612,0.5189590346267023,0.35472785320692923,0.002854424357644188,0.20387811634351466,0.6970682250676432,0.6055788305219586,27718.83899998665
1s-s0-t42,1s,0,SECONDARY,BUY,1,1789598469.975,1789599022.907,552.9319999217987,0.0441848855428802,34.6321220813001,8.1899999999996,-2.25,take_profit,1.012987012987289,0.6252220248667011,0.9621993127148872,0.6806947227789135,-0.167032967032967,0.9926677946982516,0.1753287413901549,0.0659898477157981,0.9621993127148872,0.6806947227789135,0.6753246753248594,0.6252220248667011,0.6481481481481657,0.678210678210579,0.825,0.0619469026548827,-0.0153846153846153,0.2600000000002183,4.399999999999636,low,tight,choppy,normal,low|tight|choppy|normal,historical7d,0.825,0.06378737541527803,0.08863636363644538,0.8185185185182503,1.1646489104114681,0.6666666666664561,0.6875901875900295,0.06378737541527803,-0.015384615384615385,-0.05503355704697987,0.15185185185179417,0.4770587228214386,0.3144552873366164,0.0,0.0,0.5158081705150284,0.8357142857145134,27890.822000026703
1s-s0-t43,1s,0,PRIMARY,BUY,1,1789599063.922,1789599103.969,40.04699993133545,0.0468989421373515,-18.08795881880069,0.0,-4.029999999999745,emergency_stop,0.794520547944591,1.0364835164834334,2.4978540772536597,1.009646302250781,1.6910182700907117,1.0254238885418736,0.4412433661866484,0.0513274336283154,2.4978540772536597,1.009646302250781,0.794520547944591,1.0364835164834334,2.123574144486272,1.132756132755932,0.8410596026490066,0.133884693755275,0.1290322580645161,0.2899999999999636,5.894999999999527,normal,normal,mixed,normal,normal|normal|mixed|normal,historical7d,0.8410596026490066,0.13388469375527506,0.049194232400337046,0.5999999999992134,0.5922746781115232,2.123574144486272,1.1327561327559321,0.13388469375527506,0.12903225806451613,0.07908163265306123,-1.5235741444870585,-0.5404814546444089,-1.0320277995657337,0.05004240882105113,0.026757369614519955,0.8717444145258015,0.6682391363507487,28484.817999839783
1s-s0-t44,1s,0,PRIMARY,BUY,1,1789599553.984,1789606800.963,7246.979000091553,0.0454814216112502,-53.36370427556867,1.0399999999999636,-12.259999999999309,emergency_stop,0.6666666666666666,0.5499769691385615,0.4020356234096209,0.5187338501291949,2.1761589403973507,1.0189852429116233,0.0676369863013176,0.0864864864863908,0.4020356234096209,0.5187338501291949,0.6666666666666666,0.5499769691385615,0.3844282238442951,0.5793650793650643,1.06993006993007,0.0254346426271054,0.2052980132450331,0.2399999999997817,2.9849999999996726,low,tight,choppy,normal,low|tight|choppy|normal,historical7d,1.06993006993007,0.02543464262710543,0.08040201005018695,0.37133550488465406,1.379310344826783,0.38442822384429515,0.5793650793650643,0.02543464262710543,0.2052980132450331,0.112,-0.013092718959641092,0.7999452654617186,0.3934262732510388,0.13232830820786595,0.35748407643311814,0.5884368970503491,0.7132867132867133,28974.879999876022
1s-s0-t45,1s,0,MICRO,BUY,1,1789614642.982,1789614793.947,150.9649999141693,0.041299404894096,21.30365039864898,6.529999999999745,-0.75,trail,0.4485981308421542,1.5578947368422038,3.113402061855303,1.993055555555404,0.2111111111111111,0.8354902874295932,0.2878932316491375,0.0766773162941701,3.113402061855303,1.993055555555404,0.4485981308421542,1.5578947368422038,3.177304964539025,4.948275862067533,1.4516129032258065,0.0950360627917642,0.0222222222222222,0.2400000000006912,3.3299999999999272,high,tight,choppy,normal,high|tight|choppy|normal,historical7d,1.4516129032258065,0.09503606279176427,0.07207207207228122,0.6627218934903218,0.6382978723406452,3.1773049645390254,4.948275862067533,0.09503606279176427,0.022222222222222223,-0.07692307692307693,-2.514583071048704,-4.309977989726887,-3.4122805303877954,0.11561561561568369,0.041331186258743664,2.261460101867715,0.6511908350934497,1141.1740000247955
1s-s0-t46,1s,0,PRIMARY,BUY,1,1789615421.591,1789615738.827,317.2360000610352,0.0429689333369396,-16.73672382128043,0.569999999999709,-4.0700000000006185,emergency_stop,0.6292134831473075,0.8288119738073115,0.4675834970532319,0.9958734525451138,-1.4620689655172412,0.8614907929817881,0.0628631801373559,0.1323877068561152,0.4675834970532319,0.9958734525451138,0.6292134831473075,0.8288119738073115,0.6077586206894304,2.232198142414892,0.926829268292683,0.0294670846394514,-0.1578947368421052,0.2800000000006548,2.215000000000145,normal,tight,choppy,normal,normal|tight|choppy|normal,historical7d,0.926829268292683,0.02946708463945148,0.12641083521473429,0.6033519553085569,0.9535603715176973,0.6077586206894304,2.2321981424148922,0.02946708463945148,-0.15789473684210525,-0.04040404040404041,-0.004406665380873531,-1.2786377708971948,-0.6415222181390343,0.0,0.2677115987460967,0.7681671952360448,0.5831734721853095,1919.7829999923706
1s-s0-t47,1s,0,SECONDARY,BUY,1,1789617600.971,1789617657.826,56.855000019073486,0.0416573066468293,32.25233606694491,8.090000000000146,-0.4600000000000364,take_profit,0.5714285714279527,2.091111111110656,6.3689839572226425,0.7948560930803314,0.0903426791277258,1.1013413632630715,0.2412396192019821,0.0666666666665993,6.3689839572226425,0.7948560930803314,0.5714285714279527,2.091111111110656,2.543640897755654,2.170568561872943,1.963302752293578,0.0489819439108469,0.0093457943925233,0.2399999999997817,4.704999999999927,high,tight,choppy,fast,high|tight|choppy|fast,historical7d,1.963302752293578,0.048981943910846946,0.05100956429325939,8.433566433565632,4.1122807017568945,2.543640897755654,2.170568561872943,0.048981943910846946,0.009345794392523364,-0.0845771144278607,5.889925535809978,1.9417121398839514,3.9158188378469645,0.03188097768323879,0.02336448598125148,4.1054841997952325,1.121887287023687,1321.3580000400543
1s-s0-t48,1s,0,SECONDARY,BUY,1,1789617977.909,1789618261.937,284.02800011634827,0.0441848637276258,-17.590910467301473,6.489999999999782,-4.159999999999855,emergency_stop,0.6428571428559055,2.260109289616709,4.666666666664482,2.583673469387917,0.9190229459659512,1.1813389450881742,0.3723939611791301,0.0536246276066603,4.666666666664482,2.583673469387917,0.6428571428559055,2.260109289616709,3.829944547135253,8.163879598660271,1.7096774193548387,0.1465346534653909,0.0857142857142857,0.269999999999527,5.170000000000073,high,tight,mixed,fast,high|tight|mixed|fast,historical7d,1.7096774193548387,0.14653465346539096,0.05222437137321533,8.240000000000387,5.101754385966547,3.8299445471352533,8.163879598660271,0.14653465346539096,0.08571428571428572,-0.054003724394785846,4.410055452865134,-3.062125212693724,0.6739651200857049,0.026112185686695624,0.01033690658500946,3.8640578177317932,1.0990783410117093,1698.2960000038147
1s-s0-t49,1s,0,PRIMARY,BUY,1,1789618633.982,1789619534.96,900.9779999256134,0.0428062959793239,45.4728418447172,11.710000000000036,-1.3400000000001455,max_hold,0.5485714285706446,1.4008583690984189,2.04166666666759,0.5814176245210165,2.4561403508771926,1.0682027649769583,0.3066923447278708,0.0613026819922819,2.04166666666759,0.5814176245210165,0.5485714285706446,1.4008583690984189,2.3548983364144074,1.5784061696655274,1.027027027027027,0.125765054294224,0.2105263157894736,0.2399999999997817,4.079999999999018,normal,tight,mixed,normal,normal|tight|mixed|normal,historical7d,1.027027027027027,0.12576505429422405,0.05882352941172537,2.0748663101621028,3.9871382636664787,2.3548983364144074,1.5784061696655274,0.12576505429422405,0.21052631578947367,-0.03535353535353535,-0.2800320262523046,2.4087320940009516,1.064350033874323,0.017156862745030838,0.00905562742557735,1.4387194061010788,0.5633976833968781,2354.369000196457
1s-s0-t50,1s,0,PRIMARY,SELL,-1,1789621329.987,1789621393.8460002,63.85900020599365,0.0463699201196027,-10.6948539447899,0.0,-2.4099999999998545,momentum_zero_cross,0.21739130434859977,1.5597345132743385,-1.377049180328101,-0.9908814589663664,-2.733333333333334,0.9065488002886524,0.1770284510009417,0.0314960629922387,1.377049180328101,0.9908814589663664,0.2173913043485997,1.5597345132743383,-1.627118644067513,-1.209647495361247,1.1538461538461535,0.0634441087612285,-0.2,0.1000000000003638,3.524999999999636,high,tight,choppy,normal,high|tight|choppy|normal,historical7d,1.1538461538461537,0.06344410876122855,0.028368794326347268,3.642384105959738,3.8911564625863218,1.627118644067513,1.209647495361247,0.06344410876122855,0.2,0.012285012285012284,2.015265461892225,2.6815089672250747,2.3483872145586497,0.17021276595730958,0.12944983818760383,1.7996936691626981,0.25083612040223047,2328.8759999275208
1s-s0-t51,1s,0,PRIMARY,SELL,-1,1789621909.9020002,1789622248.9910002,339.08899998664856,0.0455317838134409,-19.739417594449023,3.710000000000037,-4.530000000000655,emergency_stop,0.5106382978735344,1.7588495575220664,-2.8364389233959537,-1.531582682753576,1.5555555555555556,1.2079096860688143,0.2903772785077788,0.0620155038761493,2.8364389233959537,1.531582682753576,0.5106382978735344,1.7588495575220664,-3.84831460673934,-1.5751824817516031,1.0977443609022557,0.1338675004884484,0.1111111111111111,0.2400000000006912,3.9749999999994543,high,tight,mixed,normal,high|tight|mixed|normal,historical7d,1.0977443609022557,0.13386750048844848,0.06037735849074822,0.19209039547840287,2.043165467625523,3.84831460673934,1.5751824817516031,0.13386750048844848,-0.1111111111111111,0.019498607242339833,-3.656224211260937,0.46798298587391973,-1.5941206126935086,0.04654088050325172,0.03257042253528527,1.930767183445276,0.5605503119513987,2908.7910001277924
1s-s0-t52,1s,0,PRIMARY,SELL,-1,1789623093.972,1789623994.9740002,901.0020003318788,0.0439848414583791,8.839827561042812,5.649999999999636,-3.5,max_hold,0.272727272726709,1.694505494505235,-2.8243902439038675,-1.2798742138365553,-1.1053721601606623,0.6058033951835768,0.2630622444344938,0.0314960629921015,2.8243902439038675,1.2798742138365553,0.272727272726709,1.694505494505235,-2.711943793908828,-1.1883211678833292,0.9739130434782608,0.0949958982773633,-0.1785714285714285,0.1199999999998908,3.854999999999563,high,tight,choppy,normal,high|tight|choppy|normal,historical7d,0.9739130434782609,0.09499589827736336,0.031128404669235915,1.578947368423446,2.732283464568863,2.7119437939088282,1.1883211678833292,0.09499589827736336,0.17857142857142858,0.04868913857677903,-1.1329964254853822,1.543962296685534,0.2054829356000758,0.10246433203596947,0.06899563318754899,1.650301003344229,0.26561264822079483,4092.8609998226166
1s-s0-t53,1s,0,PRIMARY,BUY,1,1789635295.977,1789636196.952,900.9749999046326,0.0446776027113487,27.45025338367644,7.229999999999563,-1.0299999999997451,max_hold,0.5617977528087821,0.8979020979018993,1.3704735376039148,2.377398720682428,-2.0508474576271185,1.163907670785731,0.1883614088822593,0.1683501683502054,1.3704735376039148,2.377398720682428,0.5617977528087821,0.8979020979018993,1.5668789808923618,8.415094339623522,1.158878504672897,0.0913818722140149,-0.1864406779661017,0.25,1.6049999999995634,normal,tight,choppy,normal,normal|tight|choppy|normal,historical7d,1.158878504672897,0.0913818722140149,0.15576323987543178,-0.7919463087241767,0.5836298932383328,1.5668789808923618,8.415094339623522,0.0913818722140149,-0.1864406779661017,-0.019736842105263157,-2.3588252896165383,-7.831464446385189,-5.0951448680008635,0.2429906542053109,0.06166007905129314,1.0405594405592105,0.6510553397036353,1801.933000087738
1s-s0-t54,1s,0,MICRO,SELL,-1,1789636602.907,1789636862.664,259.7569999694824,0.0468288292819001,-6.587977435145568,0.930000000000291,-2.1700000000000728,momentum_zero_cross,0.8125000000002665,1.1216545012163335,-2.216494845360907,-1.9213973799125357,-0.1904761904761904,0.7711747911599874,0.2410313901345355,0.1247002398083103,2.216494845360907,1.9213973799125357,0.8125000000002665,1.1216545012163337,-2.227979274611736,-3.285171102661239,0.85,0.1191135734071388,-0.0204081632653061,0.2600000000002183,2.304999999999381,normal,normal,mixed,normal,normal|normal|mixed|normal,historical7d,0.85,0.11911357340713885,0.1127982646422074,2.1919999999951805,0.5043478260874517,2.227979274611736,3.285171102661239,0.11911357340713885,0.02040816326530612,0.02040816326530612,-0.03597927461655548,-2.7808232765737877,-1.4084012755951716,0.0715835140997865,0.025306748466253925,0.9534063260338834,0.6906250000002264,3108.8630001544952
1s-s0-t55,1s,0,SECONDARY,BUY,1,1789640119.977,1789640477.561,357.58399987220764,0.0463125414390671,-17.817474037662002,4.270000000000437,-4.019999999999527,emergency_stop,0.7352941176467441,1.609065155807564,2.3926701570680926,2.474474474474463,0.4476190476190476,0.7692263995042345,0.2173086067522192,0.0943396226415223,2.3926701570680926,2.474474474474463,0.7352941176467441,1.609065155807564,2.856249999999169,4.490463215258648,0.7924528301886793,0.1150843616216686,0.0476190476190476,0.25,2.840000000000145,high,tight,mixed,normal,high|tight|mixed|normal,historical7d,0.7924528301886793,0.1150843616216686,0.08802816901407999,2.701492537305045,1.954545454543307,2.856249999999169,4.4904632152586474,0.1150843616216686,0.047619047619047616,-0.08123249299719888,-0.15475746269412394,-2.5359177607153405,-1.345337611704732,0.0,0.0,1.2751082366776922,0.58268590455025,6625.933000087738
1s-s0-t56,1s,0,PRIMARY,BUY,1,1789640906.6929998,1789641806.89,900.1970000267029,0.0449162183146794,6.018006983481029,5.4399999999996,-1.440000000000509,max_hold,0.8125000000014211,1.1431897555296324,0.5309734513264721,1.6753246753248645,-2.0,0.9475908706677936,0.0632244467860406,0.1158129175947576,0.5309734513264721,1.6753246753248645,0.8125000000014211,1.1431897555296324,0.4566596194503285,4.767123287671954,0.9914529914529916,0.0334158415841564,-0.2280701754385964,0.2600000000002183,2.4549999999999272,normal,normal,choppy,normal,normal|normal|choppy|normal,historical7d,0.9914529914529915,0.03341584158415647,0.10590631364571323,-0.5696202531638574,1.4782608695676818,0.4566596194503285,4.767123287671954,0.03341584158415647,-0.22807017543859648,-0.05637982195845697,-1.026279872614186,-3.288862418104272,-2.157571145359229,0.21588594704674585,0.059617547806499444,1.133418902918268,0.8055555555569646,7412.648999929428
1s-s0-t57,1s,0,BURST,BUY,1,1789641992.757,1789642020.8430002,28.086000204086304,0.0453878386069834,-3.952777436925311,0.0,-1.050000000000182,momentum_zero_cross,0.7187499999992895,2.0105596620910444,3.3584070796430545,0.5639204545452916,1.5646258503401362,1.3353488372093023,0.345785876993276,0.0486257928117515,3.3584070796430545,0.5639204545452916,0.7187499999992895,2.0105596620910444,2.700348432054996,1.11237553342802,1.7358490566037736,0.2154573255498026,0.1868131868131868,0.2299999999995634,4.760000000000218,high,tight,mixed,fast,high|tight|mixed|fast,historical7d,1.7358490566037736,0.2154573255498026,0.04831932773099851,5.681528662416058,7.044897959186159,2.700348432054996,1.11237553342802,0.2154573255498026,0.18681318681318682,0.02702702702702703,2.981180230361062,5.932522425758139,4.4568513280596,0.05252100840335894,0.04757373929590767,3.4900280926863414,1.247641509432729,8498.713000059128
1s-s0-t58,1s,0,PRIMARY,SELL,-1,1789643496.9,1789643837.992,341.0920000076294,0.0450780666084908,5.263160078815485,5.25,-0.7100000000000364,momentum_zero_cross,0.6000000000006064,1.6023738872403,-3.506410256408937,-1.1655405405408228,-0.5510752688172043,0.4569123471520666,0.3865724381625078,0.0674157303371858,3.506410256408937,1.1655405405408228,0.6000000000006064,1.6023738872403,-2.5437352245861726,-1.957446808510232,0.6,0.1728791773776496,-0.0666666666666666,0.180000000000291,2.699999999999818,high,tight,mixed,slow,high|tight|mixed|slow,historical7d,0.6,0.17287917737764966,0.06666666666677895,1.2941176470602922,2.430894308942296,2.5437352245861726,1.9574468085102321,0.17287917737764966,0.06666666666666667,0.07277628032345014,-1.2496175775258804,0.47344750043206396,-0.3880850385469081,0.035185185185281874,0.020255863539501654,0.9614243323441799,0.3600000000003638,10002.856000185013
1s-s0-t59,1s,0,PRIMARY,SELL,-1,1789644739.96,1789644835.7900002,95.83000016212463,0.0454905309179585,-9.838998906058606,0.5500000000001819,-2.2799999999997453,momentum_zero_cross,0.7857142857159098,1.793939393938766,-1.6971830985891858,-1.1206896551725545,-0.1139240506329114,1.3578662102410497,0.1584483892175816,0.0763888888889744,1.6971830985891858,1.1206896551725545,0.7857142857159098,1.793939393938766,-1.3915662650603895,-2.372262773722817,1.6326530612244898,0.0782785496441308,-0.0126582278481012,0.2200000000002546,2.959999999999127,high,normal,choppy,fast,high|normal|choppy|fast,historical7d,1.6326530612244898,0.07827854964413089,0.07432432432443228,4.313043478261474,3.1188118811945027,1.3915662650603895,2.3722627737228166,0.07827854964413089,0.012658227848101266,-0.06752411575562701,2.9214772132010847,0.7465491074716861,1.8340131603363852,0.3699324324323203,0.21965897693067543,2.9288806431653325,1.2827988338218936,11245.916000127792
1s-s0-t60,1s,0,PRIMARY,SELL,-1,1789648231.537,1789648562.968,331.43099999427795,0.0447194664188991,-17.1189873886725,0.0,-4.0,emergency_stop,1.2608695652196265,1.0535211267599356,-1.9578313253002808,-2.9445783132513834,-1.5,1.1948167126527394,0.187319884726116,0.1624649859944734,1.9578313253002808,2.9445783132513834,1.2608695652196265,1.0535211267599356,-2.302405498280902,-3.6315007429405695,1.9183673469387756,0.0889301831696136,-0.1956521739130435,0.2899999999999636,1.8699999999989811,normal,wide,choppy,fast,normal|wide|choppy|fast,historical7d,1.9183673469387754,0.08893018316961368,0.15508021390380833,3.758865248224242,2.5284552845512587,2.302405498280902,3.6315007429405695,0.08893018316961368,0.1956521739130435,0.16037735849056603,1.45645974994334,-1.1030454583893108,0.17670714577701485,0.01069518716601468,0.002766251728967879,2.021040528886407,2.418811002666222,14737.493000030518
1s-s0-t61,1s,0,BURST,BUY,1,1789654187.951,1789654261.9539998,74.00299978256226,0.0433778824263321,3.5286512754878543,3.8499999999994543,-0.8699999999998909,momentum_zero_cross,0.617647058823372,3.2590266875989573,3.988235294119529,1.4640434192672591,3.026936026936027,1.3071686023227873,0.2868020304570086,0.0411361410381938,3.988235294119529,1.4640434192672591,0.617647058823372,3.2590266875989573,5.819742489268148,3.742160278745159,2.4578313253012047,0.153741496598726,0.2929292929292929,0.2100000000000363,5.190000000000509,high,tight,mixed,fast,high|tight|mixed|fast,historical7d,2.4578313253012047,0.153741496598726,0.04046242774566778,7.745098039213798,10.978494623666188,5.819742489268148,3.7421602787451587,0.153741496598726,0.29292929292929293,0.11380145278450363,1.9253555499456496,7.23633434492103,4.580844947433341,0.016377649325456368,0.012363636363509366,8.010137882773341,1.5180722891562395,697.3599998950958
1s-s0-t62,1s,0,MICRO,SELL,-1,1789654359.968,1789654388.962,28.99399995803833,0.0436544164267998,-3.342255461056152,0.0,-0.9399999999995998,momentum_zero_cross,0.57575757575649,1.6299559471360368,-2.008130081301733,-0.2335216572505396,-0.5377358490566038,0.8946360954744684,0.2572916666667078,0.069469835466018,2.008130081301733,0.2335216572505396,0.57575757575649,1.6299559471360368,-3.176848874597804,-0.6480836236934019,1.0816326530612246,0.1434378629498207,-0.0566037735849056,0.1899999999995998,2.774999999999636,high,tight,mixed,normal,high|tight|mixed|normal,historical7d,1.0816326530612246,0.14343786294982075,0.06846846846833324,1.4159292035427575,0.45502645502690314,3.1768488745978036,0.6480836236934019,0.14343786294982075,0.05660377358490566,0.02689486552567237,-1.760919671055046,-0.19305716866649875,-0.9769884198607723,0.10810810810786009,0.10287846481876767,1.7630135754736727,0.6227581941855913,869.3769998550415
1s-s0-t63,1s,0,PRIMARY,SELL,-1,1789656063.875,1789656172.82,108.9449999332428,0.0433924899282389,-7.43342681454661,0.0,-1.7899999999999636,momentum_zero_cross,0.9642857142865844,1.1832884097038259,-2.1899736147750293,-1.720812182741855,-0.3,1.1027764046085666,0.3556126820907978,0.1252900232020735,2.1899736147750293,1.720812182741855,0.9642857142865844,1.183288409703826,-1.9108635097503568,-1.703517587939661,0.8620689655172413,0.1902384914030149,-0.04,0.2700000000004365,2.1950000000006185,normal,normal,mixed,normal,normal|normal|mixed|normal,historical7d,0.8620689655172413,0.19023849140301496,0.12300683371314829,0.2763157894751801,1.573122529643689,1.9108635097503566,1.7035175879396607,0.19023849140301496,0.04,0.0931174089068826,-1.6345477202751764,-0.13039505829597164,-0.882471389285574,0.0,0.0,1.0200762152619187,0.8312807881780899,2573.2839999198914
1s-s0-t64,1s,0,SECONDARY,BUY,1,1789656500.8060002,1789656875.82,375.0139997005463,0.0428099457509523,32.81698369111117,8.010000000000218,-1.9899999999997815,take_profit,0.9152542372863067,2.6988950276245114,4.666666666665112,3.2357320099237885,2.015151515151515,1.024967824967825,0.4719917012450833,0.056074766355036,4.666666666665112,3.2357320099237885,0.9152542372863068,2.6988950276245114,4.47174447174497,3.3065326633161534,1.2222222222222223,0.2383446830798364,0.2121212121212121,0.269999999999527,4.885000000000218,high,normal,mixed,normal,high|normal|mixed|normal,historical7d,1.2222222222222223,0.23834468307983644,0.05527123848505937,3.507462686574802,3.4308300395249187,4.47174447174497,3.3065326633161534,0.23834468307983644,0.21212121212121213,0.1444141689373297,-0.9642817851701682,0.12429737620876535,-0.4199922044807012,0.009211873080874258,0.005836575875495103,3.2986494782077362,1.118644067794375,3010.215000152588
1s-s0-t65,1s,0,PRIMARY,BUY,1,1789656876.67,1789657776.993,900.3229999542236,0.0453817532419409,54.67999520451925,13.319999999999707,-0.6100000000005821,max_hold,0.7941176470608298,1.045454545454629,1.6165048543692964,3.695516162669634,1.5591397849462365,1.2506724045185582,0.226376614547907,0.1440000000002328,1.6165048543692964,3.695516162669634,0.7941176470608298,1.045454545454629,1.513002364066694,4.452261306532427,1.0754716981132075,0.110880110880022,0.1578947368421052,0.2700000000004365,2.069999999999709,normal,normal,mixed,normal,normal|normal|mixed|normal,historical7d,1.0754716981132075,0.11088011088002203,0.13043478260892488,2.7014925373123795,0.9461538461547019,1.513002364066694,4.452261306532427,0.11088011088002203,0.15789473684210525,0.08588957055214724,1.1884901732456854,-3.5061074603777254,-1.15880864356602,0.04347826086964163,0.009933774834453707,1.1243567753002612,0.8540510543861753,3386.0789999961853
1s-s0-t66,1s,0,PRIMARY,BUY,1,1789658234.879,1789659135.966,901.087000131607,0.0496669252918112,61.31665475750415,21.979999999999563,-1.110000000000582,max_hold,0.7249999999997442,1.5272727272727273,1.317460317460302,1.2809364548498716,0.8983050847457626,0.9904804625199362,0.1782390837509713,0.0553963705826135,1.317460317460302,1.2809364548498716,0.7249999999997442,1.5272727272727271,1.3676880222845331,1.4363143631435646,1.1595744680851063,0.0694975230007872,0.0555555555555555,0.2899999999999636,5.25,high,tight,choppy,normal,high|tight|choppy|normal,historical7d,1.1595744680851063,0.06949752300078722,0.05523809523808831,-1.38528138527934,-1.3936651583701618,1.3676880222845333,1.4363143631435646,0.06949752300078722,0.05555555555555555,0.14857142857142858,-2.7529694075638735,-2.8299795215137262,-2.7914744645388,0.5219047619047203,0.31422018348620434,1.7709864603481624,0.8406914893614055,4744.287999868393
1s-s0-t67,1s,0,MICRO,SELL,-1,1789659164.844,1789659442.971,278.1269998550415,0.0544722003137938,26.261011206815077,5.579999999999927,-2.430000000000291,trail,0.6341463414641721,0.8764186633040693,-1.176300578034802,-2.2765667574932715,-0.1577464788732394,1.0526230042359075,0.1365313653137067,0.0802469135803196,1.176300578034802,2.2765667574932715,0.6341463414641721,0.8764186633040693,-1.0808625336930355,-3.0800367985272765,0.660377358490566,0.0588235294117317,-0.0285714285714285,0.2600000000002183,3.475000000000364,normal,tight,choppy,slow,normal|tight|choppy|slow,historical7d,0.660377358490566,0.058823529411731745,0.07482014388494707,3.440000000003281,1.800453514739734,1.0808625336930355,3.0800367985272765,0.058823529411731745,0.02857142857142857,-0.1306532663316583,2.359137466310245,-1.2795832837875425,0.5397770912613515,0.05755395683447401,0.01633986928103118,0.5787670418045741,0.4187758858725665,5674.253000020981
1s-s0-t68,1s,0,PRIMARY,BUY,1,1789659699.912,1789659734.815,34.90300011634827,0.0565302281318993,-22.83045972285823,0.0200000000004365,-4.219999999999345,emergency_stop,0.7199999999987389,0.7932251235003068,1.0156250000000575,0.9123505976095888,5.061728395061729,1.0734606364582304,0.1475261007716584,0.0974729241875395,1.0156250000000575,0.9123505976095888,0.7199999999987389,0.7932251235003068,0.9502923976610512,0.8923705722072155,0.7638190954773869,0.072625698323857,0.5263157894736842,0.269999999999527,2.8099999999994907,normal,tight,choppy,normal,normal|tight|choppy|normal,historical7d,0.7638190954773869,0.07262569832385703,0.09608540925251816,2.4776119402980212,1.943262411347158,0.9502923976610512,0.8923705722072155,0.07262569832385703,0.5263157894736842,0.1926605504587156,1.52731954263697,1.0508918391399424,1.2891056908884562,0.00533807829160877,0.0653495440728641,0.6058804963419429,0.5499497487427553,6209.320999860764
1s-s0-t69,1s,0,MICRO,BUY,1,1789660200.981,1789660505.997,305.0160000324249,0.0547410464115249,28.90526161700539,7.280000000000655,-0.1899999999995998,trail,0.8169014084505599,0.9161764705880241,1.7435158501451256,1.839050131926408,0.0,0.8623601119104716,0.2476463364715186,0.0960264900661992,1.7435158501451256,1.839050131926408,0.8169014084505599,0.916176470588024,1.7612809315861917,1.676488274202987,0.9111111111111112,0.1268077971076277,0.0,0.2899999999999636,3.1149999999997817,normal,normal,mixed,normal,normal|normal|mixed|normal,historical7d,0.9111111111111111,0.12680779710762774,0.09309791332262726,1.3515624999989675,0.6960784313717054,1.7612809315861915,1.676488274202987,0.12680779710762774,0.0,0.03745318352059925,-0.409718431587224,-0.9804098428312815,-0.6950641372092528,0.024077046549191926,0.009047044632174659,0.8347385620913108,0.7442879499216213,6710.389999866486
1s-s0-t70,1s,0,SECONDARY,SELL,-1,1789660804.987,1789660839.977,34.99000000953674,0.057006299338342,-22.913614751612386,0.269999999999527,-4.199999999999818,emergency_stop,0.7666666666677783,2.3566378633154215,-3.726114649681872,-1.668814432989269,-0.7548387096774195,1.3294822421908432,0.3401162790699191,0.0333091962346867,3.726114649681872,1.668814432989269,0.7666666666677783,2.356637863315421,-3.556231003038238,-1.1778185151237202,1.9259259259259256,0.1627712854759155,-0.0838709677419354,0.2300000000004729,7.5,high,normal,mixed,fast,high|normal|mixed|fast,historical7d,1.9259259259259258,0.16277128547591554,0.030666666666729726,12.09090909090443,5.675949367092348,3.556231003038238,1.1778185151237202,0.16277128547591554,0.08387096774193549,-0.026845637583892617,8.534678087866192,4.498130851968628,6.51640446991741,0.06600000000010671,0.06600000000010671,4.538709958977848,1.476543209878684,7314.395999908447
1s-s0-t71,1s,0,SECONDARY,SELL,-1,1789661412.966,1789661741.9859998,329.01999974250793,0.0552106009091843,-22.297511295924345,4.369999999999891,-4.220000000000255,emergency_stop,0.8064516129033678,0.9178832116790248,-1.716666666666545,-0.5373333333334206,-0.2996632996632997,1.0234647887323942,0.2432687765705589,0.1039501039501149,1.716666666666545,0.5373333333334206,0.8064516129033678,0.9178832116790248,-1.7252931323283756,-0.3693858845097199,1.125,0.0997868630111768,-0.0303030303030303,0.25,2.5150000000003274,normal,normal,choppy,normal,normal|normal|choppy|normal,historical7d,1.125,0.09978686301117688,0.0994035785288141,2.13197969543255,1.9544303797485703,1.7252931323283756,0.36938588450971993,0.09978686301117688,0.030303030303030304,0.053003533568904596,0.4066865631041745,1.5850444952388503,0.9958655291715126,0.0,0.12182410423457694,1.0326186131389028,0.9072580645162888,7922.375
1s-s0-t72,1s,0,PRIMARY,BUY,1,1789661749.9420002,1789662495.851,745.9089999198914,0.0534631853904085,-21.028975760804663,5.869999999999891,-4.109999999999673,emergency_stop,0.9032258064496255,1.8813056379821307,2.5016722408019514,1.4819277108434643,-0.2543100979437539,1.2560208415199905,0.282904689863879,0.0595744680850545,2.5016722408019514,1.4819277108434643,0.9032258064496256,1.881305637982131,2.4006359300471303,1.1967567567567252,1.5714285714285714,0.1058163980377904,-0.0638297872340425,0.2799999999997453,4.755000000000109,high,normal,mixed,fast,high|normal|mixed|fast,historical7d,1.5714285714285714,0.10581639803779043,0.05888538380646455,0.8659793814440336,1.9850746268662525,2.4006359300471303,1.1967567567567252,0.10581639803779043,-0.06382978723404255,0.015965166908563134,-1.5346565486030967,0.7883178701095273,-0.37316933924678464,0.20820189274442882,0.10339425587464297,2.9563374311147768,1.4193548387065542,8259.351000070572
1s-s0-t73,1s,0,SECONDARY,SELL,-1,1789662996.978,1789663295.981,299.00300002098083,0.0518151827007493,40.21604476835945,8.109999999999673,-3.699999999999818,take_profit,0.8125000000014211,2.0528169014086486,-3.54861111111187,0.3201284796573592,-0.9813084112149532,0.9380648005289838,0.3366271409750802,0.0489181561618509,3.54861111111187,-0.3201284796573592,0.8125000000014211,2.0528169014086486,-3.0960264900668304,0.2634361233480322,1.103448275862069,0.1296630148384321,-0.0841121495327102,0.2600000000002183,5.829999999999927,high,normal,mixed,normal,high|normal|mixed|normal,historical7d,1.103448275862069,0.12966301483843218,0.04459691252147882,6.337662337660068,3.698324022346891,3.0960264900668304,-0.2634361233480322,0.12966301483843218,0.08411214953271028,-0.07050359712230216,3.2416358475932374,3.961760145694923,3.6016979966440803,0.08233276157812675,0.31893382352943195,2.2651772705198883,0.8965517241394991,9506.386999845505
1s-s0-t74,1s,0,PRIMARY,SELL,-1,1789663504.984,1789663549.929,44.9449999332428,0.0549668411885223,-23.30375864524033,0.0,-4.430000000000291,emergency_stop,0.8285714285736002,1.0647580095433269,-2.358620689655518,-1.1079489695782458,-1.6891891891891893,1.0453869047619049,0.2516556291390755,0.0757180156660257,2.358620689655518,1.1079489695782458,0.8285714285736002,1.0647580095433269,-2.528650646951065,-0.8814691151921281,1.2820512820512822,0.0772009029345591,-0.1351351351351351,0.2900000000008731,3.905000000000655,normal,normal,choppy,normal,normal|normal|choppy|normal,historical7d,1.2820512820512822,0.07720090293455918,0.07426376440482062,3.6746031746033463,3.478927203067452,2.5286506469510646,0.8814691151921281,0.07720090293455918,0.13513513513513514,0.07995079950799508,1.1459525276522817,2.5974580878753235,1.8717053077638028,0.011523687580042309,0.006089309878223378,1.3650743712093936,1.0622710622738465,10014.392999887466
1s-s0-t75,1s,0,PRIMARY,BUY,1,1789664822.995,1789665122.976,299.98099994659424,0.0531405678900335,-20.80036552387542,4.0700000000006185,-4.089999999999236,emergency_stop,1.0303030303009424,1.3317498020584602,2.698961937715485,1.7864644107351235,0.0,1.0069598180970265,0.2660300136427202,0.0781249999998075,2.698961937715485,1.7864644107351235,0.9090909090889048,1.3317498020584602,2.9545454545465195,1.477799227799355,1.0310077519379846,0.1112696148361166,0.0,0.2999999999992724,4.204999999999927,normal,normal,mixed,normal,normal|normal|mixed|normal,historical7d,1.0310077519379846,0.11047754811133698,0.0808561236621265,2.7890624999983458,1.6315789473686415,2.935606060606708,1.495173745173727,0.11047754811133698,0.0,0.036755386565272496,-0.14654356060836227,0.13640520219491448,-0.005069179206723673,0.05588585017849849,0.024327122153269733,1.373044369564149,1.0622504110854678,11332.351999998093
1s-s0-t76,1s,0,MICRO,SELL,-1,1789665128.972,1789665431.976,303.00400018692017,0.051510480970007,0.6901525681191739,1.75,-2.789999999999964,momentum_zero_cross,0.7812499999984901,1.6912114014250879,-2.943859649122227,-1.351290684623796,-3.2057522123893807,0.9975563578724904,0.2837335136964365,0.0473036896877969,2.943859649122227,1.351290684623796,0.7812499999984901,1.691211401425088,-3.26459143968886,-1.1621621621622096,0.8828125,0.1325643861596256,-0.2035398230088495,0.25,5.3400000000001455,high,normal,mixed,normal,high|normal|mixed|normal,historical7d,0.8828125,0.13256438615962562,0.04681647940074779,4.403433476394301,3.0368271954671884,3.2645914396888593,1.1621621621622096,0.13256438615962562,0.20353982300884957,0.0547112462006079,1.1388420367054413,1.8746650333049788,1.5067535350052106,0.0037453183521415755,0.0020746887967257135,1.4930225653205853,0.6896972656236671,11638.380999803543
1s-s0-t77,1s,0,SECONDARY,BUY,1,1789666476.851,1789666737.9550002,261.10400009155273,0.0515645669750257,-19.788697753850027,0.7300000000004729,-4.009999999999309,emergency_stop,0.6129032258061677,1.2818096135722372,2.31428571428616,-0.3543091655266763,4.0,0.8837000896146571,0.3211100099107765,0.0568011958145247,2.31428571428616,-0.3543091655266763,0.6129032258061677,1.2818096135722372,2.551181102362069,-0.2500000000000439,0.7009345794392523,0.1562952243133238,0.3243243243243243,0.1899999999995998,3.4000000000005457,normal,tight,mixed,slow,normal|tight|mixed|slow,historical7d,0.7009345794392523,0.1562952243133238,0.055882352941049804,1.6470588235284433,1.9330143540664277,2.551181102362069,-0.2500000000000439,0.1562952243133238,0.32432432432432434,0.16339869281045752,-0.9041222788336258,2.1830143540664717,0.6394460376164228,0.002941176470651963,0.21085759244689942,0.8984646824104466,0.4296050648174073,12986.259999990463
1s-s0-t78,1s,0,PRIMARY,SELL,-1,1789666760.825,1789667660.962,900.1369998455048,0.050013762623252,27.617655585934735,6.510000000000218,-2.5999999999994543,max_hold,0.8333333333328281,1.0146914789423573,-1.208333333332271,-0.8983799705450978,-0.6911764705882353,0.9094750889679716,0.2038338658143569,0.1059322033898043,1.208333333332271,0.8983799705450978,0.8333333333328281,1.0146914789423571,-1.2204724409450427,-0.8507183010617612,0.8613861386138614,0.0868347338933269,-0.0588235294117647,0.25,2.590000000000145,normal,normal,choppy,normal,normal|normal|choppy|normal,historical7d,0.8613861386138614,0.08683473389332692,0.0965250965250911,1.4545454545436507,2.0252525252512332,1.2204724409450427,0.8507183010617612,0.08683473389332692,0.058823529411764705,0.034482758620689655,0.234073013598608,1.174534224189472,0.70430361889404,0.13127413127418008,0.05841924398628222,0.8740411749305455,0.7178217821777826,13270.233999967575
1s-s0-t79,1s,0,PRIMARY,SELL,-1,1789668684.972,1789668791.965,106.99300003051758,0.0521781082007734,-12.73356404854608,0.7699999999995271,-2.7100000000000364,momentum_zero_cross,0.9062500000035527,1.2499999999995415,-2.2277227722777493,-0.9683042789226556,0.4642857142857143,0.9484496914352968,0.2317198764161735,0.0952380952383797,2.2277227722777493,0.9683042789226556,0.9062500000035528,1.2499999999995417,-1.7543859649119324,-1.0959641255604995,0.9130434782608696,0.1089588377728117,0.0476190476190476,0.2900000000008731,3.0999999999994543,normal,normal,mixed,normal,normal|normal|mixed|normal,historical7d,0.9130434782608695,0.10895883777281172,0.0935483870970723,0.1839080459768673,1.4341736694686378,1.7543859649119324,1.0959641255604995,0.10895883777281172,-0.047619047619047616,-0.013043478260869565,-1.570477918935065,0.3382095439081383,-0.6161341875134634,0.030645161290116737,0.022511848341080547,1.1413043478256681,0.8274456521771568,15194.380999803543
1s-s0-t80,1s,0,PRIMARY,BUY,1,1789670449.961,1789670824.967,375.00600004196167,0.0511802018814336,-1.763299007450169,2.3200000000006185,-1.2599999999993088,momentum_zero_cross,0.7636363636362433,1.4859437751004623,2.6473988439323133,1.1589743589747592,0.31615925058548,0.902360425782826,0.36119873817058,0.0815533980582435,2.6473988439323133,1.1589743589747592,0.7636363636362433,1.4859437751004625,2.94533762057935,1.34390485629347,0.7898089171974523,0.144297416508771,0.0491803278688524,0.2100000000000363,2.7750000000005457,normal,normal,mixed,normal,normal|normal|mixed|normal,historical7d,0.7898089171974523,0.144297416508771,0.0756756756756739,0.5866666666666344,2.2441314553974414,2.94533762057935,1.3439048562934701,0.144297416508771,0.04918032786885246,0.06293706293706294,-2.3586709539127155,0.9002265991039713,-0.7292221774043721,0.0756756756756739,0.054687500000007404,1.1736116440283906,0.6031268094961413,16959.36999988556
1s-s0-t81,1s,0,PRIMARY,BUY,1,1789671602.992,1789672503.7619998,900.769999742508,0.0510420153363538,-9.867352672958654,1.800000000000182,-3.4600000000000364,max_hold,1.272727272724642,1.576379974326469,2.4913294797691203,1.7854330708667494,0.9931972789115646,1.1845070422535209,0.2890677397718985,0.0980735551663005,2.4913294797691203,1.7854330708667494,1.272727272724642,1.576379974326469,3.3026819923337363,2.177671068427796,1.27007299270073,0.1306456501969932,0.0952380952380952,0.2799999999997453,3.069999999999709,high,wide,mixed,normal,high|wide|mixed|normal,historical7d,1.27007299270073,0.13064565019699323,0.09120521172631006,1.7121212121227363,1.6799999999988358,3.3026819923337363,2.1776710684277956,0.13064565019699323,0.09523809523809523,0.15989159891598917,-1.590560780211,-0.4976710684289598,-1.0441159243199798,0.13029315960931062,0.07200720072017826,2.0021176316263185,1.616456536161224,18112.40100002289
1s-s0-t82,1s,0,PRIMARY,SELL,-1,1789673571.864,1789674472.952,901.0879998207092,0.0502687288040082,4.858931139979496,4.359999999999673,-0.2200000000002546,max_hold,1.0232558139539802,1.6454545454545428,-3.2681159420297208,-1.554123711339498,-1.4054794520547946,1.027364185110664,0.2957377049177161,0.085937500000086,3.2681159420297208,1.554123711339498,1.0232558139539802,1.6454545454545428,-3.973333333335964,-2.1651705565526576,1.0147058823529411,0.1141762452107282,-0.1176470588235294,0.2200000000002546,2.715000000000145,high,normal,mixed,normal,high|normal|mixed|normal,historical7d,1.0147058823529411,0.11417624521072822,0.08103130755073402,2.1403508771963415,2.682352941173953,3.9733333333359635,2.1651705565526576,0.11417624521072822,0.11764705882352941,0.041758241758241756,-1.832982456139622,0.5171823846212953,-0.6579000357591631,0.10497237569054851,0.04757929883136308,1.6696524064171097,1.0383036935709504,20081.273000001907
1s-s0-t83,1s,0,SECONDARY,SELL,-1,1789675361.956,1789675505.819,143.86299991607666,0.0506495144246983,-19.389059577695708,0.6399999999994179,-4.0,emergency_stop,0.9166666666685614,1.7233201581029638,-3.2450000000008004,-0.3232044198901163,-2.186186186186186,0.9594686020050434,0.2825424466695796,0.0683229813665333,3.2450000000008004,0.3232044198901163,0.9166666666685614,1.7233201581029638,-2.5351562500011298,-0.4076655052270262,1.0149253731343284,0.1503358813990108,-0.1940298507462686,0.2200000000002546,3.270000000000437,high,normal,mixed,normal,high|normal|mixed|normal,historical7d,1.0149253731343284,0.15033588139901088,0.0672782874618426,2.2622950819667245,3.079497907946097,2.5351562500011298,0.40766550522702627,0.15033588139901088,0.19402985074626866,-0.08181818181818182,-0.2728611680344053,2.6718324027190707,1.199485617342333,0.0,0.0,1.7490413544925603,0.9303482587083908,21871.365000009537
1s-s0-t84,1s,0,PRIMARY,SELL,-1,1789681108.9580002,1789681138.528,29.5699999332428,0.0491300289919574,-9.121583078325065,0.0,-2.339999999999236,momentum_zero_cross,0.8799999999973807,1.0725663716807277,-1.754716981132464,-1.1771019677995986,-4.333333333333334,1.1167684539552776,0.222665602554155,0.1452145214517687,1.754716981132464,1.1771019677995986,0.8799999999973807,1.0725663716807277,-2.1544401544391945,-2.043478260868804,0.8909090909090909,0.0983433204085764,-0.4893617021276595,0.2199999999993451,1.514999999999418,normal,normal,choppy,normal,normal|normal|choppy|normal,historical7d,0.8909090909090909,0.09834332040857643,0.14521452145176877,2.3030303030254036,1.1977401129955347,2.1544401544391945,2.043478260868804,0.09834332040857643,0.48936170212765956,0.11572700296735905,0.14859014858620911,-0.8457381478732691,-0.34857399964353,0.0,0.2619300106045692,0.9555591311337391,0.7839999999976663,2341.065000295639
1s-s0-t85,1s,0,SECONDARY,SELL,-1,1789684082.9740002,1789685283.904,1200.9299998283386,0.0484151870701246,-9.591210604225672,0.6199999999998909,-3.9200000000000728,max_hold,0.8095238095257687,2.153594771242236,-3.113207547168808,-1.6618705035972352,-1.4705882352941178,1.4198202459791864,0.3646408839779866,0.0530421216848913,3.113207547168808,1.6618705035972352,0.8095238095257687,2.153594771242236,-4.299674267101622,-3.415896487986372,1.891304347826087,0.2386117136678096,-0.1764705882352941,0.1700000000000727,3.2950000000000728,high,normal,mixed,fast,high|normal|mixed|fast,historical7d,1.891304347826087,0.23861171366780962,0.05159332321701639,8.444444444429848,5.217391304346932,4.299674267101622,3.4158964879863722,0.23861171366780962,0.17647058823529413,0.05421686746987952,4.144770177328226,1.8014948163605595,2.9731324968443933,0.0,0.0,4.073103154305968,1.5310559006248234,966.3590002059937
1s-s0-t86,1s,0,PRIMARY,BUY,1,1789705238.932,1789705870.943,632.0110001564026,0.0476635412908606,-19.20391918883261,2.300000000000182,-4.210000000000036,emergency_stop,0.6279069767433253,1.078740157480097,2.210526315789425,1.1888111888112494,1.1470588235294117,0.7914128227444155,0.2544720138489147,0.1377551020406364,2.210526315789425,1.1888111888112494,0.6279069767433253,1.078740157480097,2.0396600566580823,2.7375201288248614,0.6415094339622641,0.1004464285719886,0.1176470588235294,0.269999999999527,2.055000000000291,normal,tight,mixed,slow,normal|tight|mixed|slow,historical7d,0.6415094339622641,0.10044642857198867,0.13138686131361987,1.1390728476827254,1.4023904382480803,2.0396600566580823,2.7375201288248614,0.10044642857198867,0.11764705882352941,0.01639344262295082,-0.9005872089753568,-1.335129690576781,-1.117858449776069,0.026763990267777735,0.007503410641239394,0.6920219878174206,0.40280824923156716,1848.9270000457764
1s-s0-t87,1s,0,PRIMARY,SELL,-1,1789706581.792,1789707481.849,900.0569999217987,0.0461585649746017,-3.3131037007918755,4.690000000000509,-1.449999999999818,max_hold,0.511627906974875,0.6787003610109504,-0.6157635467983826,-1.3681241184768025,-2.04,1.03463787674314,0.0915750915749353,0.1725490196072557,0.6157635467983826,1.3681241184768025,0.511627906974875,0.6787003610109504,-0.749226006191933,-2.303854875283489,0.6792452830188679,0.0443711037770057,-0.3333333333333333,0.2199999999993451,1.4099999999998545,low,tight,choppy,slow,low|tight|choppy|slow,historical7d,0.6792452830188679,0.044371103777005726,0.1560283687938779,2.580645161287578,1.033613445378132,0.749226006191933,2.3038548752834895,0.044371103777005726,0.3333333333333333,-0.0033222591362126247,1.8314191550956451,-1.2702414299053575,0.2805888625951438,0.0992907801414414,0.05020920502095553,0.46100401879989084,0.3475208424735,3191.7870001792908
1s-s0-t88,1s,0,PRIMARY,SELL,-1,1789712211.0449998,1789713111.404,900.3590002059937,0.0458989230466196,-1.8009755625523176,8.05999999999949,-0.7000000000007276,max_hold,0.517647058823907,0.8409371146733353,-1.0588235294110782,-1.5857142857144926,-3.425806451612904,0.8187960687960688,0.2062499999999076,0.1305637982197751,1.0588235294110782,1.5857142857144926,0.517647058823907,0.8409371146733353,-0.9274004683845658,-1.8111888111889285,0.62,0.1149825783968879,-0.2903225806451613,0.2200000000002546,1.7049999999999272,normal,tight,mixed,slow,normal|tight|mixed|slow,historical7d,0.62,0.11498257839688791,0.129032258064671,0.06993006992903808,2.325259515571805,0.9274004683845658,1.8111888111889283,0.11498257839688791,0.2903225806451613,0.2,-0.8574703984555277,0.5140707043828769,-0.17169984703632546,0.008797653959136691,0.0028436018957963727,0.5213810110974679,0.3209411764708224,2884.6789996623993
1s-s0-t89,1s,0,BURST,BUY,1,1789713296.6780002,1789713363.931,67.25299978256226,0.0457577838582513,5.167356887766561,1.949999999999818,-0.25,momentum_zero_cross,0.5647058823521859,2.410596026489913,3.977777777778101,2.965918536991168,2.542372881355932,1.4553571428571428,0.584585238406268,0.0530973451326899,3.977777777778101,2.965918536991168,0.5647058823521859,2.410596026489913,3.787941787940999,5.019999999998612,1.2127659574468086,0.3660104459624798,0.25,0.2399999999997817,4.549999999999272,high,tight,efficient,normal,high|tight|efficient|normal,historical7d,1.2127659574468086,0.3660104459624798,0.05274725274721321,6.777777777777296,3.8617886178818384,3.7879417879409987,5.019999999998612,0.3660104459624798,0.25,0.013888888888888888,2.9898359898362976,-1.1582113821167739,0.9158123038597616,0.0,0.0,2.9234887980835116,0.6848560700866936,3970.3120000362396
1s-s0-t90,1s,0,PRIMARY,BUY,1,1789713750.544,1789714650.717,900.1730000972748,0.0461627402453969,18.775952528765757,4.710000000000036,-0.0500000000001819,max_hold,0.7160493827156058,1.4984802431611992,1.3151260504200333,1.0468749999998757,-1.6666666666666663,0.8285714285714285,0.2777284826974168,0.1252699784017338,1.3151260504200333,1.0468749999998757,0.7160493827156058,1.4984802431611992,1.1017699115050266,1.9142857142854248,0.8045977011494253,0.1020910209097898,-0.1428571428571428,0.2899999999999636,2.465000000000145,normal,tight,mixed,normal,normal|tight|mixed|normal,historical7d,0.8045977011494253,0.10209102090978989,0.1176470588235077,-0.566929133856125,0.8480000000010477,1.1017699115050266,1.9142857142854248,0.10209102090978989,-0.14285714285714285,-0.059907834101382486,-1.6686990453611514,-1.0662857142843771,-1.3674923798227643,0.18864097363051058,0.08571428571414201,1.2056737588653328,0.5761316872424415,4424.1779997348785
1s-s0-t91,1s,0,PRIMARY,BUY,1,1789721883.617,1789722322.851,439.23400020599365,0.0476341775907189,24.936038824806968,11.61999999999989,-0.9800000000004728,momentum_zero_cross,0.4680851063841727,1.9623059866966197,3.855769230769576,1.3964757709251534,-2.535714285714286,0.5892248238235962,0.5114795918367531,0.0528211284514306,3.855769230769576,1.3964757709251534,0.4680851063841727,1.96230598669662,4.265957446810559,1.4054054054052667,0.5161290322580645,0.2317919075142295,-0.25,0.2200000000002546,4.425000000001091,high,tight,mixed,slow,high|tight|mixed|slow,historical7d,0.5161290322580645,0.2317919075142295,0.04971751412433907,0.8768472906403235,4.301470588232383,4.2659574468105586,1.4054054054052667,0.2317919075142295,-0.25,0.047619047619047616,-3.389110156170235,2.8960651828271162,-0.24652248667155963,0.07344632768376214,0.07238307349681015,1.0128030899079328,0.24159231297247624,1859.6480000019073
1s-s0-t92,1s,0,SECONDARY,BUY,1,1789722363.998,1789723566.905,1202.9069998264313,0.0495883697263779,33.172520717550626,7.5600000000004,-3.520000000000437,max_hold,0.21978021977894577,2.2257720979768636,2.3046874999993894,0.1226114649682451,0.0,1.068916633218412,0.1759093619559314,0.0413145539906525,2.3046874999993894,0.1226114649682451,0.4835164835168789,2.293929712460299,2.393509127789496,0.1511285574093298,1.5806451612903225,0.1072337331881203,0.0,0.2200000000002546,5.385000000000218,high,tight,mixed,fast,high|tight|mixed|fast,historical7d,1.5806451612903225,0.10283105022849309,0.01913875598075547,6.274285714287544,5.879365079365897,2.2839756592294873,0.08832188420035043,0.10283105022849309,-0.02040816326530612,-0.013392857142857142,3.9903100550580564,5.791043195165546,4.8906766251118015,0.0,0.2929634641406258,3.518155896802139,0.34739454094091426,2339.9820001125336
1s-s0-t93,1s,0,PRIMARY,BUY,1,1789723626.188,1789724526.8609998,900.6729998588562,0.0521880400092832,14.833679920605377,3.3299999999999272,-2.6599999999998545,max_hold,0.8307692307682405,0.7608695652172432,0.6074380165278851,2.1313526192338275,1.4933333333333334,1.0152623474734237,0.0875521143535732,0.174193548386669,0.6074380165278851,2.1313526192338275,0.8307692307682405,0.7608695652172432,0.8149882903963945,2.566854990583557,0.954954954954955,0.0549936788875978,0.16,0.269999999999527,1.574999999999818,normal,normal,choppy,normal,normal|normal|choppy|normal,historical7d,0.954954954954955,0.05499367888759787,0.17142857142829096,1.8993710691823755,1.2950391644912733,0.8149882903963945,2.566854990583557,0.05499367888759787,0.16,-0.01818181818181818,1.084382778785981,-1.2718158260922838,-0.09371652365315142,0.20000000000034648,0.04436619718316805,0.7265961613786287,0.7933471933462477,3602.2190001010895
1s-s0-t94,1s,0,BURST,SELL,-1,1789728974.961,1789729004.998,30.03700017929077,0.0533505286004901,-2.297590930433349,0.0399999999999636,-0.7800000000006548,momentum_zero_cross,0.8620689655173496,2.1689008042898372,-2.905882352940589,-1.7301980198015523,-5.28995756718529,1.3981150917993153,0.5757575757573444,0.0621118012422276,2.905882352940589,1.7301980198015523,0.8620689655173496,2.168900804289837,-3.9838709677454847,-1.5345773874864392,1.3333333333333333,0.3744315310754055,-0.5238095238095238,0.25,4.045000000000073,high,normal,efficient,normal,high|normal|efficient|normal,historical7d,1.3333333333333333,0.37443153107540555,0.06180469715698282,4.419354838716586,2.7603305785118626,3.9838709677454847,1.5345773874864392,0.37443153107540555,0.5238095238095238,0.3161764705882353,0.4354838709711015,1.2257531910254233,0.8306185309982622,0.07045735475892444,0.04793944491166103,2.891867739053116,1.149425287356466,334.3199999332428
1s-s0-t95,1s,0,PRIMARY,SELL,-1,1789730727.814,1789731283.908,556.0939998626709,0.0531704705664631,6.4115423709114925,3.0799999999999272,-1.0499999999992724,momentum_zero_cross,1.0714285714293255,1.0242130750606255,-2.584795321634976,-1.373576309794621,-1.5833333333333333,0.9393629900984578,0.2881355932204957,0.1435643564355945,2.584795321634976,1.373576309794621,1.0357142857142567,1.0242130750606255,-1.9552238805951576,-1.379464285714359,1.1730769230769231,0.1219360843936105,-0.1666666666666666,0.2899999999999636,2.1149999999997817,normal,normal,mixed,normal,normal|normal|mixed|normal,historical7d,1.1730769230769231,0.13477334955907522,0.14184397163130633,1.0634920634919947,0.9333333333334412,2.2039800995013956,1.3482142857148858,0.13477334955907522,0.16666666666666666,0.01904761904761905,-1.140488036009401,-0.4148809523814446,-0.7776844941954227,0.0,0.0,1.2014807226672723,1.2568681318690165,2086.3170001506805
1s-s0-t96,1s,0,PRIMARY,SELL,-1,1789735360.577,1789736260.586,900.0090000629425,0.0536729315133163,6.985792672211871,5.420000000000073,-1.690000000000509,max_hold,1.0196078431376745,1.5789473684217246,-0.8345864661633877,-2.7575757575752786,-0.8724489795918368,0.9723196881091618,0.0687306501546927,0.1502890173412045,0.8345864661633877,2.7575757575752786,1.0196078431376745,1.5789473684217246,-0.8813559322023709,-4.14285714285869,1.302325581395349,0.0365682137833674,-0.1111111111111111,0.2600000000002183,2.0250000000005457,high,normal,choppy,normal,high|normal|choppy|normal,historical7d,1.302325581395349,0.03656821378336741,0.12839506172846826,3.6039603960447395,0.7549668874176334,0.8813559322023709,4.14285714285869,0.03656821378336741,0.1111111111111111,0.006578947368421052,2.7226044638423685,-3.3878902554410564,-0.3326428957993437,0.06172839506171176,0.01768033946251841,2.056303549572479,1.3278613771095296,1815.84099984169
1s-s0-t97,1s,0,SECONDARY,SELL,-1,1789740332.994,1789740495.973,162.9790000915527,0.054220395414752,-21.949494128016116,2.7100000000000364,-4.230000000000473,emergency_stop,0.7666666666677783,3.677996422183804,-5.154362416102041,-0.2835820895522977,-0.4260869565217391,1.5662266727355487,0.2548108825481541,0.0461384152458266,5.154362416102041,0.2835820895522977,0.7666666666677783,3.677996422183804,-4.970873786404795,-0.6183431952666281,3.647058823529412,0.124031007752121,-0.0434782608695652,0.2300000000004729,5.140000000000327,high,normal,mixed,fast,high|normal|mixed|fast,historical7d,3.6470588235294117,0.12403100775212107,0.044747081712151415,20.727272727332107,9.648936170216563,4.970873786404795,0.6183431952666281,0.12403100775212107,0.043478260869565216,0.03954802259887006,15.756398940927312,9.030592974949936,12.393495957938624,0.0,0.0,13.41386930443505,2.796078431376603,1017.9520001411438
1s-s1-t0,1s,1,PRIMARY,SELL,-1,1789742547.998,1789742913.921,365.9229998588562,0.039184093139022,5.84999999999809,3.2299999999995634,-0.6500000000005457,momentum_zero_cross,0.9295774647884798,0.8285322359398706,-1.6765676567658905,-1.5115384615388907,-4.4,0.8101616203664909,0.2785087719305069,0.2078853046595426,1.6765676567658905,1.5115384615388907,0.8169014084505599,0.8285322359398706,-1.623003194889152,-2.2203389830510347,0.6349206349206349,0.1425364758700351,-0.4,0.2899999999999636,1.5100000000002185,normal,normal,mixed,slow,normal|normal|mixed|slow,historical7d,0.746031746031746,0.15120854412601792,0.21854304635753613,0.8787878787879623,2.4180790960464287,1.7188498402551937,2.2062146892654155,0.15120854412601792,0.3617021276595745,0.18552036199095023,-0.8400619614672314,0.21186440678101315,-0.3140987773431091,0.0066225165564349885,0.1237677984666914,0.6181113506218082,0.6934942991279135,3231.904000043869
1s-s1-t1,1s,1,BURST,SELL,-1,1789743770.854,1789743811.972,41.117999792099,0.0396425470287484,1.2899175000005472,1.269999999999527,-0.1599999999998544,momentum_zero_cross,0.7812500000007105,2.613037447989086,-5.419161676640132,0.8165680473372102,-2.17741935483871,1.1537204890526962,0.4052843708016799,0.0535331905781576,5.419161676640132,-0.8165680473372102,0.7812500000007105,2.613037447989086,-4.215743440232624,1.3708609271515142,2.163636363636364,0.1636857595646113,-0.2241379310344827,0.25,4.710000000000946,high,normal,mixed,fast,high|normal|mixed|fast,historical7d,2.1636363636363636,0.16368575956461137,0.05307855626325898,4.7943262411305065,5.731343283585061,4.2157434402326235,-1.3708609271515142,0.16368575956461137,0.22413793103448276,0.16270566727605118,0.578582800897883,7.102204210736575,3.840393505817229,0.0,0.2978986402966392,5.65366284201275,1.6903409090924464,4455.812000274658
1s-s1-t2,1s,1,PRIMARY,SELL,-1,1789743963.9420002,1789744863.971,900.0289998054504,0.0397436355236717,21.299876534997868,5.599999999999454,-3.850000000000364,max_hold,0.645161290321161,4.077669902912288,-7.908163265309645,-2.8500986193296955,-1.92972972972973,1.0919083969465648,0.3578024007386912,0.0272108843537154,7.908163265309645,2.8500986193296955,0.645161290321161,4.077669902912288,-8.553935860058687,-4.784768211918638,2.6140350877192984,0.1465973818328536,-0.2297297297297297,0.1999999999998181,7.350000000000364,high,tight,mixed,fast,high|tight|mixed|fast,historical7d,2.6140350877192984,0.14659738183285367,0.027210884353715402,3.5487804878121145,5.129496402873866,8.553935860058687,4.784768211918638,0.14659738183285367,0.22972972972972974,0.21307779030439683,-5.005155372246572,0.34472819095522844,-2.330213590645672,0.0,0.0,10.659172202349666,1.6864742501377719,4648.900000333786
1s-s1-t3,1s,1,MICRO,SELL,-1,1789744864.826,1789745160.99,296.1640000343323,0.0414128682156658,27.356667587448,10.029999999999744,-0.4600000000000364,take_profit,0.5666666666665656,1.3671171171171748,-3.2792792792791983,-2.2674897119348234,-2.890502576935681,0.8446517105127785,0.2850430696945923,0.0560131795716905,3.2792792792791983,2.2674897119348234,0.5666666666665656,1.3671171171171748,-2.526066350713209,-3.599337748343032,0.8,0.1056910569103134,-0.3225806451612903,0.1700000000000727,3.0349999999998545,normal,tight,mixed,normal,normal|tight|mixed|normal,historical7d,0.8,0.1056910569103134,0.05601317957169058,1.2984293193722662,2.7272727272750963,2.526066350713209,3.5993377483430318,0.1056910569103134,0.3225806451612903,0.21011673151750973,-1.2276370313409426,-0.8720650210679355,-1.0498510262044392,0.0,0.0,1.0936936936937398,0.45333333333325254,5549.78400015831
1s-s1-t4,1s,1,SECONDARY,SELL,-1,1789745230.877,1789745380.688,149.81100010871887,0.0435567606371055,-17.0073717256465,0.9799999999995634,-4.079999999999927,emergency_stop,0.9152542372908006,2.11275964391649,-1.6653225806451315,-3.9885714285715257,-2.272780625220079,1.2077612882543851,0.1373461922181406,0.051184834123309,1.6653225806451315,3.9885714285715257,0.9152542372908006,2.11275964391649,-1.5051903114181668,-5.644204851752104,1.3410404624277457,0.0756916652163904,-0.2695652173913043,0.2700000000004365,5.339999999999236,high,normal,choppy,normal,high|normal|choppy|normal,historical7d,1.3410404624277457,0.07569166521639041,0.05056179775289797,3.474178403756149,4.004842615008686,1.5051903114181668,5.644204851752104,0.07569166521639041,0.26956521739130435,0.11864406779661017,1.9689880923379823,-1.639362236743418,0.16481292779728207,0.0,0.0,2.833296169876449,1.2273929656154088,5915.835000038147
1s-s1-t5,1s,1,MICRO,BUY,1,1789745476.976,1789745822.81,345.83399987220764,0.04222392376161,24.20509986361369,9.30999999999949,-0.949999999999818,trail,0.912280701754162,1.2631578947367226,2.0260223048332944,2.092081031307211,1.150375939849624,1.0083410834689608,0.1853111186670036,0.0779610194903194,2.0260223048332944,2.092081031307211,0.912280701754162,1.2631578947367226,1.8173515981737245,2.4377682403431584,1.4516129032258065,0.0579667928926784,0.1278195488721804,0.2600000000002183,3.539999999999964,normal,normal,choppy,normal,normal|normal|choppy|normal,historical7d,1.4516129032258065,0.05796679289267845,0.07344632768367823,3.7973568281926537,2.295399515736816,1.8173515981737245,2.4377682403431584,0.05796679289267845,0.12781954887218044,0.04451038575667656,1.9800052300189293,-0.1423687246063423,0.9188182527062934,0.03248587570615336,0.01191092698081665,1.8336162988113716,1.3242784380302353,6161.934000253677
1s-s1-t6,1s,1,PRIMARY,BUY,1,1789747214.968,1789747341.995,127.02700018882751,0.0441208335366004,-13.554085118482067,2.5799999999999272,-3.2100000000000364,momentum_zero_cross,0.8358208955204025,1.618937644341459,1.84079601990066,1.4008179959106335,1.7191919191919192,1.2073947191453187,0.1826258637710604,0.1012658227847393,1.84079601990066,1.4008179959106335,0.8358208955204025,1.618937644341459,1.868686868687648,1.4699570815455787,2.140127388535032,0.0541727672033029,0.1393939393939394,0.2799999999997453,3.5049999999992,high,normal,choppy,fast,high|normal|choppy|fast,historical7d,2.140127388535032,0.054172767203302954,0.07988587731806256,4.177514792894428,2.77902621723046,1.868686868687648,1.4699570815455787,0.054172767203302954,0.1393939393939394,0.05736434108527132,2.3088279242067795,1.3090691356848811,1.80894852994583,0.11840228245339483,0.08746048472057813,3.4647327929855427,1.7887631904130907,7899.926000118256
1s-s1-t7,1s,1,MICRO,SELL,-1,1789747390.945,1789747436.957,46.01200008392334,0.0430586244692067,-11.661866221024658,0.0,-3.1099999999996726,stagnation,0.7575757575748806,2.5265588914547052,-4.757281553398881,-1.3642105263156976,-1.0372856077554065,1.0165316685547203,0.2611940298507238,0.0468164794007477,4.757281553398881,1.3642105263156976,0.7575757575748806,2.526558891454705,-4.725995316157984,-1.3905579399141128,1.8867924528301887,0.1217569687460874,-0.087248322147651,0.25,5.469999999999345,high,normal,mixed,fast,high|normal|mixed|fast,historical7d,1.8867924528301887,0.1217569687460874,0.04570383912249176,3.1952662721836553,3.925093632958531,4.7259953161579835,1.3905579399141128,0.1217569687460874,0.087248322147651,0.09803921568627451,-1.5307290439743282,2.5345356930444183,0.5019033245350447,0.07586837294332967,0.0426735218508944,4.767092248027746,1.4293882218393974,8075.903000116348
1s-s1-t8,1s,1,SECONDARY,BUY,1,1789747489.987,1789748601.928,1111.9409999847412,0.0421447051648478,-16.173680520505933,5.030000000000655,-4.009999999999309,emergency_stop,0.9206349206333165,2.4734411085448746,4.896551724135707,0.4161220043572536,3.783783783783784,0.9491993932243384,0.3259016393442582,0.0543580131209018,4.896551724135707,0.4161220043572536,0.9206349206333164,2.473441108544874,4.655737704916944,0.4098712446351747,1.4074074074074074,0.1439328120473595,0.3153153153153153,0.2899999999999636,5.354999999999563,high,normal,mixed,normal,high|normal|mixed|normal,historical7d,1.4074074074074074,0.1439328120473595,0.05415499533146354,4.743902439020102,3.698529411762267,4.655737704916944,0.4098712446351747,0.1439328120473595,0.3153153153153153,0.13165266106442577,0.08816473410315862,3.2886581671270925,1.6884114506151258,0.0,0.3568123393317259,3.4811393379520457,1.2957084068172604,8174.945000171661
1s-s1-t9,1s,1,PRIMARY,SELL,-1,1789749091.967,1789749991.997,900.0299999713898,0.0408772031570152,21.790030406288032,9.63000000000011,-0.8500000000003638,max_hold,0.8181818181833215,1.3371537726839422,-2.7305936073051016,-1.5944055944053035,-0.7407407407407407,0.9948940568475452,0.2497911445279061,0.0810810810812139,2.7305936073051016,1.5944055944053035,0.8181818181833215,1.3371537726839422,-2.975609756095267,-1.997080291970209,1.5705521472392638,0.104060047765587,-0.0793650793650793,0.2700000000004365,3.5,normal,normal,mixed,fast,normal|normal|mixed|fast,historical7d,1.5705521472392638,0.10406004776558708,0.07714285714298187,2.478723404256297,1.9537953795369551,2.975609756095267,1.997080291970209,0.10406004776558708,0.07936507936507936,0.07105263157894737,-0.4968863518389699,-0.04328491243325394,-0.2700856321361117,0.01142857142882089,0.007246376811751803,2.100069728877848,1.2849972113799406,9776.925000190735
1s-s1-t10,1s,1,PRIMARY,SELL,-1,1789750451.994,1789751026.864,574.8700001239777,0.0425848483188995,-16.587119808060432,2.539999999999964,-4.069999999999709,emergency_stop,0.8,1.838532110090937,-3.1443298969092144,-1.8612836438923224,-1.644385026737968,0.9099385908209436,0.2807609696224615,0.0589569160998246,3.1443298969092144,1.8612836438923224,0.8,1.838532110090937,-3.49904397705682,-2.7450381679384077,1.0873015873015872,0.0999672238606768,-0.1470588235294117,0.2600000000002183,5.009999999999309,high,normal,choppy,normal,high|normal|choppy|normal,historical7d,1.0873015873015872,0.09996722386067682,0.05189620758488107,0.8245614035073863,3.758620689652534,3.4990439770568194,2.7450381679384073,0.09996722386067682,0.14705882352941177,0.03132530120481928,-2.674482573549433,1.0135825217141265,-0.8304500259176535,0.05389221556877531,0.03776223776217354,1.9990388816068123,0.8698412698412699,11136.952000141144
1s-s1-t11,1s,1,SECONDARY,SELL,-1,1789751974.95,1789752242.887,267.9370000362396,0.0412849458239652,-16.159819096195946,5.4399999999996,-4.0900000000001455,emergency_stop,0.9206349206346457,1.0309653916209731,-0.6493506493502812,-1.3830227743272032,-4.012987012987013,0.9865104721334754,0.0564334085778744,0.1039426523297374,0.6493506493502812,1.3830227743272032,0.9206349206346456,1.0309653916209731,-0.8366336633662609,-1.926717557251432,0.7591836734693878,0.0326570048309017,-0.3563218390804598,0.2899999999999636,2.8299999999999272,normal,normal,choppy,normal,normal|normal|choppy|normal,historical7d,0.7591836734693878,0.03265700483090175,0.10247349823320533,3.8076923076882716,1.7849462365584248,0.8366336633662609,1.926717557251432,0.03265700483090175,0.3563218390804598,-0.037037037037037035,2.9710586443220106,-0.14177132069300713,1.4146436618145022,0.0070671378093417215,0.0034217279727007163,0.7826920932306163,0.6989310009716085,12659.90800023079
1s-s1-t12,1s,1,PRIMARY,BUY,1,1789753819.984,1789754157.972,337.98799991607666,0.040018530110815,4.251141681273982,5.350000000000364,-0.9399999999995998,momentum_zero_cross,0.9062499999981348,0.5940594059407595,1.0788530465953747,1.5833333333337656,1.5961203353608415,1.12478008548393,0.1834247410117447,0.181249999999936,1.0788530465953747,1.5833333333337656,0.9062499999981348,0.5940594059407595,0.8069705093840186,1.7397590361450113,1.279279279279279,0.0589387115721316,0.1285714285714285,0.2899999999999636,1.6500000000005457,low,normal,choppy,normal,low|normal|choppy|normal,historical7d,1.2792792792792793,0.0589387115721316,0.1757575757574956,1.837837837834649,0.5114155251146142,0.8069705093840186,1.7397590361450113,0.0589387115721316,0.12857142857142856,0.06395348837209303,1.0308673284506304,-1.228343511030397,-0.09873809128988342,0.0,0.0,0.7599678886809715,1.1593468468444608,14504.94200015068
1s-s1-t13,1s,1,SECONDARY,SELL,-1,1789754302.941,1789754630.972,328.0309998989105,0.0403516843739874,1.0426700519426757,2.709999999999127,-0.5300000000006548,momentum_zero_cross,0.8503937007890933,1.2395929694726948,-2.1859504132250787,-1.6911196911196382,-3.265432098765432,0.8001870193725705,0.2584269662923005,0.0820668693010227,2.1859504132250787,1.6911196911196382,0.8503937007890933,1.2395929694726948,-1.6793650793665202,-2.1108433734942134,0.7904761904761904,0.1351903910041496,-0.2839506172839506,0.2700000000004365,3.350000000000364,normal,normal,mixed,normal,normal|normal|mixed|normal,historical7d,0.7904761904761904,0.13519039100414962,0.0805970149254947,5.163841807908002,3.1288343558299805,1.6793650793665202,2.1108433734942134,0.13519039100414962,0.2839506172839506,0.08303249097472924,3.484476728541482,1.0179909823357671,2.251233855438625,0.0,0.0,0.9798687282498444,0.6722159730047118,14987.899000167847
1s-s1-t14,1s,1,SECONDARY,BUY,1,1789757067.9889998,1789758267.99,1200.001000165939,0.0404333965348446,7.081296554086479,3.050000000000182,-2.6400000000003274,max_hold,0.9666666666674246,1.8091503267970606,3.928143712577602,0.7851063829790973,0.5082632360217714,0.9835004852798448,0.3039851714551383,0.0843023255813723,3.928143712577602,0.7851063829790973,0.9666666666674246,1.8091503267970608,3.847507331379232,0.5540540540544158,1.1728395061728396,0.147814330778772,0.0425531914893617,0.2899999999999636,3.4600000000000364,high,normal,mixed,normal,high|normal|mixed|normal,historical7d,1.1728395061728396,0.14781433077877204,0.08381502890172271,4.843750000007816,3.023474178405985,3.8475073313792314,0.5540540540544158,0.14781433077877204,0.0425531914893617,-0.07394366197183098,0.9962426686285846,2.469420124351569,1.7328313964900768,0.005780346820672501,0.0033472803346491866,2.121842975873096,1.1337448559679673,17752.947000026703
1s-s1-t15,1s,1,PRIMARY,BUY,1,1789758585.943,1789758913.959,328.0160000324249,0.0409883449022853,-0.1176801204791911,4.510000000000218,-0.9600000000000364,momentum_zero_cross,1.0566037735844525,1.0588235294115644,1.6503067484673806,1.5492957746479896,0.3734939759036144,1.026480430670741,0.2254819782064119,0.1497326203206553,1.6503067484673806,1.5492957746479896,1.0566037735844525,1.0588235294115644,1.623880597015444,0.974889217134676,1.1857142857142855,0.0779369627503402,0.036144578313253,0.2799999999997453,1.980000000000473,normal,normal,choppy,normal,normal|normal|choppy|normal,historical7d,1.1857142857142857,0.07793696275034023,0.141414141413979,1.4166666666672982,0.9369369369387676,1.623880597015444,0.9748892171346761,0.07793696275034023,0.03614457831325301,0.11205073995771671,-0.20721393034814573,-0.03795228019590857,-0.1225831052720272,0.010101010100768831,0.005633802816767898,1.2554621848737122,1.2528301886787079,19270.901000261307
1s-s1-t16,1s,1,PRIMARY,BUY,1,1789759468.945,1789760369.956,901.0110001564026,0.0409791225246824,29.334974851637035,12.539999999999964,-3.979999999999563,max_hold,0.9629629629638363,1.0194444444451245,0.7966101694916561,2.4185022026426104,-0.8708414872798435,0.8689745217134213,0.072122762148306,0.1619937694704932,0.7966101694916561,2.4185022026426104,0.9629629629638364,1.0194444444451245,0.9162303664922165,1.672505712109708,0.8843537414965986,0.0372895802258854,-0.0625,0.2600000000002183,1.8350000000009457,normal,normal,choppy,normal,normal|normal|choppy|normal,historical7d,0.8843537414965986,0.037289580225885424,0.14168937329704864,0.6929133858273355,2.406504065037236,0.9162303664922165,1.672505712109708,0.037289580225885424,-0.0625,0.008771929824561403,-0.22331698066488093,0.733998352927528,0.2553406861313233,0.08719346049083461,0.02642444260953861,0.9015495086929672,0.8515998992197191,20153.90300011635
1s-s1-t17,1s,1,PRIMARY,BUY,1,1789761354.9889998,1789761545.753,190.76400017738345,0.0432780512983172,-6.3783726054611485,1.1000000000003638,-1.5399999999999636,momentum_zero_cross,0.7536231884068668,0.614537444934118,0.9371980676319376,1.6368221941995038,1.4444444444444442,1.057116882478685,0.1971544715442878,0.1897810218979846,0.9371980676319376,1.6368221941995038,0.7536231884068668,0.614537444934118,0.8738738738735417,1.2421052631577665,0.6708074534161491,0.0749613601227826,0.1111111111111111,0.2600000000002183,1.3950000000004366,low,normal,choppy,slow,low|normal|choppy|slow,historical7d,0.6708074534161491,0.07496136012278266,0.18637992831551034,2.01069518716796,1.3265993265983655,0.8738738738735417,1.2421052631577665,0.07496136012278266,0.1111111111111111,0.03133903133903134,1.1368213132944183,0.08449406344059907,0.6106576883675087,0.0,0.0,0.41223629846512266,0.505536051850569,22039.947000026703
1s-s1-t18,1s,1,PRIMARY,BUY,1,1789762637.884,1789762736.864,98.98000001907349,0.0427781898058217,-9.416113976816924,1.0099999999993088,-2.300000000000182,momentum_zero_cross,0.7878787878790802,0.8714652956293933,1.980000000000776,1.742382271468105,-0.1835748792270531,0.8442460317460317,0.2129032258065239,0.1704918032787706,1.980000000000776,1.742382271468105,0.7878787878790802,0.8714652956293933,2.0135593220341907,1.4593967517402062,1.0147058823529411,0.0904109589045295,-0.0144927536231884,0.2600000000002183,1.694999999999709,normal,normal,choppy,normal,normal|normal|choppy|normal,historical7d,1.0147058823529411,0.0904109589045295,0.15339233038363595,3.1559633027540084,0.6321243523302291,2.0135593220341907,1.4593967517402062,0.0904109589045295,-0.014492753623188406,0.01639344262295082,1.1424039807198176,-0.8272723994099771,0.15756579065492027,0.09144542772847904,0.03315508021384798,0.8842809617415902,0.7994652406420077,23322.842000246048
1s-s1-t19,1s,1,SECONDARY,BUY,1,1789763657.9139998,1789764857.978,1200.0640001296997,0.0420402660316712,9.293919428155592,5.149999999999636,-1.1300000000001091,max_hold,1.094339622641898,2.002710027099837,3.662068965516307,2.744360902255346,0.875,1.0564971751412429,0.3110720562389653,0.0926517571884566,3.662068965516307,2.744360902255346,1.094339622641898,2.002710027099837,3.2515723270449173,2.660996354799832,1.032258064516129,0.1535491535492177,0.09375,0.2899999999999636,3.694999999999709,high,normal,mixed,normal,high|normal|mixed|normal,historical7d,1.032258064516129,0.1535491535492177,0.07848443843030757,8.820512820539449,4.018604651168292,3.2515723270449173,2.660996354799832,0.1535491535492177,0.09375,-0.03363914373088685,5.568940493494532,1.3576082963684595,3.463274394931496,0.09607577807837386,0.05461538461531745,2.067313576361122,1.1296409007916366,24342.87199997902
1s-s1-t20,1s,1,PRIMARY,SELL,-1,1789767860.959,1789768061.913,200.95399975776672,0.04276861364067,-3.8065329097369065,1.819999999999709,-0.930000000000291,momentum_zero_cross,0.7703703703713285,1.586516853932619,-3.100000000000364,-2.585454545454096,-2.5407407407407407,0.9310485516115872,0.4329608938555782,0.1580547112463787,3.100000000000364,2.585454545454096,0.7703703703713285,1.586516853932619,-2.995169082129008,-2.177641653905063,1.2173913043478262,0.1733780760633205,-0.2592592592592592,0.2600000000002183,1.7650000000003274,high,normal,mixed,normal,high|normal|mixed|normal,historical7d,1.2173913043478262,0.17337807606332054,0.14730878186978472,2.8860759493690704,1.9594594594585626,2.9951690821290082,2.177641653905063,0.17337807606332054,0.25925925925925924,0.003076923076923077,-0.10909313275993782,-0.21818219444650033,-0.16363766360321907,0.02549575070825179,0.012145748987874128,1.9314118221788408,0.9378421900172695,28545.91700029373
1s-s2-t0,1s,2,MICRO,BUY,1,1789963644.742,1789963943.998,299.25600004196167,0.039184093139022,-4.387499999996862,2.740000000000691,-1.1699999999991633,momentum_zero_cross,0.5999999999979789,1.8886138613868328,2.8333333333337047,1.4894736842100602,1.8131868131868127,1.2113652113652111,0.2700934579440522,0.0729729729728308,2.8333333333337047,1.4894736842100602,0.5999999999979789,1.8886138613868328,3.708474576271061,2.100719424459989,1.6111111111111112,0.1078682705579918,0.0930232558139534,0.269999999999527,3.815000000000509,high,tight,mixed,fast,high|tight|mixed|fast,historical7d,1.6111111111111112,0.10786827055799181,0.07077326343368047,3.6323529411766278,4.284313725489147,3.708474576271061,2.100719424459989,0.10786827055799181,0.09302325581395349,0.007194244604316547,-0.07612163509443315,2.183594301029158,1.0537363329673621,0.0,0.0,3.0427667766787865,0.9666666666634105,1835.4520001411438
1s-s2-t1,1s,2,PRIMARY,SELL,-1,1789967510.961,1789968412.9859998,902.0249998569489,0.0388402527217273,14.385152812499683,8.699999999999818,-1.9699999999993447,max_hold,0.5882352941173953,1.0911086717888476,-2.1545893719805576,-2.065789473683713,-2.169230769230769,0.8237131883825951,0.3021680216802649,0.1057082452431387,2.1545893719805576,2.065789473683713,0.5882352941173953,1.0911086717888476,-2.03652968036527,-2.0179948586117487,0.9814814814814816,0.1277936962751745,-0.2307692307692307,0.25,2.484999999998763,normal,tight,mixed,normal,normal|tight|mixed|normal,historical7d,0.9814814814814815,0.1277936962751745,0.10060362173043237,2.4430379746840254,0.5795053003531662,2.03652968036527,2.0179948586117487,0.1277936962751745,0.23076923076923078,0.11688311688311688,0.40650829431875524,-1.4384895582585826,-0.5159906319699137,0.06438631790741815,0.029170464904259622,1.0709029556446097,0.5773420479300361,5701.671000003815
1s-s2-t2,1s,2,SECONDARY,SELL,-1,1789968692.959,1789969892.9740002,1200.0150001049042,0.0399675910569754,-4.360479931548151,3.149999999999636,-3.2100000000000364,max_hold,0.6486486486507081,2.739687055475337,-3.2910798122042477,0.9664429530202244,-0.7330827067669172,0.9902600472813238,0.3820163487738607,0.0500521376435219,3.2910798122042477,-0.9664429530202244,0.6486486486507081,2.739687055475337,-3.6227390180879815,1.1105398457586542,1.54,0.1518301927652621,-0.0789473684210526,0.2400000000006912,4.8149999999996,high,tight,mixed,fast,high|tight|mixed|fast,historical7d,1.54,0.1518301927652621,0.04984423676027231,4.790697674415588,7.820895522378902,3.6227390180879815,-1.1105398457586542,0.1518301927652621,0.07894736842105263,0.056433408577878104,1.1679586563276065,8.931435368137556,5.049697012232581,0.0,0.3321775312067163,4.21911806543202,0.9989189189220906,6883.669000148773
1s-s2-t3,1s,2,SECONDARY,SELL,-1,1789970946.9539998,1789971214.91,267.956000328064,0.0396258681534382,-15.548343066087286,0.0,-4.099999999999454,emergency_stop,0.6829268292679139,1.2957055214718756,-2.4213333333340032,-2.531791907514305,-2.9822222222222226,1.2391894250757731,0.3275613275614605,0.1138211382113189,2.4213333333340032,2.531791907514305,0.6829268292679139,1.2957055214718756,-1.8159999999996217,-2.8331177231564104,0.8333333333333334,0.1289772727274165,-0.35,0.2799999999997453,2.639999999999418,normal,tight,mixed,normal,normal|tight|mixed|normal,historical7d,0.8333333333333334,0.1289772727274165,0.10606060606053298,4.423357664229293,2.1522491349476742,1.8159999999996217,2.8331177231564104,0.1289772727274165,0.35,0.08970099667774087,2.6073576642296716,-0.6808685882087362,0.9632445380104675,0.020833333333448167,0.0072607260726467275,1.079754601226563,0.5691056910565949,1617.8119995594025
1s-s2-t4,1s,2,SECONDARY,SELL,-1,1789984832.975,1789984990.985,158.00999975204468,0.0384073727077201,-15.180501503515917,2.430000000000291,-4.130000000000109,emergency_stop,0.5428571428554352,3.6753926701587436,-7.688524590155942,-2.259649122807629,-0.6060606060606061,0.7232442809150537,0.4314627414903079,0.0491642084562435,7.688524590155942,2.259649122807629,0.7142857142849719,3.675392670158744,-7.991596638658333,-1.6902887139115244,1.375,0.150689272698465,-0.0606060606060606,0.25,5.265000000000327,high,tight,mixed,normal,high|tight|mixed|normal,historical7d,1.3958333333333333,0.14733343883527403,0.0360873694206245,5.754385964916367,4.9789473684167795,7.823529411768438,1.6509186351714475,0.14733343883527403,0.04477611940298507,0.05215419501133787,-2.0691434468520704,3.3280287332453318,0.6294426431966303,0.01424501424497881,0.013192612137170242,5.13023560209658,0.7577380952357116,2463.2329998016357
1s-s2-t5,1s,2,MICRO,BUY,1,1789984996.8990002,1789985002.813,5.913999795913696,0.0372177043380984,-1.2822524864394826,0.0500000000001819,-0.3599999999996726,momentum_zero_cross,0.8405797101442016,3.427574171030916,6.59531772574815,0.0816993464046479,2.0,1.2252124478483375,0.4047619047617536,0.064732142857141,6.59531772574815,0.0816993464046479,0.8405797101442016,3.427574171030916,8.536796536790625,0.0656167978998094,1.8333333333333333,0.2067953020138689,0.2,0.2899999999999636,4.909999999999855,high,normal,mixed,fast,high|normal|mixed|fast,historical7d,1.8333333333333333,0.20679530201386898,0.05906313645620615,5.531914893614496,6.849999999992315,8.536796536790625,0.06561679789980948,0.20679530201386898,0.2,0.12385321100917432,-3.0048816431761294,6.7843832020925054,1.8897507794581885,0.0,0.08760024676137991,6.283885980223346,1.5410628019310362,2627.2590000629425
1s-s2-t6,1s,2,MICRO,BUY,1,1789985709.5100002,1789985754.127,44.61699986457825,0.0371172165363857,-10.76315257312022,0.4099999999998545,-3.590000000000145,momentum_zero_cross,0.8484848484842639,2.2478941034890143,3.867579908678644,1.4472934472938548,0.4555555555555555,1.32641291810842,0.3752769162604583,0.0608695652173311,3.867579908678644,1.4472934472938548,0.8484848484842639,2.2478941034890143,5.412541254127972,1.227053140097213,1.5178571428571428,0.1841041760215363,0.0602409638554216,0.2799999999997453,4.669999999999163,high,normal,mixed,fast,high|normal|mixed|fast,historical7d,1.5178571428571428,0.1841041760215363,0.059957173447493683,2.6666666666659573,1.312138728323593,5.412541254127972,1.2270531400972127,0.1841041760215363,0.060240963855421686,0.03626943005181347,-2.7458745874620147,0.08508558822638035,-1.3303944996178172,0.05781584582432022,0.03251053582173601,3.4119821213672537,1.2878787878779006,3339.8700001239777
1s-s2-t7,1s,2,PRIMARY,SELL,-1,1789993811.904,1789994712.995,901.0910000801086,0.0362737277905964,-8.817538687946506,5.3200000000006185,-2.949999999999818,max_hold,1.1153846153854898,2.841698841697502,-3.526315789468069,-4.260683760682438,-1.1904761904761905,1.1221595190245468,0.2721996517699268,0.0874811463046513,3.526315789468069,4.260683760682438,1.1153846153854898,2.841698841697502,-3.8102189780994857,-2.492499999999948,1.8823529411764703,0.1245229007659851,-0.1392405063291139,0.2899999999999636,3.679999999998472,high,normal,mixed,fast,high|normal|mixed|fast,historical7d,1.8823529411764706,0.12452290076598516,0.07880434782610979,0.9074074074052241,4.5128205128202135,3.8102189780994857,2.492499999999948,0.12452290076598516,0.13924050632911392,0.07929515418502203,-2.9028115706942614,2.0203205128202653,-0.4412455289369981,0.05570652173913379,0.038353601496716995,5.349080172607063,2.099547511313863,3809.7730000019073
1s-s3-t0,1s,3,MICRO,SELL,-1,1790004086.949,1790004353.822,266.8730001449585,0.039184093139022,19.04062500000037,5.5900000000001455,-0.6700000000000728,trail,0.8999999999999242,1.6193619361933975,-3.00436681222876,-4.228637413395293,-0.4177215189873418,0.7657563025210085,0.2819672131148211,0.075418994413258,3.00436681222876,4.228637413395293,0.8999999999999242,1.6193619361933975,-2.9783549783572485,-4.995907230557273,1.2461538461538462,0.1240533718013545,-0.0379746835443038,0.269999999999527,3.680000000000291,high,normal,mixed,normal,high|normal|mixed|normal,historical7d,1.2461538461538462,0.12405337180135452,0.07336956521725699,0.9605263157933157,0.9931506849325992,2.9783549783572485,4.995907230557273,0.12405337180135452,0.0379746835443038,0.030864197530864196,-2.017828662563933,-4.002756545624673,-3.010292604094303,0.038043478260708384,0.012903225806397533,2.0179741051025415,1.121538461538367,2610.0689997673035
1s-s3-t1,1s,3,PRIMARY,SELL,-1,1790005642.848,1790005976.655,333.8069999217987,0.0406762723858724,-15.571218750000009,0.0,-4.0,emergency_stop,0.9666666666659592,1.056244041945081,-1.643598615916139,-1.1702479338841256,0.487012987012987,0.9964155168055704,0.2549651100375369,0.1066176470588001,1.643598615916139,1.1702479338841256,0.9666666666659592,1.056244041945081,-1.7794392523357292,-1.8323207776426376,0.9936305732484076,0.1214905564076642,0.0389610389610389,0.2899999999999636,2.770000000000437,normal,normal,mixed,normal,normal|normal|mixed|normal,historical7d,0.9936305732484076,0.12149055640766425,0.10469314079419419,1.336898395721353,0.24736842105137694,1.7794392523357292,1.8323207776426378,0.12149055640766425,-0.03896103896103896,0.05045871559633028,-0.44254085661437625,-1.5849523565912609,-1.0137466066028185,0.1462093862818018,0.046685878962610526,1.0495163728881058,0.9605095541394245,4165.96799993515
1s-s3-t2,1s,3,BURST,BUY,1,1790006264.808,1790006342.84,78.03199982643127,0.0394559842142962,3.2473776703147,2.2100000000000364,-1.5499999999992724,momentum_zero_cross,0.7096774193538923,2.0019704433501557,4.348785871964212,0.0193661971828736,4.066666666666666,1.2344975642894365,0.5574419920765258,0.0438683948154199,4.348785871964212,0.0193661971828736,0.7096774193538923,2.001970443350156,4.273318872016972,0.0285400658615129,1.319148936170213,0.2974932044745306,0.3548387096774194,0.2199999999993451,5.079999999999927,high,tight,efficient,normal,high|tight|efficient|normal,historical7d,1.3191489361702127,0.29749320447453065,0.04330708661404494,6.162790697671516,4.571428571425766,4.273318872016972,0.028540065861512916,0.29749320447453065,0.3548387096774194,0.09927360774818401,1.8894718256545442,4.542888505564253,3.2161801656093987,0.005905511810973577,0.06509945750446458,2.640897180589567,0.9361702127647089,4787.927999973297
1s-s3-t3,1s,3,PRIMARY,BUY,1,1790006919.9699998,1790007820.923,900.9530003070832,0.0397104753124786,9.956984804033777,3.069999999999709,-1.1199999999998909,max_hold,0.8666666666668688,0.8671963677640677,0.7782805429862987,1.1510791366906874,2.4131364059845453,1.1751080083655252,0.0901467505241789,0.1361256544503864,0.7782805429862987,1.1510791366906874,0.8666666666668688,0.8671963677640677,0.8171021377675903,1.405049396267668,0.922077922077922,0.0454785827612015,0.2112676056338028,0.2600000000002183,1.9099999999998545,normal,normal,choppy,normal,normal|normal|choppy|normal,historical7d,0.922077922077922,0.045478582761201536,0.13612565445038644,2.9681528662401786,1.3269230769233236,0.8171021377675903,1.405049396267668,0.045478582761201536,0.2112676056338028,0.02912621359223301,2.151050728472588,-0.07812631934434444,1.0364622045641216,0.0,0.0,0.7996226248214131,0.7991341991343854,5443.089999675751
1s-s3-t4,1s,3,SECONDARY,SELL,-1,1790008359.963,1790009559.9859998,1200.0229997634888,0.0404907861523688,9.803884761547057,5.700000000000728,-1.639999999999418,max_hold,0.9666666666659592,3.0501750291722116,-7.138364779872646,-3.246829268292569,0.1428571428571428,1.043608855267549,0.5266821345708048,0.0469255663430408,7.138364779872646,3.246829268292569,0.9666666666659592,3.050175029172212,-5.022123893806202,-3.8473988439306632,1.9864864864864864,0.1345583876708586,0.0136986301369863,0.2899999999999636,6.534999999999855,high,normal,mixed,fast,high|normal|mixed|fast,historical7d,1.9864864864864864,0.1345583876708586,0.04437643458300996,4.700636942674362,4.706624605680275,5.022123893806202,3.8473988439306632,0.1345583876708586,-0.0136986301369863,-0.01201923076923077,-0.3214869511318401,0.8592257617496122,0.2688694053088856,0.021423106350610562,0.01382033563684332,6.059131476869123,1.920270270268865,6883.082999944687
1s-s3-t5,1s,3,PRIMARY,SELL,-1,1790009590.981,1790010322.998,732.0170001983643,0.0412590988196102,98.9514749726757,25.0600000000004,-0.8800000000001091,take_profit,0.8484848484842639,1.5022381378694234,-2.2540834845737567,-1.217999999999586,-0.7175141242937854,1.0419444122949848,0.2905942910622207,0.07310704960829,2.2540834845737567,1.217999999999586,0.8484848484842639,1.5022381378694234,-1.8537313432841664,-1.4613402061860137,1.1333333333333333,0.1046335299070272,-0.0508474576271186,0.2799999999997453,4.194999999999709,high,normal,mixed,normal,high|normal|mixed|normal,historical7d,1.1333333333333333,0.10463352990702722,0.06674612634082593,0.6760563380289388,3.1007194244626723,1.8537313432841664,1.4613402061860135,0.10463352990702722,0.05084745762711865,-0.03759398496240601,-1.1776750052552276,1.639379218276659,0.23085210651071553,0.02264600715121615,0.13107511045646872,1.7025365562520132,0.961616161615499,8114.100999832153
1s-s3-t6,1s,3,MICRO,SELL,-1,1790010323.947,1790010435.882,111.93499994277954,0.049013746442756,-19.466481623271328,2.5600000000004,-4.149999999999636,emergency_stop,0.9206349206346457,3.199272065513823,-2.5397350993395373,-7.717996289423157,-0.6666666666666666,1.0984449553759057,0.1274298056155618,0.0340575455079216,2.5397350993395373,7.717996289423157,0.9206349206346456,3.199272065513823,-1.9093655589125929,-9.71329479768832,1.3584905660377358,0.0465390279823188,-0.0209790209790209,0.2899999999999636,8.789999999999054,high,normal,choppy,normal,high|normal|choppy|normal,historical7d,1.3584905660377358,0.04653902798231883,0.0329920364050051,1.3562231759682652,2.3868852459018273,1.9093655589125926,9.71329479768832,0.04653902798231883,0.02097902097902098,-0.07317073170731707,-0.5531423829443274,-7.326409551786493,-3.93977596736541,0.11945392491460585,0.047629848038070716,4.34618091918859,1.2506738544470657,8847.066999912262
1s-s3-t7,1s,3,BURST,SELL,-1,1790012063.96,1790012110.993,47.032999992370605,0.0474881935847254,2.8631735062972887,2.0,-0.4399999999995998,momentum_zero_cross,0.8115942028982833,1.3524355300860331,-1.9047619047621,,-3.995689655172413,1.2070935812131232,0.3259005145793982,0.0620842572061489,1.9047619047621,,0.8115942028982833,1.3524355300860331,-2.621212121212513,,1.3545454545454545,0.1323641928093226,-0.2689655172413793,0.2799999999997453,4.719999999999345,normal,normal,mixed,normal,normal|normal|mixed|normal,historical7d,1.3545454545454545,0.13236419280932263,0.05932203389825936,3.8148148148158127,4.602040816328803,2.621212121212513,,0.13236419280932263,0.2689655172413793,0.10443037974683544,1.1936026936033,,,0.03919491525413482,0.032801418439629394,1.8319353998438084,1.099341238471311,228.86800003051758
1s-s3-t8,1s,3,BURST,SELL,-1,1790018048.984,1790018075.927,26.94300007820129,0.0477125752994132,-6.712304669267273,0.0,-1.6199999999998909,momentum_zero_cross,0.8275862068959029,2.69070735090087,-3.829015544041514,-1.2120343839541057,-5.047047632259535,1.3227963525835866,0.3617229564365716,0.0498442367600834,3.829015544041514,1.2120343839541057,0.8275862068959029,2.69070735090087,-4.1751412429375225,-0.7782888684452548,1.391304347826087,0.240012991232257,-0.4505494505494505,0.2399999999997817,4.849999999999454,high,normal,mixed,normal,high|normal|mixed|normal,historical7d,1.391304347826087,0.240012991232257,0.04948453608243479,6.39999999999903,4.891566265057214,4.1751412429375225,0.7782888684452548,0.240012991232257,0.45054945054945056,0.22997416020671835,2.224858757061507,4.1132773966119585,3.1690680768367328,0.007216494845331632,0.00583333333330908,3.743592836035993,1.1514242878551693,3044.5759999752045
1s-s3-t9,1s,3,PRIMARY,BUY,1,1790018369.8179998,1790018583.995,214.17700028419492,0.0471865441567371,-19.41816088043346,0.430000000000291,-4.300000000000182,emergency_stop,0.8275862068959029,1.343320848938285,1.7323943661972192,3.460410557184685,3.0461538461538464,1.157474117575831,0.2764044943819545,0.0909090909090282,1.7323943661972192,3.460410557184685,0.8275862068959029,1.343320848938285,1.9732620320840168,2.2152713891448026,1.0285714285714285,0.1499390491684557,0.323943661971831,0.2399999999997817,2.6899999999996,normal,normal,mixed,normal,normal|normal|mixed|normal,historical7d,1.0285714285714285,0.1499390491684557,0.08921933085495072,2.8314606741596458,2.5923344947752507,1.9732620320840166,2.2152713891448026,0.1499390491684557,0.323943661971831,0.04519774011299435,0.8581986420756291,0.3770631056304481,0.6176308738530387,0.014869888475825118,0.00653061224489202,1.381701444622236,0.8512315270929286,3365.409999847412
1s-s3-t10,1s,3,BURST,SELL,-1,1790022664.515,1790022693.86,29.34499979019165,0.0456647781076823,-2.27251188368633,0.8699999999998909,-0.7399999999997817,momentum_zero_cross,1.0769230769211933,3.3134920634921077,-8.891089108908538,-0.4843049327359088,-2.1105860723155825,1.2231497505853608,0.5462287104629084,0.0682095006089586,8.891089108908538,0.4843049327359088,1.0769230769211933,3.313492063492108,-10.148148148155968,-0.277551020408337,1.8333333333333333,0.2397899649958364,-0.2,0.2799999999997453,4.174999999999272,high,normal,mixed,fast,high|normal|mixed|fast,historical7d,1.8333333333333333,0.23978996499583646,0.06706586826342374,4.679245283020292,5.540740740741619,10.148148148155967,0.277551020408337,0.23978996499583646,0.2,0.13580246913580246,-5.468902865135674,5.263189720333282,-0.10285657240119578,0.009580838323128405,0.008714596949684718,6.07473544973553,1.974358974355521,1448.491000175476
1s-s4-t0,1s,4,MICRO,SELL,-1,1790050280.984,1790050703.889,422.90499997138977,0.039184093139022,19.837499999999864,6.279999999999745,-1.6199999999998909,trail,0.6923076923082304,1.7992495309568999,-2.34582132564746,-3.8666666666661818,-1.8932038834951457,1.286729117876659,0.3118773946359669,0.0645933014355066,2.34582132564746,3.8666666666661818,0.6923076923082304,1.7992495309569,-4.4972375690594575,-2.2137404580148257,1.7520661157024793,0.1324438659298202,-0.1262135922330097,0.2700000000004365,4.795000000000073,high,tight,mixed,fast,high|tight|mixed|fast,historical7d,1.7520661157024793,0.13244386592982024,0.05630865484889103,6.581395348832586,3.7267080745349195,4.4972375690594575,2.2137404580148257,0.13244386592982024,0.1262135922330097,0.08461538461538462,2.084157779773128,1.5129676165200938,1.7985626981466112,0.05943691345167042,0.033178114086235055,3.1524041368831632,1.2129688493334285,426.21799993515015
1s-s4-t1,1s,4,PRIMARY,SELL,-1,1790052568.997,1790052905.838,336.84100008010864,0.0407387220343127,-16.140954374997726,1.050000000000182,-4.139999999999418,emergency_stop,0.6419753086399514,1.3873873873877285,-1.7486910994766491,-3.5413711583923657,-0.3786407766990291,1.211918016194332,0.1627680311890585,0.0926916221031307,1.7486910994766491,3.5413711583923657,0.6419753086399514,1.3873873873877285,-1.6332518337408444,-4.505263157896631,1.5488721804511278,0.0585759382678859,-0.029126213592233,0.2599999999993088,3.465000000000145,normal,tight,choppy,fast,normal|tight|choppy|fast,historical7d,1.5488721804511278,0.058575938267885916,0.0750360750358724,1.590909090908903,3.005714285718574,1.6332518337408444,4.505263157896631,0.058575938267885916,0.02912621359223301,0.07975460122699386,-0.04234274283194139,-1.4995488721780572,-0.7709458075049993,0.12987012987007193,0.05250875145855142,2.1488857278336244,0.9943376960889474,2714.2309999465942
1s-s4-t2,1s,4,PRIMARY,SELL,-1,1790057264.7849998,1790057517.7500002,252.96500039100647,0.0394737847151474,-2.871070310063337,2.100000000000364,-0.7600000000002183,momentum_zero_cross,0.7733333333322985,0.7870129870132686,-1.418079096045401,-1.994638069704976,0.6875,1.1175166297117516,0.2263300270512503,0.191419141914126,1.418079096045401,1.994638069704976,0.7733333333322985,0.7870129870132686,-1.5736677115983886,-1.816849816849384,0.5625,0.098392787143321,0.1111111111111111,0.2899999999999636,1.5150000000003274,normal,normal,choppy,slow,normal|normal|choppy|slow,historical7d,0.5625,0.09839278714332102,0.19141914191412604,0.7096774193518102,0.9383561643828405,1.5736677115983886,1.816849816849384,0.09839278714332102,-0.1111111111111111,-0.072,-0.8639902922465784,-0.8784936524665435,-0.871241972356561,0.1287128712875091,0.14269911504433058,0.44269480519496357,0.4349999999994179,2191.9579997062683
1s-s4-t3,1s,4,SECONDARY,BUY,1,1790066908.995,1790067373.983,464.9879999160767,0.039248784142271,-16.865297881229743,3.410000000000764,-4.489999999999782,emergency_stop,0.7586206896551003,0.6368022053758634,0.7288557213930281,,2.1666666666666665,1.221264367816092,0.1860317460319793,0.1336302895319764,0.7288557213930281,,0.689655172412207,0.6368022053758634,0.7464968152866638,2.92307692307577,1.103896103896104,0.0789970342414225,0.1666666666666666,0.2999999999992724,2.3100000000004,low,tight,choppy,normal,low|tight|choppy|normal,historical7d,1.0909090909090908,0.07924528301930438,0.14285714285708662,2.4608695652216346,1.3380035026266466,0.7490445859873562,2.903846153845087,0.07924528301930438,0.1566265060240964,-0.002898550724637681,1.7118249792342783,-1.5658426512184405,0.07299116400791905,0.04329004329019328,0.010373443983438898,0.6946933149554873,0.827586206896473,302.91100001335144
1s-s4-t4,1s,4,BURST,SELL,-1,1790072966.969,1790073076.985,110.01600003242493,0.0379270813362801,10.09056969949521,3.6700000000000728,-0.7999999999992724,momentum_zero_cross,0.9230769230769231,2.388571428571595,-4.64971751412529,-2.8698979591822886,-2.059047619047619,1.1609936109275172,0.5679779158047655,0.0581818181817652,4.64971751412529,2.8698979591822886,0.9230769230769232,2.388571428571595,-7.875598086123436,-2.984084880636259,1.945454545454545,0.2531528760423621,-0.219047619047619,0.2399999999997817,4.180000000000291,high,normal,efficient,fast,high|normal|efficient|fast,historical7d,1.9454545454545455,0.25315287604236214,0.057416267942527514,6.17187500000675,3.8062015503875912,7.875598086123436,2.984084880636259,0.25315287604236214,0.21904761904761905,0.06779661016949153,-1.7037230861166854,0.822116669751332,-0.4408032081826767,0.004784688995319418,0.0027643400138818172,4.646857142857467,1.795804195804196,1423.9309997558594
1s-s4-t5,1s,4,SECONDARY,SELL,-1,1790073086.9550002,1790073984.9020002,897.9470000267029,0.0387178609821417,-14.969737638135951,1.449999999999818,-4.039999999999964,emergency_stop,0.8846153846145101,2.1311018131099972,-2.8678304239412946,-4.94859813084211,-0.88125,1.0452051215050953,0.2540874944762656,0.0636237897647516,2.8678304239412946,4.94859813084211,0.8846153846145101,2.131101813109997,-4.752066115702337,-5.701211305517535,1.0727272727272728,0.1335656213705355,-0.1525423728813559,0.2299999999995634,3.819999999999709,high,normal,mixed,normal,high|normal|mixed|normal,historical7d,1.0727272727272728,0.13356562137053554,0.06020942408365994,6.523809523797012,2.4108527131774036,4.752066115702337,5.701211305517535,0.13356562137053554,0.15254237288135594,0.05145413870246085,1.7717434080946752,-3.290358592340131,-0.7593075921227284,0.036649214659774366,0.012944983818799891,2.2860910358816335,0.9489510489501108,1543.917000055313
1s-s4-t6,1s,4,SECONDARY,SELL,-1,1790074221.952,1790074679.95,457.9980001449585,0.0375447097943829,28.96044702397832,8.0600000000004,-0.7199999999993452,take_profit,0.941176470588655,2.6999999999999016,-4.684466019422594,-1.1841584158416685,-0.1178082191780822,1.1330143540669857,0.593116164720107,0.0502617801046605,4.684466019422594,1.1841584158416685,0.941176470588655,2.6999999999999016,-5.012987012991087,-1.6988636363633016,1.3454545454545457,0.2736036291498152,-0.0136986301369863,0.2399999999997817,4.9950000000008,high,normal,efficient,normal,high|normal|efficient|normal,historical7d,1.3454545454545455,0.27360362914981523,0.04804804804799665,3.0866141732259105,3.8461538461562252,5.012987012991087,1.6988636363633016,0.27360362914981523,0.0136986301369863,0.125,-1.9263728397651767,2.1472902097929234,0.11045868501387368,0.016016016016180964,0.010069225928361297,3.6327272727271405,1.2663101604283722,822.8979997634888
1s-s4-t7,1s,4,BURST,SELL,-1,1790075668.965,1790075763.8,94.83500003814696,0.0398142875014534,8.725612015714487,2.6099999999996726,-1.5,momentum_zero_cross,0.7812500000007105,2.4666666666662365,-5.549367088608686,-1.0985732814525688,-3.5,1.2016093953892997,0.4884135472371454,0.0442477876106151,5.549367088608686,1.0985732814525688,0.7812500000007105,2.4666666666662365,-4.417177914109758,-2.9307958477493843,1.3576642335766422,0.2854122621576009,-0.3478260869565217,0.25,5.734999999999673,high,normal,efficient,normal,high|normal|efficient|normal,historical7d,1.3576642335766422,0.28541226215760096,0.043591979075852536,4.258426966289505,4.6498194945875255,4.417177914109758,2.9307958477493843,0.28541226215760096,0.34782608695652173,0.1473922902494331,-0.1587509478202529,1.7190236468381412,0.7801363495089442,0.0,0.0,3.348905109488467,1.0606751824827165,736.6209998130798
1s-s4-t8,1s,4,MICRO,SELL,-1,1790076713.9889998,1790076761.968,47.979000091552734,0.0404980978892909,-15.541769586183788,0.8299999999999272,-4.010000000000218,emergency_stop,0.8437499999992895,2.7330210772836923,-1.7020833333339855,,-1.0881936948673094,0.8100657633652701,0.2423613171165142,0.0544354838708719,1.7020833333339855,,0.8437499999992895,2.7330210772836923,-3.404166666667971,,0.9726027397260274,0.103326166688064,-0.1343283582089552,0.269999999999527,5.835000000000036,high,normal,mixed,normal,high|normal|mixed|normal,historical7d,0.9726027397260274,0.10332616668806409,0.04627249357318344,2.3870967742002867,-0.3745019920310468,3.404166666667971,,0.10332616668806409,0.13432835820895522,0.003355704697986577,-1.0170698924676844,,,0.28191945158517856,0.1692386831275189,2.658143787495098,0.8206335616431445,209.21799969673157
1s-s4-t9,1s,4,SECONDARY,BUY,1,1790076896.962,1790077058.901,161.9390001296997,0.0392801175952704,32.47939937186904,8.640000000000327,-0.7799999999997453,take_profit,0.875,1.6935014548981562,1.9471947194708168,-0.6696269982239738,2.0259740259740258,1.1824462391748565,0.3625563293729881,0.0641466208475966,1.9471947194708168,-0.6696269982239738,0.875,1.6935014548981562,3.465306122448405,-2.086261980830201,1.3424657534246576,0.1884572697025279,0.2448979591836734,0.2799999999997453,4.364999999999782,high,normal,mixed,normal,high|normal|mixed|normal,historical7d,1.3424657534246576,0.18845726970252794,0.06414662084759665,4.440251572330253,5.428571428568573,3.465306122448405,-2.086261980830201,0.18845726970252794,0.24489795918367346,0.12629399585921325,0.9749454498818482,7.514833409398774,4.2448894296403115,0.0,0.36839378238346376,2.273467706575607,1.1746575342465753,392.19099974632263
1s-s4-t10,1s,4,MICRO,BUY,1,1790077062.904,1790077202.9859998,140.08199977874756,0.041825469215444,8.605988260415744,4.199999999999818,-2.1900000000005093,trail,0.9062500000007105,1.6311399443924146,1.018507462686428,,0.3011363636363636,1.0619318181818185,0.4021687883072258,0.0660592255125289,1.018507462686428,,0.9062500000007104,1.6311399443924146,3.3125000000004885,,1.1156462585034013,0.1668634395915408,0.037037037037037,0.2899999999999636,4.399999999999636,high,normal,mixed,normal,high|normal|mixed|normal,historical7d,1.1156462585034013,0.16686343959154085,0.06590909090908809,2.514285714289159,2.327272727272046,3.3125000000004885,,0.16686343959154085,0.037037037037037035,-0.04466019417475728,-0.7982142857113295,,,0.0,0.0,1.8197751760568432,1.0110544217695001,121.67900013923645
1s-s4-t11,1s,4,MICRO,BUY,1,1790077324.903,1790077739.925,415.021999835968,0.0424999049065429,7.1991743643627215,4.010000000000218,-2.449999999999818,trail,0.75,2.214797136038249,2.759183673469169,0.975249500998044,0.7224489795918367,0.8953240442306739,0.3894009216589041,0.0358208955223564,2.759183673469169,0.975249500998044,0.75,2.214797136038249,4.85546875000108,6.080301129233632,1.8051948051948048,0.1406267677349063,0.0579710144927536,0.2399999999997817,6.960000000000036,high,normal,mixed,fast,high|normal|mixed|fast,historical7d,1.8051948051948052,0.1406267677349063,0.03448275862065811,1.6597938144315978,1.5878787878776455,4.85546875000108,6.080301129233632,0.1406267677349063,0.057971014492753624,0.045507584597432905,-3.1956749355694822,-4.4924223413559865,-3.8440486384627346,0.08405172413793582,0.041770796144236476,3.9981402845365794,1.353896103896104,383.6780002117157
1s-s4-t12,1s,4,MICRO,BUY,1,1790077899.91,1790078249.833,349.9229998588562,0.0430640911441774,10.880295246713056,4.949999999999818,-0.5900000000001455,trail,0.8059701492549469,1.1662011173186584,1.7665198237886566,1.2307339449541148,3.1972789115646263,0.840094904240766,0.2287507130633714,0.0649819494585928,1.7665198237886566,1.2307339449541148,0.8059701492549469,1.1662011173186584,1.9014778325124144,6.261376896146896,0.9893617021276596,0.1111751152085512,0.2391304347826087,0.2700000000004365,4.175000000000182,normal,normal,mixed,normal,normal|normal|mixed|normal,historical7d,0.9893617021276596,0.11117511520855121,0.06467065868273648,4.2511627906909295,1.3972602739728759,1.9014778325124146,6.261376896146896,0.11117511520855121,0.2391304347826087,0.11965811965811966,2.349684958178515,-4.86411662217402,-1.2572158319977524,0.0,0.0,1.1537947224535663,0.7973959987309581,363.1210000514984
1s-s4-t13,1s,4,SECONDARY,SELL,-1,1790078293.721,1790078642.919,349.1980001926422,0.043916760148832,34.169789773803885,8.13000000000011,-1.7599999999993088,take_profit,0.7647058823505809,1.2149659863944402,-3.7729468599045446,-2.318750000000064,-0.0858634797588286,1.2451289325020896,0.3291192583228089,0.0611045828435362,3.7729468599045446,2.318750000000064,0.7647058823505809,1.2149659863944402,-1.8045977011501533,-1.558469945355166,1.0909090909090908,0.1532305289885869,-0.0252100840336134,0.2599999999993088,4.464999999999236,normal,normal,mixed,normal,normal|normal|mixed|normal,historical7d,1.0909090909090908,0.15323052898858697,0.05823068309056064,2.8340080971667434,3.0730688935278665,1.8045977011501535,1.558469945355166,0.15323052898858697,0.025210084033613446,-0.012302284710017574,1.02941039601659,1.5145989481727005,1.2720046720946452,0.0067189249717449,0.005328596802635899,1.3254174397030256,0.8342245989279063,364.21600008010864
1s-s4-t14,1s,4,MICRO,BUY,1,1790081569.965,1790081656.969,87.00399994850159,0.046594584598907,9.631871124648429,4.190000000000509,-2.699999999999818,trail,1.183673469388134,3.8400926998836042,5.004065040651236,1.695497630331558,0.7374999999999999,0.8589645620403096,0.2184560780833433,0.0387700534759285,5.004065040651236,1.695497630331558,1.183673469388134,3.840092699883604,8.125412541250833,2.3080645161287245,2.7049180327868854,0.0953746029289857,0.0875,0.2899999999999636,8.284999999999854,high,normal,choppy,fast,high|normal|choppy|fast,historical7d,2.7049180327868854,0.09537460292898577,0.035003017501504974,5.633986928105818,8.69264069263337,8.125412541250833,2.3080645161287245,0.09537460292898577,0.0875,-0.09865470852017937,-2.491425613145015,6.384576176504646,1.9465752816798152,0.15811707905870037,0.12681510164581983,10.387135991488439,3.2017397122793785,365.2629997730255
1s-s4-t15,1s,4,SECONDARY,SELL,-1,1790081739.948,1790081787.968,48.019999980926514,0.0473494168694096,-30.99504021673769,1.7700000000004366,-6.8400000000001455,emergency_stop,1.041666666667614,2.5833333333332993,-1.6656716417908422,0.5470355731225904,-2.4577777777777783,1.006713505074161,0.2032046613256625,0.0444049733570151,1.6656716417908422,-0.5470355731225904,1.041666666667614,2.5833333333332997,-3.333333333335061,1.116129032258109,1.6,0.1113649343234383,-0.28,0.25,5.735000000000582,high,normal,mixed,fast,high|normal|mixed|fast,historical7d,1.6,0.11136493432343836,0.04359197907584562,5.6949152542348145,4.581469648560856,3.333333333335061,-1.116129032258109,0.11136493432343836,0.28,0.10638297872340426,2.3615819208997535,5.697598680818965,4.029590300859359,0.008718395815200841,0.38913043478256126,4.133333333333279,1.6666666666681824,535.2459998130798
1s-s4-t16,1s,4,MICRO,BUY,1,1790081889.859,1790081989.981,100.12199997901917,0.0449203917840088,23.289701540350617,6.130000000000109,-0.1899999999995998,trail,1.0833333333314386,1.782741116751296,1.4993834771884182,0.8102423411066296,2.346801346801347,1.267620588532713,0.2491803278686486,0.0594285714284134,1.4993834771884182,0.8102423411066296,1.0833333333314386,1.782741116751296,3.260053619302316,1.4016129032256364,1.835820895522388,0.1144578313254637,0.2372881355932203,0.2599999999993088,4.389999999999418,high,normal,mixed,fast,high|normal|mixed|fast,historical7d,1.835820895522388,0.11445783132546375,0.059225512528324205,3.5135135135128226,4.861189801700248,3.260053619302316,1.4016129032256364,0.11445783132546375,0.23728813559322035,0.18021201413427562,0.2534598942105064,3.4595768984746114,1.8565183963425587,0.0,0.3868480725623688,3.2727933934389464,1.9888059701457752,685.1569998264313
1s-s4-t17,1s,4,SECONDARY,SELL,-1,1790086772.987,1790087024.978,251.9909999370575,0.0467455634526831,-18.20774975358615,0.0299999999997453,-4.069999999999709,emergency_stop,0.8064516129045508,1.6229508196720335,-3.274151436029117,-0.7572559366754402,-1.524137931034483,0.9796193300134114,0.314601103863477,0.0725689404934557,3.274151436029117,0.7572559366754402,0.8064516129045508,1.6229508196720337,-3.4076086956528373,-1.5205298013242257,1.1891891891891893,0.1520000000018968,-0.1494252873563218,0.25,3.465000000000145,high,normal,mixed,normal,high|normal|mixed|normal,historical7d,1.1891891891891893,0.15200000000189687,0.07215007215006912,2.4880952380955086,3.2117263843653148,3.4076086956528373,1.5205298013242257,0.15200000000189687,0.14942528735632185,0.1693548387096774,-0.9195134575573287,1.691196583041089,0.3858415627418802,0.00432900432909864,0.0024916943522136762,1.9299955693397155,0.9590235396702766,1778.6280000209808