context,variant,action,baseline_entry_ts,decision_ts,engine,engine_id,side,side_sign,phase,dir_mid_move2,dir_mid_move10,aligned_mag2,adverse_mag2,aligned_mag10,adverse_mag10,aligned_count2,adverse_count2,aligned_count10,adverse_count10,path_efficiency2,path_efficiency10,adverse_tail_run2,last_nonzero_sign2,seconds_since_aligned2,seconds_since_adverse2,bid_update_frac2,ask_update_frac2,both_update_frac2,bid_ask_update_imb2,bid_update_frac10,ask_update_frac10,both_update_frac10,bid_ask_update_imb10,spread_change2,spread_change10,deadline_ts,initial_phase,wait_sec
historical7d:500ms:segment0,Quote-entry,TAKE_UNCHANGED,1789573152.468,1789573152.468,BURST,4,BUY,1,,,,,,,,,,,,,,,,,,,,,,,,,,,,,,
historical7d:500ms:segment0,Quote-entry,TAKE_IMMEDIATE,1789573826.844,1789573826.844,PRIMARY,1,BUY,1,HEALTHY_TREND,0.2999999999992724,0.42999999999938154,0.2999999999992724,0.0,0.7899999999999636,0.3600000000005821,7,0,18,11,1.0,0.37391304347754567,0,1,0.0,inf,0.75,0.75,0.5,0.0,0.7333333333333333,0.8666666666666667,0.6,-0.08333333333333333,0.0,0.019999999999527063,,,
historical7d:500ms:segment0,Quote-entry,TAKE_IMMEDIATE,1789574424.972,1789574424.972,PRIMARY,1,BUY,1,HEALTHY_TREND,0.4600000000000364,3.149999999999636,0.8599999999987631,0.3999999999987267,5.190000000000509,2.040000000000873,11,16,75,67,0.3650793650801213,0.43568464730277096,1,-1,0.04699993133544922,0.0,0.7142857142857143,0.6428571428571429,0.35714285714285715,0.05263157894736842,0.8013698630136986,0.7123287671232876,0.5136986301369864,0.058823529411764705,0.020000000000436557,-0.1999999999998181,,,
historical7d:500ms:segment0,Quote-entry,TAKE_IMMEDIATE,1789575064.3500001,1789575064.3500001,PRIMARY,1,BUY,1,HEALTHY_TREND,0.010000000000218279,0.3850000000002183,0.11999999999898137,0.10999999999876309,1.554999999998472,1.1699999999973443,6,7,39,30,0.04347826087094064,0.14128440366997463,1,-1,0.15000009536743164,0.0,0.5,0.9285714285714286,0.42857142857142855,-0.3,0.5352112676056338,0.971830985915493,0.5070422535211268,-0.2897196261682243,0.020000000000436557,-0.09000000000014552,,,
historical7d:500ms:segment0,Quote-entry,TAKE_IMMEDIATE,1789576948.978,1789576948.978,PRIMARY,1,SELL,-1,HEALTHY_TREND,0.44499999999970896,0.7449999999998909,0.569999999999709,0.125,2.4799999999995634,1.734999999998763,17,9,77,59,0.640287769784022,0.17674970344010105,0,1,0.0,0.1529998779296875,0.9259259259259259,0.4074074074074074,0.3333333333333333,0.3888888888888889,0.8776978417266187,0.6330935251798561,0.5107913669064749,0.1619047619047619,-0.010000000000218279,-0.09000000000014552,,,
historical7d:500ms:segment0,Quote-entry,TAKE_IMMEDIATE,1789577693.868,1789577693.868,PRIMARY,1,SELL,-1,IGNITION,0.24499999999989086,-0.10999999999967258,0.3850000000002183,0.14000000000032742,1.3200000000042564,1.430000000003929,11,7,43,39,0.46666666666597373,0.03999999999976188,1,-1,0.05000019073486328,0.0,0.7368421052631579,0.8421052631578947,0.5789473684210527,-0.06666666666666667,0.6547619047619048,0.8214285714285714,0.47619047619047616,-0.11290322580645161,-0.010000000000218279,-0.11999999999989086,,,
historical7d:500ms:segment0,Quote-entry,TAKE_UNCHANGED,1789578618.875,1789578618.875,MICRO,3,BUY,1,,,,,,,,,,,,,,,,,,,,,,,,,,,,,,
historical7d:500ms:segment0,Quote-entry,TAKE_IMMEDIATE,1789579129.2659998,1789579129.2659998,PRIMARY,1,SELL,-1,HEALTHY_TREND,0.5300000000006548,1.0650000000005093,0.7100000000009459,0.18000000000029104,2.405000000002474,1.3400000000019645,13,6,46,42,0.5955056179774363,0.2843791722294385,0,1,0.0,0.2969999313354492,0.6666666666666666,1.0,0.6666666666666666,-0.2,0.6555555555555556,0.9444444444444444,0.6,-0.18055555555555555,-0.040000000000873115,-0.02999999999974534,,,
historical7d:500ms:segment0,Quote-entry,TAKE_IMMEDIATE,1789580254.921,1789580254.921,PRIMARY,1,BUY,1,HEALTHY_TREND,1.0,1.6899999999995998,1.3600000000014916,0.36000000000149157,2.4799999999995634,0.7899999999999636,19,9,45,32,0.5813953488362009,0.5168195718653958,0,1,0.0,0.10100007057189941,1.0,0.7931034482758621,0.7931034482758621,0.11538461538461539,0.8227848101265823,0.7341772151898734,0.5569620253164557,0.056910569105691054,0.0,0.06000000000040018,,,
historical7d:500ms:segment0,Quote-entry,TAKE_IMMEDIATE,1789581649.428,1789581649.428,PRIMARY,1,BUY,1,HEALTHY_TREND,0.27000000000043656,0.29500000000007276,0.9449999999987995,0.6749999999983629,2.530000000002474,2.2350000000033106,14,11,52,56,0.16666666666722807,0.06190975865680133,0,1,0.0,0.7000000476837158,0.8846153846153846,0.8076923076923077,0.6923076923076923,0.045454545454545456,0.8288288288288288,0.7927927927927928,0.6216216216216216,0.022222222222222223,-0.019999999999527063,0.049999999999272404,,,
historical7d:500ms:segment0,Quote-entry,TAKE_IMMEDIATE,1789582071.959,1789582071.959,SECONDARY,2,BUY,1,HEALTHY_TREND,2.0250000000005457,2.355000000000473,2.584999999999127,0.5599999999976717,4.420000000000073,2.0649999999986903,19,12,66,53,0.6438791732915807,0.3631457208944629,0,1,0.0,0.21200013160705566,0.8787878787878788,0.7575757575757576,0.6363636363636364,0.07407407407407407,0.8306451612903226,0.782258064516129,0.6129032258064516,0.03,-0.13000000000010914,-0.18999999999959982,,,
historical7d:500ms:segment0,Quote-entry,TAKE_IMMEDIATE,1789583356.9459999,1789583356.9459999,PRIMARY,1,SELL,-1,HEALTHY_TREND,0.6900000000005093,0.9200000000000728,0.8000000000010914,0.11000000000058208,2.05500000000211,1.1350000000020373,13,6,43,41,0.7582417582409235,0.28840125391814314,2,-1,0.34999990463256836,0.0,0.9047619047619048,0.7142857142857143,0.6190476190476191,0.11764705882352941,0.9090909090909091,0.8522727272727273,0.7613636363636364,0.03225806451612903,-0.03999999999996362,-0.06000000000130967,,,
historical7d:500ms:segment0,Quote-entry,TAKE_IMMEDIATE,1789584430.963,1789584430.963,SECONDARY,2,BUY,1,HEALTHY_TREND,6.9399999999996,7.125,8.704999999999018,1.764999999999418,9.429999999996653,2.304999999996653,25,9,43,27,0.6628462273162021,0.6071580741375427,1,-1,0.057000160217285156,0.0,0.9428571428571428,0.9714285714285714,0.9142857142857143,-0.014925373134328358,0.9166666666666666,0.875,0.7916666666666666,0.023255813953488372,-0.1000000000003638,-0.17000000000007276,,,
historical7d:500ms:segment0,Quote-entry,TAKE_UNCHANGED,1789584564.929,1789584564.929,MICRO,3,SELL,-1,,,,,,,,,,,,,,,,,,,,,,,,,,,,,,
historical7d:500ms:segment0,Quote-entry,SKIP_BAD_PHASE,1789586926.748,1789586926.748,PRIMARY,1,SELL,-1,REVERSAL,-0.23000000000047294,-0.11499999999978172,0.25499999999919964,0.4849999999996726,1.3549999999995634,1.4699999999993452,8,14,35,40,0.3108108108119236,0.04070796460170837,2,-1,0.25099992752075195,0.0,0.8695652173913043,0.5217391304347826,0.391304347826087,0.25,0.75,0.6710526315789473,0.42105263157894735,0.05555555555555555,-0.1000000000003638,-0.10999999999967258,,,
historical7d:500ms:segment0,Quote-entry,TAKE_IMMEDIATE,1789592304.8969998,1789592304.8969998,PRIMARY,1,BUY,1,HEALTHY_TREND,0.22000000000025466,2.069999999999709,0.3850000000002183,0.16499999999996362,2.720000000001164,0.6500000000014552,11,10,59,29,0.4000000000003307,0.6142433234415727,1,-1,0.04799985885620117,0.0,0.43478260869565216,0.9130434782608695,0.34782608695652173,-0.3548387096774194,0.5666666666666667,0.8333333333333334,0.4,-0.19047619047619047,-0.24000000000069122,-0.12000000000080036,,,
historical7d:500ms:segment0,Quote-entry,TAKE_UNCHANGED,1789592535.972,1789592535.972,MICRO,3,SELL,-1,,,,,,,,,,,,,,,,,,,,,,,,,,,,,,
historical7d:500ms:segment0,Quote-entry,TAKE_IMMEDIATE,1789592591.9859998,1789592591.9859998,SECONDARY,2,BUY,1,HEALTHY_TREND,1.4899999999997817,5.260000000000218,3.269999999999527,1.7799999999997453,16.739999999997053,11.479999999996835,16,16,84,78,0.2950495049504943,0.18639262934094109,0,1,0.0,0.14999985694885254,0.7575757575757576,0.9393939393939394,0.696969696969697,-0.10714285714285714,0.8303030303030303,0.9636363636363636,0.793939393939394,-0.07432432432432433,-0.3999999999996362,-0.42000000000007276,,,
historical7d:500ms:segment0,Quote-entry,TAKE_UNCHANGED,1789592880.4620001,1789592880.4620001,MICRO,3,BUY,1,,,,,,,,,,,,,,,,,,,,,,,,,,,,,,
historical7d:500ms:segment0,Quote-entry,TAKE_UNCHANGED,1789592995.458,1789592995.458,MICRO,3,SELL,-1,,,,,,,,,,,,,,,,,,,,,,,,,,,,,,
historical7d:500ms:segment0,Quote-entry,WAIT,1789593033.9889998,1789593033.9889998,PRIMARY,1,SELL,-1,HEALTHY_PULLBACK,-1.5,1.6299999999991996,1.8649999999979627,3.3649999999979627,8.824999999999818,7.1950000000006185,19,15,92,78,0.2868068833654242,0.10174781523090856,0,1,0.0,0.048999786376953125,0.8571428571428571,0.8285714285714286,0.6857142857142857,0.01694915254237288,0.9005847953216374,0.9122807017543859,0.8128654970760234,-0.0064516129032258064,-0.23999999999978172,-0.17999999999847205,1789593035.9889998,,
historical7d:500ms:segment0,Quote-entry,TAKE_DELAYED,1789593033.9889998,1789593035.484,PRIMARY,1,SELL,-1,HEALTHY_TREND,0.3899999999994179,3.0049999999991996,1.0949999999966167,0.7049999999971988,9.354999999996835,6.349999999997635,16,17,95,77,0.21666666666708773,0.19134033747215903,1,-1,0.10099983215332031,0.0,0.9117647058823529,0.8823529411764706,0.7941176470588235,0.01639344262295082,0.9017341040462428,0.9132947976878613,0.815028901734104,-0.006369426751592357,-0.16000000000076398,-0.1500000000005457,1789593035.9889998,HEALTHY_PULLBACK,1.4950001239776611
historical7d:500ms:segment0,Quote-entry,TAKE_UNCHANGED,1789594268.4220002,1789594268.4220002,MICRO,3,SELL,-1,,,,,,,,,,,,,,,,,,,,,,,,,,,,,,
historical7d:500ms:segment0,Quote-entry,SKIP_BAD_PHASE,1789594424.963,1789594424.963,PRIMARY,1,SELL,-1,DECAY,-0.1500000000005457,3.2349999999996726,2.8899999999985084,3.039999999999054,22.734999999996944,19.49999999999727,19,17,98,91,0.025295109612244075,0.07659524091393669,2,-1,0.0989999771118164,0.0,0.8918918918918919,0.7837837837837838,0.6756756756756757,0.06451612903225806,0.8952879581151832,0.9267015706806283,0.8219895287958116,-0.017241379310344827,-0.4000000000005457,-0.590000000001055,,,
historical7d:500ms:segment0,Quote-entry,TAKE_UNCHANGED,1789594746.48,1789594746.48,MICRO,3,BUY,1,,,,,,,,,,,,,,,,,,,,,,,,,,,,,,
historical7d:500ms:segment0,Quote-entry,TAKE_IMMEDIATE,1789594762.982,1789594762.982,SECONDARY,2,BUY,1,HEALTHY_TREND,0.6049999999995634,2.375,1.5849999999982174,0.979999999998654,9.099999999997635,6.724999999998545,19,12,94,73,0.2358674463938797,0.15007898894157579,0,1,0.0,0.2990000247955322,0.9393939393939394,0.9696969696969697,0.9090909090909091,-0.015873015873015872,0.9017341040462428,0.9421965317919075,0.8439306358381503,-0.0219435736677116,-0.1500000000005457,-0.6500000000014552,,,
historical7d:500ms:segment0,Quote-entry,TAKE_UNCHANGED,1789594989.979,1789594989.979,MICRO,3,BUY,1,,,,,,,,,,,,,,,,,,,,,,,,,,,,,,
historical7d:500ms:segment0,Quote-entry,WAIT,1789595292.485,1789595292.485,PRIMARY,1,SELL,-1,HEALTHY_PULLBACK,-0.3400000000001455,1.8450000000002547,1.0800000000017462,1.4200000000018917,6.835000000000946,4.990000000001601,17,19,96,73,0.1359999999998603,0.1560253699788343,1,-1,0.04399991035461426,0.0,0.918918918918919,0.8378378378378378,0.7567567567567568,0.046153846153846156,0.9080459770114943,0.8275862068965517,0.735632183908046,0.046357615894039736,-0.2000000000007276,-0.07000000000061846,1789595294.485,,
historical7d:500ms:segment0,Quote-entry,TAKE_DELAYED,1789595292.485,1789595293.4910002,PRIMARY,1,SELL,-1,HEALTHY_TREND,0.19499999999970896,1.889999999999418,1.6100000000014916,1.4150000000017826,6.835000000004584,4.945000000005166,16,20,96,76,0.06446280991718939,0.160441426145828,1,-1,0.051000118255615234,0.0,0.9459459459459459,0.8108108108108109,0.7567567567567568,0.07692307692307693,0.9034090909090909,0.8238636363636364,0.7272727272727273,0.046052631578947366,-0.13000000000010914,-0.18000000000029104,1789595294.485,HEALTHY_PULLBACK,1.006000280380249
historical7d:500ms:segment0,Quote-entry,TAKE_UNCHANGED,1789595637.978,1789595637.978,MICRO,3,SELL,-1,,,,,,,,,,,,,,,,,,,,,,,,,,,,,,
historical7d:500ms:segment0,Quote-entry,TAKE_UNCHANGED,1789596313.4780002,1789596313.4780002,MICRO,3,SELL,-1,,,,,,,,,,,,,,,,,,,,,,,,,,,,,,
historical7d:500ms:segment0,Quote-entry,TAKE_IMMEDIATE,1789596332.446,1789596332.446,PRIMARY,1,SELL,-1,IGNITION,0.06500000000050932,-2.25,1.214999999999236,1.1499999999987267,4.294999999997344,6.544999999998254,16,12,75,62,0.02748414376345256,0.20756457564582334,1,-1,0.05000019073486328,0.0,0.5862068965517241,0.8620689655172413,0.4482758620689655,-0.19047619047619047,0.6834532374100719,0.8273381294964028,0.5107913669064749,-0.09523809523809523,-0.13000000000010914,-0.3400000000001455,,,
historical7d:500ms:segment0,Quote-entry,TAKE_IMMEDIATE,1789596621.4780002,1789596621.4780002,SECONDARY,2,SELL,-1,HEALTHY_TREND,2.889999999999418,5.885000000000218,3.8950000000004366,1.0050000000010186,13.595000000001164,7.710000000000946,21,11,83,72,0.589795918367053,0.27622623797228985,0,1,0.0,0.4030001163482666,0.8484848484848485,0.8787878787878788,0.7272727272727273,-0.017543859649122806,0.7884615384615384,0.8846153846153846,0.6730769230769231,-0.05747126436781609,-0.07999999999992724,-0.5500000000010914,,,
historical7d:500ms:segment0,Quote-entry,TAKE_UNCHANGED,1789596891.473,1789596891.473,MICRO,3,BUY,1,,,,,,,,,,,,,,,,,,,,,,,,,,,,,,
historical7d:500ms:segment0,Quote-entry,TAKE_IMMEDIATE,1789596896.442,1789596896.442,SECONDARY,2,BUY,1,HEALTHY_TREND,1.7849999999998545,5.524999999999636,2.244999999999891,0.4600000000000364,9.30999999999949,3.7849999999998545,18,13,91,63,0.6598890942698346,0.421916762122941,0,1,0.0,0.7149999141693115,0.71875,0.84375,0.5625,-0.08,0.8012820512820513,0.9294871794871795,0.7307692307692307,-0.07407407407407407,0.030000000000654836,-0.3899999999994179,,,
historical7d:500ms:segment0,Quote-entry,TAKE_UNCHANGED,1789597030.492,1789597030.492,MICRO,3,SELL,-1,,,,,,,,,,,,,,,,,,,,,,,,,,,,,,
historical7d:500ms:segment0,Quote-entry,TAKE_IMMEDIATE,1789597139.999,1789597139.999,PRIMARY,1,SELL,-1,HEALTHY_TREND,0.42999999999938154,2.719999999999345,1.2399999999997817,0.8100000000004002,6.44499999999789,3.724999999998545,19,15,90,53,0.2097560975606553,0.2674532940019959,0,1,0.0,0.14499998092651367,0.8333333333333334,0.8611111111111112,0.6944444444444444,-0.01639344262295082,0.6413793103448275,0.9379310344827586,0.5793103448275863,-0.18777292576419213,-0.3599999999996726,0.0,,,
historical7d:500ms:segment0,Quote-entry,TAKE_UNCHANGED,1789597519.43,1789597519.43,MICRO,3,BUY,1,,,,,,,,,,,,,,,,,,,,,,,,,,,,,,
historical7d:500ms:segment0,Quote-entry,TAKE_IMMEDIATE,1789597832.972,1789597832.972,SECONDARY,2,BUY,1,HEALTHY_TREND,1.0799999999999272,0.819999999999709,1.69499999999789,0.6149999999970532,5.979999999996835,5.1599999999962165,10,18,62,97,0.46753246753327543,0.07360861759426872,0,1,0.0,0.20399999618530273,0.90625,0.9375,0.84375,-0.01694915254237288,0.8303030303030303,0.8545454545454545,0.6848484848484848,-0.014388489208633094,-0.11999999999989086,-0.24000000000069122,,,
historical7d:500ms:segment0,Quote-entry,TAKE_IMMEDIATE,1789598469.9750001,1789598469.9750001,PRIMARY,1,BUY,1,HEALTHY_TREND,0.5649999999995998,1.0649999999995998,0.9999999999990905,0.4349999999994907,3.8849999999947613,2.8199999999951615,19,12,64,65,0.3937282229966261,0.15883668903821035,1,-1,0.04900002479553223,0.0,0.875,0.6875,0.5625,0.12,0.8863636363636364,0.8333333333333334,0.7196969696969697,0.030837004405286344,-0.07000000000061846,-0.02999999999974534,,,
historical7d:500ms:segment0,Quote-entry,TAKE_UNCHANGED,1789614642.982,1789614642.982,MICRO,3,BUY,1,,,,,,,,,,,,,,,,,,,,,,,,,,,,,,
historical7d:500ms:segment0,Quote-entry,WAIT,1789615338.474,1789615338.474,PRIMARY,1,BUY,1,HEALTHY_PULLBACK,-0.15999999999985448,0.005000000000109139,0.1999999999989086,0.3599999999987631,1.2850000000016735,1.2800000000015643,8,8,26,32,0.2857142857152138,0.001949317738831512,1,-1,0.09800004959106445,0.0,0.6470588235294118,0.8235294117647058,0.47058823529411764,-0.12,0.6440677966101694,0.847457627118644,0.4915254237288136,-0.13636363636363635,-0.14000000000032742,-0.13000000000010914,1789615340.474,,
historical7d:500ms:segment0,Quote-entry,SKIP_WAIT_EXPIRED,1789615338.474,1789615340.78,PRIMARY,1,BUY,1,HEALTHY_TREND,0.20999999999912689,0.20499999999992724,0.8500000000003638,0.6400000000012369,2.0250000000005457,1.8200000000006185,8,13,33,40,0.14093959731469885,0.053315994798404466,3,-1,0.2519998550415039,0.0,0.8636363636363636,0.6818181818181818,0.5454545454545454,0.11764705882352941,0.7432432432432432,0.7837837837837838,0.527027027027027,-0.02654867256637168,0.05999999999949068,0.049999999999272404,1789615340.474,HEALTHY_PULLBACK,
historical7d:500ms:segment0,Quote-entry,WAIT,1789616035.973,1789616035.973,PRIMARY,1,BUY,1,HEALTHY_PULLBACK,-0.125,0.4600000000000364,0.09000000000014552,0.21500000000014552,1.4399999999986903,0.979999999998654,4,5,27,31,0.4098360655733794,0.1900826446283228,0,1,0.0,0.04900002479553223,0.5454545454545454,1.0,0.5454545454545454,-0.29411764705882354,0.43333333333333335,0.9833333333333333,0.4166666666666667,-0.38823529411764707,-0.1500000000005457,-0.03999999999996362,1789616037.973,,
historical7d:500ms:segment0,Quote-entry,SKIP_DECAY_DURING_WAIT,1789616035.973,1789616036.4689999,PRIMARY,1,BUY,1,DECAY,-0.17000000000007276,0.09500000000116415,0.10499999999956344,0.2749999999996362,1.1199999999989814,1.0249999999978172,4,5,26,32,0.4473684210537653,0.04428904428965312,2,-1,0.19999980926513672,0.0,0.5454545454545454,1.0,0.5454545454545454,-0.29411764705882354,0.4,0.9833333333333333,0.38333333333333336,-0.42168674698795183,-0.040000000000873115,0.10999999999876309,1789616037.973,HEALTHY_PULLBACK,
historical7d:500ms:segment0,Quote-entry,TAKE_IMMEDIATE,1789617600.971,1789617600.971,SECONDARY,2,BUY,1,HEALTHY_TREND,3.1200000000008004,3.1049999999995634,4.7849999999998545,1.6649999999990541,8.010000000000218,4.905000000000655,22,10,54,52,0.4837209302327641,0.2404181184668489,0,1,0.0,0.054000139236450195,0.9393939393939394,0.8181818181818182,0.7575757575757576,0.06896551724137931,0.8878504672897196,0.7289719626168224,0.616822429906542,0.09826589595375723,-0.3000000000001819,-0.21000000000003638,,,
historical7d:500ms:segment0,Quote-entry,TAKE_UNCHANGED,1789617976.963,1789617976.963,MICRO,3,BUY,1,,,,,,,,,,,,,,,,,,,,,,,,,,,,,,
historical7d:500ms:segment0,Quote-entry,TAKE_UNCHANGED,1789618204.957,1789618204.957,MICRO,3,SELL,-1,,,,,,,,,,,,,,,,,,,,,,,,,,,,,,
historical7d:500ms:segment0,Quote-entry,TAKE_IMMEDIATE,1789618633.982,1789618633.982,PRIMARY,1,BUY,1,HEALTHY_TREND,0.09000000000014552,0.9849999999996726,0.3099999999994907,0.21999999999934516,3.184999999998581,2.1999999999989086,8,3,46,29,0.16981132075536454,0.18291550603530765,0,1,0.0,1.4030001163482666,0.8333333333333334,0.6666666666666666,0.5,0.1111111111111111,0.8421052631578947,0.6710526315789473,0.5131578947368421,0.11304347826086956,-0.1000000000003638,-0.23000000000047294,,,
historical7d:500ms:segment0,Quote-entry,SKIP_BAD_PHASE,1789621006.3980002,1789621006.3980002,PRIMARY,1,SELL,-1,REVERSAL,-0.6850000000013097,-1.0450000000000728,0.15999999999985448,0.8450000000011642,2.339999999997417,3.38499999999749,4,11,39,45,0.6815920398016073,0.18253275109187816,0,1,0.0,0.04900026321411133,0.875,0.5625,0.4375,0.21739130434782608,0.8705882352941177,0.6705882352941176,0.5411764705882353,0.1297709923664122,-0.22999999999956344,-0.3099999999994907,,,
historical7d:500ms:segment0,Quote-entry,TAKE_UNCHANGED,1789621980.452,1789621980.452,MICRO,3,SELL,-1,,,,,,,,,,,,,,,,,,,,,,,,,,,,,,
historical7d:500ms:segment0,Quote-entry,SKIP_BAD_PHASE,1789623087.402,1789623087.402,PRIMARY,1,SELL,-1,REVERSAL,-0.010000000000218279,-0.4750000000003638,0.07999999999992724,0.09000000000014552,1.610000000000582,2.085000000000946,2,2,38,42,0.058823529413023525,0.12855209742900334,1,-1,0.2969999313354492,0.0,0.4,1.0,0.4,-0.42857142857142855,0.5185185185185185,0.8271604938271605,0.345679012345679,-0.22935779816513763,-0.03999999999996362,-0.06999999999970896,,,
historical7d:500ms:segment0,Quote-entry,TAKE_IMMEDIATE,1789626636.3049998,1789626636.3049998,PRIMARY,1,BUY,1,HEALTHY_TREND,0.22000000000116415,0.04500000000007276,0.2650000000012369,0.04500000000007276,1.8599999999996726,1.8150000000005093,4,1,23,22,0.7096774193555958,0.012244897959199835,0,1,0.0,0.3019998073577881,0.8333333333333334,1.0,0.8333333333333334,-0.09090909090909091,0.6382978723404256,0.9148936170212766,0.5531914893617021,-0.1780821917808219,0.15999999999985448,0.10999999999967258,,,
historical7d:500ms:segment0,Quote-entry,SKIP_BAD_PHASE,1789635294.824,1789635294.824,PRIMARY,1,BUY,1,REVERSAL,-0.06999999999970896,-0.3999999999996362,0.3650000000016007,0.4350000000013097,0.8450000000038926,1.2450000000035288,5,10,21,31,0.08749999999931787,0.19138755980775876,0,1,0.0,0.04999971389770508,0.7647058823529411,0.7647058823529411,0.5294117647058824,0.0,0.7818181818181819,0.8,0.5818181818181818,-0.011494252873563218,-0.17999999999938154,0.0,,,
historical7d:500ms:segment0,Quote-entry,TAKE_UNCHANGED,1789636602.408,1789636602.408,MICRO,3,SELL,-1,,,,,,,,,,,,,,,,,,,,,,,,,,,,,,
historical7d:500ms:segment0,Quote-entry,TAKE_IMMEDIATE,1789639759.456,1789639759.456,PRIMARY,1,BUY,1,HEALTHY_TREND,0.7250000000003638,1.0400000000008731,1.0049999999991996,0.27999999999883585,2.089999999999236,1.049999999998363,8,6,27,25,0.5642023346314958,0.3312101910833339,0,1,0.0,0.14899992942810059,0.8666666666666667,0.8666666666666667,0.7333333333333333,0.0,0.8867924528301887,0.7735849056603774,0.660377358490566,0.06818181818181818,-0.08999999999923602,-0.020000000000436557,,,
historical7d:500ms:segment0,Quote-entry,TAKE_IMMEDIATE,1789640864.822,1789640864.822,PRIMARY,1,BUY,1,IGNITION,0.05999999999949068,-1.5050000000010186,0.14499999999952706,0.08500000000003638,0.4349999999967622,1.9399999999977808,4,4,13,30,0.260869565215672,0.6336842105282007,1,-1,0.10000014305114746,0.0,0.8888888888888888,0.5555555555555556,0.4444444444444444,0.23076923076923078,0.8888888888888888,0.8222222222222222,0.7111111111111111,0.03896103896103896,0.03999999999996362,-0.049999999999272404,,,
historical7d:500ms:segment0,Quote-entry,TAKE_IMMEDIATE,1789643496.452,1789643496.452,PRIMARY,1,SELL,-1,HEALTHY_TREND,0.2250000000003638,0.32999999999992724,0.32000000000061846,0.09500000000025466,0.5950000000020736,0.2650000000021464,5,6,15,14,0.5421686746985311,0.3837209302305906,6,-1,0.6909999847412109,0.0,1.0,0.25,0.25,0.6,1.0,0.2,0.2,0.6666666666666666,-0.10999999999967258,-0.13999999999941792,,,
historical7d:500ms:segment0,Quote-entry,WAIT,1789644738.46,1789644738.46,PRIMARY,1,SELL,-1,HEALTHY_PULLBACK,-0.1750000000001819,1.175000000000182,0.11999999999989086,0.29500000000007276,3.119999999999891,1.9449999999987995,4,4,39,40,0.42168674698842706,0.23198420533075512,0,1,0.0,0.05200004577636719,0.7777777777777778,0.8888888888888888,0.6666666666666666,-0.06666666666666667,0.8658536585365854,0.9146341463414634,0.7804878048780488,-0.0273972602739726,-0.10999999999967258,-0.02999999999974534,1789644740.46,,
historical7d:500ms:segment0,Quote-entry,SKIP_DECAY_DURING_WAIT,1789644738.46,1789644739.36,PRIMARY,1,SELL,-1,DECAY,-0.03999999999996362,1.2349999999996726,0.17000000000007276,0.21000000000003638,3.1300000000010186,1.8950000000004366,5,4,39,38,0.10526315789461087,0.24577114427842614,2,-1,0.3989999294281006,0.0,0.8,0.7,0.5,0.06666666666666667,0.875,0.875,0.75,0.0,-0.27999999999974534,-0.02999999999974534,1789644740.46,HEALTHY_PULLBACK,
historical7d:500ms:segment0,Quote-entry,TAKE_IMMEDIATE,1789648231.488,1789648231.488,PRIMARY,1,SELL,-1,HEALTHY_TREND,1.0850000000000364,1.2849999999998545,1.5049999999991996,0.41999999999916326,2.7499999999954525,1.464999999995598,19,9,54,37,0.5636363636368619,0.30486358244426637,0,1,0.0,0.05099987983703613,0.6666666666666666,0.9666666666666667,0.6333333333333333,-0.1836734693877551,0.6808510638297872,0.9042553191489362,0.5851063829787234,-0.14093959731543623,-0.11000000000058208,0.06999999999970896,,,
historical7d:500ms:segment0,Quote-entry,TAKE_IMMEDIATE,1789653260.3270001,1789653260.3270001,PRIMARY,1,BUY,1,IGNITION,0.04500000000007276,-0.07999999999992724,0.09999999999854481,0.05499999999847205,0.6399999999994179,0.7199999999993452,2,2,18,14,0.2903225806512183,0.058823529411764705,1,-1,0.755000114440918,0.0,0.4,0.8,0.2,-0.3333333333333333,0.5757575757575758,0.7575757575757576,0.3333333333333333,-0.13636363636363635,-0.10999999999967258,-0.13999999999941792,,,
historical7d:500ms:segment0,Quote-entry,TAKE_UNCHANGED,1789654187.951,1789654187.951,BURST,4,BUY,1,,,,,,,,,,,,,,,,,,,,,,,,,,,,,,
historical7d:500ms:segment0,Quote-entry,TAKE_UNCHANGED,1789654359.42,1789654359.42,MICRO,3,SELL,-1,,,,,,,,,,,,,,,,,,,,,,,,,,,,,,
historical7d:500ms:segment0,Quote-entry,TAKE_IMMEDIATE,1789655867.452,1789655867.452,PRIMARY,1,SELL,-1,HEALTHY_TREND,0.21499999999923602,0.4000000000005457,0.3099999999994907,0.09500000000025466,1.2549999999964712,0.8549999999959255,6,4,29,26,0.5308641975293117,0.18957345971658157,2,-1,0.14800000190734863,0.0,0.8333333333333334,0.9166666666666666,0.75,-0.047619047619047616,0.8596491228070176,0.8245614035087719,0.6842105263157895,0.020833333333333332,0.009999999999308784,0.019999999999527063,,,
historical7d:500ms:segment0,Quote-entry,TAKE_IMMEDIATE,1789656821.38,1789656821.38,PRIMARY,1,BUY,1,HEALTHY_TREND,0.6450000000004366,1.8200000000006185,0.8600000000005821,0.21500000000014552,2.860000000000582,1.0399999999990541,14,7,38,31,0.6,0.46666666666675993,0,1,0.0,0.40400004386901855,0.8636363636363636,0.5454545454545454,0.4090909090909091,0.22580645161290322,0.8732394366197183,0.5774647887323944,0.4507042253521127,0.20388349514563106,-0.11000000000058208,-0.06000000000040018,,,
historical7d:500ms:segment0,Quote-entry,TAKE_IMMEDIATE,1789657766.486,1789657766.486,SECONDARY,2,BUY,1,HEALTHY_TREND,1.7400000000006912,1.9200000000000728,2.1350000000002183,0.39499999999952706,5.19999999999709,3.279999999997017,19,8,69,55,0.687747035573465,0.22641509433978857,2,-1,0.10100007057189941,0.0,0.6785714285714286,0.8928571428571429,0.5714285714285714,-0.13636363636363635,0.7063492063492064,0.8412698412698413,0.5476190476190477,-0.08717948717948718,-0.23999999999887223,-0.27999999999883585,,,
historical7d:500ms:segment0,Quote-entry,TAKE_IMMEDIATE,1789658224.968,1789658224.968,PRIMARY,1,BUY,1,IGNITION,0.5100000000002183,-1.610000000000582,0.9899999999997817,0.47999999999956344,3.350000000002183,4.960000000001855,12,8,70,62,0.3469387755105071,0.1937424789409896,1,-1,0.35500001907348633,0.0,0.7619047619047619,0.5714285714285714,0.3333333333333333,0.14285714285714285,0.7185185185185186,0.7851851851851852,0.5037037037037037,-0.04433497536945813,-0.1000000000003638,-0.18000000000029104,,,
historical7d:500ms:segment0,Quote-entry,TAKE_UNCHANGED,1789659163.1980002,1789659163.1980002,MICRO,3,SELL,-1,,,,,,,,,,,,,,,,,,,,,,,,,,,,,,
historical7d:500ms:segment0,Quote-entry,TAKE_IMMEDIATE,1789659697.811,1789659697.811,PRIMARY,1,BUY,1,HEALTHY_TREND,0.22000000000025466,1.305000000000291,0.285000000000764,0.06500000000050932,2.810000000002219,1.5050000000019281,9,2,59,20,0.6285714285698695,0.3024333719580618,0,1,0.0,0.999000072479248,1.0,0.4166666666666667,0.4166666666666667,0.4117647058823529,0.875,0.55,0.425,0.22807017543859648,-0.1999999999998181,0.02999999999974534,,,
historical7d:500ms:segment0,Quote-entry,TAKE_UNCHANGED,1789660114.463,1789660114.463,BURST,4,BUY,1,,,,,,,,,,,,,,,,,,,,,,,,,,,,,,
historical7d:500ms:segment0,Quote-entry,TAKE_UNCHANGED,1789660200.981,1789660200.981,MICRO,3,BUY,1,,,,,,,,,,,,,,,,,,,,,,,,,,,,,,
historical7d:500ms:segment0,Quote-entry,TAKE_IMMEDIATE,1789660803.487,1789660803.487,SECONDARY,2,SELL,-1,HEALTHY_TREND,3.164999999999054,4.799999999999272,4.19999999999618,1.034999999997126,8.809999999997672,4.009999999998399,23,13,80,62,0.6045845272212228,0.37441497659912193,0,1,0.0,0.19299983978271484,0.9459459459459459,0.8378378378378378,0.7837837837837838,0.06060606060606061,0.8888888888888888,0.8125,0.7013888888888888,0.044897959183673466,-0.13000000000010914,-0.06000000000040018,,,
historical7d:500ms:segment0,Quote-entry,TAKE_IMMEDIATE,1789661412.966,1789661412.966,SECONDARY,2,SELL,-1,HEALTHY_TREND,0.6899999999995998,1.0700000000006185,0.8950000000004366,0.20500000000083674,2.840000000002874,1.770000000003165,14,9,50,47,0.6272727272716374,0.23210412147483855,0,1,0.0,0.20799994468688965,0.75,0.7916666666666666,0.5416666666666666,-0.02702702702702703,0.8383838383838383,0.7272727272727273,0.5656565656565656,0.07096774193548387,0.019999999999527063,-0.019999999999527063,,,
historical7d:500ms:segment0,Quote-entry,WAIT,1789661749.9420002,1789661749.9420002,PRIMARY,1,BUY,1,HEALTHY_PULLBACK,-0.9349999999994907,0.44500000000061846,0.3099999999994907,1.2449999999989814,3.865000000004329,3.4200000000037107,11,17,66,74,0.6012861736337038,0.06108442004119799,0,1,0.0,0.10000038146972656,0.4827586206896552,0.896551724137931,0.3793103448275862,-0.3,0.6223776223776224,0.9090909090909091,0.5314685314685315,-0.1872146118721461,-0.1500000000005457,-0.13000000000010914,1789661751.9420002,,
historical7d:500ms:segment0,Quote-entry,SKIP_DECAY_DURING_WAIT,1789661749.9420002,1789661750.493,PRIMARY,1,BUY,1,DECAY,-0.7600000000002183,0.29500000000007276,0.4399999999986903,1.1999999999989086,3.740000000004329,3.4450000000042564,11,16,65,73,0.463414634147153,0.041057759220559535,2,-1,0.09399986267089844,0.0,0.4642857142857143,0.9285714285714286,0.39285714285714285,-0.3333333333333333,0.6382978723404256,0.9078014184397163,0.5460992907801419,-0.1743119266055046,0.11999999999989086,0.06999999999970896,1789661751.9420002,HEALTHY_PULLBACK,
historical7d:500ms:segment0,Quote-entry,TAKE_IMMEDIATE,1789662996.479,1789662996.479,SECONDARY,2,SELL,-1,HEALTHY_TREND,3.405000000000655,4.230000000000473,3.719999999999345,0.3149999999986903,5.710000000002765,1.4800000000013824,17,9,58,43,0.8438661710042906,0.588317107092837,0,1,0.0,0.20200014114379883,0.9629629629629629,0.6666666666666666,0.6296296296296297,0.18181818181818182,0.8796296296296297,0.8333333333333334,0.7129629629629629,0.02702702702702703,-0.08999999999923602,-0.07999999999901775,,,
historical7d:500ms:segment0,Quote-entry,TAKE_IMMEDIATE,1789663504.984,1789663504.984,PRIMARY,1,SELL,-1,HEALTHY_TREND,1.7199999999993452,2.2849999999998545,2.25,0.5300000000006548,5.774999999996908,3.4899999999979627,22,10,82,64,0.6187050359708417,0.24662709120355047,0,1,0.0,0.29600000381469727,0.9714285714285714,0.7714285714285715,0.7428571428571429,0.11475409836065574,0.7933333333333333,0.78,0.5733333333333334,0.00847457627118644,-0.0999999999994543,-0.1499999999996362,,,
historical7d:500ms:segment0,Quote-entry,TAKE_IMMEDIATE,1789663602.473,1789663602.473,SECONDARY,2,BUY,1,HEALTHY_TREND,1.0399999999999636,1.805000000000291,1.5850000000018554,0.5450000000018917,5.115000000005239,3.3100000000049477,19,13,79,70,0.48826291079724604,0.21424332344191202,0,1,0.0,0.04900002479553223,0.5588235294117647,0.9411764705882353,0.5,-0.2549019607843137,0.4370860927152318,0.9801324503311258,0.41721854304635764,-0.38317757009345793,-0.08000000000083674,0.010000000000218279,,,
historical7d:500ms:segment0,Quote-entry,TAKE_IMMEDIATE,1789664819.497,1789664819.497,PRIMARY,1,BUY,1,HEALTHY_TREND,0.215000000001055,1.6900000000005093,0.5150000000021464,0.3000000000010914,4.090000000001055,2.4000000000005457,18,13,65,61,0.26380368098184154,0.26040061633283396,0,1,0.0,0.056999921798706055,0.53125,0.8125,0.34375,-0.20930232558139536,0.625,0.859375,0.484375,-0.15789473684210525,0.0500000000001819,-0.03999999999996362,,,
historical7d:500ms:segment0,Quote-entry,TAKE_UNCHANGED,1789665128.421,1789665128.421,MICRO,3,SELL,-1,,,,,,,,,,,,,,,,,,,,,,,,,,,,,,
historical7d:500ms:segment0,Quote-entry,TAKE_IMMEDIATE,1789666760.28,1789666760.28,PRIMARY,1,SELL,-1,HEALTHY_TREND,0.37999999999919964,0.8400000000001455,0.9999999999990905,0.6199999999998909,2.4850000000033106,1.645000000003165,10,14,44,38,0.23456790123422136,0.2033898305081909,2,-1,0.20300006866455078,0.0,0.8,0.76,0.56,0.02564102564102564,0.7411764705882353,0.8352941176470589,0.5764705882352941,-0.05970149253731343,0.03999999999996362,-0.07999999999992724,,,
historical7d:500ms:segment0,Quote-entry,TAKE_IMMEDIATE,1789668684.972,1789668684.972,PRIMARY,1,SELL,-1,HEALTHY_TREND,0.3000000000001819,0.13999999999941792,0.4249999999992724,0.1249999999990905,1.7199999999975262,1.5799999999990177,10,4,39,43,0.5454545454564997,0.04242424242409878,0,1,0.0,0.051999807357788086,0.6,0.8666666666666667,0.4666666666666667,-0.18181818181818182,0.8095238095238095,0.6547619047619048,0.4642857142857143,0.10569105691056911,0.020000000000436557,-0.0999999999994543,,,
historical7d:500ms:segment0,Quote-entry,WAIT,1789670449.961,1789670449.961,PRIMARY,1,BUY,1,HEALTHY_PULLBACK,-0.010000000000218279,0.22999999999956344,0.44499999999970896,0.45499999999901775,1.2399999999979627,1.0099999999974898,6,7,32,27,0.011111111111358134,0.10222222222219347,0,1,0.0,0.04999995231628418,0.8666666666666667,0.7333333333333333,0.6,0.08333333333333333,0.8387096774193549,0.46774193548387094,0.3064516129032258,0.2839506172839506,-0.020000000000436557,0.020000000000436557,1789670451.961,,
historical7d:500ms:segment0,Quote-entry,SKIP_DECAY_DURING_WAIT,1789670449.961,1789670450.3630002,PRIMARY,1,BUY,1,DECAY,-0.15499999999974534,0.09500000000025466,0.4399999999995998,0.5949999999984357,1.2449999999980719,1.1499999999969077,6,11,32,31,0.1497584541061868,0.039665970772617,2,-1,0.10300016403198242,0.0,0.8947368421052632,0.631578947368421,0.5263157894736842,0.1724137931034483,0.8484848484848485,0.4696969696969697,0.3181818181818182,0.28735632183908044,0.0500000000001819,0.06999999999970896,1789670451.961,HEALTHY_PULLBACK,
historical7d:500ms:segment0,Quote-entry,TAKE_IMMEDIATE,1789671602.393,1789671602.393,PRIMARY,1,BUY,1,HEALTHY_TREND,0.625,0.6700000000000728,1.354999999998654,0.729999999998654,2.4299999999993815,1.7599999999993088,17,10,43,36,0.29976019184690983,0.1599045346062726,1,-1,0.09599995613098145,0.0,0.7,1.0,0.7,-0.17647058823529413,0.8433734939759037,0.6987951807228916,0.5421686746987951,0.09375,0.02999999999974534,-0.020000000000436557,,,
historical7d:500ms:segment0,Quote-entry,SKIP_BAD_PHASE,1789673571.864,1789673571.864,PRIMARY,1,SELL,-1,DECAY,-0.024999999999636202,0.6149999999997817,0.020000000000436557,0.04500000000007276,1.6850000000004002,1.0699999999987995,1,2,38,27,0.384615384606774,0.22323049001798706,2,-1,0.29799985885620117,0.0,0.75,0.75,0.5,0.0,0.7971014492753623,0.7536231884057971,0.5507246376811594,0.028037383177570093,0.010000000000218279,-0.02999999999974534,,,
historical7d:500ms:segment0,Quote-entry,TAKE_IMMEDIATE,1789681108.4099998,1789681108.4099998,PRIMARY,1,SELL,-1,HEALTHY_TREND,0.27000000000043656,0.7300000000004729,0.35500000000047294,0.08500000000003638,1.3549999999995634,0.6249999999990905,12,3,39,13,0.6136363636366455,0.36868686868735817,0,1,0.0,0.05099987983703613,0.7058823529411765,0.8235294117647058,0.5294117647058824,-0.07692307692307693,0.7818181818181819,0.7636363636363637,0.5454545454545454,0.011764705882352941,-0.020000000000436557,0.0999999999994543,,,
historical7d:500ms:segment0,Quote-entry,TAKE_IMMEDIATE,1789684082.9740002,1789684082.9740002,SECONDARY,2,SELL,-1,HEALTHY_TREND,1.3300000000008367,2.324999999999818,1.7300000000013824,0.3999999999996362,3.455000000007203,1.1300000000037471,19,7,50,30,0.6244131455397337,0.5070883315141593,0,1,0.0,0.20200014114379883,0.8214285714285714,0.7857142857142857,0.6071428571428571,0.022222222222222223,0.8390804597701149,0.7701149425287356,0.6091954022988506,0.04285714285714286,-0.019999999999527063,-0.009999999999308784,,,
historical7d:500ms:segment0,Quote-entry,TAKE_UNCHANGED,1789701778.447,1789701778.447,BURST,4,BUY,1,,,,,,,,,,,,,,,,,,,,,,,,,,,,,,
historical7d:500ms:segment0,Quote-entry,SKIP_BAD_PHASE,1789702326.9910002,1789702326.9910002,PRIMARY,1,BUY,1,REVERSAL,-0.10999999999876309,-0.25,0.18500000000040018,0.29499999999916326,1.159999999998945,1.409999999998945,3,5,22,24,0.2291666666642982,0.09727626459151956,2,-1,0.10300016403198242,0.0,0.7777777777777778,1.0,0.7777777777777778,-0.125,0.8541666666666666,0.7916666666666666,0.6458333333333334,0.0379746835443038,-0.13999999999941792,-0.18000000000029104,,,
historical7d:500ms:segment0,Quote-entry,TAKE_IMMEDIATE,1789705225.456,1789705225.456,PRIMARY,1,BUY,1,HEALTHY_TREND,0.08500000000003638,0.3999999999996362,0.13000000000010914,0.04500000000007276,1.214999999999236,0.8149999999995998,4,1,19,14,0.4857142857139887,0.19704433497530324,0,1,0.0,0.10000014305114746,0.8333333333333334,0.3333333333333333,0.16666666666666666,0.42857142857142855,0.8823529411764706,0.5294117647058824,0.4117647058823529,0.25,-0.1499999999996362,-0.27999999999974534,,,
historical7d:500ms:segment0,Quote-entry,TAKE_IMMEDIATE,1789706581.792,1789706581.792,PRIMARY,1,SELL,-1,HEALTHY_TREND,0.39500000000043656,0.8500000000003638,0.8549999999995634,0.4599999999991269,1.6599999999980355,0.8099999999976717,11,7,24,11,0.30038022813751325,0.3441295546566158,1,-1,0.34800004959106445,0.0,0.8947368421052632,0.7368421052631579,0.631578947368421,0.0967741935483871,0.7222222222222222,0.75,0.4722222222222222,-0.018867924528301886,-0.13000000000010914,-0.12000000000080036,,,
historical7d:500ms:segment0,Quote-entry,TAKE_IMMEDIATE,1789712211.0449998,1789712211.0449998,PRIMARY,1,SELL,-1,HEALTHY_TREND,0.09499999999934516,0.009999999999308784,0.09499999999934516,0.0,0.7799999999988358,0.7699999999995271,4,0,19,11,1.0,0.006451612902786675,0,1,0.0,inf,0.0,1.0,0.0,-1.0,0.4838709677419355,0.7419354838709677,0.22580645161290322,-0.21052631578947367,-0.18999999999959982,-0.1999999999998181,,,
historical7d:500ms:segment0,Quote-entry,TAKE_UNCHANGED,1789713296.6780002,1789713296.6780002,BURST,4,BUY,1,,,,,,,,,,,,,,,,,,,,,,,,,,,,,,
historical7d:500ms:segment0,Quote-entry,SKIP_BAD_PHASE,1789713750.544,1789713750.544,PRIMARY,1,BUY,1,REVERSAL,-0.09999999999854481,-0.1749999999992724,0.030000000000654836,0.12999999999919964,0.6300000000010186,0.805000000000291,2,6,15,19,0.6249999999914735,0.12195121951157678,6,-1,1.3009998798370361,0.0,0.4444444444444444,0.6666666666666666,0.1111111111111111,-0.2,0.5714285714285714,0.8,0.37142857142857144,-0.16666666666666666,-0.1000000000003638,-0.0500000000001819,,,
historical7d:500ms:segment0,Quote-entry,TAKE_UNCHANGED,1789720203.473,1789720203.473,BURST,4,SELL,-1,,,,,,,,,,,,,,,,,,,,,,,,,,,,,,
historical7d:500ms:segment0,Quote-entry,TAKE_IMMEDIATE,1789721882.816,1789721882.816,PRIMARY,1,BUY,1,HEALTHY_TREND,0.02999999999974534,0.44500000000061846,0.6250000000009095,0.5950000000011642,1.2900000000008731,0.8450000000002547,5,10,12,21,0.024590163934175697,0.20843091334912572,0,1,0.0,0.14899992942810059,0.6875,0.8125,0.5,-0.08333333333333333,0.6470588235294118,0.8529411764705882,0.5,-0.13725490196078433,-0.03999999999996362,-0.009999999999308784,,,
historical7d:500ms:segment0,Quote-entry,TAKE_IMMEDIATE,1789722363.9980001,1789722363.9980001,SECONDARY,2,BUY,1,HEALTHY_TREND,1.1350000000002183,2.7200000000002547,1.3000000000010914,0.16500000000087311,4.785000000000764,2.0650000000005093,13,6,48,49,0.7747440273028644,0.3970802919707663,0,1,0.0,1.0500001907348633,0.65,0.95,0.6,-0.1875,0.6122448979591837,0.9183673469387755,0.5306122448979592,-0.2,-0.009999999999308784,-0.03999999999996362,,,
historical7d:500ms:segment0,Quote-entry,WAIT,1789723626.188,1789723626.188,PRIMARY,1,BUY,1,HEALTHY_PULLBACK,-0.2750000000005457,0.7649999999994179,0.215000000001055,0.4900000000016007,1.7200000000011642,0.9550000000017462,6,5,29,20,0.3900709219851202,0.2859813084106862,0,1,0.0,0.3489999771118164,0.9166666666666666,0.6666666666666666,0.5833333333333334,0.15789473684210525,0.8867924528301887,0.6792452830188679,0.5660377358490566,0.13253012048192772,-0.02999999999974534,-0.11000000000058208,1789723628.188,,
historical7d:500ms:segment0,Quote-entry,SKIP_WAIT_EXPIRED,1789723626.188,1789723628.391,PRIMARY,1,BUY,1,HEALTHY_PULLBACK,-0.14500000000043656,0.32999999999992724,0.04500000000007276,0.19000000000050932,1.4850000000014916,1.1550000000015643,4,3,23,22,0.6170212765960741,0.12499999999982775,0,1,0.0,0.04799985885620117,1.0,0.125,0.125,0.7777777777777778,0.8958333333333334,0.5833333333333334,0.4791666666666667,0.2112676056338028,0.0500000000001819,-0.03999999999996362,1789723628.188,HEALTHY_PULLBACK,
historical7d:500ms:segment0,Quote-entry,TAKE_UNCHANGED,1789728974.4169998,1789728974.4169998,BURST,4,SELL,-1,,,,,,,,,,,,,,,,,,,,,,,,,,,,,,
historical7d:500ms:segment0,Quote-entry,TAKE_IMMEDIATE,1789730727.8140001,1789730727.8140001,PRIMARY,1,SELL,-1,HEALTHY_TREND,0.11499999999978172,0.3349999999991269,0.1650000000017826,0.05000000000200089,1.2750000000005457,0.9400000000014188,6,4,34,25,0.5348837209198046,0.151241534988185,1,-1,0.8559999465942383,0.0,1.0,0.09090909090909091,0.09090909090909091,0.8333333333333334,0.9180327868852459,0.5737704918032787,0.4918032786885246,0.23076923076923078,0.010000000000218279,-0.09000000000014552,,,
historical7d:500ms:segment0,Quote-entry,TAKE_IMMEDIATE,1789733442.8700001,1789733442.8700001,PRIMARY,1,BUY,1,HEALTHY_TREND,1.2950000000000728,1.230000000000473,1.5999999999994543,0.30499999999938154,1.9699999999993452,0.7399999999988722,14,4,26,22,0.6797900262471728,0.45387453874586053,0,1,0.0,0.14700007438659668,0.7368421052631579,0.9473684210526315,0.6842105263157895,-0.125,0.8367346938775511,0.7959183673469388,0.6326530612244898,0.025,0.030000000000654836,-0.05999999999858119,,,
historical7d:500ms:segment0,Quote-entry,WAIT,1789735360.477,1789735360.477,PRIMARY,1,SELL,-1,HEALTHY_PULLBACK,-0.11000000000058208,0.8949999999995271,0.1849999999985812,0.29500000000007276,1.7099999999991269,0.8150000000005093,6,8,28,24,0.22916666666808774,0.35445544554429054,0,1,0.0,0.2480001449584961,0.625,0.9375,0.5625,-0.2,0.8392857142857143,0.7857142857142857,0.625,0.03296703296703297,-0.03999999999996362,0.010000000000218279,1789735362.477,,
historical7d:500ms:segment0,Quote-entry,SKIP_WAIT_EXPIRED,1789735360.477,1789735362.979,PRIMARY,1,SELL,-1,HEALTHY_PULLBACK,-0.03999999999996362,0.8599999999996726,0.08500000000003638,0.125,1.5649999999977808,0.7049999999990177,3,3,23,17,0.19047619047598424,0.37885462555089905,0,1,0.0,0.30099987983703613,0.8571428571428571,0.7142857142857143,0.5714285714285714,0.09090909090909091,0.8181818181818182,0.8636363636363636,0.6818181818181818,-0.02702702702702703,-0.03999999999996362,-0.03999999999996362,1789735362.477,HEALTHY_PULLBACK,
historical7d:500ms:segment0,Quote-entry,TAKE_UNCHANGED,1789740383.483,1789740383.483,MICRO,3,SELL,-1,,,,,,,,,,,,,,,,,,,,,,,,,,,,,,
historical7d:500ms:segment0,Quote-exit,TAKE_UNCHANGED,1789573152.468,1789573152.468,BURST,4,BUY,1,,,,,,,,,,,,,,,,,,,,,,,,,,,,,,
historical7d:500ms:segment0,Quote-exit,TAKE_UNCHANGED,1789573826.844,1789573826.844,PRIMARY,1,BUY,1,,,,,,,,,,,,,,,,,,,,,,,,,,,,,,
historical7d:500ms:segment0,Quote-exit,TAKE_UNCHANGED,1789574424.972,1789574424.972,PRIMARY,1,BUY,1,,,,,,,,,,,,,,,,,,,,,,,,,,,,,,
historical7d:500ms:segment0,Quote-exit,TAKE_UNCHANGED,1789575064.3500001,1789575064.3500001,PRIMARY,1,BUY,1,,,,,,,,,,,,,,,,,,,,,,,,,,,,,,
historical7d:500ms:segment0,Quote-exit,TAKE_UNCHANGED,1789576948.978,1789576948.978,PRIMARY,1,SELL,-1,,,,,,,,,,,,,,,,,,,,,,,,,,,,,,
historical7d:500ms:segment0,Quote-exit,TAKE_UNCHANGED,1789577693.868,1789577693.868,PRIMARY,1,SELL,-1,,,,,,,,,,,,,,,,,,,,,,,,,,,,,,
historical7d:500ms:segment0,Quote-exit,TAKE_UNCHANGED,1789578618.875,1789578618.875,MICRO,3,BUY,1,,,,,,,,,,,,,,,,,,,,,,,,,,,,,,
historical7d:500ms:segment0,Quote-exit,TAKE_UNCHANGED,1789579129.2659998,1789579129.2659998,PRIMARY,1,SELL,-1,,,,,,,,,,,,,,,,,,,,,,,,,,,,,,
historical7d:500ms:segment0,Quote-exit,TAKE_UNCHANGED,1789580254.921,1789580254.921,PRIMARY,1,BUY,1,,,,,,,,,,,,,,,,,,,,,,,,,,,,,,
historical7d:500ms:segment0,Quote-exit,TAKE_UNCHANGED,1789581649.428,1789581649.428,PRIMARY,1,BUY,1,,,,,,,,,,,,,,,,,,,,,,,,,,,,,,
historical7d:500ms:segment0,Quote-exit,TAKE_UNCHANGED,1789582071.959,1789582071.959,SECONDARY,2,BUY,1,,,,,,,,,,,,,,,,,,,,,,,,,,,,,,
historical7d:500ms:segment0,Quote-exit,TAKE_UNCHANGED,1789583356.9459999,1789583356.9459999,PRIMARY,1,SELL,-1,,,,,,,,,,,,,,,,,,,,,,,,,,,,,,
historical7d:500ms:segment0,Quote-exit,TAKE_UNCHANGED,1789584430.963,1789584430.963,SECONDARY,2,BUY,1,,,,,,,,,,,,,,,,,,,,,,,,,,,,,,
historical7d:500ms:segment0,Quote-exit,TAKE_UNCHANGED,1789584564.929,1789584564.929,MICRO,3,SELL,-1,,,,,,,,,,,,,,,,,,,,,,,,,,,,,,
historical7d:500ms:segment0,Quote-exit,TAKE_UNCHANGED,1789586926.748,1789586926.748,PRIMARY,1,SELL,-1,,,,,,,,,,,,,,,,,,,,,,,,,,,,,,
historical7d:500ms:segment0,Quote-exit,TAKE_UNCHANGED,1789592304.8969998,1789592304.8969998,PRIMARY,1,BUY,1,,,,,,,,,,,,,,,,,,,,,,,,,,,,,,
historical7d:500ms:segment0,Quote-exit,TAKE_UNCHANGED,1789592535.972,1789592535.972,MICRO,3,SELL,-1,,,,,,,,,,,,,,,,,,,,,,,,,,,,,,
historical7d:500ms:segment0,Quote-exit,TAKE_UNCHANGED,1789592591.9859998,1789592591.9859998,SECONDARY,2,BUY,1,,,,,,,,,,,,,,,,,,,,,,,,,,,,,,
historical7d:500ms:segment0,Quote-exit,TAKE_UNCHANGED,1789592880.4620001,1789592880.4620001,MICRO,3,BUY,1,,,,,,,,,,,,,,,,,,,,,,,,,,,,,,
historical7d:500ms:segment0,Quote-exit,TAKE_UNCHANGED,1789592995.458,1789592995.458,MICRO,3,SELL,-1,,,,,,,,,,,,,,,,,,,,,,,,,,,,,,
historical7d:500ms:segment0,Quote-exit,TAKE_UNCHANGED,1789593033.9889998,1789593033.9889998,PRIMARY,1,SELL,-1,,,,,,,,,,,,,,,,,,,,,,,,,,,,,,
historical7d:500ms:segment0,Quote-exit,TAKE_UNCHANGED,1789594268.4220002,1789594268.4220002,MICRO,3,SELL,-1,,,,,,,,,,,,,,,,,,,,,,,,,,,,,,
historical7d:500ms:segment0,Quote-exit,TAKE_UNCHANGED,1789594424.963,1789594424.963,PRIMARY,1,SELL,-1,,,,,,,,,,,,,,,,,,,,,,,,,,,,,,
historical7d:500ms:segment0,Quote-exit,TAKE_UNCHANGED,1789594746.48,1789594746.48,MICRO,3,BUY,1,,,,,,,,,,,,,,,,,,,,,,,,,,,,,,
historical7d:500ms:segment0,Quote-exit,TAKE_UNCHANGED,1789594762.982,1789594762.982,SECONDARY,2,BUY,1,,,,,,,,,,,,,,,,,,,,,,,,,,,,,,
historical7d:500ms:segment0,Quote-exit,TAKE_UNCHANGED,1789594989.979,1789594989.979,MICRO,3,BUY,1,,,,,,,,,,,,,,,,,,,,,,,,,,,,,,
historical7d:500ms:segment0,Quote-exit,TAKE_UNCHANGED,1789595292.485,1789595292.485,PRIMARY,1,SELL,-1,,,,,,,,,,,,,,,,,,,,,,,,,,,,,,
historical7d:500ms:segment0,Quote-exit,TAKE_UNCHANGED,1789595637.978,1789595637.978,MICRO,3,SELL,-1,,,,,,,,,,,,,,,,,,,,,,,,,,,,,,
historical7d:500ms:segment0,Quote-exit,TAKE_UNCHANGED,1789596313.4780002,1789596313.4780002,MICRO,3,SELL,-1,,,,,,,,,,,,,,,,,,,,,,,,,,,,,,
historical7d:500ms:segment0,Quote-exit,TAKE_UNCHANGED,1789596332.446,1789596332.446,PRIMARY,1,SELL,-1,,,,,,,,,,,,,,,,,,,,,,,,,,,,,,
historical7d:500ms:segment0,Quote-exit,TAKE_UNCHANGED,1789596621.4780002,1789596621.4780002,SECONDARY,2,SELL,-1,,,,,,,,,,,,,,,,,,,,,,,,,,,,,,
historical7d:500ms:segment0,Quote-exit,TAKE_UNCHANGED,1789596891.473,1789596891.473,MICRO,3,BUY,1,,,,,,,,,,,,,,,,,,,,,,,,,,,,,,
historical7d:500ms:segment0,Quote-exit,TAKE_UNCHANGED,1789596896.442,1789596896.442,SECONDARY,2,BUY,1,,,,,,,,,,,,,,,,,,,,,,,,,,,,,,
historical7d:500ms:segment0,Quote-exit,TAKE_UNCHANGED,1789597030.492,1789597030.492,MICRO,3,SELL,-1,,,,,,,,,,,,,,,,,,,,,,,,,,,,,,
historical7d:500ms:segment0,Quote-exit,TAKE_UNCHANGED,1789597139.999,1789597139.999,PRIMARY,1,SELL,-1,,,,,,,,,,,,,,,,,,,,,,,,,,,,,,
historical7d:500ms:segment0,Quote-exit,TAKE_UNCHANGED,1789597519.43,1789597519.43,MICRO,3,BUY,1,,,,,,,,,,,,,,,,,,,,,,,,,,,,,,
historical7d:500ms:segment0,Quote-exit,TAKE_UNCHANGED,1789597832.972,1789597832.972,SECONDARY,2,BUY,1,,,,,,,,,,,,,,,,,,,,,,,,,,,,,,
historical7d:500ms:segment0,Quote-exit,TAKE_UNCHANGED,1789598469.9750001,1789598469.9750001,PRIMARY,1,BUY,1,,,,,,,,,,,,,,,,,,,,,,,,,,,,,,
historical7d:500ms:segment0,Quote-exit,TAKE_UNCHANGED,1789614642.982,1789614642.982,MICRO,3,BUY,1,,,,,,,,,,,,,,,,,,,,,,,,,,,,,,
historical7d:500ms:segment0,Quote-exit,TAKE_UNCHANGED,1789615338.474,1789615338.474,PRIMARY,1,BUY,1,,,,,,,,,,,,,,,,,,,,,,,,,,,,,,
historical7d:500ms:segment0,Quote-exit,TAKE_UNCHANGED,1789616035.973,1789616035.973,PRIMARY,1,BUY,1,,,,,,,,,,,,,,,,,,,,,,,,,,,,,,
historical7d:500ms:segment0,Quote-exit,TAKE_UNCHANGED,1789617600.971,1789617600.971,SECONDARY,2,BUY,1,,,,,,,,,,,,,,,,,,,,,,,,,,,,,,
historical7d:500ms:segment0,Quote-exit,TAKE_UNCHANGED,1789617976.963,1789617976.963,MICRO,3,BUY,1,,,,,,,,,,,,,,,,,,,,,,,,,,,,,,
historical7d:500ms:segment0,Quote-exit,TAKE_UNCHANGED,1789618204.957,1789618204.957,MICRO,3,SELL,-1,,,,,,,,,,,,,,,,,,,,,,,,,,,,,,
historical7d:500ms:segment0,Quote-exit,TAKE_UNCHANGED,1789618633.982,1789618633.982,PRIMARY,1,BUY,1,,,,,,,,,,,,,,,,,,,,,,,,,,,,,,
historical7d:500ms:segment0,Quote-exit,TAKE_UNCHANGED,1789621006.3980002,1789621006.3980002,PRIMARY,1,SELL,-1,,,,,,,,,,,,,,,,,,,,,,,,,,,,,,
historical7d:500ms:segment0,Quote-exit,TAKE_UNCHANGED,1789621980.452,1789621980.452,MICRO,3,SELL,-1,,,,,,,,,,,,,,,,,,,,,,,,,,,,,,
historical7d:500ms:segment0,Quote-exit,TAKE_UNCHANGED,1789623087.402,1789623087.402,PRIMARY,1,SELL,-1,,,,,,,,,,,,,,,,,,,,,,,,,,,,,,
historical7d:500ms:segment0,Quote-exit,TAKE_UNCHANGED,1789626636.3049998,1789626636.3049998,PRIMARY,1,BUY,1,,,,,,,,,,,,,,,,,,,,,,,,,,,,,,
historical7d:500ms:segment0,Quote-exit,TAKE_UNCHANGED,1789635294.824,1789635294.824,PRIMARY,1,BUY,1,,,,,,,,,,,,,,,,,,,,,,,,,,,,,,
historical7d:500ms:segment0,Quote-exit,TAKE_UNCHANGED,1789636602.408,1789636602.408,MICRO,3,SELL,-1,,,,,,,,,,,,,,,,,,,,,,,,,,,,,,
historical7d:500ms:segment0,Quote-exit,TAKE_UNCHANGED,1789639759.456,1789639759.456,PRIMARY,1,BUY,1,,,,,,,,,,,,,,,,,,,,,,,,,,,,,,
historical7d:500ms:segment0,Quote-exit,TAKE_UNCHANGED,1789640864.822,1789640864.822,PRIMARY,1,BUY,1,,,,,,,,,,,,,,,,,,,,,,,,,,,,,,
historical7d:500ms:segment0,Quote-exit,TAKE_UNCHANGED,1789643496.452,1789643496.452,PRIMARY,1,SELL,-1,,,,,,,,,,,,,,,,,,,,,,,,,,,,,,
historical7d:500ms:segment0,Quote-exit,TAKE_UNCHANGED,1789644738.46,1789644738.46,PRIMARY,1,SELL,-1,,,,,,,,,,,,,,,,,,,,,,,,,,,,,,
historical7d:500ms:segment0,Quote-exit,TAKE_UNCHANGED,1789648231.488,1789648231.488,PRIMARY,1,SELL,-1,,,,,,,,,,,,,,,,,,,,,,,,,,,,,,
historical7d:500ms:segment0,Quote-exit,TAKE_UNCHANGED,1789653260.3270001,1789653260.3270001,PRIMARY,1,BUY,1,,,,,,,,,,,,,,,,,,,,,,,,,,,,,,
historical7d:500ms:segment0,Quote-exit,TAKE_UNCHANGED,1789654187.951,1789654187.951,BURST,4,BUY,1,,,,,,,,,,,,,,,,,,,,,,,,,,,,,,
historical7d:500ms:segment0,Quote-exit,TAKE_UNCHANGED,1789654359.42,1789654359.42,MICRO,3,SELL,-1,,,,,,,,,,,,,,,,,,,,,,,,,,,,,,
historical7d:500ms:segment0,Quote-exit,TAKE_UNCHANGED,1789655867.452,1789655867.452,PRIMARY,1,SELL,-1,,,,,,,,,,,,,,,,,,,,,,,,,,,,,,
historical7d:500ms:segment0,Quote-exit,TAKE_UNCHANGED,1789656821.38,1789656821.38,PRIMARY,1,BUY,1,,,,,,,,,,,,,,,,,,,,,,,,,,,,,,
historical7d:500ms:segment0,Quote-exit,TAKE_UNCHANGED,1789657766.486,1789657766.486,SECONDARY,2,BUY,1,,,,,,,,,,,,,,,,,,,,,,,,,,,,,,
historical7d:500ms:segment0,Quote-exit,TAKE_UNCHANGED,1789658224.968,1789658224.968,PRIMARY,1,BUY,1,,,,,,,,,,,,,,,,,,,,,,,,,,,,,,
historical7d:500ms:segment0,Quote-exit,TAKE_UNCHANGED,1789659163.1980002,1789659163.1980002,MICRO,3,SELL,-1,,,,,,,,,,,,,,,,,,,,,,,,,,,,,,
historical7d:500ms:segment0,Quote-exit,TAKE_UNCHANGED,1789659697.811,1789659697.811,PRIMARY,1,BUY,1,,,,,,,,,,,,,,,,,,,,,,,,,,,,,,
historical7d:500ms:segment0,Quote-exit,TAKE_UNCHANGED,1789660114.463,1789660114.463,BURST,4,BUY,1,,,,,,,,,,,,,,,,,,,,,,,,,,,,,,
historical7d:500ms:segment0,Quote-exit,TAKE_UNCHANGED,1789660200.981,1789660200.981,MICRO,3,BUY,1,,,,,,,,,,,,,,,,,,,,,,,,,,,,,,
historical7d:500ms:segment0,Quote-exit,TAKE_UNCHANGED,1789660803.487,1789660803.487,SECONDARY,2,SELL,-1,,,,,,,,,,,,,,,,,,,,,,,,,,,,,,
historical7d:500ms:segment0,Quote-exit,TAKE_UNCHANGED,1789661412.966,1789661412.966,SECONDARY,2,SELL,-1,,,,,,,,,,,,,,,,,,,,,,,,,,,,,,
historical7d:500ms:segment0,Quote-exit,TAKE_UNCHANGED,1789661749.9420002,1789661749.9420002,PRIMARY,1,BUY,1,,,,,,,,,,,,,,,,,,,,,,,,,,,,,,
historical7d:500ms:segment0,Quote-exit,TAKE_UNCHANGED,1789662996.479,1789662996.479,SECONDARY,2,SELL,-1,,,,,,,,,,,,,,,,,,,,,,,,,,,,,,
historical7d:500ms:segment0,Quote-exit,TAKE_UNCHANGED,1789663504.984,1789663504.984,PRIMARY,1,SELL,-1,,,,,,,,,,,,,,,,,,,,,,,,,,,,,,
historical7d:500ms:segment0,Quote-exit,TAKE_UNCHANGED,1789663602.473,1789663602.473,SECONDARY,2,BUY,1,,,,,,,,,,,,,,,,,,,,,,,,,,,,,,
historical7d:500ms:segment0,Quote-exit,TAKE_UNCHANGED,1789664819.497,1789664819.497,PRIMARY,1,BUY,1,,,,,,,,,,,,,,,,,,,,,,,,,,,,,,
historical7d:500ms:segment0,Quote-exit,TAKE_UNCHANGED,1789665128.421,1789665128.421,MICRO,3,SELL,-1,,,,,,,,,,,,,,,,,,,,,,,,,,,,,,
historical7d:500ms:segment0,Quote-exit,TAKE_UNCHANGED,1789666760.28,1789666760.28,PRIMARY,1,SELL,-1,,,,,,,,,,,,,,,,,,,,,,,,,,,,,,
historical7d:500ms:segment0,Quote-exit,TAKE_UNCHANGED,1789668684.972,1789668684.972,PRIMARY,1,SELL,-1,,,,,,,,,,,,,,,,,,,,,,,,,,,,,,
historical7d:500ms:segment0,Quote-exit,TAKE_UNCHANGED,1789670449.961,1789670449.961,PRIMARY,1,BUY,1,,,,,,,,,,,,,,,,,,,,,,,,,,,,,,
historical7d:500ms:segment0,Quote-exit,TAKE_UNCHANGED,1789671602.393,1789671602.393,PRIMARY,1,BUY,1,,,,,,,,,,,,,,,,,,,,,,,,,,,,,,
historical7d:500ms:segment0,Quote-exit,TAKE_UNCHANGED,1789673571.864,1789673571.864,PRIMARY,1,SELL,-1,,,,,,,,,,,,,,,,,,,,,,,,,,,,,,
historical7d:500ms:segment0,Quote-exit,TAKE_UNCHANGED,1789681108.4099998,1789681108.4099998,PRIMARY,1,SELL,-1,,,,,,,,,,,,,,,,,,,,,,,,,,,,,,
historical7d:500ms:segment0,Quote-exit,TAKE_UNCHANGED,1789684082.9740002,1789684082.9740002,SECONDARY,2,SELL,-1,,,,,,,,,,,,,,,,,,,,,,,,,,,,,,
historical7d:500ms:segment0,Quote-exit,TAKE_UNCHANGED,1789701778.447,1789701778.447,BURST,4,BUY,1,,,,,,,,,,,,,,,,,,,,,,,,,,,,,,
historical7d:500ms:segment0,Quote-exit,TAKE_UNCHANGED,1789702326.9910002,1789702326.9910002,PRIMARY,1,BUY,1,,,,,,,,,,,,,,,,,,,,,,,,,,,,,,
historical7d:500ms:segment0,Quote-exit,TAKE_UNCHANGED,1789705225.456,1789705225.456,PRIMARY,1,BUY,1,,,,,,,,,,,,,,,,,,,,,,,,,,,,,,
historical7d:500ms:segment0,Quote-exit,TAKE_UNCHANGED,1789706581.792,1789706581.792,PRIMARY,1,SELL,-1,,,,,,,,,,,,,,,,,,,,,,,,,,,,,,
historical7d:500ms:segment0,Quote-exit,TAKE_UNCHANGED,1789712211.0449998,1789712211.0449998,PRIMARY,1,SELL,-1,,,,,,,,,,,,,,,,,,,,,,,,,,,,,,
historical7d:500ms:segment0,Quote-exit,TAKE_UNCHANGED,1789713296.6780002,1789713296.6780002,BURST,4,BUY,1,,,,,,,,,,,,,,,,,,,,,,,,,,,,,,
historical7d:500ms:segment0,Quote-exit,TAKE_UNCHANGED,1789713750.544,1789713750.544,PRIMARY,1,BUY,1,,,,,,,,,,,,,,,,,,,,,,,,,,,,,,
historical7d:500ms:segment0,Quote-exit,TAKE_UNCHANGED,1789720203.473,1789720203.473,BURST,4,SELL,-1,,,,,,,,,,,,,,,,,,,,,,,,,,,,,,
historical7d:500ms:segment0,Quote-exit,TAKE_UNCHANGED,1789721882.816,1789721882.816,PRIMARY,1,BUY,1,,,,,,,,,,,,,,,,,,,,,,,,,,,,,,
historical7d:500ms:segment0,Quote-exit,TAKE_UNCHANGED,1789722363.9980001,1789722363.9980001,SECONDARY,2,BUY,1,,,,,,,,,,,,,,,,,,,,,,,,,,,,,,
historical7d:500ms:segment0,Quote-exit,TAKE_UNCHANGED,1789723626.188,1789723626.188,PRIMARY,1,BUY,1,,,,,,,,,,,,,,,,,,,,,,,,,,,,,,
historical7d:500ms:segment0,Quote-exit,TAKE_UNCHANGED,1789728974.4169998,1789728974.4169998,BURST,4,SELL,-1,,,,,,,,,,,,,,,,,,,,,,,,,,,,,,
historical7d:500ms:segment0,Quote-exit,TAKE_UNCHANGED,1789730727.8140001,1789730727.8140001,PRIMARY,1,SELL,-1,,,,,,,,,,,,,,,,,,,,,,,,,,,,,,
historical7d:500ms:segment0,Quote-exit,TAKE_UNCHANGED,1789733442.8700001,1789733442.8700001,PRIMARY,1,BUY,1,,,,,,,,,,,,,,,,,,,,,,,,,,,,,,
historical7d:500ms:segment0,Quote-exit,TAKE_UNCHANGED,1789735360.477,1789735360.477,PRIMARY,1,SELL,-1,,,,,,,,,,,,,,,,,,,,,,,,,,,,,,
historical7d:500ms:segment0,Quote-exit,TAKE_UNCHANGED,1789740383.483,1789740383.483,MICRO,3,SELL,-1,,,,,,,,,,,,,,,,,,,,,,,,,,,,,,
historical7d:500ms:segment0,Candidate-J,TAKE_UNCHANGED,1789573152.468,1789573152.468,BURST,4,BUY,1,,,,,,,,,,,,,,,,,,,,,,,,,,,,,,
historical7d:500ms:segment0,Candidate-J,TAKE_IMMEDIATE,1789573826.844,1789573826.844,PRIMARY,1,BUY,1,HEALTHY_TREND,0.2999999999992724,0.42999999999938154,0.2999999999992724,0.0,0.7899999999999636,0.3600000000005821,7,0,18,11,1.0,0.37391304347754567,0,1,0.0,inf,0.75,0.75,0.5,0.0,0.7333333333333333,0.8666666666666667,0.6,-0.08333333333333333,0.0,0.019999999999527063,,,
historical7d:500ms:segment0,Candidate-J,TAKE_IMMEDIATE,1789574424.972,1789574424.972,PRIMARY,1,BUY,1,HEALTHY_TREND,0.4600000000000364,3.149999999999636,0.8599999999987631,0.3999999999987267,5.190000000000509,2.040000000000873,11,16,75,67,0.3650793650801213,0.43568464730277096,1,-1,0.04699993133544922,0.0,0.7142857142857143,0.6428571428571429,0.35714285714285715,0.05263157894736842,0.8013698630136986,0.7123287671232876,0.5136986301369864,0.058823529411764705,0.020000000000436557,-0.1999999999998181,,,
historical7d:500ms:segment0,Candidate-J,TAKE_IMMEDIATE,1789575064.3500001,1789575064.3500001,PRIMARY,1,BUY,1,HEALTHY_TREND,0.010000000000218279,0.3850000000002183,0.11999999999898137,0.10999999999876309,1.554999999998472,1.1699999999973443,6,7,39,30,0.04347826087094064,0.14128440366997463,1,-1,0.15000009536743164,0.0,0.5,0.9285714285714286,0.42857142857142855,-0.3,0.5352112676056338,0.971830985915493,0.5070422535211268,-0.2897196261682243,0.020000000000436557,-0.09000000000014552,,,
historical7d:500ms:segment0,Candidate-J,TAKE_IMMEDIATE,1789576948.978,1789576948.978,PRIMARY,1,SELL,-1,HEALTHY_TREND,0.44499999999970896,0.7449999999998909,0.569999999999709,0.125,2.4799999999995634,1.734999999998763,17,9,77,59,0.640287769784022,0.17674970344010105,0,1,0.0,0.1529998779296875,0.9259259259259259,0.4074074074074074,0.3333333333333333,0.3888888888888889,0.8776978417266187,0.6330935251798561,0.5107913669064749,0.1619047619047619,-0.010000000000218279,-0.09000000000014552,,,
historical7d:500ms:segment0,Candidate-J,TAKE_IMMEDIATE,1789577693.868,1789577693.868,PRIMARY,1,SELL,-1,IGNITION,0.24499999999989086,-0.10999999999967258,0.3850000000002183,0.14000000000032742,1.3200000000042564,1.430000000003929,11,7,43,39,0.46666666666597373,0.03999999999976188,1,-1,0.05000019073486328,0.0,0.7368421052631579,0.8421052631578947,0.5789473684210527,-0.06666666666666667,0.6547619047619048,0.8214285714285714,0.47619047619047616,-0.11290322580645161,-0.010000000000218279,-0.11999999999989086,,,
historical7d:500ms:segment0,Candidate-J,TAKE_UNCHANGED,1789578618.875,1789578618.875,MICRO,3,BUY,1,,,,,,,,,,,,,,,,,,,,,,,,,,,,,,
historical7d:500ms:segment0,Candidate-J,TAKE_IMMEDIATE,1789579129.2659998,1789579129.2659998,PRIMARY,1,SELL,-1,HEALTHY_TREND,0.5300000000006548,1.0650000000005093,0.7100000000009459,0.18000000000029104,2.405000000002474,1.3400000000019645,13,6,46,42,0.5955056179774363,0.2843791722294385,0,1,0.0,0.2969999313354492,0.6666666666666666,1.0,0.6666666666666666,-0.2,0.6555555555555556,0.9444444444444444,0.6,-0.18055555555555555,-0.040000000000873115,-0.02999999999974534,,,
historical7d:500ms:segment0,Candidate-J,TAKE_IMMEDIATE,1789580254.921,1789580254.921,PRIMARY,1,BUY,1,HEALTHY_TREND,1.0,1.6899999999995998,1.3600000000014916,0.36000000000149157,2.4799999999995634,0.7899999999999636,19,9,45,32,0.5813953488362009,0.5168195718653958,0,1,0.0,0.10100007057189941,1.0,0.7931034482758621,0.7931034482758621,0.11538461538461539,0.8227848101265823,0.7341772151898734,0.5569620253164557,0.056910569105691054,0.0,0.06000000000040018,,,
historical7d:500ms:segment0,Candidate-J,TAKE_IMMEDIATE,1789581649.428,1789581649.428,PRIMARY,1,BUY,1,HEALTHY_TREND,0.27000000000043656,0.29500000000007276,0.9449999999987995,0.6749999999983629,2.530000000002474,2.2350000000033106,14,11,52,56,0.16666666666722807,0.06190975865680133,0,1,0.0,0.7000000476837158,0.8846153846153846,0.8076923076923077,0.6923076923076923,0.045454545454545456,0.8288288288288288,0.7927927927927928,0.6216216216216216,0.022222222222222223,-0.019999999999527063,0.049999999999272404,,,
historical7d:500ms:segment0,Candidate-J,TAKE_IMMEDIATE,1789582071.959,1789582071.959,SECONDARY,2,BUY,1,HEALTHY_TREND,2.0250000000005457,2.355000000000473,2.584999999999127,0.5599999999976717,4.420000000000073,2.0649999999986903,19,12,66,53,0.6438791732915807,0.3631457208944629,0,1,0.0,0.21200013160705566,0.8787878787878788,0.7575757575757576,0.6363636363636364,0.07407407407407407,0.8306451612903226,0.782258064516129,0.6129032258064516,0.03,-0.13000000000010914,-0.18999999999959982,,,
historical7d:500ms:segment0,Candidate-J,TAKE_IMMEDIATE,1789583356.9459999,1789583356.9459999,PRIMARY,1,SELL,-1,HEALTHY_TREND,0.6900000000005093,0.9200000000000728,0.8000000000010914,0.11000000000058208,2.05500000000211,1.1350000000020373,13,6,43,41,0.7582417582409235,0.28840125391814314,2,-1,0.34999990463256836,0.0,0.9047619047619048,0.7142857142857143,0.6190476190476191,0.11764705882352941,0.9090909090909091,0.8522727272727273,0.7613636363636364,0.03225806451612903,-0.03999999999996362,-0.06000000000130967,,,
historical7d:500ms:segment0,Candidate-J,TAKE_IMMEDIATE,1789584430.963,1789584430.963,SECONDARY,2,BUY,1,HEALTHY_TREND,6.9399999999996,7.125,8.704999999999018,1.764999999999418,9.429999999996653,2.304999999996653,25,9,43,27,0.6628462273162021,0.6071580741375427,1,-1,0.057000160217285156,0.0,0.9428571428571428,0.9714285714285714,0.9142857142857143,-0.014925373134328358,0.9166666666666666,0.875,0.7916666666666666,0.023255813953488372,-0.1000000000003638,-0.17000000000007276,,,
historical7d:500ms:segment0,Candidate-J,TAKE_UNCHANGED,1789584564.929,1789584564.929,MICRO,3,SELL,-1,,,,,,,,,,,,,,,,,,,,,,,,,,,,,,
historical7d:500ms:segment0,Candidate-J,SKIP_BAD_PHASE,1789586926.748,1789586926.748,PRIMARY,1,SELL,-1,REVERSAL,-0.23000000000047294,-0.11499999999978172,0.25499999999919964,0.4849999999996726,1.3549999999995634,1.4699999999993452,8,14,35,40,0.3108108108119236,0.04070796460170837,2,-1,0.25099992752075195,0.0,0.8695652173913043,0.5217391304347826,0.391304347826087,0.25,0.75,0.6710526315789473,0.42105263157894735,0.05555555555555555,-0.1000000000003638,-0.10999999999967258,,,
historical7d:500ms:segment0,Candidate-J,TAKE_IMMEDIATE,1789592304.8969998,1789592304.8969998,PRIMARY,1,BUY,1,HEALTHY_TREND,0.22000000000025466,2.069999999999709,0.3850000000002183,0.16499999999996362,2.720000000001164,0.6500000000014552,11,10,59,29,0.4000000000003307,0.6142433234415727,1,-1,0.04799985885620117,0.0,0.43478260869565216,0.9130434782608695,0.34782608695652173,-0.3548387096774194,0.5666666666666667,0.8333333333333334,0.4,-0.19047619047619047,-0.24000000000069122,-0.12000000000080036,,,
historical7d:500ms:segment0,Candidate-J,TAKE_UNCHANGED,1789592535.972,1789592535.972,MICRO,3,SELL,-1,,,,,,,,,,,,,,,,,,,,,,,,,,,,,,
historical7d:500ms:segment0,Candidate-J,TAKE_IMMEDIATE,1789592591.9859998,1789592591.9859998,SECONDARY,2,BUY,1,HEALTHY_TREND,1.4899999999997817,5.260000000000218,3.269999999999527,1.7799999999997453,16.739999999997053,11.479999999996835,16,16,84,78,0.2950495049504943,0.18639262934094109,0,1,0.0,0.14999985694885254,0.7575757575757576,0.9393939393939394,0.696969696969697,-0.10714285714285714,0.8303030303030303,0.9636363636363636,0.793939393939394,-0.07432432432432433,-0.3999999999996362,-0.42000000000007276,,,
historical7d:500ms:segment0,Candidate-J,TAKE_UNCHANGED,1789592880.4620001,1789592880.4620001,MICRO,3,BUY,1,,,,,,,,,,,,,,,,,,,,,,,,,,,,,,
historical7d:500ms:segment0,Candidate-J,TAKE_UNCHANGED,1789592995.458,1789592995.458,MICRO,3,SELL,-1,,,,,,,,,,,,,,,,,,,,,,,,,,,,,,
historical7d:500ms:segment0,Candidate-J,WAIT,1789593033.9889998,1789593033.9889998,PRIMARY,1,SELL,-1,HEALTHY_PULLBACK,-1.5,1.6299999999991996,1.8649999999979627,3.3649999999979627,8.824999999999818,7.1950000000006185,19,15,92,78,0.2868068833654242,0.10174781523090856,0,1,0.0,0.048999786376953125,0.8571428571428571,0.8285714285714286,0.6857142857142857,0.01694915254237288,0.9005847953216374,0.9122807017543859,0.8128654970760234,-0.0064516129032258064,-0.23999999999978172,-0.17999999999847205,1789593035.9889998,,
historical7d:500ms:segment0,Candidate-J,TAKE_DELAYED,1789593033.9889998,1789593035.484,PRIMARY,1,SELL,-1,HEALTHY_TREND,0.3899999999994179,3.0049999999991996,1.0949999999966167,0.7049999999971988,9.354999999996835,6.349999999997635,16,17,95,77,0.21666666666708773,0.19134033747215903,1,-1,0.10099983215332031,0.0,0.9117647058823529,0.8823529411764706,0.7941176470588235,0.01639344262295082,0.9017341040462428,0.9132947976878613,0.815028901734104,-0.006369426751592357,-0.16000000000076398,-0.1500000000005457,1789593035.9889998,HEALTHY_PULLBACK,1.4950001239776611
historical7d:500ms:segment0,Candidate-J,TAKE_UNCHANGED,1789594268.4220002,1789594268.4220002,MICRO,3,SELL,-1,,,,,,,,,,,,,,,,,,,,,,,,,,,,,,
historical7d:500ms:segment0,Candidate-J,SKIP_BAD_PHASE,1789594424.963,1789594424.963,PRIMARY,1,SELL,-1,DECAY,-0.1500000000005457,3.2349999999996726,2.8899999999985084,3.039999999999054,22.734999999996944,19.49999999999727,19,17,98,91,0.025295109612244075,0.07659524091393669,2,-1,0.0989999771118164,0.0,0.8918918918918919,0.7837837837837838,0.6756756756756757,0.06451612903225806,0.8952879581151832,0.9267015706806283,0.8219895287958116,-0.017241379310344827,-0.4000000000005457,-0.590000000001055,,,
historical7d:500ms:segment0,Candidate-J,TAKE_UNCHANGED,1789594746.48,1789594746.48,MICRO,3,BUY,1,,,,,,,,,,,,,,,,,,,,,,,,,,,,,,
historical7d:500ms:segment0,Candidate-J,TAKE_IMMEDIATE,1789594762.982,1789594762.982,SECONDARY,2,BUY,1,HEALTHY_TREND,0.6049999999995634,2.375,1.5849999999982174,0.979999999998654,9.099999999997635,6.724999999998545,19,12,94,73,0.2358674463938797,0.15007898894157579,0,1,0.0,0.2990000247955322,0.9393939393939394,0.9696969696969697,0.9090909090909091,-0.015873015873015872,0.9017341040462428,0.9421965317919075,0.8439306358381503,-0.0219435736677116,-0.1500000000005457,-0.6500000000014552,,,
historical7d:500ms:segment0,Candidate-J,TAKE_UNCHANGED,1789594989.979,1789594989.979,MICRO,3,BUY,1,,,,,,,,,,,,,,,,,,,,,,,,,,,,,,
historical7d:500ms:segment0,Candidate-J,WAIT,1789595292.485,1789595292.485,PRIMARY,1,SELL,-1,HEALTHY_PULLBACK,-0.3400000000001455,1.8450000000002547,1.0800000000017462,1.4200000000018917,6.835000000000946,4.990000000001601,17,19,96,73,0.1359999999998603,0.1560253699788343,1,-1,0.04399991035461426,0.0,0.918918918918919,0.8378378378378378,0.7567567567567568,0.046153846153846156,0.9080459770114943,0.8275862068965517,0.735632183908046,0.046357615894039736,-0.2000000000007276,-0.07000000000061846,1789595294.485,,
historical7d:500ms:segment0,Candidate-J,TAKE_DELAYED,1789595292.485,1789595293.4910002,PRIMARY,1,SELL,-1,HEALTHY_TREND,0.19499999999970896,1.889999999999418,1.6100000000014916,1.4150000000017826,6.835000000004584,4.945000000005166,16,20,96,76,0.06446280991718939,0.160441426145828,1,-1,0.051000118255615234,0.0,0.9459459459459459,0.8108108108108109,0.7567567567567568,0.07692307692307693,0.9034090909090909,0.8238636363636364,0.7272727272727273,0.046052631578947366,-0.13000000000010914,-0.18000000000029104,1789595294.485,HEALTHY_PULLBACK,1.006000280380249
historical7d:500ms:segment0,Candidate-J,TAKE_UNCHANGED,1789595637.978,1789595637.978,MICRO,3,SELL,-1,,,,,,,,,,,,,,,,,,,,,,,,,,,,,,
historical7d:500ms:segment0,Candidate-J,TAKE_UNCHANGED,1789596313.4780002,1789596313.4780002,MICRO,3,SELL,-1,,,,,,,,,,,,,,,,,,,,,,,,,,,,,,
historical7d:500ms:segment0,Candidate-J,TAKE_IMMEDIATE,1789596332.446,1789596332.446,PRIMARY,1,SELL,-1,IGNITION,0.06500000000050932,-2.25,1.214999999999236,1.1499999999987267,4.294999999997344,6.544999999998254,16,12,75,62,0.02748414376345256,0.20756457564582334,1,-1,0.05000019073486328,0.0,0.5862068965517241,0.8620689655172413,0.4482758620689655,-0.19047619047619047,0.6834532374100719,0.8273381294964028,0.5107913669064749,-0.09523809523809523,-0.13000000000010914,-0.3400000000001455,,,
historical7d:500ms:segment0,Candidate-J,TAKE_IMMEDIATE,1789596621.4780002,1789596621.4780002,SECONDARY,2,SELL,-1,HEALTHY_TREND,2.889999999999418,5.885000000000218,3.8950000000004366,1.0050000000010186,13.595000000001164,7.710000000000946,21,11,83,72,0.589795918367053,0.27622623797228985,0,1,0.0,0.4030001163482666,0.8484848484848485,0.8787878787878788,0.7272727272727273,-0.017543859649122806,0.7884615384615384,0.8846153846153846,0.6730769230769231,-0.05747126436781609,-0.07999999999992724,-0.5500000000010914,,,
historical7d:500ms:segment0,Candidate-J,TAKE_UNCHANGED,1789596891.473,1789596891.473,MICRO,3,BUY,1,,,,,,,,,,,,,,,,,,,,,,,,,,,,,,
historical7d:500ms:segment0,Candidate-J,TAKE_IMMEDIATE,1789596896.442,1789596896.442,SECONDARY,2,BUY,1,HEALTHY_TREND,1.7849999999998545,5.524999999999636,2.244999999999891,0.4600000000000364,9.30999999999949,3.7849999999998545,18,13,91,63,0.6598890942698346,0.421916762122941,0,1,0.0,0.7149999141693115,0.71875,0.84375,0.5625,-0.08,0.8012820512820513,0.9294871794871795,0.7307692307692307,-0.07407407407407407,0.030000000000654836,-0.3899999999994179,,,
historical7d:500ms:segment0,Candidate-J,TAKE_UNCHANGED,1789597030.492,1789597030.492,MICRO,3,SELL,-1,,,,,,,,,,,,,,,,,,,,,,,,,,,,,,
historical7d:500ms:segment0,Candidate-J,TAKE_IMMEDIATE,1789597139.999,1789597139.999,PRIMARY,1,SELL,-1,HEALTHY_TREND,0.42999999999938154,2.719999999999345,1.2399999999997817,0.8100000000004002,6.44499999999789,3.724999999998545,19,15,90,53,0.2097560975606553,0.2674532940019959,0,1,0.0,0.14499998092651367,0.8333333333333334,0.8611111111111112,0.6944444444444444,-0.01639344262295082,0.6413793103448275,0.9379310344827586,0.5793103448275863,-0.18777292576419213,-0.3599999999996726,0.0,,,
historical7d:500ms:segment0,Candidate-J,TAKE_UNCHANGED,1789597519.43,1789597519.43,MICRO,3,BUY,1,,,,,,,,,,,,,,,,,,,,,,,,,,,,,,
historical7d:500ms:segment0,Candidate-J,TAKE_IMMEDIATE,1789597832.972,1789597832.972,SECONDARY,2,BUY,1,HEALTHY_TREND,1.0799999999999272,0.819999999999709,1.69499999999789,0.6149999999970532,5.979999999996835,5.1599999999962165,10,18,62,97,0.46753246753327543,0.07360861759426872,0,1,0.0,0.20399999618530273,0.90625,0.9375,0.84375,-0.01694915254237288,0.8303030303030303,0.8545454545454545,0.6848484848484848,-0.014388489208633094,-0.11999999999989086,-0.24000000000069122,,,
historical7d:500ms:segment0,Candidate-J,TAKE_IMMEDIATE,1789598469.9750001,1789598469.9750001,PRIMARY,1,BUY,1,HEALTHY_TREND,0.5649999999995998,1.0649999999995998,0.9999999999990905,0.4349999999994907,3.8849999999947613,2.8199999999951615,19,12,64,65,0.3937282229966261,0.15883668903821035,1,-1,0.04900002479553223,0.0,0.875,0.6875,0.5625,0.12,0.8863636363636364,0.8333333333333334,0.7196969696969697,0.030837004405286344,-0.07000000000061846,-0.02999999999974534,,,
historical7d:500ms:segment0,Candidate-J,TAKE_UNCHANGED,1789614642.982,1789614642.982,MICRO,3,BUY,1,,,,,,,,,,,,,,,,,,,,,,,,,,,,,,
historical7d:500ms:segment0,Candidate-J,WAIT,1789615338.474,1789615338.474,PRIMARY,1,BUY,1,HEALTHY_PULLBACK,-0.15999999999985448,0.005000000000109139,0.1999999999989086,0.3599999999987631,1.2850000000016735,1.2800000000015643,8,8,26,32,0.2857142857152138,0.001949317738831512,1,-1,0.09800004959106445,0.0,0.6470588235294118,0.8235294117647058,0.47058823529411764,-0.12,0.6440677966101694,0.847457627118644,0.4915254237288136,-0.13636363636363635,-0.14000000000032742,-0.13000000000010914,1789615340.474,,
historical7d:500ms:segment0,Candidate-J,SKIP_WAIT_EXPIRED,1789615338.474,1789615340.78,PRIMARY,1,BUY,1,HEALTHY_TREND,0.20999999999912689,0.20499999999992724,0.8500000000003638,0.6400000000012369,2.0250000000005457,1.8200000000006185,8,13,33,40,0.14093959731469885,0.053315994798404466,3,-1,0.2519998550415039,0.0,0.8636363636363636,0.6818181818181818,0.5454545454545454,0.11764705882352941,0.7432432432432432,0.7837837837837838,0.527027027027027,-0.02654867256637168,0.05999999999949068,0.049999999999272404,1789615340.474,HEALTHY_PULLBACK,
historical7d:500ms:segment0,Candidate-J,WAIT,1789616035.973,1789616035.973,PRIMARY,1,BUY,1,HEALTHY_PULLBACK,-0.125,0.4600000000000364,0.09000000000014552,0.21500000000014552,1.4399999999986903,0.979999999998654,4,5,27,31,0.4098360655733794,0.1900826446283228,0,1,0.0,0.04900002479553223,0.5454545454545454,1.0,0.5454545454545454,-0.29411764705882354,0.43333333333333335,0.9833333333333333,0.4166666666666667,-0.38823529411764707,-0.1500000000005457,-0.03999999999996362,1789616037.973,,
historical7d:500ms:segment0,Candidate-J,SKIP_DECAY_DURING_WAIT,1789616035.973,1789616036.4689999,PRIMARY,1,BUY,1,DECAY,-0.17000000000007276,0.09500000000116415,0.10499999999956344,0.2749999999996362,1.1199999999989814,1.0249999999978172,4,5,26,32,0.4473684210537653,0.04428904428965312,2,-1,0.19999980926513672,0.0,0.5454545454545454,1.0,0.5454545454545454,-0.29411764705882354,0.4,0.9833333333333333,0.38333333333333336,-0.42168674698795183,-0.040000000000873115,0.10999999999876309,1789616037.973,HEALTHY_PULLBACK,
historical7d:500ms:segment0,Candidate-J,TAKE_IMMEDIATE,1789617600.971,1789617600.971,SECONDARY,2,BUY,1,HEALTHY_TREND,3.1200000000008004,3.1049999999995634,4.7849999999998545,1.6649999999990541,8.010000000000218,4.905000000000655,22,10,54,52,0.4837209302327641,0.2404181184668489,0,1,0.0,0.054000139236450195,0.9393939393939394,0.8181818181818182,0.7575757575757576,0.06896551724137931,0.8878504672897196,0.7289719626168224,0.616822429906542,0.09826589595375723,-0.3000000000001819,-0.21000000000003638,,,
historical7d:500ms:segment0,Candidate-J,TAKE_UNCHANGED,1789617976.963,1789617976.963,MICRO,3,BUY,1,,,,,,,,,,,,,,,,,,,,,,,,,,,,,,
historical7d:500ms:segment0,Candidate-J,TAKE_UNCHANGED,1789618204.957,1789618204.957,MICRO,3,SELL,-1,,,,,,,,,,,,,,,,,,,,,,,,,,,,,,
historical7d:500ms:segment0,Candidate-J,TAKE_IMMEDIATE,1789618633.982,1789618633.982,PRIMARY,1,BUY,1,HEALTHY_TREND,0.09000000000014552,0.9849999999996726,0.3099999999994907,0.21999999999934516,3.184999999998581,2.1999999999989086,8,3,46,29,0.16981132075536454,0.18291550603530765,0,1,0.0,1.4030001163482666,0.8333333333333334,0.6666666666666666,0.5,0.1111111111111111,0.8421052631578947,0.6710526315789473,0.5131578947368421,0.11304347826086956,-0.1000000000003638,-0.23000000000047294,,,
historical7d:500ms:segment0,Candidate-J,SKIP_BAD_PHASE,1789621006.3980002,1789621006.3980002,PRIMARY,1,SELL,-1,REVERSAL,-0.6850000000013097,-1.0450000000000728,0.15999999999985448,0.8450000000011642,2.339999999997417,3.38499999999749,4,11,39,45,0.6815920398016073,0.18253275109187816,0,1,0.0,0.04900026321411133,0.875,0.5625,0.4375,0.21739130434782608,0.8705882352941177,0.6705882352941176,0.5411764705882353,0.1297709923664122,-0.22999999999956344,-0.3099999999994907,,,
historical7d:500ms:segment0,Candidate-J,TAKE_UNCHANGED,1789621980.452,1789621980.452,MICRO,3,SELL,-1,,,,,,,,,,,,,,,,,,,,,,,,,,,,,,
historical7d:500ms:segment0,Candidate-J,SKIP_BAD_PHASE,1789623087.402,1789623087.402,PRIMARY,1,SELL,-1,REVERSAL,-0.010000000000218279,-0.4750000000003638,0.07999999999992724,0.09000000000014552,1.610000000000582,2.085000000000946,2,2,38,42,0.058823529413023525,0.12855209742900334,1,-1,0.2969999313354492,0.0,0.4,1.0,0.4,-0.42857142857142855,0.5185185185185185,0.8271604938271605,0.345679012345679,-0.22935779816513763,-0.03999999999996362,-0.06999999999970896,,,
historical7d:500ms:segment0,Candidate-J,TAKE_IMMEDIATE,1789626636.3049998,1789626636.3049998,PRIMARY,1,BUY,1,HEALTHY_TREND,0.22000000000116415,0.04500000000007276,0.2650000000012369,0.04500000000007276,1.8599999999996726,1.8150000000005093,4,1,23,22,0.7096774193555958,0.012244897959199835,0,1,0.0,0.3019998073577881,0.8333333333333334,1.0,0.8333333333333334,-0.09090909090909091,0.6382978723404256,0.9148936170212766,0.5531914893617021,-0.1780821917808219,0.15999999999985448,0.10999999999967258,,,
historical7d:500ms:segment0,Candidate-J,SKIP_BAD_PHASE,1789635294.824,1789635294.824,PRIMARY,1,BUY,1,REVERSAL,-0.06999999999970896,-0.3999999999996362,0.3650000000016007,0.4350000000013097,0.8450000000038926,1.2450000000035288,5,10,21,31,0.08749999999931787,0.19138755980775876,0,1,0.0,0.04999971389770508,0.7647058823529411,0.7647058823529411,0.5294117647058824,0.0,0.7818181818181819,0.8,0.5818181818181818,-0.011494252873563218,-0.17999999999938154,0.0,,,
historical7d:500ms:segment0,Candidate-J,TAKE_UNCHANGED,1789636602.408,1789636602.408,MICRO,3,SELL,-1,,,,,,,,,,,,,,,,,,,,,,,,,,,,,,
historical7d:500ms:segment0,Candidate-J,TAKE_IMMEDIATE,1789639759.456,1789639759.456,PRIMARY,1,BUY,1,HEALTHY_TREND,0.7250000000003638,1.0400000000008731,1.0049999999991996,0.27999999999883585,2.089999999999236,1.049999999998363,8,6,27,25,0.5642023346314958,0.3312101910833339,0,1,0.0,0.14899992942810059,0.8666666666666667,0.8666666666666667,0.7333333333333333,0.0,0.8867924528301887,0.7735849056603774,0.660377358490566,0.06818181818181818,-0.08999999999923602,-0.020000000000436557,,,
historical7d:500ms:segment0,Candidate-J,TAKE_IMMEDIATE,1789640864.822,1789640864.822,PRIMARY,1,BUY,1,IGNITION,0.05999999999949068,-1.5050000000010186,0.14499999999952706,0.08500000000003638,0.4349999999967622,1.9399999999977808,4,4,13,30,0.260869565215672,0.6336842105282007,1,-1,0.10000014305114746,0.0,0.8888888888888888,0.5555555555555556,0.4444444444444444,0.23076923076923078,0.8888888888888888,0.8222222222222222,0.7111111111111111,0.03896103896103896,0.03999999999996362,-0.049999999999272404,,,
historical7d:500ms:segment0,Candidate-J,TAKE_IMMEDIATE,1789643496.452,1789643496.452,PRIMARY,1,SELL,-1,HEALTHY_TREND,0.2250000000003638,0.32999999999992724,0.32000000000061846,0.09500000000025466,0.5950000000020736,0.2650000000021464,5,6,15,14,0.5421686746985311,0.3837209302305906,6,-1,0.6909999847412109,0.0,1.0,0.25,0.25,0.6,1.0,0.2,0.2,0.6666666666666666,-0.10999999999967258,-0.13999999999941792,,,
historical7d:500ms:segment0,Candidate-J,WAIT,1789644738.46,1789644738.46,PRIMARY,1,SELL,-1,HEALTHY_PULLBACK,-0.1750000000001819,1.175000000000182,0.11999999999989086,0.29500000000007276,3.119999999999891,1.9449999999987995,4,4,39,40,0.42168674698842706,0.23198420533075512,0,1,0.0,0.05200004577636719,0.7777777777777778,0.8888888888888888,0.6666666666666666,-0.06666666666666667,0.8658536585365854,0.9146341463414634,0.7804878048780488,-0.0273972602739726,-0.10999999999967258,-0.02999999999974534,1789644740.46,,
historical7d:500ms:segment0,Candidate-J,SKIP_DECAY_DURING_WAIT,1789644738.46,1789644739.36,PRIMARY,1,SELL,-1,DECAY,-0.03999999999996362,1.2349999999996726,0.17000000000007276,0.21000000000003638,3.1300000000010186,1.8950000000004366,5,4,39,38,0.10526315789461087,0.24577114427842614,2,-1,0.3989999294281006,0.0,0.8,0.7,0.5,0.06666666666666667,0.875,0.875,0.75,0.0,-0.27999999999974534,-0.02999999999974534,1789644740.46,HEALTHY_PULLBACK,
historical7d:500ms:segment0,Candidate-J,TAKE_IMMEDIATE,1789648231.488,1789648231.488,PRIMARY,1,SELL,-1,HEALTHY_TREND,1.0850000000000364,1.2849999999998545,1.5049999999991996,0.41999999999916326,2.7499999999954525,1.464999999995598,19,9,54,37,0.5636363636368619,0.30486358244426637,0,1,0.0,0.05099987983703613,0.6666666666666666,0.9666666666666667,0.6333333333333333,-0.1836734693877551,0.6808510638297872,0.9042553191489362,0.5851063829787234,-0.14093959731543623,-0.11000000000058208,0.06999999999970896,,,
historical7d:500ms:segment0,Candidate-J,TAKE_IMMEDIATE,1789653260.3270001,1789653260.3270001,PRIMARY,1,BUY,1,IGNITION,0.04500000000007276,-0.07999999999992724,0.09999999999854481,0.05499999999847205,0.6399999999994179,0.7199999999993452,2,2,18,14,0.2903225806512183,0.058823529411764705,1,-1,0.755000114440918,0.0,0.4,0.8,0.2,-0.3333333333333333,0.5757575757575758,0.7575757575757576,0.3333333333333333,-0.13636363636363635,-0.10999999999967258,-0.13999999999941792,,,
historical7d:500ms:segment0,Candidate-J,TAKE_UNCHANGED,1789654187.951,1789654187.951,BURST,4,BUY,1,,,,,,,,,,,,,,,,,,,,,,,,,,,,,,
historical7d:500ms:segment0,Candidate-J,TAKE_UNCHANGED,1789654359.42,1789654359.42,MICRO,3,SELL,-1,,,,,,,,,,,,,,,,,,,,,,,,,,,,,,
historical7d:500ms:segment0,Candidate-J,TAKE_IMMEDIATE,1789655867.452,1789655867.452,PRIMARY,1,SELL,-1,HEALTHY_TREND,0.21499999999923602,0.4000000000005457,0.3099999999994907,0.09500000000025466,1.2549999999964712,0.8549999999959255,6,4,29,26,0.5308641975293117,0.18957345971658157,2,-1,0.14800000190734863,0.0,0.8333333333333334,0.9166666666666666,0.75,-0.047619047619047616,0.8596491228070176,0.8245614035087719,0.6842105263157895,0.020833333333333332,0.009999999999308784,0.019999999999527063,,,
historical7d:500ms:segment0,Candidate-J,TAKE_IMMEDIATE,1789656821.38,1789656821.38,PRIMARY,1,BUY,1,HEALTHY_TREND,0.6450000000004366,1.8200000000006185,0.8600000000005821,0.21500000000014552,2.860000000000582,1.0399999999990541,14,7,38,31,0.6,0.46666666666675993,0,1,0.0,0.40400004386901855,0.8636363636363636,0.5454545454545454,0.4090909090909091,0.22580645161290322,0.8732394366197183,0.5774647887323944,0.4507042253521127,0.20388349514563106,-0.11000000000058208,-0.06000000000040018,,,
historical7d:500ms:segment0,Candidate-J,TAKE_IMMEDIATE,1789657766.486,1789657766.486,SECONDARY,2,BUY,1,HEALTHY_TREND,1.7400000000006912,1.9200000000000728,2.1350000000002183,0.39499999999952706,5.19999999999709,3.279999999997017,19,8,69,55,0.687747035573465,0.22641509433978857,2,-1,0.10100007057189941,0.0,0.6785714285714286,0.8928571428571429,0.5714285714285714,-0.13636363636363635,0.7063492063492064,0.8412698412698413,0.5476190476190477,-0.08717948717948718,-0.23999999999887223,-0.27999999999883585,,,
historical7d:500ms:segment0,Candidate-J,TAKE_IMMEDIATE,1789658224.968,1789658224.968,PRIMARY,1,BUY,1,IGNITION,0.5100000000002183,-1.610000000000582,0.9899999999997817,0.47999999999956344,3.350000000002183,4.960000000001855,12,8,70,62,0.3469387755105071,0.1937424789409896,1,-1,0.35500001907348633,0.0,0.7619047619047619,0.5714285714285714,0.3333333333333333,0.14285714285714285,0.7185185185185186,0.7851851851851852,0.5037037037037037,-0.04433497536945813,-0.1000000000003638,-0.18000000000029104,,,
historical7d:500ms:segment0,Candidate-J,TAKE_UNCHANGED,1789659163.1980002,1789659163.1980002,MICRO,3,SELL,-1,,,,,,,,,,,,,,,,,,,,,,,,,,,,,,
historical7d:500ms:segment0,Candidate-J,TAKE_IMMEDIATE,1789659697.811,1789659697.811,PRIMARY,1,BUY,1,HEALTHY_TREND,0.22000000000025466,1.305000000000291,0.285000000000764,0.06500000000050932,2.810000000002219,1.5050000000019281,9,2,59,20,0.6285714285698695,0.3024333719580618,0,1,0.0,0.999000072479248,1.0,0.4166666666666667,0.4166666666666667,0.4117647058823529,0.875,0.55,0.425,0.22807017543859648,-0.1999999999998181,0.02999999999974534,,,
historical7d:500ms:segment0,Candidate-J,TAKE_UNCHANGED,1789660114.463,1789660114.463,BURST,4,BUY,1,,,,,,,,,,,,,,,,,,,,,,,,,,,,,,
historical7d:500ms:segment0,Candidate-J,TAKE_UNCHANGED,1789660200.981,1789660200.981,MICRO,3,BUY,1,,,,,,,,,,,,,,,,,,,,,,,,,,,,,,
historical7d:500ms:segment0,Candidate-J,TAKE_IMMEDIATE,1789660803.487,1789660803.487,SECONDARY,2,SELL,-1,HEALTHY_TREND,3.164999999999054,4.799999999999272,4.19999999999618,1.034999999997126,8.809999999997672,4.009999999998399,23,13,80,62,0.6045845272212228,0.37441497659912193,0,1,0.0,0.19299983978271484,0.9459459459459459,0.8378378378378378,0.7837837837837838,0.06060606060606061,0.8888888888888888,0.8125,0.7013888888888888,0.044897959183673466,-0.13000000000010914,-0.06000000000040018,,,
historical7d:500ms:segment0,Candidate-J,TAKE_IMMEDIATE,1789661412.966,1789661412.966,SECONDARY,2,SELL,-1,HEALTHY_TREND,0.6899999999995998,1.0700000000006185,0.8950000000004366,0.20500000000083674,2.840000000002874,1.770000000003165,14,9,50,47,0.6272727272716374,0.23210412147483855,0,1,0.0,0.20799994468688965,0.75,0.7916666666666666,0.5416666666666666,-0.02702702702702703,0.8383838383838383,0.7272727272727273,0.5656565656565656,0.07096774193548387,0.019999999999527063,-0.019999999999527063,,,
historical7d:500ms:segment0,Candidate-J,WAIT,1789661749.9420002,1789661749.9420002,PRIMARY,1,BUY,1,HEALTHY_PULLBACK,-0.9349999999994907,0.44500000000061846,0.3099999999994907,1.2449999999989814,3.865000000004329,3.4200000000037107,11,17,66,74,0.6012861736337038,0.06108442004119799,0,1,0.0,0.10000038146972656,0.4827586206896552,0.896551724137931,0.3793103448275862,-0.3,0.6223776223776224,0.9090909090909091,0.5314685314685315,-0.1872146118721461,-0.1500000000005457,-0.13000000000010914,1789661751.9420002,,
historical7d:500ms:segment0,Candidate-J,SKIP_DECAY_DURING_WAIT,1789661749.9420002,1789661750.493,PRIMARY,1,BUY,1,DECAY,-0.7600000000002183,0.29500000000007276,0.4399999999986903,1.1999999999989086,3.740000000004329,3.4450000000042564,11,16,65,73,0.463414634147153,0.041057759220559535,2,-1,0.09399986267089844,0.0,0.4642857142857143,0.9285714285714286,0.39285714285714285,-0.3333333333333333,0.6382978723404256,0.9078014184397163,0.5460992907801419,-0.1743119266055046,0.11999999999989086,0.06999999999970896,1789661751.9420002,HEALTHY_PULLBACK,
historical7d:500ms:segment0,Candidate-J,TAKE_IMMEDIATE,1789662996.479,1789662996.479,SECONDARY,2,SELL,-1,HEALTHY_TREND,3.405000000000655,4.230000000000473,3.719999999999345,0.3149999999986903,5.710000000002765,1.4800000000013824,17,9,58,43,0.8438661710042906,0.588317107092837,0,1,0.0,0.20200014114379883,0.9629629629629629,0.6666666666666666,0.6296296296296297,0.18181818181818182,0.8796296296296297,0.8333333333333334,0.7129629629629629,0.02702702702702703,-0.08999999999923602,-0.07999999999901775,,,
historical7d:500ms:segment0,Candidate-J,TAKE_IMMEDIATE,1789663504.984,1789663504.984,PRIMARY,1,SELL,-1,HEALTHY_TREND,1.7199999999993452,2.2849999999998545,2.25,0.5300000000006548,5.774999999996908,3.4899999999979627,22,10,82,64,0.6187050359708417,0.24662709120355047,0,1,0.0,0.29600000381469727,0.9714285714285714,0.7714285714285715,0.7428571428571429,0.11475409836065574,0.7933333333333333,0.78,0.5733333333333334,0.00847457627118644,-0.0999999999994543,-0.1499999999996362,,,
historical7d:500ms:segment0,Candidate-J,TAKE_IMMEDIATE,1789663602.473,1789663602.473,SECONDARY,2,BUY,1,HEALTHY_TREND,1.0399999999999636,1.805000000000291,1.5850000000018554,0.5450000000018917,5.115000000005239,3.3100000000049477,19,13,79,70,0.48826291079724604,0.21424332344191202,0,1,0.0,0.04900002479553223,0.5588235294117647,0.9411764705882353,0.5,-0.2549019607843137,0.4370860927152318,0.9801324503311258,0.41721854304635764,-0.38317757009345793,-0.08000000000083674,0.010000000000218279,,,
historical7d:500ms:segment0,Candidate-J,TAKE_IMMEDIATE,1789664819.497,1789664819.497,PRIMARY,1,BUY,1,HEALTHY_TREND,0.215000000001055,1.6900000000005093,0.5150000000021464,0.3000000000010914,4.090000000001055,2.4000000000005457,18,13,65,61,0.26380368098184154,0.26040061633283396,0,1,0.0,0.056999921798706055,0.53125,0.8125,0.34375,-0.20930232558139536,0.625,0.859375,0.484375,-0.15789473684210525,0.0500000000001819,-0.03999999999996362,,,
historical7d:500ms:segment0,Candidate-J,TAKE_UNCHANGED,1789665128.421,1789665128.421,MICRO,3,SELL,-1,,,,,,,,,,,,,,,,,,,,,,,,,,,,,,
historical7d:500ms:segment0,Candidate-J,TAKE_IMMEDIATE,1789666760.28,1789666760.28,PRIMARY,1,SELL,-1,HEALTHY_TREND,0.37999999999919964,0.8400000000001455,0.9999999999990905,0.6199999999998909,2.4850000000033106,1.645000000003165,10,14,44,38,0.23456790123422136,0.2033898305081909,2,-1,0.20300006866455078,0.0,0.8,0.76,0.56,0.02564102564102564,0.7411764705882353,0.8352941176470589,0.5764705882352941,-0.05970149253731343,0.03999999999996362,-0.07999999999992724,,,
historical7d:500ms:segment0,Candidate-J,TAKE_IMMEDIATE,1789668684.972,1789668684.972,PRIMARY,1,SELL,-1,HEALTHY_TREND,0.3000000000001819,0.13999999999941792,0.4249999999992724,0.1249999999990905,1.7199999999975262,1.5799999999990177,10,4,39,43,0.5454545454564997,0.04242424242409878,0,1,0.0,0.051999807357788086,0.6,0.8666666666666667,0.4666666666666667,-0.18181818181818182,0.8095238095238095,0.6547619047619048,0.4642857142857143,0.10569105691056911,0.020000000000436557,-0.0999999999994543,,,
historical7d:500ms:segment0,Candidate-J,WAIT,1789670449.961,1789670449.961,PRIMARY,1,BUY,1,HEALTHY_PULLBACK,-0.010000000000218279,0.22999999999956344,0.44499999999970896,0.45499999999901775,1.2399999999979627,1.0099999999974898,6,7,32,27,0.011111111111358134,0.10222222222219347,0,1,0.0,0.04999995231628418,0.8666666666666667,0.7333333333333333,0.6,0.08333333333333333,0.8387096774193549,0.46774193548387094,0.3064516129032258,0.2839506172839506,-0.020000000000436557,0.020000000000436557,1789670451.961,,
historical7d:500ms:segment0,Candidate-J,SKIP_DECAY_DURING_WAIT,1789670449.961,1789670450.3630002,PRIMARY,1,BUY,1,DECAY,-0.15499999999974534,0.09500000000025466,0.4399999999995998,0.5949999999984357,1.2449999999980719,1.1499999999969077,6,11,32,31,0.1497584541061868,0.039665970772617,2,-1,0.10300016403198242,0.0,0.8947368421052632,0.631578947368421,0.5263157894736842,0.1724137931034483,0.8484848484848485,0.4696969696969697,0.3181818181818182,0.28735632183908044,0.0500000000001819,0.06999999999970896,1789670451.961,HEALTHY_PULLBACK,
historical7d:500ms:segment0,Candidate-J,TAKE_IMMEDIATE,1789671602.393,1789671602.393,PRIMARY,1,BUY,1,HEALTHY_TREND,0.625,0.6700000000000728,1.354999999998654,0.729999999998654,2.4299999999993815,1.7599999999993088,17,10,43,36,0.29976019184690983,0.1599045346062726,1,-1,0.09599995613098145,0.0,0.7,1.0,0.7,-0.17647058823529413,0.8433734939759037,0.6987951807228916,0.5421686746987951,0.09375,0.02999999999974534,-0.020000000000436557,,,
historical7d:500ms:segment0,Candidate-J,SKIP_BAD_PHASE,1789673571.864,1789673571.864,PRIMARY,1,SELL,-1,DECAY,-0.024999999999636202,0.6149999999997817,0.020000000000436557,0.04500000000007276,1.6850000000004002,1.0699999999987995,1,2,38,27,0.384615384606774,0.22323049001798706,2,-1,0.29799985885620117,0.0,0.75,0.75,0.5,0.0,0.7971014492753623,0.7536231884057971,0.5507246376811594,0.028037383177570093,0.010000000000218279,-0.02999999999974534,,,
historical7d:500ms:segment0,Candidate-J,TAKE_IMMEDIATE,1789681108.4099998,1789681108.4099998,PRIMARY,1,SELL,-1,HEALTHY_TREND,0.27000000000043656,0.7300000000004729,0.35500000000047294,0.08500000000003638,1.3549999999995634,0.6249999999990905,12,3,39,13,0.6136363636366455,0.36868686868735817,0,1,0.0,0.05099987983703613,0.7058823529411765,0.8235294117647058,0.5294117647058824,-0.07692307692307693,0.7818181818181819,0.7636363636363637,0.5454545454545454,0.011764705882352941,-0.020000000000436557,0.0999999999994543,,,
historical7d:500ms:segment0,Candidate-J,TAKE_IMMEDIATE,1789684082.9740002,1789684082.9740002,SECONDARY,2,SELL,-1,HEALTHY_TREND,1.3300000000008367,2.324999999999818,1.7300000000013824,0.3999999999996362,3.455000000007203,1.1300000000037471,19,7,50,30,0.6244131455397337,0.5070883315141593,0,1,0.0,0.20200014114379883,0.8214285714285714,0.7857142857142857,0.6071428571428571,0.022222222222222223,0.8390804597701149,0.7701149425287356,0.6091954022988506,0.04285714285714286,-0.019999999999527063,-0.009999999999308784,,,
historical7d:500ms:segment0,Candidate-J,TAKE_UNCHANGED,1789701778.447,1789701778.447,BURST,4,BUY,1,,,,,,,,,,,,,,,,,,,,,,,,,,,,,,
historical7d:500ms:segment0,Candidate-J,SKIP_BAD_PHASE,1789702326.9910002,1789702326.9910002,PRIMARY,1,BUY,1,REVERSAL,-0.10999999999876309,-0.25,0.18500000000040018,0.29499999999916326,1.159999999998945,1.409999999998945,3,5,22,24,0.2291666666642982,0.09727626459151956,2,-1,0.10300016403198242,0.0,0.7777777777777778,1.0,0.7777777777777778,-0.125,0.8541666666666666,0.7916666666666666,0.6458333333333334,0.0379746835443038,-0.13999999999941792,-0.18000000000029104,,,
historical7d:500ms:segment0,Candidate-J,TAKE_IMMEDIATE,1789705225.456,1789705225.456,PRIMARY,1,BUY,1,HEALTHY_TREND,0.08500000000003638,0.3999999999996362,0.13000000000010914,0.04500000000007276,1.214999999999236,0.8149999999995998,4,1,19,14,0.4857142857139887,0.19704433497530324,0,1,0.0,0.10000014305114746,0.8333333333333334,0.3333333333333333,0.16666666666666666,0.42857142857142855,0.8823529411764706,0.5294117647058824,0.4117647058823529,0.25,-0.1499999999996362,-0.27999999999974534,,,
historical7d:500ms:segment0,Candidate-J,TAKE_IMMEDIATE,1789706581.792,1789706581.792,PRIMARY,1,SELL,-1,HEALTHY_TREND,0.39500000000043656,0.8500000000003638,0.8549999999995634,0.4599999999991269,1.6599999999980355,0.8099999999976717,11,7,24,11,0.30038022813751325,0.3441295546566158,1,-1,0.34800004959106445,0.0,0.8947368421052632,0.7368421052631579,0.631578947368421,0.0967741935483871,0.7222222222222222,0.75,0.4722222222222222,-0.018867924528301886,-0.13000000000010914,-0.12000000000080036,,,
historical7d:500ms:segment0,Candidate-J,TAKE_IMMEDIATE,1789712211.0449998,1789712211.0449998,PRIMARY,1,SELL,-1,HEALTHY_TREND,0.09499999999934516,0.009999999999308784,0.09499999999934516,0.0,0.7799999999988358,0.7699999999995271,4,0,19,11,1.0,0.006451612902786675,0,1,0.0,inf,0.0,1.0,0.0,-1.0,0.4838709677419355,0.7419354838709677,0.22580645161290322,-0.21052631578947367,-0.18999999999959982,-0.1999999999998181,,,
historical7d:500ms:segment0,Candidate-J,TAKE_UNCHANGED,1789713296.6780002,1789713296.6780002,BURST,4,BUY,1,,,,,,,,,,,,,,,,,,,,,,,,,,,,,,
historical7d:500ms:segment0,Candidate-J,SKIP_BAD_PHASE,1789713750.544,1789713750.544,PRIMARY,1,BUY,1,REVERSAL,-0.09999999999854481,-0.1749999999992724,0.030000000000654836,0.12999999999919964,0.6300000000010186,0.805000000000291,2,6,15,19,0.6249999999914735,0.12195121951157678,6,-1,1.3009998798370361,0.0,0.4444444444444444,0.6666666666666666,0.1111111111111111,-0.2,0.5714285714285714,0.8,0.37142857142857144,-0.16666666666666666,-0.1000000000003638,-0.0500000000001819,,,
historical7d:500ms:segment0,Candidate-J,TAKE_UNCHANGED,1789720203.473,1789720203.473,BURST,4,SELL,-1,,,,,,,,,,,,,,,,,,,,,,,,,,,,,,
historical7d:500ms:segment0,Candidate-J,TAKE_IMMEDIATE,1789721882.816,1789721882.816,PRIMARY,1,BUY,1,HEALTHY_TREND,0.02999999999974534,0.44500000000061846,0.6250000000009095,0.5950000000011642,1.2900000000008731,0.8450000000002547,5,10,12,21,0.024590163934175697,0.20843091334912572,0,1,0.0,0.14899992942810059,0.6875,0.8125,0.5,-0.08333333333333333,0.6470588235294118,0.8529411764705882,0.5,-0.13725490196078433,-0.03999999999996362,-0.009999999999308784,,,
historical7d:500ms:segment0,Candidate-J,TAKE_IMMEDIATE,1789722363.9980001,1789722363.9980001,SECONDARY,2,BUY,1,HEALTHY_TREND,1.1350000000002183,2.7200000000002547,1.3000000000010914,0.16500000000087311,4.785000000000764,2.0650000000005093,13,6,48,49,0.7747440273028644,0.3970802919707663,0,1,0.0,1.0500001907348633,0.65,0.95,0.6,-0.1875,0.6122448979591837,0.9183673469387755,0.5306122448979592,-0.2,-0.009999999999308784,-0.03999999999996362,,,
historical7d:500ms:segment0,Candidate-J,WAIT,1789723626.188,1789723626.188,PRIMARY,1,BUY,1,HEALTHY_PULLBACK,-0.2750000000005457,0.7649999999994179,0.215000000001055,0.4900000000016007,1.7200000000011642,0.9550000000017462,6,5,29,20,0.3900709219851202,0.2859813084106862,0,1,0.0,0.3489999771118164,0.9166666666666666,0.6666666666666666,0.5833333333333334,0.15789473684210525,0.8867924528301887,0.6792452830188679,0.5660377358490566,0.13253012048192772,-0.02999999999974534,-0.11000000000058208,1789723628.188,,
historical7d:500ms:segment0,Candidate-J,SKIP_WAIT_EXPIRED,1789723626.188,1789723628.391,PRIMARY,1,BUY,1,HEALTHY_PULLBACK,-0.14500000000043656,0.32999999999992724,0.04500000000007276,0.19000000000050932,1.4850000000014916,1.1550000000015643,4,3,23,22,0.6170212765960741,0.12499999999982775,0,1,0.0,0.04799985885620117,1.0,0.125,0.125,0.7777777777777778,0.8958333333333334,0.5833333333333334,0.4791666666666667,0.2112676056338028,0.0500000000001819,-0.03999999999996362,1789723628.188,HEALTHY_PULLBACK,
historical7d:500ms:segment0,Candidate-J,TAKE_UNCHANGED,1789728974.4169998,1789728974.4169998,BURST,4,SELL,-1,,,,,,,,,,,,,,,,,,,,,,,,,,,,,,
historical7d:500ms:segment0,Candidate-J,TAKE_IMMEDIATE,1789730727.8140001,1789730727.8140001,PRIMARY,1,SELL,-1,HEALTHY_TREND,0.11499999999978172,0.3349999999991269,0.1650000000017826,0.05000000000200089,1.2750000000005457,0.9400000000014188,6,4,34,25,0.5348837209198046,0.151241534988185,1,-1,0.8559999465942383,0.0,1.0,0.09090909090909091,0.09090909090909091,0.8333333333333334,0.9180327868852459,0.5737704918032787,0.4918032786885246,0.23076923076923078,0.010000000000218279,-0.09000000000014552,,,
historical7d:500ms:segment0,Candidate-J,TAKE_IMMEDIATE,1789733442.8700001,1789733442.8700001,PRIMARY,1,BUY,1,HEALTHY_TREND,1.2950000000000728,1.230000000000473,1.5999999999994543,0.30499999999938154,1.9699999999993452,0.7399999999988722,14,4,26,22,0.6797900262471728,0.45387453874586053,0,1,0.0,0.14700007438659668,0.7368421052631579,0.9473684210526315,0.6842105263157895,-0.125,0.8367346938775511,0.7959183673469388,0.6326530612244898,0.025,0.030000000000654836,-0.05999999999858119,,,
historical7d:500ms:segment0,Candidate-J,WAIT,1789735360.477,1789735360.477,PRIMARY,1,SELL,-1,HEALTHY_PULLBACK,-0.11000000000058208,0.8949999999995271,0.1849999999985812,0.29500000000007276,1.7099999999991269,0.8150000000005093,6,8,28,24,0.22916666666808774,0.35445544554429054,0,1,0.0,0.2480001449584961,0.625,0.9375,0.5625,-0.2,0.8392857142857143,0.7857142857142857,0.625,0.03296703296703297,-0.03999999999996362,0.010000000000218279,1789735362.477,,
historical7d:500ms:segment0,Candidate-J,SKIP_WAIT_EXPIRED,1789735360.477,1789735362.979,PRIMARY,1,SELL,-1,HEALTHY_PULLBACK,-0.03999999999996362,0.8599999999996726,0.08500000000003638,0.125,1.5649999999977808,0.7049999999990177,3,3,23,17,0.19047619047598424,0.37885462555089905,0,1,0.0,0.30099987983703613,0.8571428571428571,0.7142857142857143,0.5714285714285714,0.09090909090909091,0.8181818181818182,0.8636363636363636,0.6818181818181818,-0.02702702702702703,-0.03999999999996362,-0.03999999999996362,1789735362.477,HEALTHY_PULLBACK,
historical7d:500ms:segment0,Candidate-J,TAKE_UNCHANGED,1789740383.483,1789740383.483,MICRO,3,SELL,-1,,,,,,,,,,,,,,,,,,,,,,,,,,,,,,
historical7d:500ms:segment1,Quote-entry,WAIT,1789742547.9980001,1789742547.9980001,PRIMARY,1,SELL,-1,HEALTHY_PULLBACK,-0.040000000000873115,0.2600000000002183,0.029999999998835847,0.06999999999970896,0.964999999999236,0.7049999999990177,1,1,27,12,0.40000000001455194,0.1556886227547845,1,-1,1.0520002841949463,0.0,1.0,0.6666666666666666,0.6666666666666666,0.2,0.8,0.6,0.4,0.14285714285714285,-0.07999999999992724,-0.11999999999989086,1789742549.9980001,,
historical7d:500ms:segment1,Quote-entry,SKIP_WAIT_EXPIRED,1789742547.9980001,1789742550.447,PRIMARY,1,SELL,-1,HEALTHY_TREND,0.13999999999941792,0.3599999999987631,0.14499999999952706,0.005000000000109139,0.7249999999976353,0.3649999999988722,4,1,23,11,0.9333333333317164,0.33027522935772163,0,1,0.0,1.75,1.0,0.3333333333333333,0.3333333333333333,0.5,0.8571428571428571,0.4857142857142857,0.34285714285714286,0.2765957446808511,-9.094947017729282e-13,0.0,1789742549.9980001,HEALTHY_PULLBACK,
historical7d:500ms:segment1,Quote-entry,TAKE_IMMEDIATE,1789743897.458,1789743897.458,SECONDARY,2,BUY,1,HEALTHY_TREND,4.954999999999927,4.305000000000291,5.404999999998836,0.4499999999989086,6.6249999999972715,2.3199999999969805,21,6,53,46,0.8462852263026193,0.48127445500313665,0,1,0.0,0.04500007629394531,0.9642857142857143,0.8214285714285714,0.7857142857142857,0.08,0.94,0.71,0.65,0.1393939393939394,0.06999999999970896,-0.009999999999308784,,,
historical7d:500ms:segment1,Quote-entry,TAKE_IMMEDIATE,1789743963.4339998,1789743963.4339998,PRIMARY,1,SELL,-1,HEALTHY_TREND,0.8250000000007276,1.2400000000006912,1.0350000000016735,0.21000000000094587,3.5650000000023283,2.325000000001637,23,11,89,57,0.6626506024088288,0.2105263157894493,0,1,0.0,0.09299993515014648,0.9714285714285714,0.5714285714285714,0.5428571428571428,0.25925925925925924,0.972972972972973,0.5878378378378378,0.5608108108108109,0.24675324675324675,-0.08999999999923602,-0.07999999999901775,,,
historical7d:500ms:segment1,Quote-entry,TAKE_UNCHANGED,1789744864.375,1789744864.375,MICRO,3,SELL,-1,,,,,,,,,,,,,,,,,,,,,,,,,,,,,,
historical7d:500ms:segment1,Quote-entry,TAKE_IMMEDIATE,1789745230.8769999,1789745230.8769999,SECONDARY,2,SELL,-1,HEALTHY_TREND,0.944999999999709,1.8800000000001091,1.1949999999969805,0.2499999999990905,3.8149999999950523,1.9349999999967622,19,6,71,41,0.6539792387550788,0.32695652173951145,0,1,0.0,0.04699969291687012,0.75,1.0,0.75,-0.14285714285714285,0.8017241379310345,0.9224137931034483,0.7241379310344828,-0.07,-0.06999999999970896,0.08000000000083674,,,
historical7d:500ms:segment1,Quote-entry,TAKE_UNCHANGED,1789745476.022,1789745476.022,MICRO,3,BUY,1,,,,,,,,,,,,,,,,,,,,,,,,,,,,,,
historical7d:500ms:segment1,Quote-entry,TAKE_IMMEDIATE,1789747212.315,1789747212.315,PRIMARY,1,BUY,1,HEALTHY_TREND,0.8349999999991269,2.319999999999709,1.180000000000291,0.34500000000116415,7.989999999998872,5.669999999999163,18,11,92,79,0.5475409836054623,0.1698389458272359,1,-1,0.14300012588500977,0.04800009727478027,0.9375,0.65625,0.59375,0.17647058823529413,0.8571428571428571,0.8685714285714285,0.7257142857142858,-0.006622516556291391,-0.10999999999967258,-0.07999999999992724,,,
historical7d:500ms:segment1,Quote-entry,TAKE_UNCHANGED,1789747384.487,1789747384.487,MICRO,3,SELL,-1,,,,,,,,,,,,,,,,,,,,,,,,,,,,,,
historical7d:500ms:segment1,Quote-entry,TAKE_IMMEDIATE,1789747489.987,1789747489.987,SECONDARY,2,BUY,1,HEALTHY_TREND,1.0849999999991269,1.9749999999985448,1.1599999999980355,0.0749999999989086,3.720000000001164,1.7450000000026193,20,5,73,37,0.8785425101229244,0.3613906678860343,0,1,0.0,0.24200010299682617,0.9629629629629629,0.7407407407407407,0.7037037037037037,0.13043478260869565,0.8859649122807017,0.7894736842105263,0.6754385964912281,0.05759162303664921,-0.0500000000001819,-0.06999999999970896,,,
historical7d:500ms:segment1,Quote-entry,TAKE_IMMEDIATE,1789749090.464,1789749090.464,PRIMARY,1,SELL,-1,HEALTHY_TREND,0.4399999999995998,1.2100000000000364,0.7149999999983265,0.2749999999987267,2.9449999999969805,1.7349999999960346,18,8,60,52,0.44444444444536313,0.25854700854735196,1,-1,0.0989999771118164,0.0,0.9310344827586207,0.6206896551724138,0.5517241379310345,0.2,0.8620689655172413,0.6637931034482759,0.5258620689655172,0.12994350282485875,-0.16000000000076398,-0.06000000000040018,,,
historical7d:500ms:segment1,Quote-entry,WAIT,1789750451.994,1789750451.994,PRIMARY,1,SELL,-1,HEALTHY_PULLBACK,-0.005000000000109139,0.464999999999236,0.965000000001055,0.9700000000011642,4.414999999999054,3.949999999999818,13,14,77,58,0.002583979328218814,0.05558876270164958,1,-1,0.051999807357788086,0.0,0.9285714285714286,0.8928571428571429,0.8214285714285714,0.0196078431372549,0.8832116788321168,0.7956204379562044,0.6788321167883211,0.05217391304347826,-0.0500000000001819,-0.1500000000005457,1789750453.994,,
historical7d:500ms:segment1,Quote-entry,TAKE_DELAYED,1789750451.994,1789750452.4940002,PRIMARY,1,SELL,-1,HEALTHY_TREND,0.25499999999919964,0.25,0.7600000000020373,0.5050000000028376,4.330000000001746,4.080000000001746,13,12,77,59,0.20158102766657468,0.029726516052306324,1,-1,0.10500025749206543,0.0,0.9230769230769231,0.8846153846153846,0.8076923076923077,0.02127659574468085,0.9057971014492754,0.7898550724637681,0.6956521739130435,0.06837606837606838,-0.06999999999970896,-0.05999999999949068,1789750453.994,HEALTHY_PULLBACK,0.5000002384185791
historical7d:500ms:segment1,Quote-entry,TAKE_UNCHANGED,1789751987.461,1789751987.461,BURST,4,SELL,-1,,,,,,,,,,,,,,,,,,,,,,,,,,,,,,
historical7d:500ms:segment1,Quote-entry,SKIP_BAD_PHASE,1789752079.999,1789752079.999,PRIMARY,1,SELL,-1,REVERSAL,-0.23000000000047294,-0.5050000000001091,0.2749999999996362,0.5050000000001091,1.8799999999973807,2.38499999999749,11,15,55,53,0.2948717948724975,0.11840562719829227,0,1,0.0,0.20099997520446777,0.7241379310344828,0.7931034482758621,0.5172413793103449,-0.045454545454545456,0.7142857142857143,0.8660714285714286,0.5803571428571429,-0.096045197740113,-0.06000000000040018,-0.06999999999970896,,,
historical7d:500ms:segment1,Quote-entry,TAKE_UNCHANGED,1789752173.904,1789752173.904,MICRO,3,BUY,1,,,,,,,,,,,,,,,,,,,,,,,,,,,,,,
historical7d:500ms:segment1,Quote-entry,TAKE_IMMEDIATE,1789753818.487,1789753818.487,PRIMARY,1,BUY,1,HEALTHY_TREND,0.6700000000000728,0.6099999999996726,1.0000000000027285,0.3300000000026557,3.019999999999527,2.4099999999998545,21,12,74,60,0.503759398494256,0.11233885819516429,1,-1,0.048999786376953125,0.0,0.9117647058823529,0.7941176470588235,0.7058823529411765,0.06896551724137931,0.8540145985401459,0.8175182481751825,0.6715328467153284,0.021834061135371178,0.0,-0.14000000000032742,,,
historical7d:500ms:segment1,Quote-entry,TAKE_IMMEDIATE,1789754302.941,1789754302.941,SECONDARY,2,SELL,-1,HEALTHY_TREND,0.7250000000003638,2.264999999999418,0.7899999999981446,0.06499999999778083,3.0900000000001455,0.8250000000007276,9,7,51,29,0.8479532163787354,0.5785440613024043,0,1,0.0,0.14700007438659668,0.8333333333333334,0.6666666666666666,0.5,0.1111111111111111,0.8674698795180723,0.8072289156626506,0.6746987951807228,0.03597122302158273,0.0500000000001819,0.07000000000061846,,,
historical7d:500ms:segment1,Quote-entry,TAKE_IMMEDIATE,1789757067.9889998,1789757067.9889998,SECONDARY,2,BUY,1,HEALTHY_TREND,0.8950000000004366,1.5150000000003274,1.1750000000020009,0.28000000000156433,2.4000000000041837,0.8850000000038563,11,10,48,45,0.6151202749128821,0.46118721461084305,0,1,0.0,0.042999982833862305,0.9565217391304348,0.6521739130434783,0.6086956521739131,0.1891891891891892,0.8947368421052632,0.5368421052631579,0.43157894736842106,0.25,0.009999999999308784,0.0500000000001819,,,
historical7d:500ms:segment1,Quote-entry,WAIT,1789758584.742,1789758584.742,PRIMARY,1,BUY,1,HEALTHY_PULLBACK,-0.039999999999054126,0.3100000000004002,0.5850000000009459,0.625,2.014999999997599,1.7049999999971988,11,13,42,40,0.03305785123886187,0.08333333333355744,0,1,0.0,0.04900026321411133,0.68,0.92,0.6,-0.15,0.5542168674698795,0.963855421686747,0.5180722891566265,-0.2698412698412698,-0.019999999999527063,-0.1000000000003638,1789758586.742,,
historical7d:500ms:segment1,Quote-entry,TAKE_DELAYED,1789758584.742,1789758585.943,PRIMARY,1,BUY,1,HEALTHY_TREND,0.32000000000061846,0.45500000000083674,0.375,0.054999999999381544,2.0199999999986176,1.5649999999977808,8,3,43,39,0.7441860465141366,0.12691771269213217,1,-1,0.051000118255615234,0.0,0.6666666666666666,0.9166666666666666,0.5833333333333334,-0.15789473684210525,0.5662650602409639,0.963855421686747,0.5301204819277109,-0.25984251968503935,-9.094947017729282e-13,0.02999999999974534,1789758586.742,HEALTHY_PULLBACK,1.2009999752044678
historical7d:500ms:segment1,Quote-entry,TAKE_IMMEDIATE,1789759468.945,1789759468.945,PRIMARY,1,BUY,1,HEALTHY_TREND,0.2849999999998545,0.08999999999923602,0.6850000000013097,0.4000000000014552,1.6900000000041473,1.6000000000049113,9,11,29,34,0.26267281105910434,0.02735562309999642,2,-1,0.0989997386932373,0.0,0.4090909090909091,1.0,0.4090909090909091,-0.41935483870967744,0.4153846153846154,0.9538461538461539,0.36923076923076925,-0.39325842696629215,0.1499999999996362,-0.07999999999901775,,,
historical7d:500ms:segment1,Quote-entry,TAKE_IMMEDIATE,1789761354.9889998,1789761354.9889998,PRIMARY,1,BUY,1,HEALTHY_TREND,0.27999999999974534,0.8850000000002183,0.42999999999847205,0.1499999999987267,1.7499999999990905,0.8649999999988722,4,4,29,24,0.4827586206915477,0.33843212237128406,0,1,0.0,0.05099987983703613,0.5555555555555556,0.8888888888888888,0.4444444444444444,-0.23076923076923078,0.3888888888888889,0.9444444444444444,0.3333333333333333,-0.4166666666666667,-0.13999999999941792,-0.009999999999308784,,,
historical7d:500ms:segment1,Quote-entry,TAKE_IMMEDIATE,1789762637.884,1789762637.884,PRIMARY,1,BUY,1,HEALTHY_TREND,0.20499999999992724,0.8550000000004729,0.27999999999883585,0.0749999999989086,1.9149999999999636,1.0599999999994907,7,6,33,35,0.5774647887358584,0.287394957983405,0,1,0.0,0.10400009155273438,0.21428571428571427,0.9285714285714286,0.14285714285714285,-0.625,0.5072463768115942,0.8115942028985508,0.3188405797101449,-0.23076923076923078,0.010000000000218279,0.010000000000218279,,,
historical7d:500ms:segment1,Quote-entry,TAKE_IMMEDIATE,1789763657.457,1789763657.457,SECONDARY,2,BUY,1,HEALTHY_TREND,2.1999999999989086,2.6849999999994907,3.0549999999993815,0.8550000000004729,3.970000000001164,1.2850000000016735,15,7,34,23,0.5626598465470564,0.5109419600376862,1,-1,0.04900002479553223,0.0,0.9130434782608695,0.9565217391304348,0.8695652173913043,-0.023255813953488372,0.8793103448275862,0.8620689655172413,0.7413793103448276,0.009900990099009901,0.05999999999949068,0.0500000000001819,,,
historical7d:500ms:segment1,Quote-entry,TAKE_IMMEDIATE,1789767860.959,1789767860.959,PRIMARY,1,SELL,-1,HEALTHY_TREND,0.10999999999967258,0.5749999999998181,0.20999999999912689,0.0999999999994543,1.0599999999994907,0.4849999999996726,8,5,34,19,0.3548387096779872,0.37216828478972785,0,1,0.0,0.04800009727478027,0.7142857142857143,0.7857142857142857,0.5,-0.047619047619047616,0.75,0.7142857142857143,0.4642857142857143,0.024390243902439025,-0.07999999999992724,-0.049999999999272404,,,
historical7d:500ms:segment1,Quote-exit,TAKE_UNCHANGED,1789742547.9980001,1789742547.9980001,PRIMARY,1,SELL,-1,,,,,,,,,,,,,,,,,,,,,,,,,,,,,,
historical7d:500ms:segment1,Quote-exit,TAKE_UNCHANGED,1789743897.458,1789743897.458,SECONDARY,2,BUY,1,,,,,,,,,,,,,,,,,,,,,,,,,,,,,,
historical7d:500ms:segment1,Quote-exit,TAKE_UNCHANGED,1789743963.4339998,1789743963.4339998,PRIMARY,1,SELL,-1,,,,,,,,,,,,,,,,,,,,,,,,,,,,,,
historical7d:500ms:segment1,Quote-exit,TAKE_UNCHANGED,1789744864.375,1789744864.375,MICRO,3,SELL,-1,,,,,,,,,,,,,,,,,,,,,,,,,,,,,,
historical7d:500ms:segment1,Quote-exit,TAKE_UNCHANGED,1789745230.8769999,1789745230.8769999,SECONDARY,2,SELL,-1,,,,,,,,,,,,,,,,,,,,,,,,,,,,,,
historical7d:500ms:segment1,Quote-exit,TAKE_UNCHANGED,1789745476.022,1789745476.022,MICRO,3,BUY,1,,,,,,,,,,,,,,,,,,,,,,,,,,,,,,
historical7d:500ms:segment1,Quote-exit,TAKE_UNCHANGED,1789747212.315,1789747212.315,PRIMARY,1,BUY,1,,,,,,,,,,,,,,,,,,,,,,,,,,,,,,
historical7d:500ms:segment1,Quote-exit,TAKE_UNCHANGED,1789747384.487,1789747384.487,MICRO,3,SELL,-1,,,,,,,,,,,,,,,,,,,,,,,,,,,,,,
historical7d:500ms:segment1,Quote-exit,TAKE_UNCHANGED,1789747489.987,1789747489.987,SECONDARY,2,BUY,1,,,,,,,,,,,,,,,,,,,,,,,,,,,,,,
historical7d:500ms:segment1,Quote-exit,TAKE_UNCHANGED,1789749090.464,1789749090.464,PRIMARY,1,SELL,-1,,,,,,,,,,,,,,,,,,,,,,,,,,,,,,
historical7d:500ms:segment1,Quote-exit,TAKE_UNCHANGED,1789750451.994,1789750451.994,PRIMARY,1,SELL,-1,,,,,,,,,,,,,,,,,,,,,,,,,,,,,,
historical7d:500ms:segment1,Quote-exit,TAKE_UNCHANGED,1789751987.461,1789751987.461,BURST,4,SELL,-1,,,,,,,,,,,,,,,,,,,,,,,,,,,,,,
historical7d:500ms:segment1,Quote-exit,TAKE_UNCHANGED,1789752079.999,1789752079.999,PRIMARY,1,SELL,-1,,,,,,,,,,,,,,,,,,,,,,,,,,,,,,
historical7d:500ms:segment1,Quote-exit,TAKE_UNCHANGED,1789752173.904,1789752173.904,MICRO,3,BUY,1,,,,,,,,,,,,,,,,,,,,,,,,,,,,,,
historical7d:500ms:segment1,Quote-exit,TAKE_UNCHANGED,1789753818.487,1789753818.487,PRIMARY,1,BUY,1,,,,,,,,,,,,,,,,,,,,,,,,,,,,,,
historical7d:500ms:segment1,Quote-exit,TAKE_UNCHANGED,1789754302.941,1789754302.941,SECONDARY,2,SELL,-1,,,,,,,,,,,,,,,,,,,,,,,,,,,,,,
historical7d:500ms:segment1,Quote-exit,TAKE_UNCHANGED,1789757067.9889998,1789757067.9889998,SECONDARY,2,BUY,1,,,,,,,,,,,,,,,,,,,,,,,,,,,,,,
historical7d:500ms:segment1,Quote-exit,TAKE_UNCHANGED,1789758584.742,1789758584.742,PRIMARY,1,BUY,1,,,,,,,,,,,,,,,,,,,,,,,,,,,,,,
historical7d:500ms:segment1,Quote-exit,TAKE_UNCHANGED,1789759468.945,1789759468.945,PRIMARY,1,BUY,1,,,,,,,,,,,,,,,,,,,,,,,,,,,,,,
historical7d:500ms:segment1,Quote-exit,TAKE_UNCHANGED,1789761354.9889998,1789761354.9889998,PRIMARY,1,BUY,1,,,,,,,,,,,,,,,,,,,,,,,,,,,,,,
historical7d:500ms:segment1,Quote-exit,TAKE_UNCHANGED,1789762637.884,1789762637.884,PRIMARY,1,BUY,1,,,,,,,,,,,,,,,,,,,,,,,,,,,,,,
historical7d:500ms:segment1,Quote-exit,TAKE_UNCHANGED,1789763657.457,1789763657.457,SECONDARY,2,BUY,1,,,,,,,,,,,,,,,,,,,,,,,,,,,,,,
historical7d:500ms:segment1,Quote-exit,TAKE_UNCHANGED,1789767860.959,1789767860.959,PRIMARY,1,SELL,-1,,,,,,,,,,,,,,,,,,,,,,,,,,,,,,
historical7d:500ms:segment1,Candidate-J,WAIT,1789742547.9980001,1789742547.9980001,PRIMARY,1,SELL,-1,HEALTHY_PULLBACK,-0.040000000000873115,0.2600000000002183,0.029999999998835847,0.06999999999970896,0.964999999999236,0.7049999999990177,1,1,27,12,0.40000000001455194,0.1556886227547845,1,-1,1.0520002841949463,0.0,1.0,0.6666666666666666,0.6666666666666666,0.2,0.8,0.6,0.4,0.14285714285714285,-0.07999999999992724,-0.11999999999989086,1789742549.9980001,,
historical7d:500ms:segment1,Candidate-J,SKIP_WAIT_EXPIRED,1789742547.9980001,1789742550.447,PRIMARY,1,SELL,-1,HEALTHY_TREND,0.13999999999941792,0.3599999999987631,0.14499999999952706,0.005000000000109139,0.7249999999976353,0.3649999999988722,4,1,23,11,0.9333333333317164,0.33027522935772163,0,1,0.0,1.75,1.0,0.3333333333333333,0.3333333333333333,0.5,0.8571428571428571,0.4857142857142857,0.34285714285714286,0.2765957446808511,-9.094947017729282e-13,0.0,1789742549.9980001,HEALTHY_PULLBACK,
historical7d:500ms:segment1,Candidate-J,TAKE_IMMEDIATE,1789743897.458,1789743897.458,SECONDARY,2,BUY,1,HEALTHY_TREND,4.954999999999927,4.305000000000291,5.404999999998836,0.4499999999989086,6.6249999999972715,2.3199999999969805,21,6,53,46,0.8462852263026193,0.48127445500313665,0,1,0.0,0.04500007629394531,0.9642857142857143,0.8214285714285714,0.7857142857142857,0.08,0.94,0.71,0.65,0.1393939393939394,0.06999999999970896,-0.009999999999308784,,,
historical7d:500ms:segment1,Candidate-J,TAKE_IMMEDIATE,1789743963.4339998,1789743963.4339998,PRIMARY,1,SELL,-1,HEALTHY_TREND,0.8250000000007276,1.2400000000006912,1.0350000000016735,0.21000000000094587,3.5650000000023283,2.325000000001637,23,11,89,57,0.6626506024088288,0.2105263157894493,0,1,0.0,0.09299993515014648,0.9714285714285714,0.5714285714285714,0.5428571428571428,0.25925925925925924,0.972972972972973,0.5878378378378378,0.5608108108108109,0.24675324675324675,-0.08999999999923602,-0.07999999999901775,,,
historical7d:500ms:segment1,Candidate-J,TAKE_UNCHANGED,1789744864.375,1789744864.375,MICRO,3,SELL,-1,,,,,,,,,,,,,,,,,,,,,,,,,,,,,,
historical7d:500ms:segment1,Candidate-J,TAKE_IMMEDIATE,1789745230.8769999,1789745230.8769999,SECONDARY,2,SELL,-1,HEALTHY_TREND,0.944999999999709,1.8800000000001091,1.1949999999969805,0.2499999999990905,3.8149999999950523,1.9349999999967622,19,6,71,41,0.6539792387550788,0.32695652173951145,0,1,0.0,0.04699969291687012,0.75,1.0,0.75,-0.14285714285714285,0.8017241379310345,0.9224137931034483,0.7241379310344828,-0.07,-0.06999999999970896,0.08000000000083674,,,
historical7d:500ms:segment1,Candidate-J,TAKE_UNCHANGED,1789745476.022,1789745476.022,MICRO,3,BUY,1,,,,,,,,,,,,,,,,,,,,,,,,,,,,,,
historical7d:500ms:segment1,Candidate-J,TAKE_IMMEDIATE,1789747212.315,1789747212.315,PRIMARY,1,BUY,1,HEALTHY_TREND,0.8349999999991269,2.319999999999709,1.180000000000291,0.34500000000116415,7.989999999998872,5.669999999999163,18,11,92,79,0.5475409836054623,0.1698389458272359,1,-1,0.14300012588500977,0.04800009727478027,0.9375,0.65625,0.59375,0.17647058823529413,0.8571428571428571,0.8685714285714285,0.7257142857142858,-0.006622516556291391,-0.10999999999967258,-0.07999999999992724,,,
historical7d:500ms:segment1,Candidate-J,TAKE_UNCHANGED,1789747384.487,1789747384.487,MICRO,3,SELL,-1,,,,,,,,,,,,,,,,,,,,,,,,,,,,,,
historical7d:500ms:segment1,Candidate-J,TAKE_IMMEDIATE,1789747489.987,1789747489.987,SECONDARY,2,BUY,1,HEALTHY_TREND,1.0849999999991269,1.9749999999985448,1.1599999999980355,0.0749999999989086,3.720000000001164,1.7450000000026193,20,5,73,37,0.8785425101229244,0.3613906678860343,0,1,0.0,0.24200010299682617,0.9629629629629629,0.7407407407407407,0.7037037037037037,0.13043478260869565,0.8859649122807017,0.7894736842105263,0.6754385964912281,0.05759162303664921,-0.0500000000001819,-0.06999999999970896,,,
historical7d:500ms:segment1,Candidate-J,TAKE_IMMEDIATE,1789749090.464,1789749090.464,PRIMARY,1,SELL,-1,HEALTHY_TREND,0.4399999999995998,1.2100000000000364,0.7149999999983265,0.2749999999987267,2.9449999999969805,1.7349999999960346,18,8,60,52,0.44444444444536313,0.25854700854735196,1,-1,0.0989999771118164,0.0,0.9310344827586207,0.6206896551724138,0.5517241379310345,0.2,0.8620689655172413,0.6637931034482759,0.5258620689655172,0.12994350282485875,-0.16000000000076398,-0.06000000000040018,,,
historical7d:500ms:segment1,Candidate-J,WAIT,1789750451.994,1789750451.994,PRIMARY,1,SELL,-1,HEALTHY_PULLBACK,-0.005000000000109139,0.464999999999236,0.965000000001055,0.9700000000011642,4.414999999999054,3.949999999999818,13,14,77,58,0.002583979328218814,0.05558876270164958,1,-1,0.051999807357788086,0.0,0.9285714285714286,0.8928571428571429,0.8214285714285714,0.0196078431372549,0.8832116788321168,0.7956204379562044,0.6788321167883211,0.05217391304347826,-0.0500000000001819,-0.1500000000005457,1789750453.994,,
historical7d:500ms:segment1,Candidate-J,TAKE_DELAYED,1789750451.994,1789750452.4940002,PRIMARY,1,SELL,-1,HEALTHY_TREND,0.25499999999919964,0.25,0.7600000000020373,0.5050000000028376,4.330000000001746,4.080000000001746,13,12,77,59,0.20158102766657468,0.029726516052306324,1,-1,0.10500025749206543,0.0,0.9230769230769231,0.8846153846153846,0.8076923076923077,0.02127659574468085,0.9057971014492754,0.7898550724637681,0.6956521739130435,0.06837606837606838,-0.06999999999970896,-0.05999999999949068,1789750453.994,HEALTHY_PULLBACK,0.5000002384185791
historical7d:500ms:segment1,Candidate-J,TAKE_UNCHANGED,1789751987.461,1789751987.461,BURST,4,SELL,-1,,,,,,,,,,,,,,,,,,,,,,,,,,,,,,
historical7d:500ms:segment1,Candidate-J,SKIP_BAD_PHASE,1789752079.999,1789752079.999,PRIMARY,1,SELL,-1,REVERSAL,-0.23000000000047294,-0.5050000000001091,0.2749999999996362,0.5050000000001091,1.8799999999973807,2.38499999999749,11,15,55,53,0.2948717948724975,0.11840562719829227,0,1,0.0,0.20099997520446777,0.7241379310344828,0.7931034482758621,0.5172413793103449,-0.045454545454545456,0.7142857142857143,0.8660714285714286,0.5803571428571429,-0.096045197740113,-0.06000000000040018,-0.06999999999970896,,,
historical7d:500ms:segment1,Candidate-J,TAKE_UNCHANGED,1789752173.904,1789752173.904,MICRO,3,BUY,1,,,,,,,,,,,,,,,,,,,,,,,,,,,,,,
historical7d:500ms:segment1,Candidate-J,TAKE_IMMEDIATE,1789753818.487,1789753818.487,PRIMARY,1,BUY,1,HEALTHY_TREND,0.6700000000000728,0.6099999999996726,1.0000000000027285,0.3300000000026557,3.019999999999527,2.4099999999998545,21,12,74,60,0.503759398494256,0.11233885819516429,1,-1,0.048999786376953125,0.0,0.9117647058823529,0.7941176470588235,0.7058823529411765,0.06896551724137931,0.8540145985401459,0.8175182481751825,0.6715328467153284,0.021834061135371178,0.0,-0.14000000000032742,,,
historical7d:500ms:segment1,Candidate-J,TAKE_IMMEDIATE,1789754302.941,1789754302.941,SECONDARY,2,SELL,-1,HEALTHY_TREND,0.7250000000003638,2.264999999999418,0.7899999999981446,0.06499999999778083,3.0900000000001455,0.8250000000007276,9,7,51,29,0.8479532163787354,0.5785440613024043,0,1,0.0,0.14700007438659668,0.8333333333333334,0.6666666666666666,0.5,0.1111111111111111,0.8674698795180723,0.8072289156626506,0.6746987951807228,0.03597122302158273,0.0500000000001819,0.07000000000061846,,,
historical7d:500ms:segment1,Candidate-J,TAKE_IMMEDIATE,1789757067.9889998,1789757067.9889998,SECONDARY,2,BUY,1,HEALTHY_TREND,0.8950000000004366,1.5150000000003274,1.1750000000020009,0.28000000000156433,2.4000000000041837,0.8850000000038563,11,10,48,45,0.6151202749128821,0.46118721461084305,0,1,0.0,0.042999982833862305,0.9565217391304348,0.6521739130434783,0.6086956521739131,0.1891891891891892,0.8947368421052632,0.5368421052631579,0.43157894736842106,0.25,0.009999999999308784,0.0500000000001819,,,
historical7d:500ms:segment1,Candidate-J,WAIT,1789758584.742,1789758584.742,PRIMARY,1,BUY,1,HEALTHY_PULLBACK,-0.039999999999054126,0.3100000000004002,0.5850000000009459,0.625,2.014999999997599,1.7049999999971988,11,13,42,40,0.03305785123886187,0.08333333333355744,0,1,0.0,0.04900026321411133,0.68,0.92,0.6,-0.15,0.5542168674698795,0.963855421686747,0.5180722891566265,-0.2698412698412698,-0.019999999999527063,-0.1000000000003638,1789758586.742,,
historical7d:500ms:segment1,Candidate-J,TAKE_DELAYED,1789758584.742,1789758585.943,PRIMARY,1,BUY,1,HEALTHY_TREND,0.32000000000061846,0.45500000000083674,0.375,0.054999999999381544,2.0199999999986176,1.5649999999977808,8,3,43,39,0.7441860465141366,0.12691771269213217,1,-1,0.051000118255615234,0.0,0.6666666666666666,0.9166666666666666,0.5833333333333334,-0.15789473684210525,0.5662650602409639,0.963855421686747,0.5301204819277109,-0.25984251968503935,-9.094947017729282e-13,0.02999999999974534,1789758586.742,HEALTHY_PULLBACK,1.2009999752044678
historical7d:500ms:segment1,Candidate-J,TAKE_IMMEDIATE,1789759468.945,1789759468.945,PRIMARY,1,BUY,1,HEALTHY_TREND,0.2849999999998545,0.08999999999923602,0.6850000000013097,0.4000000000014552,1.6900000000041473,1.6000000000049113,9,11,29,34,0.26267281105910434,0.02735562309999642,2,-1,0.0989997386932373,0.0,0.4090909090909091,1.0,0.4090909090909091,-0.41935483870967744,0.4153846153846154,0.9538461538461539,0.36923076923076925,-0.39325842696629215,0.1499999999996362,-0.07999999999901775,,,
historical7d:500ms:segment1,Candidate-J,TAKE_IMMEDIATE,1789761354.9889998,1789761354.9889998,PRIMARY,1,BUY,1,HEALTHY_TREND,0.27999999999974534,0.8850000000002183,0.42999999999847205,0.1499999999987267,1.7499999999990905,0.8649999999988722,4,4,29,24,0.4827586206915477,0.33843212237128406,0,1,0.0,0.05099987983703613,0.5555555555555556,0.8888888888888888,0.4444444444444444,-0.23076923076923078,0.3888888888888889,0.9444444444444444,0.3333333333333333,-0.4166666666666667,-0.13999999999941792,-0.009999999999308784,,,
historical7d:500ms:segment1,Candidate-J,TAKE_IMMEDIATE,1789762637.884,1789762637.884,PRIMARY,1,BUY,1,HEALTHY_TREND,0.20499999999992724,0.8550000000004729,0.27999999999883585,0.0749999999989086,1.9149999999999636,1.0599999999994907,7,6,33,35,0.5774647887358584,0.287394957983405,0,1,0.0,0.10400009155273438,0.21428571428571427,0.9285714285714286,0.14285714285714285,-0.625,0.5072463768115942,0.8115942028985508,0.3188405797101449,-0.23076923076923078,0.010000000000218279,0.010000000000218279,,,
historical7d:500ms:segment1,Candidate-J,TAKE_IMMEDIATE,1789763657.457,1789763657.457,SECONDARY,2,BUY,1,HEALTHY_TREND,2.1999999999989086,2.6849999999994907,3.0549999999993815,0.8550000000004729,3.970000000001164,1.2850000000016735,15,7,34,23,0.5626598465470564,0.5109419600376862,1,-1,0.04900002479553223,0.0,0.9130434782608695,0.9565217391304348,0.8695652173913043,-0.023255813953488372,0.8793103448275862,0.8620689655172413,0.7413793103448276,0.009900990099009901,0.05999999999949068,0.0500000000001819,,,
historical7d:500ms:segment1,Candidate-J,TAKE_IMMEDIATE,1789767860.959,1789767860.959,PRIMARY,1,SELL,-1,HEALTHY_TREND,0.10999999999967258,0.5749999999998181,0.20999999999912689,0.0999999999994543,1.0599999999994907,0.4849999999996726,8,5,34,19,0.3548387096779872,0.37216828478972785,0,1,0.0,0.04800009727478027,0.7142857142857143,0.7857142857142857,0.5,-0.047619047619047616,0.75,0.7142857142857143,0.4642857142857143,0.024390243902439025,-0.07999999999992724,-0.049999999999272404,,,
historical7d:500ms:segment2,Quote-entry,TAKE_UNCHANGED,1789963644.3939998,1789963644.3939998,MICRO,3,BUY,1,,,,,,,,,,,,,,,,,,,,,,,,,,,,,,
historical7d:500ms:segment2,Quote-entry,SKIP_BAD_PHASE,1789967510.961,1789967510.961,PRIMARY,1,SELL,-1,DECAY,-0.06000000000040018,0.9549999999999272,0.21999999999934516,0.27999999999974534,1.7949999999991633,0.839999999999236,8,5,31,20,0.12000000000101864,0.3624288425049364,2,-1,0.2589998245239258,0.0,0.9285714285714286,0.5,0.42857142857142855,0.3,0.8679245283018868,0.6415094339622641,0.5094339622641509,0.15,-0.05999999999949068,-0.09000000000014552,,,
historical7d:500ms:segment2,Quote-entry,TAKE_IMMEDIATE,1789968692.959,1789968692.959,SECONDARY,2,SELL,-1,HEALTHY_TREND,0.6749999999992724,1.569999999999709,0.8700000000008004,0.19500000000152795,3.18000000000211,1.610000000002401,7,6,41,34,0.6338028168993396,0.3277661795403404,0,1,0.0,0.10100030899047852,0.5714285714285714,0.9285714285714286,0.5,-0.23809523809523808,0.6103896103896104,0.8701298701298701,0.4805194805194805,-0.17543859649122806,-0.10999999999876309,-0.27999999999974534,,,
historical7d:500ms:segment2,Quote-entry,TAKE_IMMEDIATE,1789970946.9539998,1789970946.9539998,SECONDARY,2,SELL,-1,HEALTHY_TREND,0.9699999999993452,1.5399999999990541,1.1799999999993815,0.21000000000003638,2.230000000000473,0.6900000000014188,9,2,27,12,0.6978417266185262,0.527397260273307,0,1,0.0,0.14699959754943848,0.8333333333333334,0.8333333333333334,0.6666666666666666,0.0,0.8,0.775,0.575,0.015873015873015872,-0.14000000000032742,-0.3000000000001819,,,
historical7d:500ms:segment2,Quote-entry,TAKE_UNCHANGED,1789984993.492,1789984993.492,MICRO,3,BUY,1,,,,,,,,,,,,,,,,,,,,,,,,,,,,,,
historical7d:500ms:segment2,Quote-entry,TAKE_UNCHANGED,1789984997.647,1789984997.647,BURST,4,BUY,1,,,,,,,,,,,,,,,,,,,,,,,,,,,,,,
historical7d:500ms:segment2,Quote-entry,TAKE_UNCHANGED,1789985709.5100002,1789985709.5100002,MICRO,3,BUY,1,,,,,,,,,,,,,,,,,,,,,,,,,,,,,,
historical7d:500ms:segment2,Quote-entry,TAKE_IMMEDIATE,1789993800.4910002,1789993800.4910002,SECONDARY,2,SELL,-1,HEALTHY_TREND,1.0799999999999272,1.6849999999994907,1.4550000000008367,0.3750000000009095,2.8050000000030195,1.1200000000035288,14,7,42,32,0.5901639344256266,0.42929936305647887,0,1,0.0,0.10000014305114746,0.9545454545454546,0.45454545454545453,0.4090909090909091,0.3548387096774194,0.88,0.4,0.28,0.375,0.07999999999901775,-0.0500000000001819,,,
historical7d:500ms:segment2,Quote-exit,TAKE_UNCHANGED,1789963644.3939998,1789963644.3939998,MICRO,3,BUY,1,,,,,,,,,,,,,,,,,,,,,,,,,,,,,,
historical7d:500ms:segment2,Quote-exit,TAKE_UNCHANGED,1789967510.961,1789967510.961,PRIMARY,1,SELL,-1,,,,,,,,,,,,,,,,,,,,,,,,,,,,,,
historical7d:500ms:segment2,Quote-exit,TAKE_UNCHANGED,1789968692.959,1789968692.959,SECONDARY,2,SELL,-1,,,,,,,,,,,,,,,,,,,,,,,,,,,,,,
historical7d:500ms:segment2,Quote-exit,TAKE_UNCHANGED,1789970946.9539998,1789970946.9539998,SECONDARY,2,SELL,-1,,,,,,,,,,,,,,,,,,,,,,,,,,,,,,
historical7d:500ms:segment2,Quote-exit,TAKE_UNCHANGED,1789984993.492,1789984993.492,MICRO,3,BUY,1,,,,,,,,,,,,,,,,,,,,,,,,,,,,,,
historical7d:500ms:segment2,Quote-exit,TAKE_UNCHANGED,1789984997.647,1789984997.647,BURST,4,BUY,1,,,,,,,,,,,,,,,,,,,,,,,,,,,,,,
historical7d:500ms:segment2,Quote-exit,TAKE_UNCHANGED,1789985709.5100002,1789985709.5100002,MICRO,3,BUY,1,,,,,,,,,,,,,,,,,,,,,,,,,,,,,,
historical7d:500ms:segment2,Quote-exit,TAKE_UNCHANGED,1789993800.4910002,1789993800.4910002,SECONDARY,2,SELL,-1,,,,,,,,,,,,,,,,,,,,,,,,,,,,,,
historical7d:500ms:segment2,Candidate-J,TAKE_UNCHANGED,1789963644.3939998,1789963644.3939998,MICRO,3,BUY,1,,,,,,,,,,,,,,,,,,,,,,,,,,,,,,
historical7d:500ms:segment2,Candidate-J,SKIP_BAD_PHASE,1789967510.961,1789967510.961,PRIMARY,1,SELL,-1,DECAY,-0.06000000000040018,0.9549999999999272,0.21999999999934516,0.27999999999974534,1.7949999999991633,0.839999999999236,8,5,31,20,0.12000000000101864,0.3624288425049364,2,-1,0.2589998245239258,0.0,0.9285714285714286,0.5,0.42857142857142855,0.3,0.8679245283018868,0.6415094339622641,0.5094339622641509,0.15,-0.05999999999949068,-0.09000000000014552,,,
historical7d:500ms:segment2,Candidate-J,TAKE_IMMEDIATE,1789968692.959,1789968692.959,SECONDARY,2,SELL,-1,HEALTHY_TREND,0.6749999999992724,1.569999999999709,0.8700000000008004,0.19500000000152795,3.18000000000211,1.610000000002401,7,6,41,34,0.6338028168993396,0.3277661795403404,0,1,0.0,0.10100030899047852,0.5714285714285714,0.9285714285714286,0.5,-0.23809523809523808,0.6103896103896104,0.8701298701298701,0.4805194805194805,-0.17543859649122806,-0.10999999999876309,-0.27999999999974534,,,
historical7d:500ms:segment2,Candidate-J,TAKE_IMMEDIATE,1789970946.9539998,1789970946.9539998,SECONDARY,2,SELL,-1,HEALTHY_TREND,0.9699999999993452,1.5399999999990541,1.1799999999993815,0.21000000000003638,2.230000000000473,0.6900000000014188,9,2,27,12,0.6978417266185262,0.527397260273307,0,1,0.0,0.14699959754943848,0.8333333333333334,0.8333333333333334,0.6666666666666666,0.0,0.8,0.775,0.575,0.015873015873015872,-0.14000000000032742,-0.3000000000001819,,,
historical7d:500ms:segment2,Candidate-J,TAKE_UNCHANGED,1789984993.492,1789984993.492,MICRO,3,BUY,1,,,,,,,,,,,,,,,,,,,,,,,,,,,,,,
historical7d:500ms:segment2,Candidate-J,TAKE_UNCHANGED,1789984997.647,1789984997.647,BURST,4,BUY,1,,,,,,,,,,,,,,,,,,,,,,,,,,,,,,
historical7d:500ms:segment2,Candidate-J,TAKE_UNCHANGED,1789985709.5100002,1789985709.5100002,MICRO,3,BUY,1,,,,,,,,,,,,,,,,,,,,,,,,,,,,,,
historical7d:500ms:segment2,Candidate-J,TAKE_IMMEDIATE,1789993800.4910002,1789993800.4910002,SECONDARY,2,SELL,-1,HEALTHY_TREND,1.0799999999999272,1.6849999999994907,1.4550000000008367,0.3750000000009095,2.8050000000030195,1.1200000000035288,14,7,42,32,0.5901639344256266,0.42929936305647887,0,1,0.0,0.10000014305114746,0.9545454545454546,0.45454545454545453,0.4090909090909091,0.3548387096774194,0.88,0.4,0.28,0.375,0.07999999999901775,-0.0500000000001819,,,
historical7d:500ms:segment3,Quote-entry,TAKE_UNCHANGED,1790004086.345,1790004086.345,MICRO,3,SELL,-1,,,,,,,,,,,,,,,,,,,,,,,,,,,,,,
historical7d:500ms:segment3,Quote-entry,TAKE_IMMEDIATE,1790005480.473,1790005480.473,SECONDARY,2,BUY,1,HEALTHY_TREND,3.2399999999997817,5.474999999999454,5.849999999999454,2.6099999999996726,8.959999999996398,3.484999999996944,21,18,55,43,0.38297872340426903,0.43993571715567564,0,1,0.0,0.031000137329101562,0.975,0.975,0.95,0.0,0.9504950495049505,0.7722772277227723,0.7227722772277227,0.10344827586206896,-0.0999999999994543,-0.10999999999967258,,,
historical7d:500ms:segment3,Quote-entry,TAKE_IMMEDIATE,1790005642.848,1790005642.848,PRIMARY,1,SELL,-1,HEALTHY_TREND,0.009999999999308784,0.6499999999996362,0.049999999999272404,0.03999999999996362,2.0399999999945067,1.3899999999948704,3,3,37,39,0.11111111110437412,0.18950437317832342,0,1,0.0,0.19800019264221191,0.42857142857142855,0.8571428571428571,0.2857142857142857,-0.3333333333333333,0.8076923076923077,0.8846153846153846,0.6923076923076923,-0.045454545454545456,-0.03999999999996362,-0.05999999999949068,,,
historical7d:500ms:segment3,Quote-entry,TAKE_UNCHANGED,1790006264.459,1790006264.459,BURST,4,BUY,1,,,,,,,,,,,,,,,,,,,,,,,,,,,,,,
historical7d:500ms:segment3,Quote-entry,TAKE_IMMEDIATE,1790006912.309,1790006912.309,PRIMARY,1,BUY,1,HEALTHY_TREND,0.5200000000004366,0.4650000000001455,0.6199999999998909,0.0999999999994543,1.2649999999985084,0.7999999999983629,11,5,25,26,0.7222222222234854,0.22518159806336563,2,-1,0.1550002098083496,0.0,0.9411764705882353,0.7058823529411765,0.6470588235294118,0.14285714285714285,0.8076923076923077,0.7884615384615384,0.5961538461538461,0.012048192771084338,-0.019999999999527063,-0.0500000000001819,,,
historical7d:500ms:segment3,Quote-entry,TAKE_UNCHANGED,1790008432.2870002,1790008432.2870002,MICRO,3,SELL,-1,,,,,,,,,,,,,,,,,,,,,,,,,,,,,,
historical7d:500ms:segment3,Quote-entry,TAKE_IMMEDIATE,1790008907.91,1790008907.91,PRIMARY,1,SELL,-1,HEALTHY_TREND,0.625,1.9150000000008731,1.1149999999997817,0.4899999999997817,4.134999999999309,2.2199999999984357,12,15,59,52,0.3894080996885794,0.30133752950457166,0,1,0.0,0.05300021171569824,0.9285714285714286,0.42857142857142855,0.35714285714285715,0.3684210526315789,0.9375,0.5446428571428571,0.48214285714285715,0.26506024096385544,-0.06999999999970896,-0.11000000000058208,,,
historical7d:500ms:segment3,Quote-entry,TAKE_IMMEDIATE,1790009383.4910002,1790009383.4910002,SECONDARY,2,BUY,1,HEALTHY_TREND,0.8100000000004002,2.055000000000291,1.0399999999981446,0.22999999999865395,3.465000000001055,1.410000000000764,14,6,53,42,0.6377952755920173,0.4215384615382067,0,1,0.0,0.252000093460083,0.9545454545454546,0.7272727272727273,0.6818181818181818,0.13513513513513514,0.8571428571428571,0.826530612244898,0.6836734693877551,0.01818181818181818,-0.03999999999996362,0.02999999999974534,,,
historical7d:500ms:segment3,Quote-entry,TAKE_IMMEDIATE,1790009592.7849998,1790009592.7849998,PRIMARY,1,SELL,-1,HEALTHY_TREND,0.024999999999636202,0.694999999999709,0.3400000000001455,0.3150000000005093,2.6849999999958527,1.9899999999952342,14,6,64,47,0.03816793893070414,0.14866310160447033,0,1,0.0,0.34999966621398926,0.7142857142857143,0.8571428571428571,0.5714285714285714,-0.09090909090909091,0.8157894736842105,0.7631578947368421,0.5789473684210527,0.03333333333333333,-0.030000000000654836,-0.030000000000654836,,,
historical7d:500ms:segment3,Quote-entry,TAKE_UNCHANGED,1790010346.9689999,1790010346.9689999,MICRO,3,SELL,-1,,,,,,,,,,,,,,,,,,,,,,,,,,,,,,
historical7d:500ms:segment3,Quote-entry,TAKE_UNCHANGED,1790010460.962,1790010460.962,MICRO,3,BUY,1,,,,,,,,,,,,,,,,,,,,,,,,,,,,,,
historical7d:500ms:segment3,Quote-entry,TAKE_UNCHANGED,1790012061.956,1790012061.956,BURST,4,SELL,-1,,,,,,,,,,,,,,,,,,,,,,,,,,,,,,
historical7d:500ms:segment3,Quote-entry,TAKE_IMMEDIATE,1790016648.988,1790016648.988,SECONDARY,2,BUY,1,HEALTHY_TREND,5.219999999999345,4.7549999999992,7.544999999998254,2.3249999999989086,8.094999999997526,3.3399999999983265,18,18,36,48,0.5288753799392955,0.4158285964145977,0,1,0.0,0.21699976921081543,0.8648648648648649,1.0,0.8648648648648649,-0.07246376811594203,0.7558139534883721,0.8953488372093024,0.6511627906976745,-0.08450704225352113,-0.08000000000083674,-0.010000000000218279,,,
historical7d:500ms:segment3,Quote-entry,TAKE_UNCHANGED,1790018047.4380002,1790018047.4380002,BURST,4,SELL,-1,,,,,,,,,,,,,,,,,,,,,,,,,,,,,,
historical7d:500ms:segment3,Quote-entry,TAKE_IMMEDIATE,1790018369.8179998,1790018369.8179998,PRIMARY,1,BUY,1,HEALTHY_TREND,0.555000000000291,1.2399999999997817,0.8649999999988722,0.3099999999985812,1.9549999999990177,0.714999999999236,18,8,46,24,0.4723404255331863,0.4644194756556527,2,-1,0.24299979209899902,0.0,0.6666666666666666,0.9259259259259259,0.5925925925925926,-0.16279069767441862,0.7638888888888888,0.9166666666666666,0.6805555555555556,-0.09090909090909091,0.009999999999308784,-0.020000000000436557,,,
historical7d:500ms:segment3,Quote-entry,TAKE_UNCHANGED,1790022664.515,1790022664.515,BURST,4,SELL,-1,,,,,,,,,,,,,,,,,,,,,,,,,,,,,,
historical7d:500ms:segment3,Quote-exit,TAKE_UNCHANGED,1790004086.345,1790004086.345,MICRO,3,SELL,-1,,,,,,,,,,,,,,,,,,,,,,,,,,,,,,
historical7d:500ms:segment3,Quote-exit,TAKE_UNCHANGED,1790005480.473,1790005480.473,SECONDARY,2,BUY,1,,,,,,,,,,,,,,,,,,,,,,,,,,,,,,
historical7d:500ms:segment3,Quote-exit,TAKE_UNCHANGED,1790005642.848,1790005642.848,PRIMARY,1,SELL,-1,,,,,,,,,,,,,,,,,,,,,,,,,,,,,,
historical7d:500ms:segment3,Quote-exit,TAKE_UNCHANGED,1790006264.459,1790006264.459,BURST,4,BUY,1,,,,,,,,,,,,,,,,,,,,,,,,,,,,,,
historical7d:500ms:segment3,Quote-exit,TAKE_UNCHANGED,1790006912.309,1790006912.309,PRIMARY,1,BUY,1,,,,,,,,,,,,,,,,,,,,,,,,,,,,,,
historical7d:500ms:segment3,Quote-exit,TAKE_UNCHANGED,1790008432.2870002,1790008432.2870002,MICRO,3,SELL,-1,,,,,,,,,,,,,,,,,,,,,,,,,,,,,,
historical7d:500ms:segment3,Quote-exit,TAKE_UNCHANGED,1790008907.91,1790008907.91,PRIMARY,1,SELL,-1,,,,,,,,,,,,,,,,,,,,,,,,,,,,,,
historical7d:500ms:segment3,Quote-exit,TAKE_UNCHANGED,1790009383.4910002,1790009383.4910002,SECONDARY,2,BUY,1,,,,,,,,,,,,,,,,,,,,,,,,,,,,,,
historical7d:500ms:segment3,Quote-exit,TAKE_UNCHANGED,1790009592.7849998,1790009592.7849998,PRIMARY,1,SELL,-1,,,,,,,,,,,,,,,,,,,,,,,,,,,,,,
historical7d:500ms:segment3,Quote-exit,TAKE_UNCHANGED,1790010346.9689999,1790010346.9689999,MICRO,3,SELL,-1,,,,,,,,,,,,,,,,,,,,,,,,,,,,,,
historical7d:500ms:segment3,Quote-exit,TAKE_UNCHANGED,1790010460.962,1790010460.962,MICRO,3,BUY,1,,,,,,,,,,,,,,,,,,,,,,,,,,,,,,
historical7d:500ms:segment3,Quote-exit,TAKE_UNCHANGED,1790012061.956,1790012061.956,BURST,4,SELL,-1,,,,,,,,,,,,,,,,,,,,,,,,,,,,,,
historical7d:500ms:segment3,Quote-exit,TAKE_UNCHANGED,1790016648.988,1790016648.988,SECONDARY,2,BUY,1,,,,,,,,,,,,,,,,,,,,,,,,,,,,,,
historical7d:500ms:segment3,Quote-exit,TAKE_UNCHANGED,1790018047.4380002,1790018047.4380002,BURST,4,SELL,-1,,,,,,,,,,,,,,,,,,,,,,,,,,,,,,
historical7d:500ms:segment3,Quote-exit,TAKE_UNCHANGED,1790018369.8179998,1790018369.8179998,PRIMARY,1,BUY,1,,,,,,,,,,,,,,,,,,,,,,,,,,,,,,
historical7d:500ms:segment3,Quote-exit,TAKE_UNCHANGED,1790022664.515,1790022664.515,BURST,4,SELL,-1,,,,,,,,,,,,,,,,,,,,,,,,,,,,,,
historical7d:500ms:segment3,Candidate-J,TAKE_UNCHANGED,1790004086.345,1790004086.345,MICRO,3,SELL,-1,,,,,,,,,,,,,,,,,,,,,,,,,,,,,,
historical7d:500ms:segment3,Candidate-J,TAKE_IMMEDIATE,1790005480.473,1790005480.473,SECONDARY,2,BUY,1,HEALTHY_TREND,3.2399999999997817,5.474999999999454,5.849999999999454,2.6099999999996726,8.959999999996398,3.484999999996944,21,18,55,43,0.38297872340426903,0.43993571715567564,0,1,0.0,0.031000137329101562,0.975,0.975,0.95,0.0,0.9504950495049505,0.7722772277227723,0.7227722772277227,0.10344827586206896,-0.0999999999994543,-0.10999999999967258,,,
historical7d:500ms:segment3,Candidate-J,TAKE_IMMEDIATE,1790005642.848,1790005642.848,PRIMARY,1,SELL,-1,HEALTHY_TREND,0.009999999999308784,0.6499999999996362,0.049999999999272404,0.03999999999996362,2.0399999999945067,1.3899999999948704,3,3,37,39,0.11111111110437412,0.18950437317832342,0,1,0.0,0.19800019264221191,0.42857142857142855,0.8571428571428571,0.2857142857142857,-0.3333333333333333,0.8076923076923077,0.8846153846153846,0.6923076923076923,-0.045454545454545456,-0.03999999999996362,-0.05999999999949068,,,
historical7d:500ms:segment3,Candidate-J,TAKE_UNCHANGED,1790006264.459,1790006264.459,BURST,4,BUY,1,,,,,,,,,,,,,,,,,,,,,,,,,,,,,,
historical7d:500ms:segment3,Candidate-J,TAKE_IMMEDIATE,1790006912.309,1790006912.309,PRIMARY,1,BUY,1,HEALTHY_TREND,0.5200000000004366,0.4650000000001455,0.6199999999998909,0.0999999999994543,1.2649999999985084,0.7999999999983629,11,5,25,26,0.7222222222234854,0.22518159806336563,2,-1,0.1550002098083496,0.0,0.9411764705882353,0.7058823529411765,0.6470588235294118,0.14285714285714285,0.8076923076923077,0.7884615384615384,0.5961538461538461,0.012048192771084338,-0.019999999999527063,-0.0500000000001819,,,
historical7d:500ms:segment3,Candidate-J,TAKE_UNCHANGED,1790008432.2870002,1790008432.2870002,MICRO,3,SELL,-1,,,,,,,,,,,,,,,,,,,,,,,,,,,,,,
historical7d:500ms:segment3,Candidate-J,TAKE_IMMEDIATE,1790008907.91,1790008907.91,PRIMARY,1,SELL,-1,HEALTHY_TREND,0.625,1.9150000000008731,1.1149999999997817,0.4899999999997817,4.134999999999309,2.2199999999984357,12,15,59,52,0.3894080996885794,0.30133752950457166,0,1,0.0,0.05300021171569824,0.9285714285714286,0.42857142857142855,0.35714285714285715,0.3684210526315789,0.9375,0.5446428571428571,0.48214285714285715,0.26506024096385544,-0.06999999999970896,-0.11000000000058208,,,
historical7d:500ms:segment3,Candidate-J,TAKE_IMMEDIATE,1790009383.4910002,1790009383.4910002,SECONDARY,2,BUY,1,HEALTHY_TREND,0.8100000000004002,2.055000000000291,1.0399999999981446,0.22999999999865395,3.465000000001055,1.410000000000764,14,6,53,42,0.6377952755920173,0.4215384615382067,0,1,0.0,0.252000093460083,0.9545454545454546,0.7272727272727273,0.6818181818181818,0.13513513513513514,0.8571428571428571,0.826530612244898,0.6836734693877551,0.01818181818181818,-0.03999999999996362,0.02999999999974534,,,
historical7d:500ms:segment3,Candidate-J,TAKE_IMMEDIATE,1790009592.7849998,1790009592.7849998,PRIMARY,1,SELL,-1,HEALTHY_TREND,0.024999999999636202,0.694999999999709,0.3400000000001455,0.3150000000005093,2.6849999999958527,1.9899999999952342,14,6,64,47,0.03816793893070414,0.14866310160447033,0,1,0.0,0.34999966621398926,0.7142857142857143,0.8571428571428571,0.5714285714285714,-0.09090909090909091,0.8157894736842105,0.7631578947368421,0.5789473684210527,0.03333333333333333,-0.030000000000654836,-0.030000000000654836,,,
historical7d:500ms:segment3,Candidate-J,TAKE_UNCHANGED,1790010346.9689999,1790010346.9689999,MICRO,3,SELL,-1,,,,,,,,,,,,,,,,,,,,,,,,,,,,,,
historical7d:500ms:segment3,Candidate-J,TAKE_UNCHANGED,1790010460.962,1790010460.962,MICRO,3,BUY,1,,,,,,,,,,,,,,,,,,,,,,,,,,,,,,
historical7d:500ms:segment3,Candidate-J,TAKE_UNCHANGED,1790012061.956,1790012061.956,BURST,4,SELL,-1,,,,,,,,,,,,,,,,,,,,,,,,,,,,,,
historical7d:500ms:segment3,Candidate-J,TAKE_IMMEDIATE,1790016648.988,1790016648.988,SECONDARY,2,BUY,1,HEALTHY_TREND,5.219999999999345,4.7549999999992,7.544999999998254,2.3249999999989086,8.094999999997526,3.3399999999983265,18,18,36,48,0.5288753799392955,0.4158285964145977,0,1,0.0,0.21699976921081543,0.8648648648648649,1.0,0.8648648648648649,-0.07246376811594203,0.7558139534883721,0.8953488372093024,0.6511627906976745,-0.08450704225352113,-0.08000000000083674,-0.010000000000218279,,,
historical7d:500ms:segment3,Candidate-J,TAKE_UNCHANGED,1790018047.4380002,1790018047.4380002,BURST,4,SELL,-1,,,,,,,,,,,,,,,,,,,,,,,,,,,,,,
historical7d:500ms:segment3,Candidate-J,TAKE_IMMEDIATE,1790018369.8179998,1790018369.8179998,PRIMARY,1,BUY,1,HEALTHY_TREND,0.555000000000291,1.2399999999997817,0.8649999999988722,0.3099999999985812,1.9549999999990177,0.714999999999236,18,8,46,24,0.4723404255331863,0.4644194756556527,2,-1,0.24299979209899902,0.0,0.6666666666666666,0.9259259259259259,0.5925925925925926,-0.16279069767441862,0.7638888888888888,0.9166666666666666,0.6805555555555556,-0.09090909090909091,0.009999999999308784,-0.020000000000436557,,,
historical7d:500ms:segment3,Candidate-J,TAKE_UNCHANGED,1790022664.515,1790022664.515,BURST,4,SELL,-1,,,,,,,,,,,,,,,,,,,,,,,,,,,,,,
historical7d:500ms:segment4,Quote-entry,TAKE_UNCHANGED,1790050280.4819999,1790050280.4819999,MICRO,3,SELL,-1,,,,,,,,,,,,,,,,,,,,,,,,,,,,,,
historical7d:500ms:segment4,Quote-entry,TAKE_IMMEDIATE,1790052562.477,1790052562.477,PRIMARY,1,SELL,-1,HEALTHY_TREND,0.15999999999985448,1.1549999999988358,0.6200000000008004,0.4600000000009459,2.9599999999982174,1.8049999999993815,13,11,47,32,0.14814814814777388,0.2423924449106858,1,-1,0.053999900817871094,0.0,0.72,0.92,0.64,-0.12195121951219512,0.7530864197530864,0.9382716049382716,0.691358024691358,-0.10948905109489052,-0.2000000000007276,-0.1499999999996362,,,
historical7d:500ms:segment4,Quote-entry,TAKE_IMMEDIATE,1790057259.33,1790057259.33,PRIMARY,1,SELL,-1,HEALTHY_TREND,0.13000000000101863,0.18500000000130967,0.34500000000025466,0.21499999999923602,0.7949999999991633,0.6099999999978536,3,3,15,15,0.23214285714488728,0.1316725978659804,1,-1,0.04699993133544922,0.0,1.0,1.0,1.0,0.0,0.8387096774193549,0.9354838709677419,0.7741935483870968,-0.05454545454545454,0.0,0.010000000000218279,,,
historical7d:500ms:segment4,Quote-entry,TAKE_UNCHANGED,1790066882.3779998,1790066882.3779998,MICRO,3,BUY,1,,,,,,,,,,,,,,,,,,,,,,,,,,,,,,
historical7d:500ms:segment4,Quote-entry,TAKE_UNCHANGED,1790068421.339,1790068421.339,BURST,4,BUY,1,,,,,,,,,,,,,,,,,,,,,,,,,,,,,,
historical7d:500ms:segment4,Quote-entry,TAKE_UNCHANGED,1790072966.384,1790072966.384,BURST,4,SELL,-1,,,,,,,,,,,,,,,,,,,,,,,,,,,,,,
historical7d:500ms:segment4,Quote-entry,TAKE_IMMEDIATE,1790074221.952,1790074221.952,SECONDARY,2,SELL,-1,HEALTHY_TREND,1.2949999999991633,0.9849999999996726,2.1699999999991633,0.875,2.990000000000691,2.0050000000010186,14,13,37,35,0.42528735632168113,0.19719719719706413,1,-1,0.04499983787536621,0.0,0.8620689655172413,0.7586206896551724,0.6206896551724138,0.06382978723404255,0.8108108108108109,0.7432432432432432,0.5540540540540541,0.043478260869565216,0.02999999999974534,-0.030000000000654836,,,
historical7d:500ms:segment4,Quote-entry,TAKE_UNCHANGED,1790075668.965,1790075668.965,BURST,4,SELL,-1,,,,,,,,,,,,,,,,,,,,,,,,,,,,,,
historical7d:500ms:segment4,Quote-entry,TAKE_UNCHANGED,1790076713.9889998,1790076713.9889998,MICRO,3,SELL,-1,,,,,,,,,,,,,,,,,,,,,,,,,,,,,,
historical7d:500ms:segment4,Quote-entry,TAKE_UNCHANGED,1790076896.465,1790076896.465,BURST,4,BUY,1,,,,,,,,,,,,,,,,,,,,,,,,,,,,,,
historical7d:500ms:segment4,Quote-entry,TAKE_IMMEDIATE,1790077022.458,1790077022.458,SECONDARY,2,BUY,1,HEALTHY_TREND,0.8449999999993452,2.2999999999992724,1.1599999999998545,0.3150000000005093,4.545000000000073,2.24500000000171,14,7,55,58,0.5728813559316182,0.3387334315166952,1,-1,0.09199976921081543,0.0,0.9090909090909091,0.5909090909090909,0.5,0.21212121212121213,0.6551724137931034,0.8620689655172413,0.5172413793103449,-0.13636363636363635,0.049999999999272404,-0.040000000000873115,,,
historical7d:500ms:segment4,Quote-entry,TAKE_UNCHANGED,1790077316.497,1790077316.497,MICRO,3,BUY,1,,,,,,,,,,,,,,,,,,,,,,,,,,,,,,
historical7d:500ms:segment4,Quote-entry,TAKE_UNCHANGED,1790077860.457,1790077860.457,MICRO,3,BUY,1,,,,,,,,,,,,,,,,,,,,,,,,,,,,,,
historical7d:500ms:segment4,Quote-entry,TAKE_IMMEDIATE,1790078293.477,1790078293.477,SECONDARY,2,SELL,-1,HEALTHY_TREND,1.0399999999990541,1.769999999999527,1.1349999999974898,0.09499999999843567,3.5899999999965075,1.8199999999969805,14,4,62,56,0.8455284552865847,0.32717190388200695,0,1,0.0,0.40799999237060547,0.7368421052631579,0.9473684210526315,0.6842105263157895,-0.125,0.8833333333333333,0.8333333333333334,0.7166666666666667,0.02912621359223301,-0.03999999999996362,-0.06000000000040018,,,
historical7d:500ms:segment4,Quote-entry,TAKE_UNCHANGED,1790081566.449,1790081566.449,MICRO,3,BUY,1,,,,,,,,,,,,,,,,,,,,,,,,,,,,,,
historical7d:500ms:segment4,Quote-entry,TAKE_UNCHANGED,1790081758.967,1790081758.967,MICRO,3,SELL,-1,,,,,,,,,,,,,,,,,,,,,,,,,,,,,,
historical7d:500ms:segment4,Quote-entry,TAKE_UNCHANGED,1790081889.859,1790081889.859,MICRO,3,BUY,1,,,,,,,,,,,,,,,,,,,,,,,,,,,,,,
historical7d:500ms:segment4,Quote-entry,TAKE_IMMEDIATE,1790086794.95,1790086794.95,PRIMARY,1,SELL,-1,IGNITION,0.37000000000080036,-0.08499999999912689,0.6300000000010186,0.2600000000002183,2.505000000001928,2.590000000002874,12,5,70,44,0.41573033707897317,0.016683022570955136,0,1,0.0,0.9029998779296875,0.7777777777777778,0.8888888888888888,0.6666666666666666,-0.06666666666666667,0.8547008547008547,0.7435897435897436,0.5982905982905983,0.06951871657754011,-0.1999999999998181,-0.009999999999308784,,,
historical7d:500ms:segment4,Quote-exit,TAKE_UNCHANGED,1790050280.4819999,1790050280.4819999,MICRO,3,SELL,-1,,,,,,,,,,,,,,,,,,,,,,,,,,,,,,
historical7d:500ms:segment4,Quote-exit,TAKE_UNCHANGED,1790052562.477,1790052562.477,PRIMARY,1,SELL,-1,,,,,,,,,,,,,,,,,,,,,,,,,,,,,,
historical7d:500ms:segment4,Quote-exit,TAKE_UNCHANGED,1790057259.33,1790057259.33,PRIMARY,1,SELL,-1,,,,,,,,,,,,,,,,,,,,,,,,,,,,,,
historical7d:500ms:segment4,Quote-exit,TAKE_UNCHANGED,1790066882.3779998,1790066882.3779998,MICRO,3,BUY,1,,,,,,,,,,,,,,,,,,,,,,,,,,,,,,
historical7d:500ms:segment4,Quote-exit,TAKE_UNCHANGED,1790068421.339,1790068421.339,BURST,4,BUY,1,,,,,,,,,,,,,,,,,,,,,,,,,,,,,,
historical7d:500ms:segment4,Quote-exit,TAKE_UNCHANGED,1790072966.384,1790072966.384,BURST,4,SELL,-1,,,,,,,,,,,,,,,,,,,,,,,,,,,,,,
historical7d:500ms:segment4,Quote-exit,TAKE_UNCHANGED,1790074221.952,1790074221.952,SECONDARY,2,SELL,-1,,,,,,,,,,,,,,,,,,,,,,,,,,,,,,
historical7d:500ms:segment4,Quote-exit,TAKE_UNCHANGED,1790075668.965,1790075668.965,BURST,4,SELL,-1,,,,,,,,,,,,,,,,,,,,,,,,,,,,,,
historical7d:500ms:segment4,Quote-exit,TAKE_UNCHANGED,1790076713.9889998,1790076713.9889998,MICRO,3,SELL,-1,,,,,,,,,,,,,,,,,,,,,,,,,,,,,,
historical7d:500ms:segment4,Quote-exit,TAKE_UNCHANGED,1790076896.465,1790076896.465,BURST,4,BUY,1,,,,,,,,,,,,,,,,,,,,,,,,,,,,,,
historical7d:500ms:segment4,Quote-exit,TAKE_UNCHANGED,1790077022.458,1790077022.458,SECONDARY,2,BUY,1,,,,,,,,,,,,,,,,,,,,,,,,,,,,,,
historical7d:500ms:segment4,Quote-exit,TAKE_UNCHANGED,1790077316.497,1790077316.497,MICRO,3,BUY,1,,,,,,,,,,,,,,,,,,,,,,,,,,,,,,
historical7d:500ms:segment4,Quote-exit,TAKE_UNCHANGED,1790077860.457,1790077860.457,MICRO,3,BUY,1,,,,,,,,,,,,,,,,,,,,,,,,,,,,,,
historical7d:500ms:segment4,Quote-exit,TAKE_UNCHANGED,1790078293.477,1790078293.477,SECONDARY,2,SELL,-1,,,,,,,,,,,,,,,,,,,,,,,,,,,,,,
historical7d:500ms:segment4,Quote-exit,TAKE_UNCHANGED,1790081566.449,1790081566.449,MICRO,3,BUY,1,,,,,,,,,,,,,,,,,,,,,,,,,,,,,,
historical7d:500ms:segment4,Quote-exit,TAKE_UNCHANGED,1790081758.967,1790081758.967,MICRO,3,SELL,-1,,,,,,,,,,,,,,,,,,,,,,,,,,,,,,
historical7d:500ms:segment4,Quote-exit,TAKE_UNCHANGED,1790081889.859,1790081889.859,MICRO,3,BUY,1,,,,,,,,,,,,,,,,,,,,,,,,,,,,,,
historical7d:500ms:segment4,Quote-exit,TAKE_UNCHANGED,1790086794.95,1790086794.95,PRIMARY,1,SELL,-1,,,,,,,,,,,,,,,,,,,,,,,,,,,,,,
historical7d:500ms:segment4,Candidate-J,TAKE_UNCHANGED,1790050280.4819999,1790050280.4819999,MICRO,3,SELL,-1,,,,,,,,,,,,,,,,,,,,,,,,,,,,,,
historical7d:500ms:segment4,Candidate-J,TAKE_IMMEDIATE,1790052562.477,1790052562.477,PRIMARY,1,SELL,-1,HEALTHY_TREND,0.15999999999985448,1.1549999999988358,0.6200000000008004,0.4600000000009459,2.9599999999982174,1.8049999999993815,13,11,47,32,0.14814814814777388,0.2423924449106858,1,-1,0.053999900817871094,0.0,0.72,0.92,0.64,-0.12195121951219512,0.7530864197530864,0.9382716049382716,0.691358024691358,-0.10948905109489052,-0.2000000000007276,-0.1499999999996362,,,
historical7d:500ms:segment4,Candidate-J,TAKE_IMMEDIATE,1790057259.33,1790057259.33,PRIMARY,1,SELL,-1,HEALTHY_TREND,0.13000000000101863,0.18500000000130967,0.34500000000025466,0.21499999999923602,0.7949999999991633,0.6099999999978536,3,3,15,15,0.23214285714488728,0.1316725978659804,1,-1,0.04699993133544922,0.0,1.0,1.0,1.0,0.0,0.8387096774193549,0.9354838709677419,0.7741935483870968,-0.05454545454545454,0.0,0.010000000000218279,,,
historical7d:500ms:segment4,Candidate-J,TAKE_UNCHANGED,1790066882.3779998,1790066882.3779998,MICRO,3,BUY,1,,,,,,,,,,,,,,,,,,,,,,,,,,,,,,
historical7d:500ms:segment4,Candidate-J,TAKE_UNCHANGED,1790068421.339,1790068421.339,BURST,4,BUY,1,,,,,,,,,,,,,,,,,,,,,,,,,,,,,,
historical7d:500ms:segment4,Candidate-J,TAKE_UNCHANGED,1790072966.384,1790072966.384,BURST,4,SELL,-1,,,,,,,,,,,,,,,,,,,,,,,,,,,,,,
historical7d:500ms:segment4,Candidate-J,TAKE_IMMEDIATE,1790074221.952,1790074221.952,SECONDARY,2,SELL,-1,HEALTHY_TREND,1.2949999999991633,0.9849999999996726,2.1699999999991633,0.875,2.990000000000691,2.0050000000010186,14,13,37,35,0.42528735632168113,0.19719719719706413,1,-1,0.04499983787536621,0.0,0.8620689655172413,0.7586206896551724,0.6206896551724138,0.06382978723404255,0.8108108108108109,0.7432432432432432,0.5540540540540541,0.043478260869565216,0.02999999999974534,-0.030000000000654836,,,
historical7d:500ms:segment4,Candidate-J,TAKE_UNCHANGED,1790075668.965,1790075668.965,BURST,4,SELL,-1,,,,,,,,,,,,,,,,,,,,,,,,,,,,,,
historical7d:500ms:segment4,Candidate-J,TAKE_UNCHANGED,1790076713.9889998,1790076713.9889998,MICRO,3,SELL,-1,,,,,,,,,,,,,,,,,,,,,,,,,,,,,,
historical7d:500ms:segment4,Candidate-J,TAKE_UNCHANGED,1790076896.465,1790076896.465,BURST,4,BUY,1,,,,,,,,,,,,,,,,,,,,,,,,,,,,,,
historical7d:500ms:segment4,Candidate-J,TAKE_IMMEDIATE,1790077022.458,1790077022.458,SECONDARY,2,BUY,1,HEALTHY_TREND,0.8449999999993452,2.2999999999992724,1.1599999999998545,0.3150000000005093,4.545000000000073,2.24500000000171,14,7,55,58,0.5728813559316182,0.3387334315166952,1,-1,0.09199976921081543,0.0,0.9090909090909091,0.5909090909090909,0.5,0.21212121212121213,0.6551724137931034,0.8620689655172413,0.5172413793103449,-0.13636363636363635,0.049999999999272404,-0.040000000000873115,,,
historical7d:500ms:segment4,Candidate-J,TAKE_UNCHANGED,1790077316.497,1790077316.497,MICRO,3,BUY,1,,,,,,,,,,,,,,,,,,,,,,,,,,,,,,
historical7d:500ms:segment4,Candidate-J,TAKE_UNCHANGED,1790077860.457,1790077860.457,MICRO,3,BUY,1,,,,,,,,,,,,,,,,,,,,,,,,,,,,,,
historical7d:500ms:segment4,Candidate-J,TAKE_IMMEDIATE,1790078293.477,1790078293.477,SECONDARY,2,SELL,-1,HEALTHY_TREND,1.0399999999990541,1.769999999999527,1.1349999999974898,0.09499999999843567,3.5899999999965075,1.8199999999969805,14,4,62,56,0.8455284552865847,0.32717190388200695,0,1,0.0,0.40799999237060547,0.7368421052631579,0.9473684210526315,0.6842105263157895,-0.125,0.8833333333333333,0.8333333333333334,0.7166666666666667,0.02912621359223301,-0.03999999999996362,-0.06000000000040018,,,
historical7d:500ms:segment4,Candidate-J,TAKE_UNCHANGED,1790081566.449,1790081566.449,MICRO,3,BUY,1,,,,,,,,,,,,,,,,,,,,,,,,,,,,,,
historical7d:500ms:segment4,Candidate-J,TAKE_UNCHANGED,1790081758.967,1790081758.967,MICRO,3,SELL,-1,,,,,,,,,,,,,,,,,,,,,,,,,,,,,,
historical7d:500ms:segment4,Candidate-J,TAKE_UNCHANGED,1790081889.859,1790081889.859,MICRO,3,BUY,1,,,,,,,,,,,,,,,,,,,,,,,,,,,,,,
historical7d:500ms:segment4,Candidate-J,TAKE_IMMEDIATE,1790086794.95,1790086794.95,PRIMARY,1,SELL,-1,IGNITION,0.37000000000080036,-0.08499999999912689,0.6300000000010186,0.2600000000002183,2.505000000001928,2.590000000002874,12,5,70,44,0.41573033707897317,0.016683022570955136,0,1,0.0,0.9029998779296875,0.7777777777777778,0.8888888888888888,0.6666666666666666,-0.06666666666666667,0.8547008547008547,0.7435897435897436,0.5982905982905983,0.06951871657754011,-0.1999999999998181,-0.009999999999308784,,,
recent24h:500ms:whole,Quote-entry,TAKE_IMMEDIATE,1790192053.48,1790192053.48,PRIMARY,1,BUY,1,HEALTHY_TREND,0.10500000000047294,0.680000000000291,0.3400000000001455,0.2349999999987631,1.3999999999969077,0.7199999999957072,8,11,30,30,0.18260869565305418,0.3207547169822491,0,1,0.0,0.20199990272521973,0.782608695652174,0.7391304347826086,0.5217391304347826,0.02857142857142857,0.71875,0.71875,0.4375,0.0,-0.1500000000005457,0.07999999999901775,,,
recent24h:500ms:whole,Quote-entry,TAKE_IMMEDIATE,1790193765.391,1790193765.391,PRIMARY,1,SELL,-1,HEALTHY_TREND,0.42999999999847205,2.484999999998763,1.0950000000002547,0.6650000000017826,6.4100000000016735,3.9250000000029104,19,13,87,68,0.24431818181703086,0.24044508950146695,0,1,0.0,0.20399999618530273,0.8235294117647058,0.7058823529411765,0.5294117647058824,0.07692307692307693,0.9050632911392406,0.7278481012658228,0.6329113924050633,0.10852713178294573,0.0,-0.030000000000654836,,,
recent24h:500ms:whole,Quote-entry,TAKE_IMMEDIATE,1790194322.379,1790194322.379,SECONDARY,2,SELL,-1,HEALTHY_TREND,1.175000000000182,1.7600000000002183,1.5099999999983993,0.3349999999982174,3.1949999999951615,1.4349999999958527,16,7,67,41,0.6368563685649521,0.3801295896335396,0,1,0.0,0.2519998550415039,0.875,0.7916666666666666,0.6666666666666666,0.05,0.7946428571428571,0.7857142857142857,0.5803571428571429,0.005649717514124294,0.009999999999308784,0.03999999999996362,,,
recent24h:500ms:whole,Quote-entry,TAKE_UNCHANGED,1790195523.451,1790195523.451,BURST,4,SELL,-1,,,,,,,,,,,,,,,,,,,,,,,,,,,,,,
recent24h:500ms:whole,Quote-entry,WAIT,1790196024.809,1790196024.809,PRIMARY,1,SELL,-1,HEALTHY_PULLBACK,-0.02999999999974534,0.7049999999999272,0.16499999999905413,0.19499999999879947,1.9149999999972351,1.2099999999982174,5,6,42,38,0.0833333333331228,0.22560000000023936,1,-1,0.04800009727478027,0.0,0.8461538461538461,0.7692307692307693,0.6153846153846154,0.047619047619047616,0.7857142857142857,0.7976190476190477,0.5833333333333334,-0.007518796992481203,-0.06000000000040018,-0.030000000000654836,1790196026.809,,
recent24h:500ms:whole,Quote-entry,SKIP_DECAY_DURING_WAIT,1790196024.809,1790196025.3609998,PRIMARY,1,SELL,-1,DECAY,-0.05500000000029104,0.6049999999995634,0.16499999999905413,0.21999999999934516,1.9049999999970169,1.299999999998363,5,5,40,39,0.14285714285849277,0.18876755070211043,4,-1,0.5999999046325684,0.0,0.9166666666666666,0.8333333333333334,0.75,0.047619047619047616,0.7831325301204819,0.8192771084337349,0.6024096385542169,-0.022556390977443608,0.02999999999974534,0.0500000000001819,1790196026.809,HEALTHY_PULLBACK,
recent24h:500ms:whole,Quote-entry,TAKE_IMMEDIATE,1790196065.932,1790196065.932,SECONDARY,2,BUY,1,HEALTHY_TREND,1.0,1.6599999999998545,1.264999999999418,0.2649999999994179,4.845000000001164,3.1850000000004,24,7,71,81,0.6535947712423273,0.20672478206716602,0,1,0.0,0.6110000610351562,0.7575757575757576,0.9696969696969697,0.7272727272727273,-0.12280701754385964,0.8461538461538461,0.8589743589743589,0.7051282051282052,-0.007518796992481203,-0.1999999999998181,-0.23999999999978172,,,
recent24h:500ms:whole,Quote-entry,SKIP_BAD_PHASE,1790196504.42,1790196504.42,PRIMARY,1,BUY,1,REVERSAL,-0.1999999999998181,-0.44499999999970896,0.08500000000003638,0.2849999999998545,0.9000000000023647,1.3450000000020736,7,6,31,41,0.5405405405402084,0.19821826280571456,0,1,0.0,0.3410000801086426,0.8666666666666667,0.9333333333333333,0.8,-0.037037037037037035,0.8333333333333334,0.8076923076923077,0.6410256410256411,0.015625,-0.020000000000436557,0.09000000000014552,,,
recent24h:500ms:whole,Quote-entry,TAKE_IMMEDIATE,1790203082.353,1790203082.353,PRIMARY,1,SELL,-1,HEALTHY_TREND,0.8549999999995634,1.375,0.9249999999992724,0.06999999999970896,1.7649999999985084,0.38999999999850843,14,4,39,16,0.8592964824125012,0.6380510440844099,0,1,0.0,0.24399995803833008,0.85,0.75,0.6,0.0625,0.8596491228070176,0.6491228070175439,0.5087719298245614,0.13953488372093023,-0.049999999999272404,0.030000000000654836,,,
recent24h:500ms:whole,Quote-entry,TAKE_IMMEDIATE,1790227939.976,1790227939.976,PRIMARY,1,BUY,1,HEALTHY_TREND,0.16500000000087311,0.9200000000000728,0.3500000000003638,0.18499999999949068,2.2000000000025466,1.2800000000024738,7,5,24,25,0.3084112149549869,0.26436781609159354,0,1,0.0,0.35500001907348633,1.0,0.5384615384615384,0.5384615384615384,0.3,0.92,0.62,0.54,0.19480519480519481,-0.17000000000007276,-0.2600000000002183,,,
recent24h:500ms:whole,Quote-entry,TAKE_IMMEDIATE,1790230026.458,1790230026.458,SECONDARY,2,SELL,-1,HEALTHY_TREND,0.6999999999998181,0.9600000000000364,1.1149999999979627,0.41499999999814463,2.499999999996362,1.5399999999972351,10,5,29,25,0.4575163398703262,0.23762376237656974,0,1,0.0,0.04699993133544922,0.375,0.875,0.25,-0.4,0.6964285714285714,0.5714285714285714,0.26785714285714285,0.09859154929577464,-0.18000000000029104,0.020000000000436557,,,
recent24h:500ms:whole,Quote-entry,SKIP_BAD_PHASE,1790240145.9169998,1790240145.9169998,PRIMARY,1,SELL,-1,DECAY,-0.20499999999992724,0.23999999999978172,0.0749999999989086,0.27999999999883585,1.0699999999987995,0.8299999999990177,5,8,31,27,0.5774647887358584,0.12631578947371444,2,-1,0.7019996643066406,0.0,0.9285714285714286,0.8571428571428571,0.7857142857142857,0.04,0.864406779661017,0.7796610169491526,0.6440677966101694,0.05154639175257732,-0.09000000000014552,0.0,,,
recent24h:500ms:whole,Quote-entry,SKIP_BAD_PHASE,1790243248.941,1790243248.941,PRIMARY,1,SELL,-1,REVERSAL,-0.125,-0.09000000000014552,0.17000000000098225,0.29500000000098225,0.8650000000006912,0.9549999999999272,10,6,29,21,0.2688172042999396,0.04945054945058789,0,1,0.0,0.14299988746643066,0.7647058823529411,0.7647058823529411,0.5294117647058824,0.0,0.8888888888888888,0.7777777777777778,0.6666666666666666,0.06666666666666667,-0.09000000000014552,-0.1000000000003638,,,
recent24h:500ms:whole,Quote-entry,TAKE_IMMEDIATE,1790244962.46,1790244962.46,PRIMARY,1,BUY,1,HEALTHY_TREND,0.23499999999967258,1.5600000000004002,0.5949999999993452,0.3599999999996726,2.395000000001346,0.8350000000018554,17,8,44,25,0.24607329842922962,0.4829721362224194,1,-1,0.05500006675720215,0.0,0.6538461538461539,1.0,0.6538461538461539,-0.20930232558139536,0.7323943661971831,0.9014084507042254,0.6338028169014085,-0.10344827586206896,-0.08999999999923602,0.020000000000436557,,,
recent24h:500ms:whole,Quote-entry,TAKE_IMMEDIATE,1790245996.197,1790245996.197,PRIMARY,1,BUY,1,HEALTHY_TREND,0.32000000000061846,0.31999999999970896,0.3350000000000364,0.014999999999417923,1.4249999999956344,1.104999999996835,7,1,33,17,0.9142857142889068,0.12648221343895116,0,1,0.0,0.2389998435974121,1.0,0.8,0.8,0.1111111111111111,0.9629629629629629,0.9074074074074074,0.8703703703703703,0.0297029702970297,-0.03999999999996362,-0.13999999999941792,,,
recent24h:500ms:whole,Quote-entry,TAKE_UNCHANGED,1790247697.938,1790247697.938,MICRO,3,BUY,1,,,,,,,,,,,,,,,,,,,,,,,,,,,,,,
recent24h:500ms:whole,Quote-entry,WAIT,1790248961.94,1790248961.94,PRIMARY,1,SELL,-1,HEALTHY_PULLBACK,-0.5100000000002183,0.9549999999999272,0.14000000000032742,0.6500000000005457,2.8450000000002547,1.8900000000003274,8,8,60,42,0.6455696202527273,0.20168954593448993,0,1,0.0,0.24499988555908203,0.9411764705882353,0.7647058823529411,0.7058823529411765,0.10344827586206896,0.9223300970873787,0.7087378640776699,0.6310679611650486,0.13095238095238096,-0.040000000000873115,-0.030000000000654836,1790248963.94,,
recent24h:500ms:whole,Quote-entry,SKIP_DECAY_DURING_WAIT,1790248961.94,1790248962.892,PRIMARY,1,SELL,-1,DECAY,-0.6400000000003274,0.2600000000002183,0.13499999999930878,0.7749999999996362,2.4249999999992724,2.164999999999054,6,12,56,46,0.7032967032978785,0.056644880174360146,2,-1,0.2969999313354492,0.0,0.8947368421052632,0.7894736842105263,0.6842105263157895,0.0625,0.9223300970873787,0.7087378640776699,0.6310679611650486,0.13095238095238096,0.05999999999949068,0.019999999999527063,1790248963.94,HEALTHY_PULLBACK,
recent24h:500ms:whole,Quote-entry,TAKE_UNCHANGED,1790249523.4659998,1790249523.4659998,MICRO,3,BUY,1,,,,,,,,,,,,,,,,,,,,,,,,,,,,,,
recent24h:500ms:whole,Quote-entry,TAKE_UNCHANGED,1790251280.4329998,1790251280.4329998,BURST,4,BUY,1,,,,,,,,,,,,,,,,,,,,,,,,,,,,,,
recent24h:500ms:whole,Quote-entry,SKIP_BAD_PHASE,1790253075.855,1790253075.855,PRIMARY,1,SELL,-1,DECAY,-0.11000000000058208,1.1849999999994907,0.24499999999989086,0.35500000000047294,3.1700000000028012,1.985000000002401,5,3,51,31,0.1833333333341923,0.2298739088260108,3,-1,0.5980000495910645,0.0,1.0,0.8888888888888888,0.8888888888888888,0.058823529411764705,0.9285714285714286,0.8333333333333334,0.7619047619047619,0.05405405405405406,-0.03999999999996362,-0.010000000000218279,,,
recent24h:500ms:whole,Quote-entry,TAKE_IMMEDIATE,1790253804.46,1790253804.46,PRIMARY,1,SELL,-1,HEALTHY_TREND,0.6849999999994907,1.0349999999998545,1.9899999999997817,1.305000000000291,3.3249999999989086,2.289999999999054,15,16,47,43,0.20789074355067544,0.1843276936776901,0,1,0.0,0.04200005531311035,0.8787878787878788,0.8787878787878788,0.7575757575757576,0.0,0.8586956521739131,0.8804347826086957,0.7391304347826086,-0.0125,-0.0500000000001819,-0.0500000000001819,,,
recent24h:500ms:whole,Quote-entry,TAKE_UNCHANGED,1790256394.957,1790256394.957,BURST,4,BUY,1,,,,,,,,,,,,,,,,,,,,,,,,,,,,,,
recent24h:500ms:whole,Quote-entry,TAKE_IMMEDIATE,1790256590.481,1790256590.481,SECONDARY,2,SELL,-1,HEALTHY_TREND,1.769999999999527,2.6049999999995634,2.039999999999054,0.26999999999952706,3.1349999999983993,0.5299999999988358,13,7,36,17,0.7662337662340322,0.7107776261941415,0,1,0.0,0.41899991035461426,0.8095238095238095,0.7619047619047619,0.5714285714285714,0.030303030303030304,0.8703703703703703,0.7777777777777778,0.6481481481481481,0.056179775280898875,-0.10000000000127329,-0.03000000000156433,,,
recent24h:500ms:whole,Quote-entry,SKIP_BAD_PHASE,1790257759.983,1790257759.983,PRIMARY,1,BUY,1,DECAY,-0.05499999999847205,3.5200000000004366,0.6850000000013097,0.7399999999997817,12.540000000001783,9.020000000000437,10,17,71,99,0.03859649122696837,0.16326530612244552,3,-1,0.312000036239624,0.0,0.8275862068965517,0.7931034482758621,0.6206896551724138,0.02127659574468085,0.943502824858757,0.8700564971751412,0.8135593220338984,0.040498442367601244,-0.25,-0.12000000000080036,,,
recent24h:500ms:whole,Quote-entry,TAKE_IMMEDIATE,1790258943.492,1790258943.492,PRIMARY,1,SELL,-1,HEALTHY_TREND,0.05999999999949068,1.519999999999527,0.08999999999923602,0.02999999999974534,2.7949999999991633,1.2749999999996362,1,1,46,25,0.5,0.37346437346436745,0,1,0.0,0.5540001392364502,1.0,1.0,1.0,0.0,0.7945205479452054,0.863013698630137,0.6575342465753424,-0.04132231404958678,-0.1000000000003638,-0.06000000000040018,,,
recent24h:500ms:whole,Quote-entry,TAKE_UNCHANGED,1790259382.96,1790259382.96,MICRO,3,BUY,1,,,,,,,,,,,,,,,,,,,,,,,,,,,,,,
recent24h:500ms:whole,Quote-entry,TAKE_IMMEDIATE,1790259744.944,1790259744.944,PRIMARY,1,BUY,1,HEALTHY_TREND,0.4399999999995998,1.9049999999997453,0.7249999999976353,0.2849999999980355,3.084999999999127,1.1800000000012005,15,10,57,36,0.43564356435790674,0.4466588511134318,1,-1,0.0559999942779541,0.0,0.5769230769230769,0.9615384615384616,0.5384615384615384,-0.25,0.6979166666666666,0.90625,0.6041666666666666,-0.12987012987012986,0.08000000000083674,-0.08999999999923602,,,
recent24h:500ms:whole,Quote-entry,TAKE_IMMEDIATE,1790262741.964,1790262741.964,PRIMARY,1,BUY,1,HEALTHY_TREND,0.22000000000025466,0.49499999999989086,0.35499999999956344,0.13499999999930878,1.430000000000291,0.9350000000004002,6,2,34,25,0.4489795918382878,0.20930232558128803,0,1,0.0,0.23600006103515625,1.0,0.4444444444444444,0.4444444444444444,0.38461538461538464,0.9166666666666666,0.5166666666666667,0.43333333333333335,0.27906976744186046,0.0,-0.06999999999970896,,,
recent24h:500ms:whole,Quote-entry,TAKE_IMMEDIATE,1790264524.4659998,1790264524.4659998,PRIMARY,1,BUY,1,HEALTHY_TREND,0.14500000000043656,0.39500000000043656,0.3649999999988722,0.21999999999843567,2.8100000000049477,2.415000000004511,11,10,67,60,0.24786324786513475,0.07559808612434861,1,-1,0.09299993515014648,0.0,0.8636363636363636,0.6363636363636364,0.5,0.15151515151515152,0.8692307692307693,0.7846153846153846,0.6538461538461539,0.05116279069767442,-0.030000000000654836,-0.030000000000654836,,,
recent24h:500ms:whole,Quote-entry,TAKE_UNCHANGED,1790265166.938,1790265166.938,MICRO,3,BUY,1,,,,,,,,,,,,,,,,,,,,,,,,,,,,,,
recent24h:500ms:whole,Quote-entry,TAKE_IMMEDIATE,1790267679.908,1790267679.908,PRIMARY,1,SELL,-1,HEALTHY_TREND,0.555000000000291,1.5300000000006548,0.8350000000018554,0.28000000000065484,3.840000000002874,2.3100000000013097,18,9,64,60,0.4977578475323667,0.2487804878047785,0,1,0.0,0.24899983406066895,0.896551724137931,0.6896551724137931,0.5862068965517241,0.13043478260869565,0.7857142857142857,0.8492063492063492,0.6349206349206349,-0.038834951456310676,-0.0500000000001819,0.0,,,
recent24h:500ms:whole,Quote-entry,TAKE_IMMEDIATE,1790268793.948,1790268793.948,PRIMARY,1,SELL,-1,HEALTHY_TREND,0.11499999999978172,1.4600000000000364,0.4149999999999636,0.3000000000001819,2.970000000002983,1.5100000000029468,12,8,63,38,0.16083916083882283,0.3258928571424339,1,-1,0.04499983787536621,0.0,0.8571428571428571,0.8095238095238095,0.6666666666666666,0.02857142857142857,0.8737864077669902,0.8155339805825242,0.6893203883495146,0.034482758620689655,-0.06999999999879947,-0.039999999999054126,,,
recent24h:500ms:whole,Quote-entry,WAIT,1790270166.463,1790270166.463,PRIMARY,1,SELL,-1,HEALTHY_PULLBACK,-0.10999999999967258,1.9350000000004002,1.0300000000006548,1.1400000000003274,4.6950000000006185,2.7600000000002183,16,19,70,68,0.050691244239457506,0.2595573440644109,1,-1,0.04900002479553223,0.0,0.8918918918918919,0.7297297297297297,0.6216216216216216,0.1,0.900709219858156,0.6879432624113475,0.5886524822695035,0.13392857142857142,-0.3400000000001455,-0.010000000000218279,1790270168.463,,
recent24h:500ms:whole,Quote-entry,TAKE_DELAYED,1790270166.463,1790270167.465,PRIMARY,1,SELL,-1,HEALTHY_TREND,0.5650000000005093,1.9899999999997817,1.1500000000014552,0.5850000000009459,4.704999999999927,2.7150000000001455,15,15,75,69,0.3256484149854337,0.26819407008083046,0,1,0.0,0.4029998779296875,1.0,0.75,0.75,0.14285714285714285,0.9115646258503401,0.6870748299319728,0.5986394557823129,0.14042553191489363,0.0500000000001819,-0.1000000000003638,1790270168.463,HEALTHY_PULLBACK,1.001999855041504
recent24h:500ms:whole,Quote-entry,TAKE_IMMEDIATE,1790270870.484,1790270870.484,SECONDARY,2,BUY,1,HEALTHY_TREND,1.2650000000003274,2.300000000000182,1.549999999998363,0.2849999999980355,4.514999999996689,2.2149999999965075,16,10,76,63,0.6893732970042563,0.3417533432395998,0,1,0.0,0.10800004005432129,0.8518518518518519,0.7777777777777778,0.6296296296296297,0.045454545454545456,0.8368794326241135,0.8652482269503546,0.7021276595744681,-0.016666666666666666,-0.06999999999879947,9.094947017729282e-13,,,
recent24h:500ms:whole,Quote-entry,TAKE_UNCHANGED,1790271044.474,1790271044.474,BURST,4,SELL,-1,,,,,,,,,,,,,,,,,,,,,,,,,,,,,,
recent24h:500ms:whole,Quote-entry,TAKE_UNCHANGED,1790271091.9740002,1790271091.9740002,MICRO,3,SELL,-1,,,,,,,,,,,,,,,,,,,,,,,,,,,,,,
recent24h:500ms:whole,Quote-entry,WAIT,1790271201.909,1790271201.909,PRIMARY,1,SELL,-1,HEALTHY_PULLBACK,-0.2649999999994179,1.2000000000007276,0.3400000000001455,0.6049999999995634,2.755000000003747,1.5550000000030195,6,13,47,47,0.28042328042275083,0.27842227378163426,0,1,0.0,0.1379997730255127,0.8636363636363636,0.9090909090909091,0.7727272727272727,-0.02564102564102564,0.7731958762886598,0.8247422680412371,0.5979381443298969,-0.03225806451612903,-0.18999999999959982,-0.08000000000083674,1790271203.909,,
recent24h:500ms:whole,Quote-entry,SKIP_DECAY_DURING_WAIT,1790271201.909,1790271202.415,PRIMARY,1,SELL,-1,DECAY,-0.06999999999970896,1.375,0.37000000000080036,0.4400000000005093,2.9300000000030195,1.5550000000030195,6,13,47,48,0.08641975308592072,0.3065774804901112,2,-1,0.10199999809265137,0.0,0.6666666666666666,0.9047619047619048,0.5714285714285714,-0.15151515151515152,0.7448979591836735,0.8367346938775511,0.5816326530612245,-0.05806451612903226,-0.03999999999996362,0.010000000000218279,1790271203.909,HEALTHY_PULLBACK,
recent24h:500ms:whole,Quote-entry,TAKE_IMMEDIATE,1790271720.309,1790271720.309,PRIMARY,1,SELL,-1,HEALTHY_TREND,0.36999999999989086,0.6449999999995271,0.4150000000008731,0.045000000000982254,1.5999999999976353,0.9549999999981083,10,3,39,34,0.804347826083475,0.25244618395326873,0,1,0.0,0.4500000476837158,0.7857142857142857,0.9285714285714286,0.7142857142857143,-0.08333333333333333,0.8051948051948052,0.7662337662337663,0.5714285714285714,0.024793388429752067,-0.039999999999054126,-0.0500000000001819,,,
recent24h:500ms:whole,Quote-entry,TAKE_IMMEDIATE,1790272615.978,1790272615.978,PRIMARY,1,SELL,-1,HEALTHY_TREND,0.36999999999989086,0.5349999999998545,0.5399999999981446,0.16999999999825377,1.9949999999962529,1.4599999999963984,9,6,41,37,0.52112676056587,0.15484804630998333,1,-1,0.04999995231628418,0.0,1.0,0.6875,0.6875,0.18518518518518517,0.8860759493670886,0.8227848101265823,0.7088607594936709,0.037037037037037035,-0.07999999999992724,-0.09000000000014552,,,
recent24h:500ms:whole,Quote-entry,TAKE_IMMEDIATE,1790275454.6790001,1790275454.6790001,PRIMARY,1,BUY,1,HEALTHY_TREND,0.125,0.9150000000008731,0.36999999999989086,0.24499999999989086,2.0599999999976717,1.1449999999967986,8,5,49,34,0.20325203252039734,0.28549141965755126,1,-1,0.04900002479553223,0.0,0.9333333333333333,0.9333333333333333,0.8666666666666667,0.0,0.8941176470588236,0.8352941176470589,0.7294117647058823,0.034013605442176874,0.010000000000218279,0.010000000000218279,,,
recent24h:500ms:whole,Quote-exit,TAKE_UNCHANGED,1790192053.48,1790192053.48,PRIMARY,1,BUY,1,,,,,,,,,,,,,,,,,,,,,,,,,,,,,,
recent24h:500ms:whole,Quote-exit,TAKE_UNCHANGED,1790193765.391,1790193765.391,PRIMARY,1,SELL,-1,,,,,,,,,,,,,,,,,,,,,,,,,,,,,,
recent24h:500ms:whole,Quote-exit,TAKE_UNCHANGED,1790194322.379,1790194322.379,SECONDARY,2,SELL,-1,,,,,,,,,,,,,,,,,,,,,,,,,,,,,,
recent24h:500ms:whole,Quote-exit,TAKE_UNCHANGED,1790195523.451,1790195523.451,BURST,4,SELL,-1,,,,,,,,,,,,,,,,,,,,,,,,,,,,,,
recent24h:500ms:whole,Quote-exit,TAKE_UNCHANGED,1790196024.809,1790196024.809,PRIMARY,1,SELL,-1,,,,,,,,,,,,,,,,,,,,,,,,,,,,,,
recent24h:500ms:whole,Quote-exit,TAKE_UNCHANGED,1790196065.932,1790196065.932,SECONDARY,2,BUY,1,,,,,,,,,,,,,,,,,,,,,,,,,,,,,,
recent24h:500ms:whole,Quote-exit,TAKE_UNCHANGED,1790196504.42,1790196504.42,PRIMARY,1,BUY,1,,,,,,,,,,,,,,,,,,,,,,,,,,,,,,
recent24h:500ms:whole,Quote-exit,TAKE_UNCHANGED,1790203082.353,1790203082.353,PRIMARY,1,SELL,-1,,,,,,,,,,,,,,,,,,,,,,,,,,,,,,
recent24h:500ms:whole,Quote-exit,TAKE_UNCHANGED,1790227939.976,1790227939.976,PRIMARY,1,BUY,1,,,,,,,,,,,,,,,,,,,,,,,,,,,,,,
recent24h:500ms:whole,Quote-exit,TAKE_UNCHANGED,1790230026.458,1790230026.458,SECONDARY,2,SELL,-1,,,,,,,,,,,,,,,,,,,,,,,,,,,,,,
recent24h:500ms:whole,Quote-exit,TAKE_UNCHANGED,1790240145.9169998,1790240145.9169998,PRIMARY,1,SELL,-1,,,,,,,,,,,,,,,,,,,,,,,,,,,,,,
recent24h:500ms:whole,Quote-exit,TAKE_UNCHANGED,1790243248.941,1790243248.941,PRIMARY,1,SELL,-1,,,,,,,,,,,,,,,,,,,,,,,,,,,,,,
recent24h:500ms:whole,Quote-exit,TAKE_UNCHANGED,1790244962.46,1790244962.46,PRIMARY,1,BUY,1,,,,,,,,,,,,,,,,,,,,,,,,,,,,,,
recent24h:500ms:whole,Quote-exit,TAKE_UNCHANGED,1790245996.197,1790245996.197,PRIMARY,1,BUY,1,,,,,,,,,,,,,,,,,,,,,,,,,,,,,,
recent24h:500ms:whole,Quote-exit,TAKE_UNCHANGED,1790247697.938,1790247697.938,MICRO,3,BUY,1,,,,,,,,,,,,,,,,,,,,,,,,,,,,,,
recent24h:500ms:whole,Quote-exit,TAKE_UNCHANGED,1790248961.94,1790248961.94,PRIMARY,1,SELL,-1,,,,,,,,,,,,,,,,,,,,,,,,,,,,,,
recent24h:500ms:whole,Quote-exit,TAKE_UNCHANGED,1790249523.4659998,1790249523.4659998,MICRO,3,BUY,1,,,,,,,,,,,,,,,,,,,,,,,,,,,,,,
recent24h:500ms:whole,Quote-exit,TAKE_UNCHANGED,1790251280.4329998,1790251280.4329998,BURST,4,BUY,1,,,,,,,,,,,,,,,,,,,,,,,,,,,,,,
recent24h:500ms:whole,Quote-exit,TAKE_UNCHANGED,1790253075.855,1790253075.855,PRIMARY,1,SELL,-1,,,,,,,,,,,,,,,,,,,,,,,,,,,,,,
recent24h:500ms:whole,Quote-exit,TAKE_UNCHANGED,1790253804.46,1790253804.46,PRIMARY,1,SELL,-1,,,,,,,,,,,,,,,,,,,,,,,,,,,,,,
recent24h:500ms:whole,Quote-exit,TAKE_UNCHANGED,1790256394.957,1790256394.957,BURST,4,BUY,1,,,,,,,,,,,,,,,,,,,,,,,,,,,,,,
recent24h:500ms:whole,Quote-exit,TAKE_UNCHANGED,1790256590.481,1790256590.481,SECONDARY,2,SELL,-1,,,,,,,,,,,,,,,,,,,,,,,,,,,,,,
recent24h:500ms:whole,Quote-exit,TAKE_UNCHANGED,1790257759.983,1790257759.983,PRIMARY,1,BUY,1,,,,,,,,,,,,,,,,,,,,,,,,,,,,,,
recent24h:500ms:whole,Quote-exit,TAKE_UNCHANGED,1790258943.492,1790258943.492,PRIMARY,1,SELL,-1,,,,,,,,,,,,,,,,,,,,,,,,,,,,,,
recent24h:500ms:whole,Quote-exit,TAKE_UNCHANGED,1790259382.96,1790259382.96,MICRO,3,BUY,1,,,,,,,,,,,,,,,,,,,,,,,,,,,,,,
recent24h:500ms:whole,Quote-exit,TAKE_UNCHANGED,1790259744.944,1790259744.944,PRIMARY,1,BUY,1,,,,,,,,,,,,,,,,,,,,,,,,,,,,,,
recent24h:500ms:whole,Quote-exit,TAKE_UNCHANGED,1790262741.964,1790262741.964,PRIMARY,1,BUY,1,,,,,,,,,,,,,,,,,,,,,,,,,,,,,,
recent24h:500ms:whole,Quote-exit,TAKE_UNCHANGED,1790264524.4659998,1790264524.4659998,PRIMARY,1,BUY,1,,,,,,,,,,,,,,,,,,,,,,,,,,,,,,
recent24h:500ms:whole,Quote-exit,TAKE_UNCHANGED,1790265166.938,1790265166.938,MICRO,3,BUY,1,,,,,,,,,,,,,,,,,,,,,,,,,,,,,,
recent24h:500ms:whole,Quote-exit,TAKE_UNCHANGED,1790267679.908,1790267679.908,PRIMARY,1,SELL,-1,,,,,,,,,,,,,,,,,,,,,,,,,,,,,,
recent24h:500ms:whole,Quote-exit,TAKE_UNCHANGED,1790268793.948,1790268793.948,PRIMARY,1,SELL,-1,,,,,,,,,,,,,,,,,,,,,,,,,,,,,,
recent24h:500ms:whole,Quote-exit,TAKE_UNCHANGED,1790270166.463,1790270166.463,PRIMARY,1,SELL,-1,,,,,,,,,,,,,,,,,,,,,,,,,,,,,,
recent24h:500ms:whole,Quote-exit,TAKE_UNCHANGED,1790270870.484,1790270870.484,SECONDARY,2,BUY,1,,,,,,,,,,,,,,,,,,,,,,,,,,,,,,
recent24h:500ms:whole,Quote-exit,TAKE_UNCHANGED,1790271044.474,1790271044.474,BURST,4,SELL,-1,,,,,,,,,,,,,,,,,,,,,,,,,,,,,,
recent24h:500ms:whole,Quote-exit,TAKE_UNCHANGED,1790271091.9740002,1790271091.9740002,MICRO,3,SELL,-1,,,,,,,,,,,,,,,,,,,,,,,,,,,,,,
recent24h:500ms:whole,Quote-exit,TAKE_UNCHANGED,1790271201.909,1790271201.909,PRIMARY,1,SELL,-1,,,,,,,,,,,,,,,,,,,,,,,,,,,,,,
recent24h:500ms:whole,Quote-exit,TAKE_UNCHANGED,1790271720.309,1790271720.309,PRIMARY,1,SELL,-1,,,,,,,,,,,,,,,,,,,,,,,,,,,,,,
recent24h:500ms:whole,Quote-exit,TAKE_UNCHANGED,1790272615.978,1790272615.978,PRIMARY,1,SELL,-1,,,,,,,,,,,,,,,,,,,,,,,,,,,,,,
recent24h:500ms:whole,Quote-exit,TAKE_UNCHANGED,1790275454.6790001,1790275454.6790001,PRIMARY,1,BUY,1,,,,,,,,,,,,,,,,,,,,,,,,,,,,,,
recent24h:500ms:whole,Candidate-J,TAKE_IMMEDIATE,1790192053.48,1790192053.48,PRIMARY,1,BUY,1,HEALTHY_TREND,0.10500000000047294,0.680000000000291,0.3400000000001455,0.2349999999987631,1.3999999999969077,0.7199999999957072,8,11,30,30,0.18260869565305418,0.3207547169822491,0,1,0.0,0.20199990272521973,0.782608695652174,0.7391304347826086,0.5217391304347826,0.02857142857142857,0.71875,0.71875,0.4375,0.0,-0.1500000000005457,0.07999999999901775,,,
recent24h:500ms:whole,Candidate-J,TAKE_IMMEDIATE,1790193765.391,1790193765.391,PRIMARY,1,SELL,-1,HEALTHY_TREND,0.42999999999847205,2.484999999998763,1.0950000000002547,0.6650000000017826,6.4100000000016735,3.9250000000029104,19,13,87,68,0.24431818181703086,0.24044508950146695,0,1,0.0,0.20399999618530273,0.8235294117647058,0.7058823529411765,0.5294117647058824,0.07692307692307693,0.9050632911392406,0.7278481012658228,0.6329113924050633,0.10852713178294573,0.0,-0.030000000000654836,,,
recent24h:500ms:whole,Candidate-J,TAKE_IMMEDIATE,1790194322.379,1790194322.379,SECONDARY,2,SELL,-1,HEALTHY_TREND,1.175000000000182,1.7600000000002183,1.5099999999983993,0.3349999999982174,3.1949999999951615,1.4349999999958527,16,7,67,41,0.6368563685649521,0.3801295896335396,0,1,0.0,0.2519998550415039,0.875,0.7916666666666666,0.6666666666666666,0.05,0.7946428571428571,0.7857142857142857,0.5803571428571429,0.005649717514124294,0.009999999999308784,0.03999999999996362,,,
recent24h:500ms:whole,Candidate-J,TAKE_UNCHANGED,1790195523.451,1790195523.451,BURST,4,SELL,-1,,,,,,,,,,,,,,,,,,,,,,,,,,,,,,
recent24h:500ms:whole,Candidate-J,WAIT,1790196024.809,1790196024.809,PRIMARY,1,SELL,-1,HEALTHY_PULLBACK,-0.02999999999974534,0.7049999999999272,0.16499999999905413,0.19499999999879947,1.9149999999972351,1.2099999999982174,5,6,42,38,0.0833333333331228,0.22560000000023936,1,-1,0.04800009727478027,0.0,0.8461538461538461,0.7692307692307693,0.6153846153846154,0.047619047619047616,0.7857142857142857,0.7976190476190477,0.5833333333333334,-0.007518796992481203,-0.06000000000040018,-0.030000000000654836,1790196026.809,,
recent24h:500ms:whole,Candidate-J,SKIP_DECAY_DURING_WAIT,1790196024.809,1790196025.3609998,PRIMARY,1,SELL,-1,DECAY,-0.05500000000029104,0.6049999999995634,0.16499999999905413,0.21999999999934516,1.9049999999970169,1.299999999998363,5,5,40,39,0.14285714285849277,0.18876755070211043,4,-1,0.5999999046325684,0.0,0.9166666666666666,0.8333333333333334,0.75,0.047619047619047616,0.7831325301204819,0.8192771084337349,0.6024096385542169,-0.022556390977443608,0.02999999999974534,0.0500000000001819,1790196026.809,HEALTHY_PULLBACK,
recent24h:500ms:whole,Candidate-J,TAKE_IMMEDIATE,1790196065.932,1790196065.932,SECONDARY,2,BUY,1,HEALTHY_TREND,1.0,1.6599999999998545,1.264999999999418,0.2649999999994179,4.845000000001164,3.1850000000004,24,7,71,81,0.6535947712423273,0.20672478206716602,0,1,0.0,0.6110000610351562,0.7575757575757576,0.9696969696969697,0.7272727272727273,-0.12280701754385964,0.8461538461538461,0.8589743589743589,0.7051282051282052,-0.007518796992481203,-0.1999999999998181,-0.23999999999978172,,,
recent24h:500ms:whole,Candidate-J,SKIP_BAD_PHASE,1790196504.42,1790196504.42,PRIMARY,1,BUY,1,REVERSAL,-0.1999999999998181,-0.44499999999970896,0.08500000000003638,0.2849999999998545,0.9000000000023647,1.3450000000020736,7,6,31,41,0.5405405405402084,0.19821826280571456,0,1,0.0,0.3410000801086426,0.8666666666666667,0.9333333333333333,0.8,-0.037037037037037035,0.8333333333333334,0.8076923076923077,0.6410256410256411,0.015625,-0.020000000000436557,0.09000000000014552,,,
recent24h:500ms:whole,Candidate-J,TAKE_IMMEDIATE,1790203082.353,1790203082.353,PRIMARY,1,SELL,-1,HEALTHY_TREND,0.8549999999995634,1.375,0.9249999999992724,0.06999999999970896,1.7649999999985084,0.38999999999850843,14,4,39,16,0.8592964824125012,0.6380510440844099,0,1,0.0,0.24399995803833008,0.85,0.75,0.6,0.0625,0.8596491228070176,0.6491228070175439,0.5087719298245614,0.13953488372093023,-0.049999999999272404,0.030000000000654836,,,
recent24h:500ms:whole,Candidate-J,TAKE_IMMEDIATE,1790227939.976,1790227939.976,PRIMARY,1,BUY,1,HEALTHY_TREND,0.16500000000087311,0.9200000000000728,0.3500000000003638,0.18499999999949068,2.2000000000025466,1.2800000000024738,7,5,24,25,0.3084112149549869,0.26436781609159354,0,1,0.0,0.35500001907348633,1.0,0.5384615384615384,0.5384615384615384,0.3,0.92,0.62,0.54,0.19480519480519481,-0.17000000000007276,-0.2600000000002183,,,
recent24h:500ms:whole,Candidate-J,TAKE_IMMEDIATE,1790230026.458,1790230026.458,SECONDARY,2,SELL,-1,HEALTHY_TREND,0.6999999999998181,0.9600000000000364,1.1149999999979627,0.41499999999814463,2.499999999996362,1.5399999999972351,10,5,29,25,0.4575163398703262,0.23762376237656974,0,1,0.0,0.04699993133544922,0.375,0.875,0.25,-0.4,0.6964285714285714,0.5714285714285714,0.26785714285714285,0.09859154929577464,-0.18000000000029104,0.020000000000436557,,,
recent24h:500ms:whole,Candidate-J,SKIP_BAD_PHASE,1790240145.9169998,1790240145.9169998,PRIMARY,1,SELL,-1,DECAY,-0.20499999999992724,0.23999999999978172,0.0749999999989086,0.27999999999883585,1.0699999999987995,0.8299999999990177,5,8,31,27,0.5774647887358584,0.12631578947371444,2,-1,0.7019996643066406,0.0,0.9285714285714286,0.8571428571428571,0.7857142857142857,0.04,0.864406779661017,0.7796610169491526,0.6440677966101694,0.05154639175257732,-0.09000000000014552,0.0,,,
recent24h:500ms:whole,Candidate-J,SKIP_BAD_PHASE,1790243248.941,1790243248.941,PRIMARY,1,SELL,-1,REVERSAL,-0.125,-0.09000000000014552,0.17000000000098225,0.29500000000098225,0.8650000000006912,0.9549999999999272,10,6,29,21,0.2688172042999396,0.04945054945058789,0,1,0.0,0.14299988746643066,0.7647058823529411,0.7647058823529411,0.5294117647058824,0.0,0.8888888888888888,0.7777777777777778,0.6666666666666666,0.06666666666666667,-0.09000000000014552,-0.1000000000003638,,,
recent24h:500ms:whole,Candidate-J,TAKE_IMMEDIATE,1790244962.46,1790244962.46,PRIMARY,1,BUY,1,HEALTHY_TREND,0.23499999999967258,1.5600000000004002,0.5949999999993452,0.3599999999996726,2.395000000001346,0.8350000000018554,17,8,44,25,0.24607329842922962,0.4829721362224194,1,-1,0.05500006675720215,0.0,0.6538461538461539,1.0,0.6538461538461539,-0.20930232558139536,0.7323943661971831,0.9014084507042254,0.6338028169014085,-0.10344827586206896,-0.08999999999923602,0.020000000000436557,,,
recent24h:500ms:whole,Candidate-J,TAKE_IMMEDIATE,1790245996.197,1790245996.197,PRIMARY,1,BUY,1,HEALTHY_TREND,0.32000000000061846,0.31999999999970896,0.3350000000000364,0.014999999999417923,1.4249999999956344,1.104999999996835,7,1,33,17,0.9142857142889068,0.12648221343895116,0,1,0.0,0.2389998435974121,1.0,0.8,0.8,0.1111111111111111,0.9629629629629629,0.9074074074074074,0.8703703703703703,0.0297029702970297,-0.03999999999996362,-0.13999999999941792,,,
recent24h:500ms:whole,Candidate-J,TAKE_UNCHANGED,1790247697.938,1790247697.938,MICRO,3,BUY,1,,,,,,,,,,,,,,,,,,,,,,,,,,,,,,
recent24h:500ms:whole,Candidate-J,WAIT,1790248961.94,1790248961.94,PRIMARY,1,SELL,-1,HEALTHY_PULLBACK,-0.5100000000002183,0.9549999999999272,0.14000000000032742,0.6500000000005457,2.8450000000002547,1.8900000000003274,8,8,60,42,0.6455696202527273,0.20168954593448993,0,1,0.0,0.24499988555908203,0.9411764705882353,0.7647058823529411,0.7058823529411765,0.10344827586206896,0.9223300970873787,0.7087378640776699,0.6310679611650486,0.13095238095238096,-0.040000000000873115,-0.030000000000654836,1790248963.94,,
recent24h:500ms:whole,Candidate-J,SKIP_DECAY_DURING_WAIT,1790248961.94,1790248962.892,PRIMARY,1,SELL,-1,DECAY,-0.6400000000003274,0.2600000000002183,0.13499999999930878,0.7749999999996362,2.4249999999992724,2.164999999999054,6,12,56,46,0.7032967032978785,0.056644880174360146,2,-1,0.2969999313354492,0.0,0.8947368421052632,0.7894736842105263,0.6842105263157895,0.0625,0.9223300970873787,0.7087378640776699,0.6310679611650486,0.13095238095238096,0.05999999999949068,0.019999999999527063,1790248963.94,HEALTHY_PULLBACK,
recent24h:500ms:whole,Candidate-J,TAKE_UNCHANGED,1790249523.4659998,1790249523.4659998,MICRO,3,BUY,1,,,,,,,,,,,,,,,,,,,,,,,,,,,,,,
recent24h:500ms:whole,Candidate-J,TAKE_UNCHANGED,1790251280.4329998,1790251280.4329998,BURST,4,BUY,1,,,,,,,,,,,,,,,,,,,,,,,,,,,,,,
recent24h:500ms:whole,Candidate-J,SKIP_BAD_PHASE,1790253075.855,1790253075.855,PRIMARY,1,SELL,-1,DECAY,-0.11000000000058208,1.1849999999994907,0.24499999999989086,0.35500000000047294,3.1700000000028012,1.985000000002401,5,3,51,31,0.1833333333341923,0.2298739088260108,3,-1,0.5980000495910645,0.0,1.0,0.8888888888888888,0.8888888888888888,0.058823529411764705,0.9285714285714286,0.8333333333333334,0.7619047619047619,0.05405405405405406,-0.03999999999996362,-0.010000000000218279,,,
recent24h:500ms:whole,Candidate-J,TAKE_IMMEDIATE,1790253804.46,1790253804.46,PRIMARY,1,SELL,-1,HEALTHY_TREND,0.6849999999994907,1.0349999999998545,1.9899999999997817,1.305000000000291,3.3249999999989086,2.289999999999054,15,16,47,43,0.20789074355067544,0.1843276936776901,0,1,0.0,0.04200005531311035,0.8787878787878788,0.8787878787878788,0.7575757575757576,0.0,0.8586956521739131,0.8804347826086957,0.7391304347826086,-0.0125,-0.0500000000001819,-0.0500000000001819,,,
recent24h:500ms:whole,Candidate-J,TAKE_UNCHANGED,1790256394.957,1790256394.957,BURST,4,BUY,1,,,,,,,,,,,,,,,,,,,,,,,,,,,,,,
recent24h:500ms:whole,Candidate-J,TAKE_IMMEDIATE,1790256590.481,1790256590.481,SECONDARY,2,SELL,-1,HEALTHY_TREND,1.769999999999527,2.6049999999995634,2.039999999999054,0.26999999999952706,3.1349999999983993,0.5299999999988358,13,7,36,17,0.7662337662340322,0.7107776261941415,0,1,0.0,0.41899991035461426,0.8095238095238095,0.7619047619047619,0.5714285714285714,0.030303030303030304,0.8703703703703703,0.7777777777777778,0.6481481481481481,0.056179775280898875,-0.10000000000127329,-0.03000000000156433,,,
recent24h:500ms:whole,Candidate-J,SKIP_BAD_PHASE,1790257759.983,1790257759.983,PRIMARY,1,BUY,1,DECAY,-0.05499999999847205,3.5200000000004366,0.6850000000013097,0.7399999999997817,12.540000000001783,9.020000000000437,10,17,71,99,0.03859649122696837,0.16326530612244552,3,-1,0.312000036239624,0.0,0.8275862068965517,0.7931034482758621,0.6206896551724138,0.02127659574468085,0.943502824858757,0.8700564971751412,0.8135593220338984,0.040498442367601244,-0.25,-0.12000000000080036,,,
recent24h:500ms:whole,Candidate-J,TAKE_IMMEDIATE,1790258943.492,1790258943.492,PRIMARY,1,SELL,-1,HEALTHY_TREND,0.05999999999949068,1.519999999999527,0.08999999999923602,0.02999999999974534,2.7949999999991633,1.2749999999996362,1,1,46,25,0.5,0.37346437346436745,0,1,0.0,0.5540001392364502,1.0,1.0,1.0,0.0,0.7945205479452054,0.863013698630137,0.6575342465753424,-0.04132231404958678,-0.1000000000003638,-0.06000000000040018,,,
recent24h:500ms:whole,Candidate-J,TAKE_UNCHANGED,1790259382.96,1790259382.96,MICRO,3,BUY,1,,,,,,,,,,,,,,,,,,,,,,,,,,,,,,
recent24h:500ms:whole,Candidate-J,TAKE_IMMEDIATE,1790259744.944,1790259744.944,PRIMARY,1,BUY,1,HEALTHY_TREND,0.4399999999995998,1.9049999999997453,0.7249999999976353,0.2849999999980355,3.084999999999127,1.1800000000012005,15,10,57,36,0.43564356435790674,0.4466588511134318,1,-1,0.0559999942779541,0.0,0.5769230769230769,0.9615384615384616,0.5384615384615384,-0.25,0.6979166666666666,0.90625,0.6041666666666666,-0.12987012987012986,0.08000000000083674,-0.08999999999923602,,,
recent24h:500ms:whole,Candidate-J,TAKE_IMMEDIATE,1790262741.964,1790262741.964,PRIMARY,1,BUY,1,HEALTHY_TREND,0.22000000000025466,0.49499999999989086,0.35499999999956344,0.13499999999930878,1.430000000000291,0.9350000000004002,6,2,34,25,0.4489795918382878,0.20930232558128803,0,1,0.0,0.23600006103515625,1.0,0.4444444444444444,0.4444444444444444,0.38461538461538464,0.9166666666666666,0.5166666666666667,0.43333333333333335,0.27906976744186046,0.0,-0.06999999999970896,,,
recent24h:500ms:whole,Candidate-J,TAKE_IMMEDIATE,1790264524.4659998,1790264524.4659998,PRIMARY,1,BUY,1,HEALTHY_TREND,0.14500000000043656,0.39500000000043656,0.3649999999988722,0.21999999999843567,2.8100000000049477,2.415000000004511,11,10,67,60,0.24786324786513475,0.07559808612434861,1,-1,0.09299993515014648,0.0,0.8636363636363636,0.6363636363636364,0.5,0.15151515151515152,0.8692307692307693,0.7846153846153846,0.6538461538461539,0.05116279069767442,-0.030000000000654836,-0.030000000000654836,,,
recent24h:500ms:whole,Candidate-J,TAKE_UNCHANGED,1790265166.938,1790265166.938,MICRO,3,BUY,1,,,,,,,,,,,,,,,,,,,,,,,,,,,,,,
recent24h:500ms:whole,Candidate-J,TAKE_IMMEDIATE,1790267679.908,1790267679.908,PRIMARY,1,SELL,-1,HEALTHY_TREND,0.555000000000291,1.5300000000006548,0.8350000000018554,0.28000000000065484,3.840000000002874,2.3100000000013097,18,9,64,60,0.4977578475323667,0.2487804878047785,0,1,0.0,0.24899983406066895,0.896551724137931,0.6896551724137931,0.5862068965517241,0.13043478260869565,0.7857142857142857,0.8492063492063492,0.6349206349206349,-0.038834951456310676,-0.0500000000001819,0.0,,,
recent24h:500ms:whole,Candidate-J,TAKE_IMMEDIATE,1790268793.948,1790268793.948,PRIMARY,1,SELL,-1,HEALTHY_TREND,0.11499999999978172,1.4600000000000364,0.4149999999999636,0.3000000000001819,2.970000000002983,1.5100000000029468,12,8,63,38,0.16083916083882283,0.3258928571424339,1,-1,0.04499983787536621,0.0,0.8571428571428571,0.8095238095238095,0.6666666666666666,0.02857142857142857,0.8737864077669902,0.8155339805825242,0.6893203883495146,0.034482758620689655,-0.06999999999879947,-0.039999999999054126,,,
recent24h:500ms:whole,Candidate-J,WAIT,1790270166.463,1790270166.463,PRIMARY,1,SELL,-1,HEALTHY_PULLBACK,-0.10999999999967258,1.9350000000004002,1.0300000000006548,1.1400000000003274,4.6950000000006185,2.7600000000002183,16,19,70,68,0.050691244239457506,0.2595573440644109,1,-1,0.04900002479553223,0.0,0.8918918918918919,0.7297297297297297,0.6216216216216216,0.1,0.900709219858156,0.6879432624113475,0.5886524822695035,0.13392857142857142,-0.3400000000001455,-0.010000000000218279,1790270168.463,,
recent24h:500ms:whole,Candidate-J,TAKE_DELAYED,1790270166.463,1790270167.465,PRIMARY,1,SELL,-1,HEALTHY_TREND,0.5650000000005093,1.9899999999997817,1.1500000000014552,0.5850000000009459,4.704999999999927,2.7150000000001455,15,15,75,69,0.3256484149854337,0.26819407008083046,0,1,0.0,0.4029998779296875,1.0,0.75,0.75,0.14285714285714285,0.9115646258503401,0.6870748299319728,0.5986394557823129,0.14042553191489363,0.0500000000001819,-0.1000000000003638,1790270168.463,HEALTHY_PULLBACK,1.001999855041504
recent24h:500ms:whole,Candidate-J,TAKE_IMMEDIATE,1790270870.484,1790270870.484,SECONDARY,2,BUY,1,HEALTHY_TREND,1.2650000000003274,2.300000000000182,1.549999999998363,0.2849999999980355,4.514999999996689,2.2149999999965075,16,10,76,63,0.6893732970042563,0.3417533432395998,0,1,0.0,0.10800004005432129,0.8518518518518519,0.7777777777777778,0.6296296296296297,0.045454545454545456,0.8368794326241135,0.8652482269503546,0.7021276595744681,-0.016666666666666666,-0.06999999999879947,9.094947017729282e-13,,,
recent24h:500ms:whole,Candidate-J,TAKE_UNCHANGED,1790271044.474,1790271044.474,BURST,4,SELL,-1,,,,,,,,,,,,,,,,,,,,,,,,,,,,,,
recent24h:500ms:whole,Candidate-J,TAKE_UNCHANGED,1790271091.9740002,1790271091.9740002,MICRO,3,SELL,-1,,,,,,,,,,,,,,,,,,,,,,,,,,,,,,
recent24h:500ms:whole,Candidate-J,WAIT,1790271201.909,1790271201.909,PRIMARY,1,SELL,-1,HEALTHY_PULLBACK,-0.2649999999994179,1.2000000000007276,0.3400000000001455,0.6049999999995634,2.755000000003747,1.5550000000030195,6,13,47,47,0.28042328042275083,0.27842227378163426,0,1,0.0,0.1379997730255127,0.8636363636363636,0.9090909090909091,0.7727272727272727,-0.02564102564102564,0.7731958762886598,0.8247422680412371,0.5979381443298969,-0.03225806451612903,-0.18999999999959982,-0.08000000000083674,1790271203.909,,
recent24h:500ms:whole,Candidate-J,SKIP_DECAY_DURING_WAIT,1790271201.909,1790271202.415,PRIMARY,1,SELL,-1,DECAY,-0.06999999999970896,1.375,0.37000000000080036,0.4400000000005093,2.9300000000030195,1.5550000000030195,6,13,47,48,0.08641975308592072,0.3065774804901112,2,-1,0.10199999809265137,0.0,0.6666666666666666,0.9047619047619048,0.5714285714285714,-0.15151515151515152,0.7448979591836735,0.8367346938775511,0.5816326530612245,-0.05806451612903226,-0.03999999999996362,0.010000000000218279,1790271203.909,HEALTHY_PULLBACK,
recent24h:500ms:whole,Candidate-J,TAKE_IMMEDIATE,1790271720.309,1790271720.309,PRIMARY,1,SELL,-1,HEALTHY_TREND,0.36999999999989086,0.6449999999995271,0.4150000000008731,0.045000000000982254,1.5999999999976353,0.9549999999981083,10,3,39,34,0.804347826083475,0.25244618395326873,0,1,0.0,0.4500000476837158,0.7857142857142857,0.9285714285714286,0.7142857142857143,-0.08333333333333333,0.8051948051948052,0.7662337662337663,0.5714285714285714,0.024793388429752067,-0.039999999999054126,-0.0500000000001819,,,
recent24h:500ms:whole,Candidate-J,TAKE_IMMEDIATE,1790272615.978,1790272615.978,PRIMARY,1,SELL,-1,HEALTHY_TREND,0.36999999999989086,0.5349999999998545,0.5399999999981446,0.16999999999825377,1.9949999999962529,1.4599999999963984,9,6,41,37,0.52112676056587,0.15484804630998333,1,-1,0.04999995231628418,0.0,1.0,0.6875,0.6875,0.18518518518518517,0.8860759493670886,0.8227848101265823,0.7088607594936709,0.037037037037037035,-0.07999999999992724,-0.09000000000014552,,,
recent24h:500ms:whole,Candidate-J,TAKE_IMMEDIATE,1790275454.6790001,1790275454.6790001,PRIMARY,1,BUY,1,HEALTHY_TREND,0.125,0.9150000000008731,0.36999999999989086,0.24499999999989086,2.0599999999976717,1.1449999999967986,8,5,49,34,0.20325203252039734,0.28549141965755126,1,-1,0.04900002479553223,0.0,0.9333333333333333,0.9333333333333333,0.8666666666666667,0.0,0.8941176470588236,0.8352941176470589,0.7294117647058823,0.034013605442176874,0.010000000000218279,0.010000000000218279,,,
historical7d:1s:segment0,Quote-entry,TAKE_UNCHANGED,1789573154.725,1789573154.725,BURST,4,BUY,1,,,,,,,,,,,,,,,,,,,,,,,,,,,,,,
historical7d:1s:segment0,Quote-entry,TAKE_IMMEDIATE,1789573826.844,1789573826.844,PRIMARY,1,BUY,1,HEALTHY_TREND,0.2999999999992724,0.42999999999938154,0.2999999999992724,0.0,0.7899999999999636,0.3600000000005821,7,0,18,11,1.0,0.37391304347754567,0,1,0.0,inf,0.75,0.75,0.5,0.0,0.7333333333333333,0.8666666666666667,0.6,-0.08333333333333333,0.0,0.019999999999527063,,,
historical7d:1s:segment0,Quote-entry,TAKE_IMMEDIATE,1789574424.972,1789574424.972,PRIMARY,1,BUY,1,HEALTHY_TREND,0.4600000000000364,3.149999999999636,0.8599999999987631,0.3999999999987267,5.190000000000509,2.040000000000873,11,16,75,67,0.3650793650801213,0.43568464730277096,1,-1,0.04699993133544922,0.0,0.7142857142857143,0.6428571428571429,0.35714285714285715,0.05263157894736842,0.8013698630136986,0.7123287671232876,0.5136986301369864,0.058823529411764705,0.020000000000436557,-0.1999999999998181,,,
historical7d:1s:segment0,Quote-entry,TAKE_IMMEDIATE,1789575094.938,1789575094.938,PRIMARY,1,BUY,1,IGNITION,0.11999999999989086,-0.27999999999974534,0.4499999999989086,0.32999999999901775,1.450000000003456,1.7300000000032014,9,6,40,34,0.15384615384642292,0.08805031446514439,0,1,0.0,0.20099997520446777,1.0,0.7058823529411765,0.7058823529411765,0.1724137931034483,0.7922077922077922,0.8571428571428571,0.6493506493506493,-0.03937007874015748,-0.05999999999949068,-0.05999999999949068,,,
historical7d:1s:segment0,Quote-entry,TAKE_IMMEDIATE,1789576468.965,1789576468.965,SECONDARY,2,SELL,-1,HEALTHY_TREND,0.4899999999997817,1.944999999999709,0.785000000000764,0.29500000000098225,2.969999999999345,1.0249999999987267,18,8,58,31,0.453703703702768,0.48685857321657194,1,-1,0.05299997329711914,0.0,0.8518518518518519,0.8888888888888888,0.7407407407407407,-0.02127659574468085,0.8723404255319149,0.8297872340425532,0.7021276595744681,0.025,-0.020000000000436557,0.049999999999272404,,,
historical7d:1s:segment0,Quote-entry,TAKE_IMMEDIATE,1789577099.722,1789577099.722,PRIMARY,1,SELL,-1,HEALTHY_TREND,0.2899999999999636,1.2799999999997453,0.5199999999995271,0.22999999999956344,2.425000000000182,1.1450000000004366,14,5,54,38,0.38666666666708704,0.35854341736681333,1,-1,0.10400009155273438,0.0,0.5,0.95,0.45,-0.3103448275862069,0.8617021276595744,0.8191489361702128,0.6808510638297872,0.02531645569620253,0.0,-0.0999999999994543,,,
historical7d:1s:segment0,Quote-entry,WAIT,1789577625.984,1789577625.984,PRIMARY,1,SELL,-1,HEALTHY_PULLBACK,-0.13000000000010914,0.8000000000001819,0.1900000000023283,0.32000000000152795,2.0450000000037107,1.2450000000026193,8,7,63,43,0.2549019607821458,0.24316109422444424,1,-1,0.25099992752075195,0.0,0.8888888888888888,0.8888888888888888,0.7777777777777778,0.0,0.7232142857142857,0.875,0.5982142857142857,-0.09497206703910614,-0.039999999999054126,0.08000000000083674,1789577627.984,,
historical7d:1s:segment0,Quote-entry,SKIP_DECAY_DURING_WAIT,1789577625.984,1789577627.936,PRIMARY,1,SELL,-1,DECAY,-0.3849999999993088,0.19499999999970896,0.20999999999912689,0.5949999999984357,1.9300000000012005,1.735000000000582,8,17,57,52,0.4782608695658069,0.053206002728394465,5,-1,0.5020003318786621,0.0,0.5769230769230769,0.8846153846153846,0.46153846153846156,-0.21052631578947367,0.6956521739130435,0.8869565217391304,0.5826086956521739,-0.12087912087912088,-0.02999999999974534,0.030000000000654836,1789577627.984,HEALTHY_PULLBACK,
historical7d:1s:segment0,Quote-entry,TAKE_UNCHANGED,1789578618.875,1789578618.875,MICRO,3,BUY,1,,,,,,,,,,,,,,,,,,,,,,,,,,,,,,
historical7d:1s:segment0,Quote-entry,TAKE_IMMEDIATE,1789579129.869,1789579129.869,PRIMARY,1,SELL,-1,HEALTHY_TREND,0.2999999999992724,1.4200000000000728,0.5,0.2000000000007276,2.4450000000024374,1.0250000000023647,12,7,46,39,0.4285714285699437,0.4092219020167457,0,1,0.0,0.20000004768371582,0.6666666666666666,1.0,0.6666666666666666,-0.2,0.6436781609195402,0.9425287356321839,0.5862068965517241,-0.18840579710144928,-0.040000000000873115,-0.020000000000436557,,,
historical7d:1s:segment0,Quote-entry,TAKE_IMMEDIATE,1789580254.921,1789580254.921,PRIMARY,1,BUY,1,HEALTHY_TREND,1.0,1.6899999999995998,1.3600000000014916,0.36000000000149157,2.4799999999995634,0.7899999999999636,19,9,45,32,0.5813953488362009,0.5168195718653958,0,1,0.0,0.10100007057189941,1.0,0.7931034482758621,0.7931034482758621,0.11538461538461539,0.8227848101265823,0.7341772151898734,0.5569620253164557,0.056910569105691054,0.0,0.06000000000040018,,,
historical7d:1s:segment0,Quote-entry,WAIT,1789581649.928,1789581649.928,PRIMARY,1,BUY,1,HEALTHY_PULLBACK,-0.16499999999905413,0.2900000000008731,0.3849999999993088,0.5499999999974534,2.480000000002292,2.190000000001419,11,10,52,55,0.17647058823472192,0.062098501070777246,1,-1,0.14899992942810059,0.0,0.9130434782608695,0.8260869565217391,0.7391304347826086,0.05,0.8468468468468469,0.7927927927927928,0.6396396396396397,0.03296703296703297,-0.030000000000654836,-0.040000000000873115,1789581651.928,,
historical7d:1s:segment0,Quote-entry,SKIP_WAIT_EXPIRED,1789581649.928,1789581651.9329998,PRIMARY,1,BUY,1,HEALTHY_TREND,0.5099999999993088,0.944999999999709,0.7949999999991633,0.2849999999998545,2.855000000000473,1.910000000000764,14,13,58,52,0.4722222222220117,0.19832109129047282,5,-1,0.2999999523162842,0.0,0.8928571428571429,0.8928571428571429,0.7857142857142857,0.0,0.8421052631578947,0.8333333333333334,0.6754385964912281,0.005235602094240838,-0.019999999999527063,-0.009999999999308784,1789581651.928,HEALTHY_PULLBACK,
historical7d:1s:segment0,Quote-entry,TAKE_IMMEDIATE,1789582071.959,1789582071.959,SECONDARY,2,BUY,1,HEALTHY_TREND,2.0250000000005457,2.355000000000473,2.584999999999127,0.5599999999976717,4.420000000000073,2.0649999999986903,19,12,66,53,0.6438791732915807,0.3631457208944629,0,1,0.0,0.21200013160705566,0.8787878787878788,0.7575757575757576,0.6363636363636364,0.07407407407407407,0.8306451612903226,0.782258064516129,0.6129032258064516,0.03,-0.13000000000010914,-0.18999999999959982,,,
historical7d:1s:segment0,Quote-entry,TAKE_IMMEDIATE,1789583356.9459999,1789583356.9459999,PRIMARY,1,SELL,-1,HEALTHY_TREND,0.6900000000005093,0.9200000000000728,0.8000000000010914,0.11000000000058208,2.05500000000211,1.1350000000020373,13,6,43,41,0.7582417582409235,0.28840125391814314,2,-1,0.34999990463256836,0.0,0.9047619047619048,0.7142857142857143,0.6190476190476191,0.11764705882352941,0.9090909090909091,0.8522727272727273,0.7613636363636364,0.03225806451612903,-0.03999999999996362,-0.06000000000130967,,,
historical7d:1s:segment0,Quote-entry,TAKE_UNCHANGED,1789584430.963,1789584430.963,MICRO,3,BUY,1,,,,,,,,,,,,,,,,,,,,,,,,,,,,,,
historical7d:1s:segment0,Quote-entry,TAKE_UNCHANGED,1789584568.838,1789584568.838,MICRO,3,SELL,-1,,,,,,,,,,,,,,,,,,,,,,,,,,,,,,
historical7d:1s:segment0,Quote-entry,SKIP_BAD_PHASE,1789586926.748,1789586926.748,PRIMARY,1,SELL,-1,REVERSAL,-0.23000000000047294,-0.11499999999978172,0.25499999999919964,0.4849999999996726,1.3549999999995634,1.4699999999993452,8,14,35,40,0.3108108108119236,0.04070796460170837,2,-1,0.25099992752075195,0.0,0.8695652173913043,0.5217391304347826,0.391304347826087,0.25,0.75,0.6710526315789473,0.42105263157894735,0.05555555555555555,-0.1000000000003638,-0.10999999999967258,,,
historical7d:1s:segment0,Quote-entry,TAKE_IMMEDIATE,1789592041.932,1789592041.932,SECONDARY,2,BUY,1,HEALTHY_TREND,0.8599999999996726,1.5549999999993815,0.8949999999995271,0.03499999999985448,2.164999999999054,0.6099999999996726,17,2,45,19,0.9247311827959618,0.5603603603603946,0,1,0.0,0.6039998531341553,1.0,0.8,0.8,0.1111111111111111,0.9696969696969697,0.6818181818181818,0.6515151515151515,0.1743119266055046,-0.019999999999527063,0.010000000001127773,,,
historical7d:1s:segment0,Quote-entry,SKIP_BAD_PHASE,1789592390.992,1789592390.992,PRIMARY,1,BUY,1,REVERSAL,-0.5349999999998545,-0.3899999999994179,3.0250000000005457,3.5600000000004,9.484999999998763,9.874999999998181,18,18,72,63,0.08124525436594952,0.020144628099146668,0,1,0.0,0.10000014305114746,0.9459459459459459,0.8918918918918919,0.8378378378378378,0.029411764705882353,0.7681159420289855,0.8333333333333334,0.6014492753623188,-0.04072398190045249,-0.3500000000003638,-0.5600000000004002,,,
historical7d:1s:segment0,Quote-entry,TAKE_UNCHANGED,1789592535.972,1789592535.972,MICRO,3,SELL,-1,,,,,,,,,,,,,,,,,,,,,,,,,,,,,,
historical7d:1s:segment0,Quote-entry,TAKE_IMMEDIATE,1789592591.9859998,1789592591.9859998,SECONDARY,2,BUY,1,HEALTHY_TREND,1.4899999999997817,5.260000000000218,3.269999999999527,1.7799999999997453,16.739999999997053,11.479999999996835,16,16,84,78,0.2950495049504943,0.18639262934094109,0,1,0.0,0.14999985694885254,0.7575757575757576,0.9393939393939394,0.696969696969697,-0.10714285714285714,0.8303030303030303,0.9636363636363636,0.793939393939394,-0.07432432432432433,-0.3999999999996362,-0.42000000000007276,,,
historical7d:1s:segment0,Quote-entry,TAKE_UNCHANGED,1789593002.968,1789593002.968,MICRO,3,SELL,-1,,,,,,,,,,,,,,,,,,,,,,,,,,,,,,
historical7d:1s:segment0,Quote-entry,WAIT,1789593033.9889998,1789593033.9889998,PRIMARY,1,SELL,-1,HEALTHY_PULLBACK,-1.5,1.6299999999991996,1.8649999999979627,3.3649999999979627,8.824999999999818,7.1950000000006185,19,15,92,78,0.2868068833654242,0.10174781523090856,0,1,0.0,0.048999786376953125,0.8571428571428571,0.8285714285714286,0.6857142857142857,0.01694915254237288,0.9005847953216374,0.9122807017543859,0.8128654970760234,-0.0064516129032258064,-0.23999999999978172,-0.17999999999847205,1789593035.9889998,,
historical7d:1s:segment0,Quote-entry,SKIP_WAIT_EXPIRED,1789593033.9889998,1789593036.9859998,PRIMARY,1,SELL,-1,HEALTHY_TREND,1.0,1.5349999999998545,1.5800000000008367,0.5800000000008367,8.244999999998981,6.709999999999127,19,12,89,78,0.4629629629626043,0.10264125710465052,0,1,0.0,0.051999807357788086,0.84375,0.9375,0.78125,-0.05263157894736842,0.8809523809523809,0.9166666666666666,0.7976190476190477,-0.019867549668874173,-0.020000000000436557,-0.1499999999996362,1789593035.9889998,HEALTHY_PULLBACK,
historical7d:1s:segment0,Quote-entry,TAKE_UNCHANGED,1789594268.9689999,1789594268.9689999,MICRO,3,SELL,-1,,,,,,,,,,,,,,,,,,,,,,,,,,,,,,
historical7d:1s:segment0,Quote-entry,TAKE_UNCHANGED,1789594358.949,1789594358.949,MICRO,3,SELL,-1,,,,,,,,,,,,,,,,,,,,,,,,,,,,,,
historical7d:1s:segment0,Quote-entry,SKIP_BAD_PHASE,1789594424.963,1789594424.963,PRIMARY,1,SELL,-1,DECAY,-0.1500000000005457,3.2349999999996726,2.8899999999985084,3.039999999999054,22.734999999996944,19.49999999999727,19,17,98,91,0.025295109612244075,0.07659524091393669,2,-1,0.0989999771118164,0.0,0.8918918918918919,0.7837837837837838,0.6756756756756757,0.06451612903225806,0.8952879581151832,0.9267015706806283,0.8219895287958116,-0.017241379310344827,-0.4000000000005457,-0.590000000001055,,,
historical7d:1s:segment0,Quote-entry,TAKE_IMMEDIATE,1789594762.982,1789594762.982,SECONDARY,2,BUY,1,HEALTHY_TREND,0.6049999999995634,2.375,1.5849999999982174,0.979999999998654,9.099999999997635,6.724999999998545,19,12,94,73,0.2358674463938797,0.15007898894157579,0,1,0.0,0.2990000247955322,0.9393939393939394,0.9696969696969697,0.9090909090909091,-0.015873015873015872,0.9017341040462428,0.9421965317919075,0.8439306358381503,-0.0219435736677116,-0.1500000000005457,-0.6500000000014552,,,
historical7d:1s:segment0,Quote-entry,TAKE_UNCHANGED,1789594989.979,1789594989.979,MICRO,3,BUY,1,,,,,,,,,,,,,,,,,,,,,,,,,,,,,,
historical7d:1s:segment0,Quote-entry,TAKE_IMMEDIATE,1789595066.9980001,1789595066.9980001,SECONDARY,2,BUY,1,HEALTHY_TREND,1.1350000000002183,0.8599999999996726,1.6299999999991996,0.49499999999898137,5.644999999997708,4.7849999999980355,16,10,74,71,0.5341176470593835,0.08245445829338673,1,-1,0.20400023460388184,0.051000118255615234,0.9655172413793104,0.9310344827586207,0.896551724137931,0.01818181818181818,0.9407894736842105,0.9276315789473685,0.868421052631579,0.007042253521126761,0.010000000000218279,-0.07999999999901775,,,
historical7d:1s:segment0,Quote-entry,SKIP_BAD_PHASE,1789595330.9689999,1789595330.9689999,PRIMARY,1,SELL,-1,REVERSAL,-1.0650000000005093,-1.0950000000002547,1.1300000000001091,2.195000000001528,6.695000000001528,7.790000000002692,15,19,82,88,0.3203007518796071,0.07559544356229664,2,-1,0.10399985313415527,0.0,0.9166666666666666,0.9722222222222222,0.8888888888888888,-0.029411764705882353,0.8959537572254336,0.8959537572254336,0.791907514450867,0.0,-0.1500000000005457,-0.07000000000061846,,,
historical7d:1s:segment0,Quote-entry,TAKE_UNCHANGED,1789595609.952,1789595609.952,MICRO,3,SELL,-1,,,,,,,,,,,,,,,,,,,,,,,,,,,,,,
historical7d:1s:segment0,Quote-entry,TAKE_IMMEDIATE,1789595768.968,1789595768.968,SECONDARY,2,SELL,-1,HEALTHY_TREND,1.6550000000006548,6.260000000000218,2.8450000000020736,1.1900000000014188,11.385000000005675,5.125000000005457,19,16,105,80,0.4101610904582955,0.37916414294342804,0,1,0.0,0.09999990463256836,0.8918918918918919,0.972972972972973,0.8648648648648649,-0.043478260869565216,0.8563829787234043,0.8457446808510638,0.7021276595744681,0.00625,-0.16999999999916326,-0.0999999999994543,,,
historical7d:1s:segment0,Quote-entry,TAKE_IMMEDIATE,1789595933.964,1789595933.964,SECONDARY,2,BUY,1,HEALTHY_TREND,2.1299999999991996,3.2449999999989814,3.5249999999987267,1.394999999999527,10.299999999995634,7.054999999996653,14,16,92,73,0.4329268292682837,0.18697781619132373,1,-1,0.04900002479553223,0.0,0.8064516129032258,0.8064516129032258,0.6129032258064516,0.0,0.7710843373493976,0.891566265060241,0.6626506024096386,-0.07246376811594203,-0.14000000000032742,-0.06999999999970896,,,
historical7d:1s:segment0,Quote-entry,TAKE_UNCHANGED,1789596352.959,1789596352.959,MICRO,3,SELL,-1,,,,,,,,,,,,,,,,,,,,,,,,,,,,,,
historical7d:1s:segment0,Quote-entry,TAKE_IMMEDIATE,1789596538.9550002,1789596538.9550002,PRIMARY,1,SELL,-1,HEALTHY_TREND,2.8000000000010914,1.9750000000003638,3.720000000001164,0.9200000000000728,9.304999999995744,7.32999999999538,22,11,81,85,0.6034482758621433,0.11872557859942397,0,1,0.0,0.05000019073486328,0.7352941176470589,0.9117647058823529,0.6470588235294118,-0.10714285714285714,0.7544910179640718,0.8982035928143712,0.6526946107784432,-0.08695652173913043,-0.21999999999934516,-0.3099999999994907,,,
historical7d:1s:segment0,Quote-entry,TAKE_UNCHANGED,1789596893.973,1789596893.973,MICRO,3,BUY,1,,,,,,,,,,,,,,,,,,,,,,,,,,,,,,
historical7d:1s:segment0,Quote-entry,TAKE_IMMEDIATE,1789596912.948,1789596912.948,SECONDARY,2,BUY,1,HEALTHY_TREND,1.4899999999997817,0.8950000000004366,2.4249999999992724,0.9349999999994907,6.984999999996035,6.089999999995598,23,11,94,70,0.44345238095247924,0.06845124282990511,0,1,0.0,0.3470001220703125,0.9714285714285714,0.9714285714285714,0.9428571428571428,0.0,0.9112426035502958,0.9467455621301775,0.8579881656804734,-0.01910828025477707,-0.23999999999978172,-0.06999999999970896,,,
historical7d:1s:segment0,Quote-entry,TAKE_IMMEDIATE,1789597139.999,1789597139.999,PRIMARY,1,SELL,-1,HEALTHY_TREND,0.42999999999938154,2.719999999999345,1.2399999999997817,0.8100000000004002,6.44499999999789,3.724999999998545,19,15,90,53,0.2097560975606553,0.2674532940019959,0,1,0.0,0.14499998092651367,0.8333333333333334,0.8611111111111112,0.6944444444444444,-0.01639344262295082,0.6413793103448275,0.9379310344827586,0.5793103448275863,-0.18777292576419213,-0.3599999999996726,0.0,,,
historical7d:1s:segment0,Quote-entry,TAKE_UNCHANGED,1789597586.985,1789597586.985,MICRO,3,SELL,-1,,,,,,,,,,,,,,,,,,,,,,,,,,,,,,
historical7d:1s:segment0,Quote-entry,TAKE_IMMEDIATE,1789597780.968,1789597780.968,SECONDARY,2,BUY,1,HEALTHY_TREND,0.9750000000003638,1.3250000000007276,1.6000000000012733,0.6250000000009095,6.595000000002074,5.270000000001346,11,12,68,82,0.43820224719074485,0.1116729877792116,0,1,0.0,0.09799981117248535,0.6,0.92,0.52,-0.21052631578947367,0.6907894736842105,0.875,0.5657894736842105,-0.11764705882352941,0.02999999999974534,-0.22999999999956344,,,
historical7d:1s:segment0,Quote-entry,TAKE_IMMEDIATE,1789598086.937,1789598086.937,SECONDARY,2,BUY,1,HEALTHY_TREND,1.3650000000006912,1.3650000000006912,1.8950000000004366,0.5300000000006548,3.8300000000044747,2.4650000000056025,14,20,64,77,0.5628865979379649,0.2168387609210662,2,-1,0.14599990844726562,0.0,0.8918918918918919,0.7027027027027027,0.5945945945945946,0.11864406779661017,0.8783783783783784,0.6756756756756757,0.5540540540540541,0.13043478260869565,0.0500000000001819,0.1500000000005457,,,
historical7d:1s:segment0,Quote-entry,TAKE_IMMEDIATE,1789598203.9580002,1789598203.9580002,PRIMARY,1,SELL,-1,HEALTHY_TREND,0.9050000000006548,2.845000000001164,1.3100000000013097,0.40500000000065484,6.315000000001419,3.469999999999345,25,4,113,51,0.5276967930026928,0.2907511497190268,0,1,0.0,0.05300021171569824,0.6451612903225806,0.8709677419354839,0.5161290322580645,-0.14893617021276595,0.7176470588235294,0.8647058823529412,0.5823529411764706,-0.09293680297397769,-0.010000000001127773,-0.11000000000058208,,,
historical7d:1s:segment0,Quote-entry,TAKE_IMMEDIATE,1789598297.943,1789598297.943,SECONDARY,2,BUY,1,HEALTHY_TREND,1.1199999999998909,1.425000000000182,1.4700000000020736,0.3500000000021828,5.015000000003965,3.5900000000037835,15,13,71,76,0.6153846153831162,0.16560139453793127,1,-1,0.20099997520446777,0.0,0.896551724137931,0.8275862068965517,0.7241379310344828,0.04,0.8741721854304636,0.7880794701986755,0.6622516556291391,0.05179282868525897,0.019999999999527063,0.02999999999974534,,,
historical7d:1s:segment0,Quote-entry,TAKE_IMMEDIATE,1789598469.9750001,1789598469.9750001,SECONDARY,2,BUY,1,HEALTHY_TREND,0.5649999999995998,1.0649999999995998,0.9999999999990905,0.4349999999994907,3.8849999999947613,2.8199999999951615,19,12,64,65,0.3937282229966261,0.15883668903821035,1,-1,0.04900002479553223,0.0,0.875,0.6875,0.5625,0.12,0.8863636363636364,0.8333333333333334,0.7196969696969697,0.030837004405286344,-0.07000000000061846,-0.02999999999974534,,,
historical7d:1s:segment0,Quote-entry,TAKE_IMMEDIATE,1789599063.922,1789599063.922,PRIMARY,1,BUY,1,HEALTHY_TREND,0.15999999999985448,0.5499999999992724,0.9699999999984357,0.8099999999985812,3.524999999997817,2.974999999998545,13,10,69,54,0.08988764044950709,0.08461538461532003,0,1,0.0,0.15400004386901855,0.8076923076923077,0.9230769230769231,0.7307692307692307,-0.06666666666666667,0.7244094488188977,0.7795275590551181,0.5039370078740157,-0.03664921465968586,-0.07999999999992724,-0.14000000000032742,,,
historical7d:1s:segment0,Quote-entry,WAIT,1789599553.984,1789599553.984,PRIMARY,1,BUY,1,HEALTHY_PULLBACK,-0.19500000000061846,0.25500000000010914,0.3650000000006912,0.5600000000013097,3.100000000000364,2.8450000000002547,18,13,90,60,0.2108108108110234,0.04289318755257908,0,1,0.0,0.20000004768371582,0.46875,1.0,0.46875,-0.3617021276595745,0.5947712418300654,0.9150326797385621,0.5098039215686274,-0.21212121212121213,-0.17000000000098225,-0.10999999999967258,1789599555.984,,
historical7d:1s:segment0,Quote-entry,SKIP_WAIT_EXPIRED,1789599553.984,1789599555.9889998,PRIMARY,1,BUY,1,HEALTHY_TREND,0.025000000000545697,0.4149999999999636,0.46000000000276486,0.43500000000221917,2.925000000002001,2.5100000000020373,16,9,88,58,0.027932960894308915,0.07635694572210769,0,1,0.0,0.05099987983703613,0.5925925925925926,0.9629629629629629,0.5555555555555556,-0.23809523809523808,0.5906040268456376,0.9194630872483222,0.5100671140939598,-0.21777777777777776,0.07000000000061846,0.13000000000101863,1789599555.984,HEALTHY_PULLBACK,
historical7d:1s:segment0,Quote-entry,TAKE_UNCHANGED,1789614642.982,1789614642.982,MICRO,3,BUY,1,,,,,,,,,,,,,,,,,,,,,,,,,,,,,,
historical7d:1s:segment0,Quote-entry,TAKE_IMMEDIATE,1789615421.591,1789615421.591,PRIMARY,1,BUY,1,HEALTHY_TREND,0.8250000000007276,0.2649999999994179,0.9650000000001455,0.13999999999941792,1.800000000000182,1.535000000000764,10,7,23,33,0.7466063348425824,0.0794602698648704,0,1,0.0,0.04700016975402832,0.8888888888888888,0.6666666666666666,0.5555555555555556,0.14285714285714285,0.7017543859649122,0.7719298245614035,0.47368421052631576,-0.047619047619047616,-0.16999999999916326,-0.08999999999923602,,,
historical7d:1s:segment0,Quote-entry,TAKE_IMMEDIATE,1789617600.971,1789617600.971,SECONDARY,2,BUY,1,HEALTHY_TREND,3.1200000000008004,3.1049999999995634,4.7849999999998545,1.6649999999990541,8.010000000000218,4.905000000000655,22,10,54,52,0.4837209302327641,0.2404181184668489,0,1,0.0,0.054000139236450195,0.9393939393939394,0.8181818181818182,0.7575757575757576,0.06896551724137931,0.8878504672897196,0.7289719626168224,0.616822429906542,0.09826589595375723,-0.3000000000001819,-0.21000000000003638,,,
historical7d:1s:segment0,Quote-entry,TAKE_IMMEDIATE,1789617977.909,1789617977.909,SECONDARY,2,BUY,1,HEALTHY_TREND,1.3249999999989086,3.019999999999527,1.8849999999993088,0.5600000000004002,5.660000000004402,2.640000000004875,12,8,56,48,0.5419222903881662,0.3638554216862833,0,1,0.0,0.05299997329711914,1.0,0.6666666666666666,0.6666666666666666,0.2,0.9056603773584906,0.7830188679245284,0.6886792452830188,0.07262569832402235,-0.19000000000050932,-0.11999999999989086,,,
historical7d:1s:segment0,Quote-entry,TAKE_IMMEDIATE,1789618633.982,1789618633.982,PRIMARY,1,BUY,1,HEALTHY_TREND,0.09000000000014552,0.9849999999996726,0.3099999999994907,0.21999999999934516,3.184999999998581,2.1999999999989086,8,3,46,29,0.16981132075536454,0.18291550603530765,0,1,0.0,1.4030001163482666,0.8333333333333334,0.6666666666666666,0.5,0.1111111111111111,0.8421052631578947,0.6710526315789473,0.5131578947368421,0.11304347826086956,-0.1000000000003638,-0.23000000000047294,,,
historical7d:1s:segment0,Quote-entry,WAIT,1789621329.987,1789621329.987,PRIMARY,1,SELL,-1,HEALTHY_PULLBACK,-0.26999999999952706,1.355000000000473,0.5400000000008731,0.8100000000004002,3.3650000000016007,2.0100000000011278,7,7,44,30,0.19999999999946105,0.252093023255774,1,-1,0.0559999942779541,0.0,0.6,0.7333333333333333,0.3333333333333333,-0.1,0.72,0.7333333333333333,0.4533333333333333,-0.009174311926605505,-0.3599999999996726,-0.32999999999901775,1789621331.987,,
historical7d:1s:segment0,Quote-entry,SKIP_DECAY_DURING_WAIT,1789621329.987,1789621331.888,PRIMARY,1,SELL,-1,REVERSAL,-1.7100000000000364,-0.2899999999999636,0.33999999999832653,2.049999999998363,3.1949999999987995,3.484999999998763,5,12,40,39,0.7154811715491235,0.04341317365270501,0,1,0.0,0.10200023651123047,0.8333333333333334,0.9444444444444444,0.7777777777777778,-0.0625,0.7625,0.775,0.5375,-0.008130081300813009,-0.2000000000007276,-0.07999999999992724,1789621331.987,HEALTHY_PULLBACK,
historical7d:1s:segment0,Quote-entry,WAIT,1789621909.9020002,1789621909.9020002,PRIMARY,1,SELL,-1,HEALTHY_PULLBACK,-0.010000000000218279,0.18999999999869033,0.3249999999998181,0.3350000000000364,2.929999999996653,2.7399999999979627,6,10,32,39,0.015151515151849218,0.03350970017616768,1,-1,0.09800028800964355,0.0,0.9411764705882353,0.5882352941176471,0.5294117647058824,0.23076923076923078,0.9452054794520548,0.5205479452054794,0.4657534246575342,0.2897196261682243,-0.23999999999978172,-0.05999999999949068,1789621911.9020002,,
historical7d:1s:segment0,Quote-entry,SKIP_WAIT_EXPIRED,1789621909.9020002,1789621912.854,PRIMARY,1,SELL,-1,HEALTHY_TREND,0.5950000000002547,1.3350000000009459,0.9650000000001455,0.36999999999989086,3.609999999996944,2.2749999999959982,13,6,40,34,0.4456928838953097,0.22684791843713625,0,1,0.0,0.09400010108947754,1.0,0.5,0.5,0.3333333333333333,0.9736842105263158,0.5,0.47368421052631576,0.32142857142857145,0.06999999999879947,0.12999999999919964,1789621911.9020002,HEALTHY_PULLBACK,
historical7d:1s:segment0,Quote-entry,TAKE_IMMEDIATE,1789623093.972,1789623093.972,PRIMARY,1,SELL,-1,HEALTHY_TREND,0.0750000000007276,0.5850000000009459,0.4650000000001455,0.3899999999994179,1.4550000000008367,0.8699999999998909,8,6,32,23,0.08771929824650981,0.25161290322613455,1,-1,0.26199984550476074,0.0,0.6666666666666666,0.9333333333333333,0.6,-0.16666666666666666,0.5357142857142857,0.8392857142857143,0.375,-0.22077922077922077,-0.26999999999952706,-0.25,,,
historical7d:1s:segment0,Quote-entry,TAKE_IMMEDIATE,1789635295.977,1789635295.977,PRIMARY,1,BUY,1,IGNITION,0.03999999999996362,-0.25,0.3000000000001819,0.2600000000002183,0.9900000000034197,1.2400000000034197,7,10,24,34,0.07142857142845542,0.11210762331804182,0,1,0.0,0.3510000705718994,0.65,0.75,0.4,-0.07142857142857142,0.7258064516129032,0.7903225806451613,0.5161290322580645,-0.0425531914893617,0.0,0.0,,,
historical7d:1s:segment0,Quote-entry,TAKE_UNCHANGED,1789636602.907,1789636602.907,MICRO,3,SELL,-1,,,,,,,,,,,,,,,,,,,,,,,,,,,,,,
historical7d:1s:segment0,Quote-entry,TAKE_IMMEDIATE,1789640119.977,1789640119.977,SECONDARY,2,BUY,1,HEALTHY_TREND,0.7349999999996726,0.8549999999995634,0.8049999999993815,0.06999999999970896,1.6199999999998909,0.7650000000003274,7,3,21,20,0.8400000000004989,0.35849056603752,0,1,0.0,0.10000014305114746,0.8181818181818182,0.8181818181818182,0.6363636363636364,0.0,0.5714285714285714,0.9047619047619048,0.47619047619047616,-0.22580645161290322,0.010000000000218279,0.09000000000014552,,,
historical7d:1s:segment0,Quote-entry,SKIP_BAD_PHASE,1789640906.6929998,1789640906.6929998,PRIMARY,1,BUY,1,REVERSAL,-0.1999999999998181,-0.1499999999996362,0.10499999999865395,0.30499999999847205,1.0599999999967622,1.209999999995489,3,6,22,33,0.4878048780517562,0.06607929515422385,1,-1,0.30899977684020996,0.0,0.9,0.8,0.7,0.058823529411764705,0.8275862068965517,0.7758620689655172,0.603448275862069,0.03225806451612903,0.1000000000003638,-0.21999999999934516,,,
historical7d:1s:segment0,Quote-entry,TAKE_UNCHANGED,1789641992.757,1789641992.757,BURST,4,BUY,1,,,,,,,,,,,,,,,,,,,,,,,,,,,,,,
historical7d:1s:segment0,Quote-entry,TAKE_IMMEDIATE,1789643496.9,1789643496.9,PRIMARY,1,SELL,-1,HEALTHY_TREND,0.2250000000003638,0.3500000000003638,0.34500000000025466,0.11999999999989086,0.6100000000014916,0.2600000000011278,7,7,16,13,0.48387096774256644,0.40229885057391956,1,-1,0.29900026321411133,0.0,1.0,0.2,0.2,0.6666666666666666,1.0,0.2,0.2,0.6666666666666666,-0.10999999999967258,-0.0999999999994543,,,
historical7d:1s:segment0,Quote-entry,TAKE_IMMEDIATE,1789644739.96,1789644739.96,PRIMARY,1,SELL,-1,HEALTHY_TREND,0.030000000000654836,1.2400000000006912,0.13500000000112777,0.10500000000047294,3.1350000000011278,1.8950000000004366,3,3,40,38,0.1250000000018948,0.2465208747515518,0,1,0.0,0.6000001430511475,1.0,0.5714285714285714,0.5714285714285714,0.2727272727272727,0.875,0.875,0.75,0.0,-0.0999999999994543,-0.1999999999998181,,,
historical7d:1s:segment0,Quote-entry,TAKE_IMMEDIATE,1789648231.537,1789648231.537,PRIMARY,1,SELL,-1,HEALTHY_TREND,1.1249999999990905,1.2399999999997817,1.5449999999982538,0.41999999999916326,2.7049999999953798,1.464999999995598,20,9,54,37,0.5725190839697554,0.2973621103123416,0,1,0.0,0.09999990463256836,0.6774193548387096,0.967741935483871,0.6451612903225806,-0.17647058823529413,0.6808510638297872,0.9042553191489362,0.5851063829787234,-0.14093959731543623,-0.0500000000001819,0.0,,,
historical7d:1s:segment0,Quote-entry,TAKE_UNCHANGED,1789654187.951,1789654187.951,BURST,4,BUY,1,,,,,,,,,,,,,,,,,,,,,,,,,,,,,,
historical7d:1s:segment0,Quote-entry,TAKE_UNCHANGED,1789654359.968,1789654359.968,MICRO,3,SELL,-1,,,,,,,,,,,,,,,,,,,,,,,,,,,,,,
historical7d:1s:segment0,Quote-entry,TAKE_IMMEDIATE,1789656063.875,1789656063.875,PRIMARY,1,SELL,-1,HEALTHY_TREND,0.23000000000047294,0.0999999999994543,0.2600000000002183,0.02999999999974534,0.805000000000291,0.7050000000008367,8,1,25,24,0.7931034482775924,0.06622516556250306,0,1,0.0,1.4490001201629639,0.9,0.9,0.8,0.0,0.84,0.88,0.72,-0.023255813953488372,-0.019999999999527063,-0.06000000000040018,,,
historical7d:1s:segment0,Quote-entry,TAKE_IMMEDIATE,1789656500.8060002,1789656500.8060002,SECONDARY,2,BUY,1,HEALTHY_TREND,0.7100000000009459,1.235000000000582,0.9499999999989086,0.23999999999796273,2.320000000001528,1.0850000000009459,14,7,40,25,0.5966386554645484,0.362701908957323,2,-1,0.10500025749206543,0.0,0.9090909090909091,0.7727272727272727,0.6818181818181818,0.08108108108108109,0.8939393939393939,0.6515151515151515,0.5454545454545454,0.1568627450980392,-0.1000000000003638,-0.13000000000010914,,,
historical7d:1s:segment0,Quote-entry,TAKE_IMMEDIATE,1789656876.67,1789656876.67,PRIMARY,1,BUY,1,HEALTHY_TREND,0.14000000000032742,0.9500000000007276,0.23500000000058208,0.09500000000025466,1.6250000000009095,0.6750000000001819,7,4,33,23,0.4242424242423407,0.4130434782609899,3,-1,0.6500000953674316,0.0,0.8333333333333334,0.75,0.5833333333333334,0.05263157894736842,0.8070175438596491,0.8245614035087719,0.631578947368421,-0.010752688172043012,0.020000000000436557,-0.019999999999527063,,,
historical7d:1s:segment0,Quote-entry,TAKE_IMMEDIATE,1789658234.879,1789658234.879,PRIMARY,1,BUY,1,IGNITION,0.11000000000058208,-0.7099999999991269,0.3849999999993088,0.2749999999987267,2.3749999999972715,3.0849999999963984,13,6,57,50,0.1666666666680447,0.1300366300366209,0,1,0.0,0.04999995231628418,0.9,0.6,0.5,0.2,0.7981651376146789,0.7981651376146789,0.5963302752293578,0.0,-0.07999999999992724,0.07999999999992724,,,
historical7d:1s:segment0,Quote-entry,TAKE_UNCHANGED,1789659164.844,1789659164.844,MICRO,3,SELL,-1,,,,,,,,,,,,,,,,,,,,,,,,,,,,,,
historical7d:1s:segment0,Quote-entry,TAKE_IMMEDIATE,1789659699.912,1789659699.912,PRIMARY,1,BUY,1,HEALTHY_TREND,0.3600000000005821,1.605000000000473,0.5399999999990541,0.17999999999847205,2.9849999999996726,1.3799999999991996,8,4,57,18,0.5000000000025264,0.3676975945019216,1,-1,0.048999786376953125,0.0,0.9230769230769231,0.46153846153846156,0.38461538461538464,0.3333333333333333,0.881578947368421,0.5131578947368421,0.39473684210526316,0.2641509433962264,0.07999999999901775,-0.02999999999974534,,,
historical7d:1s:segment0,Quote-entry,TAKE_UNCHANGED,1789660200.981,1789660200.981,MICRO,3,BUY,1,,,,,,,,,,,,,,,,,,,,,,,,,,,,,,
historical7d:1s:segment0,Quote-entry,TAKE_IMMEDIATE,1789660804.987,1789660804.987,SECONDARY,2,SELL,-1,HEALTHY_TREND,2.914999999999054,6.569999999999709,4.634999999998399,1.7199999999993452,11.774999999998727,5.204999999999018,22,14,83,71,0.45869394177814143,0.3869257950530378,2,-1,0.15000009536743164,0.0,0.9459459459459459,0.7837837837837838,0.7297297297297297,0.09375,0.8974358974358975,0.7884615384615384,0.6858974358974359,0.06463878326996197,-0.06999999999970896,-0.11999999999898137,,,
historical7d:1s:segment0,Quote-entry,TAKE_IMMEDIATE,1789661412.966,1789661412.966,SECONDARY,2,SELL,-1,HEALTHY_TREND,0.6899999999995998,1.0700000000006185,0.8950000000004366,0.20500000000083674,2.840000000002874,1.770000000003165,14,9,50,47,0.6272727272716374,0.23210412147483855,0,1,0.0,0.20799994468688965,0.75,0.7916666666666666,0.5416666666666666,-0.02702702702702703,0.8383838383838383,0.7272727272727273,0.5656565656565656,0.07096774193548387,0.019999999999527063,-0.019999999999527063,,,
historical7d:1s:segment0,Quote-entry,WAIT,1789661749.9420002,1789661749.9420002,PRIMARY,1,BUY,1,HEALTHY_PULLBACK,-0.9349999999994907,0.44500000000061846,0.3099999999994907,1.2449999999989814,3.865000000004329,3.4200000000037107,11,17,66,74,0.6012861736337038,0.06108442004119799,0,1,0.0,0.10000038146972656,0.4827586206896552,0.896551724137931,0.3793103448275862,-0.3,0.6223776223776224,0.9090909090909091,0.5314685314685315,-0.1872146118721461,-0.1500000000005457,-0.13000000000010914,1789661751.9420002,,
historical7d:1s:segment0,Quote-entry,SKIP_DECAY_DURING_WAIT,1789661749.9420002,1789661751.9980001,PRIMARY,1,BUY,1,REVERSAL,-0.09499999999934516,-0.11999999999898137,0.3750000000009095,0.47000000000025466,3.155000000004293,3.275000000003274,8,12,57,73,0.11242603550202873,0.018662519439944035,1,-1,0.09800004959106445,0.0,0.7142857142857143,0.8571428571428571,0.5714285714285714,-0.09090909090909091,0.6240601503759399,0.9022556390977443,0.5263157894736842,-0.18226600985221675,-0.02999999999974534,-0.020000000000436557,1789661751.9420002,HEALTHY_PULLBACK,
historical7d:1s:segment0,Quote-entry,TAKE_IMMEDIATE,1789662996.978,1789662996.978,SECONDARY,2,SELL,-1,HEALTHY_TREND,2.7100000000000364,3.6500000000005457,3.5999999999994543,0.8899999999994179,5.86500000000251,2.215000000001055,16,11,57,48,0.6035634743876875,0.4517326732671441,2,-1,0.09799981117248535,0.0,0.9285714285714286,0.7857142857142857,0.7142857142857143,0.08333333333333333,0.875,0.8482142857142857,0.7232142857142857,0.015544041450777202,0.1000000000003638,0.08000000000083674,,,
historical7d:1s:segment0,Quote-entry,TAKE_IMMEDIATE,1789663504.984,1789663504.984,PRIMARY,1,SELL,-1,HEALTHY_TREND,1.7199999999993452,2.2849999999998545,2.25,0.5300000000006548,5.774999999996908,3.4899999999979627,22,10,82,64,0.6187050359708417,0.24662709120355047,0,1,0.0,0.29600000381469727,0.9714285714285714,0.7714285714285715,0.7428571428571429,0.11475409836065574,0.7933333333333333,0.78,0.5733333333333334,0.00847457627118644,-0.0999999999994543,-0.1499999999996362,,,
historical7d:1s:segment0,Quote-entry,TAKE_IMMEDIATE,1789664822.9950001,1789664822.9950001,PRIMARY,1,BUY,1,HEALTHY_TREND,0.1750000000001819,1.9749999999994543,0.6400000000012369,0.465000000001055,4.11500000000342,2.1400000000039654,14,16,66,65,0.15837104072381802,0.31574740207787727,1,-1,0.05200004577636719,0.0,0.7419354838709677,0.8064516129032258,0.5483870967741935,-0.041666666666666664,0.6541353383458647,0.8270676691729323,0.48120300751879697,-0.116751269035533,-0.11000000000058208,-0.0500000000001819,,,
historical7d:1s:segment0,Quote-entry,TAKE_UNCHANGED,1789665128.972,1789665128.972,MICRO,3,SELL,-1,,,,,,,,,,,,,,,,,,,,,,,,,,,,,,
historical7d:1s:segment0,Quote-entry,TAKE_IMMEDIATE,1789666476.851,1789666476.851,SECONDARY,2,BUY,1,HEALTHY_TREND,0.569999999999709,0.8999999999996362,0.7399999999997817,0.17000000000007276,2.4149999999981446,1.5149999999985084,12,4,48,25,0.6263736263734068,0.22900763358788873,1,-1,0.15199995040893555,0.0,0.8235294117647058,0.8235294117647058,0.6470588235294118,0.0,0.84,0.84,0.68,0.0,-0.07999999999992724,-0.1000000000003638,,,
historical7d:1s:segment0,Quote-entry,WAIT,1789666760.825,1789666760.825,PRIMARY,1,SELL,-1,HEALTHY_PULLBACK,-0.07999999999992724,0.7600000000002183,0.31999999999970896,0.3999999999996362,2.455000000003565,1.695000000003347,10,12,44,40,0.1111111111111111,0.1831325301202295,1,-1,0.04700016975402832,0.0,0.7391304347826086,0.7391304347826086,0.4782608695652174,0.0,0.7126436781609196,0.8505747126436781,0.5632183908045977,-0.08823529411764706,0.07999999999992724,0.019999999999527063,1789666762.825,,
historical7d:1s:segment0,Quote-entry,TAKE_DELAYED,1789666760.825,1789666761.733,PRIMARY,1,SELL,-1,HEALTHY_TREND,0.06500000000050932,0.7150000000001455,0.15500000000156433,0.09000000000105501,2.4200000000037107,1.7050000000035652,8,5,45,40,0.265306122448222,0.17333333333306286,0,1,0.0,0.14499998092651367,0.42857142857142855,0.9285714285714286,0.35714285714285715,-0.3684210526315789,0.6931818181818182,0.8522727272727273,0.5454545454545454,-0.10294117647058823,0.02999999999974534,-0.10999999999967258,1789666762.825,HEALTHY_PULLBACK,0.9079999923706055
historical7d:1s:segment0,Quote-entry,TAKE_IMMEDIATE,1789668684.972,1789668684.972,PRIMARY,1,SELL,-1,HEALTHY_TREND,0.3000000000001819,0.13999999999941792,0.4249999999992724,0.1249999999990905,1.7199999999975262,1.5799999999990177,10,4,39,43,0.5454545454564997,0.04242424242409878,0,1,0.0,0.051999807357788086,0.6,0.8666666666666667,0.4666666666666667,-0.18181818181818182,0.8095238095238095,0.6547619047619048,0.4642857142857143,0.10569105691056911,0.020000000000436557,-0.0999999999994543,,,
historical7d:1s:segment0,Quote-entry,WAIT,1789670449.961,1789670449.961,PRIMARY,1,BUY,1,HEALTHY_PULLBACK,-0.010000000000218279,0.22999999999956344,0.44499999999970896,0.45499999999901775,1.2399999999979627,1.0099999999974898,6,7,32,27,0.011111111111358134,0.10222222222219347,0,1,0.0,0.04999995231628418,0.8666666666666667,0.7333333333333333,0.6,0.08333333333333333,0.8387096774193549,0.46774193548387094,0.3064516129032258,0.2839506172839506,-0.020000000000436557,0.020000000000436557,1789670451.961,,
historical7d:1s:segment0,Quote-entry,TAKE_DELAYED,1789670449.961,1789670450.9129999,PRIMARY,1,BUY,1,HEALTHY_TREND,0.05500000000029104,0.21000000000003638,0.38000000000010914,0.3249999999989086,1.3599999999978536,1.1499999999969077,6,8,33,31,0.078014184397584,0.08366533864557713,1,-1,0.04799985885620117,0.0,0.8125,0.5625,0.375,0.18181818181818182,0.835820895522388,0.4925373134328358,0.3283582089552239,0.25842696629213485,0.02999999999974534,0.07999999999992724,1789670451.961,HEALTHY_PULLBACK,0.9519999027252197
historical7d:1s:segment0,Quote-entry,TAKE_IMMEDIATE,1789671602.992,1789671602.992,PRIMARY,1,BUY,1,HEALTHY_TREND,0.5649999999995998,0.625,1.1599999999998545,0.5950000000002547,2.5449999999991633,1.9199999999991633,17,11,46,37,0.3219373219370739,0.1399776035834791,1,-1,0.04900002479553223,0.0,0.7419354838709677,0.8709677419354839,0.6129032258064516,-0.08,0.8505747126436781,0.7011494252873564,0.5517241379310345,0.0962962962962963,-0.02999999999974534,0.010000000000218279,,,
historical7d:1s:segment0,Quote-entry,SKIP_BAD_PHASE,1789673571.864,1789673571.864,PRIMARY,1,SELL,-1,DECAY,-0.024999999999636202,0.6149999999997817,0.020000000000436557,0.04500000000007276,1.6850000000004002,1.0699999999987995,1,2,38,27,0.384615384606774,0.22323049001798706,2,-1,0.29799985885620117,0.0,0.75,0.75,0.5,0.0,0.7971014492753623,0.7536231884057971,0.5507246376811594,0.028037383177570093,0.010000000000218279,-0.02999999999974534,,,
historical7d:1s:segment0,Quote-entry,TAKE_IMMEDIATE,1789675361.956,1789675361.956,SECONDARY,2,SELL,-1,HEALTHY_TREND,0.8250000000007276,0.8800000000010186,0.930000000000291,0.10499999999956344,1.9400000000014188,1.0600000000004002,9,2,40,26,0.7971014492761774,0.29333333333349504,0,1,0.0,0.20399999618530273,0.75,0.8333333333333334,0.5833333333333334,-0.05263157894736842,0.75,0.8970588235294118,0.6470588235294118,-0.08928571428571429,-0.02999999999974534,-0.15999999999985448,,,
historical7d:1s:segment0,Quote-entry,TAKE_IMMEDIATE,1789681108.9580002,1789681108.9580002,PRIMARY,1,SELL,-1,HEALTHY_TREND,0.2000000000007276,0.6700000000000728,0.24000000000069122,0.03999999999996362,0.9250000000001819,0.25500000000010914,11,2,35,11,0.7142857142866423,0.5677966101694132,0,1,0.0,0.19900012016296387,0.6428571428571429,0.7142857142857143,0.35714285714285715,-0.05263157894736842,0.7551020408163265,0.7755102040816326,0.5306122448979592,-0.013333333333333334,-0.06000000000040018,-0.040000000000873115,,,
historical7d:1s:segment0,Quote-entry,TAKE_IMMEDIATE,1789684082.9740002,1789684082.9740002,SECONDARY,2,SELL,-1,HEALTHY_TREND,1.3300000000008367,2.324999999999818,1.7300000000013824,0.3999999999996362,3.455000000007203,1.1300000000037471,19,7,50,30,0.6244131455397337,0.5070883315141593,0,1,0.0,0.20200014114379883,0.8214285714285714,0.7857142857142857,0.6071428571428571,0.022222222222222223,0.8390804597701149,0.7701149425287356,0.6091954022988506,0.04285714285714286,-0.019999999999527063,-0.009999999999308784,,,
historical7d:1s:segment0,Quote-entry,WAIT,1789705238.932,1789705238.932,PRIMARY,1,BUY,1,HEALTHY_PULLBACK,-0.049999999999272404,0.44500000000061846,0.0,0.049999999999272404,1.1549999999997453,0.7099999999991269,0,1,19,14,1.0,0.2386058981238003,1,-1,inf,0.0,0.5,0.5,0.0,0.0,0.7647058823529411,0.6176470588235294,0.38235294117647056,0.10638297872340426,-0.1000000000003638,-0.23000000000047294,1789705240.932,,
historical7d:1s:segment0,Quote-entry,SKIP_DECAY_DURING_WAIT,1789705238.932,1789705240.733,PRIMARY,1,BUY,1,REVERSAL,-0.3250000000007276,-0.1000000000003638,0.2999999999992724,0.625,1.2049999999990177,1.3049999999993815,5,10,20,23,0.3513513513524143,0.03984063745036955,0,1,0.0,0.04999995231628418,0.8125,0.625,0.4375,0.13043478260869565,0.8636363636363636,0.5909090909090909,0.45454545454545453,0.1875,0.13000000000101863,-0.03999999999996362,1789705240.932,HEALTHY_PULLBACK,
historical7d:1s:segment0,Quote-entry,TAKE_IMMEDIATE,1789706581.792,1789706581.792,PRIMARY,1,SELL,-1,HEALTHY_TREND,0.39500000000043656,0.8500000000003638,0.8549999999995634,0.4599999999991269,1.6599999999980355,0.8099999999976717,11,7,24,11,0.30038022813751325,0.3441295546566158,1,-1,0.34800004959106445,0.0,0.8947368421052632,0.7368421052631579,0.631578947368421,0.0967741935483871,0.7222222222222222,0.75,0.4722222222222222,-0.018867924528301886,-0.13000000000010914,-0.12000000000080036,,,
historical7d:1s:segment0,Quote-entry,TAKE_IMMEDIATE,1789712211.0449998,1789712211.0449998,PRIMARY,1,SELL,-1,HEALTHY_TREND,0.09499999999934516,0.009999999999308784,0.09499999999934516,0.0,0.7799999999988358,0.7699999999995271,4,0,19,11,1.0,0.006451612902786675,0,1,0.0,inf,0.0,1.0,0.0,-1.0,0.4838709677419355,0.7419354838709677,0.22580645161290322,-0.21052631578947367,-0.18999999999959982,-0.1999999999998181,,,
historical7d:1s:segment0,Quote-entry,TAKE_UNCHANGED,1789713296.6780002,1789713296.6780002,BURST,4,BUY,1,,,,,,,,,,,,,,,,,,,,,,,,,,,,,,
historical7d:1s:segment0,Quote-entry,SKIP_BAD_PHASE,1789713750.544,1789713750.544,PRIMARY,1,BUY,1,REVERSAL,-0.09999999999854481,-0.1749999999992724,0.030000000000654836,0.12999999999919964,0.6300000000010186,0.805000000000291,2,6,15,19,0.6249999999914735,0.12195121951157678,6,-1,1.3009998798370361,0.0,0.4444444444444444,0.6666666666666666,0.1111111111111111,-0.2,0.5714285714285714,0.8,0.37142857142857144,-0.16666666666666666,-0.1000000000003638,-0.0500000000001819,,,
historical7d:1s:segment0,Quote-entry,TAKE_IMMEDIATE,1789721883.6169999,1789721883.6169999,PRIMARY,1,BUY,1,HEALTHY_TREND,0.014999999999417923,0.3249999999998181,0.6000000000012733,0.5850000000018554,1.1650000000008731,0.840000000001055,5,10,11,20,0.012658227847576642,0.16209476309202273,1,-1,0.2519998550415039,0.0,0.625,0.875,0.5,-0.16666666666666666,0.625,0.84375,0.46875,-0.14893617021276595,-0.06999999999970896,0.09000000000105501,,,
historical7d:1s:segment0,Quote-entry,TAKE_IMMEDIATE,1789722363.9980001,1789722363.9980001,SECONDARY,2,BUY,1,HEALTHY_TREND,1.1350000000002183,2.7200000000002547,1.3000000000010914,0.16500000000087311,4.785000000000764,2.0650000000005093,13,6,48,49,0.7747440273028644,0.3970802919707663,0,1,0.0,1.0500001907348633,0.65,0.95,0.6,-0.1875,0.6122448979591837,0.9183673469387755,0.5306122448979592,-0.2,-0.009999999999308784,-0.03999999999996362,,,
historical7d:1s:segment0,Quote-entry,WAIT,1789723626.188,1789723626.188,PRIMARY,1,BUY,1,HEALTHY_PULLBACK,-0.2750000000005457,0.7649999999994179,0.215000000001055,0.4900000000016007,1.7200000000011642,0.9550000000017462,6,5,29,20,0.3900709219851202,0.2859813084106862,0,1,0.0,0.3489999771118164,0.9166666666666666,0.6666666666666666,0.5833333333333334,0.15789473684210525,0.8867924528301887,0.6792452830188679,0.5660377358490566,0.13253012048192772,-0.02999999999974534,-0.11000000000058208,1789723628.188,,
historical7d:1s:segment0,Quote-entry,SKIP_WAIT_EXPIRED,1789723626.188,1789723628.9420002,PRIMARY,1,BUY,1,HEALTHY_PULLBACK,-0.21000000000094587,0.2649999999994179,0.054999999999381544,0.2650000000003274,1.4950000000008004,1.2300000000013824,5,4,24,23,0.6562500000035527,0.09724770642172685,0,1,0.0,0.2980000972747803,1.0,0.2,0.2,0.6666666666666666,0.9,0.58,0.48,0.21621621621621623,0.0,-0.09000000000014552,1789723628.188,HEALTHY_PULLBACK,
historical7d:1s:segment0,Quote-entry,TAKE_UNCHANGED,1789728974.961,1789728974.961,BURST,4,SELL,-1,,,,,,,,,,,,,,,,,,,,,,,,,,,,,,
historical7d:1s:segment0,Quote-entry,TAKE_IMMEDIATE,1789730727.8140001,1789730727.8140001,PRIMARY,1,SELL,-1,HEALTHY_TREND,0.11499999999978172,0.3349999999991269,0.1650000000017826,0.05000000000200089,1.2750000000005457,0.9400000000014188,6,4,34,25,0.5348837209198046,0.151241534988185,1,-1,0.8559999465942383,0.0,1.0,0.09090909090909091,0.09090909090909091,0.8333333333333334,0.9180327868852459,0.5737704918032787,0.4918032786885246,0.23076923076923078,0.010000000000218279,-0.09000000000014552,,,
historical7d:1s:segment0,Quote-entry,WAIT,1789735360.577,1789735360.577,PRIMARY,1,SELL,-1,HEALTHY_PULLBACK,-0.09500000000025466,0.9450000000006185,0.1999999999989086,0.29500000000007276,1.7249999999994543,0.7799999999997453,7,8,29,23,0.19191919191974868,0.3772455089822664,0,1,0.0,0.34800004959106445,0.6470588235294118,0.9411764705882353,0.5882352941176471,-0.18518518518518517,0.8392857142857143,0.7857142857142857,0.625,0.03296703296703297,-0.02999999999974534,0.0500000000001819,1789735362.577,,
historical7d:1s:segment0,Quote-entry,SKIP_WAIT_EXPIRED,1789735360.577,1789735362.979,PRIMARY,1,SELL,-1,HEALTHY_PULLBACK,-0.03999999999996362,0.8599999999996726,0.08500000000003638,0.125,1.5649999999977808,0.7049999999990177,3,3,23,17,0.19047619047598424,0.37885462555089905,0,1,0.0,0.30099987983703613,0.8571428571428571,0.7142857142857143,0.5714285714285714,0.09090909090909091,0.8181818181818182,0.8636363636363636,0.6818181818181818,-0.02702702702702703,-0.03999999999996362,-0.03999999999996362,1789735362.577,HEALTHY_PULLBACK,
historical7d:1s:segment0,Quote-entry,TAKE_IMMEDIATE,1789740332.994,1789740332.994,SECONDARY,2,SELL,-1,HEALTHY_TREND,1.8900000000003274,4.1200000000008,2.6049999999995634,0.714999999999236,11.75000000000091,7.630000000000109,25,11,95,88,0.5692771084340394,0.2125902992776359,0,1,0.0,0.19000005722045898,0.7894736842105263,0.9473684210526315,0.7368421052631579,-0.09090909090909091,0.8279569892473119,0.956989247311828,0.7849462365591398,-0.07228915662650602,-0.2599999999993088,0.06000000000130967,,,
historical7d:1s:segment0,Quote-exit,TAKE_UNCHANGED,1789573154.725,1789573154.725,BURST,4,BUY,1,,,,,,,,,,,,,,,,,,,,,,,,,,,,,,
historical7d:1s:segment0,Quote-exit,TAKE_UNCHANGED,1789573826.844,1789573826.844,PRIMARY,1,BUY,1,,,,,,,,,,,,,,,,,,,,,,,,,,,,,,
historical7d:1s:segment0,Quote-exit,TAKE_UNCHANGED,1789574424.972,1789574424.972,PRIMARY,1,BUY,1,,,,,,,,,,,,,,,,,,,,,,,,,,,,,,
historical7d:1s:segment0,Quote-exit,TAKE_UNCHANGED,1789575094.938,1789575094.938,PRIMARY,1,BUY,1,,,,,,,,,,,,,,,,,,,,,,,,,,,,,,
historical7d:1s:segment0,Quote-exit,TAKE_UNCHANGED,1789576468.965,1789576468.965,SECONDARY,2,SELL,-1,,,,,,,,,,,,,,,,,,,,,,,,,,,,,,
historical7d:1s:segment0,Quote-exit,TAKE_UNCHANGED,1789577099.722,1789577099.722,PRIMARY,1,SELL,-1,,,,,,,,,,,,,,,,,,,,,,,,,,,,,,
historical7d:1s:segment0,Quote-exit,TAKE_UNCHANGED,1789577625.984,1789577625.984,PRIMARY,1,SELL,-1,,,,,,,,,,,,,,,,,,,,,,,,,,,,,,
historical7d:1s:segment0,Quote-exit,TAKE_UNCHANGED,1789578618.875,1789578618.875,MICRO,3,BUY,1,,,,,,,,,,,,,,,,,,,,,,,,,,,,,,
historical7d:1s:segment0,Quote-exit,TAKE_UNCHANGED,1789579129.869,1789579129.869,PRIMARY,1,SELL,-1,,,,,,,,,,,,,,,,,,,,,,,,,,,,,,
historical7d:1s:segment0,Quote-exit,TAKE_UNCHANGED,1789580254.921,1789580254.921,PRIMARY,1,BUY,1,,,,,,,,,,,,,,,,,,,,,,,,,,,,,,
historical7d:1s:segment0,Quote-exit,TAKE_UNCHANGED,1789581649.928,1789581649.928,PRIMARY,1,BUY,1,,,,,,,,,,,,,,,,,,,,,,,,,,,,,,
historical7d:1s:segment0,Quote-exit,TAKE_UNCHANGED,1789582071.959,1789582071.959,SECONDARY,2,BUY,1,,,,,,,,,,,,,,,,,,,,,,,,,,,,,,
historical7d:1s:segment0,Quote-exit,TAKE_UNCHANGED,1789583356.9459999,1789583356.9459999,PRIMARY,1,SELL,-1,,,,,,,,,,,,,,,,,,,,,,,,,,,,,,
historical7d:1s:segment0,Quote-exit,TAKE_UNCHANGED,1789584430.963,1789584430.963,MICRO,3,BUY,1,,,,,,,,,,,,,,,,,,,,,,,,,,,,,,
historical7d:1s:segment0,Quote-exit,TAKE_UNCHANGED,1789584568.838,1789584568.838,MICRO,3,SELL,-1,,,,,,,,,,,,,,,,,,,,,,,,,,,,,,
historical7d:1s:segment0,Quote-exit,TAKE_UNCHANGED,1789586926.748,1789586926.748,PRIMARY,1,SELL,-1,,,,,,,,,,,,,,,,,,,,,,,,,,,,,,
historical7d:1s:segment0,Quote-exit,TAKE_UNCHANGED,1789592041.932,1789592041.932,SECONDARY,2,BUY,1,,,,,,,,,,,,,,,,,,,,,,,,,,,,,,
historical7d:1s:segment0,Quote-exit,TAKE_UNCHANGED,1789592390.992,1789592390.992,PRIMARY,1,BUY,1,,,,,,,,,,,,,,,,,,,,,,,,,,,,,,
historical7d:1s:segment0,Quote-exit,TAKE_UNCHANGED,1789592535.972,1789592535.972,MICRO,3,SELL,-1,,,,,,,,,,,,,,,,,,,,,,,,,,,,,,
historical7d:1s:segment0,Quote-exit,TAKE_UNCHANGED,1789592591.9859998,1789592591.9859998,SECONDARY,2,BUY,1,,,,,,,,,,,,,,,,,,,,,,,,,,,,,,
historical7d:1s:segment0,Quote-exit,TAKE_UNCHANGED,1789593002.968,1789593002.968,MICRO,3,SELL,-1,,,,,,,,,,,,,,,,,,,,,,,,,,,,,,
historical7d:1s:segment0,Quote-exit,TAKE_UNCHANGED,1789593033.9889998,1789593033.9889998,PRIMARY,1,SELL,-1,,,,,,,,,,,,,,,,,,,,,,,,,,,,,,
historical7d:1s:segment0,Quote-exit,TAKE_UNCHANGED,1789594268.9689999,1789594268.9689999,MICRO,3,SELL,-1,,,,,,,,,,,,,,,,,,,,,,,,,,,,,,
historical7d:1s:segment0,Quote-exit,TAKE_UNCHANGED,1789594358.949,1789594358.949,MICRO,3,SELL,-1,,,,,,,,,,,,,,,,,,,,,,,,,,,,,,
historical7d:1s:segment0,Quote-exit,TAKE_UNCHANGED,1789594424.963,1789594424.963,PRIMARY,1,SELL,-1,,,,,,,,,,,,,,,,,,,,,,,,,,,,,,
historical7d:1s:segment0,Quote-exit,TAKE_UNCHANGED,1789594762.982,1789594762.982,SECONDARY,2,BUY,1,,,,,,,,,,,,,,,,,,,,,,,,,,,,,,
historical7d:1s:segment0,Quote-exit,TAKE_UNCHANGED,1789594989.979,1789594989.979,MICRO,3,BUY,1,,,,,,,,,,,,,,,,,,,,,,,,,,,,,,
historical7d:1s:segment0,Quote-exit,TAKE_UNCHANGED,1789595066.9980001,1789595066.9980001,SECONDARY,2,BUY,1,,,,,,,,,,,,,,,,,,,,,,,,,,,,,,
historical7d:1s:segment0,Quote-exit,TAKE_UNCHANGED,1789595330.9689999,1789595330.9689999,PRIMARY,1,SELL,-1,,,,,,,,,,,,,,,,,,,,,,,,,,,,,,
historical7d:1s:segment0,Quote-exit,TAKE_UNCHANGED,1789595609.952,1789595609.952,MICRO,3,SELL,-1,,,,,,,,,,,,,,,,,,,,,,,,,,,,,,
historical7d:1s:segment0,Quote-exit,TAKE_UNCHANGED,1789595768.968,1789595768.968,SECONDARY,2,SELL,-1,,,,,,,,,,,,,,,,,,,,,,,,,,,,,,
historical7d:1s:segment0,Quote-exit,TAKE_UNCHANGED,1789595933.964,1789595933.964,SECONDARY,2,BUY,1,,,,,,,,,,,,,,,,,,,,,,,,,,,,,,
historical7d:1s:segment0,Quote-exit,TAKE_UNCHANGED,1789596352.959,1789596352.959,MICRO,3,SELL,-1,,,,,,,,,,,,,,,,,,,,,,,,,,,,,,
historical7d:1s:segment0,Quote-exit,TAKE_UNCHANGED,1789596538.9550002,1789596538.9550002,PRIMARY,1,SELL,-1,,,,,,,,,,,,,,,,,,,,,,,,,,,,,,
historical7d:1s:segment0,Quote-exit,TAKE_UNCHANGED,1789596893.973,1789596893.973,MICRO,3,BUY,1,,,,,,,,,,,,,,,,,,,,,,,,,,,,,,
historical7d:1s:segment0,Quote-exit,TAKE_UNCHANGED,1789596912.948,1789596912.948,SECONDARY,2,BUY,1,,,,,,,,,,,,,,,,,,,,,,,,,,,,,,
historical7d:1s:segment0,Quote-exit,TAKE_UNCHANGED,1789597139.999,1789597139.999,PRIMARY,1,SELL,-1,,,,,,,,,,,,,,,,,,,,,,,,,,,,,,
historical7d:1s:segment0,Quote-exit,TAKE_UNCHANGED,1789597586.985,1789597586.985,MICRO,3,SELL,-1,,,,,,,,,,,,,,,,,,,,,,,,,,,,,,
historical7d:1s:segment0,Quote-exit,TAKE_UNCHANGED,1789597780.968,1789597780.968,SECONDARY,2,BUY,1,,,,,,,,,,,,,,,,,,,,,,,,,,,,,,
historical7d:1s:segment0,Quote-exit,TAKE_UNCHANGED,1789598086.937,1789598086.937,SECONDARY,2,BUY,1,,,,,,,,,,,,,,,,,,,,,,,,,,,,,,
historical7d:1s:segment0,Quote-exit,TAKE_UNCHANGED,1789598203.9580002,1789598203.9580002,PRIMARY,1,SELL,-1,,,,,,,,,,,,,,,,,,,,,,,,,,,,,,
historical7d:1s:segment0,Quote-exit,TAKE_UNCHANGED,1789598297.943,1789598297.943,SECONDARY,2,BUY,1,,,,,,,,,,,,,,,,,,,,,,,,,,,,,,
historical7d:1s:segment0,Quote-exit,TAKE_UNCHANGED,1789598469.9750001,1789598469.9750001,SECONDARY,2,BUY,1,,,,,,,,,,,,,,,,,,,,,,,,,,,,,,
historical7d:1s:segment0,Quote-exit,TAKE_UNCHANGED,1789599063.922,1789599063.922,PRIMARY,1,BUY,1,,,,,,,,,,,,,,,,,,,,,,,,,,,,,,
historical7d:1s:segment0,Quote-exit,TAKE_UNCHANGED,1789599553.984,1789599553.984,PRIMARY,1,BUY,1,,,,,,,,,,,,,,,,,,,,,,,,,,,,,,
historical7d:1s:segment0,Quote-exit,TAKE_UNCHANGED,1789614642.982,1789614642.982,MICRO,3,BUY,1,,,,,,,,,,,,,,,,,,,,,,,,,,,,,,
historical7d:1s:segment0,Quote-exit,TAKE_UNCHANGED,1789615421.591,1789615421.591,PRIMARY,1,BUY,1,,,,,,,,,,,,,,,,,,,,,,,,,,,,,,
historical7d:1s:segment0,Quote-exit,TAKE_UNCHANGED,1789617600.971,1789617600.971,SECONDARY,2,BUY,1,,,,,,,,,,,,,,,,,,,,,,,,,,,,,,
historical7d:1s:segment0,Quote-exit,TAKE_UNCHANGED,1789617977.909,1789617977.909,SECONDARY,2,BUY,1,,,,,,,,,,,,,,,,,,,,,,,,,,,,,,
historical7d:1s:segment0,Quote-exit,TAKE_UNCHANGED,1789618633.982,1789618633.982,PRIMARY,1,BUY,1,,,,,,,,,,,,,,,,,,,,,,,,,,,,,,
historical7d:1s:segment0,Quote-exit,TAKE_UNCHANGED,1789621329.987,1789621329.987,PRIMARY,1,SELL,-1,,,,,,,,,,,,,,,,,,,,,,,,,,,,,,
historical7d:1s:segment0,Quote-exit,TAKE_UNCHANGED,1789621909.9020002,1789621909.9020002,PRIMARY,1,SELL,-1,,,,,,,,,,,,,,,,,,,,,,,,,,,,,,
historical7d:1s:segment0,Quote-exit,TAKE_UNCHANGED,1789623093.972,1789623093.972,PRIMARY,1,SELL,-1,,,,,,,,,,,,,,,,,,,,,,,,,,,,,,
historical7d:1s:segment0,Quote-exit,TAKE_UNCHANGED,1789635295.977,1789635295.977,PRIMARY,1,BUY,1,,,,,,,,,,,,,,,,,,,,,,,,,,,,,,
historical7d:1s:segment0,Quote-exit,TAKE_UNCHANGED,1789636602.907,1789636602.907,MICRO,3,SELL,-1,,,,,,,,,,,,,,,,,,,,,,,,,,,,,,
historical7d:1s:segment0,Quote-exit,TAKE_UNCHANGED,1789640119.977,1789640119.977,SECONDARY,2,BUY,1,,,,,,,,,,,,,,,,,,,,,,,,,,,,,,
historical7d:1s:segment0,Quote-exit,TAKE_UNCHANGED,1789640906.6929998,1789640906.6929998,PRIMARY,1,BUY,1,,,,,,,,,,,,,,,,,,,,,,,,,,,,,,
historical7d:1s:segment0,Quote-exit,TAKE_UNCHANGED,1789641992.757,1789641992.757,BURST,4,BUY,1,,,,,,,,,,,,,,,,,,,,,,,,,,,,,,
historical7d:1s:segment0,Quote-exit,TAKE_UNCHANGED,1789643496.9,1789643496.9,PRIMARY,1,SELL,-1,,,,,,,,,,,,,,,,,,,,,,,,,,,,,,
historical7d:1s:segment0,Quote-exit,TAKE_UNCHANGED,1789644739.96,1789644739.96,PRIMARY,1,SELL,-1,,,,,,,,,,,,,,,,,,,,,,,,,,,,,,
historical7d:1s:segment0,Quote-exit,TAKE_UNCHANGED,1789648231.537,1789648231.537,PRIMARY,1,SELL,-1,,,,,,,,,,,,,,,,,,,,,,,,,,,,,,
historical7d:1s:segment0,Quote-exit,TAKE_UNCHANGED,1789654187.951,1789654187.951,BURST,4,BUY,1,,,,,,,,,,,,,,,,,,,,,,,,,,,,,,
historical7d:1s:segment0,Quote-exit,TAKE_UNCHANGED,1789654359.968,1789654359.968,MICRO,3,SELL,-1,,,,,,,,,,,,,,,,,,,,,,,,,,,,,,
historical7d:1s:segment0,Quote-exit,TAKE_UNCHANGED,1789656063.875,1789656063.875,PRIMARY,1,SELL,-1,,,,,,,,,,,,,,,,,,,,,,,,,,,,,,
historical7d:1s:segment0,Quote-exit,TAKE_UNCHANGED,1789656500.8060002,1789656500.8060002,SECONDARY,2,BUY,1,,,,,,,,,,,,,,,,,,,,,,,,,,,,,,
historical7d:1s:segment0,Quote-exit,TAKE_UNCHANGED,1789656876.67,1789656876.67,PRIMARY,1,BUY,1,,,,,,,,,,,,,,,,,,,,,,,,,,,,,,
historical7d:1s:segment0,Quote-exit,TAKE_UNCHANGED,1789658234.879,1789658234.879,PRIMARY,1,BUY,1,,,,,,,,,,,,,,,,,,,,,,,,,,,,,,
historical7d:1s:segment0,Quote-exit,TAKE_UNCHANGED,1789659164.844,1789659164.844,MICRO,3,SELL,-1,,,,,,,,,,,,,,,,,,,,,,,,,,,,,,
historical7d:1s:segment0,Quote-exit,TAKE_UNCHANGED,1789659699.912,1789659699.912,PRIMARY,1,BUY,1,,,,,,,,,,,,,,,,,,,,,,,,,,,,,,
historical7d:1s:segment0,Quote-exit,TAKE_UNCHANGED,1789660200.981,1789660200.981,MICRO,3,BUY,1,,,,,,,,,,,,,,,,,,,,,,,,,,,,,,
historical7d:1s:segment0,Quote-exit,TAKE_UNCHANGED,1789660804.987,1789660804.987,SECONDARY,2,SELL,-1,,,,,,,,,,,,,,,,,,,,,,,,,,,,,,
historical7d:1s:segment0,Quote-exit,TAKE_UNCHANGED,1789661412.966,1789661412.966,SECONDARY,2,SELL,-1,,,,,,,,,,,,,,,,,,,,,,,,,,,,,,
historical7d:1s:segment0,Quote-exit,TAKE_UNCHANGED,1789661749.9420002,1789661749.9420002,PRIMARY,1,BUY,1,,,,,,,,,,,,,,,,,,,,,,,,,,,,,,
historical7d:1s:segment0,Quote-exit,TAKE_UNCHANGED,1789662996.978,1789662996.978,SECONDARY,2,SELL,-1,,,,,,,,,,,,,,,,,,,,,,,,,,,,,,
historical7d:1s:segment0,Quote-exit,TAKE_UNCHANGED,1789663504.984,1789663504.984,PRIMARY,1,SELL,-1,,,,,,,,,,,,,,,,,,,,,,,,,,,,,,
historical7d:1s:segment0,Quote-exit,TAKE_UNCHANGED,1789664822.9950001,1789664822.9950001,PRIMARY,1,BUY,1,,,,,,,,,,,,,,,,,,,,,,,,,,,,,,
historical7d:1s:segment0,Quote-exit,TAKE_UNCHANGED,1789665128.972,1789665128.972,MICRO,3,SELL,-1,,,,,,,,,,,,,,,,,,,,,,,,,,,,,,
historical7d:1s:segment0,Quote-exit,TAKE_UNCHANGED,1789666476.851,1789666476.851,SECONDARY,2,BUY,1,,,,,,,,,,,,,,,,,,,,,,,,,,,,,,
historical7d:1s:segment0,Quote-exit,TAKE_UNCHANGED,1789666760.825,1789666760.825,PRIMARY,1,SELL,-1,,,,,,,,,,,,,,,,,,,,,,,,,,,,,,
historical7d:1s:segment0,Quote-exit,TAKE_UNCHANGED,1789668684.972,1789668684.972,PRIMARY,1,SELL,-1,,,,,,,,,,,,,,,,,,,,,,,,,,,,,,
historical7d:1s:segment0,Quote-exit,TAKE_UNCHANGED,1789670449.961,1789670449.961,PRIMARY,1,BUY,1,,,,,,,,,,,,,,,,,,,,,,,,,,,,,,
historical7d:1s:segment0,Quote-exit,TAKE_UNCHANGED,1789671602.992,1789671602.992,PRIMARY,1,BUY,1,,,,,,,,,,,,,,,,,,,,,,,,,,,,,,
historical7d:1s:segment0,Quote-exit,TAKE_UNCHANGED,1789673571.864,1789673571.864,PRIMARY,1,SELL,-1,,,,,,,,,,,,,,,,,,,,,,,,,,,,,,
historical7d:1s:segment0,Quote-exit,TAKE_UNCHANGED,1789675361.956,1789675361.956,SECONDARY,2,SELL,-1,,,,,,,,,,,,,,,,,,,,,,,,,,,,,,
historical7d:1s:segment0,Quote-exit,TAKE_UNCHANGED,1789681108.9580002,1789681108.9580002,PRIMARY,1,SELL,-1,,,,,,,,,,,,,,,,,,,,,,,,,,,,,,
historical7d:1s:segment0,Quote-exit,TAKE_UNCHANGED,1789684082.9740002,1789684082.9740002,SECONDARY,2,SELL,-1,,,,,,,,,,,,,,,,,,,,,,,,,,,,,,
historical7d:1s:segment0,Quote-exit,TAKE_UNCHANGED,1789705238.932,1789705238.932,PRIMARY,1,BUY,1,,,,,,,,,,,,,,,,,,,,,,,,,,,,,,
historical7d:1s:segment0,Quote-exit,TAKE_UNCHANGED,1789706581.792,1789706581.792,PRIMARY,1,SELL,-1,,,,,,,,,,,,,,,,,,,,,,,,,,,,,,
historical7d:1s:segment0,Quote-exit,TAKE_UNCHANGED,1789712211.0449998,1789712211.0449998,PRIMARY,1,SELL,-1,,,,,,,,,,,,,,,,,,,,,,,,,,,,,,
historical7d:1s:segment0,Quote-exit,TAKE_UNCHANGED,1789713296.6780002,1789713296.6780002,BURST,4,BUY,1,,,,,,,,,,,,,,,,,,,,,,,,,,,,,,
historical7d:1s:segment0,Quote-exit,TAKE_UNCHANGED,1789713750.544,1789713750.544,PRIMARY,1,BUY,1,,,,,,,,,,,,,,,,,,,,,,,,,,,,,,
historical7d:1s:segment0,Quote-exit,TAKE_UNCHANGED,1789721883.6169999,1789721883.6169999,PRIMARY,1,BUY,1,,,,,,,,,,,,,,,,,,,,,,,,,,,,,,
historical7d:1s:segment0,Quote-exit,TAKE_UNCHANGED,1789722363.9980001,1789722363.9980001,SECONDARY,2,BUY,1,,,,,,,,,,,,,,,,,,,,,,,,,,,,,,
historical7d:1s:segment0,Quote-exit,TAKE_UNCHANGED,1789723626.188,1789723626.188,PRIMARY,1,BUY,1,,,,,,,,,,,,,,,,,,,,,,,,,,,,,,
historical7d:1s:segment0,Quote-exit,TAKE_UNCHANGED,1789728974.961,1789728974.961,BURST,4,SELL,-1,,,,,,,,,,,,,,,,,,,,,,,,,,,,,,
historical7d:1s:segment0,Quote-exit,TAKE_UNCHANGED,1789730727.8140001,1789730727.8140001,PRIMARY,1,SELL,-1,,,,,,,,,,,,,,,,,,,,,,,,,,,,,,
historical7d:1s:segment0,Quote-exit,TAKE_UNCHANGED,1789735360.577,1789735360.577,PRIMARY,1,SELL,-1,,,,,,,,,,,,,,,,,,,,,,,,,,,,,,
historical7d:1s:segment0,Quote-exit,TAKE_UNCHANGED,1789740332.994,1789740332.994,SECONDARY,2,SELL,-1,,,,,,,,,,,,,,,,,,,,,,,,,,,,,,
historical7d:1s:segment0,Candidate-J,TAKE_UNCHANGED,1789573154.725,1789573154.725,BURST,4,BUY,1,,,,,,,,,,,,,,,,,,,,,,,,,,,,,,
historical7d:1s:segment0,Candidate-J,TAKE_IMMEDIATE,1789573826.844,1789573826.844,PRIMARY,1,BUY,1,HEALTHY_TREND,0.2999999999992724,0.42999999999938154,0.2999999999992724,0.0,0.7899999999999636,0.3600000000005821,7,0,18,11,1.0,0.37391304347754567,0,1,0.0,inf,0.75,0.75,0.5,0.0,0.7333333333333333,0.8666666666666667,0.6,-0.08333333333333333,0.0,0.019999999999527063,,,
historical7d:1s:segment0,Candidate-J,TAKE_IMMEDIATE,1789574424.972,1789574424.972,PRIMARY,1,BUY,1,HEALTHY_TREND,0.4600000000000364,3.149999999999636,0.8599999999987631,0.3999999999987267,5.190000000000509,2.040000000000873,11,16,75,67,0.3650793650801213,0.43568464730277096,1,-1,0.04699993133544922,0.0,0.7142857142857143,0.6428571428571429,0.35714285714285715,0.05263157894736842,0.8013698630136986,0.7123287671232876,0.5136986301369864,0.058823529411764705,0.020000000000436557,-0.1999999999998181,,,
historical7d:1s:segment0,Candidate-J,TAKE_IMMEDIATE,1789575094.938,1789575094.938,PRIMARY,1,BUY,1,IGNITION,0.11999999999989086,-0.27999999999974534,0.4499999999989086,0.32999999999901775,1.450000000003456,1.7300000000032014,9,6,40,34,0.15384615384642292,0.08805031446514439,0,1,0.0,0.20099997520446777,1.0,0.7058823529411765,0.7058823529411765,0.1724137931034483,0.7922077922077922,0.8571428571428571,0.6493506493506493,-0.03937007874015748,-0.05999999999949068,-0.05999999999949068,,,
historical7d:1s:segment0,Candidate-J,TAKE_IMMEDIATE,1789576468.965,1789576468.965,SECONDARY,2,SELL,-1,HEALTHY_TREND,0.4899999999997817,1.944999999999709,0.785000000000764,0.29500000000098225,2.969999999999345,1.0249999999987267,18,8,58,31,0.453703703702768,0.48685857321657194,1,-1,0.05299997329711914,0.0,0.8518518518518519,0.8888888888888888,0.7407407407407407,-0.02127659574468085,0.8723404255319149,0.8297872340425532,0.7021276595744681,0.025,-0.020000000000436557,0.049999999999272404,,,
historical7d:1s:segment0,Candidate-J,TAKE_IMMEDIATE,1789577099.722,1789577099.722,PRIMARY,1,SELL,-1,HEALTHY_TREND,0.2899999999999636,1.2799999999997453,0.5199999999995271,0.22999999999956344,2.425000000000182,1.1450000000004366,14,5,54,38,0.38666666666708704,0.35854341736681333,1,-1,0.10400009155273438,0.0,0.5,0.95,0.45,-0.3103448275862069,0.8617021276595744,0.8191489361702128,0.6808510638297872,0.02531645569620253,0.0,-0.0999999999994543,,,
historical7d:1s:segment0,Candidate-J,WAIT,1789577625.984,1789577625.984,PRIMARY,1,SELL,-1,HEALTHY_PULLBACK,-0.13000000000010914,0.8000000000001819,0.1900000000023283,0.32000000000152795,2.0450000000037107,1.2450000000026193,8,7,63,43,0.2549019607821458,0.24316109422444424,1,-1,0.25099992752075195,0.0,0.8888888888888888,0.8888888888888888,0.7777777777777778,0.0,0.7232142857142857,0.875,0.5982142857142857,-0.09497206703910614,-0.039999999999054126,0.08000000000083674,1789577627.984,,
historical7d:1s:segment0,Candidate-J,SKIP_DECAY_DURING_WAIT,1789577625.984,1789577627.936,PRIMARY,1,SELL,-1,DECAY,-0.3849999999993088,0.19499999999970896,0.20999999999912689,0.5949999999984357,1.9300000000012005,1.735000000000582,8,17,57,52,0.4782608695658069,0.053206002728394465,5,-1,0.5020003318786621,0.0,0.5769230769230769,0.8846153846153846,0.46153846153846156,-0.21052631578947367,0.6956521739130435,0.8869565217391304,0.5826086956521739,-0.12087912087912088,-0.02999999999974534,0.030000000000654836,1789577627.984,HEALTHY_PULLBACK,
historical7d:1s:segment0,Candidate-J,TAKE_UNCHANGED,1789578618.875,1789578618.875,MICRO,3,BUY,1,,,,,,,,,,,,,,,,,,,,,,,,,,,,,,
historical7d:1s:segment0,Candidate-J,TAKE_IMMEDIATE,1789579129.869,1789579129.869,PRIMARY,1,SELL,-1,HEALTHY_TREND,0.2999999999992724,1.4200000000000728,0.5,0.2000000000007276,2.4450000000024374,1.0250000000023647,12,7,46,39,0.4285714285699437,0.4092219020167457,0,1,0.0,0.20000004768371582,0.6666666666666666,1.0,0.6666666666666666,-0.2,0.6436781609195402,0.9425287356321839,0.5862068965517241,-0.18840579710144928,-0.040000000000873115,-0.020000000000436557,,,
historical7d:1s:segment0,Candidate-J,TAKE_IMMEDIATE,1789580254.921,1789580254.921,PRIMARY,1,BUY,1,HEALTHY_TREND,1.0,1.6899999999995998,1.3600000000014916,0.36000000000149157,2.4799999999995634,0.7899999999999636,19,9,45,32,0.5813953488362009,0.5168195718653958,0,1,0.0,0.10100007057189941,1.0,0.7931034482758621,0.7931034482758621,0.11538461538461539,0.8227848101265823,0.7341772151898734,0.5569620253164557,0.056910569105691054,0.0,0.06000000000040018,,,
historical7d:1s:segment0,Candidate-J,WAIT,1789581649.928,1789581649.928,PRIMARY,1,BUY,1,HEALTHY_PULLBACK,-0.16499999999905413,0.2900000000008731,0.3849999999993088,0.5499999999974534,2.480000000002292,2.190000000001419,11,10,52,55,0.17647058823472192,0.062098501070777246,1,-1,0.14899992942810059,0.0,0.9130434782608695,0.8260869565217391,0.7391304347826086,0.05,0.8468468468468469,0.7927927927927928,0.6396396396396397,0.03296703296703297,-0.030000000000654836,-0.040000000000873115,1789581651.928,,
historical7d:1s:segment0,Candidate-J,SKIP_WAIT_EXPIRED,1789581649.928,1789581651.9329998,PRIMARY,1,BUY,1,HEALTHY_TREND,0.5099999999993088,0.944999999999709,0.7949999999991633,0.2849999999998545,2.855000000000473,1.910000000000764,14,13,58,52,0.4722222222220117,0.19832109129047282,5,-1,0.2999999523162842,0.0,0.8928571428571429,0.8928571428571429,0.7857142857142857,0.0,0.8421052631578947,0.8333333333333334,0.6754385964912281,0.005235602094240838,-0.019999999999527063,-0.009999999999308784,1789581651.928,HEALTHY_PULLBACK,
historical7d:1s:segment0,Candidate-J,TAKE_IMMEDIATE,1789582071.959,1789582071.959,SECONDARY,2,BUY,1,HEALTHY_TREND,2.0250000000005457,2.355000000000473,2.584999999999127,0.5599999999976717,4.420000000000073,2.0649999999986903,19,12,66,53,0.6438791732915807,0.3631457208944629,0,1,0.0,0.21200013160705566,0.8787878787878788,0.7575757575757576,0.6363636363636364,0.07407407407407407,0.8306451612903226,0.782258064516129,0.6129032258064516,0.03,-0.13000000000010914,-0.18999999999959982,,,
historical7d:1s:segment0,Candidate-J,TAKE_IMMEDIATE,1789583356.9459999,1789583356.9459999,PRIMARY,1,SELL,-1,HEALTHY_TREND,0.6900000000005093,0.9200000000000728,0.8000000000010914,0.11000000000058208,2.05500000000211,1.1350000000020373,13,6,43,41,0.7582417582409235,0.28840125391814314,2,-1,0.34999990463256836,0.0,0.9047619047619048,0.7142857142857143,0.6190476190476191,0.11764705882352941,0.9090909090909091,0.8522727272727273,0.7613636363636364,0.03225806451612903,-0.03999999999996362,-0.06000000000130967,,,
historical7d:1s:segment0,Candidate-J,TAKE_UNCHANGED,1789584430.963,1789584430.963,MICRO,3,BUY,1,,,,,,,,,,,,,,,,,,,,,,,,,,,,,,
historical7d:1s:segment0,Candidate-J,TAKE_UNCHANGED,1789584568.838,1789584568.838,MICRO,3,SELL,-1,,,,,,,,,,,,,,,,,,,,,,,,,,,,,,
historical7d:1s:segment0,Candidate-J,SKIP_BAD_PHASE,1789586926.748,1789586926.748,PRIMARY,1,SELL,-1,REVERSAL,-0.23000000000047294,-0.11499999999978172,0.25499999999919964,0.4849999999996726,1.3549999999995634,1.4699999999993452,8,14,35,40,0.3108108108119236,0.04070796460170837,2,-1,0.25099992752075195,0.0,0.8695652173913043,0.5217391304347826,0.391304347826087,0.25,0.75,0.6710526315789473,0.42105263157894735,0.05555555555555555,-0.1000000000003638,-0.10999999999967258,,,
historical7d:1s:segment0,Candidate-J,TAKE_IMMEDIATE,1789592041.932,1789592041.932,SECONDARY,2,BUY,1,HEALTHY_TREND,0.8599999999996726,1.5549999999993815,0.8949999999995271,0.03499999999985448,2.164999999999054,0.6099999999996726,17,2,45,19,0.9247311827959618,0.5603603603603946,0,1,0.0,0.6039998531341553,1.0,0.8,0.8,0.1111111111111111,0.9696969696969697,0.6818181818181818,0.6515151515151515,0.1743119266055046,-0.019999999999527063,0.010000000001127773,,,
historical7d:1s:segment0,Candidate-J,SKIP_BAD_PHASE,1789592390.992,1789592390.992,PRIMARY,1,BUY,1,REVERSAL,-0.5349999999998545,-0.3899999999994179,3.0250000000005457,3.5600000000004,9.484999999998763,9.874999999998181,18,18,72,63,0.08124525436594952,0.020144628099146668,0,1,0.0,0.10000014305114746,0.9459459459459459,0.8918918918918919,0.8378378378378378,0.029411764705882353,0.7681159420289855,0.8333333333333334,0.6014492753623188,-0.04072398190045249,-0.3500000000003638,-0.5600000000004002,,,
historical7d:1s:segment0,Candidate-J,TAKE_UNCHANGED,1789592535.972,1789592535.972,MICRO,3,SELL,-1,,,,,,,,,,,,,,,,,,,,,,,,,,,,,,
historical7d:1s:segment0,Candidate-J,TAKE_IMMEDIATE,1789592591.9859998,1789592591.9859998,SECONDARY,2,BUY,1,HEALTHY_TREND,1.4899999999997817,5.260000000000218,3.269999999999527,1.7799999999997453,16.739999999997053,11.479999999996835,16,16,84,78,0.2950495049504943,0.18639262934094109,0,1,0.0,0.14999985694885254,0.7575757575757576,0.9393939393939394,0.696969696969697,-0.10714285714285714,0.8303030303030303,0.9636363636363636,0.793939393939394,-0.07432432432432433,-0.3999999999996362,-0.42000000000007276,,,
historical7d:1s:segment0,Candidate-J,TAKE_UNCHANGED,1789593002.968,1789593002.968,MICRO,3,SELL,-1,,,,,,,,,,,,,,,,,,,,,,,,,,,,,,
historical7d:1s:segment0,Candidate-J,WAIT,1789593033.9889998,1789593033.9889998,PRIMARY,1,SELL,-1,HEALTHY_PULLBACK,-1.5,1.6299999999991996,1.8649999999979627,3.3649999999979627,8.824999999999818,7.1950000000006185,19,15,92,78,0.2868068833654242,0.10174781523090856,0,1,0.0,0.048999786376953125,0.8571428571428571,0.8285714285714286,0.6857142857142857,0.01694915254237288,0.9005847953216374,0.9122807017543859,0.8128654970760234,-0.0064516129032258064,-0.23999999999978172,-0.17999999999847205,1789593035.9889998,,
historical7d:1s:segment0,Candidate-J,SKIP_WAIT_EXPIRED,1789593033.9889998,1789593036.9859998,PRIMARY,1,SELL,-1,HEALTHY_TREND,1.0,1.5349999999998545,1.5800000000008367,0.5800000000008367,8.244999999998981,6.709999999999127,19,12,89,78,0.4629629629626043,0.10264125710465052,0,1,0.0,0.051999807357788086,0.84375,0.9375,0.78125,-0.05263157894736842,0.8809523809523809,0.9166666666666666,0.7976190476190477,-0.019867549668874173,-0.020000000000436557,-0.1499999999996362,1789593035.9889998,HEALTHY_PULLBACK,
historical7d:1s:segment0,Candidate-J,TAKE_UNCHANGED,1789594268.9689999,1789594268.9689999,MICRO,3,SELL,-1,,,,,,,,,,,,,,,,,,,,,,,,,,,,,,
historical7d:1s:segment0,Candidate-J,TAKE_UNCHANGED,1789594358.949,1789594358.949,MICRO,3,SELL,-1,,,,,,,,,,,,,,,,,,,,,,,,,,,,,,
historical7d:1s:segment0,Candidate-J,SKIP_BAD_PHASE,1789594424.963,1789594424.963,PRIMARY,1,SELL,-1,DECAY,-0.1500000000005457,3.2349999999996726,2.8899999999985084,3.039999999999054,22.734999999996944,19.49999999999727,19,17,98,91,0.025295109612244075,0.07659524091393669,2,-1,0.0989999771118164,0.0,0.8918918918918919,0.7837837837837838,0.6756756756756757,0.06451612903225806,0.8952879581151832,0.9267015706806283,0.8219895287958116,-0.017241379310344827,-0.4000000000005457,-0.590000000001055,,,
historical7d:1s:segment0,Candidate-J,TAKE_IMMEDIATE,1789594762.982,1789594762.982,SECONDARY,2,BUY,1,HEALTHY_TREND,0.6049999999995634,2.375,1.5849999999982174,0.979999999998654,9.099999999997635,6.724999999998545,19,12,94,73,0.2358674463938797,0.15007898894157579,0,1,0.0,0.2990000247955322,0.9393939393939394,0.9696969696969697,0.9090909090909091,-0.015873015873015872,0.9017341040462428,0.9421965317919075,0.8439306358381503,-0.0219435736677116,-0.1500000000005457,-0.6500000000014552,,,
historical7d:1s:segment0,Candidate-J,TAKE_UNCHANGED,1789594989.979,1789594989.979,MICRO,3,BUY,1,,,,,,,,,,,,,,,,,,,,,,,,,,,,,,
historical7d:1s:segment0,Candidate-J,TAKE_IMMEDIATE,1789595066.9980001,1789595066.9980001,SECONDARY,2,BUY,1,HEALTHY_TREND,1.1350000000002183,0.8599999999996726,1.6299999999991996,0.49499999999898137,5.644999999997708,4.7849999999980355,16,10,74,71,0.5341176470593835,0.08245445829338673,1,-1,0.20400023460388184,0.051000118255615234,0.9655172413793104,0.9310344827586207,0.896551724137931,0.01818181818181818,0.9407894736842105,0.9276315789473685,0.868421052631579,0.007042253521126761,0.010000000000218279,-0.07999999999901775,,,
historical7d:1s:segment0,Candidate-J,SKIP_BAD_PHASE,1789595330.9689999,1789595330.9689999,PRIMARY,1,SELL,-1,REVERSAL,-1.0650000000005093,-1.0950000000002547,1.1300000000001091,2.195000000001528,6.695000000001528,7.790000000002692,15,19,82,88,0.3203007518796071,0.07559544356229664,2,-1,0.10399985313415527,0.0,0.9166666666666666,0.9722222222222222,0.8888888888888888,-0.029411764705882353,0.8959537572254336,0.8959537572254336,0.791907514450867,0.0,-0.1500000000005457,-0.07000000000061846,,,
historical7d:1s:segment0,Candidate-J,TAKE_UNCHANGED,1789595609.952,1789595609.952,MICRO,3,SELL,-1,,,,,,,,,,,,,,,,,,,,,,,,,,,,,,
historical7d:1s:segment0,Candidate-J,TAKE_IMMEDIATE,1789595768.968,1789595768.968,SECONDARY,2,SELL,-1,HEALTHY_TREND,1.6550000000006548,6.260000000000218,2.8450000000020736,1.1900000000014188,11.385000000005675,5.125000000005457,19,16,105,80,0.4101610904582955,0.37916414294342804,0,1,0.0,0.09999990463256836,0.8918918918918919,0.972972972972973,0.8648648648648649,-0.043478260869565216,0.8563829787234043,0.8457446808510638,0.7021276595744681,0.00625,-0.16999999999916326,-0.0999999999994543,,,
historical7d:1s:segment0,Candidate-J,TAKE_IMMEDIATE,1789595933.964,1789595933.964,SECONDARY,2,BUY,1,HEALTHY_TREND,2.1299999999991996,3.2449999999989814,3.5249999999987267,1.394999999999527,10.299999999995634,7.054999999996653,14,16,92,73,0.4329268292682837,0.18697781619132373,1,-1,0.04900002479553223,0.0,0.8064516129032258,0.8064516129032258,0.6129032258064516,0.0,0.7710843373493976,0.891566265060241,0.6626506024096386,-0.07246376811594203,-0.14000000000032742,-0.06999999999970896,,,
historical7d:1s:segment0,Candidate-J,TAKE_UNCHANGED,1789596352.959,1789596352.959,MICRO,3,SELL,-1,,,,,,,,,,,,,,,,,,,,,,,,,,,,,,
historical7d:1s:segment0,Candidate-J,TAKE_IMMEDIATE,1789596538.9550002,1789596538.9550002,PRIMARY,1,SELL,-1,HEALTHY_TREND,2.8000000000010914,1.9750000000003638,3.720000000001164,0.9200000000000728,9.304999999995744,7.32999999999538,22,11,81,85,0.6034482758621433,0.11872557859942397,0,1,0.0,0.05000019073486328,0.7352941176470589,0.9117647058823529,0.6470588235294118,-0.10714285714285714,0.7544910179640718,0.8982035928143712,0.6526946107784432,-0.08695652173913043,-0.21999999999934516,-0.3099999999994907,,,
historical7d:1s:segment0,Candidate-J,TAKE_UNCHANGED,1789596893.973,1789596893.973,MICRO,3,BUY,1,,,,,,,,,,,,,,,,,,,,,,,,,,,,,,
historical7d:1s:segment0,Candidate-J,TAKE_IMMEDIATE,1789596912.948,1789596912.948,SECONDARY,2,BUY,1,HEALTHY_TREND,1.4899999999997817,0.8950000000004366,2.4249999999992724,0.9349999999994907,6.984999999996035,6.089999999995598,23,11,94,70,0.44345238095247924,0.06845124282990511,0,1,0.0,0.3470001220703125,0.9714285714285714,0.9714285714285714,0.9428571428571428,0.0,0.9112426035502958,0.9467455621301775,0.8579881656804734,-0.01910828025477707,-0.23999999999978172,-0.06999999999970896,,,
historical7d:1s:segment0,Candidate-J,TAKE_IMMEDIATE,1789597139.999,1789597139.999,PRIMARY,1,SELL,-1,HEALTHY_TREND,0.42999999999938154,2.719999999999345,1.2399999999997817,0.8100000000004002,6.44499999999789,3.724999999998545,19,15,90,53,0.2097560975606553,0.2674532940019959,0,1,0.0,0.14499998092651367,0.8333333333333334,0.8611111111111112,0.6944444444444444,-0.01639344262295082,0.6413793103448275,0.9379310344827586,0.5793103448275863,-0.18777292576419213,-0.3599999999996726,0.0,,,
historical7d:1s:segment0,Candidate-J,TAKE_UNCHANGED,1789597586.985,1789597586.985,MICRO,3,SELL,-1,,,,,,,,,,,,,,,,,,,,,,,,,,,,,,
historical7d:1s:segment0,Candidate-J,TAKE_IMMEDIATE,1789597780.968,1789597780.968,SECONDARY,2,BUY,1,HEALTHY_TREND,0.9750000000003638,1.3250000000007276,1.6000000000012733,0.6250000000009095,6.595000000002074,5.270000000001346,11,12,68,82,0.43820224719074485,0.1116729877792116,0,1,0.0,0.09799981117248535,0.6,0.92,0.52,-0.21052631578947367,0.6907894736842105,0.875,0.5657894736842105,-0.11764705882352941,0.02999999999974534,-0.22999999999956344,,,
historical7d:1s:segment0,Candidate-J,TAKE_IMMEDIATE,1789598086.937,1789598086.937,SECONDARY,2,BUY,1,HEALTHY_TREND,1.3650000000006912,1.3650000000006912,1.8950000000004366,0.5300000000006548,3.8300000000044747,2.4650000000056025,14,20,64,77,0.5628865979379649,0.2168387609210662,2,-1,0.14599990844726562,0.0,0.8918918918918919,0.7027027027027027,0.5945945945945946,0.11864406779661017,0.8783783783783784,0.6756756756756757,0.5540540540540541,0.13043478260869565,0.0500000000001819,0.1500000000005457,,,
historical7d:1s:segment0,Candidate-J,TAKE_IMMEDIATE,1789598203.9580002,1789598203.9580002,PRIMARY,1,SELL,-1,HEALTHY_TREND,0.9050000000006548,2.845000000001164,1.3100000000013097,0.40500000000065484,6.315000000001419,3.469999999999345,25,4,113,51,0.5276967930026928,0.2907511497190268,0,1,0.0,0.05300021171569824,0.6451612903225806,0.8709677419354839,0.5161290322580645,-0.14893617021276595,0.7176470588235294,0.8647058823529412,0.5823529411764706,-0.09293680297397769,-0.010000000001127773,-0.11000000000058208,,,
historical7d:1s:segment0,Candidate-J,TAKE_IMMEDIATE,1789598297.943,1789598297.943,SECONDARY,2,BUY,1,HEALTHY_TREND,1.1199999999998909,1.425000000000182,1.4700000000020736,0.3500000000021828,5.015000000003965,3.5900000000037835,15,13,71,76,0.6153846153831162,0.16560139453793127,1,-1,0.20099997520446777,0.0,0.896551724137931,0.8275862068965517,0.7241379310344828,0.04,0.8741721854304636,0.7880794701986755,0.6622516556291391,0.05179282868525897,0.019999999999527063,0.02999999999974534,,,
historical7d:1s:segment0,Candidate-J,TAKE_IMMEDIATE,1789598469.9750001,1789598469.9750001,SECONDARY,2,BUY,1,HEALTHY_TREND,0.5649999999995998,1.0649999999995998,0.9999999999990905,0.4349999999994907,3.8849999999947613,2.8199999999951615,19,12,64,65,0.3937282229966261,0.15883668903821035,1,-1,0.04900002479553223,0.0,0.875,0.6875,0.5625,0.12,0.8863636363636364,0.8333333333333334,0.7196969696969697,0.030837004405286344,-0.07000000000061846,-0.02999999999974534,,,
historical7d:1s:segment0,Candidate-J,TAKE_IMMEDIATE,1789599063.922,1789599063.922,PRIMARY,1,BUY,1,HEALTHY_TREND,0.15999999999985448,0.5499999999992724,0.9699999999984357,0.8099999999985812,3.524999999997817,2.974999999998545,13,10,69,54,0.08988764044950709,0.08461538461532003,0,1,0.0,0.15400004386901855,0.8076923076923077,0.9230769230769231,0.7307692307692307,-0.06666666666666667,0.7244094488188977,0.7795275590551181,0.5039370078740157,-0.03664921465968586,-0.07999999999992724,-0.14000000000032742,,,
historical7d:1s:segment0,Candidate-J,WAIT,1789599553.984,1789599553.984,PRIMARY,1,BUY,1,HEALTHY_PULLBACK,-0.19500000000061846,0.25500000000010914,0.3650000000006912,0.5600000000013097,3.100000000000364,2.8450000000002547,18,13,90,60,0.2108108108110234,0.04289318755257908,0,1,0.0,0.20000004768371582,0.46875,1.0,0.46875,-0.3617021276595745,0.5947712418300654,0.9150326797385621,0.5098039215686274,-0.21212121212121213,-0.17000000000098225,-0.10999999999967258,1789599555.984,,
historical7d:1s:segment0,Candidate-J,SKIP_WAIT_EXPIRED,1789599553.984,1789599555.9889998,PRIMARY,1,BUY,1,HEALTHY_TREND,0.025000000000545697,0.4149999999999636,0.46000000000276486,0.43500000000221917,2.925000000002001,2.5100000000020373,16,9,88,58,0.027932960894308915,0.07635694572210769,0,1,0.0,0.05099987983703613,0.5925925925925926,0.9629629629629629,0.5555555555555556,-0.23809523809523808,0.5906040268456376,0.9194630872483222,0.5100671140939598,-0.21777777777777776,0.07000000000061846,0.13000000000101863,1789599555.984,HEALTHY_PULLBACK,
historical7d:1s:segment0,Candidate-J,TAKE_UNCHANGED,1789614642.982,1789614642.982,MICRO,3,BUY,1,,,,,,,,,,,,,,,,,,,,,,,,,,,,,,
historical7d:1s:segment0,Candidate-J,TAKE_IMMEDIATE,1789615421.591,1789615421.591,PRIMARY,1,BUY,1,HEALTHY_TREND,0.8250000000007276,0.2649999999994179,0.9650000000001455,0.13999999999941792,1.800000000000182,1.535000000000764,10,7,23,33,0.7466063348425824,0.0794602698648704,0,1,0.0,0.04700016975402832,0.8888888888888888,0.6666666666666666,0.5555555555555556,0.14285714285714285,0.7017543859649122,0.7719298245614035,0.47368421052631576,-0.047619047619047616,-0.16999999999916326,-0.08999999999923602,,,
historical7d:1s:segment0,Candidate-J,TAKE_IMMEDIATE,1789617600.971,1789617600.971,SECONDARY,2,BUY,1,HEALTHY_TREND,3.1200000000008004,3.1049999999995634,4.7849999999998545,1.6649999999990541,8.010000000000218,4.905000000000655,22,10,54,52,0.4837209302327641,0.2404181184668489,0,1,0.0,0.054000139236450195,0.9393939393939394,0.8181818181818182,0.7575757575757576,0.06896551724137931,0.8878504672897196,0.7289719626168224,0.616822429906542,0.09826589595375723,-0.3000000000001819,-0.21000000000003638,,,
historical7d:1s:segment0,Candidate-J,TAKE_IMMEDIATE,1789617977.909,1789617977.909,SECONDARY,2,BUY,1,HEALTHY_TREND,1.3249999999989086,3.019999999999527,1.8849999999993088,0.5600000000004002,5.660000000004402,2.640000000004875,12,8,56,48,0.5419222903881662,0.3638554216862833,0,1,0.0,0.05299997329711914,1.0,0.6666666666666666,0.6666666666666666,0.2,0.9056603773584906,0.7830188679245284,0.6886792452830188,0.07262569832402235,-0.19000000000050932,-0.11999999999989086,,,
historical7d:1s:segment0,Candidate-J,TAKE_IMMEDIATE,1789618633.982,1789618633.982,PRIMARY,1,BUY,1,HEALTHY_TREND,0.09000000000014552,0.9849999999996726,0.3099999999994907,0.21999999999934516,3.184999999998581,2.1999999999989086,8,3,46,29,0.16981132075536454,0.18291550603530765,0,1,0.0,1.4030001163482666,0.8333333333333334,0.6666666666666666,0.5,0.1111111111111111,0.8421052631578947,0.6710526315789473,0.5131578947368421,0.11304347826086956,-0.1000000000003638,-0.23000000000047294,,,
historical7d:1s:segment0,Candidate-J,WAIT,1789621329.987,1789621329.987,PRIMARY,1,SELL,-1,HEALTHY_PULLBACK,-0.26999999999952706,1.355000000000473,0.5400000000008731,0.8100000000004002,3.3650000000016007,2.0100000000011278,7,7,44,30,0.19999999999946105,0.252093023255774,1,-1,0.0559999942779541,0.0,0.6,0.7333333333333333,0.3333333333333333,-0.1,0.72,0.7333333333333333,0.4533333333333333,-0.009174311926605505,-0.3599999999996726,-0.32999999999901775,1789621331.987,,
historical7d:1s:segment0,Candidate-J,SKIP_DECAY_DURING_WAIT,1789621329.987,1789621331.888,PRIMARY,1,SELL,-1,REVERSAL,-1.7100000000000364,-0.2899999999999636,0.33999999999832653,2.049999999998363,3.1949999999987995,3.484999999998763,5,12,40,39,0.7154811715491235,0.04341317365270501,0,1,0.0,0.10200023651123047,0.8333333333333334,0.9444444444444444,0.7777777777777778,-0.0625,0.7625,0.775,0.5375,-0.008130081300813009,-0.2000000000007276,-0.07999999999992724,1789621331.987,HEALTHY_PULLBACK,
historical7d:1s:segment0,Candidate-J,WAIT,1789621909.9020002,1789621909.9020002,PRIMARY,1,SELL,-1,HEALTHY_PULLBACK,-0.010000000000218279,0.18999999999869033,0.3249999999998181,0.3350000000000364,2.929999999996653,2.7399999999979627,6,10,32,39,0.015151515151849218,0.03350970017616768,1,-1,0.09800028800964355,0.0,0.9411764705882353,0.5882352941176471,0.5294117647058824,0.23076923076923078,0.9452054794520548,0.5205479452054794,0.4657534246575342,0.2897196261682243,-0.23999999999978172,-0.05999999999949068,1789621911.9020002,,
historical7d:1s:segment0,Candidate-J,SKIP_WAIT_EXPIRED,1789621909.9020002,1789621912.854,PRIMARY,1,SELL,-1,HEALTHY_TREND,0.5950000000002547,1.3350000000009459,0.9650000000001455,0.36999999999989086,3.609999999996944,2.2749999999959982,13,6,40,34,0.4456928838953097,0.22684791843713625,0,1,0.0,0.09400010108947754,1.0,0.5,0.5,0.3333333333333333,0.9736842105263158,0.5,0.47368421052631576,0.32142857142857145,0.06999999999879947,0.12999999999919964,1789621911.9020002,HEALTHY_PULLBACK,
historical7d:1s:segment0,Candidate-J,TAKE_IMMEDIATE,1789623093.972,1789623093.972,PRIMARY,1,SELL,-1,HEALTHY_TREND,0.0750000000007276,0.5850000000009459,0.4650000000001455,0.3899999999994179,1.4550000000008367,0.8699999999998909,8,6,32,23,0.08771929824650981,0.25161290322613455,1,-1,0.26199984550476074,0.0,0.6666666666666666,0.9333333333333333,0.6,-0.16666666666666666,0.5357142857142857,0.8392857142857143,0.375,-0.22077922077922077,-0.26999999999952706,-0.25,,,
historical7d:1s:segment0,Candidate-J,TAKE_IMMEDIATE,1789635295.977,1789635295.977,PRIMARY,1,BUY,1,IGNITION,0.03999999999996362,-0.25,0.3000000000001819,0.2600000000002183,0.9900000000034197,1.2400000000034197,7,10,24,34,0.07142857142845542,0.11210762331804182,0,1,0.0,0.3510000705718994,0.65,0.75,0.4,-0.07142857142857142,0.7258064516129032,0.7903225806451613,0.5161290322580645,-0.0425531914893617,0.0,0.0,,,
historical7d:1s:segment0,Candidate-J,TAKE_UNCHANGED,1789636602.907,1789636602.907,MICRO,3,SELL,-1,,,,,,,,,,,,,,,,,,,,,,,,,,,,,,
historical7d:1s:segment0,Candidate-J,TAKE_IMMEDIATE,1789640119.977,1789640119.977,SECONDARY,2,BUY,1,HEALTHY_TREND,0.7349999999996726,0.8549999999995634,0.8049999999993815,0.06999999999970896,1.6199999999998909,0.7650000000003274,7,3,21,20,0.8400000000004989,0.35849056603752,0,1,0.0,0.10000014305114746,0.8181818181818182,0.8181818181818182,0.6363636363636364,0.0,0.5714285714285714,0.9047619047619048,0.47619047619047616,-0.22580645161290322,0.010000000000218279,0.09000000000014552,,,
historical7d:1s:segment0,Candidate-J,SKIP_BAD_PHASE,1789640906.6929998,1789640906.6929998,PRIMARY,1,BUY,1,REVERSAL,-0.1999999999998181,-0.1499999999996362,0.10499999999865395,0.30499999999847205,1.0599999999967622,1.209999999995489,3,6,22,33,0.4878048780517562,0.06607929515422385,1,-1,0.30899977684020996,0.0,0.9,0.8,0.7,0.058823529411764705,0.8275862068965517,0.7758620689655172,0.603448275862069,0.03225806451612903,0.1000000000003638,-0.21999999999934516,,,
historical7d:1s:segment0,Candidate-J,TAKE_UNCHANGED,1789641992.757,1789641992.757,BURST,4,BUY,1,,,,,,,,,,,,,,,,,,,,,,,,,,,,,,
historical7d:1s:segment0,Candidate-J,TAKE_IMMEDIATE,1789643496.9,1789643496.9,PRIMARY,1,SELL,-1,HEALTHY_TREND,0.2250000000003638,0.3500000000003638,0.34500000000025466,0.11999999999989086,0.6100000000014916,0.2600000000011278,7,7,16,13,0.48387096774256644,0.40229885057391956,1,-1,0.29900026321411133,0.0,1.0,0.2,0.2,0.6666666666666666,1.0,0.2,0.2,0.6666666666666666,-0.10999999999967258,-0.0999999999994543,,,
historical7d:1s:segment0,Candidate-J,TAKE_IMMEDIATE,1789644739.96,1789644739.96,PRIMARY,1,SELL,-1,HEALTHY_TREND,0.030000000000654836,1.2400000000006912,0.13500000000112777,0.10500000000047294,3.1350000000011278,1.8950000000004366,3,3,40,38,0.1250000000018948,0.2465208747515518,0,1,0.0,0.6000001430511475,1.0,0.5714285714285714,0.5714285714285714,0.2727272727272727,0.875,0.875,0.75,0.0,-0.0999999999994543,-0.1999999999998181,,,
historical7d:1s:segment0,Candidate-J,TAKE_IMMEDIATE,1789648231.537,1789648231.537,PRIMARY,1,SELL,-1,HEALTHY_TREND,1.1249999999990905,1.2399999999997817,1.5449999999982538,0.41999999999916326,2.7049999999953798,1.464999999995598,20,9,54,37,0.5725190839697554,0.2973621103123416,0,1,0.0,0.09999990463256836,0.6774193548387096,0.967741935483871,0.6451612903225806,-0.17647058823529413,0.6808510638297872,0.9042553191489362,0.5851063829787234,-0.14093959731543623,-0.0500000000001819,0.0,,,
historical7d:1s:segment0,Candidate-J,TAKE_UNCHANGED,1789654187.951,1789654187.951,BURST,4,BUY,1,,,,,,,,,,,,,,,,,,,,,,,,,,,,,,
historical7d:1s:segment0,Candidate-J,TAKE_UNCHANGED,1789654359.968,1789654359.968,MICRO,3,SELL,-1,,,,,,,,,,,,,,,,,,,,,,,,,,,,,,
historical7d:1s:segment0,Candidate-J,TAKE_IMMEDIATE,1789656063.875,1789656063.875,PRIMARY,1,SELL,-1,HEALTHY_TREND,0.23000000000047294,0.0999999999994543,0.2600000000002183,0.02999999999974534,0.805000000000291,0.7050000000008367,8,1,25,24,0.7931034482775924,0.06622516556250306,0,1,0.0,1.4490001201629639,0.9,0.9,0.8,0.0,0.84,0.88,0.72,-0.023255813953488372,-0.019999999999527063,-0.06000000000040018,,,
historical7d:1s:segment0,Candidate-J,TAKE_IMMEDIATE,1789656500.8060002,1789656500.8060002,SECONDARY,2,BUY,1,HEALTHY_TREND,0.7100000000009459,1.235000000000582,0.9499999999989086,0.23999999999796273,2.320000000001528,1.0850000000009459,14,7,40,25,0.5966386554645484,0.362701908957323,2,-1,0.10500025749206543,0.0,0.9090909090909091,0.7727272727272727,0.6818181818181818,0.08108108108108109,0.8939393939393939,0.6515151515151515,0.5454545454545454,0.1568627450980392,-0.1000000000003638,-0.13000000000010914,,,
historical7d:1s:segment0,Candidate-J,TAKE_IMMEDIATE,1789656876.67,1789656876.67,PRIMARY,1,BUY,1,HEALTHY_TREND,0.14000000000032742,0.9500000000007276,0.23500000000058208,0.09500000000025466,1.6250000000009095,0.6750000000001819,7,4,33,23,0.4242424242423407,0.4130434782609899,3,-1,0.6500000953674316,0.0,0.8333333333333334,0.75,0.5833333333333334,0.05263157894736842,0.8070175438596491,0.8245614035087719,0.631578947368421,-0.010752688172043012,0.020000000000436557,-0.019999999999527063,,,
historical7d:1s:segment0,Candidate-J,TAKE_IMMEDIATE,1789658234.879,1789658234.879,PRIMARY,1,BUY,1,IGNITION,0.11000000000058208,-0.7099999999991269,0.3849999999993088,0.2749999999987267,2.3749999999972715,3.0849999999963984,13,6,57,50,0.1666666666680447,0.1300366300366209,0,1,0.0,0.04999995231628418,0.9,0.6,0.5,0.2,0.7981651376146789,0.7981651376146789,0.5963302752293578,0.0,-0.07999999999992724,0.07999999999992724,,,
historical7d:1s:segment0,Candidate-J,TAKE_UNCHANGED,1789659164.844,1789659164.844,MICRO,3,SELL,-1,,,,,,,,,,,,,,,,,,,,,,,,,,,,,,
historical7d:1s:segment0,Candidate-J,TAKE_IMMEDIATE,1789659699.912,1789659699.912,PRIMARY,1,BUY,1,HEALTHY_TREND,0.3600000000005821,1.605000000000473,0.5399999999990541,0.17999999999847205,2.9849999999996726,1.3799999999991996,8,4,57,18,0.5000000000025264,0.3676975945019216,1,-1,0.048999786376953125,0.0,0.9230769230769231,0.46153846153846156,0.38461538461538464,0.3333333333333333,0.881578947368421,0.5131578947368421,0.39473684210526316,0.2641509433962264,0.07999999999901775,-0.02999999999974534,,,
historical7d:1s:segment0,Candidate-J,TAKE_UNCHANGED,1789660200.981,1789660200.981,MICRO,3,BUY,1,,,,,,,,,,,,,,,,,,,,,,,,,,,,,,
historical7d:1s:segment0,Candidate-J,TAKE_IMMEDIATE,1789660804.987,1789660804.987,SECONDARY,2,SELL,-1,HEALTHY_TREND,2.914999999999054,6.569999999999709,4.634999999998399,1.7199999999993452,11.774999999998727,5.204999999999018,22,14,83,71,0.45869394177814143,0.3869257950530378,2,-1,0.15000009536743164,0.0,0.9459459459459459,0.7837837837837838,0.7297297297297297,0.09375,0.8974358974358975,0.7884615384615384,0.6858974358974359,0.06463878326996197,-0.06999999999970896,-0.11999999999898137,,,
historical7d:1s:segment0,Candidate-J,TAKE_IMMEDIATE,1789661412.966,1789661412.966,SECONDARY,2,SELL,-1,HEALTHY_TREND,0.6899999999995998,1.0700000000006185,0.8950000000004366,0.20500000000083674,2.840000000002874,1.770000000003165,14,9,50,47,0.6272727272716374,0.23210412147483855,0,1,0.0,0.20799994468688965,0.75,0.7916666666666666,0.5416666666666666,-0.02702702702702703,0.8383838383838383,0.7272727272727273,0.5656565656565656,0.07096774193548387,0.019999999999527063,-0.019999999999527063,,,
historical7d:1s:segment0,Candidate-J,WAIT,1789661749.9420002,1789661749.9420002,PRIMARY,1,BUY,1,HEALTHY_PULLBACK,-0.9349999999994907,0.44500000000061846,0.3099999999994907,1.2449999999989814,3.865000000004329,3.4200000000037107,11,17,66,74,0.6012861736337038,0.06108442004119799,0,1,0.0,0.10000038146972656,0.4827586206896552,0.896551724137931,0.3793103448275862,-0.3,0.6223776223776224,0.9090909090909091,0.5314685314685315,-0.1872146118721461,-0.1500000000005457,-0.13000000000010914,1789661751.9420002,,
historical7d:1s:segment0,Candidate-J,SKIP_DECAY_DURING_WAIT,1789661749.9420002,1789661751.9980001,PRIMARY,1,BUY,1,REVERSAL,-0.09499999999934516,-0.11999999999898137,0.3750000000009095,0.47000000000025466,3.155000000004293,3.275000000003274,8,12,57,73,0.11242603550202873,0.018662519439944035,1,-1,0.09800004959106445,0.0,0.7142857142857143,0.8571428571428571,0.5714285714285714,-0.09090909090909091,0.6240601503759399,0.9022556390977443,0.5263157894736842,-0.18226600985221675,-0.02999999999974534,-0.020000000000436557,1789661751.9420002,HEALTHY_PULLBACK,
historical7d:1s:segment0,Candidate-J,TAKE_IMMEDIATE,1789662996.978,1789662996.978,SECONDARY,2,SELL,-1,HEALTHY_TREND,2.7100000000000364,3.6500000000005457,3.5999999999994543,0.8899999999994179,5.86500000000251,2.215000000001055,16,11,57,48,0.6035634743876875,0.4517326732671441,2,-1,0.09799981117248535,0.0,0.9285714285714286,0.7857142857142857,0.7142857142857143,0.08333333333333333,0.875,0.8482142857142857,0.7232142857142857,0.015544041450777202,0.1000000000003638,0.08000000000083674,,,
historical7d:1s:segment0,Candidate-J,TAKE_IMMEDIATE,1789663504.984,1789663504.984,PRIMARY,1,SELL,-1,HEALTHY_TREND,1.7199999999993452,2.2849999999998545,2.25,0.5300000000006548,5.774999999996908,3.4899999999979627,22,10,82,64,0.6187050359708417,0.24662709120355047,0,1,0.0,0.29600000381469727,0.9714285714285714,0.7714285714285715,0.7428571428571429,0.11475409836065574,0.7933333333333333,0.78,0.5733333333333334,0.00847457627118644,-0.0999999999994543,-0.1499999999996362,,,
historical7d:1s:segment0,Candidate-J,TAKE_IMMEDIATE,1789664822.9950001,1789664822.9950001,PRIMARY,1,BUY,1,HEALTHY_TREND,0.1750000000001819,1.9749999999994543,0.6400000000012369,0.465000000001055,4.11500000000342,2.1400000000039654,14,16,66,65,0.15837104072381802,0.31574740207787727,1,-1,0.05200004577636719,0.0,0.7419354838709677,0.8064516129032258,0.5483870967741935,-0.041666666666666664,0.6541353383458647,0.8270676691729323,0.48120300751879697,-0.116751269035533,-0.11000000000058208,-0.0500000000001819,,,
historical7d:1s:segment0,Candidate-J,TAKE_UNCHANGED,1789665128.972,1789665128.972,MICRO,3,SELL,-1,,,,,,,,,,,,,,,,,,,,,,,,,,,,,,
historical7d:1s:segment0,Candidate-J,TAKE_IMMEDIATE,1789666476.851,1789666476.851,SECONDARY,2,BUY,1,HEALTHY_TREND,0.569999999999709,0.8999999999996362,0.7399999999997817,0.17000000000007276,2.4149999999981446,1.5149999999985084,12,4,48,25,0.6263736263734068,0.22900763358788873,1,-1,0.15199995040893555,0.0,0.8235294117647058,0.8235294117647058,0.6470588235294118,0.0,0.84,0.84,0.68,0.0,-0.07999999999992724,-0.1000000000003638,,,
historical7d:1s:segment0,Candidate-J,WAIT,1789666760.825,1789666760.825,PRIMARY,1,SELL,-1,HEALTHY_PULLBACK,-0.07999999999992724,0.7600000000002183,0.31999999999970896,0.3999999999996362,2.455000000003565,1.695000000003347,10,12,44,40,0.1111111111111111,0.1831325301202295,1,-1,0.04700016975402832,0.0,0.7391304347826086,0.7391304347826086,0.4782608695652174,0.0,0.7126436781609196,0.8505747126436781,0.5632183908045977,-0.08823529411764706,0.07999999999992724,0.019999999999527063,1789666762.825,,
historical7d:1s:segment0,Candidate-J,TAKE_DELAYED,1789666760.825,1789666761.733,PRIMARY,1,SELL,-1,HEALTHY_TREND,0.06500000000050932,0.7150000000001455,0.15500000000156433,0.09000000000105501,2.4200000000037107,1.7050000000035652,8,5,45,40,0.265306122448222,0.17333333333306286,0,1,0.0,0.14499998092651367,0.42857142857142855,0.9285714285714286,0.35714285714285715,-0.3684210526315789,0.6931818181818182,0.8522727272727273,0.5454545454545454,-0.10294117647058823,0.02999999999974534,-0.10999999999967258,1789666762.825,HEALTHY_PULLBACK,0.9079999923706055
historical7d:1s:segment0,Candidate-J,TAKE_IMMEDIATE,1789668684.972,1789668684.972,PRIMARY,1,SELL,-1,HEALTHY_TREND,0.3000000000001819,0.13999999999941792,0.4249999999992724,0.1249999999990905,1.7199999999975262,1.5799999999990177,10,4,39,43,0.5454545454564997,0.04242424242409878,0,1,0.0,0.051999807357788086,0.6,0.8666666666666667,0.4666666666666667,-0.18181818181818182,0.8095238095238095,0.6547619047619048,0.4642857142857143,0.10569105691056911,0.020000000000436557,-0.0999999999994543,,,
historical7d:1s:segment0,Candidate-J,WAIT,1789670449.961,1789670449.961,PRIMARY,1,BUY,1,HEALTHY_PULLBACK,-0.010000000000218279,0.22999999999956344,0.44499999999970896,0.45499999999901775,1.2399999999979627,1.0099999999974898,6,7,32,27,0.011111111111358134,0.10222222222219347,0,1,0.0,0.04999995231628418,0.8666666666666667,0.7333333333333333,0.6,0.08333333333333333,0.8387096774193549,0.46774193548387094,0.3064516129032258,0.2839506172839506,-0.020000000000436557,0.020000000000436557,1789670451.961,,
historical7d:1s:segment0,Candidate-J,TAKE_DELAYED,1789670449.961,1789670450.9129999,PRIMARY,1,BUY,1,HEALTHY_TREND,0.05500000000029104,0.21000000000003638,0.38000000000010914,0.3249999999989086,1.3599999999978536,1.1499999999969077,6,8,33,31,0.078014184397584,0.08366533864557713,1,-1,0.04799985885620117,0.0,0.8125,0.5625,0.375,0.18181818181818182,0.835820895522388,0.4925373134328358,0.3283582089552239,0.25842696629213485,0.02999999999974534,0.07999999999992724,1789670451.961,HEALTHY_PULLBACK,0.9519999027252197
historical7d:1s:segment0,Candidate-J,TAKE_IMMEDIATE,1789671602.992,1789671602.992,PRIMARY,1,BUY,1,HEALTHY_TREND,0.5649999999995998,0.625,1.1599999999998545,0.5950000000002547,2.5449999999991633,1.9199999999991633,17,11,46,37,0.3219373219370739,0.1399776035834791,1,-1,0.04900002479553223,0.0,0.7419354838709677,0.8709677419354839,0.6129032258064516,-0.08,0.8505747126436781,0.7011494252873564,0.5517241379310345,0.0962962962962963,-0.02999999999974534,0.010000000000218279,,,
historical7d:1s:segment0,Candidate-J,SKIP_BAD_PHASE,1789673571.864,1789673571.864,PRIMARY,1,SELL,-1,DECAY,-0.024999999999636202,0.6149999999997817,0.020000000000436557,0.04500000000007276,1.6850000000004002,1.0699999999987995,1,2,38,27,0.384615384606774,0.22323049001798706,2,-1,0.29799985885620117,0.0,0.75,0.75,0.5,0.0,0.7971014492753623,0.7536231884057971,0.5507246376811594,0.028037383177570093,0.010000000000218279,-0.02999999999974534,,,
historical7d:1s:segment0,Candidate-J,TAKE_IMMEDIATE,1789675361.956,1789675361.956,SECONDARY,2,SELL,-1,HEALTHY_TREND,0.8250000000007276,0.8800000000010186,0.930000000000291,0.10499999999956344,1.9400000000014188,1.0600000000004002,9,2,40,26,0.7971014492761774,0.29333333333349504,0,1,0.0,0.20399999618530273,0.75,0.8333333333333334,0.5833333333333334,-0.05263157894736842,0.75,0.8970588235294118,0.6470588235294118,-0.08928571428571429,-0.02999999999974534,-0.15999999999985448,,,
historical7d:1s:segment0,Candidate-J,TAKE_IMMEDIATE,1789681108.9580002,1789681108.9580002,PRIMARY,1,SELL,-1,HEALTHY_TREND,0.2000000000007276,0.6700000000000728,0.24000000000069122,0.03999999999996362,0.9250000000001819,0.25500000000010914,11,2,35,11,0.7142857142866423,0.5677966101694132,0,1,0.0,0.19900012016296387,0.6428571428571429,0.7142857142857143,0.35714285714285715,-0.05263157894736842,0.7551020408163265,0.7755102040816326,0.5306122448979592,-0.013333333333333334,-0.06000000000040018,-0.040000000000873115,,,
historical7d:1s:segment0,Candidate-J,TAKE_IMMEDIATE,1789684082.9740002,1789684082.9740002,SECONDARY,2,SELL,-1,HEALTHY_TREND,1.3300000000008367,2.324999999999818,1.7300000000013824,0.3999999999996362,3.455000000007203,1.1300000000037471,19,7,50,30,0.6244131455397337,0.5070883315141593,0,1,0.0,0.20200014114379883,0.8214285714285714,0.7857142857142857,0.6071428571428571,0.022222222222222223,0.8390804597701149,0.7701149425287356,0.6091954022988506,0.04285714285714286,-0.019999999999527063,-0.009999999999308784,,,
historical7d:1s:segment0,Candidate-J,WAIT,1789705238.932,1789705238.932,PRIMARY,1,BUY,1,HEALTHY_PULLBACK,-0.049999999999272404,0.44500000000061846,0.0,0.049999999999272404,1.1549999999997453,0.7099999999991269,0,1,19,14,1.0,0.2386058981238003,1,-1,inf,0.0,0.5,0.5,0.0,0.0,0.7647058823529411,0.6176470588235294,0.38235294117647056,0.10638297872340426,-0.1000000000003638,-0.23000000000047294,1789705240.932,,
historical7d:1s:segment0,Candidate-J,SKIP_DECAY_DURING_WAIT,1789705238.932,1789705240.733,PRIMARY,1,BUY,1,REVERSAL,-0.3250000000007276,-0.1000000000003638,0.2999999999992724,0.625,1.2049999999990177,1.3049999999993815,5,10,20,23,0.3513513513524143,0.03984063745036955,0,1,0.0,0.04999995231628418,0.8125,0.625,0.4375,0.13043478260869565,0.8636363636363636,0.5909090909090909,0.45454545454545453,0.1875,0.13000000000101863,-0.03999999999996362,1789705240.932,HEALTHY_PULLBACK,
historical7d:1s:segment0,Candidate-J,TAKE_IMMEDIATE,1789706581.792,1789706581.792,PRIMARY,1,SELL,-1,HEALTHY_TREND,0.39500000000043656,0.8500000000003638,0.8549999999995634,0.4599999999991269,1.6599999999980355,0.8099999999976717,11,7,24,11,0.30038022813751325,0.3441295546566158,1,-1,0.34800004959106445,0.0,0.8947368421052632,0.7368421052631579,0.631578947368421,0.0967741935483871,0.7222222222222222,0.75,0.4722222222222222,-0.018867924528301886,-0.13000000000010914,-0.12000000000080036,,,
historical7d:1s:segment0,Candidate-J,TAKE_IMMEDIATE,1789712211.0449998,1789712211.0449998,PRIMARY,1,SELL,-1,HEALTHY_TREND,0.09499999999934516,0.009999999999308784,0.09499999999934516,0.0,0.7799999999988358,0.7699999999995271,4,0,19,11,1.0,0.006451612902786675,0,1,0.0,inf,0.0,1.0,0.0,-1.0,0.4838709677419355,0.7419354838709677,0.22580645161290322,-0.21052631578947367,-0.18999999999959982,-0.1999999999998181,,,
historical7d:1s:segment0,Candidate-J,TAKE_UNCHANGED,1789713296.6780002,1789713296.6780002,BURST,4,BUY,1,,,,,,,,,,,,,,,,,,,,,,,,,,,,,,
historical7d:1s:segment0,Candidate-J,SKIP_BAD_PHASE,1789713750.544,1789713750.544,PRIMARY,1,BUY,1,REVERSAL,-0.09999999999854481,-0.1749999999992724,0.030000000000654836,0.12999999999919964,0.6300000000010186,0.805000000000291,2,6,15,19,0.6249999999914735,0.12195121951157678,6,-1,1.3009998798370361,0.0,0.4444444444444444,0.6666666666666666,0.1111111111111111,-0.2,0.5714285714285714,0.8,0.37142857142857144,-0.16666666666666666,-0.1000000000003638,-0.0500000000001819,,,
historical7d:1s:segment0,Candidate-J,TAKE_IMMEDIATE,1789721883.6169999,1789721883.6169999,PRIMARY,1,BUY,1,HEALTHY_TREND,0.014999999999417923,0.3249999999998181,0.6000000000012733,0.5850000000018554,1.1650000000008731,0.840000000001055,5,10,11,20,0.012658227847576642,0.16209476309202273,1,-1,0.2519998550415039,0.0,0.625,0.875,0.5,-0.16666666666666666,0.625,0.84375,0.46875,-0.14893617021276595,-0.06999999999970896,0.09000000000105501,,,
historical7d:1s:segment0,Candidate-J,TAKE_IMMEDIATE,1789722363.9980001,1789722363.9980001,SECONDARY,2,BUY,1,HEALTHY_TREND,1.1350000000002183,2.7200000000002547,1.3000000000010914,0.16500000000087311,4.785000000000764,2.0650000000005093,13,6,48,49,0.7747440273028644,0.3970802919707663,0,1,0.0,1.0500001907348633,0.65,0.95,0.6,-0.1875,0.6122448979591837,0.9183673469387755,0.5306122448979592,-0.2,-0.009999999999308784,-0.03999999999996362,,,
historical7d:1s:segment0,Candidate-J,WAIT,1789723626.188,1789723626.188,PRIMARY,1,BUY,1,HEALTHY_PULLBACK,-0.2750000000005457,0.7649999999994179,0.215000000001055,0.4900000000016007,1.7200000000011642,0.9550000000017462,6,5,29,20,0.3900709219851202,0.2859813084106862,0,1,0.0,0.3489999771118164,0.9166666666666666,0.6666666666666666,0.5833333333333334,0.15789473684210525,0.8867924528301887,0.6792452830188679,0.5660377358490566,0.13253012048192772,-0.02999999999974534,-0.11000000000058208,1789723628.188,,
historical7d:1s:segment0,Candidate-J,SKIP_WAIT_EXPIRED,1789723626.188,1789723628.9420002,PRIMARY,1,BUY,1,HEALTHY_PULLBACK,-0.21000000000094587,0.2649999999994179,0.054999999999381544,0.2650000000003274,1.4950000000008004,1.2300000000013824,5,4,24,23,0.6562500000035527,0.09724770642172685,0,1,0.0,0.2980000972747803,1.0,0.2,0.2,0.6666666666666666,0.9,0.58,0.48,0.21621621621621623,0.0,-0.09000000000014552,1789723628.188,HEALTHY_PULLBACK,
historical7d:1s:segment0,Candidate-J,TAKE_UNCHANGED,1789728974.961,1789728974.961,BURST,4,SELL,-1,,,,,,,,,,,,,,,,,,,,,,,,,,,,,,
historical7d:1s:segment0,Candidate-J,TAKE_IMMEDIATE,1789730727.8140001,1789730727.8140001,PRIMARY,1,SELL,-1,HEALTHY_TREND,0.11499999999978172,0.3349999999991269,0.1650000000017826,0.05000000000200089,1.2750000000005457,0.9400000000014188,6,4,34,25,0.5348837209198046,0.151241534988185,1,-1,0.8559999465942383,0.0,1.0,0.09090909090909091,0.09090909090909091,0.8333333333333334,0.9180327868852459,0.5737704918032787,0.4918032786885246,0.23076923076923078,0.010000000000218279,-0.09000000000014552,,,
historical7d:1s:segment0,Candidate-J,WAIT,1789735360.577,1789735360.577,PRIMARY,1,SELL,-1,HEALTHY_PULLBACK,-0.09500000000025466,0.9450000000006185,0.1999999999989086,0.29500000000007276,1.7249999999994543,0.7799999999997453,7,8,29,23,0.19191919191974868,0.3772455089822664,0,1,0.0,0.34800004959106445,0.6470588235294118,0.9411764705882353,0.5882352941176471,-0.18518518518518517,0.8392857142857143,0.7857142857142857,0.625,0.03296703296703297,-0.02999999999974534,0.0500000000001819,1789735362.577,,
historical7d:1s:segment0,Candidate-J,SKIP_WAIT_EXPIRED,1789735360.577,1789735362.979,PRIMARY,1,SELL,-1,HEALTHY_PULLBACK,-0.03999999999996362,0.8599999999996726,0.08500000000003638,0.125,1.5649999999977808,0.7049999999990177,3,3,23,17,0.19047619047598424,0.37885462555089905,0,1,0.0,0.30099987983703613,0.8571428571428571,0.7142857142857143,0.5714285714285714,0.09090909090909091,0.8181818181818182,0.8636363636363636,0.6818181818181818,-0.02702702702702703,-0.03999999999996362,-0.03999999999996362,1789735362.577,HEALTHY_PULLBACK,
historical7d:1s:segment0,Candidate-J,TAKE_IMMEDIATE,1789740332.994,1789740332.994,SECONDARY,2,SELL,-1,HEALTHY_TREND,1.8900000000003274,4.1200000000008,2.6049999999995634,0.714999999999236,11.75000000000091,7.630000000000109,25,11,95,88,0.5692771084340394,0.2125902992776359,0,1,0.0,0.19000005722045898,0.7894736842105263,0.9473684210526315,0.7368421052631579,-0.09090909090909091,0.8279569892473119,0.956989247311828,0.7849462365591398,-0.07228915662650602,-0.2599999999993088,0.06000000000130967,,,
historical7d:1s:segment1,Quote-entry,WAIT,1789742547.9980001,1789742547.9980001,PRIMARY,1,SELL,-1,HEALTHY_PULLBACK,-0.040000000000873115,0.2600000000002183,0.029999999998835847,0.06999999999970896,0.964999999999236,0.7049999999990177,1,1,27,12,0.40000000001455194,0.1556886227547845,1,-1,1.0520002841949463,0.0,1.0,0.6666666666666666,0.6666666666666666,0.2,0.8,0.6,0.4,0.14285714285714285,-0.07999999999992724,-0.11999999999989086,1789742549.9980001,,
historical7d:1s:segment1,Quote-entry,SKIP_WAIT_EXPIRED,1789742547.9980001,1789742550.9529998,PRIMARY,1,SELL,-1,HEALTHY_TREND,0.14500000000043656,0.3250000000007276,0.14500000000043656,0.0,0.6899999999995998,0.3649999999988722,4,0,24,11,1.0,0.3080568720390505,0,1,0.0,inf,1.0,0.6666666666666666,0.6666666666666666,0.2,0.8648648648648649,0.5405405405405406,0.40540540540540543,0.23076923076923078,0.1500000000005457,0.030000000000654836,1789742549.9980001,HEALTHY_PULLBACK,
historical7d:1s:segment1,Quote-entry,TAKE_UNCHANGED,1789743770.854,1789743770.854,BURST,4,SELL,-1,,,,,,,,,,,,,,,,,,,,,,,,,,,,,,
historical7d:1s:segment1,Quote-entry,TAKE_IMMEDIATE,1789743963.9420002,1789743963.9420002,PRIMARY,1,SELL,-1,HEALTHY_TREND,0.8000000000010914,1.3950000000004366,0.9750000000012733,0.1750000000001819,3.5750000000025466,2.18000000000211,23,9,90,57,0.6956521739131123,0.24239791485652612,0,1,0.0,0.20200014114379883,1.0,0.5757575757575758,0.5757575757575758,0.2692307692307692,0.9731543624161074,0.5771812080536913,0.5503355704697986,0.2554112554112554,-0.07999999999992724,0.010000000000218279,,,
historical7d:1s:segment1,Quote-entry,TAKE_UNCHANGED,1789744864.826,1789744864.826,MICRO,3,SELL,-1,,,,,,,,,,,,,,,,,,,,,,,,,,,,,,
historical7d:1s:segment1,Quote-entry,TAKE_IMMEDIATE,1789745230.8769999,1789745230.8769999,SECONDARY,2,SELL,-1,HEALTHY_TREND,0.944999999999709,1.8800000000001091,1.1949999999969805,0.2499999999990905,3.8149999999950523,1.9349999999967622,19,6,71,41,0.6539792387550788,0.32695652173951145,0,1,0.0,0.04699969291687012,0.75,1.0,0.75,-0.14285714285714285,0.8017241379310345,0.9224137931034483,0.7241379310344828,-0.07,-0.06999999999970896,0.08000000000083674,,,
historical7d:1s:segment1,Quote-entry,TAKE_UNCHANGED,1789745476.976,1789745476.976,MICRO,3,BUY,1,,,,,,,,,,,,,,,,,,,,,,,,,,,,,,
historical7d:1s:segment1,Quote-entry,TAKE_IMMEDIATE,1789747214.968,1789747214.968,PRIMARY,1,BUY,1,HEALTHY_TREND,0.5750000000007276,1.8000000000010914,1.4849999999996726,0.909999999998945,7.359999999998763,5.559999999997672,22,9,94,70,0.24008350730733172,0.13931888544903934,0,1,0.0,0.048999786376953125,0.90625,0.625,0.53125,0.1836734693877551,0.8511904761904762,0.8035714285714286,0.6547619047619048,0.02877697841726619,0.16999999999916326,-0.12000000000080036,,,
historical7d:1s:segment1,Quote-entry,TAKE_UNCHANGED,1789747390.945,1789747390.945,MICRO,3,SELL,-1,,,,,,,,,,,,,,,,,,,,,,,,,,,,,,
historical7d:1s:segment1,Quote-entry,TAKE_IMMEDIATE,1789747489.987,1789747489.987,SECONDARY,2,BUY,1,HEALTHY_TREND,1.0849999999991269,1.9749999999985448,1.1599999999980355,0.0749999999989086,3.720000000001164,1.7450000000026193,20,5,73,37,0.8785425101229244,0.3613906678860343,0,1,0.0,0.24200010299682617,0.9629629629629629,0.7407407407407407,0.7037037037037037,0.13043478260869565,0.8859649122807017,0.7894736842105263,0.6754385964912281,0.05759162303664921,-0.0500000000001819,-0.06999999999970896,,,
historical7d:1s:segment1,Quote-entry,TAKE_IMMEDIATE,1789749091.967,1789749091.967,PRIMARY,1,SELL,-1,HEALTHY_TREND,0.07999999999992724,1.2249999999994543,0.6150000000025102,0.535000000002583,3.2449999999989814,2.0199999999986176,16,11,68,56,0.06956521739093298,0.23266856600186162,0,1,0.0,0.39999985694885254,0.8571428571428571,0.75,0.6071428571428571,0.06666666666666667,0.8515625,0.703125,0.5546875,0.09547738693467336,-0.07999999999992724,0.030000000000654836,,,
historical7d:1s:segment1,Quote-entry,WAIT,1789750451.994,1789750451.994,PRIMARY,1,SELL,-1,HEALTHY_PULLBACK,-0.005000000000109139,0.464999999999236,0.965000000001055,0.9700000000011642,4.414999999999054,3.949999999999818,13,14,77,58,0.002583979328218814,0.05558876270164958,1,-1,0.051999807357788086,0.0,0.9285714285714286,0.8928571428571429,0.8214285714285714,0.0196078431372549,0.8832116788321168,0.7956204379562044,0.6788321167883211,0.05217391304347826,-0.0500000000001819,-0.1500000000005457,1789750453.994,,
historical7d:1s:segment1,Quote-entry,SKIP_WAIT_EXPIRED,1789750451.994,1789750453.994,PRIMARY,1,SELL,-1,HEALTHY_PULLBACK,-0.14000000000032742,1.2949999999991633,0.9800000000004729,1.1200000000008004,4.974999999999454,3.680000000000291,14,17,76,57,0.06666666666678216,0.14962449451175058,0,1,0.0,0.4010000228881836,0.9696969696969697,0.7575757575757576,0.7272727272727273,0.12280701754385964,0.9037037037037037,0.8296296296296296,0.7333333333333333,0.042735042735042736,0.11999999999989086,0.02999999999974534,1789750453.994,HEALTHY_PULLBACK,
historical7d:1s:segment1,Quote-entry,TAKE_IMMEDIATE,1789751974.95,1789751974.95,SECONDARY,2,SELL,-1,HEALTHY_TREND,0.7250000000003638,1.9599999999991269,0.805000000000291,0.07999999999992724,2.9450000000006185,0.9850000000014916,11,3,58,28,0.8192090395482317,0.4987277353684668,1,-1,0.14500021934509277,0.04900002479553223,0.9444444444444444,0.8333333333333334,0.7777777777777778,0.0625,0.8279569892473119,0.8709677419354839,0.6989247311827957,-0.02531645569620253,0.010000000000218279,-0.020000000000436557,,,
historical7d:1s:segment1,Quote-entry,TAKE_IMMEDIATE,1789753819.984,1789753819.984,PRIMARY,1,BUY,1,HEALTHY_TREND,0.5650000000005093,0.9000000000005457,0.785000000002583,0.22000000000207365,3.3050000000030195,2.405000000002474,19,10,79,60,0.56218905472427,0.1576182136601891,0,1,0.0,0.051000118255615234,0.8666666666666667,0.6666666666666666,0.5333333333333333,0.13043478260869565,0.8661971830985915,0.7887323943661971,0.6549295774647887,0.04680851063829787,-0.10999999999967258,-0.06000000000040018,,,
historical7d:1s:segment1,Quote-entry,TAKE_IMMEDIATE,1789754302.941,1789754302.941,SECONDARY,2,SELL,-1,HEALTHY_TREND,0.7250000000003638,2.264999999999418,0.7899999999981446,0.06499999999778083,3.0900000000001455,0.8250000000007276,9,7,51,29,0.8479532163787354,0.5785440613024043,0,1,0.0,0.14700007438659668,0.8333333333333334,0.6666666666666666,0.5,0.1111111111111111,0.8674698795180723,0.8072289156626506,0.6746987951807228,0.03597122302158273,0.0500000000001819,0.07000000000061846,,,
historical7d:1s:segment1,Quote-entry,TAKE_IMMEDIATE,1789757067.9889998,1789757067.9889998,SECONDARY,2,BUY,1,HEALTHY_TREND,0.8950000000004366,1.5150000000003274,1.1750000000020009,0.28000000000156433,2.4000000000041837,0.8850000000038563,11,10,48,45,0.6151202749128821,0.46118721461084305,0,1,0.0,0.042999982833862305,0.9565217391304348,0.6521739130434783,0.6086956521739131,0.1891891891891892,0.8947368421052632,0.5368421052631579,0.43157894736842106,0.25,0.009999999999308784,0.0500000000001819,,,
historical7d:1s:segment1,Quote-entry,TAKE_IMMEDIATE,1789758585.943,1789758585.943,PRIMARY,1,BUY,1,HEALTHY_TREND,0.32000000000061846,0.45500000000083674,0.375,0.054999999999381544,2.0199999999986176,1.5649999999977808,8,3,43,39,0.7441860465141366,0.12691771269213217,1,-1,0.051000118255615234,0.0,0.6666666666666666,0.9166666666666666,0.5833333333333334,-0.15789473684210525,0.5662650602409639,0.963855421686747,0.5301204819277109,-0.25984251968503935,-9.094947017729282e-13,0.02999999999974534,,,
historical7d:1s:segment1,Quote-entry,TAKE_IMMEDIATE,1789759468.945,1789759468.945,PRIMARY,1,BUY,1,HEALTHY_TREND,0.2849999999998545,0.08999999999923602,0.6850000000013097,0.4000000000014552,1.6900000000041473,1.6000000000049113,9,11,29,34,0.26267281105910434,0.02735562309999642,2,-1,0.0989997386932373,0.0,0.4090909090909091,1.0,0.4090909090909091,-0.41935483870967744,0.4153846153846154,0.9538461538461539,0.36923076923076925,-0.39325842696629215,0.1499999999996362,-0.07999999999901775,,,
historical7d:1s:segment1,Quote-entry,TAKE_IMMEDIATE,1789761354.9889998,1789761354.9889998,PRIMARY,1,BUY,1,HEALTHY_TREND,0.27999999999974534,0.8850000000002183,0.42999999999847205,0.1499999999987267,1.7499999999990905,0.8649999999988722,4,4,29,24,0.4827586206915477,0.33843212237128406,0,1,0.0,0.05099987983703613,0.5555555555555556,0.8888888888888888,0.4444444444444444,-0.23076923076923078,0.3888888888888889,0.9444444444444444,0.3333333333333333,-0.4166666666666667,-0.13999999999941792,-0.009999999999308784,,,
historical7d:1s:segment1,Quote-entry,TAKE_IMMEDIATE,1789762637.884,1789762637.884,PRIMARY,1,BUY,1,HEALTHY_TREND,0.20499999999992724,0.8550000000004729,0.27999999999883585,0.0749999999989086,1.9149999999999636,1.0599999999994907,7,6,33,35,0.5774647887358584,0.287394957983405,0,1,0.0,0.10400009155273438,0.21428571428571427,0.9285714285714286,0.14285714285714285,-0.625,0.5072463768115942,0.8115942028985508,0.3188405797101449,-0.23076923076923078,0.010000000000218279,0.010000000000218279,,,
historical7d:1s:segment1,Quote-entry,TAKE_IMMEDIATE,1789763657.9139998,1789763657.9139998,SECONDARY,2,BUY,1,HEALTHY_TREND,2.125,2.4950000000008004,3.464999999999236,1.339999999999236,4.265000000001237,1.7700000000004366,17,13,34,29,0.4422476586890064,0.41342170671087136,5,-1,0.30899977684020996,0.0,0.9032258064516129,0.967741935483871,0.8709677419354839,-0.034482758620689655,0.875,0.875,0.75,0.0,0.12999999999919964,0.0500000000001819,,,
historical7d:1s:segment1,Quote-entry,TAKE_IMMEDIATE,1789767860.959,1789767860.959,PRIMARY,1,SELL,-1,HEALTHY_TREND,0.10999999999967258,0.5749999999998181,0.20999999999912689,0.0999999999994543,1.0599999999994907,0.4849999999996726,8,5,34,19,0.3548387096779872,0.37216828478972785,0,1,0.0,0.04800009727478027,0.7142857142857143,0.7857142857142857,0.5,-0.047619047619047616,0.75,0.7142857142857143,0.4642857142857143,0.024390243902439025,-0.07999999999992724,-0.049999999999272404,,,
historical7d:1s:segment1,Quote-exit,TAKE_UNCHANGED,1789742547.9980001,1789742547.9980001,PRIMARY,1,SELL,-1,,,,,,,,,,,,,,,,,,,,,,,,,,,,,,
historical7d:1s:segment1,Quote-exit,TAKE_UNCHANGED,1789743770.854,1789743770.854,BURST,4,SELL,-1,,,,,,,,,,,,,,,,,,,,,,,,,,,,,,
historical7d:1s:segment1,Quote-exit,TAKE_UNCHANGED,1789743963.9420002,1789743963.9420002,PRIMARY,1,SELL,-1,,,,,,,,,,,,,,,,,,,,,,,,,,,,,,
historical7d:1s:segment1,Quote-exit,TAKE_UNCHANGED,1789744864.826,1789744864.826,MICRO,3,SELL,-1,,,,,,,,,,,,,,,,,,,,,,,,,,,,,,
historical7d:1s:segment1,Quote-exit,TAKE_UNCHANGED,1789745230.8769999,1789745230.8769999,SECONDARY,2,SELL,-1,,,,,,,,,,,,,,,,,,,,,,,,,,,,,,
historical7d:1s:segment1,Quote-exit,TAKE_UNCHANGED,1789745476.976,1789745476.976,MICRO,3,BUY,1,,,,,,,,,,,,,,,,,,,,,,,,,,,,,,
historical7d:1s:segment1,Quote-exit,TAKE_UNCHANGED,1789747214.968,1789747214.968,PRIMARY,1,BUY,1,,,,,,,,,,,,,,,,,,,,,,,,,,,,,,
historical7d:1s:segment1,Quote-exit,TAKE_UNCHANGED,1789747390.945,1789747390.945,MICRO,3,SELL,-1,,,,,,,,,,,,,,,,,,,,,,,,,,,,,,
historical7d:1s:segment1,Quote-exit,TAKE_UNCHANGED,1789747489.987,1789747489.987,SECONDARY,2,BUY,1,,,,,,,,,,,,,,,,,,,,,,,,,,,,,,
historical7d:1s:segment1,Quote-exit,TAKE_UNCHANGED,1789749091.967,1789749091.967,PRIMARY,1,SELL,-1,,,,,,,,,,,,,,,,,,,,,,,,,,,,,,
historical7d:1s:segment1,Quote-exit,TAKE_UNCHANGED,1789750451.994,1789750451.994,PRIMARY,1,SELL,-1,,,,,,,,,,,,,,,,,,,,,,,,,,,,,,
historical7d:1s:segment1,Quote-exit,TAKE_UNCHANGED,1789751974.95,1789751974.95,SECONDARY,2,SELL,-1,,,,,,,,,,,,,,,,,,,,,,,,,,,,,,
historical7d:1s:segment1,Quote-exit,TAKE_UNCHANGED,1789753819.984,1789753819.984,PRIMARY,1,BUY,1,,,,,,,,,,,,,,,,,,,,,,,,,,,,,,
historical7d:1s:segment1,Quote-exit,TAKE_UNCHANGED,1789754302.941,1789754302.941,SECONDARY,2,SELL,-1,,,,,,,,,,,,,,,,,,,,,,,,,,,,,,
historical7d:1s:segment1,Quote-exit,TAKE_UNCHANGED,1789757067.9889998,1789757067.9889998,SECONDARY,2,BUY,1,,,,,,,,,,,,,,,,,,,,,,,,,,,,,,
historical7d:1s:segment1,Quote-exit,TAKE_UNCHANGED,1789758585.943,1789758585.943,PRIMARY,1,BUY,1,,,,,,,,,,,,,,,,,,,,,,,,,,,,,,
historical7d:1s:segment1,Quote-exit,TAKE_UNCHANGED,1789759468.945,1789759468.945,PRIMARY,1,BUY,1,,,,,,,,,,,,,,,,,,,,,,,,,,,,,,
historical7d:1s:segment1,Quote-exit,TAKE_UNCHANGED,1789761354.9889998,1789761354.9889998,PRIMARY,1,BUY,1,,,,,,,,,,,,,,,,,,,,,,,,,,,,,,
historical7d:1s:segment1,Quote-exit,TAKE_UNCHANGED,1789762637.884,1789762637.884,PRIMARY,1,BUY,1,,,,,,,,,,,,,,,,,,,,,,,,,,,,,,
historical7d:1s:segment1,Quote-exit,TAKE_UNCHANGED,1789763657.9139998,1789763657.9139998,SECONDARY,2,BUY,1,,,,,,,,,,,,,,,,,,,,,,,,,,,,,,
historical7d:1s:segment1,Quote-exit,TAKE_UNCHANGED,1789767860.959,1789767860.959,PRIMARY,1,SELL,-1,,,,,,,,,,,,,,,,,,,,,,,,,,,,,,
historical7d:1s:segment1,Candidate-J,WAIT,1789742547.9980001,1789742547.9980001,PRIMARY,1,SELL,-1,HEALTHY_PULLBACK,-0.040000000000873115,0.2600000000002183,0.029999999998835847,0.06999999999970896,0.964999999999236,0.7049999999990177,1,1,27,12,0.40000000001455194,0.1556886227547845,1,-1,1.0520002841949463,0.0,1.0,0.6666666666666666,0.6666666666666666,0.2,0.8,0.6,0.4,0.14285714285714285,-0.07999999999992724,-0.11999999999989086,1789742549.9980001,,
historical7d:1s:segment1,Candidate-J,SKIP_WAIT_EXPIRED,1789742547.9980001,1789742550.9529998,PRIMARY,1,SELL,-1,HEALTHY_TREND,0.14500000000043656,0.3250000000007276,0.14500000000043656,0.0,0.6899999999995998,0.3649999999988722,4,0,24,11,1.0,0.3080568720390505,0,1,0.0,inf,1.0,0.6666666666666666,0.6666666666666666,0.2,0.8648648648648649,0.5405405405405406,0.40540540540540543,0.23076923076923078,0.1500000000005457,0.030000000000654836,1789742549.9980001,HEALTHY_PULLBACK,
historical7d:1s:segment1,Candidate-J,TAKE_UNCHANGED,1789743770.854,1789743770.854,BURST,4,SELL,-1,,,,,,,,,,,,,,,,,,,,,,,,,,,,,,
historical7d:1s:segment1,Candidate-J,TAKE_IMMEDIATE,1789743963.9420002,1789743963.9420002,PRIMARY,1,SELL,-1,HEALTHY_TREND,0.8000000000010914,1.3950000000004366,0.9750000000012733,0.1750000000001819,3.5750000000025466,2.18000000000211,23,9,90,57,0.6956521739131123,0.24239791485652612,0,1,0.0,0.20200014114379883,1.0,0.5757575757575758,0.5757575757575758,0.2692307692307692,0.9731543624161074,0.5771812080536913,0.5503355704697986,0.2554112554112554,-0.07999999999992724,0.010000000000218279,,,
historical7d:1s:segment1,Candidate-J,TAKE_UNCHANGED,1789744864.826,1789744864.826,MICRO,3,SELL,-1,,,,,,,,,,,,,,,,,,,,,,,,,,,,,,
historical7d:1s:segment1,Candidate-J,TAKE_IMMEDIATE,1789745230.8769999,1789745230.8769999,SECONDARY,2,SELL,-1,HEALTHY_TREND,0.944999999999709,1.8800000000001091,1.1949999999969805,0.2499999999990905,3.8149999999950523,1.9349999999967622,19,6,71,41,0.6539792387550788,0.32695652173951145,0,1,0.0,0.04699969291687012,0.75,1.0,0.75,-0.14285714285714285,0.8017241379310345,0.9224137931034483,0.7241379310344828,-0.07,-0.06999999999970896,0.08000000000083674,,,
historical7d:1s:segment1,Candidate-J,TAKE_UNCHANGED,1789745476.976,1789745476.976,MICRO,3,BUY,1,,,,,,,,,,,,,,,,,,,,,,,,,,,,,,
historical7d:1s:segment1,Candidate-J,TAKE_IMMEDIATE,1789747214.968,1789747214.968,PRIMARY,1,BUY,1,HEALTHY_TREND,0.5750000000007276,1.8000000000010914,1.4849999999996726,0.909999999998945,7.359999999998763,5.559999999997672,22,9,94,70,0.24008350730733172,0.13931888544903934,0,1,0.0,0.048999786376953125,0.90625,0.625,0.53125,0.1836734693877551,0.8511904761904762,0.8035714285714286,0.6547619047619048,0.02877697841726619,0.16999999999916326,-0.12000000000080036,,,
historical7d:1s:segment1,Candidate-J,TAKE_UNCHANGED,1789747390.945,1789747390.945,MICRO,3,SELL,-1,,,,,,,,,,,,,,,,,,,,,,,,,,,,,,
historical7d:1s:segment1,Candidate-J,TAKE_IMMEDIATE,1789747489.987,1789747489.987,SECONDARY,2,BUY,1,HEALTHY_TREND,1.0849999999991269,1.9749999999985448,1.1599999999980355,0.0749999999989086,3.720000000001164,1.7450000000026193,20,5,73,37,0.8785425101229244,0.3613906678860343,0,1,0.0,0.24200010299682617,0.9629629629629629,0.7407407407407407,0.7037037037037037,0.13043478260869565,0.8859649122807017,0.7894736842105263,0.6754385964912281,0.05759162303664921,-0.0500000000001819,-0.06999999999970896,,,
historical7d:1s:segment1,Candidate-J,TAKE_IMMEDIATE,1789749091.967,1789749091.967,PRIMARY,1,SELL,-1,HEALTHY_TREND,0.07999999999992724,1.2249999999994543,0.6150000000025102,0.535000000002583,3.2449999999989814,2.0199999999986176,16,11,68,56,0.06956521739093298,0.23266856600186162,0,1,0.0,0.39999985694885254,0.8571428571428571,0.75,0.6071428571428571,0.06666666666666667,0.8515625,0.703125,0.5546875,0.09547738693467336,-0.07999999999992724,0.030000000000654836,,,
historical7d:1s:segment1,Candidate-J,WAIT,1789750451.994,1789750451.994,PRIMARY,1,SELL,-1,HEALTHY_PULLBACK,-0.005000000000109139,0.464999999999236,0.965000000001055,0.9700000000011642,4.414999999999054,3.949999999999818,13,14,77,58,0.002583979328218814,0.05558876270164958,1,-1,0.051999807357788086,0.0,0.9285714285714286,0.8928571428571429,0.8214285714285714,0.0196078431372549,0.8832116788321168,0.7956204379562044,0.6788321167883211,0.05217391304347826,-0.0500000000001819,-0.1500000000005457,1789750453.994,,
historical7d:1s:segment1,Candidate-J,SKIP_WAIT_EXPIRED,1789750451.994,1789750453.994,PRIMARY,1,SELL,-1,HEALTHY_PULLBACK,-0.14000000000032742,1.2949999999991633,0.9800000000004729,1.1200000000008004,4.974999999999454,3.680000000000291,14,17,76,57,0.06666666666678216,0.14962449451175058,0,1,0.0,0.4010000228881836,0.9696969696969697,0.7575757575757576,0.7272727272727273,0.12280701754385964,0.9037037037037037,0.8296296296296296,0.7333333333333333,0.042735042735042736,0.11999999999989086,0.02999999999974534,1789750453.994,HEALTHY_PULLBACK,
historical7d:1s:segment1,Candidate-J,TAKE_IMMEDIATE,1789751974.95,1789751974.95,SECONDARY,2,SELL,-1,HEALTHY_TREND,0.7250000000003638,1.9599999999991269,0.805000000000291,0.07999999999992724,2.9450000000006185,0.9850000000014916,11,3,58,28,0.8192090395482317,0.4987277353684668,1,-1,0.14500021934509277,0.04900002479553223,0.9444444444444444,0.8333333333333334,0.7777777777777778,0.0625,0.8279569892473119,0.8709677419354839,0.6989247311827957,-0.02531645569620253,0.010000000000218279,-0.020000000000436557,,,
historical7d:1s:segment1,Candidate-J,TAKE_IMMEDIATE,1789753819.984,1789753819.984,PRIMARY,1,BUY,1,HEALTHY_TREND,0.5650000000005093,0.9000000000005457,0.785000000002583,0.22000000000207365,3.3050000000030195,2.405000000002474,19,10,79,60,0.56218905472427,0.1576182136601891,0,1,0.0,0.051000118255615234,0.8666666666666667,0.6666666666666666,0.5333333333333333,0.13043478260869565,0.8661971830985915,0.7887323943661971,0.6549295774647887,0.04680851063829787,-0.10999999999967258,-0.06000000000040018,,,
historical7d:1s:segment1,Candidate-J,TAKE_IMMEDIATE,1789754302.941,1789754302.941,SECONDARY,2,SELL,-1,HEALTHY_TREND,0.7250000000003638,2.264999999999418,0.7899999999981446,0.06499999999778083,3.0900000000001455,0.8250000000007276,9,7,51,29,0.8479532163787354,0.5785440613024043,0,1,0.0,0.14700007438659668,0.8333333333333334,0.6666666666666666,0.5,0.1111111111111111,0.8674698795180723,0.8072289156626506,0.6746987951807228,0.03597122302158273,0.0500000000001819,0.07000000000061846,,,
historical7d:1s:segment1,Candidate-J,TAKE_IMMEDIATE,1789757067.9889998,1789757067.9889998,SECONDARY,2,BUY,1,HEALTHY_TREND,0.8950000000004366,1.5150000000003274,1.1750000000020009,0.28000000000156433,2.4000000000041837,0.8850000000038563,11,10,48,45,0.6151202749128821,0.46118721461084305,0,1,0.0,0.042999982833862305,0.9565217391304348,0.6521739130434783,0.6086956521739131,0.1891891891891892,0.8947368421052632,0.5368421052631579,0.43157894736842106,0.25,0.009999999999308784,0.0500000000001819,,,
historical7d:1s:segment1,Candidate-J,TAKE_IMMEDIATE,1789758585.943,1789758585.943,PRIMARY,1,BUY,1,HEALTHY_TREND,0.32000000000061846,0.45500000000083674,0.375,0.054999999999381544,2.0199999999986176,1.5649999999977808,8,3,43,39,0.7441860465141366,0.12691771269213217,1,-1,0.051000118255615234,0.0,0.6666666666666666,0.9166666666666666,0.5833333333333334,-0.15789473684210525,0.5662650602409639,0.963855421686747,0.5301204819277109,-0.25984251968503935,-9.094947017729282e-13,0.02999999999974534,,,
historical7d:1s:segment1,Candidate-J,TAKE_IMMEDIATE,1789759468.945,1789759468.945,PRIMARY,1,BUY,1,HEALTHY_TREND,0.2849999999998545,0.08999999999923602,0.6850000000013097,0.4000000000014552,1.6900000000041473,1.6000000000049113,9,11,29,34,0.26267281105910434,0.02735562309999642,2,-1,0.0989997386932373,0.0,0.4090909090909091,1.0,0.4090909090909091,-0.41935483870967744,0.4153846153846154,0.9538461538461539,0.36923076923076925,-0.39325842696629215,0.1499999999996362,-0.07999999999901775,,,
historical7d:1s:segment1,Candidate-J,TAKE_IMMEDIATE,1789761354.9889998,1789761354.9889998,PRIMARY,1,BUY,1,HEALTHY_TREND,0.27999999999974534,0.8850000000002183,0.42999999999847205,0.1499999999987267,1.7499999999990905,0.8649999999988722,4,4,29,24,0.4827586206915477,0.33843212237128406,0,1,0.0,0.05099987983703613,0.5555555555555556,0.8888888888888888,0.4444444444444444,-0.23076923076923078,0.3888888888888889,0.9444444444444444,0.3333333333333333,-0.4166666666666667,-0.13999999999941792,-0.009999999999308784,,,
historical7d:1s:segment1,Candidate-J,TAKE_IMMEDIATE,1789762637.884,1789762637.884,PRIMARY,1,BUY,1,HEALTHY_TREND,0.20499999999992724,0.8550000000004729,0.27999999999883585,0.0749999999989086,1.9149999999999636,1.0599999999994907,7,6,33,35,0.5774647887358584,0.287394957983405,0,1,0.0,0.10400009155273438,0.21428571428571427,0.9285714285714286,0.14285714285714285,-0.625,0.5072463768115942,0.8115942028985508,0.3188405797101449,-0.23076923076923078,0.010000000000218279,0.010000000000218279,,,
historical7d:1s:segment1,Candidate-J,TAKE_IMMEDIATE,1789763657.9139998,1789763657.9139998,SECONDARY,2,BUY,1,HEALTHY_TREND,2.125,2.4950000000008004,3.464999999999236,1.339999999999236,4.265000000001237,1.7700000000004366,17,13,34,29,0.4422476586890064,0.41342170671087136,5,-1,0.30899977684020996,0.0,0.9032258064516129,0.967741935483871,0.8709677419354839,-0.034482758620689655,0.875,0.875,0.75,0.0,0.12999999999919964,0.0500000000001819,,,
historical7d:1s:segment1,Candidate-J,TAKE_IMMEDIATE,1789767860.959,1789767860.959,PRIMARY,1,SELL,-1,HEALTHY_TREND,0.10999999999967258,0.5749999999998181,0.20999999999912689,0.0999999999994543,1.0599999999994907,0.4849999999996726,8,5,34,19,0.3548387096779872,0.37216828478972785,0,1,0.0,0.04800009727478027,0.7142857142857143,0.7857142857142857,0.5,-0.047619047619047616,0.75,0.7142857142857143,0.4642857142857143,0.024390243902439025,-0.07999999999992724,-0.049999999999272404,,,
historical7d:1s:segment2,Quote-entry,TAKE_UNCHANGED,1789963644.742,1789963644.742,MICRO,3,BUY,1,,,,,,,,,,,,,,,,,,,,,,,,,,,,,,
historical7d:1s:segment2,Quote-entry,SKIP_BAD_PHASE,1789967510.961,1789967510.961,PRIMARY,1,SELL,-1,DECAY,-0.06000000000040018,0.9549999999999272,0.21999999999934516,0.27999999999974534,1.7949999999991633,0.839999999999236,8,5,31,20,0.12000000000101864,0.3624288425049364,2,-1,0.2589998245239258,0.0,0.9285714285714286,0.5,0.42857142857142855,0.3,0.8679245283018868,0.6415094339622641,0.5094339622641509,0.15,-0.05999999999949068,-0.09000000000014552,,,
historical7d:1s:segment2,Quote-entry,TAKE_IMMEDIATE,1789968692.959,1789968692.959,SECONDARY,2,SELL,-1,HEALTHY_TREND,0.6749999999992724,1.569999999999709,0.8700000000008004,0.19500000000152795,3.18000000000211,1.610000000002401,7,6,41,34,0.6338028168993396,0.3277661795403404,0,1,0.0,0.10100030899047852,0.5714285714285714,0.9285714285714286,0.5,-0.23809523809523808,0.6103896103896104,0.8701298701298701,0.4805194805194805,-0.17543859649122806,-0.10999999999876309,-0.27999999999974534,,,
historical7d:1s:segment2,Quote-entry,TAKE_IMMEDIATE,1789970946.9539998,1789970946.9539998,SECONDARY,2,SELL,-1,HEALTHY_TREND,0.9699999999993452,1.5399999999990541,1.1799999999993815,0.21000000000003638,2.230000000000473,0.6900000000014188,9,2,27,12,0.6978417266185262,0.527397260273307,0,1,0.0,0.14699959754943848,0.8333333333333334,0.8333333333333334,0.6666666666666666,0.0,0.8,0.775,0.575,0.015873015873015872,-0.14000000000032742,-0.3000000000001819,,,
historical7d:1s:segment2,Quote-entry,TAKE_IMMEDIATE,1789984832.9750001,1789984832.9750001,SECONDARY,2,SELL,-1,HEALTHY_TREND,0.930000000000291,1.7400000000006912,1.0649999999995998,0.13499999999930878,2.9499999999989086,1.2099999999982174,8,2,35,30,0.7750000000009474,0.4182692307696859,0,1,0.0,0.10200023651123047,0.9090909090909091,0.6363636363636364,0.5454545454545454,0.17647058823529413,0.9242424242424242,0.3939393939393939,0.3181818181818182,0.40229885057471265,-0.05999999999949068,-0.06000000000040018,,,
historical7d:1s:segment2,Quote-entry,TAKE_UNCHANGED,1789984996.8990002,1789984996.8990002,MICRO,3,BUY,1,,,,,,,,,,,,,,,,,,,,,,,,,,,,,,
historical7d:1s:segment2,Quote-entry,TAKE_UNCHANGED,1789985709.5100002,1789985709.5100002,MICRO,3,BUY,1,,,,,,,,,,,,,,,,,,,,,,,,,,,,,,
historical7d:1s:segment2,Quote-entry,TAKE_IMMEDIATE,1789993811.904,1789993811.904,PRIMARY,1,SELL,-1,HEALTHY_TREND,0.24499999999898137,0.1749999999992724,0.5849999999982174,0.339999999999236,2.2349999999978536,2.059999999998581,8,6,44,34,0.26486486486449284,0.04074505238636034,0,1,0.0,0.25,1.0,0.6,0.6,0.25,0.9375,0.5875,0.525,0.22950819672131148,-0.17000000000007276,-0.07000000000061846,,,
historical7d:1s:segment2,Quote-exit,TAKE_UNCHANGED,1789963644.742,1789963644.742,MICRO,3,BUY,1,,,,,,,,,,,,,,,,,,,,,,,,,,,,,,
historical7d:1s:segment2,Quote-exit,TAKE_UNCHANGED,1789967510.961,1789967510.961,PRIMARY,1,SELL,-1,,,,,,,,,,,,,,,,,,,,,,,,,,,,,,
historical7d:1s:segment2,Quote-exit,TAKE_UNCHANGED,1789968692.959,1789968692.959,SECONDARY,2,SELL,-1,,,,,,,,,,,,,,,,,,,,,,,,,,,,,,
historical7d:1s:segment2,Quote-exit,TAKE_UNCHANGED,1789970946.9539998,1789970946.9539998,SECONDARY,2,SELL,-1,,,,,,,,,,,,,,,,,,,,,,,,,,,,,,
historical7d:1s:segment2,Quote-exit,TAKE_UNCHANGED,1789984832.9750001,1789984832.9750001,SECONDARY,2,SELL,-1,,,,,,,,,,,,,,,,,,,,,,,,,,,,,,
historical7d:1s:segment2,Quote-exit,TAKE_UNCHANGED,1789984996.8990002,1789984996.8990002,MICRO,3,BUY,1,,,,,,,,,,,,,,,,,,,,,,,,,,,,,,
historical7d:1s:segment2,Quote-exit,TAKE_UNCHANGED,1789985709.5100002,1789985709.5100002,MICRO,3,BUY,1,,,,,,,,,,,,,,,,,,,,,,,,,,,,,,
historical7d:1s:segment2,Quote-exit,TAKE_UNCHANGED,1789993811.904,1789993811.904,PRIMARY,1,SELL,-1,,,,,,,,,,,,,,,,,,,,,,,,,,,,,,
historical7d:1s:segment2,Candidate-J,TAKE_UNCHANGED,1789963644.742,1789963644.742,MICRO,3,BUY,1,,,,,,,,,,,,,,,,,,,,,,,,,,,,,,
historical7d:1s:segment2,Candidate-J,SKIP_BAD_PHASE,1789967510.961,1789967510.961,PRIMARY,1,SELL,-1,DECAY,-0.06000000000040018,0.9549999999999272,0.21999999999934516,0.27999999999974534,1.7949999999991633,0.839999999999236,8,5,31,20,0.12000000000101864,0.3624288425049364,2,-1,0.2589998245239258,0.0,0.9285714285714286,0.5,0.42857142857142855,0.3,0.8679245283018868,0.6415094339622641,0.5094339622641509,0.15,-0.05999999999949068,-0.09000000000014552,,,
historical7d:1s:segment2,Candidate-J,TAKE_IMMEDIATE,1789968692.959,1789968692.959,SECONDARY,2,SELL,-1,HEALTHY_TREND,0.6749999999992724,1.569999999999709,0.8700000000008004,0.19500000000152795,3.18000000000211,1.610000000002401,7,6,41,34,0.6338028168993396,0.3277661795403404,0,1,0.0,0.10100030899047852,0.5714285714285714,0.9285714285714286,0.5,-0.23809523809523808,0.6103896103896104,0.8701298701298701,0.4805194805194805,-0.17543859649122806,-0.10999999999876309,-0.27999999999974534,,,
historical7d:1s:segment2,Candidate-J,TAKE_IMMEDIATE,1789970946.9539998,1789970946.9539998,SECONDARY,2,SELL,-1,HEALTHY_TREND,0.9699999999993452,1.5399999999990541,1.1799999999993815,0.21000000000003638,2.230000000000473,0.6900000000014188,9,2,27,12,0.6978417266185262,0.527397260273307,0,1,0.0,0.14699959754943848,0.8333333333333334,0.8333333333333334,0.6666666666666666,0.0,0.8,0.775,0.575,0.015873015873015872,-0.14000000000032742,-0.3000000000001819,,,
historical7d:1s:segment2,Candidate-J,TAKE_IMMEDIATE,1789984832.9750001,1789984832.9750001,SECONDARY,2,SELL,-1,HEALTHY_TREND,0.930000000000291,1.7400000000006912,1.0649999999995998,0.13499999999930878,2.9499999999989086,1.2099999999982174,8,2,35,30,0.7750000000009474,0.4182692307696859,0,1,0.0,0.10200023651123047,0.9090909090909091,0.6363636363636364,0.5454545454545454,0.17647058823529413,0.9242424242424242,0.3939393939393939,0.3181818181818182,0.40229885057471265,-0.05999999999949068,-0.06000000000040018,,,
historical7d:1s:segment2,Candidate-J,TAKE_UNCHANGED,1789984996.8990002,1789984996.8990002,MICRO,3,BUY,1,,,,,,,,,,,,,,,,,,,,,,,,,,,,,,
historical7d:1s:segment2,Candidate-J,TAKE_UNCHANGED,1789985709.5100002,1789985709.5100002,MICRO,3,BUY,1,,,,,,,,,,,,,,,,,,,,,,,,,,,,,,
historical7d:1s:segment2,Candidate-J,TAKE_IMMEDIATE,1789993811.904,1789993811.904,PRIMARY,1,SELL,-1,HEALTHY_TREND,0.24499999999898137,0.1749999999992724,0.5849999999982174,0.339999999999236,2.2349999999978536,2.059999999998581,8,6,44,34,0.26486486486449284,0.04074505238636034,0,1,0.0,0.25,1.0,0.6,0.6,0.25,0.9375,0.5875,0.525,0.22950819672131148,-0.17000000000007276,-0.07000000000061846,,,
historical7d:1s:segment3,Quote-entry,TAKE_UNCHANGED,1790004086.949,1790004086.949,MICRO,3,SELL,-1,,,,,,,,,,,,,,,,,,,,,,,,,,,,,,
historical7d:1s:segment3,Quote-entry,TAKE_IMMEDIATE,1790005642.848,1790005642.848,PRIMARY,1,SELL,-1,HEALTHY_TREND,0.009999999999308784,0.6499999999996362,0.049999999999272404,0.03999999999996362,2.0399999999945067,1.3899999999948704,3,3,37,39,0.11111111110437412,0.18950437317832342,0,1,0.0,0.19800019264221191,0.42857142857142855,0.8571428571428571,0.2857142857142857,-0.3333333333333333,0.8076923076923077,0.8846153846153846,0.6923076923076923,-0.045454545454545456,-0.03999999999996362,-0.05999999999949068,,,
historical7d:1s:segment3,Quote-entry,TAKE_UNCHANGED,1790006264.808,1790006264.808,BURST,4,BUY,1,,,,,,,,,,,,,,,,,,,,,,,,,,,,,,
historical7d:1s:segment3,Quote-entry,TAKE_IMMEDIATE,1790006919.9699998,1790006919.9699998,PRIMARY,1,BUY,1,HEALTHY_TREND,0.7899999999999636,1.125,0.8900000000003274,0.1000000000003638,2.0850000000000364,0.9600000000000364,17,4,42,28,0.797979797979204,0.3694581280788089,0,1,0.0,0.23799967765808105,0.9090909090909091,0.6818181818181818,0.5909090909090909,0.14285714285714285,0.9154929577464789,0.7464788732394366,0.6619718309859155,0.1016949152542373,-0.07999999999992724,-0.049999999999272404,,,
historical7d:1s:segment3,Quote-entry,TAKE_IMMEDIATE,1790008359.963,1790008359.963,SECONDARY,2,SELL,-1,HEALTHY_TREND,0.75,1.7049999999999272,1.2800000000015643,0.5300000000015643,4.325000000002547,2.6200000000008004,19,14,71,72,0.41436464088326164,0.24550035997100922,2,-1,0.15599989891052246,0.0,0.9428571428571428,0.8571428571428571,0.8,0.047619047619047616,0.9183673469387755,0.7755102040816326,0.6938775510204082,0.08433734939759036,-0.07999999999992724,0.010000000000218279,,,
historical7d:1s:segment3,Quote-entry,TAKE_IMMEDIATE,1790009590.981,1790009590.981,PRIMARY,1,SELL,-1,HEALTHY_TREND,0.3600000000005821,0.3350000000009459,0.6549999999997453,0.29499999999825377,2.589999999997417,2.2549999999955617,16,9,61,55,0.3789473684221007,0.06914344685270762,1,-1,0.09599995613098145,0.0,0.8518518518518519,0.7407407407407407,0.5925925925925926,0.06976744186046512,0.865546218487395,0.6722689075630253,0.5378151260504201,0.12568306010928962,-9.094947017729282e-13,-0.010000000000218279,,,
historical7d:1s:segment3,Quote-entry,TAKE_UNCHANGED,1790010323.947,1790010323.947,MICRO,3,SELL,-1,,,,,,,,,,,,,,,,,,,,,,,,,,,,,,
historical7d:1s:segment3,Quote-entry,TAKE_UNCHANGED,1790012063.96,1790012063.96,BURST,4,SELL,-1,,,,,,,,,,,,,,,,,,,,,,,,,,,,,,
historical7d:1s:segment3,Quote-entry,TAKE_UNCHANGED,1790018048.984,1790018048.984,BURST,4,SELL,-1,,,,,,,,,,,,,,,,,,,,,,,,,,,,,,
historical7d:1s:segment3,Quote-entry,TAKE_IMMEDIATE,1790018369.8179998,1790018369.8179998,PRIMARY,1,BUY,1,HEALTHY_TREND,0.555000000000291,1.2399999999997817,0.8649999999988722,0.3099999999985812,1.9549999999990177,0.714999999999236,18,8,46,24,0.4723404255331863,0.4644194756556527,2,-1,0.24299979209899902,0.0,0.6666666666666666,0.9259259259259259,0.5925925925925926,-0.16279069767441862,0.7638888888888888,0.9166666666666666,0.6805555555555556,-0.09090909090909091,0.009999999999308784,-0.020000000000436557,,,
historical7d:1s:segment3,Quote-entry,TAKE_UNCHANGED,1790022664.515,1790022664.515,BURST,4,SELL,-1,,,,,,,,,,,,,,,,,,,,,,,,,,,,,,
historical7d:1s:segment3,Quote-exit,TAKE_UNCHANGED,1790004086.949,1790004086.949,MICRO,3,SELL,-1,,,,,,,,,,,,,,,,,,,,,,,,,,,,,,
historical7d:1s:segment3,Quote-exit,TAKE_UNCHANGED,1790005642.848,1790005642.848,PRIMARY,1,SELL,-1,,,,,,,,,,,,,,,,,,,,,,,,,,,,,,
historical7d:1s:segment3,Quote-exit,TAKE_UNCHANGED,1790006264.808,1790006264.808,BURST,4,BUY,1,,,,,,,,,,,,,,,,,,,,,,,,,,,,,,
historical7d:1s:segment3,Quote-exit,TAKE_UNCHANGED,1790006919.9699998,1790006919.9699998,PRIMARY,1,BUY,1,,,,,,,,,,,,,,,,,,,,,,,,,,,,,,
historical7d:1s:segment3,Quote-exit,TAKE_UNCHANGED,1790008359.963,1790008359.963,SECONDARY,2,SELL,-1,,,,,,,,,,,,,,,,,,,,,,,,,,,,,,
historical7d:1s:segment3,Quote-exit,TAKE_UNCHANGED,1790009590.981,1790009590.981,PRIMARY,1,SELL,-1,,,,,,,,,,,,,,,,,,,,,,,,,,,,,,
historical7d:1s:segment3,Quote-exit,TAKE_UNCHANGED,1790010323.947,1790010323.947,MICRO,3,SELL,-1,,,,,,,,,,,,,,,,,,,,,,,,,,,,,,
historical7d:1s:segment3,Quote-exit,TAKE_UNCHANGED,1790012063.96,1790012063.96,BURST,4,SELL,-1,,,,,,,,,,,,,,,,,,,,,,,,,,,,,,
historical7d:1s:segment3,Quote-exit,TAKE_UNCHANGED,1790018048.984,1790018048.984,BURST,4,SELL,-1,,,,,,,,,,,,,,,,,,,,,,,,,,,,,,
historical7d:1s:segment3,Quote-exit,TAKE_UNCHANGED,1790018369.8179998,1790018369.8179998,PRIMARY,1,BUY,1,,,,,,,,,,,,,,,,,,,,,,,,,,,,,,
historical7d:1s:segment3,Quote-exit,TAKE_UNCHANGED,1790022664.515,1790022664.515,BURST,4,SELL,-1,,,,,,,,,,,,,,,,,,,,,,,,,,,,,,
historical7d:1s:segment3,Candidate-J,TAKE_UNCHANGED,1790004086.949,1790004086.949,MICRO,3,SELL,-1,,,,,,,,,,,,,,,,,,,,,,,,,,,,,,
historical7d:1s:segment3,Candidate-J,TAKE_IMMEDIATE,1790005642.848,1790005642.848,PRIMARY,1,SELL,-1,HEALTHY_TREND,0.009999999999308784,0.6499999999996362,0.049999999999272404,0.03999999999996362,2.0399999999945067,1.3899999999948704,3,3,37,39,0.11111111110437412,0.18950437317832342,0,1,0.0,0.19800019264221191,0.42857142857142855,0.8571428571428571,0.2857142857142857,-0.3333333333333333,0.8076923076923077,0.8846153846153846,0.6923076923076923,-0.045454545454545456,-0.03999999999996362,-0.05999999999949068,,,
historical7d:1s:segment3,Candidate-J,TAKE_UNCHANGED,1790006264.808,1790006264.808,BURST,4,BUY,1,,,,,,,,,,,,,,,,,,,,,,,,,,,,,,
historical7d:1s:segment3,Candidate-J,TAKE_IMMEDIATE,1790006919.9699998,1790006919.9699998,PRIMARY,1,BUY,1,HEALTHY_TREND,0.7899999999999636,1.125,0.8900000000003274,0.1000000000003638,2.0850000000000364,0.9600000000000364,17,4,42,28,0.797979797979204,0.3694581280788089,0,1,0.0,0.23799967765808105,0.9090909090909091,0.6818181818181818,0.5909090909090909,0.14285714285714285,0.9154929577464789,0.7464788732394366,0.6619718309859155,0.1016949152542373,-0.07999999999992724,-0.049999999999272404,,,
historical7d:1s:segment3,Candidate-J,TAKE_IMMEDIATE,1790008359.963,1790008359.963,SECONDARY,2,SELL,-1,HEALTHY_TREND,0.75,1.7049999999999272,1.2800000000015643,0.5300000000015643,4.325000000002547,2.6200000000008004,19,14,71,72,0.41436464088326164,0.24550035997100922,2,-1,0.15599989891052246,0.0,0.9428571428571428,0.8571428571428571,0.8,0.047619047619047616,0.9183673469387755,0.7755102040816326,0.6938775510204082,0.08433734939759036,-0.07999999999992724,0.010000000000218279,,,
historical7d:1s:segment3,Candidate-J,TAKE_IMMEDIATE,1790009590.981,1790009590.981,PRIMARY,1,SELL,-1,HEALTHY_TREND,0.3600000000005821,0.3350000000009459,0.6549999999997453,0.29499999999825377,2.589999999997417,2.2549999999955617,16,9,61,55,0.3789473684221007,0.06914344685270762,1,-1,0.09599995613098145,0.0,0.8518518518518519,0.7407407407407407,0.5925925925925926,0.06976744186046512,0.865546218487395,0.6722689075630253,0.5378151260504201,0.12568306010928962,-9.094947017729282e-13,-0.010000000000218279,,,
historical7d:1s:segment3,Candidate-J,TAKE_UNCHANGED,1790010323.947,1790010323.947,MICRO,3,SELL,-1,,,,,,,,,,,,,,,,,,,,,,,,,,,,,,
historical7d:1s:segment3,Candidate-J,TAKE_UNCHANGED,1790012063.96,1790012063.96,BURST,4,SELL,-1,,,,,,,,,,,,,,,,,,,,,,,,,,,,,,
historical7d:1s:segment3,Candidate-J,TAKE_UNCHANGED,1790018048.984,1790018048.984,BURST,4,SELL,-1,,,,,,,,,,,,,,,,,,,,,,,,,,,,,,
historical7d:1s:segment3,Candidate-J,TAKE_IMMEDIATE,1790018369.8179998,1790018369.8179998,PRIMARY,1,BUY,1,HEALTHY_TREND,0.555000000000291,1.2399999999997817,0.8649999999988722,0.3099999999985812,1.9549999999990177,0.714999999999236,18,8,46,24,0.4723404255331863,0.4644194756556527,2,-1,0.24299979209899902,0.0,0.6666666666666666,0.9259259259259259,0.5925925925925926,-0.16279069767441862,0.7638888888888888,0.9166666666666666,0.6805555555555556,-0.09090909090909091,0.009999999999308784,-0.020000000000436557,,,
historical7d:1s:segment3,Candidate-J,TAKE_UNCHANGED,1790022664.515,1790022664.515,BURST,4,SELL,-1,,,,,,,,,,,,,,,,,,,,,,,,,,,,,,
historical7d:1s:segment4,Quote-entry,TAKE_UNCHANGED,1790050280.984,1790050280.984,MICRO,3,SELL,-1,,,,,,,,,,,,,,,,,,,,,,,,,,,,,,
historical7d:1s:segment4,Quote-entry,TAKE_IMMEDIATE,1790052568.997,1790052568.997,PRIMARY,1,SELL,-1,HEALTHY_TREND,0.3350000000009459,0.6650000000008731,0.8150000000014188,0.48000000000047294,3.724999999998545,3.0599999999976717,10,6,52,50,0.2586872586876112,0.0980103168756439,0,1,0.0,0.04999995231628418,0.8823529411764706,0.9411764705882353,0.8235294117647058,-0.03225806451612903,0.8252427184466019,0.8932038834951457,0.7184466019417476,-0.03954802259887006,-0.030000000000654836,-0.07000000000152795,,,
historical7d:1s:segment4,Quote-entry,TAKE_IMMEDIATE,1790057264.7849998,1790057264.7849998,PRIMARY,1,SELL,-1,HEALTHY_TREND,0.08499999999912689,0.22999999999956344,0.125,0.040000000000873115,0.8150000000005093,0.5850000000009459,2,1,12,14,0.5151515151434976,0.1642857142852317,0,1,0.0,0.3489997386932373,0.75,0.75,0.5,0.0,0.7407407407407407,0.8888888888888888,0.6296296296296297,-0.09090909090909091,0.06999999999970896,-9.094947017729282e-13,,,
historical7d:1s:segment4,Quote-entry,TAKE_IMMEDIATE,1790066908.9950001,1790066908.9950001,SECONDARY,2,BUY,1,HEALTHY_TREND,0.8799999999991996,1.4600000000000364,1.3650000000006912,0.48500000000149157,3.05500000000211,1.5950000000020736,18,9,49,34,0.47567567567468183,0.31397849462338123,0,1,0.0,0.05500006675720215,0.9642857142857143,0.8214285714285714,0.7857142857142857,0.08,0.8588235294117647,0.8470588235294118,0.7058823529411765,0.006896551724137931,-9.094947017729282e-13,-0.06000000000130967,,,
historical7d:1s:segment4,Quote-entry,TAKE_UNCHANGED,1790072966.9689999,1790072966.9689999,BURST,4,SELL,-1,,,,,,,,,,,,,,,,,,,,,,,,,,,,,,
historical7d:1s:segment4,Quote-entry,TAKE_IMMEDIATE,1790073086.9550002,1790073086.9550002,SECONDARY,2,SELL,-1,HEALTHY_TREND,1.074999999999818,2.050000000000182,1.4649999999983265,0.38999999999850843,3.039999999999054,0.9899999999988722,12,10,33,25,0.5795148247987344,0.5086848635238801,4,-1,0.24500012397766113,0.0,0.8695652173913043,0.7391304347826086,0.6086956521739131,0.08108108108108109,0.7966101694915254,0.847457627118644,0.6440677966101694,-0.030927835051546393,0.049999999999272404,-0.06000000000040018,,,
historical7d:1s:segment4,Quote-entry,TAKE_IMMEDIATE,1790074221.952,1790074221.952,SECONDARY,2,SELL,-1,HEALTHY_TREND,1.2949999999991633,0.9849999999996726,2.1699999999991633,0.875,2.990000000000691,2.0050000000010186,14,13,37,35,0.42528735632168113,0.19719719719706413,1,-1,0.04499983787536621,0.0,0.8620689655172413,0.7586206896551724,0.6206896551724138,0.06382978723404255,0.8108108108108109,0.7432432432432432,0.5540540540540541,0.043478260869565216,0.02999999999974534,-0.030000000000654836,,,
historical7d:1s:segment4,Quote-entry,TAKE_UNCHANGED,1790075668.965,1790075668.965,BURST,4,SELL,-1,,,,,,,,,,,,,,,,,,,,,,,,,,,,,,
historical7d:1s:segment4,Quote-entry,TAKE_UNCHANGED,1790076713.9889998,1790076713.9889998,MICRO,3,SELL,-1,,,,,,,,,,,,,,,,,,,,,,,,,,,,,,
historical7d:1s:segment4,Quote-entry,TAKE_IMMEDIATE,1790076896.962,1790076896.962,SECONDARY,2,BUY,1,HEALTHY_TREND,0.4849999999996726,1.7549999999991996,0.8749999999990905,0.3899999999994179,2.729999999998654,0.9749999999994543,15,11,60,37,0.38339920948635925,0.47368421052634163,0,1,0.0,0.05299997329711914,0.9259259259259259,0.6296296296296297,0.5555555555555556,0.19047619047619047,0.9081632653061225,0.673469387755102,0.5816326530612245,0.14838709677419354,-0.1500000000005457,-0.030000000000654836,,,
historical7d:1s:segment4,Quote-entry,TAKE_UNCHANGED,1790077062.904,1790077062.904,MICRO,3,BUY,1,,,,,,,,,,,,,,,,,,,,,,,,,,,,,,
historical7d:1s:segment4,Quote-entry,TAKE_UNCHANGED,1790077324.903,1790077324.903,MICRO,3,BUY,1,,,,,,,,,,,,,,,,,,,,,,,,,,,,,,
historical7d:1s:segment4,Quote-entry,TAKE_UNCHANGED,1790077899.91,1790077899.91,MICRO,3,BUY,1,,,,,,,,,,,,,,,,,,,,,,,,,,,,,,
historical7d:1s:segment4,Quote-entry,TAKE_IMMEDIATE,1790078293.721,1790078293.721,SECONDARY,2,SELL,-1,HEALTHY_TREND,1.0100000000002183,1.6450000000004366,1.1349999999974898,0.12499999999727152,3.4649999999965075,1.819999999996071,14,8,60,58,0.8015873015908076,0.31125827814621504,4,-1,0.24399995803833008,0.0,0.7391304347826086,0.8695652173913043,0.6086956521739131,-0.08108108108108109,0.875,0.825,0.7,0.029411764705882353,-0.06000000000040018,-0.010000000001127773,,,
historical7d:1s:segment4,Quote-entry,TAKE_UNCHANGED,1790081569.965,1790081569.965,MICRO,3,BUY,1,,,,,,,,,,,,,,,,,,,,,,,,,,,,,,
historical7d:1s:segment4,Quote-entry,TAKE_IMMEDIATE,1790081739.948,1790081739.948,SECONDARY,2,SELL,-1,HEALTHY_TREND,0.6599999999998545,2.125,1.2049999999990177,0.5449999999991633,3.5849999999945794,1.459999999995489,13,12,62,36,0.377142857143166,0.42120911793930627,0,1,0.0,0.24899983406066895,0.9642857142857143,0.8571428571428571,0.8214285714285714,0.058823529411764705,0.9038461538461539,0.8365384615384616,0.7403846153846154,0.03867403314917127,0.020000000000436557,-0.25,,,
historical7d:1s:segment4,Quote-entry,TAKE_UNCHANGED,1790081889.859,1790081889.859,MICRO,3,BUY,1,,,,,,,,,,,,,,,,,,,,,,,,,,,,,,
historical7d:1s:segment4,Quote-entry,TAKE_IMMEDIATE,1790086772.987,1790086772.987,SECONDARY,2,SELL,-1,HEALTHY_TREND,1.050000000000182,1.0349999999998545,1.1199999999989814,0.06999999999879947,2.2249999999976353,1.1899999999977808,15,7,49,37,0.8823529411782689,0.30307467057137444,1,-1,0.34399986267089844,0.0,0.9565217391304348,0.6956521739130435,0.6521739130434783,0.15789473684210525,0.9090909090909091,0.6477272727272727,0.5568181818181818,0.1678832116788321,-0.11999999999989086,-0.1499999999996362,,,
historical7d:1s:segment4,Quote-exit,TAKE_UNCHANGED,1790050280.984,1790050280.984,MICRO,3,SELL,-1,,,,,,,,,,,,,,,,,,,,,,,,,,,,,,
historical7d:1s:segment4,Quote-exit,TAKE_UNCHANGED,1790052568.997,1790052568.997,PRIMARY,1,SELL,-1,,,,,,,,,,,,,,,,,,,,,,,,,,,,,,
historical7d:1s:segment4,Quote-exit,TAKE_UNCHANGED,1790057264.7849998,1790057264.7849998,PRIMARY,1,SELL,-1,,,,,,,,,,,,,,,,,,,,,,,,,,,,,,
historical7d:1s:segment4,Quote-exit,TAKE_UNCHANGED,1790066908.9950001,1790066908.9950001,SECONDARY,2,BUY,1,,,,,,,,,,,,,,,,,,,,,,,,,,,,,,
historical7d:1s:segment4,Quote-exit,TAKE_UNCHANGED,1790072966.9689999,1790072966.9689999,BURST,4,SELL,-1,,,,,,,,,,,,,,,,,,,,,,,,,,,,,,
historical7d:1s:segment4,Quote-exit,TAKE_UNCHANGED,1790073086.9550002,1790073086.9550002,SECONDARY,2,SELL,-1,,,,,,,,,,,,,,,,,,,,,,,,,,,,,,
historical7d:1s:segment4,Quote-exit,TAKE_UNCHANGED,1790074221.952,1790074221.952,SECONDARY,2,SELL,-1,,,,,,,,,,,,,,,,,,,,,,,,,,,,,,
historical7d:1s:segment4,Quote-exit,TAKE_UNCHANGED,1790075668.965,1790075668.965,BURST,4,SELL,-1,,,,,,,,,,,,,,,,,,,,,,,,,,,,,,
historical7d:1s:segment4,Quote-exit,TAKE_UNCHANGED,1790076713.9889998,1790076713.9889998,MICRO,3,SELL,-1,,,,,,,,,,,,,,,,,,,,,,,,,,,,,,
historical7d:1s:segment4,Quote-exit,TAKE_UNCHANGED,1790076896.962,1790076896.962,SECONDARY,2,BUY,1,,,,,,,,,,,,,,,,,,,,,,,,,,,,,,
historical7d:1s:segment4,Quote-exit,TAKE_UNCHANGED,1790077062.904,1790077062.904,MICRO,3,BUY,1,,,,,,,,,,,,,,,,,,,,,,,,,,,,,,
historical7d:1s:segment4,Quote-exit,TAKE_UNCHANGED,1790077324.903,1790077324.903,MICRO,3,BUY,1,,,,,,,,,,,,,,,,,,,,,,,,,,,,,,
historical7d:1s:segment4,Quote-exit,TAKE_UNCHANGED,1790077899.91,1790077899.91,MICRO,3,BUY,1,,,,,,,,,,,,,,,,,,,,,,,,,,,,,,
historical7d:1s:segment4,Quote-exit,TAKE_UNCHANGED,1790078293.721,1790078293.721,SECONDARY,2,SELL,-1,,,,,,,,,,,,,,,,,,,,,,,,,,,,,,
historical7d:1s:segment4,Quote-exit,TAKE_UNCHANGED,1790081569.965,1790081569.965,MICRO,3,BUY,1,,,,,,,,,,,,,,,,,,,,,,,,,,,,,,
historical7d:1s:segment4,Quote-exit,TAKE_UNCHANGED,1790081739.948,1790081739.948,SECONDARY,2,SELL,-1,,,,,,,,,,,,,,,,,,,,,,,,,,,,,,
historical7d:1s:segment4,Quote-exit,TAKE_UNCHANGED,1790081889.859,1790081889.859,MICRO,3,BUY,1,,,,,,,,,,,,,,,,,,,,,,,,,,,,,,
historical7d:1s:segment4,Quote-exit,TAKE_UNCHANGED,1790086772.987,1790086772.987,SECONDARY,2,SELL,-1,,,,,,,,,,,,,,,,,,,,,,,,,,,,,,
historical7d:1s:segment4,Candidate-J,TAKE_UNCHANGED,1790050280.984,1790050280.984,MICRO,3,SELL,-1,,,,,,,,,,,,,,,,,,,,,,,,,,,,,,
historical7d:1s:segment4,Candidate-J,TAKE_IMMEDIATE,1790052568.997,1790052568.997,PRIMARY,1,SELL,-1,HEALTHY_TREND,0.3350000000009459,0.6650000000008731,0.8150000000014188,0.48000000000047294,3.724999999998545,3.0599999999976717,10,6,52,50,0.2586872586876112,0.0980103168756439,0,1,0.0,0.04999995231628418,0.8823529411764706,0.9411764705882353,0.8235294117647058,-0.03225806451612903,0.8252427184466019,0.8932038834951457,0.7184466019417476,-0.03954802259887006,-0.030000000000654836,-0.07000000000152795,,,
historical7d:1s:segment4,Candidate-J,TAKE_IMMEDIATE,1790057264.7849998,1790057264.7849998,PRIMARY,1,SELL,-1,HEALTHY_TREND,0.08499999999912689,0.22999999999956344,0.125,0.040000000000873115,0.8150000000005093,0.5850000000009459,2,1,12,14,0.5151515151434976,0.1642857142852317,0,1,0.0,0.3489997386932373,0.75,0.75,0.5,0.0,0.7407407407407407,0.8888888888888888,0.6296296296296297,-0.09090909090909091,0.06999999999970896,-9.094947017729282e-13,,,
historical7d:1s:segment4,Candidate-J,TAKE_IMMEDIATE,1790066908.9950001,1790066908.9950001,SECONDARY,2,BUY,1,HEALTHY_TREND,0.8799999999991996,1.4600000000000364,1.3650000000006912,0.48500000000149157,3.05500000000211,1.5950000000020736,18,9,49,34,0.47567567567468183,0.31397849462338123,0,1,0.0,0.05500006675720215,0.9642857142857143,0.8214285714285714,0.7857142857142857,0.08,0.8588235294117647,0.8470588235294118,0.7058823529411765,0.006896551724137931,-9.094947017729282e-13,-0.06000000000130967,,,
historical7d:1s:segment4,Candidate-J,TAKE_UNCHANGED,1790072966.9689999,1790072966.9689999,BURST,4,SELL,-1,,,,,,,,,,,,,,,,,,,,,,,,,,,,,,
historical7d:1s:segment4,Candidate-J,TAKE_IMMEDIATE,1790073086.9550002,1790073086.9550002,SECONDARY,2,SELL,-1,HEALTHY_TREND,1.074999999999818,2.050000000000182,1.4649999999983265,0.38999999999850843,3.039999999999054,0.9899999999988722,12,10,33,25,0.5795148247987344,0.5086848635238801,4,-1,0.24500012397766113,0.0,0.8695652173913043,0.7391304347826086,0.6086956521739131,0.08108108108108109,0.7966101694915254,0.847457627118644,0.6440677966101694,-0.030927835051546393,0.049999999999272404,-0.06000000000040018,,,
historical7d:1s:segment4,Candidate-J,TAKE_IMMEDIATE,1790074221.952,1790074221.952,SECONDARY,2,SELL,-1,HEALTHY_TREND,1.2949999999991633,0.9849999999996726,2.1699999999991633,0.875,2.990000000000691,2.0050000000010186,14,13,37,35,0.42528735632168113,0.19719719719706413,1,-1,0.04499983787536621,0.0,0.8620689655172413,0.7586206896551724,0.6206896551724138,0.06382978723404255,0.8108108108108109,0.7432432432432432,0.5540540540540541,0.043478260869565216,0.02999999999974534,-0.030000000000654836,,,
historical7d:1s:segment4,Candidate-J,TAKE_UNCHANGED,1790075668.965,1790075668.965,BURST,4,SELL,-1,,,,,,,,,,,,,,,,,,,,,,,,,,,,,,
historical7d:1s:segment4,Candidate-J,TAKE_UNCHANGED,1790076713.9889998,1790076713.9889998,MICRO,3,SELL,-1,,,,,,,,,,,,,,,,,,,,,,,,,,,,,,
historical7d:1s:segment4,Candidate-J,TAKE_IMMEDIATE,1790076896.962,1790076896.962,SECONDARY,2,BUY,1,HEALTHY_TREND,0.4849999999996726,1.7549999999991996,0.8749999999990905,0.3899999999994179,2.729999999998654,0.9749999999994543,15,11,60,37,0.38339920948635925,0.47368421052634163,0,1,0.0,0.05299997329711914,0.9259259259259259,0.6296296296296297,0.5555555555555556,0.19047619047619047,0.9081632653061225,0.673469387755102,0.5816326530612245,0.14838709677419354,-0.1500000000005457,-0.030000000000654836,,,
historical7d:1s:segment4,Candidate-J,TAKE_UNCHANGED,1790077062.904,1790077062.904,MICRO,3,BUY,1,,,,,,,,,,,,,,,,,,,,,,,,,,,,,,
historical7d:1s:segment4,Candidate-J,TAKE_UNCHANGED,1790077324.903,1790077324.903,MICRO,3,BUY,1,,,,,,,,,,,,,,,,,,,,,,,,,,,,,,
historical7d:1s:segment4,Candidate-J,TAKE_UNCHANGED,1790077899.91,1790077899.91,MICRO,3,BUY,1,,,,,,,,,,,,,,,,,,,,,,,,,,,,,,
historical7d:1s:segment4,Candidate-J,TAKE_IMMEDIATE,1790078293.721,1790078293.721,SECONDARY,2,SELL,-1,HEALTHY_TREND,1.0100000000002183,1.6450000000004366,1.1349999999974898,0.12499999999727152,3.4649999999965075,1.819999999996071,14,8,60,58,0.8015873015908076,0.31125827814621504,4,-1,0.24399995803833008,0.0,0.7391304347826086,0.8695652173913043,0.6086956521739131,-0.08108108108108109,0.875,0.825,0.7,0.029411764705882353,-0.06000000000040018,-0.010000000001127773,,,
historical7d:1s:segment4,Candidate-J,TAKE_UNCHANGED,1790081569.965,1790081569.965,MICRO,3,BUY,1,,,,,,,,,,,,,,,,,,,,,,,,,,,,,,
historical7d:1s:segment4,Candidate-J,TAKE_IMMEDIATE,1790081739.948,1790081739.948,SECONDARY,2,SELL,-1,HEALTHY_TREND,0.6599999999998545,2.125,1.2049999999990177,0.5449999999991633,3.5849999999945794,1.459999999995489,13,12,62,36,0.377142857143166,0.42120911793930627,0,1,0.0,0.24899983406066895,0.9642857142857143,0.8571428571428571,0.8214285714285714,0.058823529411764705,0.9038461538461539,0.8365384615384616,0.7403846153846154,0.03867403314917127,0.020000000000436557,-0.25,,,
historical7d:1s:segment4,Candidate-J,TAKE_UNCHANGED,1790081889.859,1790081889.859,MICRO,3,BUY,1,,,,,,,,,,,,,,,,,,,,,,,,,,,,,,
historical7d:1s:segment4,Candidate-J,TAKE_IMMEDIATE,1790086772.987,1790086772.987,SECONDARY,2,SELL,-1,HEALTHY_TREND,1.050000000000182,1.0349999999998545,1.1199999999989814,0.06999999999879947,2.2249999999976353,1.1899999999977808,15,7,49,37,0.8823529411782689,0.30307467057137444,1,-1,0.34399986267089844,0.0,0.9565217391304348,0.6956521739130435,0.6521739130434783,0.15789473684210525,0.9090909090909091,0.6477272727272727,0.5568181818181818,0.1678832116788321,-0.11999999999989086,-0.1499999999996362,,,
recent24h:1s:whole,Quote-entry,TAKE_IMMEDIATE,1790192053.982,1790192053.982,PRIMARY,1,BUY,1,HEALTHY_TREND,0.20499999999992724,0.7150000000001455,0.4250000000001819,0.21999999999934516,1.4349999999976717,0.7199999999966167,11,10,31,31,0.31782945736401313,0.33178654292424076,1,-1,0.08900022506713867,0.0,0.8461538461538461,0.6923076923076923,0.5384615384615384,0.1,0.7313432835820896,0.746268656716418,0.47761194029850745,-0.010101010101010102,-0.010000000000218279,0.0500000000001819,,,
recent24h:1s:whole,Quote-entry,TAKE_IMMEDIATE,1790193767.9910002,1790193767.9910002,PRIMARY,1,SELL,-1,HEALTHY_TREND,2.5999999999994543,3.4249999999992724,3.2000000000007276,0.6000000000012733,7.355000000003201,3.930000000003929,27,9,96,60,0.6842105263152856,0.3035002215327522,1,-1,0.04800009727478027,0.0,0.9473684210526315,0.8157894736842105,0.7631578947368421,0.07462686567164178,0.9,0.71875,0.61875,0.11196911196911197,-0.159999999998945,-0.1499999999996362,,,
recent24h:1s:whole,Quote-entry,TAKE_IMMEDIATE,1790194365.9689999,1790194365.9689999,PRIMARY,1,SELL,-1,HEALTHY_TREND,0.7299999999995634,1.6649999999990541,0.9650000000001455,0.23500000000058208,2.9400000000005093,1.2750000000014552,15,6,62,37,0.6083333333326006,0.39501779359389755,0,1,0.0,0.04799985885620117,0.8181818181818182,0.8636363636363636,0.6818181818181818,-0.02702702702702703,0.7843137254901961,0.7549019607843137,0.5392156862745098,0.01910828025477707,-0.03999999999996362,-0.07000000000061846,,,
recent24h:1s:whole,Quote-entry,TAKE_UNCHANGED,1790195523.912,1790195523.912,BURST,4,SELL,-1,,,,,,,,,,,,,,,,,,,,,,,,,,,,,,
recent24h:1s:whole,Quote-entry,WAIT,1790196024.809,1790196024.809,PRIMARY,1,SELL,-1,HEALTHY_PULLBACK,-0.02999999999974534,0.7049999999999272,0.16499999999905413,0.19499999999879947,1.9149999999972351,1.2099999999982174,5,6,42,38,0.0833333333331228,0.22560000000023936,1,-1,0.04800009727478027,0.0,0.8461538461538461,0.7692307692307693,0.6153846153846154,0.047619047619047616,0.7857142857142857,0.7976190476190477,0.5833333333333334,-0.007518796992481203,-0.06000000000040018,-0.030000000000654836,1790196026.809,,
recent24h:1s:whole,Quote-entry,SKIP_DECAY_DURING_WAIT,1790196024.809,1790196026.6169999,PRIMARY,1,SELL,-1,DECAY,-0.24499999999898137,0.3000000000001819,0.05500000000029104,0.2999999999992724,1.3449999999975262,1.0449999999982538,1,8,35,35,0.6901408450684018,0.12552301255255124,3,-1,0.8550000190734863,0.0,0.8,0.8,0.6,0.0,0.7567567567567568,0.7972972972972973,0.5540540540540541,-0.02608695652173913,0.25,0.07999999999901775,1790196026.809,HEALTHY_PULLBACK,
recent24h:1s:whole,Quote-entry,TAKE_IMMEDIATE,1790196065.932,1790196065.932,SECONDARY,2,BUY,1,HEALTHY_TREND,1.0,1.6599999999998545,1.264999999999418,0.2649999999994179,4.845000000001164,3.1850000000004,24,7,71,81,0.6535947712423273,0.20672478206716602,0,1,0.0,0.6110000610351562,0.7575757575757576,0.9696969696969697,0.7272727272727273,-0.12280701754385964,0.8461538461538461,0.8589743589743589,0.7051282051282052,-0.007518796992481203,-0.1999999999998181,-0.23999999999978172,,,
recent24h:1s:whole,Quote-entry,TAKE_IMMEDIATE,1790196504.922,1790196504.922,PRIMARY,1,BUY,1,IGNITION,0.04500000000007276,-0.2900000000008731,0.1499999999996362,0.10499999999956344,0.9750000000012733,1.2650000000021464,8,4,33,38,0.17647058823613332,0.12946428571447785,0,1,0.0,0.1549999713897705,0.9285714285714286,0.8571428571428571,0.7857142857142857,0.04,0.8311688311688312,0.7922077922077922,0.6233766233766234,0.024,-0.02999999999974534,-0.020000000000436557,,,
recent24h:1s:whole,Quote-entry,TAKE_IMMEDIATE,1790203082.952,1790203082.952,PRIMARY,1,SELL,-1,HEALTHY_TREND,0.5300000000006548,1.4099999999998545,0.555000000000291,0.024999999999636202,1.7899999999981446,0.37999999999829015,13,2,40,14,0.9137931034495195,0.6497695852544567,0,1,0.0,0.8429999351501465,0.75,0.75,0.5,0.0,0.8392857142857143,0.6785714285714286,0.5178571428571429,0.10588235294117647,0.03999999999996362,0.03999999999996362,,,
recent24h:1s:whole,Quote-entry,TAKE_IMMEDIATE,1790227939.976,1790227939.976,PRIMARY,1,BUY,1,HEALTHY_TREND,0.16500000000087311,0.9200000000000728,0.3500000000003638,0.18499999999949068,2.2000000000025466,1.2800000000024738,7,5,24,25,0.3084112149549869,0.26436781609159354,0,1,0.0,0.35500001907348633,1.0,0.5384615384615384,0.5384615384615384,0.3,0.92,0.62,0.54,0.19480519480519481,-0.17000000000007276,-0.2600000000002183,,,
recent24h:1s:whole,Quote-entry,TAKE_IMMEDIATE,1790230026.655,1790230026.655,SECONDARY,2,SELL,-1,HEALTHY_TREND,0.8749999999990905,0.8699999999998909,1.1199999999980719,0.24499999999898137,2.4049999999961074,1.534999999997126,11,5,29,25,0.6410256410263586,0.2208121827414173,1,-1,0.09999990463256836,0.0,0.4117647058823529,0.8235294117647058,0.23529411764705882,-0.3333333333333333,0.6964285714285714,0.5535714285714286,0.25,0.11428571428571428,-0.10999999999967258,-0.15999999999985448,,,
recent24h:1s:whole,Quote-entry,SKIP_BAD_PHASE,1790243248.941,1790243248.941,PRIMARY,1,SELL,-1,REVERSAL,-0.125,-0.09000000000014552,0.17000000000098225,0.29500000000098225,0.8650000000006912,0.9549999999999272,10,6,29,21,0.2688172042999396,0.04945054945058789,0,1,0.0,0.14299988746643066,0.7647058823529411,0.7647058823529411,0.5294117647058824,0.0,0.8888888888888888,0.7777777777777778,0.6666666666666666,0.06666666666666667,-0.09000000000014552,-0.1000000000003638,,,
recent24h:1s:whole,Quote-entry,TAKE_IMMEDIATE,1790244962.708,1790244962.708,PRIMARY,1,BUY,1,HEALTHY_TREND,0.1999999999998181,1.6400000000003274,0.5599999999994907,0.3599999999996726,2.4750000000012733,0.8350000000018554,15,8,46,25,0.21739130434782608,0.4954682779451138,0,1,0.0,0.247999906539917,0.6666666666666666,1.0,0.6666666666666666,-0.2,0.7397260273972602,0.9041095890410958,0.6438356164383562,-0.1,-0.019999999999527063,0.020000000000436557,,,
recent24h:1s:whole,Quote-entry,TAKE_IMMEDIATE,1790245996.197,1790245996.197,PRIMARY,1,BUY,1,HEALTHY_TREND,0.32000000000061846,0.31999999999970896,0.3350000000000364,0.014999999999417923,1.4249999999956344,1.104999999996835,7,1,33,17,0.9142857142889068,0.12648221343895116,0,1,0.0,0.2389998435974121,1.0,0.8,0.8,0.1111111111111111,0.9629629629629629,0.9074074074074074,0.8703703703703703,0.0297029702970297,-0.03999999999996362,-0.13999999999941792,,,
recent24h:1s:whole,Quote-entry,TAKE_UNCHANGED,1790247697.938,1790247697.938,MICRO,3,BUY,1,,,,,,,,,,,,,,,,,,,,,,,,,,,,,,
recent24h:1s:whole,Quote-entry,WAIT,1790248961.94,1790248961.94,PRIMARY,1,SELL,-1,HEALTHY_PULLBACK,-0.5100000000002183,0.9549999999999272,0.14000000000032742,0.6500000000005457,2.8450000000002547,1.8900000000003274,8,8,60,42,0.6455696202527273,0.20168954593448993,0,1,0.0,0.24499988555908203,0.9411764705882353,0.7647058823529411,0.7058823529411765,0.10344827586206896,0.9223300970873787,0.7087378640776699,0.6310679611650486,0.13095238095238096,-0.040000000000873115,-0.030000000000654836,1790248963.94,,
recent24h:1s:whole,Quote-entry,SKIP_DECAY_DURING_WAIT,1790248961.94,1790248962.892,PRIMARY,1,SELL,-1,DECAY,-0.6400000000003274,0.2600000000002183,0.13499999999930878,0.7749999999996362,2.4249999999992724,2.164999999999054,6,12,56,46,0.7032967032978785,0.056644880174360146,2,-1,0.2969999313354492,0.0,0.8947368421052632,0.7894736842105263,0.6842105263157895,0.0625,0.9223300970873787,0.7087378640776699,0.6310679611650486,0.13095238095238096,0.05999999999949068,0.019999999999527063,1790248963.94,HEALTHY_PULLBACK,
recent24h:1s:whole,Quote-entry,TAKE_IMMEDIATE,1790251279.973,1790251279.973,SECONDARY,2,BUY,1,HEALTHY_TREND,0.8049999999993815,2.339999999999236,0.9150000000008731,0.11000000000149157,3.4350000000013097,1.0950000000020736,19,8,68,35,0.7853658536561213,0.516556291390174,1,-1,0.04699993133544922,0.0,0.5517241379310345,0.9310344827586207,0.4827586206896552,-0.2558139534883721,0.6226415094339622,0.9339622641509434,0.5566037735849056,-0.2,-0.08999999999923602,-0.019999999999527063,,,
recent24h:1s:whole,Quote-entry,WAIT,1790253504.9689999,1790253504.9689999,PRIMARY,1,SELL,-1,UNCERTAIN,-0.17000000000007276,-0.0,0.014999999999417923,0.18499999999949068,1.1649999999990541,1.1649999999990541,1,8,28,40,0.8500000000050022,0.0,1,-1,0.2569999694824219,0.0,0.5,0.7,0.2,-0.16666666666666666,0.7101449275362319,0.7971014492753623,0.5072463768115942,-0.057692307692307696,-0.03999999999996362,-0.07999999999992724,1790253506.9689999,,
recent24h:1s:whole,Quote-entry,SKIP_DECAY_DURING_WAIT,1790253504.9689999,1790253505.892,PRIMARY,1,SELL,-1,REVERSAL,-0.5249999999996362,-0.4600000000000364,0.13999999999941792,0.6649999999990541,1.1899999999995998,1.6499999999996362,6,11,30,42,0.6521739130442642,0.16197183098597187,0,1,0.0,0.056999921798706055,0.7222222222222222,0.8333333333333334,0.5555555555555556,-0.07142857142857142,0.7397260273972602,0.7945205479452054,0.5342465753424658,-0.03571428571428571,0.12999999999919964,0.07999999999992724,1790253506.9689999,UNCERTAIN,
recent24h:1s:whole,Quote-entry,TAKE_UNCHANGED,1790256394.957,1790256394.957,BURST,4,BUY,1,,,,,,,,,,,,,,,,,,,,,,,,,,,,,,
recent24h:1s:whole,Quote-entry,TAKE_IMMEDIATE,1790256642.971,1790256642.971,SECONDARY,2,SELL,-1,HEALTHY_TREND,0.8599999999996726,1.5349999999998545,1.3649999999997817,0.5050000000001091,3.249999999996362,1.7149999999965075,15,12,46,48,0.459893048128194,0.3091641490437178,2,-1,0.09299993515014648,0.0,0.8928571428571429,0.5714285714285714,0.4642857142857143,0.21951219512195122,0.84375,0.6458333333333334,0.4895833333333333,0.13286713286713286,-0.08000000000083674,-0.09000000000014552,,,
recent24h:1s:whole,Quote-entry,SKIP_BAD_PHASE,1790257759.983,1790257759.983,PRIMARY,1,BUY,1,DECAY,-0.05499999999847205,3.5200000000004366,0.6850000000013097,0.7399999999997817,12.540000000001783,9.020000000000437,10,17,71,99,0.03859649122696837,0.16326530612244552,3,-1,0.312000036239624,0.0,0.8275862068965517,0.7931034482758621,0.6206896551724138,0.02127659574468085,0.943502824858757,0.8700564971751412,0.8135593220338984,0.040498442367601244,-0.25,-0.12000000000080036,,,
recent24h:1s:whole,Quote-entry,TAKE_UNCHANGED,1790259382.96,1790259382.96,MICRO,3,BUY,1,,,,,,,,,,,,,,,,,,,,,,,,,,,,,,
recent24h:1s:whole,Quote-entry,TAKE_IMMEDIATE,1790259744.944,1790259744.944,PRIMARY,1,BUY,1,HEALTHY_TREND,0.4399999999995998,1.9049999999997453,0.7249999999976353,0.2849999999980355,3.084999999999127,1.1800000000012005,15,10,57,36,0.43564356435790674,0.4466588511134318,1,-1,0.0559999942779541,0.0,0.5769230769230769,0.9615384615384616,0.5384615384615384,-0.25,0.6979166666666666,0.90625,0.6041666666666666,-0.12987012987012986,0.08000000000083674,-0.08999999999923602,,,
recent24h:1s:whole,Quote-entry,TAKE_IMMEDIATE,1790262741.964,1790262741.964,PRIMARY,1,BUY,1,HEALTHY_TREND,0.22000000000025466,0.49499999999989086,0.35499999999956344,0.13499999999930878,1.430000000000291,0.9350000000004002,6,2,34,25,0.4489795918382878,0.20930232558128803,0,1,0.0,0.23600006103515625,1.0,0.4444444444444444,0.4444444444444444,0.38461538461538464,0.9166666666666666,0.5166666666666667,0.43333333333333335,0.27906976744186046,0.0,-0.06999999999970896,,,
recent24h:1s:whole,Quote-entry,TAKE_IMMEDIATE,1790264485.926,1790264485.926,SECONDARY,2,BUY,1,HEALTHY_TREND,0.9099999999998545,0.6499999999996362,1.0400000000008731,0.13000000000101863,2.439999999997781,1.7899999999981446,15,6,49,39,0.7777777777763958,0.15366430260053482,0,1,0.0,0.10100007057189941,0.7272727272727273,0.8636363636363636,0.5909090909090909,-0.08571428571428572,0.8426966292134831,0.8651685393258427,0.7078651685393258,-0.013157894736842105,-0.040000000000873115,-0.1000000000003638,,,
recent24h:1s:whole,Quote-entry,TAKE_IMMEDIATE,1790267631.868,1790267631.868,PRIMARY,1,SELL,-1,HEALTHY_TREND,0.4150000000008731,0.6000000000003638,1.1900000000032378,0.7750000000023647,3.140000000006694,2.5400000000054206,17,15,59,61,0.21119592875302284,0.10563380281672324,0,1,0.0,0.05299997329711914,0.9117647058823529,0.9411764705882353,0.8529411764705882,-0.015873015873015872,0.926829268292683,0.9024390243902439,0.8292682926829268,0.013333333333333334,0.0500000000001819,0.0,,,
recent24h:1s:whole,Quote-entry,TAKE_IMMEDIATE,1790267949.875,1790267949.875,SECONDARY,2,BUY,1,HEALTHY_TREND,1.4200000000000728,2.7399999999997817,1.9399999999995998,0.5199999999995271,5.259999999993852,2.5199999999949796,16,12,69,55,0.577235772357958,0.3521850899747294,4,-1,0.23800015449523926,0.0,0.8620689655172413,0.9310344827586207,0.7931034482758621,-0.038461538461538464,0.8888888888888888,0.753968253968254,0.6428571428571429,0.0821256038647343,-0.1999999999998181,-0.1000000000003638,,,
recent24h:1s:whole,Quote-entry,TAKE_IMMEDIATE,1790268611.999,1790268611.999,PRIMARY,1,SELL,-1,HEALTHY_TREND,0.8550000000004729,1.199999999999818,1.7500000000027285,0.8950000000022555,4.090000000006512,2.890000000006694,14,15,61,55,0.3232514177689459,0.17191977077328766,2,-1,0.10200023651123047,0.0,0.9032258064516129,0.9032258064516129,0.8064516129032258,0.0,0.923728813559322,0.8389830508474576,0.7627118644067796,0.04807692307692308,-0.0500000000001819,-0.03999999999996362,,,
recent24h:1s:whole,Quote-entry,TAKE_IMMEDIATE,1790269786.987,1790269786.987,SECONDARY,2,SELL,-1,HEALTHY_TREND,0.9800000000004729,1.0450000000000728,1.3450000000011642,0.3650000000006912,3.5800000000026557,2.535000000002583,19,6,63,48,0.5730994152043332,0.17089125102194236,1,-1,0.039999961853027344,0.0,0.8076923076923077,0.9615384615384616,0.7692307692307693,-0.08695652173913043,0.8660714285714286,0.875,0.7410714285714286,-0.005128205128205128,-0.05999999999949068,-0.09000000000014552,,,
recent24h:1s:whole,Quote-entry,TAKE_UNCHANGED,1790271044.909,1790271044.909,BURST,4,SELL,-1,,,,,,,,,,,,,,,,,,,,,,,,,,,,,,
recent24h:1s:whole,Quote-entry,TAKE_UNCHANGED,1790271091.9740002,1790271091.9740002,MICRO,3,SELL,-1,,,,,,,,,,,,,,,,,,,,,,,,,,,,,,
recent24h:1s:whole,Quote-entry,WAIT,1790271201.909,1790271201.909,PRIMARY,1,SELL,-1,HEALTHY_PULLBACK,-0.2649999999994179,1.2000000000007276,0.3400000000001455,0.6049999999995634,2.755000000003747,1.5550000000030195,6,13,47,47,0.28042328042275083,0.27842227378163426,0,1,0.0,0.1379997730255127,0.8636363636363636,0.9090909090909091,0.7727272727272727,-0.02564102564102564,0.7731958762886598,0.8247422680412371,0.5979381443298969,-0.03225806451612903,-0.18999999999959982,-0.08000000000083674,1790271203.909,,
recent24h:1s:whole,Quote-entry,SKIP_WAIT_EXPIRED,1790271201.909,1790271203.962,PRIMARY,1,SELL,-1,HEALTHY_TREND,0.555000000000291,1.7450000000008004,0.785000000000764,0.23000000000047294,3.2700000000022555,1.5250000000014552,10,8,50,47,0.5467980295562707,0.3639207507819499,1,-1,0.05299997329711914,0.0,0.5263157894736842,1.0,0.5263157894736842,-0.3103448275862069,0.73,0.86,0.59,-0.08176100628930817,0.18999999999959982,0.1499999999996362,1790271203.909,HEALTHY_PULLBACK,
recent24h:1s:whole,Quote-entry,TAKE_IMMEDIATE,1790271720.915,1790271720.915,PRIMARY,1,SELL,-1,HEALTHY_TREND,0.39499999999861757,0.6849999999994907,0.4600000000000364,0.06500000000141881,1.624999999998181,0.9399999999986903,11,3,39,33,0.7523809523762337,0.2670565302145521,1,-1,0.051999807357788086,0.0,0.8,0.9333333333333333,0.7333333333333333,-0.07692307692307693,0.84,0.76,0.6,0.05,-0.030000000000654836,-0.09000000000105501,,,
recent24h:1s:whole,Quote-entry,TAKE_IMMEDIATE,1790272615.978,1790272615.978,PRIMARY,1,SELL,-1,HEALTHY_TREND,0.36999999999989086,0.5349999999998545,0.5399999999981446,0.16999999999825377,1.9949999999962529,1.4599999999963984,9,6,41,37,0.52112676056587,0.15484804630998333,1,-1,0.04999995231628418,0.0,1.0,0.6875,0.6875,0.18518518518518517,0.8860759493670886,0.8227848101265823,0.7088607594936709,0.037037037037037035,-0.07999999999992724,-0.09000000000014552,,,
recent24h:1s:whole,Quote-entry,TAKE_IMMEDIATE,1790275457.985,1790275457.985,PRIMARY,1,BUY,1,HEALTHY_TREND,0.4349999999994907,1.1900000000005093,0.694999999999709,0.2600000000002183,2.4799999999977445,1.2899999999972351,18,8,59,34,0.45549738219845426,0.31564986737456074,0,1,0.0,0.053999900817871094,0.8888888888888888,0.8888888888888888,0.7777777777777778,0.0,0.9052631578947369,0.8631578947368421,0.7684210526315789,0.023809523809523808,-0.030000000000654836,0.0,,,
recent24h:1s:whole,Quote-exit,TAKE_UNCHANGED,1790192053.982,1790192053.982,PRIMARY,1,BUY,1,,,,,,,,,,,,,,,,,,,,,,,,,,,,,,
recent24h:1s:whole,Quote-exit,TAKE_UNCHANGED,1790193767.9910002,1790193767.9910002,PRIMARY,1,SELL,-1,,,,,,,,,,,,,,,,,,,,,,,,,,,,,,
recent24h:1s:whole,Quote-exit,TAKE_UNCHANGED,1790194365.9689999,1790194365.9689999,PRIMARY,1,SELL,-1,,,,,,,,,,,,,,,,,,,,,,,,,,,,,,
recent24h:1s:whole,Quote-exit,TAKE_UNCHANGED,1790195523.912,1790195523.912,BURST,4,SELL,-1,,,,,,,,,,,,,,,,,,,,,,,,,,,,,,
recent24h:1s:whole,Quote-exit,TAKE_UNCHANGED,1790196024.809,1790196024.809,PRIMARY,1,SELL,-1,,,,,,,,,,,,,,,,,,,,,,,,,,,,,,
recent24h:1s:whole,Quote-exit,TAKE_UNCHANGED,1790196065.932,1790196065.932,SECONDARY,2,BUY,1,,,,,,,,,,,,,,,,,,,,,,,,,,,,,,
recent24h:1s:whole,Quote-exit,TAKE_UNCHANGED,1790196504.922,1790196504.922,PRIMARY,1,BUY,1,,,,,,,,,,,,,,,,,,,,,,,,,,,,,,
recent24h:1s:whole,Quote-exit,TAKE_UNCHANGED,1790203082.952,1790203082.952,PRIMARY,1,SELL,-1,,,,,,,,,,,,,,,,,,,,,,,,,,,,,,
recent24h:1s:whole,Quote-exit,TAKE_UNCHANGED,1790227939.976,1790227939.976,PRIMARY,1,BUY,1,,,,,,,,,,,,,,,,,,,,,,,,,,,,,,
recent24h:1s:whole,Quote-exit,TAKE_UNCHANGED,1790230026.655,1790230026.655,SECONDARY,2,SELL,-1,,,,,,,,,,,,,,,,,,,,,,,,,,,,,,
recent24h:1s:whole,Quote-exit,TAKE_UNCHANGED,1790243248.941,1790243248.941,PRIMARY,1,SELL,-1,,,,,,,,,,,,,,,,,,,,,,,,,,,,,,
recent24h:1s:whole,Quote-exit,TAKE_UNCHANGED,1790244962.708,1790244962.708,PRIMARY,1,BUY,1,,,,,,,,,,,,,,,,,,,,,,,,,,,,,,
recent24h:1s:whole,Quote-exit,TAKE_UNCHANGED,1790245996.197,1790245996.197,PRIMARY,1,BUY,1,,,,,,,,,,,,,,,,,,,,,,,,,,,,,,
recent24h:1s:whole,Quote-exit,TAKE_UNCHANGED,1790247697.938,1790247697.938,MICRO,3,BUY,1,,,,,,,,,,,,,,,,,,,,,,,,,,,,,,
recent24h:1s:whole,Quote-exit,TAKE_UNCHANGED,1790248961.94,1790248961.94,PRIMARY,1,SELL,-1,,,,,,,,,,,,,,,,,,,,,,,,,,,,,,
recent24h:1s:whole,Quote-exit,TAKE_UNCHANGED,1790251279.973,1790251279.973,SECONDARY,2,BUY,1,,,,,,,,,,,,,,,,,,,,,,,,,,,,,,
recent24h:1s:whole,Quote-exit,TAKE_UNCHANGED,1790253504.9689999,1790253504.9689999,PRIMARY,1,SELL,-1,,,,,,,,,,,,,,,,,,,,,,,,,,,,,,
recent24h:1s:whole,Quote-exit,TAKE_UNCHANGED,1790256394.957,1790256394.957,BURST,4,BUY,1,,,,,,,,,,,,,,,,,,,,,,,,,,,,,,
recent24h:1s:whole,Quote-exit,TAKE_UNCHANGED,1790256642.971,1790256642.971,SECONDARY,2,SELL,-1,,,,,,,,,,,,,,,,,,,,,,,,,,,,,,
recent24h:1s:whole,Quote-exit,TAKE_UNCHANGED,1790257759.983,1790257759.983,PRIMARY,1,BUY,1,,,,,,,,,,,,,,,,,,,,,,,,,,,,,,
recent24h:1s:whole,Quote-exit,TAKE_UNCHANGED,1790259382.96,1790259382.96,MICRO,3,BUY,1,,,,,,,,,,,,,,,,,,,,,,,,,,,,,,
recent24h:1s:whole,Quote-exit,TAKE_UNCHANGED,1790259744.944,1790259744.944,PRIMARY,1,BUY,1,,,,,,,,,,,,,,,,,,,,,,,,,,,,,,
recent24h:1s:whole,Quote-exit,TAKE_UNCHANGED,1790262741.964,1790262741.964,PRIMARY,1,BUY,1,,,,,,,,,,,,,,,,,,,,,,,,,,,,,,
recent24h:1s:whole,Quote-exit,TAKE_UNCHANGED,1790264485.926,1790264485.926,SECONDARY,2,BUY,1,,,,,,,,,,,,,,,,,,,,,,,,,,,,,,
recent24h:1s:whole,Quote-exit,TAKE_UNCHANGED,1790267631.868,1790267631.868,PRIMARY,1,SELL,-1,,,,,,,,,,,,,,,,,,,,,,,,,,,,,,
recent24h:1s:whole,Quote-exit,TAKE_UNCHANGED,1790267949.875,1790267949.875,SECONDARY,2,BUY,1,,,,,,,,,,,,,,,,,,,,,,,,,,,,,,
recent24h:1s:whole,Quote-exit,TAKE_UNCHANGED,1790268611.999,1790268611.999,PRIMARY,1,SELL,-1,,,,,,,,,,,,,,,,,,,,,,,,,,,,,,
recent24h:1s:whole,Quote-exit,TAKE_UNCHANGED,1790269786.987,1790269786.987,SECONDARY,2,SELL,-1,,,,,,,,,,,,,,,,,,,,,,,,,,,,,,
recent24h:1s:whole,Quote-exit,TAKE_UNCHANGED,1790271044.909,1790271044.909,BURST,4,SELL,-1,,,,,,,,,,,,,,,,,,,,,,,,,,,,,,
recent24h:1s:whole,Quote-exit,TAKE_UNCHANGED,1790271091.9740002,1790271091.9740002,MICRO,3,SELL,-1,,,,,,,,,,,,,,,,,,,,,,,,,,,,,,
recent24h:1s:whole,Quote-exit,TAKE_UNCHANGED,1790271201.909,1790271201.909,PRIMARY,1,SELL,-1,,,,,,,,,,,,,,,,,,,,,,,,,,,,,,
recent24h:1s:whole,Quote-exit,TAKE_UNCHANGED,1790271720.915,1790271720.915,PRIMARY,1,SELL,-1,,,,,,,,,,,,,,,,,,,,,,,,,,,,,,
recent24h:1s:whole,Quote-exit,TAKE_UNCHANGED,1790272615.978,1790272615.978,PRIMARY,1,SELL,-1,,,,,,,,,,,,,,,,,,,,,,,,,,,,,,
recent24h:1s:whole,Quote-exit,TAKE_UNCHANGED,1790275457.985,1790275457.985,PRIMARY,1,BUY,1,,,,,,,,,,,,,,,,,,,,,,,,,,,,,,
recent24h:1s:whole,Candidate-J,TAKE_IMMEDIATE,1790192053.982,1790192053.982,PRIMARY,1,BUY,1,HEALTHY_TREND,0.20499999999992724,0.7150000000001455,0.4250000000001819,0.21999999999934516,1.4349999999976717,0.7199999999966167,11,10,31,31,0.31782945736401313,0.33178654292424076,1,-1,0.08900022506713867,0.0,0.8461538461538461,0.6923076923076923,0.5384615384615384,0.1,0.7313432835820896,0.746268656716418,0.47761194029850745,-0.010101010101010102,-0.010000000000218279,0.0500000000001819,,,
recent24h:1s:whole,Candidate-J,TAKE_IMMEDIATE,1790193767.9910002,1790193767.9910002,PRIMARY,1,SELL,-1,HEALTHY_TREND,2.5999999999994543,3.4249999999992724,3.2000000000007276,0.6000000000012733,7.355000000003201,3.930000000003929,27,9,96,60,0.6842105263152856,0.3035002215327522,1,-1,0.04800009727478027,0.0,0.9473684210526315,0.8157894736842105,0.7631578947368421,0.07462686567164178,0.9,0.71875,0.61875,0.11196911196911197,-0.159999999998945,-0.1499999999996362,,,
recent24h:1s:whole,Candidate-J,TAKE_IMMEDIATE,1790194365.9689999,1790194365.9689999,PRIMARY,1,SELL,-1,HEALTHY_TREND,0.7299999999995634,1.6649999999990541,0.9650000000001455,0.23500000000058208,2.9400000000005093,1.2750000000014552,15,6,62,37,0.6083333333326006,0.39501779359389755,0,1,0.0,0.04799985885620117,0.8181818181818182,0.8636363636363636,0.6818181818181818,-0.02702702702702703,0.7843137254901961,0.7549019607843137,0.5392156862745098,0.01910828025477707,-0.03999999999996362,-0.07000000000061846,,,
recent24h:1s:whole,Candidate-J,TAKE_UNCHANGED,1790195523.912,1790195523.912,BURST,4,SELL,-1,,,,,,,,,,,,,,,,,,,,,,,,,,,,,,
recent24h:1s:whole,Candidate-J,WAIT,1790196024.809,1790196024.809,PRIMARY,1,SELL,-1,HEALTHY_PULLBACK,-0.02999999999974534,0.7049999999999272,0.16499999999905413,0.19499999999879947,1.9149999999972351,1.2099999999982174,5,6,42,38,0.0833333333331228,0.22560000000023936,1,-1,0.04800009727478027,0.0,0.8461538461538461,0.7692307692307693,0.6153846153846154,0.047619047619047616,0.7857142857142857,0.7976190476190477,0.5833333333333334,-0.007518796992481203,-0.06000000000040018,-0.030000000000654836,1790196026.809,,
recent24h:1s:whole,Candidate-J,SKIP_DECAY_DURING_WAIT,1790196024.809,1790196026.6169999,PRIMARY,1,SELL,-1,DECAY,-0.24499999999898137,0.3000000000001819,0.05500000000029104,0.2999999999992724,1.3449999999975262,1.0449999999982538,1,8,35,35,0.6901408450684018,0.12552301255255124,3,-1,0.8550000190734863,0.0,0.8,0.8,0.6,0.0,0.7567567567567568,0.7972972972972973,0.5540540540540541,-0.02608695652173913,0.25,0.07999999999901775,1790196026.809,HEALTHY_PULLBACK,
recent24h:1s:whole,Candidate-J,TAKE_IMMEDIATE,1790196065.932,1790196065.932,SECONDARY,2,BUY,1,HEALTHY_TREND,1.0,1.6599999999998545,1.264999999999418,0.2649999999994179,4.845000000001164,3.1850000000004,24,7,71,81,0.6535947712423273,0.20672478206716602,0,1,0.0,0.6110000610351562,0.7575757575757576,0.9696969696969697,0.7272727272727273,-0.12280701754385964,0.8461538461538461,0.8589743589743589,0.7051282051282052,-0.007518796992481203,-0.1999999999998181,-0.23999999999978172,,,
recent24h:1s:whole,Candidate-J,TAKE_IMMEDIATE,1790196504.922,1790196504.922,PRIMARY,1,BUY,1,IGNITION,0.04500000000007276,-0.2900000000008731,0.1499999999996362,0.10499999999956344,0.9750000000012733,1.2650000000021464,8,4,33,38,0.17647058823613332,0.12946428571447785,0,1,0.0,0.1549999713897705,0.9285714285714286,0.8571428571428571,0.7857142857142857,0.04,0.8311688311688312,0.7922077922077922,0.6233766233766234,0.024,-0.02999999999974534,-0.020000000000436557,,,
recent24h:1s:whole,Candidate-J,TAKE_IMMEDIATE,1790203082.952,1790203082.952,PRIMARY,1,SELL,-1,HEALTHY_TREND,0.5300000000006548,1.4099999999998545,0.555000000000291,0.024999999999636202,1.7899999999981446,0.37999999999829015,13,2,40,14,0.9137931034495195,0.6497695852544567,0,1,0.0,0.8429999351501465,0.75,0.75,0.5,0.0,0.8392857142857143,0.6785714285714286,0.5178571428571429,0.10588235294117647,0.03999999999996362,0.03999999999996362,,,
recent24h:1s:whole,Candidate-J,TAKE_IMMEDIATE,1790227939.976,1790227939.976,PRIMARY,1,BUY,1,HEALTHY_TREND,0.16500000000087311,0.9200000000000728,0.3500000000003638,0.18499999999949068,2.2000000000025466,1.2800000000024738,7,5,24,25,0.3084112149549869,0.26436781609159354,0,1,0.0,0.35500001907348633,1.0,0.5384615384615384,0.5384615384615384,0.3,0.92,0.62,0.54,0.19480519480519481,-0.17000000000007276,-0.2600000000002183,,,
recent24h:1s:whole,Candidate-J,TAKE_IMMEDIATE,1790230026.655,1790230026.655,SECONDARY,2,SELL,-1,HEALTHY_TREND,0.8749999999990905,0.8699999999998909,1.1199999999980719,0.24499999999898137,2.4049999999961074,1.534999999997126,11,5,29,25,0.6410256410263586,0.2208121827414173,1,-1,0.09999990463256836,0.0,0.4117647058823529,0.8235294117647058,0.23529411764705882,-0.3333333333333333,0.6964285714285714,0.5535714285714286,0.25,0.11428571428571428,-0.10999999999967258,-0.15999999999985448,,,
recent24h:1s:whole,Candidate-J,SKIP_BAD_PHASE,1790243248.941,1790243248.941,PRIMARY,1,SELL,-1,REVERSAL,-0.125,-0.09000000000014552,0.17000000000098225,0.29500000000098225,0.8650000000006912,0.9549999999999272,10,6,29,21,0.2688172042999396,0.04945054945058789,0,1,0.0,0.14299988746643066,0.7647058823529411,0.7647058823529411,0.5294117647058824,0.0,0.8888888888888888,0.7777777777777778,0.6666666666666666,0.06666666666666667,-0.09000000000014552,-0.1000000000003638,,,
recent24h:1s:whole,Candidate-J,TAKE_IMMEDIATE,1790244962.708,1790244962.708,PRIMARY,1,BUY,1,HEALTHY_TREND,0.1999999999998181,1.6400000000003274,0.5599999999994907,0.3599999999996726,2.4750000000012733,0.8350000000018554,15,8,46,25,0.21739130434782608,0.4954682779451138,0,1,0.0,0.247999906539917,0.6666666666666666,1.0,0.6666666666666666,-0.2,0.7397260273972602,0.9041095890410958,0.6438356164383562,-0.1,-0.019999999999527063,0.020000000000436557,,,
recent24h:1s:whole,Candidate-J,TAKE_IMMEDIATE,1790245996.197,1790245996.197,PRIMARY,1,BUY,1,HEALTHY_TREND,0.32000000000061846,0.31999999999970896,0.3350000000000364,0.014999999999417923,1.4249999999956344,1.104999999996835,7,1,33,17,0.9142857142889068,0.12648221343895116,0,1,0.0,0.2389998435974121,1.0,0.8,0.8,0.1111111111111111,0.9629629629629629,0.9074074074074074,0.8703703703703703,0.0297029702970297,-0.03999999999996362,-0.13999999999941792,,,
recent24h:1s:whole,Candidate-J,TAKE_UNCHANGED,1790247697.938,1790247697.938,MICRO,3,BUY,1,,,,,,,,,,,,,,,,,,,,,,,,,,,,,,
recent24h:1s:whole,Candidate-J,WAIT,1790248961.94,1790248961.94,PRIMARY,1,SELL,-1,HEALTHY_PULLBACK,-0.5100000000002183,0.9549999999999272,0.14000000000032742,0.6500000000005457,2.8450000000002547,1.8900000000003274,8,8,60,42,0.6455696202527273,0.20168954593448993,0,1,0.0,0.24499988555908203,0.9411764705882353,0.7647058823529411,0.7058823529411765,0.10344827586206896,0.9223300970873787,0.7087378640776699,0.6310679611650486,0.13095238095238096,-0.040000000000873115,-0.030000000000654836,1790248963.94,,
recent24h:1s:whole,Candidate-J,SKIP_DECAY_DURING_WAIT,1790248961.94,1790248962.892,PRIMARY,1,SELL,-1,DECAY,-0.6400000000003274,0.2600000000002183,0.13499999999930878,0.7749999999996362,2.4249999999992724,2.164999999999054,6,12,56,46,0.7032967032978785,0.056644880174360146,2,-1,0.2969999313354492,0.0,0.8947368421052632,0.7894736842105263,0.6842105263157895,0.0625,0.9223300970873787,0.7087378640776699,0.6310679611650486,0.13095238095238096,0.05999999999949068,0.019999999999527063,1790248963.94,HEALTHY_PULLBACK,
recent24h:1s:whole,Candidate-J,TAKE_IMMEDIATE,1790251279.973,1790251279.973,SECONDARY,2,BUY,1,HEALTHY_TREND,0.8049999999993815,2.339999999999236,0.9150000000008731,0.11000000000149157,3.4350000000013097,1.0950000000020736,19,8,68,35,0.7853658536561213,0.516556291390174,1,-1,0.04699993133544922,0.0,0.5517241379310345,0.9310344827586207,0.4827586206896552,-0.2558139534883721,0.6226415094339622,0.9339622641509434,0.5566037735849056,-0.2,-0.08999999999923602,-0.019999999999527063,,,
recent24h:1s:whole,Candidate-J,WAIT,1790253504.9689999,1790253504.9689999,PRIMARY,1,SELL,-1,UNCERTAIN,-0.17000000000007276,-0.0,0.014999999999417923,0.18499999999949068,1.1649999999990541,1.1649999999990541,1,8,28,40,0.8500000000050022,0.0,1,-1,0.2569999694824219,0.0,0.5,0.7,0.2,-0.16666666666666666,0.7101449275362319,0.7971014492753623,0.5072463768115942,-0.057692307692307696,-0.03999999999996362,-0.07999999999992724,1790253506.9689999,,
recent24h:1s:whole,Candidate-J,SKIP_DECAY_DURING_WAIT,1790253504.9689999,1790253505.892,PRIMARY,1,SELL,-1,REVERSAL,-0.5249999999996362,-0.4600000000000364,0.13999999999941792,0.6649999999990541,1.1899999999995998,1.6499999999996362,6,11,30,42,0.6521739130442642,0.16197183098597187,0,1,0.0,0.056999921798706055,0.7222222222222222,0.8333333333333334,0.5555555555555556,-0.07142857142857142,0.7397260273972602,0.7945205479452054,0.5342465753424658,-0.03571428571428571,0.12999999999919964,0.07999999999992724,1790253506.9689999,UNCERTAIN,
recent24h:1s:whole,Candidate-J,TAKE_UNCHANGED,1790256394.957,1790256394.957,BURST,4,BUY,1,,,,,,,,,,,,,,,,,,,,,,,,,,,,,,
recent24h:1s:whole,Candidate-J,TAKE_IMMEDIATE,1790256642.971,1790256642.971,SECONDARY,2,SELL,-1,HEALTHY_TREND,0.8599999999996726,1.5349999999998545,1.3649999999997817,0.5050000000001091,3.249999999996362,1.7149999999965075,15,12,46,48,0.459893048128194,0.3091641490437178,2,-1,0.09299993515014648,0.0,0.8928571428571429,0.5714285714285714,0.4642857142857143,0.21951219512195122,0.84375,0.6458333333333334,0.4895833333333333,0.13286713286713286,-0.08000000000083674,-0.09000000000014552,,,
recent24h:1s:whole,Candidate-J,SKIP_BAD_PHASE,1790257759.983,1790257759.983,PRIMARY,1,BUY,1,DECAY,-0.05499999999847205,3.5200000000004366,0.6850000000013097,0.7399999999997817,12.540000000001783,9.020000000000437,10,17,71,99,0.03859649122696837,0.16326530612244552,3,-1,0.312000036239624,0.0,0.8275862068965517,0.7931034482758621,0.6206896551724138,0.02127659574468085,0.943502824858757,0.8700564971751412,0.8135593220338984,0.040498442367601244,-0.25,-0.12000000000080036,,,
recent24h:1s:whole,Candidate-J,TAKE_UNCHANGED,1790259382.96,1790259382.96,MICRO,3,BUY,1,,,,,,,,,,,,,,,,,,,,,,,,,,,,,,
recent24h:1s:whole,Candidate-J,TAKE_IMMEDIATE,1790259744.944,1790259744.944,PRIMARY,1,BUY,1,HEALTHY_TREND,0.4399999999995998,1.9049999999997453,0.7249999999976353,0.2849999999980355,3.084999999999127,1.1800000000012005,15,10,57,36,0.43564356435790674,0.4466588511134318,1,-1,0.0559999942779541,0.0,0.5769230769230769,0.9615384615384616,0.5384615384615384,-0.25,0.6979166666666666,0.90625,0.6041666666666666,-0.12987012987012986,0.08000000000083674,-0.08999999999923602,,,
recent24h:1s:whole,Candidate-J,TAKE_IMMEDIATE,1790262741.964,1790262741.964,PRIMARY,1,BUY,1,HEALTHY_TREND,0.22000000000025466,0.49499999999989086,0.35499999999956344,0.13499999999930878,1.430000000000291,0.9350000000004002,6,2,34,25,0.4489795918382878,0.20930232558128803,0,1,0.0,0.23600006103515625,1.0,0.4444444444444444,0.4444444444444444,0.38461538461538464,0.9166666666666666,0.5166666666666667,0.43333333333333335,0.27906976744186046,0.0,-0.06999999999970896,,,
recent24h:1s:whole,Candidate-J,TAKE_IMMEDIATE,1790264485.926,1790264485.926,SECONDARY,2,BUY,1,HEALTHY_TREND,0.9099999999998545,0.6499999999996362,1.0400000000008731,0.13000000000101863,2.439999999997781,1.7899999999981446,15,6,49,39,0.7777777777763958,0.15366430260053482,0,1,0.0,0.10100007057189941,0.7272727272727273,0.8636363636363636,0.5909090909090909,-0.08571428571428572,0.8426966292134831,0.8651685393258427,0.7078651685393258,-0.013157894736842105,-0.040000000000873115,-0.1000000000003638,,,
recent24h:1s:whole,Candidate-J,TAKE_IMMEDIATE,1790267631.868,1790267631.868,PRIMARY,1,SELL,-1,HEALTHY_TREND,0.4150000000008731,0.6000000000003638,1.1900000000032378,0.7750000000023647,3.140000000006694,2.5400000000054206,17,15,59,61,0.21119592875302284,0.10563380281672324,0,1,0.0,0.05299997329711914,0.9117647058823529,0.9411764705882353,0.8529411764705882,-0.015873015873015872,0.926829268292683,0.9024390243902439,0.8292682926829268,0.013333333333333334,0.0500000000001819,0.0,,,
recent24h:1s:whole,Candidate-J,TAKE_IMMEDIATE,1790267949.875,1790267949.875,SECONDARY,2,BUY,1,HEALTHY_TREND,1.4200000000000728,2.7399999999997817,1.9399999999995998,0.5199999999995271,5.259999999993852,2.5199999999949796,16,12,69,55,0.577235772357958,0.3521850899747294,4,-1,0.23800015449523926,0.0,0.8620689655172413,0.9310344827586207,0.7931034482758621,-0.038461538461538464,0.8888888888888888,0.753968253968254,0.6428571428571429,0.0821256038647343,-0.1999999999998181,-0.1000000000003638,,,
recent24h:1s:whole,Candidate-J,TAKE_IMMEDIATE,1790268611.999,1790268611.999,PRIMARY,1,SELL,-1,HEALTHY_TREND,0.8550000000004729,1.199999999999818,1.7500000000027285,0.8950000000022555,4.090000000006512,2.890000000006694,14,15,61,55,0.3232514177689459,0.17191977077328766,2,-1,0.10200023651123047,0.0,0.9032258064516129,0.9032258064516129,0.8064516129032258,0.0,0.923728813559322,0.8389830508474576,0.7627118644067796,0.04807692307692308,-0.0500000000001819,-0.03999999999996362,,,
recent24h:1s:whole,Candidate-J,TAKE_IMMEDIATE,1790269786.987,1790269786.987,SECONDARY,2,SELL,-1,HEALTHY_TREND,0.9800000000004729,1.0450000000000728,1.3450000000011642,0.3650000000006912,3.5800000000026557,2.535000000002583,19,6,63,48,0.5730994152043332,0.17089125102194236,1,-1,0.039999961853027344,0.0,0.8076923076923077,0.9615384615384616,0.7692307692307693,-0.08695652173913043,0.8660714285714286,0.875,0.7410714285714286,-0.005128205128205128,-0.05999999999949068,-0.09000000000014552,,,
recent24h:1s:whole,Candidate-J,TAKE_UNCHANGED,1790271044.909,1790271044.909,BURST,4,SELL,-1,,,,,,,,,,,,,,,,,,,,,,,,,,,,,,
recent24h:1s:whole,Candidate-J,TAKE_UNCHANGED,1790271091.9740002,1790271091.9740002,MICRO,3,SELL,-1,,,,,,,,,,,,,,,,,,,,,,,,,,,,,,
recent24h:1s:whole,Candidate-J,WAIT,1790271201.909,1790271201.909,PRIMARY,1,SELL,-1,HEALTHY_PULLBACK,-0.2649999999994179,1.2000000000007276,0.3400000000001455,0.6049999999995634,2.755000000003747,1.5550000000030195,6,13,47,47,0.28042328042275083,0.27842227378163426,0,1,0.0,0.1379997730255127,0.8636363636363636,0.9090909090909091,0.7727272727272727,-0.02564102564102564,0.7731958762886598,0.8247422680412371,0.5979381443298969,-0.03225806451612903,-0.18999999999959982,-0.08000000000083674,1790271203.909,,
recent24h:1s:whole,Candidate-J,SKIP_WAIT_EXPIRED,1790271201.909,1790271203.962,PRIMARY,1,SELL,-1,HEALTHY_TREND,0.555000000000291,1.7450000000008004,0.785000000000764,0.23000000000047294,3.2700000000022555,1.5250000000014552,10,8,50,47,0.5467980295562707,0.3639207507819499,1,-1,0.05299997329711914,0.0,0.5263157894736842,1.0,0.5263157894736842,-0.3103448275862069,0.73,0.86,0.59,-0.08176100628930817,0.18999999999959982,0.1499999999996362,1790271203.909,HEALTHY_PULLBACK,
recent24h:1s:whole,Candidate-J,TAKE_IMMEDIATE,1790271720.915,1790271720.915,PRIMARY,1,SELL,-1,HEALTHY_TREND,0.39499999999861757,0.6849999999994907,0.4600000000000364,0.06500000000141881,1.624999999998181,0.9399999999986903,11,3,39,33,0.7523809523762337,0.2670565302145521,1,-1,0.051999807357788086,0.0,0.8,0.9333333333333333,0.7333333333333333,-0.07692307692307693,0.84,0.76,0.6,0.05,-0.030000000000654836,-0.09000000000105501,,,
recent24h:1s:whole,Candidate-J,TAKE_IMMEDIATE,1790272615.978,1790272615.978,PRIMARY,1,SELL,-1,HEALTHY_TREND,0.36999999999989086,0.5349999999998545,0.5399999999981446,0.16999999999825377,1.9949999999962529,1.4599999999963984,9,6,41,37,0.52112676056587,0.15484804630998333,1,-1,0.04999995231628418,0.0,1.0,0.6875,0.6875,0.18518518518518517,0.8860759493670886,0.8227848101265823,0.7088607594936709,0.037037037037037035,-0.07999999999992724,-0.09000000000014552,,,
recent24h:1s:whole,Candidate-J,TAKE_IMMEDIATE,1790275457.985,1790275457.985,PRIMARY,1,BUY,1,HEALTHY_TREND,0.4349999999994907,1.1900000000005093,0.694999999999709,0.2600000000002183,2.4799999999977445,1.2899999999972351,18,8,59,34,0.45549738219845426,0.31564986737456074,0,1,0.0,0.053999900817871094,0.8888888888888888,0.8888888888888888,0.7777777777777778,0.0,0.9052631578947369,0.8631578947368421,0.7684210526315789,0.023809523809523808,-0.030000000000654836,0.0,,,
