window,interval,segment_id,engine,side,side_sign,entry_index,exit_index,entry_ts,exit_ts,hold_sec,exit_reason,pnl_inr,mfe_usd,mae_usd,censored,fixed_balance_inr,range60_rel,spread_rel,activity_rel,er60,spread_to_range,dir_m10_rel,dir_m30_rel,dir_m60_rel,dir_m300_rel,dir_eff60,flow_align10,flow_align60,accel_10_60,accel_30_300,short_long_balance,pullback60,pullback300,market_heat,execution_heat,session_age_sec,trade_id,raw_count2,raw_count10,event_rate_accel_2_10,median_iat2_ms,median_iat10_ms,iat_ratio_2_10,mid_move2,mid_move10,dir_mid_move2,dir_mid_move10,event_eff2,event_eff10,event_imb2,event_imb10,dir_event_imb2,dir_event_imb10,dir_imbalance_delta_2_10,quote_sidedness2,two_sided_update_frac2,spread_rel10,spread_change_rel2,spread_compression10,dir_range_position10
historical7d,500ms,0,PRIMARY,BUY,1,5718,5960,1789573826.844,1789573965.96,139.1159999370575,emergency_stop,-15.412499999998772,0.0,-4.109999999999673,False,500.0,1.187861271676144,0.9666666666674246,0.4958677685950413,0.1356001638672133,0.1411192214111545,1.4285714285677162,2.4796380090489096,2.0623052959504347,2.2485029940113987,0.1356001638672133,0.2666666666666666,0.0983606557377049,-0.6337338673827184,0.2311350150375108,-0.2012994261726037,0.0,0.0,0.5890221181865177,0.4793388429755825,3247.7400000095367,historical7d|500ms|0|PRIMARY|BUY|1789573826.844000,8.0,30.0,1.3333333333333333,98.00028800964355,100.00038146972656,0.9799991416963894,0.2999999999992724,0.42999999999938154,0.2999999999992724,0.42999999999938154,1.0,0.37391304347754567,1.0,0.2413793103448276,1.0,0.2413793103448276,0.7586206896551724,-0.14285714285714285,0.5714285714285714,1.0,0.0,0.31034482758674764,1.0
historical7d,500ms,0,PRIMARY,BUY,1,6787,7045,1789574424.972,1789574554.4499998,129.4779999256134,emergency_stop,-15.22499999999809,0.1700000000000727,-4.059999999999491,False,500.0,2.4830633284232544,0.8333333333328281,2.39344262295082,0.0987791342952145,0.059311981020164,10.048387096775258,1.358649789030611,4.869300911850251,3.0329341317367,0.0987791342952145,0.0489510489510489,-0.0336787564766839,5.179086184925007,-1.6742843427060887,1.752400921109459,0.0047449584817166,0.0037735849057426,5.943069605734347,1.9945355191244736,3845.867999792099,historical7d|500ms|0|PRIMARY|BUY|1789574424.972000,28.0,146.0,0.9589041095890412,52.00004577636719,51.999807357788086,1.0000045849896608,0.4600000000000364,3.149999999999636,0.4600000000000364,3.149999999999636,0.3650793650801213,0.43568464730277096,-0.18518518518518517,0.056338028169014086,-0.18518518518518517,0.056338028169014086,-0.24152321335419927,0.1111111111111111,0.37037037037037035,0.8620689655173496,0.06896551724289333,0.9310344827571067,0.9874015748028753
historical7d,500ms,0,PRIMARY,BUY,1,8033,9765,1789575064.35,1789575964.473,900.1229999065399,max_hold,11.325000000001635,9.399999999999636,-1.4200000000000728,False,500.0,1.33658536585373,0.8888888888879265,0.9659863945578232,0.0918102430965974,0.102189781021813,0.9726027397254812,3.320463320463977,1.8568019093082408,3.4880239520960923,0.0918102430965974,0.0985915492957746,0.0305498981670061,-0.8841991695827593,-0.1675606316321154,-0.5258799006074373,0.0291970802919465,0.0117130307466936,1.2911232785797937,0.8586545729393575,4485.246000051498,historical7d|500ms|0|PRIMARY|BUY|1789575064.350000,14.0,72.0,0.9722222222222222,55.9999942779541,52.00004577636719,1.076922018853391,-0.005000000000109139,0.39499999999952706,-0.005000000000109139,0.39499999999952706,0.0204081632659122,0.14548802946589423,-0.07692307692307693,0.11428571428571428,-0.07692307692307693,0.11428571428571428,-0.1912087912087912,-0.38461538461538464,0.46153846153846156,1.0140845070412792,0.08450704225279945,0.2816901408460808,0.9272727272710435
historical7d,500ms,0,PRIMARY,SELL,-1,11701,12244,1789576948.978,1789577221.412,272.4340000152588,momentum_zero_cross,-9.262500000000957,2.340000000000145,-2.600000000000364,False,500.0,1.6333973128605497,0.6906474820145014,1.3175355450236967,0.090163934426308,0.0564042303172089,1.4218009478681322,2.215938303340936,2.962593516209569,2.018041237114746,0.090163934426308,0.1304347826086956,0.083743842364532,-1.5407925683414367,0.19789706622619,-0.6714477510576233,0.0082256169214466,0.0070921985817132,2.152059018839966,0.90995260663522,6369.873999834061,historical7d|500ms|0|PRIMARY|SELL|1789576948.978000,27.0,139.0,0.9712230215827338,50.99987983703613,51.000118255615234,0.9999953251367397,-0.44499999999970896,-0.7449999999998909,0.44499999999970896,0.7449999999998909,0.640287769784022,0.17674970344010105,-0.3076923076923077,-0.12408759124087591,0.3076923076923077,0.12408759124087591,0.18360471645143178,0.5,0.34615384615384615,0.9230769230753086,-0.03846153846234571,0.7692307692294238,1.0
historical7d,500ms,0,PRIMARY,SELL,-1,13180,14943,1789577693.868,1789578593.993,900.125,max_hold,33.187500000001364,13.800000000000182,-1.2200000000002549,False,500.0,0.4801548886740368,0.6538461538458847,0.7466666666666667,0.0285285285285093,0.1370967741935306,-0.2022471910112818,0.0676691729324439,0.7862068965514213,1.9255813953485008,0.0285285285285093,0.0602409638554216,-0.0909090909090909,-0.9884540875627033,-1.857912222416057,-1.42318315498938,0.2379032258063776,0.0722972972972723,0.3585156502099474,0.4882051282049273,7114.763999938965,historical7d|500ms|0|PRIMARY|SELL|1789577693.868000,19.0,84.0,1.130952380952381,51.000118255615234,52.00028419494629,0.9807661447467962,-0.24499999999989086,0.10999999999967258,0.24499999999989086,-0.10999999999967258,0.46666666666597373,0.03999999999976188,-0.2222222222222222,-0.04878048780487805,0.2222222222222222,0.04878048780487805,0.17344173441734417,-0.16666666666666666,0.6111111111111112,0.7391304347814052,-0.043478260870424855,0.8695652173887254,0.09090909090799759
historical7d,500ms,0,PRIMARY,SELL,-1,16004,17275,1789579129.2659998,1789579778.929,649.6630001068115,emergency_stop,-15.149999999999864,3.130000000000109,-4.039999999999964,False,500.0,0.9158316633263012,1.0,0.8071748878923767,0.0709371293001664,0.126914660831502,2.757894736843476,1.4159292035416844,1.4692874692883608,1.4055299539170871,0.0709371293001664,0.0561797752808988,-0.0942028985507246,1.288607267555115,0.010399249624597,0.6495032585898562,0.0218818380740812,0.0072358900143666,0.739236320173696,0.8071748878923767,8550.161999702454,historical7d|500ms|0|PRIMARY|SELL|1789579129.266000,21.0,90.0,1.1666666666666667,52.500128746032715,53.00021171569824,0.9905645099618082,-0.5300000000006548,-1.0650000000005093,0.5300000000006548,1.0650000000005093,0.5955056179774363,0.2843791722294385,-0.3684210526315789,-0.045454545454545456,0.3684210526315789,0.045454545454545456,0.32296650717703346,-0.35,0.65,1.0,-0.13793103448578667,0.3793103448265048,0.942528735633013
historical7d,500ms,0,PRIMARY,BUY,1,18191,19947,1789580254.921,1789581155.406,900.4850001335144,max_hold,45.48750000000041,14.489999999999782,-0.6000000000003638,False,500.0,1.096069868995746,0.9310344827602428,0.7745098039215687,0.1077599748665535,0.1075697211157024,3.748633879781888,2.7806451612912992,1.254113345519781,2.0526893523604026,0.1077599748665535,0.1794871794871795,-0.0461538461538461,2.494520534262106,0.7279558089308966,1.6112381715965014,0.0318725099604899,0.0155945419104913,0.8489168593202346,0.7210953346868547,9675.816999912262,historical7d|500ms|0|PRIMARY|BUY|1789580254.921000,29.0,79.0,1.8354430379746836,50.99987983703613,55.9999942779541,0.9107122330030952,1.0,1.6899999999995998,1.0,1.6899999999995998,0.5813953488362009,0.5168195718653958,0.35714285714285715,0.16883116883116883,0.35714285714285715,0.16883116883116883,0.18831168831168832,0.17857142857142858,0.8214285714285714,0.9310344827602428,0.0,0.620689655170359,0.9098591549287085
historical7d,500ms,0,PRIMARY,BUY,1,20905,21093,1789581649.428,1789581743.4540002,94.02600026130676,emergency_stop,-15.412499999998772,1.949999999999818,-4.109999999999673,False,500.0,1.137472283813744,1.0,1.1935483870967742,0.0220008302199902,0.1130604288499059,0.7820512820513718,1.7730061349698387,0.5598591549294207,2.2519019442099086,0.0220008302199902,-0.0181818181818181,-0.0052770448548812,0.222192127121951,-0.4788958092400699,-0.1283518410590594,0.2943469785572388,0.086335048599118,1.3576282097131784,1.1935483870967742,11070.323999881744,historical7d|500ms|0|PRIMARY|BUY|1789581649.428000,26.0,111.0,1.1711711711711712,51.000118255615234,51.49996280670166,0.9902942735519533,0.27000000000043656,0.29500000000007276,0.27000000000043656,0.29500000000007276,0.16666666666722807,0.06190975865680133,0.12,-0.027522935779816515,0.12,-0.027522935779816515,0.1475229357798165,0.04,0.72,0.9062500000007105,-0.062499999998578915,0.46875000000213163,0.3333333333340551
historical7d,500ms,0,PRIMARY,BUY,1,22031,22224,1789582223.908,1789582321.921,98.01300001144408,emergency_stop,-15.03750000000082,0.0,-4.010000000000218,False,500.0,0.9713071200851568,1.0,1.0558375634517767,0.0640470297030206,0.126914660831502,0.6000000000015916,0.2327044025163384,1.7358490566041334,1.8131578947370808,0.0640470297030206,0.0392156862745098,0.0502793296089385,-1.1358490566025417,-1.5804534922207425,-1.3581512744116422,0.1225382932161285,0.035331230283768,1.0255425430340743,1.0558375634517767,11644.803999900818,historical7d|500ms|0|PRIMARY|BUY|1789582223.908000,28.0,104.0,1.346153846153846,51.999807357788086,52.00004577636719,0.9999954150313611,-0.1749999999992724,0.35500000000047294,-0.1749999999992724,0.35500000000047294,0.12727272727253486,0.10070921985848248,-0.07692307692307693,0.04950495049504951,-0.07692307692307693,0.04950495049504951,-0.12642802741812642,0.14814814814814814,0.7037037037037037,0.8529411764701161,-0.49999999999732503,0.617647058823372,0.11811023622317918
historical7d,500ms,0,PRIMARY,SELL,-1,24219,24982,1789583356.946,1789583760.496,403.55000019073486,emergency_stop,-15.562499999998636,2.0100000000002183,-4.149999999999636,False,500.0,0.869395711500786,0.8823529411739529,0.8888888888888888,0.1309599491417737,0.1345291479817628,2.814814814816212,1.4501718213063144,1.2935635792775844,1.4511002444988237,0.1309599491417737,0.0352941176470588,0.0409090909090909,1.5212512355386276,-0.0009284231925092,0.7601614061730593,0.0224215246633552,0.0080450522927238,0.7727961880006986,0.7843137254879581,12777.84199976921,historical7d|500ms|0|PRIMARY|SELL|1789583356.946000,21.0,88.0,1.1931818181818181,54.000020027160645,52.99973487854004,1.0188733991012024,-0.6900000000005093,-0.9200000000000728,0.6900000000005093,0.9200000000000728,0.7582417582409235,0.28840125391814314,-0.3684210526315789,-0.023809523809523808,0.3684210526315789,0.023809523809523808,0.34461152882205515,0.15,0.65,0.8571428571398874,-0.11428571428549156,0.3142857142870507,0.9004975124391796
historical7d,500ms,0,PRIMARY,SELL,-1,30551,30820,1789586926.748,1789587086.985,160.2369999885559,momentum_zero_cross,-10.424999999999043,0.0,-2.7799999999997453,False,500.0,1.39341421143896,0.905660377358102,1.4615384615384617,0.1304347826086337,0.1194029850745053,-0.4888888888916735,0.7999999999980597,2.6533864541810552,0.9435483870965672,0.1304347826086337,-0.0526315789473684,-0.0080862533692722,-3.1422753430727286,-0.1435483870985074,-1.642911865085618,0.1293532338309403,0.0675324675325178,2.036528462872326,1.323657474600303,16347.643999814987,historical7d|500ms|0|PRIMARY|SELL|1789586926.748000,23.0,76.0,1.5131578947368423,50.50003528594971,92.00000762939453,0.548913381500793,0.23000000000047294,0.11499999999978172,-0.23000000000047294,-0.11499999999978172,0.3108108108119236,0.04070796460170837,0.2727272727272727,0.06666666666666667,-0.2727272727272727,-0.06666666666666667,-0.20606060606060606,0.3181818181818182,0.4090909090909091,0.7272727272722261,-0.30303030303147227,0.636363636366643,-0.25301204819393286
historical7d,500ms,0,PRIMARY,BUY,1,39363,39559,1789592304.8969998,1789592403.462,98.56500029563904,emergency_stop,-27.862499999997684,9.100000000000364,-7.429999999999381,False,500.0,2.462480857580548,1.0714285714252072,1.6363636363636365,0.1687624090006269,0.0746268656714695,7.399999999997023,3.935828877005857,4.935483870966928,5.525291828796639,0.1687624090006269,0.3258426966292135,0.1411530815109344,2.4645161290300948,-1.5894629517907817,0.4375265886196566,0.0049751243779923,0.0025396825396224,4.029514130586351,1.7532467532412483,21725.79299974441,historical7d|500ms|0|PRIMARY|BUY|1789592304.897000,23.0,90.0,1.2777777777777777,52.49989032745361,51.999568939208984,1.0096216449184328,0.22000000000025466,2.069999999999709,0.22000000000025466,2.069999999999709,0.4000000000003307,0.6142433234415727,0.047619047619047616,0.3409090909090909,0.047619047619047616,0.3409090909090909,-0.29329004329004327,-0.5,0.3181818181818182,0.7792207792193679,-0.6233766233788016,0.7792207792217303,0.9809069212414956
historical7d,500ms,0,PRIMARY,SELL,-1,40820,42620,1789593033.9889998,1789593933.999,900.0100002288818,max_hold,55.3125,21.299999999999272,-2.130000000000109,False,500.0,4.263904034897054,0.800000000001819,2.3424657534246576,0.0749883558453608,0.0245524296675908,2.972222222219111,2.129817444220513,3.409984871407729,2.91304347826079,0.0749883558453608,0.0760233918128654,0.0208333333333333,-0.4377626491886182,-0.7832260340402772,-0.6104943416144477,0.2301790281330009,0.1123034689293744,9.988049177635563,1.8739726027439871,22454.884999752045,historical7d|500ms|0|PRIMARY|SELL|1789593033.989000,35.0,171.0,1.023391812865497,50.999999046325684,50.499916076660156,1.009902649519385,1.5,-1.6299999999991996,-1.5,1.6299999999991996,0.2868068833654242,0.10174781523090856,-0.11764705882352941,-0.08235294117647059,0.11764705882352941,0.08235294117647059,0.03529411764705882,0.0,0.7058823529411765,0.5454545454566125,-0.5454545454545454,1.954545454546488,0.039487726787515665
historical7d,500ms,0,PRIMARY,SELL,-1,43601,43622,1789594424.963,1789594435.471,10.507999897003174,emergency_stop,-17.212499999997135,0.0,-4.589999999999236,False,500.0,2.001332445036671,0.6976744186032247,1.1437125748502994,0.0627120069524287,0.0199733688414955,2.179487179487128,3.1436077057791234,3.460170146945135,18.106936416189438,0.0627120069524287,0.031578947368421,-0.0337899543378995,-1.2806829674580067,-14.96332871041031,-8.12200583893416,0.1348202396804585,0.0492401215805592,2.2889490838443365,0.7979390057078797,23845.85899996757,historical7d|500ms|0|PRIMARY|SELL|1789594424.963000,37.0,191.0,0.9685863874345549,50.00007152557373,50.00019073486328,0.9999976158233039,0.1500000000005457,-3.2349999999996726,-0.1500000000005457,3.2349999999996726,0.025295109612244075,0.07659524091393669,-0.05555555555555555,-0.037037037037037035,0.05555555555555555,0.037037037037037035,0.018518518518518517,0.1111111111111111,0.6666666666666666,0.4285714285705005,-0.5714285714294994,2.9428571428584793,0.4770819883795129
historical7d,500ms,0,PRIMARY,SELL,-1,45336,46015,1789595292.485,1789595631.924,339.4390001296997,take_profit,93.82500000000164,25.02000000000044,-3.7600000000002174,False,500.0,1.0811940298508398,0.6666666666666666,1.0481927710843373,0.0718731712507363,0.0320265046935344,1.2730375426618403,2.976213130351358,1.3167641325535997,3.6061946902649775,0.0718731712507363,0.1461988304093567,0.0614947965941343,-0.0437265898917589,-0.6299815599136194,-0.3368540749026889,0.0430701270015908,0.0224460431654341,1.1332997662291937,0.6987951807228915,24713.380999803543,historical7d|500ms|0|PRIMARY|SELL|1789595292.485000,37.0,174.0,1.0632183908045978,52.00004577636719,50.99987983703613,1.0196111430561594,0.3400000000001455,-1.8450000000002547,-0.3400000000001455,1.8450000000002547,0.1359999999998603,0.1560253699788343,0.05555555555555555,-0.1411764705882353,-0.05555555555555555,0.1411764705882353,-0.19673202614379084,0.08333333333333333,0.75,0.707317073170894,-0.48780487805072825,1.243902439023146,0.7084112149536269
historical7d,500ms,0,PRIMARY,SELL,-1,47416,47986,1789596332.446,1789596617.426,284.9799997806549,take_profit,94.08750000000056,25.090000000000146,-3.25,False,500.0,1.0421139554087713,0.5217391304342668,0.8057971014492754,0.0840249591082824,0.0253565768621001,-1.1678420310297306,0.2983583154889913,1.5233388248216877,0.5569871159564638,0.0840249591082824,0.1079136690647482,0.2082429501084598,-2.6911808558514183,-0.2586288004674724,-1.4749048281594452,0.2567353407290283,0.1244877049180449,0.8397324046482273,0.4204158790165976,25753.34200000763,historical7d|500ms|0|PRIMARY|SELL|1789596332.446000,29.0,139.0,1.0431654676258992,52.00004577636719,52.00028419494629,0.999995415052383,-0.06500000000050932,2.25,0.06500000000050932,-2.25,0.02748414376345256,0.20756457564582334,-0.14285714285714285,-0.10144927536231885,0.14285714285714285,0.10144927536231885,0.041407867494824,-0.32142857142857145,0.4642857142857143,0.7058823529402324,-0.38235294117662794,1.117647058823372,-0.852882703777037
historical7d,500ms,0,PRIMARY,SELL,-1,49031,49131,1789597139.999,1789597189.9910002,49.992000102996826,emergency_stop,-15.562499999998636,0.75,-4.149999999999636,False,500.0,0.930563798219632,0.6304347826085667,0.847953216374269,0.0412788084997032,0.036989795918362,1.5350140056022437,1.5909797822706917,0.7257336343115721,0.6852300242128422,0.0412788084997032,0.2638888888888889,0.2368703108252947,0.8092803712906715,0.9057497580578496,0.8575150646742604,0.0082908163265954,0.0041467304625526,0.7890745657417932,0.5345792016271472,26560.894999980927,historical7d|500ms|0|PRIMARY|SELL|1789597139.999000,36.0,145.0,1.2413793103448276,51.000118255615234,51.999807357788086,0.980775138352063,-0.42999999999938154,-2.719999999999345,0.42999999999938154,2.719999999999345,0.2097560975606553,0.2674532940019959,-0.11764705882352941,-0.25874125874125875,0.11764705882352941,0.25874125874125875,-0.14109419991772934,0.0,0.7142857142857143,0.9666666666688899,-1.200000000001819,1.8000000000042442,0.9575856443716034
historical7d,500ms,0,PRIMARY,SELL,-1,51158,51258,1789598203.407,1789598253.4499998,50.04299974441528,emergency_stop,-15.2250000000015,0.25,-4.0600000000004,False,500.0,0.9806133239337578,0.3777777777777104,1.0745341614906831,0.1149377246509783,0.0244428468727641,1.840000000000304,1.5678160919538249,1.6626360338574109,0.5004035512510177,0.1149377246509783,0.3571428571428571,0.1691022964509394,0.1773639661428929,1.0674125407028072,0.62238825342285,0.0,0.0981759656652256,1.0537025157797522,0.4059351276741857,27624.302999973297,historical7d|500ms|0|PRIMARY|SELL|1789598203.407000,32.0,173.0,0.9248554913294798,50.99964141845703,50.499916076660156,1.009895567767643,-0.7849999999998545,-2.6450000000004366,0.7849999999998545,2.6450000000004366,0.550877192981229,0.2703117015841059,-0.6,-0.35714285714285715,0.6,0.35714285714285715,0.24285714285714283,-0.3225806451612903,0.4838709677419355,0.7727272727267089,-0.136363636362321,2.863636363633545,1.0
historical7d,500ms,0,PRIMARY,BUY,1,52230,52497,1789598739.483,1789598872.832,133.34899997711182,emergency_stop,-15.0,0.9700000000002548,-4.0,False,500.0,0.8377649325624597,0.7027027027026362,0.9554140127388536,0.0797262889879044,0.0478380864765855,1.775700934578073,2.1458333333337034,1.477876106194612,0.7453102453101599,0.0797262889879044,0.1095890410958904,0.0703218116805721,0.297824828383461,1.4005230880235435,0.8491739582035024,0.0340386384543713,0.1459721380981277,0.8004123559513946,0.6713720089515633,28160.3789999485,historical7d|500ms|0|PRIMARY|BUY|1789598739.483000,30.0,150.0,1.0,50.00019073486328,51.000118255615234,0.980393623486513,0.944999999999709,1.6700000000000728,0.944999999999709,1.6700000000000728,0.440559440560336,0.14857651245554943,0.07142857142857142,0.10344827586206896,0.07142857142857142,0.10344827586206896,-0.03201970443349754,-0.3448275862068966,0.5172413793103449,0.5652173913047777,-0.28260869565041163,1.239130434781878,0.8752107925804127
historical7d,500ms,0,PRIMARY,BUY,1,53827,53945,1789599541.468,1789606800.481,7259.013000011444,emergency_stop,-49.83749999999986,1.269999999999527,-13.289999999999964,False,500.0,0.4578535237217069,0.7500000000018948,0.9790209790209792,0.0568298527899247,0.1086519114690028,1.1733333333334788,0.3579638752051868,0.8077858880778525,0.4978354978355492,0.0568298527899247,0.2230215827338129,0.1305595408895265,0.3655474452556263,-0.1398716226303624,0.1128379113126319,0.0201207243461523,0.3770620581303564,0.4482482050422305,0.7342657342675893,28962.3639998436,historical7d|500ms|0|PRIMARY|BUY|1789599541.468000,31.0,140.0,1.1071428571428572,50.99964141845703,51.000118255615234,0.9999906502734796,-0.020000000000436557,0.8899999999994179,-0.020000000000436557,0.8899999999994179,0.011904761905032587,0.1711538461536504,0.13333333333333333,0.2318840579710145,0.13333333333333333,0.2318840579710145,-0.09855072463768116,-0.03333333333333333,0.5666666666666667,0.805970149256041,-0.35820895522400215,0.9850746268666847,0.9221789883266114
historical7d,500ms,0,PRIMARY,BUY,1,63029,63141,1789615338.474,1789615398.95,60.4760000705719,emergency_stop,-15.074999999998225,0.2700000000004365,-4.019999999999527,False,500.0,1.344262295082456,0.6222222222212791,0.9915966386554622,0.1073725878277969,0.0853658536584419,-0.0909090909089029,1.326241134753333,2.30238726790432,2.798761609907769,0.1073725878277969,-0.1186440677966101,0.0707070707070707,-2.393296358813223,-1.4725204751544363,-1.9329084169838295,0.0792682926829775,0.0731399747793071,1.3329659732750403,0.6169934640513524,1836.6659998893736,historical7d|500ms|0|PRIMARY|BUY|1789615338.474000,17.0,59.0,1.4406779661016949,74.50008392333984,73.50015640258789,1.0136044271154332,-0.15999999999985448,0.005000000000109139,-0.15999999999985448,0.005000000000109139,0.2857142857152138,0.001949317738831512,0.0,-0.10344827586206896,0.0,-0.10344827586206896,0.10344827586206896,-0.1875,0.4375,0.6829268292679139,-0.34146341463506613,0.4634146341477482,0.21259842519712113
historical7d,500ms,0,PRIMARY,BUY,1,64180,64286,1789616035.973,1789616098.706,62.73299980163574,emergency_stop,-15.037499999997408,0.0,-4.009999999999309,False,500.0,1.266960352422957,0.6706586826344566,0.975609756097561,0.1583681336329889,0.0778859527120237,1.1565217391307374,1.007228915662809,1.6825938566552223,2.4090267983076723,0.1583681336329889,-0.0508474576271186,0.032258064516129,-0.5260721175244849,-1.4017978826448634,-0.963935000084674,0.0556328233657312,0.029390154298286,1.236058880412641,0.6543011537897138,2534.164999961853,historical7d|500ms|0|PRIMARY|BUY|1789616035.973000,11.0,60.0,0.9166666666666666,51.49996280670166,51.000118255615234,1.0098008508251133,-0.125,0.4600000000000364,-0.125,0.4600000000000364,0.4098360655733794,0.1900826446283228,-0.1111111111111111,-0.06896551724137931,-0.1111111111111111,-0.06896551724137931,-0.042145593869731796,-0.5,0.5,0.7777777777777778,-0.41666666666856145,0.4722222222228538,0.3939393939398115
historical7d,500ms,0,PRIMARY,BUY,1,67657,67767,1789618080.499,1789618136.971,56.47199988365173,emergency_stop,-15.412499999998772,1.5999999999994543,-4.109999999999673,False,500.0,1.7748633879772844,0.2325581395358183,1.2615384615384615,0.071897570584323,0.0246305418720138,-3.567901234569426,2.122033898305252,1.6192236598895144,9.270903010031692,0.071897570584323,-0.5609756097560976,-0.1377245508982036,-5.1871248944589405,-7.148869111726439,-6.16799700309269,0.3571428571428571,0.0822461712989114,2.239058427909805,0.293381037568263,1800.8860001564026,historical7d|500ms|0|PRIMARY|BUY|1789618080.499000,10.0,82.0,0.6097560975609757,245.99981307983398,93.99986267089844,2.6170231114177303,-0.0749999999998181,-1.3800000000001091,-0.0749999999998181,-1.3800000000001091,0.15463917525688134,0.339901477832658,-0.5555555555555556,-0.5555555555555556,-0.5555555555555556,-0.5555555555555556,0.0,-0.3333333333333333,0.2222222222222222,0.27777777777904095,-0.4166666666660351,1.1944444444463391,-0.806853582553758
historical7d,500ms,0,PRIMARY,BUY,1,68720,70317,1789618633.982,1789619534.209,900.2269997596741,max_hold,40.08750000000191,12.079999999999927,-1.3400000000001455,False,500.0,1.4008583690984189,0.5485714285706446,1.027027027027027,0.125765054294224,0.0588235294117253,2.0748663101621028,3.987138263666479,2.3548983364144074,1.5784061696655274,0.125765054294224,0.2105263157894736,-0.0353535353535353,-0.2800320262523046,2.408732094000952,1.064350033874323,0.0171568627450308,0.0090556274255773,1.4387194061010788,0.5633976833968781,2354.369000196457,historical7d|500ms|0|PRIMARY|BUY|1789618633.982000,12.0,76.0,0.7894736842105263,101.99999809265137,51.999807357788086,1.9615456917144651,0.09000000000014552,0.9849999999996726,0.09000000000014552,0.9849999999996726,0.16981132075536454,0.18291550603530765,0.45454545454545453,0.22666666666666666,0.45454545454545453,0.22666666666666666,0.22787878787878788,0.18181818181818182,0.45454545454545453,0.5454545454545454,-0.2272727272737608,0.6818181818192154,0.8992805755400108
historical7d,500ms,0,PRIMARY,SELL,-1,72977,74653,1789621006.3980002,1789621906.901,900.5029997825623,max_hold,61.38749999999959,16.36999999999989,-0.6100000000005821,False,500.0,1.3960176991150777,0.5000000000009885,1.3076923076923077,0.0544571626777528,0.0729001584787611,-2.3043478260876444,0.7025089605729439,1.5205811138014655,2.056807051909335,0.0544571626777528,-0.0823529411764705,-0.0087336244541484,-3.82492893988911,-1.3542980913363911,-2.5896135156127507,0.3961965134707134,0.1604621309371183,1.8255616065351017,0.6538461538474466,2005.2870001792908,historical7d|500ms|0|PRIMARY|SELL|1789621006.398000,16.0,85.0,0.9411764705882353,144.00005340576172,77.49998569488525,1.8580655482013237,0.6850000000013097,1.0450000000000728,-0.6850000000013097,-1.0450000000000728,0.6815920398016073,0.18253275109187816,0.4666666666666667,0.07142857142857142,-0.4666666666666667,-0.07142857142857142,-0.3952380952380953,0.26666666666666666,0.4666666666666667,0.4423076923090041,-0.44230769230725503,0.7115384615371497,-0.945525291829014
historical7d,500ms,0,PRIMARY,SELL,-1,76497,78102,1789623087.402,1789623987.642,900.2400000095367,max_hold,8.587499999999864,6.089999999999236,-3.180000000000291,False,500.0,1.694505494505235,0.6590909090900635,1.4086956521739131,0.0758017492711174,0.0752269779507124,-1.3552631578944376,2.338582677165709,2.19203747072404,1.0802919708028091,0.0758017492711174,-0.0617283950617283,0.0512820512820512,-3.547300628618477,1.2582907063629003,-1.1445049611277884,0.2075226977949061,0.1397379912662839,2.387042522694331,0.9284584980225244,4086.290999889374,historical7d|500ms|0|PRIMARY|SELL|1789623087.402000,5.0,81.0,0.308641975308642,174.4999885559082,52.00016498565674,3.355758363536745,0.010000000000218279,0.4750000000003638,-0.010000000000218279,-0.4750000000003638,0.058823529413023525,0.12855209742900334,0.0,0.05,-0.0,-0.05,0.05,-0.5,0.5,0.7435897435890261,-0.10256410256392318,0.6666666666666666,-0.009708737864283501
historical7d,500ms,0,PRIMARY,BUY,1,82300,82783,1789626636.3049998,1789626954.495,318.19000029563904,momentum_zero_cross,5.13749999999959,3.4099999999998545,-0.3999999999996362,False,500.0,1.6047430830043448,0.736842105262717,1.236842105263158,0.1855766241840266,0.0919540229884199,-0.0199999999967985,4.4193548387068615,3.470930232560138,1.4049773755660908,0.1855766241840266,0.0212765957446808,0.0931174089068826,-3.4909302325569365,3.0143774631407707,-0.2382763847080828,0.0049261083741929,0.0042016806721062,1.9848138131895845,0.9113573407196764,2461.151999950409,historical7d|500ms|0|PRIMARY|BUY|1789626636.305000,6.0,47.0,0.6382978723404255,203.99999618530273,100.00014305114746,2.039997043613848,0.22000000000116415,0.04500000000007276,0.22000000000116415,0.04500000000007276,0.7096774193555958,0.012244897959199835,0.6,0.043478260869565216,0.6,0.043478260869565216,0.5565217391304348,-0.2,0.8,0.9333333333319186,0.5333333333325249,1.1333333333361628,1.0
historical7d,500ms,0,PRIMARY,BUY,1,93437,95049,1789635294.824,1789636194.948,900.1240000724792,max_hold,24.862499999997,7.3799999999992,-0.910000000000764,False,500.0,0.9454545454538608,0.6067415730344656,1.02803738317757,0.0858642669666909,0.1597633136098495,-0.9932885906026668,0.48398576512485,1.4585987261163211,8.173584905661444,0.0858642669666909,-0.1698113207547169,-0.0134228187919463,-2.451887316718988,-7.689599140536594,-5.070743228627791,0.3254437869820702,0.0869565217390179,0.971962616821726,0.6237530190073945,1800.7799999713898,historical7d|500ms|0|PRIMARY|BUY|1789635294.824000,17.0,55.0,1.5454545454545454,50.00019073486328,98.49989414215088,0.507616695127663,-0.06999999999970896,-0.3999999999996362,-0.06999999999970896,-0.3999999999996362,0.08749999999931787,0.19138755980775876,-0.3333333333333333,-0.19230769230769232,-0.3333333333333333,-0.19230769230769232,-0.141025641025641,0.0,0.5,1.0,-0.6666666666632982,0.6666666666632982,-0.89655172413566
historical7d,500ms,0,PRIMARY,BUY,1,101273,102431,1789639759.456,1789640406.004,646.5479998588562,momentum_zero_cross,28.80000000000109,13.69000000000051,-1.059999999999491,False,500.0,0.9257142857139442,0.6086956521735691,0.9906542056074766,0.0834597875571144,0.1296296296297336,3.896551724141932,0.7109375000000278,1.4864864864855896,2.1552511415531383,0.0834597875571144,0.0566037735849056,0.1032258064516129,2.410065237656343,-1.4443136415531106,0.482875798051616,0.1358024691354836,0.0505747126435339,0.91706275033344,0.6030069077607321,6265.412000179291,historical7d|500ms|0|PRIMARY|BUY|1789639759.456000,15.0,53.0,1.4150943396226416,54.000139236450195,77.00002193450928,0.7013003097892473,0.7250000000003638,1.0400000000008731,0.7250000000003638,1.0400000000008731,0.5642023346314958,0.3312101910833339,0.14285714285714285,0.038461538461538464,0.14285714285714285,0.038461538461538464,0.10439560439560439,0.07142857142857142,0.7857142857142857,0.724137931034699,-0.3103448275836114,0.8965517241387961,0.7161290322587761
historical7d,500ms,0,PRIMARY,BUY,1,103222,104744,1789640864.822,1789641765.276,900.4539999961853,max_hold,8.025000000001228,7.279999999999745,-0.4399999999995998,False,500.0,1.8000000000002538,0.9062500000007104,0.7758620689655172,0.1234603265537889,0.0749354005167885,-3.9620253164617294,-0.0869565217411362,1.773662551441235,3.9847792998480136,0.1234603265537889,-0.4090909090909091,-0.0127388535031847,-5.735687867902964,-4.07173582158915,-4.9037118447460575,0.4354005167959813,0.1929021179164812,1.396551724138128,0.7031250000005512,7370.778000116348,historical7d|500ms|0|PRIMARY|BUY|1789640864.822000,9.0,45.0,1.0,98.00004959106445,101.50015354156494,0.9655162694008421,0.05999999999949068,-1.5050000000010186,0.05999999999949068,-1.5050000000010186,0.260869565215672,0.6336842105282007,0.0,-0.3953488372093023,0.0,-0.3953488372093023,0.3953488372093023,0.25,0.5,0.8787878787879623,0.1212121212120377,0.6969696969712837,-0.8753894081004052
historical7d,500ms,0,PRIMARY,SELL,-1,107697,108261,1789643496.452,1789643836.987,340.5350000858307,momentum_zero_cross,4.537500000000136,5.25,-0.7100000000000364,False,500.0,1.65281899109789,0.6000000000006064,0.6,0.1704980842909959,0.0646319569121366,1.2549019607848733,2.585365853659691,2.52482269503579,1.8496453900707597,0.1704980842909959,-0.0,0.0673854447439353,-1.269920734250917,0.7357204635889314,-0.2671001353309927,0.0341113105925528,0.0202558635395016,0.991691394658734,0.3600000000003638,10002.40799999237,historical7d|500ms|0|PRIMARY|SELL|1789643496.452000,12.0,30.0,2.0,97.99981117248535,150.00009536743164,0.6533316591061534,-0.2250000000003638,-0.32999999999992724,0.2250000000003638,0.32999999999992724,0.5421686746985311,0.3837209302305906,0.09090909090909091,-0.034482758620689655,-0.09090909090909091,0.034482758620689655,-0.12539184952978055,0.8181818181818182,0.18181818181818182,0.5901639344266206,-0.3606557377035004,0.6557377049168107,0.5730337078646174
historical7d,500ms,0,PRIMARY,SELL,-1,109815,109980,1789644738.46,1789644835.388,96.92799997329712,momentum_zero_cross,-8.587499999999864,0.7199999999993452,-2.289999999999964,False,500.0,1.793939393938766,0.8928571428579549,1.673469387755102,0.094402119907145,0.0844594594594843,4.191304347830323,3.089108910896777,1.716867469878947,2.598540145985901,0.094402119907145,-0.0123456790123456,-0.0591900311526479,2.4744368779513763,0.490568764910877,1.4825028214311269,0.3716216216215469,0.2206619859577786,3.002102659244465,1.4941690962112717,11244.416000127792,historical7d|500ms|0|PRIMARY|SELL|1789644738.460000,9.0,82.0,0.5487804878048781,102.4998426437378,52.00028419494629,1.9711400472249605,0.1750000000001819,-1.175000000000182,-0.1750000000001819,1.175000000000182,0.42168674698842706,0.23198420533075512,0.0,0.025,-0.0,-0.025,0.025,-0.25,0.75,0.7142857142858999,-0.31428571428486046,0.7999999999994802,0.06183368869956374
historical7d,500ms,0,PRIMARY,SELL,-1,115665,116314,1789648231.488,1789648621.497,390.0090000629425,emergency_stop,-15.412499999998772,0.0,-4.109999999999673,False,500.0,1.0535211267599356,1.0,1.9183673469387756,0.0869912210694699,0.1229946524062506,3.3191489361707616,2.6422764227651654,2.247422680412784,3.607726597324495,0.0869912210694699,0.1739130434782608,0.1583924349881796,1.071726255757978,-0.9654501745593294,0.053138040599324,0.0320855614970713,0.008298755186652,2.021040528886407,1.9183673469387756,14737.444000005722,historical7d|500ms|0|PRIMARY|SELL|1789648231.488000,30.0,94.0,1.5957446808510638,51.000118255615234,52.99997329711914,0.9622668669983535,-1.0850000000000364,-1.2849999999998545,1.0850000000000364,1.2849999999998545,0.5636363636368619,0.30486358244426637,-0.35714285714285715,-0.18681318681318682,0.35714285714285715,0.18681318681318682,0.17032967032967034,-0.3103448275862069,0.6206896551724138,0.9199999999982538,-0.4400000000023283,1.0800000000017462,0.9120879120886443
historical7d,500ms,0,PRIMARY,BUY,1,123461,124960,1789653260.327,1789654160.4550002,900.1280000209808,max_hold,31.38749999999959,10.229999999999563,-1.3800000000001091,False,500.0,1.5146579804560512,0.9310344827602428,0.825,0.0658520027156015,0.1161290322582613,-1.435294117644743,-2.010695187164059,1.2763157894732198,3.036630036628819,0.0658520027156015,0.0909090909090909,0.0550161812297734,-2.7116099071179622,-5.047325223792878,-3.87946756545542,0.5440860215051686,0.228545618789422,1.249592833876242,0.7681034482772002,3900.6080000400543,historical7d|500ms|0|PRIMARY|BUY|1789653260.327000,6.0,35.0,0.8571428571428571,56.999921798706055,150.49993991851807,0.3787371731149281,0.08500000000003638,-0.25,0.08500000000003638,-0.25,0.5151515151575283,0.154320987654418,0.6,0.11764705882352941,0.6,0.11764705882352941,0.48235294117647054,-0.4,0.2,0.882352941176628,-0.0882352941168603,0.4411764705896515,-0.35632183908238235
historical7d,500ms,0,PRIMARY,SELL,-1,127945,128151,1789655867.452,1789656007.483,140.0310001373291,momentum_zero_cross,-3.97499999999809,0.4200000000000727,-1.6899999999995998,False,500.0,1.0958549222795144,0.9999999999984842,0.9661016949152542,0.2465166130763603,0.1418439716308763,0.9125000000015204,2.062256809338472,2.500000000001236,1.836858006042052,0.2465166130763603,0.0357142857142857,0.0200803212851405,-1.5874999999997152,0.2253988032964198,-0.6810505983516477,0.0236406619386227,0.0160000000000582,1.058707297795463,0.9661016949137898,2376.8609998226166,historical7d|500ms|0|PRIMARY|SELL|1789655867.452000,12.0,57.0,1.0526315789473684,97.0001220703125,97.49996662139893,0.9948733874645581,-0.21499999999923602,-0.4000000000005457,0.21499999999923602,0.4000000000005457,0.5308641975293117,0.18957345971658157,-0.2,-0.05454545454545454,0.2,0.05454545454545454,0.14545454545454548,-0.09090909090909091,0.7272727272727273,1.0344827586183105,0.034482758618310475,0.3103448275898838,0.8058252427178636
historical7d,500ms,0,PRIMARY,BUY,1,129511,131265,1789656821.38,1789657721.4380002,900.058000087738,max_hold,36.3374999999985,14.0,-0.2100000000000363,False,500.0,1.2512953367873572,0.7058823529411765,1.339622641509434,0.1528439783918374,0.0993788819874887,5.388059701500135,2.190114068444021,2.274231678487852,3.1658291457283583,0.1528439783918374,0.0704225352112676,0.12,3.113828023012283,-0.9757150772843376,1.0690564728639724,0.0,0.0,1.6762635643755162,0.9456159822419534,3330.7890000343323,historical7d|500ms|0|PRIMARY|BUY|1789656821.380000,22.0,71.0,1.5492957746478875,51.000118255615234,50.99987983703613,1.0000046748851148,0.6450000000004366,1.8200000000006185,0.6450000000004366,1.8200000000006185,0.6,0.46666666666675993,0.3333333333333333,0.08571428571428572,0.3333333333333333,0.08571428571428572,0.2476190476190476,0.3333333333333333,0.38095238095238093,0.8888888888866432,-0.4074074074089045,0.8888888888900117,1.0
historical7d,500ms,0,PRIMARY,BUY,1,132174,133953,1789658183.969,1789659084.448,900.4790000915527,max_hold,46.65000000000191,22.890000000000327,-0.3800000000001091,False,500.0,1.3410909090910783,0.6749999999986642,1.145945945945946,0.1139114574697134,0.0585683297178943,3.1466666666699865,2.5972850678731616,1.8873626373626595,1.064137308039495,0.1139114574697134,0.1262135922330097,0.120274914089347,1.2593040293073272,1.5331477598336667,1.396225894570497,0.0292841648590458,0.0250231696015255,1.5368176904178847,0.7735135135119828,4693.377999782562,historical7d|500ms|0|PRIMARY|BUY|1789658183.969000,23.0,106.0,1.0849056603773586,51.999688148498535,52.00004577636719,0.9999931225470418,0.34499999999934516,1.7749999999996362,0.34499999999934516,1.7749999999996362,0.29361702127622025,0.3377735490008168,0.23809523809523808,0.13725490196078433,0.23809523809523808,0.13725490196078433,0.10084033613445376,0.045454545454545456,0.5909090909090909,0.710526315788025,-0.1842105263173641,0.6315789473676653,0.8597402597400463
historical7d,500ms,0,PRIMARY,BUY,1,135141,135222,1789659697.811,1789659739.4220002,41.61100006103516,emergency_stop,-15.2250000000015,0.4899999999997817,-4.0600000000004,False,500.0,0.6831333803811915,0.5866666666673458,0.8040201005025126,0.0523667962496257,0.0909090909091934,1.925373134329452,1.6548463356968588,0.669590643275273,0.8719346049048131,0.0523667962496257,0.475,0.1870669745958429,1.2557824910541793,0.7829117307920457,1.0193471109231125,0.0,0.1223404255318391,0.5492529691507068,0.4716917922953534,6207.22000002861,historical7d|500ms|0|PRIMARY|BUY|1789659697.811000,12.0,80.0,0.75,96.9998836517334,95.00002861022949,1.0210510993602855,0.22000000000025466,1.305000000000291,0.22000000000025466,1.305000000000291,0.6285714285698695,0.3024333719580618,0.6363636363636364,0.4936708860759494,0.6363636363636364,0.4936708860759494,0.14269275028768696,0.6363636363636364,0.36363636363636365,0.7333333333348492,-0.6666666666666666,0.8333333333340912,1.0
historical7d,500ms,0,PRIMARY,SELL,-1,137284,137352,1789660805.488,1789660839.473,33.985000133514404,emergency_stop,-15.412500000002185,0.4699999999993451,-4.110000000000582,False,500.0,2.356637863315421,0.7666666666677783,1.962962962962963,0.1498851196108822,0.0306666666667297,11.21818181817824,5.554430379751517,3.3708206686921587,1.075160403299789,0.1498851196108822,0.0886075949367088,-0.0299003322259136,7.847361149486082,4.479269976451729,6.163315562968907,0.0926666666666278,0.0926666666666278,4.625992842804346,1.5049382716071205,7314.896999835968,historical7d|500ms|0|PRIMARY|SELL|1789660805.488000,36.0,159.0,1.1320754716981132,50.00019073486328,50.00019073486328,1.0,-1.7150000000001455,-6.270000000000437,1.7150000000001455,6.270000000000437,0.28559533721895997,0.3526434195726011,-0.02857142857142857,-0.09554140127388536,0.02857142857142857,0.09554140127388536,-0.06696997270245679,0.22857142857142856,0.6571428571428571,0.7187500000021316,0.21875000000213163,0.875,0.8019943019943973
historical7d,500ms,0,PRIMARY,BUY,1,139144,140589,1789661749.9420002,1789662495.4540002,745.5120000839233,emergency_stop,-15.337500000000546,5.920000000000073,-4.0900000000001455,False,500.0,1.881305637982131,0.9032258064496256,1.5714285714285714,0.1058163980377904,0.0588853838064645,0.8659793814440336,1.9850746268662525,2.4006359300471303,1.1967567567567252,0.1058163980377904,-0.0638297872340425,0.0159651669085631,-1.5346565486030967,0.7883178701095273,-0.3731693392467846,0.2082018927444288,0.1033942558746429,2.9563374311147768,1.4193548387065542,8259.351000070572,historical7d|500ms|0|PRIMARY|BUY|1789661749.942000,29.0,143.0,1.013986013986014,50.999999046325684,50.999999046325684,1.0,-0.9349999999994907,0.44500000000061846,-0.9349999999994907,0.44500000000061846,0.6012861736337038,0.06108442004119799,-0.21428571428571427,-0.05714285714285714,-0.21428571428571427,-0.05714285714285714,-0.15714285714285714,-0.42857142857142855,0.35714285714285715,0.7777777777777778,-0.41666666666856145,0.5000000000012632,-0.2651757188491496
historical7d,500ms,0,PRIMARY,SELL,-1,142598,142686,1789663504.984,1789663549.472,44.48799991607666,emergency_stop,-15.112500000002456,0.0,-4.030000000000655,False,500.0,1.0647580095433269,0.8285714285736002,1.2820512820512822,0.0772009029345591,0.0742637644048206,3.6746031746033454,3.478927203067452,2.528650646951065,0.8814691151921281,0.0772009029345591,0.1351351351351351,0.079950799507995,1.1459525276522815,2.5974580878753235,1.8717053077638028,0.0115236875800423,0.0060893098782233,1.3650743712093936,1.0622710622738465,10014.392999887466,historical7d|500ms|0|PRIMARY|SELL|1789663504.984000,35.0,150.0,1.1666666666666667,49.99983310699463,50.99987983703613,0.980391194386398,-1.7199999999993452,-2.2849999999998545,1.7199999999993452,2.2849999999998545,0.6187050359708417,0.24662709120355047,-0.375,-0.1292517006802721,0.375,0.1292517006802721,0.2457482993197279,0.17647058823529413,0.7647058823529411,0.7435897435930922,-0.25641025640923987,0.5128205128184797,0.972891566265014
historical7d,500ms,0,PRIMARY,BUY,1,145206,145809,1789664819.497,1789665122.47,302.97300004959106,emergency_stop,-16.050000000002456,4.0,-4.280000000000655,False,500.0,1.9483163664842449,0.8923076923068313,0.992248062015504,0.1620616365571798,0.046623794212204,2.6387832699654905,1.6595744680864513,4.518518518519093,1.334942084942413,0.1620616365571798,0.0393700787401574,0.0547770700636942,-1.8797352485536023,0.3246323831440383,-0.7775514327047821,0.0,0.0,1.93321313883708,0.8853905784129799,11328.90599989891,historical7d|500ms|0|PRIMARY|BUY|1789664819.497000,32.0,128.0,1.25,51.000118255615234,52.00004577636719,0.980770641528812,0.215000000001055,1.6900000000005093,0.215000000001055,1.6900000000005093,0.26380368098184154,0.26040061633283396,0.16129032258064516,0.031746031746031744,0.16129032258064516,0.031746031746031744,0.1295442908346134,-0.3225806451612903,0.3548387096774194,0.9062499999994227,0.1562500000004885,0.656249999999778,1.0
historical7d,500ms,0,PRIMARY,SELL,-1,149022,150766,1789666760.28,1789667660.3630002,900.0830001831055,max_hold,23.17500000000109,6.470000000000255,-2.639999999999418,False,500.0,1.0146914789423571,0.9333333333319186,0.8415841584158416,0.0833565653747669,0.1081081081080037,1.5363636363619375,1.994949494949386,1.1771653543306395,0.858213616489555,0.0833565653747669,0.0843373493975903,0.032258064516129,0.3591982820312982,1.136735878459831,0.7479670802455645,0.1216216216218114,0.0541237113402964,0.8539482743574294,0.7854785478535948,13269.68899989128,historical7d|500ms|0|PRIMARY|SELL|1789666760.280000,25.0,85.0,1.4705882352941178,52.00004577636719,53.49993705749512,0.9719646159673789,-0.37999999999919964,-0.8400000000001455,0.37999999999919964,0.8400000000001455,0.23456790123422136,0.2033898305081909,0.16666666666666666,-0.07317073170731707,-0.16666666666666666,0.07317073170731707,-0.2398373983739837,0.041666666666666664,0.5416666666666666,0.9333333333319186,0.13333333333313122,0.3999999999993937,0.5280898876396993
historical7d,500ms,0,PRIMARY,SELL,-1,152763,152974,1789668684.972,1789668791.965,106.99300003051758,momentum_zero_cross,-9.562500000000682,0.8299999999999272,-2.75,False,500.0,1.2499999999995417,0.9062500000035528,0.9130434782608696,0.1089588377728117,0.0935483870970723,0.1839080459768673,1.4341736694686378,1.7543859649119324,1.0959641255604995,0.1089588377728117,-0.0476190476190476,-0.0130434782608695,-1.570477918935065,0.3382095439081383,-0.6161341875134634,0.0306451612901167,0.0225118483410805,1.141304347825668,0.8274456521771568,15194.380999803543,historical7d|500ms|0|PRIMARY|SELL|1789668684.972000,15.0,84.0,0.8928571428571428,99.49994087219238,54.99982833862305,1.8090954804366108,-0.3000000000001819,-0.13999999999941792,0.3000000000001819,0.13999999999941792,0.5454545454564997,0.04242424242409878,-0.42857142857142855,0.03614457831325301,0.42857142857142855,-0.03614457831325301,0.46471600688468157,-0.21428571428571427,0.5,0.8169014084531219,0.05633802817024094,0.5070422535167967,0.969849246232295
historical7d,500ms,0,PRIMARY,BUY,1,156117,156816,1789670449.961,1789670824.465,374.5039999485016,momentum_zero_cross,0.7875000000001364,2.3700000000008004,-1.2599999999993088,False,500.0,1.4859437751004625,0.7636363636362433,0.7898089171974523,0.144297416508771,0.0756756756756739,0.5866666666666344,2.2441314553974414,2.94533762057935,1.34390485629347,0.144297416508771,0.0491803278688524,0.0629370629370629,-2.3586709539127155,0.9002265991039713,-0.7292221774043721,0.0756756756756739,0.0546875000000074,1.1736116440283906,0.6031268094961413,16959.36999988556,historical7d|500ms|0|PRIMARY|BUY|1789670449.961000,15.0,62.0,1.2096774193548387,75.5000114440918,99.00021553039551,0.7626247179321689,-0.010000000000218279,0.22999999999956344,-0.010000000000218279,0.22999999999956344,0.011111111111358134,0.10222222222219347,-0.14285714285714285,0.06666666666666667,-0.14285714285714285,0.06666666666666667,-0.2095238095238095,0.14285714285714285,0.5714285714285714,0.954545454544515,-0.09090909091097003,0.590909090908903,0.4206896551718773
historical7d,500ms,0,PRIMARY,BUY,1,158162,159806,1789671602.393,1789672502.4099998,900.0169999599457,max_hold,-8.249999999999318,1.699999999999818,-3.630000000000109,False,500.0,1.576379974326469,1.318181818180127,1.2116788321167884,0.1258034894398216,0.0944625407166094,1.9545454545499017,2.00800000000163,3.1494252873538704,2.2521008403368903,0.1258034894398216,0.075,0.1475409836065573,-1.1948798328039687,-0.2441008403352604,-0.7194903365696146,0.0765472312702589,0.042304230422988,1.9100662462641889,1.597213005970081,18111.80199980736,historical7d|500ms|0|PRIMARY|BUY|1789671602.393000,30.0,83.0,1.8072289156626504,50.99987983703613,51.000118255615234,0.9999953251367397,0.625,0.6700000000000728,0.625,0.6700000000000728,0.29976019184690983,0.1599045346062726,0.25925925925925924,0.08860759493670886,0.25925925925925924,0.08860759493670886,0.17065166432255038,-0.27586206896551724,0.7241379310344828,1.0740740740758208,0.11111111111036255,0.7037037037034541,0.5480769230775369
historical7d,500ms,0,PRIMARY,SELL,-1,161725,163335,1789673571.864,1789674472.351,900.4869999885559,max_hold,3.75,4.389999999999418,-0.2200000000002546,False,500.0,1.6454545454545428,1.0232558139539802,1.0147058823529411,0.1141762452107282,0.081031307550734,2.140350877196341,2.682352941173953,3.973333333335964,2.1651705565526576,0.1141762452107282,0.1176470588235294,0.0417582417582417,-1.832982456139622,0.5171823846212953,-0.6579000357591631,0.1049723756905485,0.047579298831363,1.6696524064171097,1.0383036935709504,20081.273000001907,historical7d|500ms|0|PRIMARY|SELL|1789673571.864000,4.0,69.0,0.2898550724637681,52.00028419494629,58.00008773803711,0.8965552678094298,0.024999999999636202,-0.6149999999997817,-0.024999999999636202,0.6149999999997817,0.384615384606774,0.22323049001798706,0.3333333333333333,-0.13432835820895522,-0.3333333333333333,0.13432835820895522,-0.46766169154228854,-0.3333333333333333,0.6666666666666666,0.9166666666685614,0.04166666666761406,1.0,0.3666666666667341
historical7d,500ms,0,PRIMARY,SELL,-1,174614,174663,1789681108.4099998,1789681137.875,29.46500015258789,momentum_zero_cross,-7.23749999999768,0.0,-2.339999999999236,False,500.0,1.0654867256628755,1.0799999999981085,1.0,0.1010207673352023,0.1794019933552628,2.626262626260585,0.8813559322039124,2.216216216215153,1.947204968943531,0.1010207673352023,0.4716981132075472,0.119047619047619,0.4100464100454317,-1.0658490367396185,-0.3279013133470934,0.0099667774082564,0.2672322375398047,1.0654867256628755,1.0799999999981085,2340.5169999599457,historical7d|500ms|0|PRIMARY|SELL|1789681108.410000,17.0,55.0,1.5454545454545454,76.5000581741333,100.00014305114746,0.7649994874007882,-0.27000000000043656,-0.7300000000004729,0.27000000000043656,0.7300000000004729,0.6136363636366455,0.36868686868735817,-0.6,-0.5,0.6,0.5,0.09999999999999998,-0.125,0.5,1.0799999999981083,-0.08000000000174623,0.32000000000334694,0.9597315436257178
historical7d,500ms,0,PRIMARY,BUY,1,191461,192632,1789702326.9910002,1789703227.079,900.0879998207092,max_hold,-8.175000000001091,1.8299999999999272,-2.9700000000002547,False,500.0,0.7239583333328312,0.6987951807220995,1.2467532467532467,0.0577901063337117,0.208633093525241,-0.8421052631575588,1.078066914498478,0.6297229219150894,2.447368421054159,0.0577901063337117,-0.0212765957446808,-0.0970464135021097,-1.4718281850726482,-1.369301506555681,-1.4205648458141646,0.4316546762581266,0.0795228628228775,0.9025974025967766,0.8712251603807993,1940.176000118256,historical7d|500ms|0|PRIMARY|BUY|1789702326.991000,9.0,48.0,0.9375,126.50001049041748,98.00028800964355,1.2908126400400932,-0.10999999999876309,-0.25,-0.10999999999876309,-0.25,0.2291666666642982,0.09727626459151956,-0.25,-0.043478260869565216,-0.25,-0.043478260869565216,-0.20652173913043478,-0.25,0.75,0.6444444444446241,-0.3111111111099434,0.48888888888965243,-0.904761904759705
historical7d,500ms,0,PRIMARY,BUY,1,195916,196983,1789705225.456,1789705870.495,645.0390000343323,emergency_stop,-15.075000000001635,2.3299999999999272,-4.020000000000437,False,500.0,1.8792650918628329,0.4186046511636269,0.6415094339622641,0.1812564366638369,0.0502793296090208,0.9006622516558844,1.866108786612388,3.9886685552395176,3.13365539452526,0.1812564366638369,0.1176470588235294,0.0845481049562682,-3.088006303583633,-1.2675466079128717,-2.177776455748252,0.011173184357786,0.0054570259209916,1.205566285345968,0.2685388328219493,1835.451000213623,historical7d|500ms|0|PRIMARY|BUY|1789705225.456000,6.0,34.0,0.8823529411764706,51.000118255615234,150.00009536743164,0.340000572204226,0.08500000000003638,0.3999999999996362,0.08500000000003638,0.3999999999996362,0.4857142857139887,0.19704433497530324,0.6,0.15151515151515152,0.6,0.15151515151515152,0.4484848484848485,0.6,0.0,0.40000000000080843,-0.33333333333265963,0.7777777777789006,1.0
historical7d,500ms,0,PRIMARY,SELL,-1,198233,199687,1789706581.792,1789707481.849,900.0569999217987,max_hold,-2.8125,4.75,-1.449999999999818,False,500.0,0.6787003610109504,0.511627906974875,0.6792452830188679,0.0443711037770057,0.1560283687938779,2.580645161287578,1.033613445378132,0.749226006191933,2.303854875283489,0.0443711037770057,0.3333333333333333,-0.0033222591362126,1.831419155095645,-1.2702414299053577,0.2805888625951438,0.0992907801414414,0.0502092050209555,0.4610040187998908,0.3475208424735,3191.7870001792908,historical7d|500ms|0|PRIMARY|SELL|1789706581.792000,19.0,36.0,2.638888888888889,53.00009250640869,101.99999809265137,0.5196087597792525,-0.39500000000043656,-0.8500000000003638,0.39500000000043656,0.8500000000003638,0.30038022813751325,0.3441295546566158,-0.2222222222222222,-0.37142857142857144,0.2222222222222222,0.37142857142857144,-0.14920634920634923,0.16666666666666666,0.6111111111111112,0.578947368419163,-0.3421052631580837,0.7894736842131717,0.7171717171728307
historical7d,500ms,0,PRIMARY,SELL,-1,207010,208515,1789712211.0449998,1789713111.404,900.3590002059937,max_hold,-1.5374999999994543,8.05999999999949,-0.7000000000007276,False,500.0,0.8409371146733353,0.517647058823907,0.62,0.1149825783968879,0.129032258064671,0.069930069929038,2.325259515571805,0.9274004683845658,1.8111888111889285,0.1149825783968879,0.2903225806451613,0.2,-0.8574703984555277,0.5140707043828769,-0.1716998470363254,0.0087976539591366,0.0028436018957963,0.5213810110974679,0.3209411764708224,2884.6789996623997,historical7d|500ms|0|PRIMARY|SELL|1789712211.045000,5.0,31.0,0.8064516129032258,226.99987888336182,175.5000352859497,1.2934463432642689,-0.09499999999934516,-0.009999999999308784,0.09499999999934516,0.009999999999308784,1.0,0.006451612902786675,-1.0,-0.26666666666666666,1.0,0.26666666666666666,0.7333333333333334,-1.0,0.0,0.564102564104059,-0.4871794871791882,0.6923076923075129,0.9285714285698818
historical7d,500ms,0,PRIMARY,BUY,1,209507,210773,1789713750.544,1789714650.717,900.1730000972748,max_hold,15.9375,4.710000000000036,-0.0500000000001819,False,500.0,1.4984802431611992,0.7160493827156058,0.8045977011494253,0.1020910209097898,0.1176470588235077,-0.566929133856125,0.8480000000010477,1.1017699115050266,1.9142857142854248,0.1020910209097898,-0.1428571428571428,-0.0599078341013824,-1.6686990453611514,-1.0662857142843771,-1.3674923798227645,0.1886409736305105,0.085714285714142,1.2056737588653328,0.5761316872424415,4424.177999734879,historical7d|500ms|0|PRIMARY|BUY|1789713750.544000,9.0,35.0,1.2857142857142858,101.99999809265137,125.49996376037598,0.8127492234771128,-0.09999999999854481,-0.1749999999992724,-0.09999999999854481,-0.1749999999992724,0.6249999999914735,0.12195121951157678,-0.5,-0.11764705882352941,-0.5,-0.11764705882352941,-0.38235294117647056,-0.25,0.0,0.8285714285704634,-0.28571428571502816,0.4857142857139887,-1.0
historical7d,500ms,0,PRIMARY,BUY,1,220418,221232,1789721882.816,1789722322.498,439.6819999217987,momentum_zero_cross,20.36249999999768,11.590000000000146,-1.0100000000002185,False,500.0,1.96230598669662,0.5319148936177623,0.5483870967741935,0.2325917364921753,0.056497175141229,0.6995073891638947,4.308823529409011,4.281914893619425,1.5041128084605104,0.2325917364921753,-0.2941176470588235,0.0476190476190476,-3.5824075044555306,2.804710720948501,-0.3888483917535149,0.0700564971752144,0.0690423162584304,1.0761032830271784,0.2916952642419986,1858.8470001220703,historical7d|500ms|0|PRIMARY|BUY|1789721882.816000,16.0,34.0,2.3529411764705883,55.9999942779541,100.00014305114746,0.5599991416943431,0.02999999999974534,0.44500000000061846,0.02999999999974534,0.44500000000061846,0.024590163934175697,0.20843091334912572,-0.3333333333333333,-0.2727272727272727,-0.3333333333333333,-0.2727272727272727,-0.06060606060606061,-0.06666666666666667,0.5333333333333333,0.8771929824551886,-0.14035087719270253,0.8771929824551886,0.1948051948046119
historical7d,500ms,0,PRIMARY,BUY,1,223109,224688,1789723385.334,1789724285.354,900.0199997425079,max_hold,16.68750000000273,4.710000000000036,-1.309999999999491,False,500.0,1.49131513647669,0.7692307692311997,1.0,0.1936249576137987,0.0831946755407371,0.3846153846145774,1.4323432343240308,2.876574307304419,2.3521657250472656,0.1936249576137987,0.1111111111111111,0.1182795698924731,-2.4919589226898418,-0.9198224907232349,-1.7058907067065383,0.0116472545759574,0.0047393364929943,1.49131513647669,0.7692307692311997,3361.365000247956,historical7d|500ms|0|PRIMARY|BUY|1789723385.334000,10.0,55.0,0.9090909090909091,97.99981117248535,97.99981117248535,1.0,0.03999999999996362,0.14499999999952706,0.03999999999996362,0.14499999999952706,0.16666666666729826,0.05906313645608657,0.3333333333333333,0.09433962264150944,0.3333333333333333,0.09433962264150944,0.23899371069182387,-0.6666666666666666,0.3333333333333333,0.5102040816328803,-0.40816326530593305,0.7142857142849188,0.9007092198559785
historical7d,500ms,0,PRIMARY,SELL,-1,235608,236505,1789730727.814,1789731283.302,555.4879999160767,momentum_zero_cross,4.7250000000008185,3.0799999999999272,-1.0499999999992724,False,500.0,1.0242130750606255,1.0357142857142567,1.1730769230769231,0.1219360843936105,0.1371158392434957,1.1269841269825458,1.0399999999992886,1.9552238805951576,1.379464285714359,0.1219360843936105,0.1666666666666666,0.0167865707434052,-0.8282397536126118,-0.3394642857150705,-0.5838520196638413,0.0023640661943352,0.0010615711254814,1.2014807226672723,1.2149725274724936,2087.173000097275,historical7d|500ms|0|PRIMARY|SELL|1789730727.814000,13.0,61.0,1.0655737704918034,121.99997901916504,99.49994087219238,1.2261311710312868,-0.19499999999970896,-0.3600000000005821,0.19499999999970896,0.3600000000005821,0.6393442622897046,0.16143497757863629,-0.16666666666666666,-0.1864406779661017,0.16666666666666666,0.1864406779661017,-0.01977401129943504,0.8333333333333334,0.16666666666666666,0.9090909090916608,-0.1515151515129801,0.39393939393981153,1.0
historical7d,500ms,0,PRIMARY,BUY,1,239946,240498,1789733442.87,1789733823.9889998,381.11899971961975,emergency_stop,-15.03750000000082,0.3299999999999272,-4.010000000000218,False,500.0,1.5501022494887176,0.8571428571461054,1.1136363636363635,0.199570815451803,0.1266490765174859,5.977011494260708,4.0933333333279815,3.3066666666677014,1.378378378378683,0.199570815451803,0.1020408163265306,0.0161290322580645,2.6703448275930066,2.714954954949299,2.6926498912711527,0.0263852242740162,0.0159744408943403,1.7262502323851625,0.9545454545490718,4802.229000091553,historical7d|500ms|0|PRIMARY|BUY|1789733442.870000,18.0,48.0,1.875,52.00004577636719,98.00028800964355,0.530611152604472,1.2899999999990541,1.2249999999994543,1.2899999999990541,1.2249999999994543,0.6789473684213349,0.4528650646952765,0.5294117647058824,0.06382978723404255,0.5294117647058824,0.06382978723404255,0.4655819774718398,-0.23529411764705882,0.7647058823529411,0.8363636363650795,0.07272727272883615,0.7999999999973542,0.9243986254291494
historical7d,500ms,0,PRIMARY,SELL,-1,242948,244447,1789735360.477,1789736260.488,900.010999917984,max_hold,5.100000000002183,5.480000000000473,-1.6700000000000728,False,500.0,1.5789473684217246,0.9803921568623256,1.302325581395349,0.0355508623723433,0.1234567901234235,3.742574257430521,0.7152317880789756,0.8559322033882628,4.13392857142992,0.0355508623723433,0.1111111111111111,0.0033003300330033,2.8866420540422584,-3.4186967833509447,-0.2660273646543434,0.0691358024692788,0.0198019801980669,2.056303549572479,1.2767897856811683,1815.7409999370573,historical7d|500ms|0|PRIMARY|SELL|1789735360.477000,16.0,56.0,1.4285714285714286,51.000118255615234,53.00021171569824,0.9622625382930198,0.11000000000058208,-0.8949999999995271,-0.11000000000058208,0.8949999999995271,0.22916666666808774,0.35445544554429054,0.06666666666666667,-0.09433962264150944,-0.06666666666666667,0.09433962264150944,-0.16100628930817612,-0.3333333333333333,0.5333333333333333,0.8928571428579549,-0.14285714285714285,0.750000000000812,0.7904761904751181
historical7d,500ms,1,PRIMARY,SELL,-1,254712,255366,1789742547.998,1789742919.429,371.4309997558594,momentum_zero_cross,6.112499999996999,3.2299999999995634,-0.6500000000005457,False,500.0,0.8285322359398706,0.8169014084505599,0.6349206349206349,0.1425364758700351,0.1920529801323984,0.8181818181833215,2.2033898305110178,1.623003194889152,2.2203389830510347,0.1425364758700351,0.4,0.1818181818181818,-0.8048213767058304,-0.0169491525400169,-0.4108852646229236,0.0529801324502752,0.1404867256637515,0.526052213295156,0.5186675609209904,3232.956000328064,historical7d|500ms|1|PRIMARY|SELL|1789742547.998000,5.0,47.0,0.5319148936170213,502.9999017715454,99.99990463256836,5.030003814700904,-0.010000000000218279,-0.3249999999989086,0.010000000000218279,0.3249999999989086,0.11111111111335678,0.1851851851848397,-0.5,-0.391304347826087,0.5,0.391304347826087,0.10869565217391303,0.5,0.5,0.9166666666672982,0.05555555555429237,0.5555555555555556,0.9677419354831611
historical7d,500ms,1,PRIMARY,SELL,-1,257186,258889,1789743963.4339998,1789744863.469,900.0350000858307,max_hold,22.087499999997817,5.889999999999418,-3.690000000000509,False,500.0,4.313453536754749,0.709677419354744,2.5964912280701755,0.1483592061309785,0.0282958199357187,3.121951219518363,4.43884892086072,8.804664723032596,4.675496688740505,0.1483592061309785,0.2244897959183673,0.2125984251968504,-5.682713503514233,-0.2366477678797851,-2.9596806356970093,0.0,0.0,11.19984427087198,1.8426711941140723,4648.391999959946,historical7d|500ms|1|PRIMARY|SELL|1789743963.434000,35.0,148.0,1.1824324324324325,49.99995231628418,50.99987983703613,0.9803935318289553,-0.8250000000007276,-1.2400000000006912,0.8250000000007276,1.2400000000006912,0.6626506024088288,0.2105263157894493,-0.35294117647058826,-0.2191780821917808,0.35294117647058826,0.2191780821917808,0.13376309427880745,0.38235294117647056,0.5588235294117647,0.8627450980413837,-0.3529411764680706,1.0588235294149118,1.0
historical7d,500ms,1,PRIMARY,SELL,-1,259856,259950,1789745356.959,1789745404.968,48.008999824523926,emergency_stop,-15.112499999999043,0.0,-4.029999999999745,False,500.0,0.8379254457050263,0.8421052631562151,1.076086956521739,0.0204220558202697,0.0928433268857943,1.6093023255812615,0.2065727699532801,0.459770114942705,2.4959568733153983,0.0204220558202697,0.3125,0.1168384879725085,1.1495322106385566,-2.289384103362118,-0.5699259463617807,0.4332688588007253,0.3578663065495918,0.9016806426608434,0.9061784897007096,6041.917000293732,historical7d|500ms|1|PRIMARY|SELL|1789745356.959000,24.0,99.0,1.2121212121212122,51.000118255615234,52.00004577636719,0.980770641528812,-0.2600000000002183,-0.8450000000011642,0.2600000000002183,0.8450000000011642,0.23214285714326316,0.16950852557700577,-0.4782608695652174,-0.30526315789473685,0.4782608695652174,0.30526315789473685,0.17299771167048056,-0.08695652173913043,0.7391304347826086,0.7999999999987873,-0.4000000000024253,0.9666666666659592,0.2472324723251691
historical7d,500ms,1,PRIMARY,BUY,1,263281,263540,1789747212.315,1789747341.995,129.6800000667572,momentum_zero_cross,-10.237499999998365,3.0600000000004,-2.7299999999995634,False,500.0,1.2101616628171017,0.8358208955204025,2.229299363057325,0.0551429925735734,0.1068702290075779,5.372781065078083,2.3970037453174693,1.7626262626256224,1.351931330471989,0.0551429925735734,0.0697674418604651,0.047923322683706,3.610154802452461,1.0450724148454802,2.3276136086489707,0.0038167938932145,0.0025906735751869,2.6978126241145577,1.863294990013636,7897.273000240326,historical7d|500ms|1|PRIMARY|BUY|1789747212.315000,32.0,175.0,0.9142857142857143,50.99987983703613,50.99964141845703,1.0000046749069693,0.8349999999991269,2.319999999999709,0.8349999999991269,2.319999999999709,0.5475409836054623,0.1698389458272359,0.2413793103448276,0.07602339181286549,0.2413793103448276,0.07602339181286549,0.1653559185319621,0.2903225806451613,0.5806451612903226,0.7368421052622761,-0.2894736842095815,0.710526315788025,0.9921104536487426
historical7d,500ms,1,PRIMARY,SELL,-1,266823,268612,1789749090.464,1789749990.493,900.029000043869,max_hold,19.46250000000191,9.650000000000546,-0.8799999999991996,False,500.0,1.3371537726839422,0.6666666666648293,1.4233128834355828,0.1048780487807934,0.0628571428569557,2.5425531914898247,2.2574257425738176,2.9365853658514207,1.9912408759116893,0.1048780487807934,0.0526315789473684,0.0728476821192053,-0.394032174361596,0.2661848666621282,-0.063923653849734,0.0100000000002182,0.0063405797102828,1.903188191795549,0.9488752556211068,9775.422000169754,historical7d|500ms|1|PRIMARY|SELL|1789749090.464000,29.0,116.0,1.25,51.000118255615234,52.00004577636719,0.980770641528812,-0.4399999999995998,-1.2100000000000364,0.4399999999995998,1.2100000000000364,0.44444444444536313,0.25854700854735196,-0.38461538461538464,-0.061946902654867256,0.38461538461538464,0.061946902654867256,0.3226684819605174,0.32142857142857145,0.5357142857142857,0.6874999999985789,-0.5000000000028422,0.9687500000021316,0.9566563467482985
historical7d,500ms,1,PRIMARY,SELL,-1,269528,270635,1789750451.994,1789751026.465,574.470999956131,emergency_stop,-15.337500000000546,2.5600000000004,-4.0900000000001455,False,500.0,1.838532110090937,0.8,1.0873015873015872,0.0999672238606768,0.051896207584881,0.8245614035073863,3.758620689652534,3.49904397705682,2.7450381679384077,0.0999672238606768,0.1470588235294117,0.0313253012048192,-2.674482573549433,1.0135825217141263,-0.8304500259176535,0.0538922155687753,0.0377622377621735,1.9990388816068123,0.8698412698412699,11136.952000141144,historical7d|500ms|1|PRIMARY|SELL|1789750451.994000,28.0,137.0,1.0218978102189782,51.999807357788086,51.000118255615234,1.0196017016502268,0.005000000000109139,-0.464999999999236,-0.005000000000109139,0.464999999999236,0.002583979328218814,0.05558876270164958,0.037037037037037035,-0.14074074074074075,-0.037037037037037035,0.14074074074074075,-0.17777777777777778,0.037037037037037035,0.8148148148148148,0.7222222222234854,-0.13888888888952047,0.722222222220959,0.795121951219404
historical7d,500ms,1,PRIMARY,SELL,-1,272624,272868,1789752032.405,1789752156.89,124.48499989509584,emergency_stop,-15.412500000002185,2.889999999999418,-4.110000000000582,False,500.0,1.3514563106798907,0.8571428571440945,0.8571428571428571,0.1235059760957727,0.0775862068966666,1.3238095238104726,0.8149999999992292,3.3762376237654435,4.393893129770638,0.1235059760957727,0.1313131313131313,0.121580547112462,-2.052428099954971,-3.5788931297714086,-2.81566061486319,0.0272988505747821,0.0112028301887086,1.1583911234399062,0.734693877552081,12717.363000154495,historical7d|500ms|1|PRIMARY|SELL|1789752032.405000,22.0,105.0,1.0476190476190477,58.00008773803711,51.99992656707764,1.115387877773626,-0.22000000000025466,-0.6999999999998181,0.22000000000025466,0.6999999999998181,0.32352941176450917,0.23333333333320197,-0.29411764705882354,-0.14285714285714285,0.29411764705882354,0.14285714285714285,0.1512605042016807,0.14285714285714285,0.6666666666666666,0.8709677419357678,-0.12903225806129837,0.6129032258043695,0.7610062893075573
historical7d,500ms,1,PRIMARY,BUY,1,276118,276786,1789753818.487,1789754157.972,339.4849998950958,momentum_zero_cross,5.212499999997817,5.639999999999418,-0.6599999999998545,False,500.0,0.5004500450045921,0.9062499999981348,1.2342342342342345,0.0488472059395908,0.2086330935251045,1.2864864864822878,0.0913242009135909,0.6702412868633493,1.6554216867468876,0.0488472059395908,0.0962962962962963,0.0477568740955137,0.6162451996189385,-1.5640974858332968,-0.4739261431071791,0.0143884892089437,0.0048367593713266,0.6176725780687309,1.1185247747724727,14503.44500017166,historical7d|500ms|1|PRIMARY|BUY|1789753818.487000,34.0,137.0,1.2408759124087592,50.99987983703613,51.49996280670166,0.990289644061637,0.6700000000000728,0.6099999999996726,0.6700000000000728,0.6099999999996726,0.503759398494256,0.11233885819516429,0.2727272727272727,0.1044776119402985,0.2727272727272727,0.1044776119402985,0.1682496607869742,0.12121212121212122,0.696969696969697,0.8787878787879623,0.0,0.4848484848481508,0.9693877551013874
historical7d,500ms,1,PRIMARY,BUY,1,284965,285567,1789758584.742,1789758913.959,329.2170000076294,momentum_zero_cross,0.7499999999993179,4.739999999999782,-0.7300000000004729,False,500.0,1.0561497326200633,0.6792452830202925,1.1857142857142855,0.0679667335815104,0.0911392405064596,0.6833333333316407,0.6216216216227731,1.4149253731346525,0.8877400295423412,0.0679667335815104,0.0120481927710843,0.1037344398340249,-0.7315920398030118,-0.2661184079195681,-0.49885522386129,0.0987341772150243,0.0550070521860944,1.252291825820932,0.805390835581204,19269.700000286102,historical7d|500ms|1|PRIMARY|BUY|1789758584.742000,25.0,83.0,1.506024096385542,50.00007152557373,51.49996280670166,0.9708758764203855,-0.039999999999054126,0.3100000000004002,-0.039999999999054126,0.3100000000004002,0.03305785123886187,0.08333333333355744,-0.08333333333333333,0.024390243902439025,-0.08333333333333333,0.024390243902439025,-0.10772357723577236,-0.20833333333333334,0.625,0.6923076923082304,-0.07692307692119335,0.9999999999965019,0.36065573770552906
historical7d,500ms,1,PRIMARY,BUY,1,286586,288328,1789759468.945,1789760369.153,900.2079999446869,max_hold,28.050000000001774,12.539999999999964,-3.979999999999563,False,500.0,1.0194444444451245,0.9629629629638364,0.8843537414965986,0.0372895802258854,0.1416893732970486,0.6929133858273355,2.406504065037236,0.9162303664922165,1.672505712109708,0.0372895802258854,-0.0625,0.0087719298245614,-0.2233169806648809,0.733998352927528,0.2553406861313233,0.0871934604908346,0.0264244426095386,0.9015495086929672,0.8515998992197191,20153.90300011635,historical7d|500ms|1|PRIMARY|BUY|1789759468.945000,22.0,65.0,1.6923076923076923,51.000118255615234,52.99997329711914,0.9622668669983535,0.2849999999998545,0.08999999999923602,0.2849999999998545,0.08999999999923602,0.26267281105910434,0.02735562309999642,-0.1,-0.07936507936507936,-0.1,-0.07936507936507936,-0.020634920634920645,-0.6190476190476191,0.38095238095238093,0.8666666666668688,0.49999999999848416,0.6666666666656561,0.6444444444429622
historical7d,500ms,1,PRIMARY,BUY,1,290105,290447,1789761354.9889998,1789761545.753,190.76400017738345,momentum_zero_cross,-5.774999999999864,1.1000000000003638,-1.5799999999999272,False,500.0,0.614537444934118,0.7536231884068668,0.6708074534161491,0.0749613601227826,0.1863799283155103,2.01069518716796,1.3265993265983655,0.8738738738735417,1.2421052631577665,0.0749613601227826,0.1111111111111111,0.0313390313390313,1.1368213132944185,0.084494063440599,0.6106576883675087,0.0,0.0,0.4122362984651226,0.505536051850569,22039.947000026703,historical7d|500ms|1|PRIMARY|BUY|1789761354.989000,9.0,54.0,0.8333333333333333,100.00002384185791,55.00006675720215,1.8181800448226384,0.27999999999974534,0.8850000000002183,0.27999999999974534,0.8850000000002183,0.4827586206915477,0.33843212237128406,0.0,0.09433962264150944,0.0,0.09433962264150944,-0.09433962264150944,-0.25,0.5,0.8125000000014211,-0.4374999999985789,0.5,1.0
historical7d,500ms,1,PRIMARY,BUY,1,292402,292583,1789762637.884,1789762735.922,98.03799986839294,momentum_zero_cross,-7.125000000002046,1.0099999999993088,-1.9000000000005457,False,500.0,0.8714652956293933,0.7878787878790802,1.0147058823529411,0.0904109589045295,0.1533923303836359,3.1559633027540084,0.6321243523302291,2.0135593220341907,1.4593967517402062,0.0904109589045295,-0.0144927536231884,0.0163934426229508,1.1424039807198176,-0.8272723994099771,0.1575657906549202,0.091445427728479,0.0331550802138479,0.8842809617415902,0.7994652406420077,23322.842000246048,historical7d|500ms|1|PRIMARY|BUY|1789762637.884000,14.0,69.0,1.0144927536231882,103.00016403198242,55.500149726867676,1.8558538046991961,0.20499999999992724,0.8550000000004729,0.20499999999992724,0.8550000000004729,0.5774647887358584,0.287394957983405,0.07692307692307693,-0.029411764705882353,0.07692307692307693,-0.029411764705882353,0.10633484162895929,-0.6923076923076923,0.15384615384615385,0.9629629629654581,0.03703703703791035,0.4074074074069084,0.7019230769235563
historical7d,500ms,1,PRIMARY,BUY,1,294298,295894,1789763699.256,1789764599.48,900.2239999771118,max_hold,8.512499999998226,3.6700000000000728,-0.8299999999999272,False,500.0,2.390243902438616,0.3773584905675918,1.1612903225806452,0.1686673448625033,0.0226757369615344,3.474576271192789,2.150943396228066,5.213836477987494,2.7995139732687844,0.1686673448625033,0.1388888888888889,-0.0365591397849462,-1.7392602067947045,-0.6485705770407182,-1.1939153919177117,0.0498866213152521,0.0286458333333654,2.7757671125093606,0.4382227632397841,24384.214000225067,historical7d|500ms|1|PRIMARY|BUY|1789763699.256000,18.0,72.0,1.25,98.9999771118164,59.00001525878906,1.6779652797982736,0.17000000000007276,1.0399999999999636,0.17000000000007276,1.0399999999999636,0.17708333333357018,0.2646310432567849,0.058823529411764705,0.15492957746478872,0.058823529411764705,0.15492957746478872,-0.09610604805302402,-0.058823529411764705,0.47058823529411764,0.41666666666777197,-0.5833333333303332,1.2499999999995264,0.650793650793307
historical7d,500ms,1,PRIMARY,SELL,-1,301231,301584,1789767860.959,1789768061.913,200.95399975776672,momentum_zero_cross,-3.4875000000010914,1.8900000000003276,-0.930000000000291,False,500.0,1.586516853932619,0.7703703703713285,1.2173913043478262,0.1733780760633205,0.1473087818697847,2.8860759493690704,1.9594594594585624,2.995169082129008,2.177641653905063,0.1733780760633205,0.2592592592592592,0.003076923076923,-0.1090931327599378,-0.2181821944465003,-0.163637663603219,0.0254957507082517,0.0121457489878741,1.9314118221788408,0.9378421900172697,28545.91700029373,historical7d|500ms|1|PRIMARY|SELL|1789767860.959000,14.0,56.0,1.25,96.9998836517334,98.00004959106445,0.9897942302733054,-0.10999999999967258,-0.5749999999998181,0.10999999999967258,0.5749999999998181,0.3548387096779872,0.37216828478972785,-0.23076923076923078,-0.2830188679245283,0.23076923076923078,0.2830188679245283,-0.05224963715529751,-0.07692307692307693,0.46153846153846156,0.7536231884068668,-0.23188405797093808,0.4347826086974861,0.8615384615381602
historical7d,500ms,2,PRIMARY,BUY,1,321716,323362,1789963659.3660002,1789964559.458,900.0919997692108,max_hold,-6.862499999999726,4.0600000000004,-3.769999999999527,False,500.0,2.351485148515402,0.4888888888886643,1.8333333333333333,0.1469824789095542,0.0463157894737378,2.5441176470570928,7.0882352941141855,6.142372881352839,4.496402877696783,0.1469824789095542,0.1632653061224489,0.0829875518672199,-3.598255234295746,2.591832416417403,-0.5032114089391713,0.0,0.0,4.31105610561157,0.8962962962958846,1850.076000213623,historical7d|500ms|2|PRIMARY|BUY|1789963659.366000,26.0,99.0,1.3131313131313131,51.999568939208984,52.00004577636719,0.9999908300627224,0.23999999999978172,0.8899999999994179,0.23999999999978172,0.8899999999994179,0.12834224598913316,0.12936046511624372,0.25,0.17525773195876287,0.25,0.17525773195876287,0.07474226804123713,0.6,0.4,0.5238095238100394,-0.47619047618779514,0.8809523809519685,1.0
historical7d,500ms,2,PRIMARY,SELL,-1,328355,329677,1789967510.961,1789968412.476,901.5150001049042,max_hold,13.874999999999316,8.699999999999818,-1.9699999999993447,False,500.0,1.0911086717888476,0.5882352941173953,0.9814814814814816,0.1277936962751745,0.1006036217304323,2.4430379746840254,0.5795053003531662,2.03652968036527,2.0179948586117487,0.1277936962751745,0.2307692307692307,0.1168831168831168,0.4065082943187552,-1.4384895582585826,-0.5159906319699137,0.0643863179074181,0.0291704649042596,1.0709029556446097,0.5773420479300361,5701.671000003815,historical7d|500ms|2|PRIMARY|SELL|1789967510.961000,14.0,53.0,1.3207547169811322,99.99990463256836,56.49995803833008,1.7699111309910625,0.06000000000040018,-0.9549999999999272,-0.06000000000040018,0.9549999999999272,0.12000000000101864,0.3624288425049364,-0.23076923076923078,-0.21568627450980393,0.23076923076923078,0.21568627450980393,0.01508295625942685,0.46153846153846156,0.38461538461538464,0.6756756756758749,-0.16216216216083346,0.5945945945954583,0.7130044843051375
historical7d,500ms,2,PRIMARY,SELL,-1,330528,331953,1789968909.7459998,1789969810.4889998,900.7430000305176,max_hold,-7.050000000000408,2.430000000000291,-3.9299999999993815,False,500.0,1.1197846567964127,0.7532467532475663,1.6435643564356437,0.0782563025205746,0.1394230769230643,2.2343749999932943,3.026737967914064,1.5684210526316495,1.5039281705946168,0.0782563025205746,0.0843373493975903,0.0332480818414322,0.6659539473616447,1.522809797319447,1.094381872340546,0.038461538461942,0.0532646048112159,1.840438148794104,1.2380095152385742,7100.455999851227,historical7d|500ms|2|PRIMARY|SELL|1789968909.746000,15.0,83.0,0.9036144578313252,61.00022792816162,52.00016498565674,1.1730775843689607,-0.49499999999898137,-0.7549999999991996,0.49499999999898137,0.7549999999991996,0.7021276595694725,0.15024875621843076,-0.42857142857142855,-0.0975609756097561,0.42857142857142855,0.0975609756097561,0.3310104529616724,-0.7142857142857143,0.2857142857142857,0.8787878787879623,-0.15151515151573614,0.5454545454555476,0.8095238095218503
historical7d,500ms,2,PRIMARY,SELL,-1,367723,369197,1789993811.904,1789994712.495,900.5910000801086,max_hold,-10.687499999997954,5.3200000000006185,-2.949999999999818,False,500.0,2.841698841697502,1.1153846153854898,1.8823529411764703,0.1245229007659851,0.0788043478261097,0.907407407405224,4.5128205128202135,3.8102189780994857,2.492499999999948,0.1245229007659851,0.1392405063291139,0.079295154185022,-2.902811570694261,2.0203205128202653,-0.4412455289369981,0.0557065217391337,0.0383536014967169,5.349080172607063,2.099547511313863,3809.7730000019073,historical7d|500ms|2|PRIMARY|SELL|1789993811.904000,15.0,80.0,0.9375,52.00028419494629,54.99982833862305,0.9454626635339812,-0.24499999999898137,-0.1749999999992724,0.24499999999898137,0.1749999999992724,0.26486486486449284,0.04074505238636034,-0.14285714285714285,-0.1282051282051282,0.14285714285714285,0.1282051282051282,0.014652014652014655,0.42857142857142855,0.5714285714285714,0.7837837837839167,-0.4594594594597916,0.5945945945954583,0.44594594594597914
historical7d,500ms,3,PRIMARY,SELL,-1,386856,387447,1790005642.848,1790005976.655,333.8069999217987,emergency_stop,-15.0,0.0,-4.0,False,500.0,1.056244041945081,0.9666666666659592,0.9936305732484076,0.1214905564076642,0.1046931407941941,1.336898395721353,0.2473684210513769,1.7794392523357292,1.8323207776426376,0.1214905564076642,-0.0389610389610389,0.0504587155963302,-0.4425408566143762,-1.5849523565912609,-1.0137466066028185,0.1462093862818018,0.0466858789626105,1.0495163728881058,0.9605095541394244,4165.96799993515,historical7d|500ms|3|PRIMARY|SELL|1790005642.848000,7.0,78.0,0.44871794871794873,274.0001678466797,55.9999942779541,4.8928606400688,-0.009999999999308784,-0.6499999999996362,0.009999999999308784,0.6499999999996362,0.11111111110437412,0.18950437317832342,0.0,0.02631578947368421,-0.0,-0.02631578947368421,0.02631578947368421,-0.5,0.16666666666666666,0.8055555555561872,-0.1111111111111111,0.5277777777771462,0.24299065420417754
historical7d,500ms,3,PRIMARY,BUY,1,389200,390816,1790006912.309,1790007812.4540002,900.1450002193451,max_hold,12.299999999999043,3.4099999999998545,-0.5799999999999272,False,500.0,0.7241770715095422,0.9666666666659592,0.6753246753246753,0.0259809119835016,0.1818181818182336,1.210191082803699,1.0064102564103985,0.4655581947740348,1.646542261251267,0.0259809119835016,0.0,-0.0024449877750611,0.7446328880296642,-0.6401320048408685,0.0522504415943978,0.1818181818176634,0.0541549953312937,0.4890546456947558,0.6528138528133751,5435.428999900818,historical7d|500ms|3|PRIMARY|BUY|1790006912.309000,17.0,52.0,1.6346153846153846,97.99981117248535,99.99990463256836,0.9799990463247741,0.5200000000004366,0.4650000000001455,0.5200000000004366,0.4650000000001455,0.7222222222234854,0.22518159806336563,0.375,-0.0196078431372549,0.375,-0.0196078431372549,0.3946078431372549,0.25,0.625,1.0,-0.06896551723975715,0.5517241379306019,0.8823529411791455
historical7d,500ms,3,PRIMARY,SELL,-1,392957,393232,1790008907.91,1790009045.98,138.0699999332428,momentum_zero_cross,-1.3874999999995907,2.5700000000006185,-0.5100000000002183,False,500.0,1.922480620154948,0.625,1.374233128834356,0.0447171674428832,0.0460829493087219,4.674846625765556,5.325102880662743,1.4813084112162402,1.3895953757226522,0.0447171674428832,0.0535714285714285,-0.0544918998527245,3.1935382145493163,3.935507504940091,3.564522859744704,0.0092165898615348,0.0916334661352928,2.6419365577589478,0.8588957055214724,7431.02999997139,historical7d|500ms|3|PRIMARY|SELL|1790008907.910000,28.0,112.0,1.25,52.99997329711914,52.99997329711914,1.0,-0.625,-1.9150000000008731,0.625,1.9150000000008731,0.3894080996885794,0.30133752950457166,0.1111111111111111,-0.06306306306306306,-0.1111111111111111,0.06306306306306306,-0.17417417417417416,0.5185185185185185,0.3333333333333333,0.5970149253725265,-0.20895522387970555,0.7164179104497467,0.9601990049760699
historical7d,500ms,3,PRIMARY,SELL,-1,394302,395733,1790009592.7849998,1790010322.499,729.7140002250671,take_profit,94.83749999999986,25.289999999999964,-1.0499999999992724,False,500.0,1.5076096687555185,0.8484848484842639,1.0857142857142856,0.0816152666550048,0.0665083135391457,1.295774647884245,3.769784172661984,1.4298507462686072,1.6572164948453891,0.0816152666550048,0.1327433628318584,-0.0359281437125748,-0.1340760983843625,2.1125676778165943,0.9892457897161158,0.0,0.1148748159058408,1.6368333546488485,0.9212121212114864,8115.904999732971,historical7d|500ms|3|PRIMARY|SELL|1790009592.785000,21.0,114.0,0.9210526315789473,55.49979209899902,52.99997329711914,1.047166416252058,-0.024999999999636202,-0.694999999999709,0.024999999999636202,0.694999999999709,0.03816793893070414,0.14866310160447033,-0.4,-0.14285714285714285,0.4,0.14285714285714285,0.2571428571428572,-0.2,0.6,0.9333333333319186,-0.10000000000212216,0.5333333333325249,1.0
historical7d,500ms,3,PRIMARY,BUY,1,410832,411223,1790018369.8179998,1790018583.995,214.17700028419492,emergency_stop,-16.125000000000682,0.430000000000291,-4.300000000000182,False,500.0,1.343320848938285,0.8275862068959029,1.0285714285714285,0.1499390491684557,0.0892193308549507,2.8314606741596458,2.5923344947752507,1.9732620320840168,2.2152713891448026,0.1499390491684557,0.323943661971831,0.0451977401129943,0.8581986420756291,0.3770631056304481,0.6176308738530387,0.0148698884758251,0.006530612244892,1.381701444622236,0.8512315270929286,3365.409999847412,historical7d|500ms|3|PRIMARY|BUY|1790018369.818000,27.0,72.0,1.875,50.999999046325684,55.9999942779541,0.9107143617406261,0.555000000000291,1.2399999999997817,0.555000000000291,1.2399999999997817,0.4723404255331863,0.4644194756556527,0.38461538461538464,0.3142857142857143,0.38461538461538464,0.3142857142857143,0.07032967032967036,-0.3076923076923077,0.6153846153846154,0.8571428571428571,0.03571428571184957,0.6071428571436692,0.9413919413919853
historical7d,500ms,4,PRIMARY,SELL,-1,450486,451101,1790052562.477,1790052905.838,343.3610000610352,emergency_stop,-15.074999999998225,1.180000000000291,-4.019999999999527,False,500.0,1.1851851851854414,0.6913580246903877,1.218045112781955,0.0480787080012169,0.0945945945945073,2.624999999996383,1.5257142857148738,1.2665036674816887,4.7699248120312685,0.0480787080012169,0.2,0.0759493670886076,1.358496332514694,-3.2442105263163947,-0.9428570969008504,0.0253378378380833,0.0092994420335676,1.443609022556703,0.8421052631567129,2707.710999965668,historical7d|500ms|4|PRIMARY|SELL|1790052562.477000,25.0,81.0,1.5432098765432098,53.999900817871094,54.000020027160645,0.9999977924213826,-0.15999999999985448,-1.1549999999988358,0.15999999999985448,1.1549999999988358,0.14814814814777388,0.2423924449106858,-0.08333333333333333,-0.189873417721519,0.08333333333333333,0.189873417721519,-0.10654008438818567,-0.20833333333333334,0.625,0.8235294117636044,-0.5882352941195352,0.7941176470597676,0.9074074074065549
historical7d,500ms,4,PRIMARY,SELL,-1,457982,458384,1790057259.33,1790057517.401,258.07100009918213,momentum_zero_cross,-2.400000000001228,2.130000000000109,-0.6400000000003274,False,500.0,0.7870129870132686,0.7733333333322985,0.6458333333333334,0.086396362259432,0.191419141914126,0.6779661016972145,0.1232876712330729,1.4294670846416362,1.5311355311355426,0.086396362259432,0.032258064516129,-0.0476190476190476,-0.7515009829444217,-1.4078478599024695,-1.0796744214234455,0.1485148514847562,0.1493362831856653,0.5082792207794027,0.4994444444437761,2186.5029997825623,historical7d|500ms|4|PRIMARY|SELL|1790057259.330000,7.0,31.0,1.129032258064516,53.50005626678467,56.49995803833008,0.9469043539906657,-0.13000000000101863,-0.18500000000130967,0.13000000000101863,0.18500000000130967,0.23214285714488728,0.1316725978659804,0.0,0.0,-0.0,-0.0,-0.0,0.0,1.0,0.9999999999968638,0.0,0.5172413793106693,0.46478873239739726
historical7d,500ms,4,PRIMARY,SELL,-1,506272,506671,1790086794.95,1790087015.42,220.47000002861023,emergency_stop,-15.299999999999727,0.089999999999236,-4.079999999999927,False,500.0,1.6932084309130735,0.6129032258091015,1.56,0.1349628055273295,0.0525587828493833,-0.0952380952380952,1.4201954397397378,3.45108695652337,1.8119205298011007,0.1349628055273295,0.2478632478632478,0.2100538599640933,-3.5463250517614653,-0.3917250900613633,-1.9690250709114143,0.1134163208851671,0.0642129992168896,2.641405152224394,0.9561290322621984,1800.5910000801086,historical7d|500ms|4|PRIMARY|SELL|1790086794.950000,18.0,117.0,0.7692307692307693,55.00006675720215,54.9999475479126,1.0000021674436952,-0.37000000000080036,0.08499999999912689,0.37000000000080036,-0.08499999999912689,0.41573033707897317,0.016683022570955136,-0.4117647058823529,-0.2413793103448276,0.4117647058823529,0.2413793103448276,0.17038539553752532,-0.11764705882352941,0.6470588235294118,0.7307692307705762,-0.7692307692294238,0.8461538461506172,0.15897435897497125
historical7d,500ms,0,SECONDARY,SELL,-1,14096,14494,1789578167.976,1789578368.476,200.5,take_profit,30.03750000000082,8.010000000000218,-0.180000000000291,False,500.0,1.801181102362517,0.4615384615384615,1.0363636363636364,0.1241592437738618,0.0262295081966932,4.80459770114534,3.684210526317671,3.794444444445031,1.691780821918499,0.1241592437738618,0.1504424778761062,0.0574374079528718,1.0101532567003093,1.9924297043991712,1.5012914805497406,0.0,0.0,1.8666785969938813,0.4783216783216784,7588.871999979019,historical7d|500ms|0|SECONDARY|SELL|1789578167.976000,27.0,114.0,1.1842105263157894,52.99997329711914,52.99997329711914,1.0,-1.4950000000008004,-2.194999999999709,1.4950000000008004,2.194999999999709,0.7608142493656272,0.4192932187200506,-0.15384615384615385,-0.16071428571428573,0.15384615384615385,0.16071428571428573,-0.0068681318681318715,-0.038461538461538464,0.6538461538461539,0.41379310344795145,-0.5862068965520486,0.9655172413816895,1.0
historical7d,500ms,0,SECONDARY,SELL,-1,21079,21729,1789581736.492,1789582072.999,336.5069999694824,emergency_stop,-17.174999999999727,2.1400000000003274,-4.579999999999927,False,500.0,1.5410199556540962,0.8275862068959029,1.3548387096774193,0.1353135313530295,0.0690647482013868,2.267515923565816,2.435582822086684,2.47080979284289,-1.0059171597634429,0.1353135313530295,-0.024,0.04,-0.2032938692770738,3.441499981850127,1.6191030562865265,0.0,0.4052361980648936,2.0878334883055496,1.1212458286976748,11157.388000011444,historical7d|500ms|0|SECONDARY|SELL|1789581736.492000,35.0,126.0,1.3888888888888888,49.00014400482178,51.000118255615234,0.960784909541396,-0.9949999999998909,-0.9149999999999636,0.9949999999998909,0.9149999999999636,0.527851458885568,0.20866590649919478,-0.23529411764705882,0.016129032258064516,0.23529411764705882,-0.016129032258064516,0.2514231499051233,-0.08823529411764706,0.6176470588235294,0.7999999999987873,-0.3666666666683846,0.633333333334647,1.0
historical7d,500ms,0,SECONDARY,BUY,1,26150,26303,1789584430.963,1789584507.463,76.5,emergency_stop,-15.262499999998909,2.2200000000002547,-4.069999999999709,False,500.0,4.656836461125142,0.4411764705869764,0.972972972972973,0.357882069795813,0.0172711571674893,27.3653846153643,13.474226804109117,7.867724867727714,1.7511737089202934,0.357882069795813,0.2112676056338028,0.0236686390532544,19.497659747636582,11.723053095188822,15.610356421412702,0.0765687967760509,0.0701476793248939,4.530976016229868,0.4292527821927339,13851.858999967577,historical7d|500ms|0|SECONDARY|BUY|1789584430.963000,35.0,72.0,2.4305555555555554,49.49986934661865,51.999807357788086,0.951924090911175,6.9399999999996,7.125,6.9399999999996,7.125,0.6628462273162021,0.6071580741375427,0.47058823529411764,0.22857142857142856,0.47058823529411764,0.22857142857142856,0.24201680672268908,-0.029411764705882353,0.9117647058823529,0.4411764705881566,-0.2941176470605544,1.470588235297422,0.8335419274092661
historical7d,500ms,0,SECONDARY,BUY,1,39936,39963,1789592591.9859998,1789592605.4529998,13.467000007629396,emergency_stop,-15.299999999999727,2.300000000000182,-4.079999999999927,False,500.0,13.250000000001403,0.96666666666889,2.796610169491525,0.0963520614389708,0.0122959508161956,14.978102189769936,19.418867924517308,18.975124378115687,-12.428015564209046,0.0963520614389708,0.0306748466257668,0.0699904122722914,-3.9970221883457526,31.846883488726355,13.9249306501903,0.0,0.5661730893037943,37.05508474576664,2.703389830514692,22012.881999731064,historical7d|500ms|0|SECONDARY|BUY|1789592591.986000,33.0,165.0,1.0,51.49996280670166,51.000118255615234,1.0098008508251133,1.4899999999997817,5.260000000000218,1.4899999999997817,5.260000000000218,0.2950495049504943,0.18639262934094109,0.0,0.037037037037037035,0.0,0.037037037037037035,-0.037037037037037035,-0.21875,0.71875,0.42647058823505807,-0.5882352941168603,2.3676470588220346,1.0
historical7d,500ms,0,SECONDARY,SELL,-1,43303,43341,1789594275.981,1789594294.995,19.014000177383423,emergency_stop,-15.03750000000082,1.0399999999999636,-4.010000000000218,False,500.0,2.497668221185704,0.2790697674417129,1.1144578313253013,0.1980501697885239,0.0064017071218936,2.562724014337656,3.394160583941379,5.593194122196294,6.956647398845602,0.1980501697885239,0.0329670329670329,0.0634920634920634,-3.0304701078586382,-3.562486814904223,-3.2964784613814304,0.0,0.0,2.7835459091527426,0.3110114878115475,23696.87699985504,historical7d|500ms|0|SECONDARY|SELL|1789594275.981000,38.0,185.0,1.027027027027027,50.99987983703613,50.499916076660156,1.0099002889354711,-1.5399999999990541,-3.014999999999418,1.5399999999990541,3.014999999999418,0.38596491228083774,0.16408163265314324,-0.13513513513513514,-0.027624309392265192,0.13513513513513514,0.027624309392265192,0.10751082574286995,0.05405405405405406,0.8378378378378378,0.29268292682910596,-0.39024390243880797,1.48780487804851,1.0
historical7d,500ms,0,SECONDARY,BUY,1,44277,44596,1789594762.982,1789594922.468,159.48599982261658,take_profit,31.95000000000164,8.520000000000437,-1.5099999999993088,False,500.0,0.8315270935960793,0.6046511627893204,1.0328358208955224,0.062238547087047,0.0410742496049465,1.613356766257013,1.0273722627734878,1.5937295885043936,1.9442119944209828,0.062238547087047,0.1242603550295858,0.0039920159680638,0.0196271777526193,-0.916839731647495,-0.4486062769474377,0.0,0.0201940209859526,0.8588309683111744,0.6245053800749398,24183.87800002098,historical7d|500ms|0|SECONDARY|BUY|1789594762.982000,33.0,173.0,0.9537572254335259,50.00019073486328,50.499916076660156,0.990104432232357,0.6049999999995634,2.375,0.6049999999995634,2.375,0.2358674463938797,0.15007898894157579,0.22580645161290322,0.13095238095238096,0.22580645161290322,0.13095238095238096,0.09485407066052226,-0.03125,0.90625,0.44827586206783,-0.2586206896561457,1.1896551724163886,1.0
historical7d,500ms,0,SECONDARY,SELL,-1,45658,45813,1789595453.463,1789595530.984,77.52099990844727,take_profit,30.67500000000109,8.180000000000291,-0.019999999999527,False,500.0,0.9340224992399424,0.5517241379306019,1.0542168674698795,0.0602623183267884,0.0312499999999703,2.819277108433275,2.4399596367310883,0.9568480300185908,6.344161545213258,0.0602623183267884,0.1791907514450867,0.0429570429570429,1.862429078414684,-3.90420190848217,-1.0208864150337429,0.0065104166666901,0.0027285129604465,0.98466227329512,0.5816368923967189,24874.35899996757,historical7d|500ms|0|SECONDARY|SELL|1789595453.463000,35.0,175.0,1.0,50.99987983703613,50.00019073486328,1.0199937057735222,-1.5600000000004002,-4.149999999999636,1.5600000000004002,4.149999999999636,0.5306122448984958,0.268782383419625,-0.3333333333333333,-0.18604651162790697,0.3333333333333333,0.18604651162790697,0.14728682170542634,0.0,0.8235294117647058,0.5999999999986357,-0.35000000000034104,1.299999999999318,0.9812909260990877
historical7d,500ms,0,SECONDARY,SELL,-1,47994,48115,1789596621.4780002,1789596681.929,60.45099973678589,emergency_stop,-15.149999999999864,6.539999999999964,-4.039999999999964,False,500.0,1.8868474773986257,0.5999999999979789,0.9176470588235294,0.129886714727032,0.0166924265842064,3.24608819345711,3.4128440366966464,3.9437148217635114,4.746630727762587,0.129886714727032,0.0641025641025641,-0.036144578313253,-0.6976266283063999,-1.3337866910659404,-1.01570665968617,0.0,0.0,1.7314600380834446,0.550588235292263,26042.37400007248,historical7d|500ms|0|SECONDARY|SELL|1789596621.478000,33.0,156.0,1.0576923076923077,51.000118255615234,51.000118255615234,1.0,-2.889999999999418,-5.885000000000218,2.889999999999418,5.885000000000218,0.589795918367053,0.27622623797228985,-0.3125,-0.07096774193548387,0.3125,0.07096774193548387,0.24153225806451611,-0.0625,0.75,0.47368421052572796,-0.14035087719292647,1.3508771929839118,1.0
historical7d,500ms,0,SECONDARY,BUY,1,48544,48675,1789596896.442,1789596961.988,65.5460000038147,emergency_stop,-17.287499999998772,4.5600000000004,-4.609999999999673,False,500.0,0.9226409747804052,0.4888888888886643,0.9043478260869564,0.0886450499322084,0.0270270270270572,3.00566572238076,2.6738949124264715,1.6230248306999493,0.0512129380053641,0.0886450499322084,0.1741935483870967,0.0108374384236453,1.3826408916808104,2.6226819744211074,2.002661433050959,0.0,0.0,0.83438835980141,0.4421256038645312,26317.33799982071,historical7d|500ms|0|SECONDARY|BUY|1789596896.442000,32.0,156.0,1.0256410256410258,51.000118255615234,50.99987983703613,1.0000046748851148,1.7849999999998545,5.524999999999636,1.7849999999998545,5.524999999999636,0.6598890942698346,0.421916762122941,0.16129032258064516,0.18181818181818182,0.16129032258064516,0.18181818181818182,-0.020527859237536666,-0.12903225806451613,0.5483870967741935,0.7096774193568262,0.09677419355065847,1.2903225806461076,1.0
historical7d,500ms,0,SECONDARY,BUY,1,50417,51689,1789597832.972,1789598468.973,636.0010001659393,take_profit,30.03750000000082,8.010000000000218,-1.5600000000004002,False,500.0,1.1438919986829506,0.276595744681201,1.012269938650307,0.1156336725254703,0.0149683362118729,0.566956521738852,1.3432835820892028,1.7491926803014062,0.8264729620659355,0.1156336725254703,-0.2298136645962732,-0.0939809926082365,-1.1822361585625545,0.5168106200232674,-0.3327127692696433,0.0,0.0,1.1579274833293671,0.2799895574993752,27253.8679997921,historical7d|500ms|0|SECONDARY|BUY|1789597832.972000,32.0,165.0,0.9696969696969697,50.99987983703613,51.000118255615234,0.9999953251367397,1.0799999999999272,0.819999999999709,1.0799999999999272,0.819999999999709,0.46753246753327543,0.07360861759426872,-0.3103448275862069,-0.225,-0.3103448275862069,-0.225,-0.0853448275862069,0.0,0.8709677419354839,0.3611111111108304,-0.3333333333324912,1.916666666662456,1.0
historical7d,500ms,0,SECONDARY,BUY,1,66726,66840,1789617600.971,1789617657.826,56.855000019073486,take_profit,30.337500000000546,8.090000000000146,-0.8900000000003274,False,500.0,2.091111111110656,0.5714285714279527,1.963302752293578,0.0489819439108469,0.0510095642932593,8.433566433565632,4.112280701756895,2.543640897755654,2.170568561872943,0.0489819439108469,0.0093457943925233,-0.0845771144278607,5.889925535809978,1.9417121398839516,3.915818837846965,0.0318809776832387,0.0233644859812514,4.1054841997952325,1.121887287023687,1321.3580000400543,historical7d|500ms|0|SECONDARY|BUY|1789617600.971000,33.0,107.0,1.5420560747663552,50.50003528594971,52.00004577636719,0.9711536698088985,3.1200000000008004,3.1049999999995634,3.1200000000008004,3.1049999999995634,0.4837209302327641,0.2404181184668489,0.375,0.018867924528301886,0.375,0.018867924528301886,0.3561320754716981,0.125,0.75,0.5333333333330639,-0.6666666666673403,0.7999999999995958,0.9362380446335223
historical7d,500ms,0,SECONDARY,SELL,-1,74143,75447,1789621640.495,1789622360.377,719.8819997310638,emergency_stop,-15.449999999999587,5.610000000000582,-4.119999999999891,False,500.0,2.5016872890887987,0.4468085106381332,1.5846153846153843,0.1012423511959744,0.0377697841726718,2.136645962733593,5.39062500000221,6.134831460671942,3.414598540145719,0.1012423511959744,-0.08,0.0173228346456692,-3.9981854979383487,1.9760264598564907,-1.011079519040929,0.0062949640287513,0.0026296018031446,3.9642121657868654,0.7080196399342725,2639.3840000629425,historical7d|500ms|0|SECONDARY|SELL|1789621640.495000,27.0,103.0,1.3106796116504853,50.499916076660156,51.000118255615234,0.9901921368799963,-1.2899999999999636,-0.8700000000008004,1.2899999999999636,0.8700000000008004,0.44636678200685725,0.10674846625770021,-0.28,0.0707070707070707,0.28,-0.0707070707070707,0.35070707070707074,-0.19230769230769232,0.7307692307692307,1.0681818181833684,0.5000000000010335,0.2727272727252057,0.9759036144581799
historical7d,500ms,0,SECONDARY,BUY,1,101905,102556,1789640119.977,1789640477.4099998,357.43299984931946,emergency_stop,-15.074999999998225,4.270000000000437,-4.019999999999527,False,500.0,1.609065155807564,0.7352941176467441,0.7924528301886793,0.1150843616216686,0.0880281690140799,2.701492537305045,1.954545454543307,2.856249999999169,4.490463215258648,0.1150843616216686,0.0476190476190476,-0.0812324929971988,-0.1547574626941239,-2.5359177607153405,-1.345337611704732,0.0,0.0,1.2751082366776922,0.58268590455025,6625.933000087738,historical7d|500ms|0|SECONDARY|BUY|1789640119.977000,11.0,42.0,1.3095238095238095,100.00002384185791,145.99990844726562,0.6849320996524966,0.7349999999996726,0.8549999999995634,0.7349999999996726,0.8549999999995634,0.8400000000004989,0.35849056603752,0.4,0.024390243902439025,0.4,0.024390243902439025,0.375609756097561,0.1,0.7,0.8928571428579549,0.035714285715097764,0.5714285714285714,1.0
historical7d,500ms,0,SECONDARY,BUY,1,131351,132226,1789657766.486,1789658209.948,443.4619998931885,take_profit,30.11249999999904,8.029999999999745,-1.950000000000728,False,500.0,1.5505415162455238,0.5714285714307987,1.7872340425531914,0.0928874734606645,0.0465657741561639,3.722488038278436,3.14646464646512,2.734374999999312,1.1870824053452531,0.0928874734606645,0.12,-0.0369127516778523,0.9881130382791246,1.9593822411198665,1.4737476396994955,0.0058207217696263,0.0029958058718444,2.7711805822260422,1.0212765957486616,4275.894999980927,historical7d|500ms|0|SECONDARY|BUY|1789657766.486000,28.0,126.0,1.1111111111111112,49.99995231628418,50.00019073486328,0.9999952316466078,1.7400000000006912,1.9200000000000728,1.7400000000006912,1.9200000000000728,0.687747035573465,0.22641509433978857,0.4074074074074074,0.11290322580645161,0.4074074074074074,0.11290322580645161,0.29450418160095576,-0.2222222222222222,0.5555555555555556,0.4444444444453427,-0.5333333333299648,0.7333333333319859,0.9810246679312762
historical7d,500ms,0,SECONDARY,BUY,1,132513,132965,1789658354.461,1789658581.415,226.9539999961853,take_profit,30.037499999997408,8.009999999999309,-3.100000000000364,False,500.0,1.8967272727274,0.3250000000001989,1.0515463917525774,0.1877041877036614,0.0199386503067638,2.8983050847391003,3.751633986929726,3.520891364902202,4.641373080396593,0.1877041877036614,0.04,0.006269592476489,-0.6225862801631017,-0.8897390934668672,-0.7561626868149844,0.0,0.0,1.994496719775204,0.3417525773197968,4863.869999885559,historical7d|500ms|0|SECONDARY|BUY|1789658354.461000,26.0,102.0,1.2745098039215688,50.00019073486328,52.00004577636719,0.9615412830576239,1.5399999999990541,1.6849999999994907,1.5399999999990541,1.6849999999994907,0.5703703703694821,0.27736625514399893,0.44,0.030303030303030304,0.44,0.030303030303030304,0.40969696969696967,0.36,0.64,0.40625000000071054,-0.5,1.2500000000028422,1.0
historical7d,500ms,0,SECONDARY,BUY,1,133557,133789,1789658879.956,1789659001.462,121.50600004196168,emergency_stop,-17.32499999999959,0.8400000000001455,-4.619999999999891,False,500.0,1.6847414880203813,0.4634146341455299,0.8796296296296297,0.1347468427758297,0.0284431137723939,2.3191489361707616,4.210970464135031,3.4005847953222355,2.766034327009463,0.1347468427758297,0.1368421052631579,0.0844444444444444,-1.081435859151474,1.4449361371255676,0.1817501389870468,0.0097305389222315,0.0052250803858928,1.481948531129039,0.4076332429983828,5389.365000009537,historical7d|500ms|0|SECONDARY|BUY|1789658879.956000,12.0,95.0,0.631578947368421,56.999921798706055,52.99997329711914,1.075470764469316,0.9499999999998181,1.6149999999997817,0.9499999999998181,1.6149999999997817,0.7851239669407946,0.3461950696674919,-0.09090909090909091,0.1276595744680851,-0.09090909090909091,0.1276595744680851,-0.218568665377176,0.45454545454545453,0.5454545454545454,0.4871794871780521,-0.46153846154115236,0.871794871796845,0.9230769230763436
historical7d,500ms,0,SECONDARY,SELL,-1,134439,134944,1789659334.932,1789659593.424,258.4920001029968,emergency_stop,-15.299999999999727,1.7799999999997451,-4.079999999999927,False,500.0,1.4924787442775562,0.675000000000938,0.8380952380952381,0.11795032026235,0.0473269062226888,3.477611940298021,4.53514739229227,2.035040431267129,3.2789223454832324,0.11795032026235,0.1264367816091954,-0.096,1.4425715090308922,1.2562250468090377,1.3493982779199654,0.0017528483786535,0.0008453085376346,1.2508393285373804,0.5657142857150719,5844.34099984169,historical7d|500ms|0|SECONDARY|SELL|1789659334.932000,25.0,88.0,1.4204545454545454,51.99992656707764,52.00004577636719,0.9999977075156806,-1.0850000000000364,-2.2950000000000728,1.0850000000000364,2.2950000000000728,0.5695538057749173,0.4191780821919055,-0.08333333333333333,-0.11627906976744186,0.08333333333333333,0.11627906976744186,-0.03294573643410853,0.2916666666666667,0.4583333333333333,0.7826086956538932,-0.2608695652179644,0.7246376811572044,0.9915254237286306
historical7d,500ms,0,SECONDARY,BUY,1,136029,136542,1789660155.475,1789660416.476,261.00099992752075,take_profit,30.299999999999727,8.079999999999927,-0.8100000000004002,False,500.0,1.526470588235199,0.59154929577472,0.912087912087912,0.1866615561517598,0.0404624277456677,1.6153846153860685,2.3333333333363497,2.835516739447006,0.9713896457766864,0.1866615561517598,0.0,0.0611439842209073,-1.2201321240609375,1.3619436875596636,0.0709057817493629,0.0,0.0,1.3922753716870495,0.5395449620802392,6664.884000062943,historical7d|500ms|0|SECONDARY|BUY|1789660155.475000,9.0,82.0,0.5487804878048781,101.50003433227539,54.000139236450195,1.879625418887118,1.2049999999999272,0.8599999999996726,1.2049999999999272,0.8599999999996726,0.923371647510604,0.20873786407741166,0.5,-0.02564102564102564,0.5,-0.02564102564102564,0.5256410256410257,0.375,0.625,0.35483870967883896,-0.41935483870655427,1.1935483870919474,1.0
historical7d,500ms,0,SECONDARY,SELL,-1,137282,137351,1789660804.4899998,1789660838.972,34.48200011253357,emergency_stop,-15.112500000002456,0.2099999999991268,-4.030000000000655,False,500.0,2.356637863315421,0.5666666666665656,1.851851851851852,0.1645317392543318,0.0226666666666763,12.390909090905918,5.736708860763684,3.5136778115496177,1.2053162236482793,0.1645317392543318,0.1140939597315436,-0.0337837837837837,8.8772312793563,4.531392637115404,6.704311958235852,0.053999999999966,0.053999999999966,4.364144191324854,1.0493827160491955,7313.8989996910095,historical7d|500ms|0|SECONDARY|SELL|1789660804.490000,36.0,150.0,1.2,50.00019073486328,50.99964141845703,0.9804027899844793,-3.7000000000007276,-6.789999999999964,3.7000000000007276,6.789999999999964,0.5597579425117153,0.420693928128909,-0.2571428571428571,-0.10810810810810811,0.2571428571428571,0.10810810810810811,0.149034749034749,0.22857142857142856,0.7714285714285715,0.5312499999992006,0.24999999999928946,1.0624999999984013,0.8874218207088918
historical7d,500ms,0,SECONDARY,SELL,-1,138488,139127,1789661412.966,1789661741.483,328.5169999599457,emergency_stop,-15.787500000000136,4.380000000000109,-4.210000000000036,False,500.0,0.9178832116790248,0.8064516129033678,1.125,0.0997868630111768,0.0994035785288141,2.13197969543255,1.9544303797485705,1.7252931323283756,0.3693858845097199,0.0997868630111768,0.0303030303030303,0.0530035335689045,0.4066865631041745,1.5850444952388505,0.9958655291715126,0.0,0.1218241042345769,1.0326186131389028,0.9072580645162888,7922.375,historical7d|500ms|0|SECONDARY|SELL|1789661412.966000,24.0,99.0,1.2121212121212122,51.999807357788086,52.00004577636719,0.9999954150313611,-0.6899999999995998,-1.0700000000006185,0.6899999999995998,1.0700000000006185,0.6272727272716374,0.23210412147483855,-0.21739130434782608,-0.04081632653061224,0.21739130434782608,0.04081632653061224,0.17657497781721385,-0.08695652173913043,0.5652173913043478,0.8064516129045508,0.06451612903083846,0.6451612903230538,1.0
historical7d,500ms,0,SECONDARY,SELL,-1,141585,141713,1789662996.479,1789663061.473,64.99399995803833,emergency_stop,-15.262500000002316,0.0,-4.0700000000006185,False,500.0,2.0528169014086486,0.4375000000014211,1.064039408866995,0.1549612948627694,0.0240137221269861,7.298701298697413,4.642458100559486,3.645695364239054,-0.1744493392070323,0.1549612948627694,0.1262135922330097,-0.0589928057553956,3.653005934458359,4.816907439766518,4.2349566871124384,0.0,0.2748161764705654,2.184278082287035,0.4655172413808224,9505.888000011444,historical7d|500ms|0|SECONDARY|SELL|1789662996.479000,27.0,108.0,1.25,52.99997329711914,54.000139236450195,0.9814784562878323,-3.405000000000655,-4.230000000000473,3.405000000000655,4.230000000000473,0.8438661710042906,0.588317107092837,-0.3076923076923077,-0.13725490196078433,0.3076923076923077,0.13725490196078433,0.17043740573152338,0.3076923076923077,0.6153846153846154,0.5833333333352281,-0.37499999999715783,1.3333333333333333,1.0
historical7d,500ms,0,SECONDARY,BUY,1,142792,145099,1789663602.473,1789664765.407,1162.9340000152588,take_profit,30.86249999999836,8.229999999999563,-0.660000000000764,False,500.0,1.883067577828056,0.7142857142854359,1.2742616033755274,0.1054330781291205,0.0403225806451683,2.928000000003469,6.597701149430254,4.225508317932074,0.929883138564411,0.1054330781291205,0.0666666666666666,0.0208078335373317,-1.2975083179286049,5.667818010865843,2.1851548464686186,0.0016129032256952,0.0011848341231409,2.399520710987649,0.9101868595535934,10111.881999969482,historical7d|500ms|0|SECONDARY|BUY|1789663602.473000,34.0,151.0,1.1258278145695364,49.99995231628418,51.000118255615234,0.9803889486232528,1.0399999999999636,1.805000000000291,1.0399999999999636,1.805000000000291,0.48826291079724604,0.21424332344191202,0.1875,0.06040268456375839,0.1875,0.06040268456375839,0.12709731543624161,-0.36363636363636365,0.5151515151515151,0.9259259259244288,-0.29629629629891624,0.629629629628881,0.9889807162542028
historical7d,500ms,0,SECONDARY,SELL,-1,179412,181334,1789684082.9740002,1789685283.444,1200.4699997901917,max_hold,-7.987500000000409,0.6199999999998909,-3.9200000000000728,False,500.0,2.153594771242236,0.8095238095257687,1.891304347826087,0.2386117136678096,0.0515933232170163,8.444444444429848,5.217391304346932,4.299674267101622,3.415896487986372,0.2386117136678096,0.1764705882352941,0.0542168674698795,4.144770177328226,1.8014948163605595,2.9731324968443933,0.0,0.0,4.073103154305968,1.5310559006248234,966.3590002059937,historical7d|500ms|0|SECONDARY|SELL|1789684082.974000,28.0,87.0,1.6091954022988506,51.000118255615234,54.49986457824707,0.9357843115810472,-1.3300000000008367,-2.324999999999818,1.3300000000008367,2.324999999999818,0.6244131455397337,0.5070883315141593,-0.4074074074074074,-0.19047619047619047,0.4074074074074074,0.19047619047619047,0.21693121693121692,0.037037037037037035,0.5925925925925926,0.7727272727267089,-0.09090909090683597,1.318181818180127,1.0
historical7d,500ms,0,SECONDARY,SELL,-1,217387,217490,1789720207.485,1789720260.499,53.01400017738342,emergency_stop,-15.862500000001772,0.0,-4.230000000000473,False,500.0,4.46966731898421,0.6304347826085667,5.538461538461538,0.1117183732520196,0.0507880910682864,20.50574712646514,11.623655913999,6.233183856493946,nan,0.1117183732520196,0.2447552447552447,0.109717868338558,14.272563269971192,nan,nan,0.0,0.0,24.755080535912548,3.4916387959859074,183.51600003242493,historical7d|500ms|0|SECONDARY|SELL|1789720207.485000,37.0,144.0,1.284722222222222,50.00007152557373,50.00019073486328,0.9999976158233039,-2.7650000000003274,-4.415000000000873,2.7650000000003274,4.415000000000873,0.5557788944722853,0.19847156664414067,-0.3333333333333333,-0.23943661971830985,0.3333333333333333,0.23943661971830985,0.09389671361502347,-0.05555555555555555,0.8333333333333334,0.6516853932581055,-0.29213483146081193,0.696629213483789,1.0
historical7d,500ms,0,SECONDARY,BUY,1,221312,223406,1789722363.998,1789723566.3990002,1202.4010000228882,max_hold,25.72499999999877,7.5600000000004,-3.520000000000437,False,500.0,2.293929712460299,0.4835164835168789,1.5806451612903225,0.1072337331881203,0.0408542246982814,6.6628571428591385,6.09523809523903,2.393509127789496,0.1511285574093298,0.1072337331881203,0.0,-0.0133928571428571,4.269348015069642,5.9441095378297,5.106728776449671,0.0,0.2713125845736613,3.6258889003404726,0.7642679900750666,2340.029000282288,historical7d|500ms|0|SECONDARY|BUY|1789722363.998000,19.0,98.0,0.9693877551020408,96.000075340271,55.9999942779541,1.714287234812522,0.9750000000003638,2.7550000000010186,0.9750000000003638,2.7550000000010186,0.7471264367806799,0.4001452432825277,0.3333333333333333,-0.010309278350515464,0.3333333333333333,-0.010309278350515464,0.3436426116838488,-0.3333333333333333,0.5555555555555556,0.3278688524569144,-0.42622950819667244,1.2459016393434312,1.0
historical7d,500ms,1,SECONDARY,BUY,1,257054,257158,1789743897.458,1789743949.368,51.91000008583069,emergency_stop,-15.787500000000136,2.449999999999818,-4.210000000000036,False,500.0,2.873786407766775,0.8064516129021848,1.7543859649122806,0.0837901331244849,0.0482625482625455,10.745341614902497,8.571428571420428,2.562874251497593,-1.887417218542446,0.0837901331244849,0.08,-0.146067415730337,8.182467363404902,10.458845789962874,9.320656576683888,0.0,0.4369565217391433,5.04173053994171,1.4148273910564646,4582.416000127792,historical7d|500ms|1|SECONDARY|BUY|1789743897.458000,28.0,100.0,1.4,50.00019073486328,51.000118255615234,0.980393623486513,4.954999999999927,4.305000000000291,4.954999999999927,4.305000000000291,0.8462852263026193,0.48127445500313665,0.5555555555555556,0.0707070707070707,0.5555555555555556,0.0707070707070707,0.48484848484848486,0.14814814814814814,0.7777777777777778,0.8064516129045508,0.2258064516123354,1.2903225806490415,1.0
historical7d,500ms,1,SECONDARY,SELL,-1,258776,259175,1789744804.983,1789745010.978,205.99499988555908,take_profit,30.975000000000826,8.260000000000218,-0.819999999999709,False,500.0,1.844124700239496,0.9508196721315386,1.3116883116883118,0.1498829039808293,0.0754226267880219,4.522727272726216,2.414414414414729,3.869017632242598,2.649006622514773,0.1498829039808293,0.3267326732673267,0.2054794520547945,0.6537096404836173,-0.234592208100044,0.2095587161917869,2.3653958433624654e-13,1.2667057127756146e-13,2.4189168145998585,1.247179050458252,5489.94100022316,historical7d|500ms|1|SECONDARY|SELL|1789744804.983000,27.0,101.0,1.3366336633663367,51.999807357788086,52.00004577636719,0.9999954150313611,-0.694999999999709,-2.1149999999997817,0.694999999999709,2.1149999999997817,0.35732647814833574,0.3740053050394653,-0.46153846153846156,-0.34,0.46153846153846156,0.34,0.12153846153846154,-0.23076923076923078,0.6923076923076923,0.9666666666688899,-0.10000000000242532,0.8000000000012126,0.9999999999991399
historical7d,500ms,1,SECONDARY,SELL,-1,259611,259902,1789745230.877,1789745380.437,149.56000018119812,emergency_stop,-15.862500000001772,1.0100000000002185,-4.230000000000473,False,500.0,2.11275964391649,0.9152542372908006,1.3410404624277457,0.0756916652163904,0.0505617977528979,3.474178403756149,4.004842615008686,1.5051903114181668,5.644204851752104,0.0756916652163904,0.2695652173913043,0.1186440677966101,1.9689880923379823,-1.639362236743418,0.164812927797282,0.0,0.0,2.833296169876449,1.2273929656154088,5915.835000038147,historical7d|500ms|1|SECONDARY|SELL|1789745230.877000,28.0,116.0,1.206896551724138,51.000118255615234,52.99997329711914,0.9622668669983535,-0.944999999999709,-1.8800000000001091,0.944999999999709,1.8800000000001091,0.6539792387550788,0.32695652173951145,-0.5555555555555556,-0.2807017543859649,0.5555555555555556,0.2807017543859649,0.2748538011695907,-0.25925925925925924,0.7407407407407407,0.8571428571440945,-0.22222222222125979,0.8571428571412073,1.0
historical7d,500ms,1,SECONDARY,BUY,1,263833,265882,1789747489.987,1789748601.427,1111.4400000572205,emergency_stop,-15.524999999997815,5.100000000000364,-4.139999999999418,False,500.0,2.473441108544874,0.9206349206333164,1.4074074074074074,0.1439328120473595,0.0541549953314635,4.743902439020102,3.698529411762267,4.655737704916944,0.4098712446351747,0.1439328120473595,0.3153153153153153,0.1316526610644257,0.0881647341031586,3.2886581671270925,1.6884114506151258,0.0,0.3568123393317259,3.4811393379520457,1.2957084068172604,8174.945000171661,historical7d|500ms|1|SECONDARY|BUY|1789747489.987000,27.0,114.0,1.1842105263157894,50.499916076660156,51.000118255615234,0.9901921368799963,1.0849999999991269,1.9749999999985448,1.0849999999991269,1.9749999999985448,0.8785425101229244,0.3613906678860343,0.6,0.32727272727272727,0.6,0.32727272727272727,0.2727272727272727,0.23076923076923078,0.6923076923076923,0.8529411764723978,-0.1470588235302772,0.38235294117765073,1.0
historical7d,500ms,1,SECONDARY,SELL,-1,267485,267585,1789749423.992,1789749473.978,49.98599982261658,emergency_stop,-16.38749999999959,0.0,-4.369999999999891,False,500.0,1.3843058350101944,0.363636363636113,1.1757575757575758,0.0800429760945757,0.0348837209301956,5.240963855426136,2.247349823320374,2.52542372881354,5.2824427480905,0.0800429760945757,0.3333333333333333,0.1572481572481572,2.7155401266125963,-3.0350929247701264,-0.159776399078765,0.0,0.0,1.6276080726786528,0.4275482093660966,10108.950000286102,historical7d|500ms|1|SECONDARY|SELL|1789749423.992000,28.0,97.0,1.4432989690721651,52.00028419494629,52.99997329711914,0.9811379319651998,-1.3599999999996726,-2.1350000000002183,1.3599999999996726,2.1350000000002183,0.5461847389567371,0.3627867459646761,-0.3333333333333333,-0.3263157894736842,0.3333333333333333,0.3263157894736842,0.007017543859649089,0.0,0.7777777777777778,0.375,-0.625,1.062500000001421,1.0
historical7d,500ms,1,SECONDARY,SELL,-1,277052,277694,1789754302.941,1789754629.473,326.53200006484985,momentum_zero_cross,2.1374999999989086,2.709999999999127,-0.6700000000000728,False,500.0,1.2395929694726948,0.8503937007890933,0.7904761904761904,0.1351903910041496,0.0805970149254947,5.163841807908002,3.1288343558299805,1.6793650793665202,2.1108433734942134,0.1351903910041496,0.2839506172839506,0.0830324909747292,3.484476728541482,1.0179909823357671,2.251233855438625,0.0,0.0,0.9798687282498444,0.6722159730047118,14987.899000167848,historical7d|500ms|1|SECONDARY|SELL|1789754302.941000,18.0,83.0,1.0843373493975903,49.99995231628418,52.00004577636719,0.9615366980889851,-0.7250000000003638,-2.264999999999418,0.7250000000003638,2.264999999999418,0.8479532163787354,0.5785440613024043,-0.125,-0.275,0.125,0.275,-0.15000000000000002,0.17647058823529413,0.47058823529411764,1.124999999998579,0.20833333333349124,0.9166666666612981,1.0
historical7d,500ms,1,SECONDARY,BUY,1,282234,284388,1789757067.9889998,1789758267.99,1200.001000165939,max_hold,6.862499999999726,3.050000000000182,-2.6400000000003274,False,500.0,1.8091503267970608,0.9666666666674246,1.1728395061728396,0.147814330778772,0.0838150289017227,4.843750000007816,3.023474178405985,3.847507331379232,0.5540540540544158,0.147814330778772,0.0425531914893617,-0.0739436619718309,0.9962426686285846,2.469420124351569,1.7328313964900768,0.0057803468206725,0.0033472803346491,2.121842975873096,1.1337448559679673,17752.947000026703,historical7d|500ms|1|SECONDARY|BUY|1789757067.989000,23.0,95.0,1.2105263157894737,51.000118255615234,51.000118255615234,1.0,0.8950000000004366,1.5150000000003274,0.8950000000004366,1.5150000000003274,0.6151202749128821,0.46118721461084305,0.047619047619047616,0.03225806451612903,0.047619047619047616,0.03225806451612903,0.015360983102918585,0.3181818181818182,0.5909090909090909,1.0,0.034482758618310475,0.31034482758674764,0.974440894569288
historical7d,500ms,1,SECONDARY,BUY,1,287638,288052,1789760014.465,1789760226.85,212.38499999046329,emergency_stop,-15.375000000001364,1.269999999999527,-4.100000000000364,False,500.0,3.5013404825744874,0.6363636363638869,1.5783132530120485,0.1901619676060322,0.0321592649310896,8.624203821648214,4.013468013473219,6.21568627451372,2.700383141763004,0.1901619676060322,0.0687022900763358,0.0914728682170542,2.408517547134494,1.3130848717102146,1.8608012094223545,0.0,0.0,5.5262120869549145,1.0043811610080626,20699.423000097275,historical7d|500ms|1|SECONDARY|BUY|1789760014.465000,25.0,131.0,0.9541984732824428,52.500009536743164,51.99992656707764,1.0096169937667208,1.4450000000006185,3.390000000001237,1.4450000000006185,3.390000000001237,0.6963855421665919,0.3721185510429221,0.4166666666666667,0.07692307692307693,0.4166666666666667,0.07692307692307693,0.33974358974358976,-0.3333333333333333,0.5833333333333334,0.8749999999976316,0.12499999999857891,1.0416666666636667,1.0
historical7d,500ms,1,SECONDARY,BUY,1,294218,296333,1789763657.457,1789764857.978,1200.5209999084473,max_hold,8.512500000001637,5.1899999999996,-1.1700000000000728,False,500.0,2.0,0.8301886792466429,0.935483870967742,0.1700934579439443,0.0596205962060228,9.11111111113564,4.353488372097714,3.43396226415008,2.675577156743374,0.1700934579439443,0.1724137931034483,-0.0186335403726708,5.677148846985561,1.67791121535434,3.67753003116995,0.0745257452578366,0.0423402617400186,1.870967741935484,0.7766281192952466,24342.41500020027,historical7d|500ms|1|SECONDARY|BUY|1789763657.457000,23.0,58.0,1.9827586206896552,50.00007152557373,51.000118255615234,0.9803912860548829,2.1999999999989086,2.6849999999994907,2.1999999999989086,2.6849999999994907,0.5626598465470564,0.5109419600376862,0.36363636363636365,0.19298245614035087,0.36363636363636365,0.19298245614035087,0.17065390749601278,-0.045454545454545456,0.8636363636363636,0.9565217391314663,0.26086956521515625,1.0434782608685336,0.8141891891882653
historical7d,500ms,2,SECONDARY,SELL,-1,330139,332069,1789968692.959,1789969892.9740002,1200.0150001049042,max_hold,-4.275000000001228,3.149999999999636,-3.2100000000000364,False,500.0,2.739687055475337,0.6486486486507081,1.54,0.1518301927652621,0.0498442367602723,4.790697674415588,7.820895522378902,3.6227390180879815,-1.1105398457586542,0.1518301927652621,0.0789473684210526,0.0564334085778781,1.1679586563276063,8.931435368137556,5.049697012232581,0.0,0.3321775312067163,4.21911806543202,0.9989189189220906,6883.669000148773,historical7d|500ms|2|SECONDARY|SELL|1789968692.959000,14.0,77.0,0.9090909090909091,50.00019073486328,52.00004577636719,0.9615412830576239,-0.6749999999992724,-1.569999999999709,0.6749999999992724,1.569999999999709,0.6338028168993396,0.3277661795403404,-0.07692307692307693,-0.09333333333333334,0.07692307692307693,0.09333333333333334,-0.01641025641025641,-0.38461538461538464,0.46153846153846156,0.6000000000022737,-0.27499999999715785,0.7,1.0
historical7d,500ms,2,SECONDARY,SELL,-1,333762,334182,1789970946.9539998,1789971214.91,267.956000328064,emergency_stop,-15.374999999997954,0.0,-4.099999999999454,False,500.0,1.2957055214718756,0.6829268292679139,0.8333333333333334,0.1289772727274165,0.1060606060605329,4.423357664229293,2.1522491349476742,1.8159999999996217,2.8331177231564104,0.1289772727274165,0.35,0.0897009966777408,2.607357664229672,-0.6808685882087362,0.9632445380104676,0.0208333333334481,0.0072607260726467,1.079754601226563,0.5691056910565949,1617.8119995594025,historical7d|500ms|2|SECONDARY|SELL|1789970946.954000,12.0,40.0,1.5,52.00004577636719,58.00008773803711,0.8965511571504913,-0.9699999999993452,-1.5399999999990541,0.9699999999993452,1.5399999999990541,0.6978417266185262,0.527397260273307,-0.6363636363636364,-0.38461538461538464,0.6363636363636364,0.38461538461538464,0.2517482517482517,0.0,0.6363636363636364,0.6021505376336725,-0.3010752688178142,0.6451612903227699,0.9333333333329659
historical7d,500ms,2,SECONDARY,SELL,-1,367701,369591,1789993800.4910002,1789995000.617,1200.1259996891022,max_hold,6.262500000000272,5.410000000000764,-2.8599999999996726,False,500.0,2.6447876447869345,0.8076923076896841,1.7857142857142858,0.1683772538173198,0.0613138686128967,6.336448598131477,3.948717948719145,4.4306569343037685,2.5000000000005684,0.1683772538173198,0.1466666666666666,0.0596658711217183,1.905791663827708,1.4487179487185764,1.6772548062731425,0.0,0.0,4.722835079976669,1.4423076923030074,3798.3600001335135,historical7d|500ms|2|SECONDARY|SELL|1789993800.491000,22.0,75.0,1.4666666666666666,50.99964141845703,50.999999046325684,0.9999929876887188,-1.0799999999999272,-1.6849999999994907,1.0799999999999272,1.6849999999994907,0.5901639344256266,0.42929936305647887,-0.3333333333333333,-0.13513513513513514,0.3333333333333333,0.13513513513513514,0.19819819819819817,0.47619047619047616,0.42857142857142855,0.8749999999971578,0.3333333333295438,0.916666666672351,1.0
historical7d,500ms,3,SECONDARY,SELL,-1,384344,386267,1790004286.924,1790005334.477,1047.5529999732971,emergency_stop,-15.787500000000136,4.170000000000073,-4.210000000000036,False,500.0,1.277599142550485,0.8666666666688394,1.4927536231884058,0.1253127132131416,0.087248322147737,2.350000000000739,2.3241590214059724,2.156555772993969,6.523874488400607,0.1253127132131416,0.0980392156862745,0.0597609561752988,0.1934442270067702,-4.199715466994634,-2.003135619993932,0.0,0.0,1.9071407490246368,1.2937198067665283,2810.0439999103546,historical7d|500ms|3|SECONDARY|SELL|1790004286.924000,22.0,103.0,1.0679611650485437,51.000118255615234,52.99985408782959,0.9622690313656249,-0.6149999999997817,-0.9549999999999272,0.6149999999997817,0.9549999999999272,0.624365482234065,0.2315151515148276,-0.14285714285714285,-0.10891089108910891,0.14285714285714285,0.10891089108910891,0.03394625176803394,0.047619047619047616,0.7619047619047619,0.8965517241387961,-0.10344827586120381,0.6896551724132524,1.0
historical7d,500ms,3,SECONDARY,BUY,1,386540,386696,1790005480.473,1790005558.881,78.4079999923706,emergency_stop,-15.0,0.5599999999994907,-4.0,False,500.0,2.3597560975606893,0.5000000000015158,1.3116883116883118,0.0920899250631605,0.0258397932817505,11.71276595743876,4.747252747250815,2.1857707509871163,2.7736720554269287,0.0920899250631605,0.1313131313131313,-0.0354906054279749,9.526995206451645,1.9735806918238856,5.750287949137765,0.0,0.0,3.09526449160558,0.6558441558461441,4003.59299993515,historical7d|500ms|3|SECONDARY|BUY|1790005480.473000,40.0,101.0,1.9801980198019802,52.00004577636719,52.00004577636719,1.0,3.2399999999997817,5.474999999999454,3.2399999999997817,5.474999999999454,0.38297872340426903,0.43993571715567564,0.07692307692307693,0.12244897959183673,0.07692307692307693,0.12244897959183673,-0.045525902668759805,0.0,0.9487179487179487,0.4838709677444908,-0.32258064516006,1.5483870967753293,1.0
historical7d,500ms,3,SECONDARY,BUY,1,393898,394261,1790009383.4910002,1790009571.948,188.4569997787476,emergency_stop,-15.187500000000682,0.5299999999997453,-4.050000000000182,False,500.0,2.190301921317265,0.8787878787879623,0.9514563106796116,0.1738489871098539,0.0484544695070902,3.8224299065367338,3.712230215828788,3.515828677839003,1.0911300121511152,0.1738489871098539,0.1020408163265306,0.0947030497592295,0.3066012286977306,2.621100203677673,1.463850716187702,0.0,0.0,2.08397658533099,0.8361282730215563,7906.611000061035,historical7d|500ms|3|SECONDARY|BUY|1790009383.491000,22.0,98.0,1.1224489795918366,53.999900817871094,54.000139236450195,0.9999955848525119,0.8100000000004002,2.055000000000291,0.8100000000004002,2.055000000000291,0.6377952755920173,0.4215384615382067,0.42857142857142855,0.1134020618556701,0.42857142857142855,0.1134020618556701,0.31516936671575846,0.23809523809523808,0.6666666666666666,0.9206349206346457,-0.1269841269839895,0.47619047618923876,1.0
historical7d,500ms,3,SECONDARY,BUY,1,407673,407730,1790016648.988,1790016677.495,28.507000207901,emergency_stop,-15.599999999999454,0.0600000000004001,-4.159999999999855,False,500.0,3.571214392802541,0.9642857142849024,1.3543307086614174,0.2285481903227476,0.0453400503777548,16.05084745762205,8.559999999991444,8.61302681991989,1.1900958466453244,0.2285481903227476,-0.1529411764705882,-0.0253164556962025,7.437820637702162,7.36990415334612,7.403862395524141,0.0,0.0,4.836605319386119,1.3059617547795528,1644.579999923706,historical7d|500ms|3|SECONDARY|BUY|1790016648.988000,37.0,86.0,2.1511627906976747,52.00004577636719,52.00028419494629,0.999995415052383,5.219999999999345,4.7549999999992,5.219999999999345,4.7549999999992,0.5288753799392955,0.4158285964145977,0.0,-0.14285714285714285,0.0,-0.14285714285714285,0.14285714285714285,-0.1388888888888889,0.8611111111111112,0.7714285714264183,-0.22857142857358165,1.0285714285720224,1.0
historical7d,500ms,4,SECONDARY,SELL,-1,446424,446488,1790050319.982,1790050352.327,32.34500002861023,emergency_stop,-15.187499999997272,0.0,-4.049999999999272,False,500.0,2.236397748592573,0.6410256410251028,1.584,0.1682829435270622,0.0419463087248383,2.593023255811691,2.9751552795031238,6.5193370165727424,4.5674300254446765,0.1682829435270622,0.1546391752577319,0.1122112211221122,-3.926313760761051,-1.5922747459415532,-2.7592942533513023,0.0,0.0,3.5424540337706367,1.015384615383763,465.21600008010864,historical7d|500ms|4|SECONDARY|SELL|1790050319.982000,17.0,99.0,0.8585858585858586,53.50017547607422,53.49993705749512,1.0000044564272823,-0.5949999999993452,-1.139999999999418,0.5949999999993452,1.139999999999418,0.6165803108800575,0.2072727272725529,-0.125,-0.16666666666666666,0.125,0.16666666666666666,-0.04166666666666666,-0.0625,0.5625,0.6578947368434909,-0.4473684210537653,0.8947368421075306,1.0
historical7d,500ms,4,SECONDARY,SELL,-1,483285,484081,1790074221.952,1790074679.497,457.545000076294,take_profit,30.2250000000015,8.0600000000004,-0.7199999999993452,False,500.0,2.6999999999999016,0.941176470588655,1.3454545454545457,0.2736036291498152,0.0480480480479966,3.0866141732259105,3.846153846156225,5.012987012991087,1.6988636363633016,0.2736036291498152,0.0136986301369863,0.125,-1.9263728397651767,2.1472902097929234,0.1104586850138736,0.0160160160161809,0.0100692259283612,3.632727272727141,1.2663101604283722,822.8979997634888,historical7d|500ms|4|SECONDARY|SELL|1790074221.952000,29.0,74.0,1.9594594594594594,49.4999885559082,55.00006675720215,0.8999986995366015,-1.2949999999991633,-0.9849999999996726,1.2949999999991633,0.9849999999996726,0.42528735632168113,0.19719719719706413,-0.037037037037037035,-0.027777777777777776,0.037037037037037035,0.027777777777777776,0.009259259259259259,0.14285714285714285,0.6428571428571429,0.8,0.09999999999924208,0.9666666666674246,0.8980891719734966
historical7d,500ms,4,SECONDARY,BUY,1,488380,488895,1790077022.458,1790077286.496,264.0380001068115,take_profit,30.637500000000276,8.170000000000073,-1.3100000000004002,False,500.0,2.077849860982048,0.875,1.5782312925170068,0.2343447385430305,0.0499553969669441,5.6457142857186575,5.86013986013938,4.253906250000619,nan,0.2343447385430305,-0.008695652173913,-0.0486725663716814,1.3918080357180385,nan,nan,0.0035682426405771,0.0031847133758653,3.2793276717539803,1.380952380952381,81.23300004005432,historical7d|500ms|4|SECONDARY|BUY|1790077022.458000,22.0,116.0,0.9482758620689655,53.00021171569824,53.99966239929199,0.9814915382951199,0.8449999999993452,2.2999999999992724,0.8449999999993452,2.2999999999992724,0.5728813559316182,0.3387334315166952,0.3333333333333333,-0.017543859649122806,0.3333333333333333,-0.017543859649122806,0.3508771929824561,0.3333333333333333,0.47619047619047616,0.8888888888879265,0.1587301587278214,0.8253968253973754,0.9837067209772405
historical7d,500ms,4,SECONDARY,SELL,-1,490867,491551,1790078293.477,1790078642.919,349.44200015068054,take_profit,30.337500000000546,8.090000000000146,-1.7999999999992724,False,500.0,1.2149659863944402,0.8235294117636044,1.0909090909090908,0.1506316812455608,0.0627099664053288,2.696356275302827,3.1398747390385164,1.7816091954021045,1.5562841530049942,0.1506316812455608,0.042016806722689,-0.0070422535211267,0.9147470799007228,1.5835905860335222,1.2491688329671224,0.0,0.0,1.3254174397030256,0.898395721923932,363.9720001220703,historical7d|500ms|4|SECONDARY|SELL|1790078293.477000,19.0,120.0,0.7916666666666666,54.000020027160645,52.99997329711914,1.0188688157338348,-1.0399999999990541,-1.769999999999527,1.0399999999990541,1.769999999999527,0.8455284552865847,0.32717190388200695,-0.5555555555555556,-0.05084745762711865,0.5555555555555556,0.05084745762711865,0.504708097928437,-0.2222222222222222,0.6666666666666666,0.9032258064496255,-0.1290322580642322,0.709677419354744,1.0
historical7d,500ms,0,MICRO,SELL,-1,8849,8925,1789575485.9550002,1789575524.996,39.04099988937378,momentum_zero_cross,-4.949999999998909,0.3500000000003638,-1.3400000000001455,False,500.0,1.662898252826041,0.8235294117636044,1.4285714285714286,0.1129623458847396,0.0692212608157733,2.981366459626908,1.6988636363633016,2.2450331125820715,0.9584487534626904,0.1129623458847396,0.1428571428571428,0.0766917293233082,0.7363333470448366,0.7404148829006112,0.7383741149727238,0.0506798516687193,0.0300366300366201,2.3755689326086302,1.1764705882337203,4906.851000070572,historical7d|500ms|0|MICRO|SELL|1789575485.955000,28.0,120.0,1.1666666666666667,49.99995231628418,51.000118255615234,0.9803889486232528,-0.75,-1.319999999999709,0.75,1.319999999999709,0.39473684210496085,0.2287694974007116,-0.1111111111111111,-0.15254237288135594,0.1111111111111111,0.15254237288135594,-0.04143126177024484,0.07407407407407407,0.7777777777777778,0.7999999999984408,-0.1714285714295366,0.45714285714456476,0.7320261437907409
historical7d,500ms,0,MICRO,SELL,-1,14315,14405,1789578278.771,1789578323.9859998,45.21499967575073,stagnation,-5.924999999999727,0.5399999999999636,-2.119999999999891,False,500.0,1.296146044624552,0.8846153846145101,1.085972850678733,0.0696155558853592,0.0719874804380545,5.542168674699719,2.594771241831612,2.5420054200541258,3.6575342465761103,0.0696155558853592,0.1260504201680672,0.0277008310249307,3.0001632546455936,-1.0627630047444985,0.9687001249505472,0.0015649452269513,0.0004770992366516,1.4075794149768888,0.9606682909840832,7699.667000055313,historical7d|500ms|0|MICRO|SELL|1789578278.771000,29.0,120.0,1.2083333333333333,50.00019073486328,51.000118255615234,0.980393623486513,-0.6350000000002183,-2.2600000000002183,0.6350000000002183,2.2600000000002183,0.3681159420290344,0.29236739974124376,-0.5,-0.11864406779661017,0.5,0.11864406779661017,0.3813559322033898,0.10714285714285714,0.4642857142857143,1.0000000000029339,-0.22580645160940152,0.67741935483994,0.9613733905578763
historical7d,500ms,0,MICRO,SELL,-1,14526,14616,1789578384.442,1789578429.949,45.50699996948242,stagnation,-4.612499999998363,0.1900000000005093,-1.3799999999991996,False,500.0,2.4384694932775077,1.0196078431341078,1.162162162162162,0.146952444742086,0.0441051738760525,2.964705882352186,3.060702875399539,5.866310160427799,5.200460829492847,0.146952444742086,0.0866141732283464,0.1194805194805194,-2.901604278075613,-2.1397579540933074,-2.5206811160844604,0.031382527565804,0.0141762452107584,2.8338969786738595,1.1849496555342334,7805.337999820709,historical7d|500ms|0|MICRO|SELL|1789578384.442000,23.0,129.0,0.8914728682170543,51.49984359741211,51.999807357788086,0.9903852766812011,0.0750000000007276,-1.2749999999996362,-0.0750000000007276,1.2749999999996362,0.1127819548881641,0.2286995515697101,-0.09090909090909091,-0.09523809523809523,0.09090909090909091,0.09523809523809523,-0.004329004329004321,0.45454545454545453,0.36363636363636365,1.0833333333314386,0.37499999999715783,0.875000000004737,0.7743902439019961
historical7d,500ms,0,MICRO,BUY,1,14992,15362,1789578618.875,1789578804.99,186.11500000953677,trail,19.743750000001228,6.520000000000437,-0.1199999999998908,False,500.0,1.3174767321612315,1.0,1.1111111111111112,0.0994443379957689,0.0816326530612827,2.369047619046949,3.830065359480419,2.544117647058227,0.9418221734361044,0.0994443379957689,0.04,-0.015256588072122,-0.175070028011278,2.8882431860443147,1.3565865790165184,0.0204081632654634,0.0080795525171545,1.4638630357347018,1.1111111111111112,8039.770999908447,historical7d|500ms|0|MICRO|BUY|1789578618.875000,20.0,125.0,0.8,54.99982833862305,52.00004577636719,1.0576880754135642,0.6749999999992724,0.9899999999997817,0.6749999999992724,0.9899999999997817,0.6279069767441467,0.21244635193137318,0.47368421052631576,0.03225806451612903,0.47368421052631576,0.03225806451612903,0.4414261460101867,-0.10526315789473684,0.6842105263157895,0.7878787878796231,-0.09090909090833926,0.6060606060601885,0.895999999999185
historical7d,500ms,0,MICRO,BUY,1,26150,26303,1789584430.963,1789584507.463,76.5,emergency_stop,-15.262499999998909,2.2200000000002547,-4.069999999999709,False,500.0,4.656836461125142,0.4411764705869764,0.972972972972973,0.357882069795813,0.0172711571674893,27.3653846153643,13.474226804109117,7.867724867727714,1.7511737089202934,0.357882069795813,0.2112676056338028,0.0236686390532544,19.497659747636582,11.723053095188822,15.610356421412702,0.0765687967760509,0.0701476793248939,4.530976016229868,0.4292527821927339,13851.858999967577,historical7d|500ms|0|MICRO|BUY|1789584430.963000,35.0,72.0,2.4305555555555554,49.49986934661865,51.999807357788086,0.951924090911175,6.9399999999996,7.125,6.9399999999996,7.125,0.6628462273162021,0.6071580741375427,0.47058823529411764,0.22857142857142856,0.47058823529411764,0.22857142857142856,0.24201680672268908,-0.029411764705882353,0.9117647058823529,0.4411764705881566,-0.2941176470605544,1.470588235297422,0.8335419274092661
historical7d,500ms,0,MICRO,SELL,-1,26424,26425,1789584568.385,1789584568.838,0.4530000686645508,momentum_zero_cross,-0.5250000000012278,0.0,-0.1400000000003274,False,500.0,1.9117241379311147,0.8529411764701161,1.5810810810810811,0.0592981040742368,0.0836940836940696,2.233333333335607,3.865979381438659,2.3333333333339747,-0.272300469483549,0.0592981040742368,0.0517241379310344,-0.026888604353393,-0.0999999999983676,4.138279850922208,2.01913992546192,0.0735930735928395,0.1297250859105899,3.0225908667289247,1.3485691573919405,13989.28099989891,historical7d|500ms|0|MICRO|SELL|1789584568.385000,21.0,117.0,0.8974358974358975,50.499916076660156,51.999807357788086,0.9711558300436033,0.15499999999974534,-0.5650000000005093,-0.15499999999974534,0.5650000000005093,0.28440366972568926,0.14213836478011943,0.0,-0.043478260869565216,-0.0,0.043478260869565216,-0.043478260869565216,0.35,0.25,0.8787878787879623,0.09090909090833926,0.5757575757592461,0.460317460318988
historical7d,500ms,0,MICRO,BUY,1,39491,39525,1789592369.481,1789592386.4899998,17.008999824523926,emergency_stop,-16.950000000001637,0.0,-4.520000000000437,False,500.0,3.856049004594913,1.0175438596478912,2.732142857142857,0.1105573770491313,0.0460683081810898,20.70370370367077,9.31818181818644,5.03283582089515,7.680933852143581,0.1105573770491313,0.2368421052631578,0.024745269286754,15.67086788277562,1.6372479660428594,8.654057924409237,0.025416997617133,0.0139799038881484,10.535276744696814,2.78007518796656,21790.37699985504,historical7d|500ms|0|MICRO|BUY|1789592369.481000,37.0,153.0,1.2091503267973855,50.99987983703613,50.99987983703613,1.0,1.805000000000291,5.594999999999345,1.805000000000291,5.594999999999345,0.4706649282917835,0.42274272761592685,0.3333333333333333,0.24503311258278146,0.3333333333333333,0.24503311258278146,0.08830022075055186,0.027777777777777776,0.5833333333333334,0.6444444444446241,-0.42222222222352473,1.1555555555549717,0.949166004765734
historical7d,500ms,0,MICRO,SELL,-1,39824,39832,1789592535.972,1789592539.9299998,3.9579999446868896,emergency_stop,-15.487500000000413,0.0,-4.130000000000109,False,500.0,10.586626139817724,0.9491525423732472,3.206896551724138,0.0602904247188636,0.0160780935974588,12.725806451614204,14.882096069875905,15.959537572250309,28.486381322970875,0.0602904247188636,0.0162162162162162,0.0246212121212121,-3.2337311206361044,-13.60428525309497,-8.419008186865536,0.0465116279069475,0.0148992918237743,33.95021486217408,3.043834015196965,21956.8679997921,historical7d|500ms|0|MICRO|SELL|1789592535.972000,39.0,186.0,1.0483870967741935,50.499916076660156,50.00019073486328,1.009994468710065,-1.0300000000006548,-4.130000000000109,1.0300000000006548,4.130000000000109,0.187613843351675,0.129304946775238,-0.21052631578947367,-0.021739130434782608,0.21052631578947367,0.021739130434782608,0.18878718535469108,0.15789473684210525,0.7894736842105263,0.42424242424213193,-0.6363636363638869,0.9848484848495288,0.7509607993852143
historical7d,500ms,0,MICRO,BUY,1,40513,40561,1789592880.462,1789592904.4889998,24.02699971199036,emergency_stop,-18.41249999999945,2.649999999999636,-4.909999999999855,False,500.0,5.113610798651861,0.8333333333340912,2.575757575757576,0.1292184988988665,0.0219973603167606,12.18279569892084,3.0057142857128483,9.5428571428629,7.33444816053575,0.1292184988988665,0.0714285714285714,0.1056410256410256,2.63993855605794,-4.328733874822902,-0.8443976593824809,0.0,0.0,13.171421754103276,2.1464646464665984,22301.35800004005,historical7d|500ms|0|MICRO|BUY|1789592880.462000,38.0,170.0,1.1176470588235294,50.99987983703613,50.99987983703613,1.0,1.3650000000006912,5.1899999999996,1.3650000000006912,5.1899999999996,0.3141542002301588,0.3151183970854766,-0.05555555555555555,0.0658682634730539,-0.05555555555555555,0.0658682634730539,-0.12142381902860945,-0.027777777777777776,0.6944444444444444,0.6222222222226713,-0.022222222220650255,1.0222222222186292,0.8620071684590274
historical7d,500ms,0,MICRO,SELL,-1,40743,40744,1789592995.458,1789592995.906,0.4479999542236328,momentum_zero_cross,-0.3750000000013642,0.0,-0.1000000000003638,False,500.0,3.510022271715852,0.7999999999987873,2.1714285714285717,0.0862545454545474,0.03045685279185,4.53398058252146,1.0746987951805411,4.10380622837473,-4.812709030100491,0.0862545454545474,0.081081081081081,0.0043859649122807,0.4301743541467298,5.8874078252810325,3.158791089713881,0.0989847715735703,0.4278497693828088,7.621762647154421,1.737142857140224,22416.35399985313,historical7d|500ms|0|MICRO|SELL|1789592995.458000,27.0,152.0,0.8881578947368421,52.500128746032715,51.999568939208984,1.0096262299291157,0.0999999999994543,-2.3100000000004,-0.0999999999994543,2.3100000000004,0.07246376811554087,0.21813031161474694,-0.07692307692307693,-0.07482993197278912,0.07692307692307693,0.07482993197278912,0.002093144950287812,-0.07692307692307693,0.8461538461538461,0.5999999999993179,-0.7500000000002842,1.0499999999999432,0.4951456310681498
historical7d,500ms,0,MICRO,SELL,-1,40902,40996,1789593074.971,1789593121.9539998,46.98299980163574,take_profit,25.659374999999045,10.659999999999854,-1.25,False,500.0,3.956967213114934,0.9333333333319186,2.102564102564102,0.1135575694909134,0.0290005178663621,9.906779661024114,4.1749502982117015,5.581464872944834,5.983277591974095,0.1135575694909134,0.1677018633540372,0.0627530364372469,4.32531478807928,-1.808327293762393,1.2584937471584428,0.0258933195235611,0.0112384805574282,8.31977721731858,1.962393162390188,22495.86699986458,historical7d|500ms|0|MICRO|SELL|1789593074.971000,34.0,164.0,1.0365853658536586,49.99995231628418,50.99987983703613,0.9803935318289553,-1.660000000000764,-5.635000000000218,1.660000000000764,5.635000000000218,0.6014492753627463,0.3806146572104559,-0.375,-0.1625,0.375,0.1625,0.2125,0.0,0.7575757575757576,0.6511627906973301,-0.5581395348855409,1.0000000000010576,0.9172185430463696
historical7d,500ms,0,MICRO,BUY,1,42027,42231,1789593637.477,1789593739.488,102.010999917984,emergency_stop,-15.749999999999318,1.9200000000000728,-4.199999999999818,False,500.0,1.186453293636083,0.6511627906966415,1.0516717325227964,0.0748678631585003,0.0351317440401134,3.053364269142303,2.916666666665581,2.253496503495943,4.795698924731982,0.0748678631585003,0.1098265895953757,-0.0141700404858299,0.79986776564636,-1.8790322580664007,-0.5395822462100206,0.0106649937265914,0.0054191903092727,1.2477593908756377,0.684809500246316,23058.37299990654,historical7d|500ms|0|MICRO|BUY|1789593637.477000,38.0,173.0,1.0982658959537572,49.99995231628418,50.499916076660156,0.9900997110645289,0.9799999999995634,3.264999999999418,0.9799999999995634,3.264999999999418,0.30624999999979396,0.25280681378236136,0.13513513513513514,0.10465116279069768,0.13513513513513514,0.10465116279069768,0.030483972344437463,-0.13513513513513514,0.8648648648648649,0.6829268292679139,-0.24390243902536413,1.121951219512682,0.9496296296290692
historical7d,500ms,0,MICRO,SELL,-1,43288,43445,1789594268.4220002,1789594346.9910002,78.56900000572205,trail,20.653124999998056,7.329999999999927,-2.350000000000364,False,500.0,2.1545636242503567,0.6511627906994452,1.105105105105105,0.1766001855286548,0.0173160173160587,5.666666666668405,3.46167883211637,4.711523588553791,5.037572254336616,0.1766001855286548,0.2888888888888888,0.0459081836327345,0.955143078114614,-1.5758934222202456,-0.310375172052816,0.0126777983920802,0.0126348228043095,2.381019260432826,0.7196033242564439,23689.3180000782,historical7d|500ms|0|MICRO|SELL|1789594268.422000,36.0,184.0,0.9782608695652175,50.99987983703613,49.99995231628418,1.0199985694871612,-0.42999999999938154,-7.779999999999745,0.42999999999938154,7.779999999999745,0.14381270902968527,0.400824317362118,-0.17647058823529413,-0.2849162011173184,0.17647058823529413,0.2849162011173184,-0.10844561288202428,-0.2,0.5714285714285714,0.6086956521752884,-0.3913043478247115,1.0217391304332784,0.950721153846175
historical7d,500ms,0,MICRO,SELL,-1,43601,43622,1789594424.963,1789594435.471,10.507999897003174,emergency_stop,-17.212499999997135,0.0,-4.589999999999236,False,500.0,2.001332445036671,0.6976744186032247,1.1437125748502994,0.0627120069524287,0.0199733688414955,2.179487179487128,3.1436077057791234,3.460170146945135,18.106936416189438,0.0627120069524287,0.031578947368421,-0.0337899543378995,-1.2806829674580067,-14.96332871041031,-8.12200583893416,0.1348202396804585,0.0492401215805592,2.2889490838443365,0.7979390057078797,23845.85899996757,historical7d|500ms|0|MICRO|SELL|1789594424.963000,37.0,191.0,0.9685863874345549,50.00007152557373,50.00019073486328,0.9999976158233039,0.1500000000005457,-3.2349999999996726,-0.1500000000005457,3.2349999999996726,0.025295109612244075,0.07659524091393669,-0.05555555555555555,-0.037037037037037035,0.05555555555555555,0.037037037037037035,0.018518518518518517,0.1111111111111111,0.6666666666666666,0.4285714285705005,-0.5714285714294994,2.9428571428584793,0.4770819883795129
historical7d,500ms,0,MICRO,BUY,1,44244,44245,1789594746.48,1789594746.975,0.4950001239776611,momentum_zero_cross,-1.3499999999987722,0.0,-0.3599999999996726,False,500.0,1.403612479474532,0.5348837209294209,1.008955223880597,0.0864446009862582,0.0215255030416073,0.8681898066789921,0.6861313868609625,2.244284781188878,-1.4225941422598622,0.0864446009862582,0.0538922155688622,-0.0186823992133726,-1.3760949745098858,2.1087255291208247,0.3663152773054694,0.0711277491811188,0.1454301590343042,1.4161821434698263,0.5396737244004307,24167.37599992752,historical7d|500ms|0|MICRO|BUY|1789594746.480000,32.0,169.0,0.9467455621301776,51.000118255615234,50.999999046325684,1.0000023374370937,-0.4150000000008731,1.2049999999999272,-0.4150000000008731,1.2049999999999272,0.17473684210576462,0.08341986846660458,-0.0967741935483871,0.04819277108433735,-0.0967741935483871,0.04819277108433735,-0.14496696463272446,0.16129032258064516,0.7741935483870968,0.3898305084737402,-0.4915254237286307,1.152542372881565,0.5386949924126243
historical7d,500ms,0,MICRO,BUY,1,44368,44398,1789594808.481,1789594823.389,14.907999992370604,emergency_stop,-16.125000000000682,0.0,-4.300000000000182,False,500.0,1.1763546798029882,0.6511627906973301,0.988095238095238,0.0819537696683787,0.0312674483528473,1.3054101221651215,0.9934024505184068,1.844290657439616,4.847240051348732,0.0819537696683787,0.031055900621118,-0.0263157894736842,-0.5388805352744941,-3.853837600830325,-2.1963590680524097,0.0697934115019547,0.0200577663671374,1.1623504574243813,0.643410852712838,24229.37699985504,historical7d|500ms|0|MICRO|BUY|1789594808.481000,37.0,166.0,1.114457831325301,49.99983310699463,50.99987983703613,0.980391194386398,0.4000000000005457,1.8800000000001091,0.4000000000005457,1.8800000000001091,0.19512195122045362,0.1255845023380603,0.058823529411764705,0.0375,0.058823529411764705,0.0375,0.021323529411764706,-0.1388888888888889,0.6944444444444444,0.6222222222219078,-0.6666666666673403,1.355555555557397,0.5652173913043479
historical7d,500ms,0,MICRO,BUY,1,44731,44795,1789594989.979,1789595021.9539998,31.97499966621399,trail,19.40624999999983,6.0900000000001455,-2.319999999999709,False,500.0,1.0695330870003903,0.5977011494258642,0.9578313253012049,0.0819436457734267,0.0326633165829418,1.244604316547624,2.66026871401126,1.489222730241674,14.138639281131764,0.0819436457734267,0.0573248407643312,0.0525139664804469,-0.2446184136940501,-11.478370567120503,-5.861494490407276,0.0163316582914709,0.0046050301098161,1.024432294175073,0.572496884088629,24410.875,historical7d|500ms|0|MICRO|BUY|1789594989.979000,32.0,159.0,1.0062893081761006,50.00019073486328,50.99987983703613,0.98039820671407,0.6149999999997817,1.730000000000473,0.6149999999997817,1.730000000000473,0.3426183844016731,0.16429249762590822,0.3333333333333333,0.05732484076433121,0.3333333333333333,0.05732484076433121,0.2760084925690021,0.03225806451612903,0.8387096774193549,0.6190476190480315,-0.16666666666594485,1.2857142857139763,0.9118644067795816
historical7d,500ms,0,MICRO,SELL,-1,45336,45427,1789595292.485,1789595337.965,45.480000019073486,stagnation,-0.9375,0.0,-3.7600000000002174,False,500.0,1.0811940298508398,0.6666666666666666,1.0481927710843373,0.0718731712507363,0.0320265046935344,1.2730375426618403,2.976213130351358,1.3167641325535997,3.6061946902649775,0.0718731712507363,0.1461988304093567,0.0614947965941343,-0.0437265898917589,-0.6299815599136194,-0.3368540749026889,0.0430701270015908,0.0224460431654341,1.1332997662291937,0.6987951807228915,24713.380999803543,historical7d|500ms|0|MICRO|SELL|1789595292.485000,37.0,174.0,1.0632183908045978,52.00004577636719,50.99987983703613,1.0196111430561594,0.3400000000001455,-1.8450000000002547,-0.3400000000001455,1.8450000000002547,0.1359999999998603,0.1560253699788343,0.05555555555555555,-0.1411764705882353,-0.05555555555555555,0.1411764705882353,-0.19673202614379084,0.08333333333333333,0.75,0.707317073170894,-0.48780487805072825,1.243902439023146,0.7084112149536269
historical7d,500ms,0,MICRO,SELL,-1,45658,45737,1789595453.463,1789595492.9550002,39.492000102996826,trail,20.409375000001265,7.6599999999998545,-0.019999999999527,False,500.0,0.9340224992399424,0.5517241379306019,1.0542168674698795,0.0602623183267884,0.0312499999999703,2.819277108433275,2.4399596367310883,0.9568480300185908,6.344161545213258,0.0602623183267884,0.1791907514450867,0.0429570429570429,1.862429078414684,-3.90420190848217,-1.0208864150337429,0.0065104166666901,0.0027285129604465,0.98466227329512,0.5816368923967189,24874.35899996757,historical7d|500ms|0|MICRO|SELL|1789595453.463000,35.0,175.0,1.0,50.99987983703613,50.00019073486328,1.0199937057735222,-1.5600000000004002,-4.149999999999636,1.5600000000004002,4.149999999999636,0.5306122448984958,0.268782383419625,-0.3333333333333333,-0.18604651162790697,0.3333333333333333,0.18604651162790697,0.14728682170542634,0.0,0.8235294117647058,0.5999999999986357,-0.35000000000034104,1.299999999999318,0.9812909260990877
historical7d,500ms,0,MICRO,SELL,-1,45989,46036,1789595618.9529998,1789595642.487,23.534000158309937,trail,10.98749999999768,5.0,-1.360000000000582,False,500.0,0.9631292080794084,0.6206896551734953,1.1077844311377243,0.0457997484042424,0.0359520639148417,1.797101449276118,1.029162746942217,0.9420220412073496,8.82704126426461,0.0457997484042424,0.0326086956521739,-0.0422794117647058,0.8550794080687683,-7.797878517322392,-3.471399554626812,0.2649800266311538,0.0701321585903006,1.0669395418843743,0.6875903365694409,25039.848999738693,historical7d|500ms|0|MICRO|SELL|1789595618.953000,36.0,185.0,0.972972972972973,50.00019073486328,49.99995231628418,1.0000047683761295,0.9099999999998545,-2.75,-0.9099999999998545,2.75,0.2684365781708065,0.15051997810613646,-0.02857142857142857,-0.0273224043715847,0.02857142857142857,0.0273224043715847,0.001249024199843872,-0.02857142857142857,0.7428571428571429,0.6136363636366455,-0.545454545453418,1.181818181815739,0.22643343051507692
historical7d,500ms,0,MICRO,SELL,-1,47378,47379,1789596313.4780002,1789596313.979,0.500999927520752,momentum_zero_cross,-0.3375000000005457,0.0,-0.0900000000001455,False,500.0,1.7880539499036403,0.6304347826085667,0.8959537572254336,0.1767723626044479,0.0178571428571408,0.8929068150205562,1.3986121819583912,3.5573860516200955,-0.8771060455897162,0.1767723626044479,0.2287581699346405,0.1659751037344398,-2.664479236599539,2.275718227548108,-0.1943805045257159,0.020012315270981,0.2117752406537034,1.602013654537944,0.5648404121637447,25734.37400007248,historical7d|500ms|0|MICRO|SELL|1789596313.478000,35.0,155.0,1.1290322580645162,50.00007152557373,50.99987983703613,0.9803958692715127,-1.9699999999993452,-1.6300000000001091,1.9699999999993452,1.6300000000001091,0.6840277777781725,0.1134307585247127,-0.47058823529411764,-0.23684210526315788,0.47058823529411764,0.23684210526315788,0.23374613003095976,-0.35294117647058826,0.6470588235294118,0.6744186046520482,-0.4186046511640696,1.1860465116301204,0.811866859623358
historical7d,500ms,0,MICRO,SELL,-1,47994,48011,1789596621.4780002,1789596629.985,8.506999731063843,trail,6.974999999998772,4.380000000000109,0.0,False,500.0,1.8868474773986257,0.5999999999979789,0.9176470588235294,0.129886714727032,0.0166924265842064,3.24608819345711,3.4128440366966464,3.9437148217635114,4.746630727762587,0.129886714727032,0.0641025641025641,-0.036144578313253,-0.6976266283063999,-1.3337866910659404,-1.01570665968617,0.0,0.0,1.7314600380834446,0.550588235292263,26042.37400007248,historical7d|500ms|0|MICRO|SELL|1789596621.478000,33.0,156.0,1.0576923076923077,51.000118255615234,51.000118255615234,1.0,-2.889999999999418,-5.885000000000218,2.889999999999418,5.885000000000218,0.589795918367053,0.27622623797228985,-0.3125,-0.07096774193548387,0.3125,0.07096774193548387,0.24153225806451611,-0.0625,0.75,0.47368421052572796,-0.14035087719292647,1.3508771929839118,1.0
historical7d,500ms,0,MICRO,BUY,1,48534,48535,1789596891.473,1789596891.92,0.4470000267028808,momentum_zero_cross,-2.250000000001364,0.0,-0.6000000000003638,False,500.0,0.8540663077358649,0.3555555555546573,0.9333333333333332,0.0871369294605684,0.0212342402123235,0.3116147308783928,1.172643869891529,1.5643340857786991,-0.387241689128432,0.0871369294605684,0.0573248407643312,0.021484375,-1.2527193549003064,1.559885559019961,0.1535831020598272,0.0537491705374589,0.1758422350041094,0.7971285538868073,0.3318518518510134,26312.36899995804,historical7d|500ms|0|MICRO|BUY|1789596891.473000,33.0,161.0,1.0248447204968942,50.999999046325684,50.99987983703613,1.0000023374425573,2.5799999999999272,0.6300000000001091,2.5799999999999272,0.6300000000001091,0.779456193354429,0.04945054945056945,0.41935483870967744,0.0641025641025641,0.41935483870967744,0.0641025641025641,0.35525227460711334,-0.15625,0.84375,0.4102564102556927,-0.6153846153835391,1.3076923076917695,1.0
historical7d,500ms,0,MICRO,SELL,-1,48812,48813,1789597030.492,1789597030.993,0.500999927520752,momentum_zero_cross,-5.174999999996999,0.0,-1.3799999999991996,False,500.0,0.718694362017862,0.5714285714265726,1.0406976744186047,0.051445239989395,0.042939719240181,2.4999999999997486,1.37011494252889,0.8758465011289305,-0.0613397901532141,0.051445239989395,0.2513966480446927,0.0366598778004073,1.6241534988708182,1.4314547326821043,1.5278041157764612,0.0,0.2665305080418472,0.7479435511697518,0.5946843853799796,26451.388000011444,historical7d|500ms|0|MICRO|SELL|1789597030.492000,34.0,179.0,0.9497206703910616,50.99987983703613,50.00019073486328,1.0199937057735222,-0.8300000000008367,-4.520000000000437,0.8300000000008367,4.520000000000437,0.35470085470105234,0.2916129032259715,-0.2727272727272727,-0.24719101123595505,0.2727272727272727,0.24719101123595505,0.025536261491317658,-0.12121212121212122,0.696969696969697,0.6666666666643346,-0.6153846153858711,1.4615384615388203,1.0
historical7d,500ms,0,MICRO,SELL,-1,49095,49131,1789597171.978,1789597189.9910002,18.01300024986267,emergency_stop,-15.89999999999918,0.0,-4.239999999999782,False,500.0,0.870623145400518,0.5934065934070547,0.9298245614035088,0.064891846921803,0.0368098159509841,0.4873949579831719,0.3402298850573899,1.2261185006045947,1.138014527844952,0.064891846921803,0.0632911392405063,0.1620727673649393,-0.7387235426214228,-0.7977846427875621,-0.7682540927044925,0.16428084526245,0.0712385456695237,0.8095267843197799,0.5517640254486649,26592.87399983406,historical7d|500ms|0|MICRO|SELL|1789597171.978000,31.0,159.0,0.9748427672955975,50.50003528594971,50.999999046325684,0.9901967888289206,0.20499999999992724,-0.8249999999998181,-0.20499999999992724,0.8249999999998181,0.13015873015877416,0.06994489190334921,0.1724137931034483,-0.05732484076433121,-0.1724137931034483,0.05732484076433121,-0.22973863386777948,0.06666666666666667,0.4666666666666667,0.6279069767461044,-0.7674418604639358,1.3023255813960375,-0.1367924528301785
historical7d,500ms,0,MICRO,BUY,1,49790,49814,1789597519.43,1789597531.484,12.053999900817873,emergency_stop,-15.03750000000082,0.0,-4.010000000000218,False,500.0,0.9338922928087914,0.6236559139782212,0.9156626506024096,0.0532261279819322,0.0400552486187807,0.8267090620034196,1.869124423962964,0.9685610640873634,1.3381759483454472,0.0532261279819322,0.0945945945945946,0.0610021786492374,-0.1418520020839437,0.5309484756175165,0.1945482367667862,0.1595303867401755,0.0875663381348711,0.8551302922104596,0.5710584272571664,26940.325999975204,historical7d|500ms|0|MICRO|BUY|1789597519.430000,33.0,152.0,1.0855263157894737,51.49996280670166,51.000118255615234,1.0098008508251133,1.5100000000002183,1.2749999999996362,1.5100000000002183,1.2749999999996362,0.3813131313129202,0.10506798516680932,0.22580645161290322,0.08843537414965986,0.22580645161290322,0.08843537414965986,0.13737107746324334,-0.0625,0.6875,0.591836734694067,-0.6530612244894929,1.1020408163269473,0.29893778452272524
historical7d,500ms,0,MICRO,SELL,-1,51167,51190,1789598207.8579998,1789598219.469,11.611000061035156,momentum_zero_cross,-7.274999999998499,0.1000000000003638,-1.9399999999996,False,500.0,0.7902714134650228,0.2444444444435686,1.0248447204968945,0.0911821139567509,0.0196253345226874,1.1582608695658247,1.2000000000001672,1.321644498186326,0.5205811138014595,0.0911821139567509,0.419753086419753,0.1844262295081967,-0.1633836286205012,0.6794188861987076,0.2580176287891033,0.0223015165031203,0.0788626609441656,0.809905485849247,0.2505175983427877,27628.753999710083,historical7d|500ms|0|MICRO|SELL|1789598207.858000,34.0,165.0,1.0303030303030303,49.99995231628418,50.99987983703613,0.9803935318289553,-0.5250000000005457,-1.7000000000007276,0.5250000000005457,1.7000000000007276,0.25301204819239087,0.17119838872099014,-0.3939393939393939,-0.42857142857142855,0.3939393939393939,0.42857142857142855,-0.034632034632034625,-0.09090909090909091,0.7272727272727273,0.5789473684205487,-0.3684210526356099,3.1578947368506713,0.8655913978495045
historical7d,500ms,0,MICRO,BUY,1,51692,52328,1789598470.484,1789598788.481,317.9969999790192,momentum_zero_cross,6.000000000001364,3.720000000000255,-3.5299999999997453,False,500.0,0.7644760213143632,0.5974025974011248,0.81875,0.0904336456744734,0.0427509293679477,1.440740740741296,1.5956416464890972,0.960648148148238,0.8701298701297397,0.0904336456744734,0.0232558139534883,-0.0416107382550335,0.4800925925930579,0.7255117763593575,0.6028021844762077,0.0,0.0,0.6259147424511349,0.4891233766221709,27891.379999876022,historical7d|500ms|0|MICRO|BUY|1789598470.484000,33.0,131.0,1.2595419847328244,51.49996280670166,53.999900817871094,0.9537047666142734,1.7049999999999272,1.9350000000004002,1.7049999999999272,1.9350000000004002,0.773242630386118,0.2648870636554378,0.5625,0.015625,0.5625,0.015625,0.546875,0.21875,0.46875,0.6052631578934141,-0.23684210526347282,0.9736842105257489,1.0
historical7d,500ms,0,MICRO,BUY,1,52772,53000,1789599010.995,1789599124.992,113.99699997901917,emergency_stop,-15.449999999999587,2.769999999999527,-4.119999999999891,False,500.0,0.9336206896551368,0.6849315068488713,1.118421052631579,0.07795570045067,0.0461680517082182,3.291891891891323,1.1444921316166308,1.3550000000001698,1.1435786435785469,0.07795570045067,0.036144578313253,0.025703794369645,1.9368918918911533,0.0009134880380841,0.9689026899646188,0.0221606648199245,0.0139453805926652,1.044181034482719,0.7660418168704481,28431.891000032425,historical7d|500ms|0|MICRO|BUY|1789599010.995000,31.0,170.0,0.9117647058823529,50.00007152557373,50.99964141845703,0.9804004525309946,0.020000000000436557,3.0450000000000728,0.020000000000436557,3.0450000000000728,0.011904761905006809,0.25449226911818723,0.034482758620689655,0.03614457831325301,0.034482758620689655,0.03614457831325301,-0.0016618196925633558,-0.13333333333333333,0.6666666666666666,1.0399999999971867,0.053333333332007495,1.1733333333332687,0.9247648902821906
historical7d,500ms,0,MICRO,BUY,1,61784,62062,1789614642.982,1789614793.947,150.9649999141693,trail,20.212499999997817,6.529999999999745,-0.75,False,500.0,1.5578947368422038,0.4485981308421542,1.4516129032258065,0.0950360627917642,0.0720720720722812,0.6627218934903218,0.6382978723406452,3.177304964539025,4.948275862067533,0.0950360627917642,0.0222222222222222,-0.0769230769230769,-2.514583071048704,-4.309977989726887,-3.4122805303877954,0.1156156156156836,0.0413311862587436,2.261460101867715,0.6511908350934497,1141.1740000247955,historical7d|500ms|0|MICRO|BUY|1789614642.982000,8.0,45.0,0.8888888888888888,151.99995040893555,100.49998760223389,1.5124375040774327,-0.050000000001091394,0.15499999999974534,-0.050000000001091394,0.15499999999974534,0.12195121951544138,0.059500959692748163,-0.14285714285714285,0.0,-0.14285714285714285,0.0,-0.14285714285714285,-0.14285714285714285,0.2857142857142857,0.5853658536604303,-0.2926829268268877,0.7073170731686758,-0.02857142857202255
historical7d,500ms,0,MICRO,BUY,1,66794,66994,1789617634.951,1789617735.456,100.50500011444092,trail,19.706249999998704,6.270000000000437,-2.069999999999709,False,500.0,4.671111111110264,0.5476190476179134,2.4545454545454546,0.0969312706061468,0.0218839200760759,10.462585034003538,3.9649122807048,9.531172069825208,6.923076923075566,0.0969312706061468,0.1555555555555555,0.0186170212765957,0.93141296417833,-2.9581646423707664,-1.0133758390962182,0.0,0.0,11.465454545452468,1.34415584415306,1355.3380000591278,historical7d|500ms|0|MICRO|BUY|1789617634.951000,28.0,135.0,1.037037037037037,52.00004577636719,51.000118255615234,1.019606376513487,1.0750000000007276,3.860000000000582,1.0750000000007276,3.860000000000582,0.5180722891577038,0.25378040762670534,0.3333333333333333,0.16417910447761194,0.3333333333333333,0.16417910447761194,0.16915422885572137,0.4444444444444444,0.4074074074074074,0.47916666666528507,-0.6458333333335307,0.7500000000004737,1.0
historical7d,500ms,0,MICRO,BUY,1,67465,67694,1789617976.963,1789618099.969,123.00599980354308,trail,21.81562499999785,7.709999999999127,0.0,False,500.0,1.7945355191252477,0.2619047619061024,1.596774193548387,0.1211621985922033,0.0267965895251082,5.253333333331587,3.5368421052655763,2.990757855822685,7.705685618727608,0.1211621985922033,0.0408163265306122,-0.059047619047619,2.2625754775089018,-4.168843513462031,-0.9531340179765646,0.0097442143727062,0.0033826638477771,2.865468006345153,0.4182027649790991,1697.3500001430511,historical7d|500ms|0|MICRO|BUY|1789617976.963000,13.0,99.0,0.6565656565656566,99.00009632110596,53.00009250640869,1.867923085400936,0.03999999999996362,1.9349999999994907,0.03999999999996362,1.9349999999994907,0.04651162790685377,0.2960979341998932,-0.16666666666666666,0.030927835051546393,-0.16666666666666666,0.030927835051546393,-0.19759450171821305,0.08333333333333333,0.5833333333333334,0.24444444444583677,-0.8888888888884398,1.0222222222227162,0.960199004975165
historical7d,500ms,0,MICRO,SELL,-1,67901,67902,1789618204.957,1789618205.407,0.4500000476837158,momentum_zero_cross,0.3375000000005457,0.0900000000001455,0.0,False,500.0,1.5117773019264733,0.4418604651155166,1.3478260869565215,0.0926858158128137,0.0538243626061228,5.555555555558392,2.542372881355305,2.3142329020334147,-3.2383638928065803,0.0926858158128137,0.2473118279569892,0.1391465677179963,3.241322653524977,5.780736774161886,4.511029713843431,0.0410764872519936,0.4361069836552656,2.037612885205246,0.5955510616774354,1925.3440001010893,historical7d|500ms|0|MICRO|SELL|1789618204.957000,19.0,93.0,1.021505376344086,52.99997329711914,52.99997329711914,1.0,0.03499999999985448,-2.4650000000001455,-0.03499999999985448,2.4650000000001455,0.034825870646712144,0.36011687363073,0.0,-0.2608695652173913,-0.0,0.2608695652173913,-0.2608695652173913,0.5,0.3888888888888889,0.47499999999943154,-0.6250000000005684,0.9000000000022738,0.8888888888892373
historical7d,500ms,0,MICRO,SELL,-1,74796,74883,1789621980.452,1789622025.981,45.52900004386902,stagnation,-12.074999999997544,0.0,-3.219999999999345,False,500.0,2.179431072210809,0.5161290322574336,1.8059701492537317,0.0774676650782101,0.0481927710842801,2.34920634920638,3.7491289198614,2.955844155844141,2.41897810218961,0.0774676650782101,0.0909090909090909,0.0395010395010395,-0.6066378066377611,1.33015081767179,0.3617565055170144,0.1094377510041829,0.0564766839379171,3.9359874587687753,0.9321136254201412,2979.34099984169,historical7d|500ms|0|MICRO|SELL|1789621980.452000,30.0,121.0,1.2396694214876034,51.000118255615234,51.000118255615234,1.0,0.3900000000003274,-1.074999999999818,-0.3900000000003274,1.074999999999818,0.20526315789504673,0.1184573002755594,-0.10344827586206896,-0.08333333333333333,0.10344827586206896,0.08333333333333333,0.020114942528735635,0.13793103448275862,0.3793103448275862,0.47058823529348826,-0.43137254901992256,0.7058823529420157,0.3492537313425348
historical7d,500ms,0,MICRO,SELL,-1,95784,96251,1789636602.408,1789636862.664,260.25600004196167,momentum_zero_cross,-6.000000000001364,0.8400000000001455,-2.3099999999994907,False,500.0,1.126520681265102,0.8749999999987566,0.7833333333333333,0.127594796567923,0.1209503239739929,2.5759999999971828,0.7130434782629878,2.388601036270497,3.475285171102296,0.127594796567923,0.1111111111111111,0.0307692307692307,0.1873989637266855,-2.762241692839308,-1.2874213645563113,0.0194384449240479,0.0069018404906697,0.8824412003243298,0.6854166666656927,3108.364000082016,historical7d|500ms|0|MICRO|SELL|1789636602.408000,6.0,47.0,0.6382978723404255,51.000118255615234,100.49998760223389,0.5074639258411373,-0.20499999999992724,-0.7650000000003274,0.20499999999992724,0.7650000000003274,0.694915254241155,0.47663551401875515,0.2,-0.09090909090909091,-0.2,0.09090909090909091,-0.2909090909090909,0.2,0.4,1.037037037034417,0.25925925925776216,0.25925925925776216,0.888888888890885
historical7d,500ms,0,MICRO,BUY,1,101478,101561,1789639878.484,1789639924.189,45.704999923706055,stagnation,-0.7875000000001364,0.680000000000291,-0.6999999999998181,False,500.0,2.425287356322401,0.8529411764701161,1.1962616822429906,0.2045209903120652,0.0687203791469214,6.187500000004263,1.6577946768065728,5.54744525547015,3.60121765601176,0.2045209903120652,0.1111111111111111,-0.0157894736842105,0.6400547445341136,-1.9434229792051876,-0.651684117335537,0.0023696682464975,0.0014503263234545,2.9012783327968905,1.0203408466184567,6384.4400000572205,historical7d|500ms|0|MICRO|BUY|1789639878.484000,25.0,64.0,1.953125,52.00004577636719,98.9999771118164,0.525253109075321,0.9499999999989086,1.9399999999995998,0.9499999999989086,1.9399999999995998,0.7661290322550716,0.5655976676372695,0.08333333333333333,0.0967741935483871,0.08333333333333333,0.0967741935483871,-0.013440860215053765,-0.375,0.4583333333333333,1.1599999999998545,-0.31999999999970896,0.6400000000030559,0.9905660377356427
historical7d,500ms,0,MICRO,BUY,1,101957,102042,1789640146.371,1789640191.4350002,45.06400012969971,stagnation,0.0374999999974079,0.3199999999997089,-1.3299999999999272,False,500.0,2.8271954674221766,0.6764705882363956,1.3644859813084111,0.2063424041140789,0.0460921843688342,3.283582089541339,4.006578947364969,6.018749999998131,4.220708446865846,0.2063424041140789,0.0,-0.0157068062827225,-2.7351679104567923,-0.2141294995008769,-1.4746487049788346,0.0,0.0,3.857668581716241,0.9230346344160164,6652.327000141144,historical7d|500ms|0|MICRO|BUY|1789640146.371000,22.0,73.0,1.5068493150684932,52.00004577636719,52.500009536743164,0.990476882484639,0.5349999999998545,1.125,0.5349999999998545,1.125,0.6184971098265775,0.2941176470591872,0.5,0.014084507042253521,0.5,0.014084507042253521,0.4859154929577465,-0.14285714285714285,0.5714285714285714,0.8518518518550956,-0.11111111111036255,0.629629629631002,1.0
historical7d,500ms,0,MICRO,SELL,-1,125333,125385,1789654359.42,1789654388.461,29.04099988937378,momentum_zero_cross,-1.5750000000002728,0.0900000000001455,-0.819999999999709,False,500.0,1.6299559471360368,0.6666666666675853,1.0408163265306123,0.1310466138959704,0.0792792792793814,1.6460176991167252,0.1481481481475778,2.8745980707397605,0.7317073170730934,0.1310466138959704,0.1764705882352941,0.0220048899755501,-1.2285803716230352,-0.5835591689255156,-0.9060697702742754,0.1567567567565937,0.117270788912606,1.6964847613048546,0.6938775510213644,868.8289999961853,historical7d|500ms|0|MICRO|SELL|1789654359.420000,13.0,51.0,1.2745098039215688,99.99990463256836,96.50003910064697,1.0362680219048526,-0.6550000000006548,-0.3850000000002183,0.6550000000006548,0.3850000000002183,0.9849624060174232,0.15187376725869542,-0.8333333333333334,-0.16,0.8333333333333334,0.16,0.6733333333333333,0.25,0.75,0.8461538461541153,-0.3461538461541152,0.6538461538458847,1.0
historical7d,500ms,0,MICRO,BUY,1,130049,130055,1789657104.479,1789657107.496,3.0169999599456787,trail,7.162499999999455,4.409999999999855,-0.3099999999994907,False,500.0,1.826809015420793,0.8253968253973754,1.724770642201835,0.1246063877645289,0.0675324675325338,4.6711409395974135,1.2471482889741834,2.722358722359346,4.4971493728616565,0.1246063877645289,0.1208791208791208,0.0852713178294573,1.9487822172380675,-3.250001083887473,-0.6506094333247028,0.012987012987062,0.0048053820278888,3.150826558707423,1.423620212611987,3613.888000011444,historical7d|500ms|0|MICRO|BUY|1789657104.479000,16.0,94.0,0.851063829787234,51.000118255615234,52.99997329711914,0.9622668669983535,0.2649999999994179,1.7150000000001455,0.2649999999994179,1.7150000000001455,0.5824175824163963,0.43036386449260383,0.4666666666666667,0.1111111111111111,0.4666666666666667,0.1111111111111111,0.35555555555555557,-0.26666666666666666,0.6,0.7428571428579596,-0.08571428571358039,0.7714285714274206,0.9472295514509821
historical7d,500ms,0,MICRO,BUY,1,131351,131946,1789657766.486,1789658066.8019998,300.31599974632263,momentum_zero_cross,-1.2750000000005457,1.949999999999818,-1.950000000000728,False,500.0,1.5505415162455238,0.5714285714307987,1.7872340425531914,0.0928874734606645,0.0465657741561639,3.722488038278436,3.14646464646512,2.734374999999312,1.1870824053452531,0.0928874734606645,0.12,-0.0369127516778523,0.9881130382791246,1.9593822411198665,1.4737476396994955,0.0058207217696263,0.0029958058718444,2.7711805822260422,1.0212765957486616,4275.894999980927,historical7d|500ms|0|MICRO|BUY|1789657766.486000,28.0,126.0,1.1111111111111112,49.99995231628418,50.00019073486328,0.9999952316466078,1.7400000000006912,1.9200000000000728,1.7400000000006912,1.9200000000000728,0.687747035573465,0.22641509433978857,0.4074074074074074,0.11290322580645161,0.4074074074074074,0.11290322580645161,0.29450418160095576,-0.2222222222222222,0.5555555555555556,0.4444444444453427,-0.5333333333299648,0.7333333333319859,0.9810246679312762
historical7d,500ms,0,MICRO,BUY,1,132576,132787,1789658385.9910002,1789658491.915,105.92399978637695,trail,26.6062499999984,7.639999999999418,-2.6400000000003274,False,500.0,1.2465454545454122,0.7249999999997442,0.8673469387755102,0.1024214167541642,0.0676779463243812,2.333333333332828,-0.438818565400465,1.8969359331479203,4.043360433603962,0.1024214167541642,0.0864197530864197,-0.0304975922953451,0.4363974001849078,-4.482178999004427,-2.02289079940976,0.1633605600930997,0.0543900543899738,1.08118738404449,0.628826530612023,4895.400000095367,historical7d|500ms|0|MICRO|BUY|1789658385.991000,13.0,85.0,0.7647058823529411,97.9999303817749,56.999921798706055,1.7192993830387953,0.4150000000008731,1.4450000000006185,0.4150000000008731,1.4450000000006185,0.954022988504882,0.3910690121783366,0.8333333333333334,0.1,0.8333333333333334,0.1,0.7333333333333334,0.08333333333333333,0.75,0.8285714285726165,-0.028571428572096772,0.6000000000010394,1.0
historical7d,500ms,0,MICRO,BUY,1,133552,133792,1789658877.499,1789659002.961,125.46199989318848,emergency_stop,-16.237499999999727,1.6700000000000728,-4.329999999999927,False,500.0,1.6456494325349444,0.6585365853671522,0.9444444444444444,0.1299243706962717,0.041379310344891,1.4539007092207823,4.054852320674771,3.365497076024279,2.411924119240925,0.1299243706962717,0.1372549019607843,0.0930232558139534,-1.9115963668034963,1.6429282014338455,-0.1343340826848253,0.013793103448297,0.0077619663648247,1.5542244640607807,0.6219512195134215,5386.907999992371,historical7d|500ms|0|MICRO|BUY|1789658877.499000,18.0,102.0,0.8823529411764707,51.000118255615234,53.999900817871094,0.944448369037317,0.1999999999998181,0.9099999999998545,0.1999999999998181,0.9099999999998545,0.3174603174608903,0.2058823529409707,0.4117647058823529,0.12871287128712872,0.4117647058823529,0.12871287128712872,0.2830518345952242,-0.058823529411764705,0.23529411764705882,0.6750000000001706,-0.3499999999980673,0.649999999999659,0.819999999999709
historical7d,500ms,0,MICRO,SELL,-1,133935,133936,1789659075.4380002,1789659075.985,0.5469996929168701,momentum_zero_cross,-0.8624999999983629,0.0,-0.2299999999995634,False,500.0,1.8234552332915603,0.6829268292679139,0.6355140186915887,0.085611186287759,0.0387275242046648,4.218181818184079,3.911214953271616,2.557951482479837,-0.7194112235511925,0.085611186287759,0.1764705882352941,-0.0,1.660230335704242,4.630626176822808,3.145428256263526,0.0048409405256931,0.2607287449393578,1.158831363213328,0.4340095737403565,5584.84700012207,historical7d|500ms|0|MICRO|SELL|1789659075.438000,15.0,68.0,1.1029411764705883,96.50015830993652,105.00001907348633,0.9190489598139882,-0.7249999999994543,-2.8299999999999272,0.7249999999994543,2.8299999999999272,0.8682634730532008,0.4249249249248072,0.0,-0.16417910447761194,-0.0,0.16417910447761194,-0.16417910447761194,0.2857142857142857,0.2857142857142857,0.6222222222212791,-0.4222222222210769,0.533333333334546,0.9776357827471165
historical7d,500ms,0,MICRO,SELL,-1,134107,134649,1789659163.1980002,1789659442.468,279.26999974250793,trail,18.731250000001296,5.520000000000437,-2.6099999999996726,False,500.0,0.8764186633040693,0.5365853658522518,0.6320754716981132,0.068586698337232,0.0633093525177905,3.4254545454561764,1.8095238095245163,1.2452830188679431,3.173873045077432,0.068586698337232,0.0149253731343283,-0.1234256926952141,2.180171526588233,-1.3643492355529154,0.4079111455176587,0.0,0.0,0.5539627400129494,0.3391624482273667,5672.607000112534,historical7d|500ms|0|MICRO|SELL|1789659163.198000,15.0,67.0,1.1194029850746268,76.00009441375732,99.50006008148193,0.7638195831391441,-0.34500000000025466,-2.2600000000002183,0.34500000000025466,2.2600000000002183,0.22475570032605327,0.34138972809657464,-0.2857142857142857,0.0,0.2857142857142857,-0.0,0.2857142857142857,0.21428571428571427,0.5,0.478260869563756,-0.6304347826105439,0.6304347826105439,1.0
historical7d,500ms,0,MICRO,BUY,1,136118,136716,1789660200.981,1789660505.997,305.0160000324249,trail,20.381249999999795,7.280000000000655,-0.2399999999997817,False,500.0,0.916176470588024,0.8169014084505599,0.9111111111111112,0.1268077971076277,0.0930979133226272,1.3515624999989675,0.6960784313717054,1.7612809315861917,1.676488274202987,0.1268077971076277,0.0,0.0374531835205992,-0.409718431587224,-0.9804098428312816,-0.6950641372092528,0.0240770465491919,0.0090470446321746,0.8347385620913108,0.7442879499216213,6710.389999866486,historical7d|500ms|0|MICRO|BUY|1789660200.981000,21.0,82.0,1.2804878048780488,53.50005626678467,96.9998836517334,0.5515476333855233,0.8449999999993452,0.9049999999988358,0.8449999999993452,0.9049999999988358,0.7647058823564271,0.286846275752841,0.3,0.012345679012345678,0.3,0.012345679012345678,0.2876543209876543,0.05,0.45,0.9354838709664169,-0.0967741935474407,0.6129032258073034,1.0
historical7d,500ms,0,MICRO,SELL,-1,138539,138597,1789661438.983,1789661468.983,30.0,momentum_zero_cross,-7.687500000000682,0.2200000000002546,-2.050000000000182,False,500.0,1.5109489051100609,0.8064516129033678,1.2727272727272727,0.1382113821137784,0.0603864734299336,3.3762376237615026,3.1093333333342645,2.5628140703525277,0.3877176901924814,0.1382113821137784,-0.0,-0.0,0.8134235534089753,2.7216156431417837,1.7675195982753793,0.0048309178745001,0.0023391812866007,1.9230258792309864,1.0263929618770136,7948.391999959946,historical7d|500ms|0|MICRO|SELL|1789661438.983000,36.0,112.0,1.6071428571428572,51.000118255615234,51.999807357788086,0.980775138352063,-2.264999999999418,-1.75,2.264999999999418,1.75,0.7512437810944793,0.2643504531722461,-0.2,-0.009009009009009009,0.2,0.009009009009009009,0.190990990990991,0.17142857142857143,0.5428571428571428,0.7575757575759247,-0.09090909090833926,0.7575757575759247,0.9826464208239184
historical7d,500ms,0,MICRO,BUY,1,139198,139579,1789661776.924,1789661970.988,194.06399989128116,trail,12.112499999998365,5.239999999999782,-0.8100000000004002,False,500.0,1.7784371908995935,0.8709677419357678,1.1304347826086956,0.0933777379273325,0.0600667408232475,0.6903553299497636,-0.1492537313429054,2.3179650238467544,1.028108108107935,0.0933777379273325,0.0485436893203883,0.037037037037037,-1.6276096938969908,-1.1773618394508405,-1.4024857666739157,0.1924360400444889,0.0853478046373718,2.0104072592778013,0.984572230014346,8286.332999944687,historical7d|500ms|0|MICRO|BUY|1789661776.924000,19.0,104.0,0.9134615384615384,100.00002384185791,52.00004577636719,1.9230756886622895,-0.08500000000003638,0.3249999999998181,-0.08500000000003638,0.3249999999998181,0.08133971291861865,0.060577819198446604,-0.2222222222222222,0.0392156862745098,-0.2222222222222222,0.0392156862745098,-0.261437908496732,-0.3888888888888889,0.5,0.7297297297311248,-0.1891891891884584,0.6216216216206251,0.519650655022271
historical7d,500ms,0,MICRO,BUY,1,145213,145544,1789664822.995,1789664988.484,165.4889998435974,trail,6.262500000000272,4.079999999999927,-2.0799999999999272,False,500.0,1.3317498020584602,0.9090909090889048,1.0310077519379846,0.1112696148361166,0.071343638525393,2.804687499998679,1.7236842105273786,2.9545454545465195,1.477799227799355,0.1112696148361166,0.0,0.0367553865652724,-0.1498579545478406,0.2458849827280236,0.0480135140900914,0.060642092746757,0.026397515527962,1.373044369564149,0.9372797744870104,11332.404000043867,historical7d|500ms|0|MICRO|BUY|1789664822.995000,30.0,133.0,1.1278195488721805,50.99964141845703,51.99992656707764,0.9807637199769834,0.19499999999970896,1.8149999999995998,0.19499999999970896,1.8149999999995998,0.17972350230342124,0.282930631332432,-0.034482758620689655,0.007633587786259542,-0.034482758620689655,0.007633587786259542,-0.042116346406949196,-0.034482758620689655,0.5517241379310345,1.0,-0.20588235294345808,0.47058823529742205,0.7938596491222734
historical7d,500ms,0,MICRO,SELL,-1,145755,145767,1789665094.939,1789665100.952,6.012999773025513,momentum_zero_cross,-0.2624999999989086,0.5900000000001455,-0.2100000000000363,False,500.0,1.5773524720893404,0.8124999999991118,0.875,0.1408058608064131,0.052578361981847,3.4522821576749267,1.365439093483053,3.9547325102885633,0.1361003861003883,0.1408058608064131,0.1351351351351351,0.0588235294117647,-0.5024503526136366,1.2293387073826647,0.3634441773845139,0.0060667340747719,0.1839443742098551,1.3801834130781727,0.7109374999992228,11604.348000049593,historical7d|500ms|0|MICRO|SELL|1789665094.939000,28.0,113.0,1.238938053097345,51.999568939208984,52.99997329711914,0.9811244365671306,-0.3599999999987631,-2.1049999999995634,0.3599999999987631,2.1049999999995634,0.33962264150901306,0.361373390557707,-0.1111111111111111,-0.13513513513513514,0.1111111111111111,0.13513513513513514,-0.024024024024024038,0.037037037037037035,0.7407407407407407,1.0000000000028422,0.06250000000142109,0.37499999999715783,1.0
historical7d,500ms,0,MICRO,BUY,1,220670,220833,1789722022.171,1789722105.146,82.97499990463257,trail,18.899999999999864,5.670000000000073,-0.3699999999998908,False,500.0,1.7222797927460731,0.5591397849470778,1.507936507936508,0.1985038738973702,0.0625752105897073,4.908163265309645,5.128919860629404,3.6782178217831833,3.319742489271388,0.1985038738973702,0.2,0.0634441087613293,1.229945443526462,1.8091773713580164,1.5195614074422386,0.0649819494583739,0.0260492040520533,2.5970885763631264,0.8431472947614665,1998.202000141144,historical7d|500ms|0|MICRO|BUY|1789722022.171000,16.0,95.0,0.8421052631578947,94.00010108947754,51.99992656707764,1.8076968044987816,-0.04500000000007276,2.4400000000005093,-0.04500000000007276,2.4400000000005093,0.13043478260846642,0.4412296564191343,-0.3333333333333333,0.2127659574468085,-0.3333333333333333,0.2127659574468085,-0.5460992907801419,-0.3333333333333333,0.13333333333333333,0.5531914893618668,-0.3191489361692658,0.5744680851070005,0.8095238095241457
historical7d,500ms,0,MICRO,SELL,-1,250891,250982,1789740383.483,1789740428.924,45.44099998474121,stagnation,-13.31250000000068,0.0,-3.610000000000582,False,500.0,4.994633273704875,0.6440677966117372,3.117647058823529,0.0663369919188814,0.0272206303725639,5.846153846166147,0.1624365482234065,7.119741100319098,3.1538461538477063,0.0663369919188814,0.0897435897435897,-0.0345489443378119,-1.2735872541529512,-2.9914096056243,-2.132498429888625,0.1002865329512565,0.0765864332603712,15.57150373566814,2.0079760717895336,1068.4410002231598,historical7d|500ms|0|MICRO|SELL|1789740383.483000,35.0,159.0,1.10062893081761,51.000118255615234,51.000118255615234,1.0,-1.069999999999709,-1.3350000000000364,1.069999999999709,1.3350000000000364,0.42125984251942566,0.14409066378856314,-0.11764705882352941,-0.0967741935483871,0.11764705882352941,0.0967741935483871,0.020872865275142316,-0.08823529411764706,0.7352941176470589,0.4871794871803841,-0.6666666666643346,1.1538461538447187,0.7900874635565297
historical7d,500ms,1,MICRO,SELL,-1,258852,259301,1789744843.99,1789745073.965,229.97499990463257,take_profit,25.49999999999983,10.100000000000364,-0.4099999999998545,False,500.0,2.412470023980125,0.786885245901346,1.238709677419355,0.1529248394370851,0.0477137176937959,1.999999999998044,0.5645645645648828,4.438287153652868,2.602649006620947,0.1529248394370851,0.2916666666666667,0.2029520295202952,-2.438287153654824,-2.038084442056064,-2.238185797855444,0.1182902584493608,0.0676136363636639,2.988349965188284,0.974722369116506,5528.948000192642,historical7d|500ms|1|MICRO|SELL|1789744843.990000,15.0,96.0,0.78125,75.00004768371582,52.99997329711914,1.4150959522802724,0.125,-0.9099999999998545,-0.125,0.9099999999998545,0.14619883040943138,0.21615201900247896,0.14285714285714285,-0.28421052631578947,-0.14285714285714285,0.28421052631578947,-0.4270676691729323,0.14285714285714285,0.8571428571428571,0.9599999999991269,0.040000000000873115,0.9200000000018917,0.6706827309237828
historical7d,500ms,1,MICRO,BUY,1,260090,260726,1789745476.022,1789745809.4329998,333.41099977493286,trail,22.59374999999949,9.25,-1.4099999999998545,False,500.0,1.2631578947367226,0.8771929824551886,1.5483870967741935,0.0812589413449492,0.0706214689265544,4.414096916298903,2.4552058111361865,2.593607305934772,2.45708154506422,0.0812589413449492,0.1690140845070422,0.0562130177514792,1.820489610364131,-0.0018757339280335,0.9093069382180484,0.0,0.0,1.955857385398796,1.3582342954144857,6160.980000257492,historical7d|500ms|1|MICRO|BUY|1789745476.022000,25.0,144.0,0.8680555555555556,50.99964141845703,50.99987983703613,0.9999953251148853,0.30499999999938154,2.4549999999999272,0.30499999999938154,2.4549999999999272,0.26180257510677346,0.31616226658119595,0.08333333333333333,0.16312056737588654,0.08333333333333333,0.16312056737588654,-0.07978723404255321,0.125,0.625,0.7352941176467441,-0.1470588235298838,0.9117647058831397,1.0
historical7d,500ms,1,MICRO,SELL,-1,263624,263715,1789747384.487,1789747429.951,45.46399998664856,stagnation,-4.6499999999991815,0.0,-2.149999999999636,False,500.0,2.808314087759829,0.8787878787867514,1.6075949367088609,0.1244204986842919,0.0476973684210472,1.4319526627210402,5.498127340823929,4.651053864168279,1.414163090128831,0.1244204986842919,0.0793650793650793,0.1015228426395939,-3.219101201447239,4.083964250695098,0.4324315246239295,0.0600328947368069,0.0375321336760686,4.514631508170864,1.4127349443787014,8069.445000171661,historical7d|500ms|1|MICRO|SELL|1789747384.487000,31.0,127.0,1.220472440944882,50.00019073486328,50.999999046325684,0.980395915094935,-1.5499999999992724,-0.5950000000002547,1.5499999999992724,0.5950000000002547,0.48895899053659797,0.07803278688530722,-0.4,-0.072,0.4,0.072,0.328,0.3,0.7,0.9062500000007105,0.0,0.875,0.6498800959233242
historical7d,500ms,1,MICRO,BUY,1,263842,263889,1789747494.997,1789747518.932,23.93499994277954,momentum_zero_cross,-1.7250000000001364,0.569999999999709,-0.6400000000003274,False,500.0,2.214780600461965,0.7936507936495104,1.469135802469136,0.1345671267250737,0.0521376433785185,5.443786982241451,3.8749999999986624,4.018735362998065,0.9656652360515324,0.1345671267250737,0.3333333333333333,0.1286549707602339,1.4250516192433862,2.90933476394713,2.1671931915952576,0.0093847758081485,0.2570694087403503,3.2538134747527634,1.16598079560854,8179.955000162125,historical7d|500ms|1|MICRO|BUY|1789747494.997000,11.0,119.0,0.4621848739495798,53.00009250640869,50.999999046325684,1.039217519558505,0.2600000000002183,2.235000000000582,0.2600000000002183,2.235000000000582,0.6500000000011369,0.4641744548282062,0.6,0.3275862068965517,0.6,0.3275862068965517,0.27241379310344827,0.0,0.6,0.735294117648711,-0.11764705882368677,0.5000000000013375,0.9667896678966368
historical7d,500ms,1,MICRO,BUY,1,272902,272903,1789752173.904,1789752174.202,0.2979998588562011,momentum_zero_cross,-1.2374999999997272,0.0,-0.3299999999999272,False,500.0,1.808743169398401,0.9206349206346456,1.0788381742738589,0.1459721380977738,0.0584088620342413,0.91346153846227,1.0564334085783085,4.536470588238903,-1.4900763358779254,0.1459721380977738,0.09375,0.1084010840108401,-3.623009049776633,2.546509744456234,-0.5382496526601998,0.0332326283986061,0.2536157024793237,1.951341178604084,0.9932160969502402,12858.862000226974,historical7d|500ms|1|MICRO|BUY|1789752173.904000,27.0,130.0,1.0384615384615385,50.999999046325684,51.000118255615234,0.9999976625683699,0.3250000000007276,0.2600000000002183,0.3250000000007276,0.2600000000002183,0.3367875647681774,0.05520169851375041,0.23076923076923078,0.08661417322834646,0.23076923076923078,0.08661417322834646,0.1441550575408843,-0.15384615384615385,0.6153846153846154,0.8055555555551696,-0.19444444444356723,0.5833333333332281,1.0
historical7d,500ms,1,MICRO,BUY,1,276264,276353,1789753891.457,1789753936.999,45.54200005531311,stagnation,-4.162499999998772,0.0200000000004365,-1.5099999999993088,False,500.0,1.7718491260343463,0.8437499999968914,1.2972972972972974,0.1575637206228156,0.0560747663550572,2.3243243243169367,3.6487804878027226,2.662937062936643,2.959036144578292,0.1575637206228156,0.1857142857142857,0.1273644388398487,-0.3386127386197062,0.6897443432244303,0.1755658023023623,0.0,0.0,2.298615082422936,1.0945945945905615,14576.415000200272,historical7d|500ms|1|MICRO|BUY|1789753891.457000,31.0,144.0,1.0763888888888888,50.99987983703613,52.00004577636719,0.9807660565601731,0.13999999999941792,1.069999999999709,0.13999999999941792,1.069999999999709,0.1217391304341224,0.22526315789493437,0.1724137931034483,0.17985611510791366,0.1724137931034483,0.17985611510791366,-0.007442322004465374,-0.26666666666666666,0.6,0.9473684210499442,-3.191209479901549e-12,0.8421052631594064,1.0
historical7d,500ms,1,MICRO,BUY,1,287134,287739,1789759757.975,1789760065.464,307.4889998435974,trail,24.43124999999867,9.179999999999382,-0.180000000000291,False,500.0,2.1424581005586867,0.7419354838720797,1.2582781456953642,0.0843129819239577,0.0599739243808125,4.05714285714939,3.1747211895908016,3.923529411766239,1.113480578827381,0.0843129819239577,0.0947368421052631,-0.0147058823529411,0.1336134453831516,2.061240610763421,1.097427028073286,0.0,0.0,2.695808206000996,0.9335612048721532,20442.93300032616,historical7d|500ms|1|MICRO|BUY|1789759757.975000,20.0,95.0,1.0526315789473684,51.999807357788086,52.00004577636719,0.9999954150313611,0.07999999999992724,0.9349999999994907,0.07999999999992724,0.9349999999994907,0.10526315789410699,0.17591721542786098,0.15789473684210525,0.0851063829787234,0.15789473684210525,0.0851063829787234,0.07278835386338185,-0.631578947368421,0.3684210526315789,0.6666666666686878,-0.3333333333313122,0.7666666666647466,0.8055555555563509
historical7d,500ms,2,MICRO,BUY,1,321686,322239,1789963644.3939998,1789963940.188,295.7940001487732,momentum_zero_cross,-3.8249999999982265,2.740000000000691,-1.1699999999991633,False,500.0,1.8886138613868328,0.5999999999979789,1.6296296296296295,0.110236220472347,0.0707732634336804,3.647058823527209,4.0294117647047285,3.796610169490836,1.9496402877700052,0.110236220472347,0.1034482758620689,0.0096153846153846,-0.1495513459636268,2.079771476934723,0.9651100654855485,0.0,0.0,3.077741107445209,0.9777777777744842,1835.1039998531344,historical7d|500ms|2|MICRO|BUY|1789963644.394000,21.0,88.0,1.1931818181818181,50.00007152557373,51.999807357788086,0.9615433992196347,0.680000000000291,1.3299999999999272,0.680000000000291,1.3299999999999272,0.6666666666666666,0.22166666666678894,0.6,0.11627906976744186,0.6,0.11627906976744186,0.48372093023255813,0.25,0.45,0.568421052630148,0.04210526315686683,0.7157894736839686,1.0
historical7d,500ms,2,MICRO,BUY,1,353430,353432,1789984993.492,1789984994.3939998,0.9019997119903564,momentum_zero_cross,-1.0500000000024556,0.0,-0.2800000000006548,False,500.0,3.319371727750709,0.8115942028998497,1.5416666666666667,0.1967993079588572,0.0588853838066445,5.531914893617076,6.209999999993479,7.878787878782152,-0.0209973753280727,0.1967993079588572,0.2054794520547945,0.1232227488151658,-2.346872985165076,6.230997375321552,1.9420621950782384,0.0136698212409033,0.1190623072177911,5.11736474694901,1.2512077294706017,2623.8519999980927,historical7d|500ms|2|MICRO|BUY|1789984993.492000,18.0,74.0,1.2162162162162162,50.99987983703613,55.9999942779541,0.9107122330030952,0.5850000000000364,1.8549999999995634,0.5850000000000364,1.8549999999995634,0.6464088397766291,0.4541003671966482,0.625,0.19444444444444445,0.625,0.19444444444444445,0.4305555555555556,-0.17647058823529413,0.5882352941176471,0.8484848484870199,0.09090909091109531,0.6363636363611309,0.936117936117431
historical7d,500ms,2,MICRO,BUY,1,354722,354805,1789985709.5100002,1789985754.127,44.61699986457825,momentum_zero_cross,-11.362499999999043,0.4099999999998545,-3.590000000000145,False,500.0,2.2478941034890143,0.8484848484842639,1.5178571428571428,0.1841041760215363,0.0599571734474936,2.6666666666659573,1.312138728323593,5.412541254127972,1.227053140097213,0.1841041760215363,0.0602409638554216,0.0362694300518134,-2.7458745874620147,0.0850855882263803,-1.3303944996178172,0.0578158458243202,0.032510535821736,3.4119821213672537,1.2878787878779006,3339.8700001239777,historical7d|500ms|2|MICRO|BUY|1789985709.510000,10.0,85.0,0.5882352941176471,106.99987411499023,53.00009250640869,2.0188620256097094,0.005000000000109139,1.105000000000473,0.005000000000109139,1.105000000000473,0.008547008547194578,0.18649789029549,-0.3333333333333333,0.04878048780487805,-0.3333333333333333,0.04878048780487805,-0.38211382113821135,-0.5555555555555556,0.2222222222222222,0.7,-0.5750000000017053,0.6250000000005684,0.7209302325586862
historical7d,500ms,3,MICRO,SELL,-1,383963,384430,1790004086.345,1790004330.451,244.10599994659424,trail,18.956249999999383,5.569999999999709,-0.7899999999999636,False,500.0,1.621562156215047,0.9666666666681571,1.3076923076923077,0.1239461883426163,0.078697421981005,1.0263157894791008,1.116438356165749,2.991341991343765,5.001364256478262,0.1239461883426163,0.0120481927710843,0.0290964777947932,-1.9650262018646647,-3.8849259003125134,-2.924976051088589,0.0352781546809274,0.0119815668202023,2.120504358127369,1.2641025641045134,2609.4649999141693,historical7d|500ms|3|MICRO|SELL|1790004086.345000,21.0,85.0,1.2352941176470589,51.49984359741211,71.49994373321533,0.7202780996523754,-0.3250000000007276,-0.42000000000007276,0.3250000000007276,0.42000000000007276,0.565217391304898,0.14788732394339585,-0.47368421052631576,-0.024390243902439025,0.47368421052631576,0.024390243902439025,0.4492939666238767,0.25,0.55,1.3809523809519684,0.42857142856771635,0.6190476190480315,1.0
historical7d,500ms,3,MICRO,BUY,1,388086,388168,1790006332.463,1790006377.901,45.437999963760376,stagnation,-8.737500000003138,0.0,-2.4400000000005093,False,500.0,1.4699507389167588,0.9354838709691616,0.704225352112676,0.2073033707887147,0.0777479892761198,1.7076023391835755,0.5523809523823603,3.644444444445602,2.0834248079036213,0.2073033707887147,0.1020408163265306,0.0549450549450549,-1.9368421052620264,-1.5310438555212609,-1.7339429803916435,0.0147453083108242,0.0072368421051814,1.0351765767019427,0.6587914584289869,4855.582999944687,historical7d|500ms|3|MICRO|BUY|1790006332.463000,8.0,50.0,0.8,146.00014686584473,55.9999942779541,2.607145746143792,0.4900000000006912,0.6550000000006548,0.4900000000006912,0.6550000000006548,0.7101449275376455,0.2614770459085286,0.7142857142857143,0.08333333333333333,0.7142857142857143,0.08333333333333333,0.6309523809523809,0.0,0.7142857142857143,0.9666666666659592,0.13333333333313122,0.5000000000015158,1.0
historical7d,500ms,3,MICRO,SELL,-1,392012,392102,1790008432.2870002,1790008477.479,45.19199991226196,stagnation,1.3874999999995907,0.3699999999998908,-1.1400000000003274,False,500.0,1.6229885057479705,0.9508196721315386,1.9324324324324325,0.0671180109728501,0.0821529745042237,3.729032258065516,1.1861198738183307,2.918781725889295,5.31098265895961,0.0671180109728501,-0.0,-0.0542822677925211,0.8102505321762208,-4.124862785141279,-1.6573061264825288,0.0665722379604924,0.0201026518392277,3.1363156259724296,1.8373947718217567,6955.40700006485,historical7d|500ms|3|MICRO|SELL|1790008432.287000,27.0,143.0,0.9440559440559441,51.50008201599121,51.50008201599121,1.0,-0.19499999999970896,-1.3800000000001091,0.19499999999970896,1.3800000000001091,0.1718061674005916,0.15699658703037242,-0.2,0.0070921985815602835,0.2,-0.0070921985815602835,0.2070921985815603,0.15384615384615385,0.6923076923076923,0.8055555555561872,-0.02777777777840937,0.722222222220959,0.7089783281727784
historical7d,500ms,3,MICRO,SELL,-1,395495,395596,1790010203.423,1790010253.978,50.55499982833862,trail,22.60312499999884,9.069999999999707,-0.6400000000003274,False,500.0,2.6678798908095227,0.8888888888908137,1.028301886792453,0.1325651205586015,0.0381991814462063,2.89380530973534,7.455197132613893,4.13595166163221,6.250303766707341,0.1325651205586015,0.02803738317757,-0.0825688073394495,-1.2421463518968705,1.2048933659065524,-0.0186264929951587,0.0716234652114197,0.0377019748653234,2.743385925455076,0.9140461215952708,8726.542999982834,historical7d|500ms|3|MICRO|SELL|1790010203.423000,22.0,109.0,1.0091743119266054,52.00028419494629,55.00006675720215,0.9454585650686862,-0.5500000000001819,-1.5799999999999272,0.5500000000001819,1.5799999999999272,0.41666666666546087,0.24921135646664527,-0.14285714285714285,-0.018867924528301886,0.14285714285714285,0.018867924528301886,0.12398921832884097,-0.09523809523809523,0.6190476190476191,0.7179487179514685,0.0,0.7692307692300516,1.0
historical7d,500ms,3,MICRO,SELL,-1,395782,395872,1790010346.969,1790010391.982,45.01300024986267,stagnation,-6.900000000000546,0.0,-2.199999999999818,False,500.0,2.0309372156509364,0.8888888888879265,1.2264150943396226,0.0790449919149124,0.0501792114694808,2.442553191491213,4.721518987342588,2.51057401812767,9.91676300578105,0.0790449919149124,0.140625,0.0157068062827225,-0.0680208266364572,-5.195244018438462,-2.63163242253746,0.0,0.0,2.490772056930393,1.0901467505229288,8870.08899974823,historical7d|500ms|3|MICRO|SELL|1790010346.969000,29.0,130.0,1.1153846153846154,52.00004577636719,52.00004577636719,1.0,-0.48000000000138243,-1.4400000000005093,0.48000000000138243,1.4400000000005093,0.24000000000069122,0.1897233201582117,-0.25925925925925924,-0.14960629921259844,0.25925925925925924,0.14960629921259844,0.10965296004666081,0.21428571428571427,0.7857142857142857,0.7368421052631579,-0.05263157894856513,0.8421052631602881,1.0
historical7d,500ms,3,MICRO,BUY,1,396009,396010,1790010460.962,1790010461.461,0.499000072479248,momentum_zero_cross,0.2250000000015006,0.0600000000004001,0.0,False,500.0,2.1469534050182206,0.8571428571412073,1.0943396226415094,0.0915400487714105,0.0450751252086038,2.9377593361004872,2.632390745503026,2.913432835821978,-3.327167630057809,0.0915400487714105,0.0265486725663716,0.0013003901170351,0.0243265002785091,5.959558375560835,2.991942437919672,0.1202003338897114,0.5694035838458831,2.349496179076543,0.938005390833774,8984.081999778748,historical7d|500ms|3|MICRO|BUY|1790010460.962000,24.0,116.0,1.0344827586206897,51.999807357788086,52.99997329711914,0.9811289350331537,-0.2999999999992724,1.7000000000007276,-0.2999999999992724,1.7000000000007276,0.35294117647033646,0.2297297297301217,-0.21739130434782608,0.017857142857142856,-0.21739130434782608,0.017857142857142856,-0.23524844720496893,0.21739130434782608,0.6956521739130435,0.7397260273954853,0.16438356164233373,0.794520547944591,0.41463414634178797
historical7d,500ms,4,MICRO,SELL,-1,446345,447160,1790050280.482,1790050703.485,423.0030000209808,trail,19.921874999999147,6.159999999999855,-1.7399999999997815,False,500.0,1.7992495309569,0.7435897435890261,1.7685950413223142,0.1395424836608186,0.0604796663190738,6.244186046506218,3.9254658385099344,4.718232044197329,1.9440203562338043,0.1395424836608186,0.1153846153846153,0.087378640776699,1.525954002308889,1.9814454822761296,1.753699742292509,0.0364963503651905,0.0203725261933746,3.182143798551873,1.3151091332896825,425.71599984169006,historical7d|500ms|4|MICRO|SELL|1790050280.482000,28.0,107.0,1.3084112149532712,55.00006675720215,53.00021171569824,1.0377329632611934,-0.06499999999959982,-2.709999999999127,0.06499999999959982,2.709999999999127,0.05220883534104861,0.3921852387844589,0.07692307692307693,-0.1262135922330097,-0.07692307692307693,0.1262135922330097,-0.20313666915608664,-0.037037037037037035,0.7407407407407407,0.7631578947365272,-0.1842105263173641,0.7105263157904185,0.8914728682163897
historical7d,500ms,4,MICRO,BUY,1,470597,471207,1790066882.3779998,1790067216.333,333.95500016212463,trail,11.175000000001774,5.020000000000437,-0.930000000000291,False,500.0,0.7222605099929976,0.5517241379306019,0.5714285714285714,0.1099126861848686,0.0916030534350668,0.7391304347837434,-0.0490367775829753,1.0904458598727278,nan,0.1099126861848686,0.0454545454545454,0.0169491525423728,-0.3513154250889844,nan,nan,0.179389312976919,0.0555227406969092,0.41272029142457,0.3152709359603439,276.34899973869324,historical7d|500ms|4|MICRO|BUY|1790066882.378000,12.0,44.0,1.3636363636363635,99.00021553039551,98.9999771118164,1.0000024082690326,0.030000000000654836,0.3900000000003274,0.030000000000654836,0.3900000000003274,0.05263157894854413,0.14391143911460663,-0.2727272727272727,0.023255813953488372,-0.2727272727272727,0.023255813953488372,-0.29598308668076106,-0.6363636363636364,0.36363636363636365,0.6666666666666666,-0.3333333333333333,0.666666666669193,0.5700934579446244
historical7d,500ms,4,MICRO,SELL,-1,483388,484119,1790074283.993,1790074700.872,416.8789999485016,trail,19.190624999998533,5.960000000000036,-0.6300000000001091,False,500.0,1.350993377484152,1.137254901962183,1.1607142857142858,0.1330105383093318,0.1137254901960155,3.102362204722312,2.732824427482432,2.329177057356518,4.7159090909080925,0.1330105383093318,0.2307692307692307,0.0478589420654911,0.773185147365794,-1.983084663425661,-0.6049497580299332,0.0019607843141241,0.0005022601708707,1.568117313151248,1.3200280112061054,884.9389998912811,historical7d|500ms|4|MICRO|SELL|1790074283.993000,19.0,65.0,1.4615384615384615,51.999807357788086,55.00006675720215,0.9454498953126964,-0.35499999999956344,-0.9549999999999272,0.35499999999956344,0.9549999999999272,0.496503496504048,0.36242884250593715,-0.3333333333333333,-0.21875,0.3333333333333333,0.21875,0.11458333333333331,-0.1111111111111111,0.5555555555555556,0.9062500000007105,-0.21875000000213163,0.7812500000007105,0.9895833333312214
historical7d,500ms,4,MICRO,SELL,-1,487797,487890,1790076713.9889998,1790076761.968,47.979000091552734,emergency_stop,-15.03750000000082,1.2399999999997815,-4.010000000000218,False,500.0,2.7330210772836923,0.8437499999992895,0.9726027397260274,0.103326166688064,0.0462724935731834,2.3870967742002867,-0.3745019920310468,3.404166666667971,nan,0.103326166688064,0.1343283582089552,0.0033557046979865,-1.0170698924676844,nan,nan,0.2819194515851785,0.1692386831275189,2.658143787495098,0.8206335616431445,209.2179996967316,historical7d|500ms|4|MICRO|SELL|1790076713.989000,22.0,71.0,1.5492957746478875,50.99964141845703,55.500030517578125,0.9189119527115266,-0.30500000000029104,-0.8600000000005821,0.30500000000029104,0.8600000000005821,0.2531120331956596,0.24022346368719624,-0.14285714285714285,-0.12121212121212122,0.14285714285714285,0.12121212121212122,0.021645021645021634,0.2857142857142857,0.5238095238095238,0.8181818181805655,0.09090909090833926,0.8484848484870199,0.8448979591847887
historical7d,500ms,4,MICRO,BUY,1,488459,488729,1790077062.904,1790077202.9859998,140.08199977874756,trail,8.062499999998636,4.349999999999454,-2.1900000000005093,False,500.0,1.6311399443924146,0.9062500000007104,1.1156462585034013,0.1668634395915408,0.065909090909088,2.514285714289159,2.327272727272046,3.3125000000004885,nan,0.1668634395915408,0.037037037037037,-0.0446601941747572,-0.7982142857113295,nan,nan,0.0,0.0,1.8197751760568432,1.0110544217695,121.67900013923644,historical7d|500ms|4|MICRO|BUY|1790077062.904000,15.0,82.0,0.9146341463414634,98.99985790252686,57.99984931945801,1.7068985361883346,0.46999999999934516,1.1450000000004366,0.46999999999934516,1.1450000000004366,0.5662650602402245,0.2954838709678546,0.14285714285714285,0.05,0.14285714285714285,0.05,0.09285714285714285,0.14285714285714285,0.2857142857142857,0.8923076923068313,-0.30769230769316874,0.46153846153975314,1.0
historical7d,500ms,4,MICRO,BUY,1,488955,489781,1790077316.497,1790077739.476,422.97900009155273,trail,9.787500000002185,4.640000000000327,-1.9200000000000728,False,500.0,2.7596638655458934,0.6874999999985789,1.9215686274509804,0.1447687161159977,0.0267965895248896,0.5051546391744265,4.587412587411298,4.902343750000691,6.371392722709543,0.1447687161159977,0.0684931506849315,0.0367734282325029,-4.397189110826265,-1.7839801352982452,-3.090584623062255,0.1358099878197048,0.0796144234201908,5.30288350634309,1.3210784313698185,375.2720000743866,historical7d|500ms|4|MICRO|BUY|1790077316.497000,29.0,147.0,0.9863945578231293,53.50005626678467,52.99997329711914,1.0094355324834232,0.1999999999998181,0.4399999999995998,0.1999999999998181,0.4399999999995998,0.1818181818184073,0.0628571428572082,0.07142857142857142,0.07586206896551724,0.07142857142857142,0.07586206896551724,-0.004433497536945816,-0.25,0.5357142857142857,0.611111111109848,-0.2222222222247486,0.8888888888914153,-0.3262411347524775
historical7d,500ms,4,MICRO,BUY,1,490022,490329,1790077860.457,1790078021.9529998,161.49599981307983,trail,21.11249999999956,6.510000000000218,-0.4800000000004729,False,500.0,0.944134078212206,0.388059701492821,1.10752688172043,0.0652273072838453,0.0384615384615798,0.3906976744180773,2.5415676959607327,1.0566502463055296,4.770128354723619,0.0652273072838453,0.0196078431372549,0.0167597765363128,-0.6659525718874523,-2.2285606587628863,-1.4472566153251694,0.0,0.0,1.0456538715683572,0.4297865511157049,323.66799998283386,historical7d|500ms|4|MICRO|BUY|1790077860.457000,25.0,103.0,1.2135922330097086,55.9999942779541,55.500030517578125,1.0090083510894219,0.3400000000001455,0.18499999999949068,0.3400000000001455,0.18499999999949068,0.4473684210526946,0.053857350800270834,0.30434782608695654,0.009900990099009901,0.30434782608695654,0.009900990099009901,0.29444683598794663,0.08333333333333333,0.6666666666666666,0.4193548387107185,-0.838709677421437,1.0,1.0
historical7d,500ms,4,MICRO,BUY,1,496822,496986,1790081566.449,1790081648.442,81.99300003051758,trail,10.80000000000041,4.920000000000073,-2.0799999999999272,False,500.0,3.003476245654136,1.1020408163288034,2.672131147540984,0.0910171506201548,0.0416666666667368,2.091503267973545,10.831168831161303,7.075907590757114,2.041935483871004,0.0910171506201548,0.0769230769230769,-0.0898483080513418,-4.984404322783568,8.7892333472903,1.9024145122533656,0.0347222222222807,0.0263929618768766,8.025682426911873,2.944797591173688,361.7469997406006,historical7d|500ms|4|MICRO|BUY|1790081566.449000,32.0,163.0,0.9815950920245399,54.000139236450195,52.00004577636719,1.038463301911015,0.8649999999997817,0.8699999999989814,0.8649999999997817,0.8699999999989814,0.6679536679553383,0.11153846153841938,0.4666666666666667,0.08387096774193549,0.4666666666666667,0.08387096774193549,0.3827956989247312,0.0967741935483871,0.8387096774193549,0.7941176470597676,-0.3235294117609294,1.3529411764674413,0.9883945841397115
historical7d,500ms,4,MICRO,SELL,-1,497207,497208,1790081758.967,1790081759.4099998,0.4429998397827148,momentum_zero_cross,-1.0874999999998636,0.0,-0.2899999999999636,False,500.0,2.853603603602883,1.1666666666666667,1.676923076923077,0.2595258255731657,0.0441988950275902,1.6949152542348147,4.14696485622738,6.98575498575726,-0.9096774193550649,0.2595258255731657,0.0093457943925233,0.1331058020477815,-5.290839731522445,5.056642275582445,-0.1170987279700001,0.0086819258090447,0.3339130434782735,4.785273735272527,1.9564102564102568,554.2649998664856,historical7d|500ms|4|MICRO|SELL|1790081758.967000,26.0,109.0,1.1926605504587156,55.00006675720215,55.00006675720215,1.0,-0.08999999999923602,-0.5799999999999272,0.08999999999923602,0.5799999999999272,0.14999999999886313,0.17008797653957536,0.04,0.0,-0.04,-0.0,-0.04,-0.16,0.6,1.1666666666666667,0.08333333333143855,0.6250000000028422,0.8894472361803074
historical7d,500ms,4,MICRO,BUY,1,497468,497657,1790081889.859,1790081984.973,95.114000082016,trail,19.57500000000266,6.140000000000327,-0.1899999999995998,False,500.0,1.782741116751296,1.0833333333314386,1.835820895522388,0.1144578313254637,0.0592255125283242,3.5135135135128226,4.861189801700248,3.260053619302316,1.4016129032256364,0.1144578313254637,0.2372881355932203,0.1802120141342756,0.2534598942105064,3.459576898474612,1.8565183963425589,0.0,0.3868480725623688,3.2727933934389464,1.9888059701457752,685.1569998264313,historical7d|500ms|4|MICRO|BUY|1790081889.859000,26.0,123.0,1.056910569105691,50.99987983703613,53.50017547607422,0.9532656553592755,0.49499999999898137,1.694999999999709,0.49499999999898137,1.694999999999709,0.39442231075584033,0.3067873303164066,0.44,0.24786324786324787,0.44,0.24786324786324787,0.19213675213675213,0.04,0.88,0.9285714285698045,0.1785714285689924,1.4285714285746767,1.0
historical7d,500ms,0,BURST,BUY,1,4530,4610,1789573152.468,1789573195.315,42.84700012207031,momentum_zero_cross,3.000000000000682,1.440000000000509,-0.3000000000001819,False,500.0,2.3526011560685527,0.875,1.4634146341463414,0.1192607565695495,0.0687960687960111,3.100775193800723,5.287553648072838,2.5415384615405108,nan,0.1192607565695495,0.2888888888888888,0.0566893424036281,0.5592367322602123,nan,nan,0.0343980343978938,0.1372118551042722,3.442830960100321,1.2804878048780488,2573.3639998435974,historical7d|500ms|0|BURST|BUY|1789573152.468000,15.0,90.0,0.8333333333333334,50.50003528594971,52.00004577636719,0.9711536698088985,-0.11499999999978172,0.9500000000007276,-0.11499999999978172,0.9500000000007276,0.2839506172855032,0.2802359882014542,0.14285714285714285,0.2808988764044944,0.14285714285714285,0.2808988764044944,-0.13804173354735155,-0.42857142857142855,0.42857142857142855,0.9999999999967518,0.17857142857166058,0.3214285714315876,0.7488789237678111
historical7d,500ms,0,BURST,BUY,1,13460,13508,1789577836.469,1789577860.9550002,24.486000299453732,momentum_zero_cross,-7.5,0.0,-2.480000000000473,False,500.0,1.5914811229431214,0.9230769230769232,0.9823008849557522,0.1685180808319879,0.0583941605838802,4.662921348307718,3.413533834587309,3.961111111111277,-0.1105990783404904,0.1685180808319879,0.3818181818181818,0.0763500931098696,0.7018102371964408,3.5241329129277994,2.11297157506212,0.0316301703163237,0.1066217732883192,1.5633133154574024,0.9067392784206944,7257.364999771118,historical7d|500ms|0|BURST|BUY|1789577836.469000,30.0,111.0,1.3513513513513513,51.000118255615234,51.49996280670166,0.9902942735519533,0.4849999999996726,2.035000000000764,0.4849999999996726,2.035000000000764,0.4199134199112451,0.3994111874386527,0.3103448275862069,0.3761467889908257,0.3103448275862069,0.3761467889908257,-0.0658019614046188,0.41379310344827586,0.3793103448275862,0.7999999999987873,-0.09999999999909051,0.5666666666695973,0.8799076212470607
historical7d,500ms,0,BURST,BUY,1,19697,19758,1789581028.4910002,1789581059.837,31.3459997177124,momentum_zero_cross,-1.6499999999984991,0.8500000000003638,-0.6899999999995998,False,500.0,2.077360637087211,0.5517241379306019,1.3118279569892473,0.1420911528150562,0.0350492880613074,6.108433734939944,4.108108108109271,3.254385964911378,2.968283582089706,0.1420911528150562,0.2231404958677686,-0.0136452241715399,2.8540477700285662,1.1398245260195643,1.9969361480240648,0.0361445783132482,0.0194460813199728,2.725139760479997,0.7237671486831552,10449.387000083923,historical7d|500ms|0|BURST|BUY|1789581028.491000,31.0,122.0,1.2704918032786885,50.499916076660156,51.999807357788086,0.9711558300436033,0.42999999999938154,2.449999999999818,0.42999999999938154,2.449999999999818,0.2263157894739437,0.3145057766372059,0.2,0.21666666666666667,0.2,0.21666666666666667,-0.016666666666666663,-0.13333333333333333,0.6666666666666666,0.5925925925910955,-0.5185185185188927,1.5185185185155243,0.8877551020408259
historical7d,500ms,0,BURST,SELL,-1,107829,107891,1789643569.42,1789643602.9740002,33.55400013923645,momentum_zero_cross,-1.1625000000015009,1.2799999999997451,-0.3100000000004002,False,500.0,2.76854599406535,0.7118644067785114,1.84,0.244057971014545,0.0450160771704261,5.235294117650731,3.02439024390298,3.9810874704487578,4.397163120566695,0.244057971014545,0.2391304347826087,0.0179028132992327,1.2542066472019728,-1.3727728766637153,-0.0592831147308716,0.0643086816720652,0.0338983050847684,5.094124629080245,1.309830508472461,10075.37600016594,historical7d|500ms|0|BURST|SELL|1789643569.420000,22.0,92.0,1.1956521739130437,52.00004577636719,53.999900817871094,0.9629655793582114,0.2250000000003638,-1.2549999999991996,-0.2250000000003638,1.2549999999991996,0.2795031055897814,0.3632416787264506,0.23809523809523808,-0.23076923076923078,-0.23809523809523808,0.23076923076923078,-0.46886446886446886,0.6190476190476191,0.2857142857142857,0.724137931034699,-0.3103448275836114,0.8275862068990391,0.6141479099674583
historical7d,500ms,0,BURST,BUY,1,125010,125154,1789654187.951,1789654261.9539998,74.00299978256226,momentum_zero_cross,3.187499999997953,3.889999999999418,-1.1400000000003274,False,500.0,3.2590266875989573,0.617647058823372,2.4578313253012047,0.153741496598726,0.0404624277456677,7.745098039213798,10.978494623666188,5.819742489268148,3.742160278745159,0.153741496598726,0.2929292929292929,0.1138014527845036,1.9253555499456496,7.23633434492103,4.580844947433341,0.0163776493254563,0.0123636363635093,8.010137882773341,1.5180722891562397,697.3599998950958,historical7d|500ms|0|BURST|BUY|1789654187.951000,30.0,102.0,1.4705882352941178,49.99995231628418,52.00004577636719,0.9615366980889851,1.7200000000011642,1.8800000000010186,1.7200000000011642,1.8800000000010186,0.6718749999996336,0.26780626780604927,0.3793103448275862,0.2857142857142857,0.3793103448275862,0.2857142857142857,0.09359605911330049,0.3448275862068966,0.5172413793103449,0.617647058823372,0.2941176470597676,0.9411764705869765,0.9160493827168967
historical7d,500ms,0,BURST,BUY,1,135947,136090,1789660114.463,1789660186.961,72.49799990653992,momentum_zero_cross,5.999999999997954,2.889999999999418,-0.8000000000001819,False,500.0,1.2147058823527783,0.7042253521126399,1.0710382513661203,0.1107107107104238,0.0605326876513301,3.67669172932444,3.247474747477102,1.6098981077147048,0.0490463215259638,0.1107107107104238,0.2040816326530612,0.0811965811965812,2.066793621609735,3.198428425951138,2.6326110237804365,0.0157384987892489,0.0124999999999234,1.30099646415926,0.7542522896944123,6623.871999979019,historical7d|500ms|0|BURST|BUY|1789660114.463000,23.0,98.0,1.173469387755102,51.50008201599121,52.00004577636719,0.990385320764406,0.9650000000001455,2.255000000000109,0.9650000000001455,2.255000000000109,0.6245954692549929,0.31917905166275073,0.18181818181818182,0.1958762886597938,0.18181818181818182,0.1958762886597938,-0.01405810684161199,0.5,0.4090909090909091,0.8928571428579549,-0.035714285715097764,0.9285714285730526,0.9582664526487292
historical7d,500ms,0,BURST,BUY,1,190638,190751,1789701778.447,1789701844.474,66.02699995040894,momentum_zero_cross,3.899999999999864,1.7799999999997451,-0.3699999999998908,False,500.0,3.428571428572563,0.6097560975605157,1.6571428571428573,0.2269896193771393,0.057870370370362,9.163265306109077,7.737142857143356,4.895522388060147,1.220394736842796,0.2269896193771393,0.2413793103448276,0.0950226244343891,4.2677429180489295,6.51674812030056,5.392245519174745,0.0,0.0,5.6816326530631045,1.010452961671712,1391.6319999694824,historical7d|500ms|0|BURST|BUY|1789701778.447000,11.0,58.0,0.9482758620689655,125.00011920928955,99.99966621398926,1.2500053644359355,0.18999999999959982,2.2650000000003274,0.18999999999959982,2.2650000000003274,0.37254901960623465,0.5984147952437763,-0.2,0.2631578947368421,-0.2,0.2631578947368421,-0.4631578947368421,0.1,0.5,0.5813953488368158,-0.46511627906902964,0.7674418604644276,1.0
historical7d,500ms,0,BURST,BUY,1,208815,208927,1789713296.6780002,1789713363.177,66.49899983406067,momentum_zero_cross,4.237500000000409,1.949999999999818,-0.25,False,500.0,2.410596026489913,0.5647058823521859,1.2127659574468086,0.3660104459624798,0.0527472527472132,6.777777777777296,3.8617886178818384,3.787941787940999,5.019999999998612,0.3660104459624798,0.25,0.0138888888888888,2.9898359898362976,-1.158211382116774,0.9158123038597616,0.0,0.0,2.923488798083512,0.6848560700866936,3970.31200003624,historical7d|500ms|0|BURST|BUY|1789713296.678000,14.0,57.0,1.2280701754385965,52.99997329711914,77.00002193450928,0.688311145446129,0.5249999999996362,1.9549999999999272,0.5249999999996362,1.9549999999999272,0.8015267175581211,0.720073664826428,0.23076923076923078,0.23636363636363636,0.23076923076923078,0.23636363636363636,-0.005594405594405577,0.5384615384615384,0.3076923076923077,0.64864864864825,-0.5675675675678333,0.7027027027034999,1.0
historical7d,500ms,0,BURST,SELL,-1,217379,217449,1789720203.473,1789720238.871,35.39800000190735,momentum_zero_cross,-1.012500000001637,1.0799999999999272,-2.230000000000473,False,500.0,3.5068493150697124,0.4782608695657331,3.1153846153846154,0.1064133016629034,0.0491071428571945,14.62068965518669,8.720430107541835,4.017937219724782,nan,0.1064133016629034,0.3,0.0950570342205323,10.602752435461907,nan,nan,0.023437500000103,0.023437500000103,10.92518440464026,1.4899665551855534,179.50400018692017,historical7d|500ms|0|BURST|SELL|1789720203.473000,34.0,81.0,2.0987654320987654,50.00019073486328,51.000118255615234,0.980393623486513,-2.0649999999996,-3.164999999999054,2.0649999999996,3.164999999999054,0.5301668806158886,0.26364014993738494,-0.3939393939393939,-0.2911392405063291,0.3939393939393939,0.2911392405063291,0.10280015343306481,0.15151515151515152,0.6666666666666666,0.5,-0.6136363636345785,0.818181818182194,0.9522184300339094
historical7d,500ms,0,BURST,SELL,-1,222385,222425,1789722959.244,1789722981.677,22.43300008773804,momentum_zero_cross,-5.175000000000409,0.0500000000001819,-1.3800000000001091,False,500.0,1.86143187067008,0.4705882352941176,0.8421052631578947,0.2862888482633428,0.0397022332505777,2.02424242424519,3.7202797202811255,3.4722838137484286,0.7488328664800271,0.2862888482633428,0.2916666666666667,0.120274914089347,-1.4480413895032385,2.9714468538010985,0.7617027321489303,0.0062034739455438,0.0047619047620078,1.5675215753011196,0.3962848297213622,2935.2750000953674,historical7d|500ms|0|BURST|SELL|1789722959.244000,10.0,48.0,1.0416666666666667,151.0000228881836,142.0001983642578,1.063378957407084,-0.07000000000061846,-0.8300000000008367,0.07000000000061846,0.8300000000008367,0.2258064516119568,0.41919191919108634,-0.3333333333333333,-0.2765957446808511,0.3333333333333333,0.2765957446808511,0.05673758865248224,0.5555555555555556,0.2222222222222222,0.9142857142863082,-0.11428571428318997,1.3142857142852689,0.9468085106371656
historical7d,500ms,0,BURST,SELL,-1,232605,232656,1789728974.4169998,1789729004.998,30.581000328063965,momentum_zero_cross,-2.062500000000682,0.0,-0.8800000000001091,False,500.0,2.168900804289837,0.7586206896530096,1.2291666666666667,0.3898824731718846,0.0543881334979829,4.790322580651975,3.330578512394632,4.102150537636707,1.591657519209876,0.3898824731718846,0.5862068965517241,0.3234200743494423,0.6881720430152685,1.7389209931847558,1.2135465181000122,0.0420271940667663,0.028595458368386,2.665940571939592,0.9324712643651576,333.7759997844696,historical7d|500ms|0|BURST|SELL|1789728974.417000,23.0,59.0,1.9491525423728813,76.99990272521973,97.49984741210938,0.7897438280057906,-0.5150000000003274,-1.2400000000006912,0.5150000000003274,1.2400000000006912,0.5282051282057596,0.5232067510547666,-0.6363636363636364,-0.5789473684210527,0.6363636363636364,0.5789473684210527,0.0574162679425837,-0.3181818181818182,0.5909090909090909,1.0,-0.31818181818557645,0.7727272727340375,0.7588652482269778
historical7d,500ms,1,BURST,SELL,-1,257195,257246,1789743967.948,1789743993.995,26.04700016975403,momentum_zero_cross,-2.0624999999972715,0.3400000000001455,-0.7699999999995271,False,500.0,4.152565880720494,0.6774193548379526,2.719298245614035,0.1348600508906584,0.0280561122244549,2.743902439026189,5.172661870498052,7.107871720115251,4.370860927149406,0.1348600508906584,0.2207792207792207,0.1922196796338672,-4.363969281089062,0.8018009433486464,-1.781084168870208,0.0273881095525511,0.0221382289417766,11.29206511423994,1.842105263155836,4652.906000137329,historical7d|500ms|1|BURST|SELL|1789743967.948000,31.0,155.0,1.0,51.000118255615234,50.00019073486328,1.0199984741269146,-0.08499999999912689,-1.1749999999992724,0.08499999999912689,1.1749999999992724,0.07296137338975381,0.1976450798988412,-0.13333333333333333,-0.22875816993464052,0.13333333333333333,0.22875816993464052,-0.09542483660130718,0.5333333333333333,0.4,0.8400000000001455,-0.3599999999969441,1.1200000000026193,0.7573964497030944
historical7d,500ms,1,BURST,SELL,-1,258785,258857,1789744809.4899998,1789744846.492,37.00200033187866,momentum_zero_cross,0.0,0.6399999999994179,-0.9500000000007276,False,500.0,1.949640287769133,0.6557377049207703,1.7402597402597402,0.1035647279547481,0.0492004920051038,5.568181818182781,4.138138138137879,2.780856423174482,3.052980132449356,0.1035647279547481,0.417910447761194,0.19921875,2.787325395008299,1.0851580056885228,1.9362417003484105,0.0,0.0,3.3928805007930367,1.141153928043938,5494.447999954224,historical7d|500ms|1|BURST|SELL|1789744809.490000,25.0,134.0,0.9328358208955224,51.99992656707764,51.999807357788086,1.0000022924948304,-0.7299999999995634,-2.4350000000004,0.7299999999995634,2.4350000000004,0.776595744678463,0.28496196606209934,-0.6666666666666666,-0.41353383458646614,0.6666666666666666,0.41353383458646614,0.2531328320802005,0.0,0.5833333333333334,0.7142857142878024,3.2481953634724227e-12,1.1785714285670783,1.0
historical7d,500ms,1,BURST,SELL,-1,259166,259238,1789745006.2140002,1789745042.476,36.26199984550476,momentum_zero_cross,2.962499999999864,1.5100000000002185,-0.0699999999997089,False,500.0,1.7810839532414344,0.8999999999978778,1.15,0.1197252208052191,0.0644391408113491,4.451282051278674,3.867768595043352,2.312796208531782,6.705298013242045,0.1197252208052191,0.2954545454545454,0.1053763440860215,2.138485842746892,-2.8375294181986934,-0.3495217877259007,0.0,0.0,2.0482465462276496,1.0349999999975594,5691.172000408173,historical7d|500ms|1|BURST|SELL|1789745006.214000,29.0,92.0,1.5760869565217392,50.99987983703613,52.99997329711914,0.9622623685323305,-0.2649999999994179,-2.0749999999989086,0.2649999999994179,2.0749999999989086,0.31360946745720075,0.45355191256853633,-0.4074074074074074,-0.28735632183908044,0.4074074074074074,0.28735632183908044,0.12005108556832694,0.17857142857142858,0.8214285714285714,0.9818181818161373,0.18181818181547588,1.0545454545449735,1.0
historical7d,500ms,1,BURST,SELL,-1,259611,259719,1789745230.877,1789745286.714,55.837000131607056,momentum_zero_cross,-3.937500000000682,1.0100000000002185,-2.130000000000109,False,500.0,2.11275964391649,0.9152542372908006,1.3410404624277457,0.0756916652163904,0.0505617977528979,3.474178403756149,4.004842615008686,1.5051903114181668,5.644204851752104,0.0756916652163904,0.2695652173913043,0.1186440677966101,1.9689880923379823,-1.639362236743418,0.164812927797282,0.0,0.0,2.833296169876449,1.2273929656154088,5915.835000038147,historical7d|500ms|1|BURST|SELL|1789745230.877000,28.0,116.0,1.206896551724138,51.000118255615234,52.99997329711914,0.9622668669983535,-0.944999999999709,-1.8800000000001091,0.944999999999709,1.8800000000001091,0.6539792387550788,0.32695652173951145,-0.5555555555555556,-0.2807017543859649,0.5555555555555556,0.2807017543859649,0.2748538011695907,-0.25925925925925924,0.7407407407407407,0.8571428571440945,-0.22222222222125979,0.8571428571412073,1.0
historical7d,500ms,1,BURST,BUY,1,260401,260471,1789745637.9910002,1789745673.497,35.50599980354309,momentum_zero_cross,-1.1625000000015009,0.7399999999997817,-0.6599999999998545,False,500.0,1.318385650224164,0.7719298245614595,1.074468085106383,0.1363304981774813,0.0498866213152418,2.7443946188357926,2.765133171911391,1.9615384615382656,5.01072961373414,0.1363304981774813,0.3333333333333333,0.1239669421487603,0.7828561572975268,-2.245596441822749,-0.7313701422626113,0.0022675736961942,0.0007473841554721,1.4165633050280912,0.8294139604330576,6322.9490003585815,historical7d|500ms|1|BURST|BUY|1789745637.991000,18.0,101.0,0.8910891089108911,99.00021553039551,52.99985408782959,1.86793373744644,0.18500000000040018,1.5150000000003274,0.18500000000040018,1.5150000000003274,0.28682170542556956,0.3859872611458468,0.4117647058823529,0.32653061224489793,0.4117647058823529,0.32653061224489793,0.08523409363745499,-0.058823529411764705,0.7058823529411765,0.8461538461541153,0.19230769230823047,0.9230769230753086,0.9887005649715075
historical7d,500ms,1,BURST,SELL,-1,272535,272713,1789751987.461,1789752078.403,90.94200015068054,momentum_zero_cross,10.424999999999043,3.949999999999818,-0.8699999999998909,False,500.0,1.590163934426281,0.8253968253973754,1.0737704918032789,0.1235621521337581,0.0595647193585743,2.238095238095197,3.9731182795693134,3.2970297029724813,3.2061068702284734,0.1235621521337581,0.2258064516129032,0.0521172638436482,-1.0589344648772845,0.7670114093408409,-0.1459615277682218,0.0859106529209486,0.0486696950032451,1.7074711099167443,0.8862867551398047,12672.419000148771,historical7d|500ms|1|BURST|SELL|1789751987.461000,33.0,131.0,1.2595419847328244,50.999999046325684,50.999999046325684,1.0,-0.4099999999998545,-1.1549999999997453,0.4099999999998545,1.1549999999997453,0.3416666666663382,0.18826405867974214,-0.22580645161290322,-0.21951219512195122,0.22580645161290322,0.21951219512195122,0.006294256490951999,0.25,0.625,0.7878787878796231,-0.18181818181667853,0.7878787878796231,0.5098039215685459
historical7d,500ms,2,BURST,BUY,1,321705,321763,1789963653.855,1789963683.411,29.555999994277958,momentum_zero_cross,-2.58750000000191,0.25,-1.0,False,500.0,2.480198019802669,0.5777777777773286,1.8888888888888888,0.1678806798473337,0.0518962075848716,4.4264705882337205,6.931372549016356,6.562711864405358,4.219424460430504,0.1678806798473337,0.2745098039215686,0.0755939524838013,-2.1362412761716376,2.711948088585852,0.2878534062071067,0.0,0.0,4.684818481849486,1.0913580246905097,1844.5650000572205,historical7d|500ms|2|BURST|BUY|1789963653.855000,14.0,102.0,0.6862745098039216,99.99990463256836,52.99997329711914,1.8867916040630146,0.375,1.4549999999999272,0.375,1.4549999999999272,0.5474452554763133,0.2476595744685328,0.38461538461538464,0.26732673267326734,0.38461538461538464,0.26732673267326734,0.1172886519421173,0.6923076923076923,0.3076923076923077,0.5777777777773286,-0.42222222222267136,0.8888888888886644,1.0
historical7d,500ms,2,BURST,BUY,1,353438,353523,1789984997.647,1789985047.373,49.72599983215332,momentum_zero_cross,2.6250000000027285,1.8800000000001087,-0.9799999999995634,False,500.0,3.2321116928453906,0.8115942028972135,1.7708333333333333,0.2015775635412465,0.0604751619869964,5.617021276595086,6.209999999993479,7.965367965362504,0.0997375328077486,0.2015775635412465,0.2195121951219512,0.1267605633802817,-2.3483466887674185,6.110262467185731,1.8809578892091556,0.0,0.0820481184455162,5.723531122747046,1.4371980676304823,2628.0069999694824,historical7d|500ms|2|BURST|BUY|1789984997.647000,11.0,85.0,0.6470588235294118,148.00000190734863,56.49995803833008,2.619471005747369,0.054999999999381544,2.024999999999636,0.054999999999381544,2.024999999999636,0.15942028985484322,0.4565952649381509,0.2,0.2345679012345679,0.2,0.2345679012345679,-0.03456790123456788,0.0,0.8,0.8484848484842639,-0.212121212123133,0.6363636363638869,1.0
historical7d,500ms,3,BURST,BUY,1,387960,388104,1790006264.459,1790006341.4889998,77.02999973297119,momentum_zero_cross,2.2125000000005457,2.149999999999636,-1.6700000000000728,False,500.0,2.001970443350156,0.9032258064522752,1.3049645390070923,0.2972482612685743,0.0551181102361711,6.313953488368158,4.647619047616716,4.264642082428142,0.0417124039514112,0.2972482612685743,0.3695652173913043,0.0970873786407767,2.049311405940016,4.605906643665304,3.3276090248026606,0.0,0.0596745027124669,2.61250043671226,1.1786776481363026,4787.578999996185,historical7d|500ms|3|BURST|BUY|1790006264.459000,17.0,92.0,0.923913043478261,98.9999771118164,53.999900817871094,1.8333362767779877,0.5900000000001455,2.7399999999997817,0.5900000000001455,2.7399999999997817,0.746835443039053,0.6021978021980913,0.5,0.38461538461538464,0.5,0.38461538461538464,0.11538461538461536,0.1875,0.8125,0.9032258064522753,0.06451612903377231,0.6451612903230538,1.0
historical7d,500ms,3,BURST,SELL,-1,399128,399226,1790012061.956,1790012110.993,49.03699994087219,momentum_zero_cross,4.237500000000409,2.5,-0.0699999999997089,False,500.0,1.164756446991514,0.782608695651257,1.2272727272727273,0.1324843185718093,0.0664206642065322,2.7777777777762807,3.750000000000928,2.64015151515094,nan,0.1324843185718093,0.2307692307692307,0.1121642969984202,0.137626262625341,nan,nan,0.0061500615007498,0.0614947965942737,1.4294738213077671,0.96047430829927,226.864000082016,historical7d|500ms|3|BURST|SELL|1790012061.956000,30.0,135.0,1.1111111111111112,50.99987983703613,50.999999046325684,0.9999976625629062,-0.5149999999994179,-1.5299999999988358,0.5149999999994179,1.5299999999988358,0.5449735449709988,0.29593810444820107,-0.2413793103448276,-0.24031007751937986,0.2413793103448276,0.24031007751937986,0.0010692328254477412,0.41379310344827586,0.5862068965517241,0.9000000000006063,-0.1666666666676772,0.5000000000030317,0.9720670391055349
historical7d,500ms,3,BURST,SELL,-1,410239,410295,1790018047.4380002,1790018075.927,28.48899984359741,momentum_zero_cross,-4.012500000002319,0.1599999999998544,-1.2200000000002549,False,500.0,2.5076282940354697,0.8275862068959029,1.1594202898550725,0.2045901639355904,0.0530973451327006,5.120000000002619,4.5542168674670105,3.5254237288125663,0.6531738730453402,0.2045901639355904,0.3947368421052631,0.2020997375328084,1.594576271190053,3.9010429944216702,2.747809632805862,0.023230088495481,0.0185185185184412,2.907395123519385,0.9595202398793078,3043.0300002098083,historical7d|500ms|3|BURST|SELL|1790018047.438000,21.0,80.0,1.3125,53.50005626678467,54.000139236450195,0.9907392281439161,-0.19500000000061846,-1.9550000000008367,0.19500000000061846,1.9550000000008367,0.3577981651381046,0.5248322147654022,-0.2631578947368421,-0.41333333333333333,0.2631578947368421,0.41333333333333333,-0.15017543859649124,0.15,0.65,0.8571428571414651,-0.10714285714187108,1.2142857142886145,0.9014084507046403
historical7d,500ms,3,BURST,SELL,-1,417992,418045,1790022664.515,1790022693.86,29.34499979019165,momentum_zero_cross,-1.9499999999982265,0.8699999999998909,-0.7399999999997817,False,500.0,3.313492063492108,1.0769230769211933,1.8333333333333333,0.2397899649958364,0.0670658682634237,4.679245283020292,5.540740740741619,10.148148148155968,0.277551020408337,0.2397899649958364,0.2,0.1358024691358024,-5.468902865135674,5.263189720333282,-0.1028565724011957,0.0095808383231284,0.0087145969496847,6.07473544973553,1.974358974355521,1448.491000175476,historical7d|500ms|3|BURST|SELL|1790022664.515000,13.0,88.0,0.7386363636363635,148.00000190734863,54.000139236450195,2.740733709209556,-0.09500000000116415,-1.2200000000011642,0.09500000000116415,1.2200000000011642,0.2345679012381166,0.3057644110281562,-0.09090909090909091,-0.19047619047619047,0.09090909090909091,0.19047619047619047,-0.09956709956709955,0.16666666666666666,0.6666666666666666,0.8235294117636044,-0.3235294117662794,0.5,0.9365079365094489
historical7d,500ms,4,BURST,BUY,1,473393,473497,1790068421.339,1790068481.346,60.00699996948242,stagnation,0.825000000000955,0.5500000000001819,-1.6099999999996726,False,500.0,1.6097087378646453,0.6875000000004441,1.0895522388059702,0.2264482153327103,0.0530759951749653,4.926174496636659,2.839160839158633,2.4454976303318405,1.4208494208486526,0.2264482153327103,0.2777777777777778,0.1229946524064171,2.480676866304819,1.4183114183099803,1.9494941423074,0.0072376357058267,0.2071494042165048,1.7538617591659569,0.7490671641795884,346.5920000076294,historical7d|500ms|4|BURST|BUY|1790068421.339000,19.0,73.0,1.3013698630136987,51.49996280670166,80.50012588500977,0.6397500903323639,0.944999999999709,1.7549999999991996,0.944999999999709,1.7549999999991996,0.8957345971543308,0.5580286168518144,0.7777777777777778,0.2676056338028169,0.7777777777777778,0.2676056338028169,0.5101721439749609,-0.05555555555555555,0.6111111111111112,0.7333333333337375,-0.36666666666535297,0.7999999999987873,0.9682539682532656
historical7d,500ms,4,BURST,SELL,-1,481155,481361,1790072966.384,1790073075.236,108.85199999809264,momentum_zero_cross,11.25,3.729999999999563,-0.8599999999996726,False,500.0,2.388571428571595,0.8076923076931822,1.9090909090909087,0.2522438873455334,0.0502392344497659,6.39062500000604,3.798449612404336,7.7990430622018065,2.9071618037139246,0.2522438873455334,0.2621359223300971,0.0666666666666666,-1.408418062195767,0.8912878086904112,-0.2585651267526774,0.0059808612439316,0.0034554250172265,4.560000000000318,1.5419580419597116,1423.345999956131,historical7d|500ms|4|BURST|SELL|1790072966.384000,25.0,105.0,1.1904761904761905,50.00007152557373,54.000020027160645,0.9259269070719781,-0.6150000000006912,-2.0349999999998545,0.6150000000006912,2.0349999999998545,0.6307692307679392,0.4672789896662821,-0.4166666666666667,-0.2549019607843137,0.4166666666666667,0.2549019607843137,0.16176470588235298,0.375,0.5416666666666666,0.8400000000001455,0.2000000000007276,0.8800000000010186,0.9760765550242733
historical7d,500ms,4,BURST,SELL,-1,485900,486065,1790075668.965,1790075763.404,94.4390001296997,momentum_zero_cross,9.41250000000082,2.6099999999996726,-1.5,False,500.0,2.4666666666662365,0.7812500000007105,1.3576642335766422,0.2854122621576009,0.0435919790758525,4.258426966289505,4.6498194945875255,4.417177914109758,2.9307958477493843,0.2854122621576009,0.3478260869565217,0.1473922902494331,-0.1587509478202529,1.7190236468381412,0.7801363495089442,0.0,0.0,3.348905109488467,1.0606751824827163,736.6209998130798,historical7d|500ms|4|BURST|SELL|1790075668.965000,17.0,93.0,0.9139784946236559,52.500009536743164,53.499817848205566,0.9813119305508825,-0.589999999999236,-1.8650000000006912,0.589999999999236,1.8650000000006912,0.79729729729748,0.5275813295629664,-0.4666666666666667,-0.34065934065934067,0.4666666666666667,0.34065934065934067,0.126007326007326,-0.3125,0.5625,0.8064516129045508,-0.12903225806461077,0.516129032261377,1.0
historical7d,500ms,4,BURST,BUY,1,488153,488369,1790076896.465,1790077016.9580002,120.49300026893616,max_hold,26.96250000000191,7.190000000000509,-0.6700000000000728,False,500.0,1.6430649854513255,0.8437499999992895,1.3287671232876712,0.1817168338927604,0.0637544273906706,4.339622641514917,5.150183150181022,3.326530612245739,-2.466453674119813,0.1817168338927604,0.2577319587628865,0.1255230125523012,1.013092029269178,7.616636824300834,4.314864426785007,0.0082644628098818,0.3914828116982133,2.1832507340928573,1.1211472602730284,391.69399976730347,historical7d|500ms|4|BURST|BUY|1790076896.465000,21.0,97.0,1.0824742268041239,54.000020027160645,53.00021171569824,1.018864232407703,0.4900000000006912,1.7750000000005457,0.4900000000006912,1.7750000000005457,0.4298245614046775,0.48299319727903617,0.2,0.2708333333333333,0.2,0.2708333333333333,-0.0708333333333333,0.25,0.65,0.8709677419353893,-0.19354838709838307,0.6451612903259877,0.9613259668509981
historical7d,500ms,4,BURST,BUY,1,497468,497635,1790081889.859,1790081973.912,84.05299997329712,momentum_zero_cross,17.250000000001364,6.140000000000327,-0.1899999999995998,False,500.0,1.782741116751296,1.0833333333314386,1.835820895522388,0.1144578313254637,0.0592255125283242,3.5135135135128226,4.861189801700248,3.260053619302316,1.4016129032256364,0.1144578313254637,0.2372881355932203,0.1802120141342756,0.2534598942105064,3.459576898474612,1.8565183963425589,0.0,0.3868480725623688,3.2727933934389464,1.9888059701457752,685.1569998264313,historical7d|500ms|4|BURST|BUY|1790081889.859000,26.0,123.0,1.056910569105691,50.99987983703613,53.50017547607422,0.9532656553592755,0.49499999999898137,1.694999999999709,0.49499999999898137,1.694999999999709,0.39442231075584033,0.3067873303164066,0.44,0.24786324786324787,0.44,0.24786324786324787,0.19213675213675213,0.04,0.88,0.9285714285698045,0.1785714285689924,1.4285714285746767,1.0
historical7d,1s,0,PRIMARY,BUY,1,3172,3307,1789573826.844,1789573965.96,139.1159999370575,emergency_stop,-15.412499999998772,0.0,-4.109999999999673,False,500.0,1.187861271676144,0.9666666666674246,0.4958677685950413,0.1356001638672133,0.1411192214111545,1.4285714285677162,2.4796380090489096,2.0623052959504347,2.2485029940113987,0.1356001638672133,0.2666666666666666,0.0983606557377049,-0.6337338673827184,0.2311350150375108,-0.2012994261726037,0.0,0.0,0.5890221181865177,0.4793388429755825,3247.7400000095367,historical7d|1s|0|PRIMARY|BUY|1789573826.844000,8.0,30.0,1.3333333333333333,98.00028800964355,100.00038146972656,0.9799991416963894,0.2999999999992724,0.42999999999938154,0.2999999999992724,0.42999999999938154,1.0,0.37391304347754567,1.0,0.2413793103448276,1.0,0.2413793103448276,0.7586206896551724,-0.14285714285714285,0.5714285714285714,1.0,0.0,0.31034482758674764,1.0
historical7d,1s,0,PRIMARY,BUY,1,3760,3893,1789574424.972,1789574557.852,132.88000011444092,emergency_stop,-15.299999999999727,0.1599999999998544,-4.079999999999927,False,500.0,2.4830633284232544,0.8333333333328281,2.39344262295082,0.0987791342952145,0.059311981020164,10.048387096775258,1.358649789030611,4.869300911850251,3.0329341317367,0.0987791342952145,0.0489510489510489,-0.0336787564766839,5.179086184925007,-1.6742843427060887,1.752400921109459,0.0047449584817166,0.0037735849057426,5.943069605734347,1.9945355191244736,3845.867999792099,historical7d|1s|0|PRIMARY|BUY|1789574424.972000,28.0,146.0,0.9589041095890412,52.00004577636719,51.999807357788086,1.0000045849896608,0.4600000000000364,3.149999999999636,0.4600000000000364,3.149999999999636,0.3650793650801213,0.43568464730277096,-0.18518518518518517,0.056338028169014086,-0.18518518518518517,0.056338028169014086,-0.24152321335419927,0.1111111111111111,0.37037037037037035,0.8620689655173496,0.06896551724289333,0.9310344827571067,0.9874015748028753
historical7d,1s,0,PRIMARY,BUY,1,4426,5324,1789575094.938,1789575994.977,900.0390000343323,max_hold,15.9375,9.799999999999272,-1.0200000000004366,False,500.0,1.5024390243904084,0.8888888888908137,1.0405405405405406,0.0752920813500476,0.0909090909093056,-1.0068965517255395,-1.0830324909752698,1.6610978520282291,3.299401197604777,0.0752920813500476,0.0666666666666666,0.0852713178294573,-2.667994403753769,-4.382433688580047,-3.525214046166908,0.3961038961039881,0.1681598897312524,1.563348714568398,0.9249249249269278,4515.833999872208,historical7d|1s|0|PRIMARY|BUY|1789575094.938000,17.0,77.0,1.103896103896104,51.000118255615234,52.99997329711914,0.9622668669983535,0.11999999999989086,-0.27999999999974534,0.11999999999989086,-0.27999999999974534,0.15384615384642292,0.08805031446514439,0.2,0.08108108108108109,0.2,0.08108108108108109,0.11891891891891893,0.3125,0.6875,0.7777777777803041,-0.16666666666540347,0.4166666666660351,-0.12068965517192709
historical7d,1s,0,PRIMARY,SELL,-1,6264,7164,1789576936.915,1789577836.916,900.0009999275208,max_hold,14.212499999999864,7.710000000000036,-2.800000000000182,False,500.0,1.548944337812104,0.7769784172656599,1.3397129186602872,0.0635088248604824,0.0669144981411491,2.31279620853092,3.537275064265816,2.0997506234408467,2.4304123711357364,0.0635088248604824,0.0571428571428571,0.060759493670886,0.2130455850900734,1.1068626931300796,0.6599541391100765,0.0,0.0,2.0751407396525794,1.0409280231310276,6357.8109998703,historical7d|1s|0|PRIMARY|SELL|1789576936.915000,30.0,140.0,1.0714285714285714,51.000118255615234,51.000118255615234,1.0,-0.5649999999995998,-1.144999999999527,0.5649999999995998,1.144999999999527,0.591623036650531,0.18512530315302722,-0.4482758620689655,-0.050359712230215826,0.4482758620689655,0.050359712230215826,0.3979161498387497,0.20689655172413793,0.5172413793103449,0.8709677419328339,0.22580645160873905,0.645161290321161,1.0
historical7d,1s,0,PRIMARY,SELL,-1,7610,7952,1789578286.98,1789578628.985,342.00499987602234,emergency_stop,-15.2250000000015,5.159999999999855,-4.0600000000004,False,500.0,1.1784989858014132,1.1153846153854898,1.1531531531531531,0.0543349168645928,0.099827882960378,-0.2909090909066856,1.2418300653613732,1.9837398373990072,3.808219178083369,0.0543349168645928,0.0625,0.0168067226890756,-2.2746489283056928,-2.566389112721996,-2.4205190205138445,0.3218588640272908,0.088541666666615,1.3589898214646927,1.2862092862102943,7707.875999927521,historical7d|1s|0|PRIMARY|SELL|1789578286.980000,22.0,128.0,0.859375,51.999807357788086,51.000118255615234,1.0196017016502268,0.16499999999905413,0.12999999999919964,-0.16499999999905413,-0.12999999999919964,0.1534883720920395,0.019374068554258658,0.23809523809523808,-0.05511811023622047,-0.23809523809523808,0.05511811023622047,-0.29321334833145857,0.3333333333333333,0.38095238095238093,0.9666666666659592,0.3000000000003032,0.7333333333337375,-0.6923076923074392
historical7d,1s,0,PRIMARY,SELL,-1,8453,9099,1789579129.869,1789579777.976,648.1070001125336,emergency_stop,-15.187500000000682,2.8100000000004,-4.050000000000182,False,500.0,0.9519038076149252,0.9310344827571068,0.7802690582959642,0.0774681152574186,0.1136842105261166,2.894736842105817,1.6224188790571965,1.611793611793155,1.5161290322575778,0.0774681152574186,0.0697674418604651,-0.0849909584086799,1.2829432303126624,0.1062898467996185,0.6946165385561403,0.0,0.0,0.7427410875560403,0.7264573991019577,8550.764999866486,historical7d|1s|0|PRIMARY|SELL|1789579129.869000,21.0,87.0,1.2068965517241381,52.500128746032715,54.000020027160645,0.9722242458359548,-0.2999999999992724,-1.4200000000000728,0.2999999999992724,1.4200000000000728,0.4285714285699437,0.4092219020167457,-0.2631578947368421,-0.08235294117647059,0.2631578947368421,0.08235294117647059,0.18080495356037152,-0.35,0.65,0.9310344827571067,-0.13793103448578667,0.44827586206939807,1.0
historical7d,1s,0,PRIMARY,BUY,1,9573,10474,1789580254.921,1789581155.809,900.888000011444,max_hold,45.67499999999768,14.489999999999782,-0.430000000000291,False,500.0,1.096069868995746,0.9310344827602428,0.7745098039215687,0.1077599748665535,0.1075697211157024,3.748633879781888,2.7806451612912992,1.254113345519781,2.0526893523604026,0.1077599748665535,0.1794871794871795,-0.0461538461538461,2.494520534262106,0.7279558089308966,1.6112381715965014,0.0318725099604899,0.0155945419104913,0.8489168593202346,0.7210953346868547,9675.816999912262,historical7d|1s|0|PRIMARY|BUY|1789580254.921000,29.0,79.0,1.8354430379746836,50.99987983703613,55.9999942779541,0.9107122330030952,1.0,1.6899999999995998,1.0,1.6899999999995998,0.5813953488362009,0.5168195718653958,0.35714285714285715,0.16883116883116883,0.35714285714285715,0.16883116883116883,0.18831168831168832,0.17857142857142858,0.8214285714285714,0.9310344827602428,0.0,0.620689655170359,0.9098591549287085
historical7d,1s,0,PRIMARY,BUY,1,10968,11062,1789581649.928,1789581743.95,94.0220000743866,emergency_stop,-15.074999999998225,1.6300000000001091,-4.019999999999527,False,500.0,1.137472283813744,1.0,1.1935483870967742,0.0209170245186163,0.1130604288499059,0.8589743589760631,1.8282208588963356,0.5316901408449498,2.243448858833562,0.0209170245186163,-0.0181818181818181,-0.0065876152832674,0.3272842181311133,-0.4152279999372266,-0.0439718909030566,0.2943469785572388,0.086335048599118,1.3576282097131784,1.1935483870967742,11070.823999881744,historical7d|1s|0|PRIMARY|BUY|1789581649.928000,23.0,111.0,1.0360360360360361,51.000118255615234,51.49996280670166,0.9902942735519533,-0.16499999999905413,0.2900000000008731,-0.16499999999905413,0.2900000000008731,0.17647058823472192,0.062098501070777246,0.0,-0.027522935779816515,0.0,-0.027522935779816515,0.027522935779816515,0.09090909090909091,0.7272727272727273,0.9062499999981348,-0.09375000000186517,0.46875000000079936,0.3333333333340551
historical7d,1s,0,PRIMARY,BUY,1,11541,11638,1789582223.908,1789582321.921,98.01300001144408,emergency_stop,-15.03750000000082,0.0,-4.010000000000218,False,500.0,0.9713071200851568,1.0,1.0558375634517767,0.0640470297030206,0.126914660831502,0.6000000000015916,0.2327044025163384,1.7358490566041334,1.8131578947370808,0.0640470297030206,0.0392156862745098,0.0502793296089385,-1.1358490566025417,-1.5804534922207425,-1.3581512744116422,0.1225382932161285,0.035331230283768,1.0255425430340743,1.0558375634517767,11644.803999900818,historical7d|1s|0|PRIMARY|BUY|1789582223.908000,28.0,104.0,1.346153846153846,51.999807357788086,52.00004577636719,0.9999954150313611,-0.1749999999992724,0.35500000000047294,-0.1749999999992724,0.35500000000047294,0.12727272727253486,0.10070921985848248,-0.07692307692307693,0.04950495049504951,-0.07692307692307693,0.04950495049504951,-0.12642802741812642,0.14814814814814814,0.7037037037037037,0.8529411764701161,-0.49999999999732503,0.617647058823372,0.11811023622317918
historical7d,1s,0,PRIMARY,SELL,-1,12668,13068,1789583356.946,1789583760.997,404.0510001182556,emergency_stop,-16.16249999999809,2.0100000000002183,-4.309999999999491,False,500.0,0.869395711500786,0.8823529411739529,0.8888888888888888,0.1309599491417737,0.1345291479817628,2.814814814816212,1.4501718213063144,1.2935635792775844,1.4511002444988237,0.1309599491417737,0.0352941176470588,0.0409090909090909,1.5212512355386276,-0.0009284231925092,0.7601614061730593,0.0224215246633552,0.0080450522927238,0.7727961880006986,0.7843137254879581,12777.84199976921,historical7d|1s|0|PRIMARY|SELL|1789583356.946000,21.0,88.0,1.1931818181818181,54.000020027160645,52.99973487854004,1.0188733991012024,-0.6900000000005093,-0.9200000000000728,0.6900000000005093,0.9200000000000728,0.7582417582409235,0.28840125391814314,-0.3684210526315789,-0.023809523809523808,0.3684210526315789,0.023809523809523808,0.34461152882205515,0.15,0.65,0.8571428571398874,-0.11428571428549156,0.3142857142870507,0.9004975124391796
historical7d,1s,0,PRIMARY,SELL,-1,16166,16318,1789586926.748,1789587086.985,160.2369999885559,momentum_zero_cross,-10.424999999999043,0.0,-2.7799999999997453,False,500.0,1.39341421143896,0.905660377358102,1.4615384615384617,0.1304347826086337,0.1194029850745053,-0.4888888888916735,0.7999999999980597,2.6533864541810552,0.9435483870965672,0.1304347826086337,-0.0526315789473684,-0.0080862533692722,-3.1422753430727286,-0.1435483870985074,-1.642911865085618,0.1293532338309403,0.0675324675325178,2.036528462872326,1.323657474600303,16347.643999814987,historical7d|1s|0|PRIMARY|SELL|1789586926.748000,23.0,76.0,1.5131578947368423,50.50003528594971,92.00000762939453,0.548913381500793,0.23000000000047294,0.11499999999978172,-0.23000000000047294,-0.11499999999978172,0.3108108108119236,0.04070796460170837,0.2727272727272727,0.06666666666666667,-0.2727272727272727,-0.06666666666666667,-0.20606060606060606,0.3181818181818182,0.4090909090909091,0.7272727272722261,-0.30303030303147227,0.636363636366643,-0.25301204819393286
historical7d,1s,0,PRIMARY,BUY,1,21286,21385,1789592304.8969998,1789592403.968,99.07100009918211,emergency_stop,-58.19999999999823,9.100000000000364,-15.519999999999529,False,500.0,2.462480857580548,1.0714285714252072,1.6363636363636365,0.1687624090006269,0.0746268656714695,7.399999999997023,3.935828877005857,4.935483870966928,5.525291828796639,0.1687624090006269,0.3258426966292135,0.1411530815109344,2.4645161290300948,-1.5894629517907817,0.4375265886196566,0.0049751243779923,0.0025396825396224,4.029514130586351,1.7532467532412483,21725.79299974441,historical7d|1s|0|PRIMARY|BUY|1789592304.897000,23.0,90.0,1.2777777777777777,52.49989032745361,51.999568939208984,1.0096216449184328,0.22000000000025466,2.069999999999709,0.22000000000025466,2.069999999999709,0.4000000000003307,0.6142433234415727,0.047619047619047616,0.3409090909090909,0.047619047619047616,0.3409090909090909,-0.29329004329004327,-0.5,0.3181818181818182,0.7792207792193679,-0.6233766233788016,0.7792207792217303,0.9809069212414956
historical7d,1s,0,PRIMARY,SELL,-1,22015,22915,1789593033.9889998,1789593933.999,900.0100002288818,max_hold,55.3125,21.08999999999924,-2.130000000000109,False,500.0,4.263904034897054,0.800000000001819,2.3424657534246576,0.0749883558453608,0.0245524296675908,2.972222222219111,2.129817444220513,3.409984871407729,2.91304347826079,0.0749883558453608,0.0760233918128654,0.0208333333333333,-0.4377626491886182,-0.7832260340402772,-0.6104943416144477,0.2301790281330009,0.1123034689293744,9.988049177635563,1.8739726027439871,22454.884999752045,historical7d|1s|0|PRIMARY|SELL|1789593033.989000,35.0,171.0,1.023391812865497,50.999999046325684,50.499916076660156,1.009902649519385,1.5,-1.6299999999991996,-1.5,1.6299999999991996,0.2868068833654242,0.10174781523090856,-0.11764705882352941,-0.08235294117647059,0.11764705882352941,0.08235294117647059,0.03529411764705882,0.0,0.7058823529411765,0.5454545454566125,-0.5454545454545454,1.954545454546488,0.039487726787515665
historical7d,1s,0,PRIMARY,SELL,-1,23406,23417,1789594424.963,1789594435.969,11.00599980354309,emergency_stop,-19.762499999998223,0.0,-5.269999999999527,False,500.0,2.001332445036671,0.6976744186032247,1.1437125748502994,0.0627120069524287,0.0199733688414955,2.179487179487128,3.1436077057791234,3.460170146945135,18.106936416189438,0.0627120069524287,0.031578947368421,-0.0337899543378995,-1.2806829674580067,-14.96332871041031,-8.12200583893416,0.1348202396804585,0.0492401215805592,2.2889490838443365,0.7979390057078797,23845.85899996757,historical7d|1s|0|PRIMARY|SELL|1789594424.963000,37.0,191.0,0.9685863874345549,50.00007152557373,50.00019073486328,0.9999976158233039,0.1500000000005457,-3.2349999999996726,-0.1500000000005457,3.2349999999996726,0.025295109612244075,0.07659524091393669,-0.05555555555555555,-0.037037037037037035,0.05555555555555555,0.037037037037037035,0.018518518518518517,0.1111111111111111,0.6666666666666666,0.4285714285705005,-0.5714285714294994,2.9428571428584793,0.4770819883795129
historical7d,1s,0,PRIMARY,SELL,-1,24312,24562,1789595330.969,1789595580.982,250.01300024986267,take_profit,94.72500000000082,25.26000000000022,0.0,False,500.0,0.5546268656716155,0.5977011494237733,1.0453172205438066,0.0154161146573345,0.0559741657695016,-0.7147651006718057,-0.847682119205437,0.2495126705650699,3.8517699115040207,0.0154161146573345,-0.0232558139534883,-0.0137524557956778,-0.9642777712368756,-4.699452030709458,-2.8318649009731667,0.7825618945103527,0.2092086330935377,0.5797610136627762,0.6247873042314971,24751.86499977112,historical7d|1s|0|PRIMARY|SELL|1789595330.969000,36.0,173.0,1.0404624277456647,50.99964141845703,50.99976062774658,0.999997662551979,1.0650000000005093,1.0950000000002547,-1.0650000000005093,-1.0950000000002547,0.3203007518796071,0.07559544356229664,0.08571428571428572,0.029239766081871343,-0.08571428571428572,-0.029239766081871343,-0.05647451963241437,-0.05714285714285714,0.8857142857142857,0.5909090909080574,-0.3409090909106412,1.1136363636389475,-0.8795562599051567
historical7d,1s,0,PRIMARY,SELL,-1,25520,25533,1789596538.9550002,1789596551.969,13.013999700546265,emergency_stop,-15.03750000000082,0.0,-4.010000000000218,False,500.0,0.59676962312272,0.5111111111113357,0.9823529411764704,0.013096834072404,0.0436847103514641,1.1092198581561017,-0.1434528773973026,0.3071342200726745,6.183349851337992,0.013096834072404,-0.029940119760479,-0.1782283884738527,0.8020856380834269,-6.326802728735294,-2.7623585453259336,0.3295346628679135,0.0726495726495743,0.5862383944793779,0.5020915032681944,25959.85100007057,historical7d|1s|0|PRIMARY|SELL|1789596538.955000,34.0,167.0,1.0179640718562875,49.99995231628418,50.99964141845703,0.98039811507751,-2.8000000000010914,-1.9750000000003638,2.8000000000010914,1.9750000000003638,0.6034482758621433,0.11872557859942397,-0.3333333333333333,0.024096385542168676,0.3333333333333333,-0.024096385542168676,0.357429718875502,-0.15151515151515152,0.6666666666666666,0.42592592592683043,-0.4074074074062222,1.1111111111101755,1.0
historical7d,1s,0,PRIMARY,SELL,-1,26121,26171,1789597139.999,1789597189.9910002,49.992000102996826,emergency_stop,-15.562499999998636,0.75,-4.149999999999636,False,500.0,0.930563798219632,0.6304347826085667,0.847953216374269,0.0412788084997032,0.036989795918362,1.5350140056022437,1.5909797822706917,0.7257336343115721,0.6852300242128422,0.0412788084997032,0.2638888888888889,0.2368703108252947,0.8092803712906715,0.9057497580578496,0.8575150646742604,0.0082908163265954,0.0041467304625526,0.7890745657417932,0.5345792016271472,26560.894999980927,historical7d|1s|0|PRIMARY|SELL|1789597139.999000,36.0,145.0,1.2413793103448276,51.000118255615234,51.999807357788086,0.980775138352063,-0.42999999999938154,-2.719999999999345,0.42999999999938154,2.719999999999345,0.2097560975606553,0.2674532940019959,-0.11764705882352941,-0.25874125874125875,0.11764705882352941,0.25874125874125875,-0.14109419991772934,0.0,0.7142857142857143,0.9666666666688899,-1.200000000001819,1.8000000000042442,0.9575856443716034
historical7d,1s,0,PRIMARY,SELL,-1,27185,27235,1789598203.9580002,1789598253.957,49.99899983406067,emergency_stop,-17.212500000000546,0.0,-4.5900000000001455,False,500.0,0.9742685935847872,0.3999999999983831,1.0559006211180124,0.113127445267603,0.0260492040520094,2.027826086957129,1.3678160919540758,1.643288996372542,0.5181598062955005,0.113127445267603,0.3734939759036144,0.1703239289446186,0.384537090584587,0.8496562856585753,0.6170966881215811,0.0130246020259389,0.0836909871244306,1.028730813101949,0.4223602484454977,27624.854000091556,historical7d|1s|0|PRIMARY|SELL|1789598203.958000,31.0,170.0,0.9117647058823529,52.00004577636719,50.99964141845703,1.019615909643398,-0.9050000000006548,-2.845000000001164,0.9050000000006548,2.845000000001164,0.5276967930026928,0.2907511497190268,-0.7241379310344828,-0.3696969696969697,0.7241379310344828,0.3696969696969697,0.35444096133751307,-0.26666666666666666,0.5333333333333333,0.7826086956509705,-0.0434782608745511,2.6956521739216397,0.938671209540563
historical7d,1s,0,PRIMARY,BUY,1,27755,27790,1789598773.96,1789598808.999,35.039000034332275,emergency_stop,-15.075000000001635,0.0500000000001819,-4.020000000000437,False,500.0,0.7509944311852752,0.6753246753256571,0.8810289389067524,0.0819334933150275,0.0550847457627657,2.057007125891128,0.3697916666667591,1.505511811023742,0.6486291486290631,0.0819334933150275,0.1407407407407407,0.0048899755501222,0.5514953148673862,-0.2788374819623039,0.1363289164525412,0.0,0.062808750882112,0.661647826832043,0.5949805821197107,28194.855999946594,historical7d|1s|0|PRIMARY|BUY|1789598773.960000,28.0,137.0,1.0218978102189782,50.99987983703613,51.99992656707764,0.9807683049561332,0.5249999999996362,2.130000000000109,0.5249999999996362,2.130000000000109,0.2815013404824116,0.19206492335420736,0.18518518518518517,0.13432835820895522,0.18518518518518517,0.13432835820895522,0.05085682697622995,0.18518518518518517,0.5185185185185185,0.530612244898641,-0.5510204081625456,1.1020408163269473,1.0
historical7d,1s,0,PRIMARY,BUY,1,28278,28448,1789599296.978,1789599466.977,169.99900007247925,emergency_stop,-15.075000000001635,0.6099999999996726,-4.020000000000437,False,500.0,0.9552238805971084,0.7222222222216608,0.7651006711409396,0.1086928690307318,0.0492424242424594,0.3081081081078902,1.6369529983789992,1.614068441064876,0.501443001443,0.1086928690307318,0.1504424778761062,0.0778739184177997,-1.3059603329569858,1.1355099969359992,-0.0852251680104932,0.0056818181819414,0.4101123595505377,0.7308424321347003,0.5525727069346935,28717.87399983406,historical7d|1s|0|PRIMARY|BUY|1789599296.978000,25.0,114.0,1.0964912280701753,50.999999046325684,51.000118255615234,0.9999976625683699,0.07999999999992724,0.3150000000005093,0.07999999999992724,0.3150000000005093,0.09876543209829412,0.07385697538113771,0.0,0.16071428571428573,0.0,0.16071428571428573,-0.16071428571428573,-0.25,0.4166666666666667,0.7323943661977604,-0.3380281690111978,0.6197183098572786,0.9523809523799212
historical7d,1s,0,PRIMARY,BUY,1,34826,35130,1789615421.591,1789615738.827,317.2360000610352,emergency_stop,-15.262500000002316,0.569999999999709,-4.0700000000006185,False,500.0,0.8288119738073115,0.6292134831473075,0.926829268292683,0.0294670846394514,0.1264108352147342,0.6033519553085569,0.9535603715176972,0.6077586206894304,2.232198142414892,0.0294670846394514,-0.1578947368421052,-0.0404040404040404,-0.0044066653808735,-1.2786377708971948,-0.6415222181390343,0.0,0.2677115987460967,0.7681671952360448,0.5831734721853095,1919.7829999923704,historical7d|1s|0|PRIMARY|BUY|1789615421.591000,18.0,57.0,1.5789473684210527,51.000118255615234,56.50007724761963,0.9026557261523724,0.8250000000007276,0.2649999999994179,0.8250000000007276,0.2649999999994179,0.7466063348425824,0.0794602698648704,0.17647058823529413,-0.17857142857142858,0.17647058823529413,-0.17857142857142858,0.3550420168067227,0.17647058823529413,0.5882352941176471,0.7000000000006821,-0.42499999999732835,0.5749999999981241,1.0
historical7d,1s,0,PRIMARY,BUY,1,37355,37409,1789618080.996,1789618134.965,53.9689998626709,emergency_stop,-15.299999999999727,1.1899999999995998,-4.079999999999927,False,500.0,1.7748633879772844,0.395348837209622,1.2307692307692308,0.0810899004731108,0.0418719211822891,-2.222222222222721,2.657627118643461,1.8373382624773744,9.571906354512496,0.0810899004731108,-0.5,-0.1342685370741483,-4.059560484700096,-6.914279235869035,-5.486919860284566,0.2647783251231411,0.0609756097560868,2.184447246741273,0.4865831842579964,1801.3830001354218,historical7d|1s|0|PRIMARY|BUY|1789618080.996000,11.0,80.0,0.6875,175.5000352859497,96.9998836517334,1.8092808844602517,0.4250000000001819,-0.8649999999997817,0.4250000000001819,-0.8649999999997817,0.5782312925175118,0.20186697782976556,-0.2,-0.4936708860759494,-0.2,-0.4936708860759494,0.2936708860759494,-0.4,0.4,0.5000000000006688,-0.7352941176477276,1.0588235294144397,-0.33956386292772756
historical7d,1s,0,PRIMARY,BUY,1,37906,38783,1789618633.982,1789619534.96,900.9779999256134,max_hold,41.62500000000136,11.710000000000036,-1.3400000000001455,False,500.0,1.4008583690984189,0.5485714285706446,1.027027027027027,0.125765054294224,0.0588235294117253,2.0748663101621028,3.987138263666479,2.3548983364144074,1.5784061696655274,0.125765054294224,0.2105263157894736,-0.0353535353535353,-0.2800320262523046,2.408732094000952,1.064350033874323,0.0171568627450308,0.0090556274255773,1.4387194061010788,0.5633976833968781,2354.369000196457,historical7d|1s|0|PRIMARY|BUY|1789618633.982000,12.0,76.0,0.7894736842105263,101.99999809265137,51.999807357788086,1.9615456917144651,0.09000000000014552,0.9849999999996726,0.09000000000014552,0.9849999999996726,0.16981132075536454,0.18291550603530765,0.45454545454545453,0.22666666666666666,0.45454545454545453,0.22666666666666666,0.22787878787878788,0.18181818181818182,0.45454545454545453,0.5454545454545454,-0.2272727272737608,0.6818181818192154,0.8992805755400108
historical7d,1s,0,PRIMARY,SELL,-1,40558,40617,1789621329.987,1789621393.8460002,63.85900020599365,momentum_zero_cross,-9.037499999999454,0.0,-2.4099999999998545,False,500.0,1.5597345132743383,0.2173913043485997,1.1538461538461535,0.0634441087612285,0.0283687943263472,3.642384105959738,3.8911564625863218,1.627118644067513,1.209647495361247,0.0634441087612285,0.2,0.0122850122850122,2.015265461892225,2.6815089672250747,2.3483872145586497,0.1702127659573095,0.1294498381876038,1.799693669162698,0.2508361204022304,2328.8759999275208,historical7d|1s|0|PRIMARY|SELL|1789621329.987000,15.0,75.0,1.0,100.49998760223389,55.00006675720215,1.8272702839778574,0.26999999999952706,-1.355000000000473,-0.26999999999952706,1.355000000000473,0.19999999999946105,0.252093023255774,0.0,-0.1891891891891892,-0.0,0.1891891891891892,-0.1891891891891892,-0.21428571428571427,0.35714285714285715,0.21276595744746726,-0.765957446807399,1.0425531914883324,0.3861892583125559
historical7d,1s,0,PRIMARY,SELL,-1,41130,41459,1789621909.9020002,1789622248.9910002,339.08899998664856,emergency_stop,-16.987500000002456,3.710000000000037,-4.530000000000655,False,500.0,1.7588495575220664,0.5106382978735344,1.0977443609022557,0.1338675004884484,0.0603773584907482,0.1920903954784028,2.043165467625523,3.84831460673934,1.5751824817516031,0.1338675004884484,-0.1111111111111111,0.0194986072423398,-3.656224211260937,0.4679829858739197,-1.5941206126935086,0.0465408805032517,0.0325704225352852,1.930767183445276,0.5605503119513987,2908.7910001277924,historical7d|1s|0|PRIMARY|SELL|1789621909.902000,17.0,73.0,1.1643835616438356,51.000118255615234,52.49989032745361,0.9714328532405694,0.010000000000218279,-0.18999999999869033,-0.010000000000218279,0.18999999999869033,0.015151515151849218,0.03350970017616768,0.25,0.09859154929577464,-0.25,-0.09859154929577464,-0.15140845070422537,0.375,0.5,0.6000000000022737,-0.6,0.7250000000005684,0.7541528239197518
historical7d,1s,0,PRIMARY,SELL,-1,42216,43098,1789623093.972,1789623994.9740002,901.0020003318788,max_hold,7.875000000001364,5.649999999999636,-3.5,False,500.0,1.694505494505235,0.272727272726709,0.9739130434782608,0.0949958982773633,0.0311284046692359,1.578947368423446,2.732283464568863,2.711943793908828,1.1883211678833292,0.0949958982773633,0.1785714285714285,0.048689138576779,-1.1329964254853822,1.543962296685534,0.2054829356000758,0.1024643320359694,0.0689956331875489,1.650301003344229,0.2656126482207948,4092.8609998226166,historical7d|1s|0|PRIMARY|SELL|1789623093.972000,15.0,56.0,1.3392857142857144,74.50008392333984,52.99973487854004,1.4056689923840628,-0.0750000000007276,-0.5850000000009459,0.0750000000007276,0.5850000000009459,0.08771929824650981,0.25161290322613455,-0.14285714285714285,-0.16363636363636364,0.14285714285714285,0.16363636363636364,-0.020779220779220786,-0.21428571428571427,0.6428571428571429,0.3076923076921283,-0.6923076923067056,0.9487179487203107,0.3863636363647873
historical7d,1s,0,PRIMARY,BUY,1,52700,53581,1789635295.977,1789636196.952,900.9749999046326,max_hold,24.075000000000276,7.229999999999563,-1.0299999999997451,False,500.0,0.8979020979018993,0.5617977528087821,1.158878504672897,0.0913818722140149,0.1557632398754317,-0.7919463087241767,0.5836298932383328,1.5668789808923618,8.415094339623522,0.0913818722140149,-0.1864406779661017,-0.0197368421052631,-2.3588252896165383,-7.831464446385189,-5.095144868000864,0.2429906542053109,0.0616600790512931,1.0405594405592105,0.6510553397036353,1801.933000087738,historical7d|1s|0|PRIMARY|BUY|1789635295.977000,20.0,62.0,1.6129032258064515,55.00006675720215,97.99981117248535,0.561226252368985,0.03999999999996362,-0.25,0.03999999999996362,-0.25,0.07142857142845542,0.11210762331804182,-0.17647058823529413,-0.1724137931034483,-0.17647058823529413,-0.1724137931034483,-0.004056795131845842,-0.15789473684210525,0.42105263157894735,0.9259259259259883,0.0,0.740740740740117,-0.32203389830482343
historical7d,1s,0,PRIMARY,BUY,1,58208,59078,1789640906.6929998,1789641806.89,900.1970000267029,max_hold,5.249999999998636,5.4399999999996,-1.440000000000509,False,500.0,1.1431897555296324,0.8125000000014211,0.9914529914529916,0.0334158415841564,0.1059063136457132,-0.5696202531638574,1.4782608695676818,0.4566596194503285,4.767123287671954,0.0334158415841564,-0.2280701754385964,-0.0563798219584569,-1.026279872614186,-3.288862418104272,-2.157571145359229,0.2158859470467458,0.0596175478064994,1.133418902918268,0.8055555555569646,7412.648999929428,historical7d|1s|0|PRIMARY|BUY|1789640906.693000,10.0,58.0,0.8620689655172414,197.00002670288086,99.99990463256836,1.9700021457692583,-0.1999999999998181,-0.1499999999996362,-0.1999999999998181,-0.1499999999996362,0.4878048780517562,0.06607929515422385,-0.3333333333333333,-0.21428571428571427,-0.3333333333333333,-0.21428571428571427,-0.11904761904761904,0.1111111111111111,0.6666666666666666,0.8387096774202066,0.32258064516252066,0.7096774193528512,-0.46478873239227336
historical7d,1s,0,PRIMARY,SELL,-1,60720,61043,1789643496.9,1789643837.992,341.0920000076294,momentum_zero_cross,4.575000000000955,5.25,-0.7100000000000364,False,500.0,1.6023738872403,0.6000000000006064,0.6,0.1728791773776496,0.0666666666667789,1.2941176470602922,2.430894308942296,2.5437352245861726,1.957446808510232,0.1728791773776496,0.0666666666666666,0.0727762803234501,-1.2496175775258804,0.4734475004320639,-0.3880850385469081,0.0351851851852818,0.0202558635395016,0.96142433234418,0.3600000000003638,10002.856000185013,historical7d|1s|0|PRIMARY|SELL|1789643496.900000,15.0,30.0,2.5,98.49989414215088,101.99975967407227,0.9656875119793931,-0.2250000000003638,-0.3500000000003638,0.2250000000003638,0.3500000000003638,0.48387096774256644,0.40229885057391956,0.0,-0.10344827586206896,-0.0,0.10344827586206896,-0.10344827586206896,0.8571428571428571,0.14285714285714285,0.6206896551734953,-0.3793103448265048,0.6896551724132524,0.5730337078646174
historical7d,1s,0,PRIMARY,SELL,-1,61924,62016,1789644739.96,1789644835.7900002,95.83000016212463,momentum_zero_cross,-8.475000000000819,0.5500000000001819,-2.2799999999997453,False,500.0,1.793939393938766,0.7857142857159098,1.6326530612244898,0.0782785496441308,0.0743243243244322,4.313043478261474,3.1188118811945027,1.3915662650603895,2.372262773722817,0.0782785496441308,0.0126582278481012,-0.067524115755627,2.9214772132010847,0.7465491074716861,1.8340131603363847,0.3699324324323203,0.2196589769306754,2.9288806431653325,1.2827988338218936,11245.916000127792,historical7d|1s|0|PRIMARY|SELL|1789644739.960000,7.0,80.0,0.4375,275.4998207092285,52.00028419494629,5.298044519841361,-0.030000000000654836,-1.2400000000006912,0.030000000000654836,1.2400000000006912,0.1250000000018948,0.2465208747515518,0.0,-0.02564102564102564,-0.0,0.02564102564102564,-0.02564102564102564,0.5,0.5,0.6285714285731362,-0.28571428571317203,0.8857142857142115,0.062098501071239265
historical7d,1s,0,PRIMARY,SELL,-1,65325,65644,1789648231.537,1789648562.968,331.43099999427795,emergency_stop,-15.0,0.0,-4.0,False,500.0,1.0535211267599356,1.2608695652196265,1.9183673469387756,0.0889301831696136,0.1550802139038083,3.758865248224242,2.5284552845512587,2.302405498280902,3.6315007429405695,0.0889301831696136,0.1956521739130435,0.160377358490566,1.45645974994334,-1.1030454583893108,0.1767071457770148,0.0106951871660146,0.0027662517289678,2.021040528886407,2.418811002666222,14737.493000030518,historical7d|1s|0|PRIMARY|SELL|1789648231.537000,31.0,94.0,1.6489361702127658,50.999999046325684,52.99997329711914,0.962264617765342,-1.1249999999990905,-1.2399999999997817,1.1249999999990905,1.2399999999997817,0.5725190839697554,0.2973621103123416,-0.3793103448275862,-0.18681318681318682,0.3793103448275862,0.18681318681318682,0.19249715801439937,-0.3,0.6333333333333333,1.1599999999998545,-0.2000000000007276,0.8400000000001455,0.9706959706953263
historical7d,1s,0,PRIMARY,SELL,-1,72749,72853,1789656063.875,1789656172.82,108.9449999332428,momentum_zero_cross,-6.712499999999864,0.0,-1.7899999999999636,False,500.0,1.183288409703826,0.9642857142865844,0.8620689655172413,0.1902384914030149,0.1230068337131482,0.2763157894751801,1.573122529643689,1.9108635097503568,1.703517587939661,0.1902384914030149,0.04,0.0931174089068826,-1.6345477202751764,-0.1303950582959716,-0.882471389285574,0.0,0.0,1.0200762152619187,0.8312807881780899,2573.283999919892,historical7d|1s|0|PRIMARY|SELL|1789656063.875000,10.0,50.0,1.0,98.9997386932373,107.99980163574219,0.9166659308055031,-0.23000000000047294,-0.0999999999994543,0.23000000000047294,0.0999999999994543,0.7931034482775924,0.06622516556250306,-0.7777777777777778,-0.02040816326530612,0.7777777777777778,0.02040816326530612,0.7573696145124716,0.0,0.7777777777777778,0.9310344827602428,-0.06896551723975715,0.3793103448265048,1.0
historical7d,1s,0,PRIMARY,BUY,1,73488,74386,1789656821.9299998,1789657721.939,900.0090003013611,max_hold,35.475000000000136,13.88000000000011,-0.2600000000002183,False,500.0,1.3031088082901283,0.7941176470608298,1.339622641509434,0.1568139390164199,0.1073558648112928,5.835820895526744,2.410646387835156,2.382978723404054,3.2889447236172797,0.1568139390164199,0.1267605633802817,0.1272727272727272,3.4528421721226903,-0.8782983357821235,1.2872719181702832,0.0,0.0,1.7456740639358326,1.063817980024885,3331.33899974823,historical7d|1s|0|PRIMARY|BUY|1789656821.930000,19.0,71.0,1.3380281690140845,51.49996280670166,50.999999046325684,1.0098032111710793,0.3849999999993088,1.980000000000473,0.3849999999993088,1.980000000000473,0.4666666666649028,0.4817518248176717,0.2222222222222222,0.14285714285714285,0.2222222222222222,0.14285714285714285,0.07936507936507936,0.3333333333333333,0.3333333333333333,1.0000000000033684,-0.03703703703454185,0.7777777777792749,1.0
historical7d,1s,0,PRIMARY,BUY,1,74848,75749,1789658183.969,1789659084.893,900.9240000247956,max_hold,47.21250000000055,22.71000000000004,-0.3800000000001091,False,500.0,1.3410909090910783,0.6749999999986642,1.145945945945946,0.1139114574697134,0.0585683297178943,3.1466666666699865,2.5972850678731616,1.8873626373626595,1.064137308039495,0.1139114574697134,0.1262135922330097,0.120274914089347,1.2593040293073272,1.5331477598336667,1.396225894570497,0.0292841648590458,0.0250231696015255,1.5368176904178847,0.7735135135119828,4693.377999782562,historical7d|1s|0|PRIMARY|BUY|1789658183.969000,23.0,106.0,1.0849056603773586,51.999688148498535,52.00004577636719,0.9999931225470418,0.34499999999934516,1.7749999999996362,0.34499999999934516,1.7749999999996362,0.29361702127622025,0.3377735490008168,0.23809523809523808,0.13725490196078433,0.23809523809523808,0.13725490196078433,0.10084033613445376,0.045454545454545456,0.5909090909090909,0.710526315788025,-0.1842105263173641,0.6315789473676653,0.8597402597400463
historical7d,1s,0,PRIMARY,BUY,1,76360,76395,1789659699.912,1789659734.815,34.90300011634827,emergency_stop,-15.824999999997544,0.0200000000004365,-4.219999999999345,False,500.0,0.7932251235003068,0.7199999999987389,0.7638190954773869,0.072625698323857,0.0960854092525181,2.477611940298021,1.943262411347158,0.9502923976610512,0.8923705722072155,0.072625698323857,0.5263157894736842,0.1926605504587156,1.52731954263697,1.0508918391399424,1.2891056908884562,0.0053380782916087,0.0653495440728641,0.6058804963419429,0.5499497487427553,6209.320999860764,historical7d|1s|0|PRIMARY|BUY|1789659699.912000,13.0,76.0,0.8552631578947368,50.50015449523926,95.00002861022949,0.5315804135431751,0.3600000000005821,1.605000000000473,0.3600000000005821,1.605000000000473,0.5000000000025264,0.3676975945019216,0.3333333333333333,0.52,0.3333333333333333,0.52,-0.1866666666666667,0.4166666666666667,0.4166666666666667,0.8852459016382688,0.26229508196413337,0.6557377049207703,0.9855421686752586
historical7d,1s,0,PRIMARY,SELL,-1,77466,77501,1789660805.988,1789660840.976,34.98800015449524,emergency_stop,-16.049999999999045,0.6499999999996362,-4.279999999999745,False,500.0,2.356637863315421,0.3000000000003032,2.049382716049383,0.143351524025159,0.0120000000000194,11.281818181814318,5.589873417726079,3.273556231002304,0.9981668194317572,0.143351524025159,0.0787878787878787,-0.0360655737704918,8.008261950812013,4.591706598294322,6.299984274553169,0.1073333333333721,0.1073333333333721,4.8296529050661725,0.6148148148154362,7315.396999835968,historical7d|1s|0|PRIMARY|SELL|1789660805.988000,36.0,166.0,1.0843373493975903,50.00019073486328,50.00019073486328,1.0,-0.8549999999995634,-6.2150000000001455,0.8549999999995634,6.2150000000001455,0.17502558853623854,0.33786354987771744,0.14285714285714285,-0.08536585365853659,-0.14285714285714285,0.08536585365853659,-0.22822299651567945,0.08571428571428572,0.6857142857142857,0.29032258064525596,-0.6129032258043695,1.3548387096759051,0.770655270655202
historical7d,1s,0,PRIMARY,BUY,1,78410,79156,1789661749.9420002,1789662495.851,745.9089999198914,emergency_stop,-15.412499999998772,5.869999999999891,-4.109999999999673,False,500.0,1.881305637982131,0.9032258064496256,1.5714285714285714,0.1058163980377904,0.0588853838064645,0.8659793814440336,1.9850746268662525,2.4006359300471303,1.1967567567567252,0.1058163980377904,-0.0638297872340425,0.0159651669085631,-1.5346565486030967,0.7883178701095273,-0.3731693392467846,0.2082018927444288,0.1033942558746429,2.9563374311147768,1.4193548387065542,8259.351000070572,historical7d|1s|0|PRIMARY|BUY|1789661749.942000,29.0,143.0,1.013986013986014,50.999999046325684,50.999999046325684,1.0,-0.9349999999994907,0.44500000000061846,-0.9349999999994907,0.44500000000061846,0.6012861736337038,0.06108442004119799,-0.21428571428571427,-0.05714285714285714,-0.21428571428571427,-0.05714285714285714,-0.15714285714285714,-0.42857142857142855,0.35714285714285715,0.7777777777777778,-0.41666666666856145,0.5000000000012632,-0.2651757188491496
historical7d,1s,0,PRIMARY,SELL,-1,80165,80210,1789663504.984,1789663549.929,44.9449999332428,emergency_stop,-16.61250000000109,0.0,-4.430000000000291,False,500.0,1.0647580095433269,0.8285714285736002,1.2820512820512822,0.0772009029345591,0.0742637644048206,3.6746031746033454,3.478927203067452,2.528650646951065,0.8814691151921281,0.0772009029345591,0.1351351351351351,0.079950799507995,1.1459525276522815,2.5974580878753235,1.8717053077638028,0.0115236875800423,0.0060893098782233,1.3650743712093936,1.0622710622738465,10014.392999887466,historical7d|1s|0|PRIMARY|SELL|1789663504.984000,35.0,150.0,1.1666666666666667,49.99983310699463,50.99987983703613,0.980391194386398,-1.7199999999993452,-2.2849999999998545,1.7199999999993452,2.2849999999998545,0.6187050359708417,0.24662709120355047,-0.375,-0.1292517006802721,0.375,0.1292517006802721,0.2457482993197279,0.17647058823529413,0.7647058823529411,0.7435897435930922,-0.25641025640923987,0.5128205128184797,0.972891566265014
historical7d,1s,0,PRIMARY,BUY,1,81481,81781,1789664822.995,1789665122.976,299.98099994659424,emergency_stop,-15.337499999997137,4.0700000000006185,-4.089999999999236,False,500.0,1.3317498020584602,0.9090909090889048,1.0310077519379846,0.1112696148361166,0.071343638525393,2.804687499998679,1.7236842105273786,2.9545454545465195,1.477799227799355,0.1112696148361166,0.0,0.0367553865652724,-0.1498579545478406,0.2458849827280236,0.0480135140900914,0.060642092746757,0.026397515527962,1.373044369564149,0.9372797744870104,11332.404000043867,historical7d|1s|0|PRIMARY|BUY|1789664822.995000,30.0,133.0,1.1278195488721805,50.99964141845703,51.99992656707764,0.9807637199769834,0.19499999999970896,1.8149999999995998,0.19499999999970896,1.8149999999995998,0.17972350230342124,0.282930631332432,-0.034482758620689655,0.007633587786259542,-0.034482758620689655,0.007633587786259542,-0.042116346406949196,-0.034482758620689655,0.5517241379310345,1.0,-0.20588235294345808,0.47058823529742205,0.7938596491222734
historical7d,1s,0,PRIMARY,SELL,-1,83419,84317,1789666760.825,1789667660.962,900.1369998455048,max_hold,21.63750000000164,6.510000000000218,-2.5999999999994543,False,500.0,1.0146914789423571,0.8333333333328281,0.8613861386138614,0.0868347338933269,0.0965250965250911,1.4545454545436507,2.025252525251233,1.2204724409450427,0.8507183010617612,0.0868347338933269,0.0588235294117647,0.0344827586206896,0.234073013598608,1.174534224189472,0.70430361889404,0.13127413127418,0.0584192439862822,0.8740411749305455,0.7178217821777826,13270.233999967577,historical7d|1s|0|PRIMARY|SELL|1789666760.825000,23.0,87.0,1.3218390804597702,52.00004577636719,52.99997329711914,0.9811334334991768,0.07999999999992724,-0.7600000000002183,-0.07999999999992724,0.7600000000002183,0.1111111111111111,0.1831325301202295,0.09090909090909091,-0.047619047619047616,-0.09090909090909091,0.047619047619047616,-0.13852813852813853,0.0,0.45454545454545453,0.8333333333353544,0.2666666666670709,0.5,0.4906367041196461
historical7d,1s,0,PRIMARY,SELL,-1,85340,85447,1789668684.972,1789668791.965,106.99300003051758,momentum_zero_cross,-9.562500000000682,0.7699999999995271,-2.7100000000000364,False,500.0,1.2499999999995417,0.9062500000035528,0.9130434782608696,0.1089588377728117,0.0935483870970723,0.1839080459768673,1.4341736694686378,1.7543859649119324,1.0959641255604995,0.1089588377728117,-0.0476190476190476,-0.0130434782608695,-1.570477918935065,0.3382095439081383,-0.6161341875134634,0.0306451612901167,0.0225118483410805,1.141304347825668,0.8274456521771568,15194.380999803543,historical7d|1s|0|PRIMARY|SELL|1789668684.972000,15.0,84.0,0.8928571428571428,99.49994087219238,54.99982833862305,1.8090954804366108,-0.3000000000001819,-0.13999999999941792,0.3000000000001819,0.13999999999941792,0.5454545454564997,0.04242424242409878,-0.42857142857142855,0.03614457831325301,0.42857142857142855,-0.03614457831325301,0.46471600688468157,-0.21428571428571427,0.5,0.8169014084531219,0.05633802817024094,0.5070422535167967,0.969849246232295
historical7d,1s,0,PRIMARY,BUY,1,87092,87463,1789670449.961,1789670824.967,375.00600004196167,momentum_zero_cross,-1.3499999999987722,2.3200000000006185,-1.2599999999993088,False,500.0,1.4859437751004625,0.7636363636362433,0.7898089171974523,0.144297416508771,0.0756756756756739,0.5866666666666344,2.2441314553974414,2.94533762057935,1.34390485629347,0.144297416508771,0.0491803278688524,0.0629370629370629,-2.3586709539127155,0.9002265991039713,-0.7292221774043721,0.0756756756756739,0.0546875000000074,1.1736116440283906,0.6031268094961413,16959.36999988556,historical7d|1s|0|PRIMARY|BUY|1789670449.961000,15.0,62.0,1.2096774193548387,75.5000114440918,99.00021553039551,0.7626247179321689,-0.010000000000218279,0.22999999999956344,-0.010000000000218279,0.22999999999956344,0.011111111111358134,0.10222222222219347,-0.14285714285714285,0.06666666666666667,-0.14285714285714285,0.06666666666666667,-0.2095238095238095,0.14285714285714285,0.5714285714285714,0.954545454544515,-0.09090909091097003,0.590909090908903,0.4206896551718773
historical7d,1s,0,PRIMARY,BUY,1,88218,89104,1789671602.992,1789672503.7619998,900.769999742508,max_hold,-7.574999999998226,1.800000000000182,-3.4600000000000364,False,500.0,1.576379974326469,1.272727272724642,1.27007299270073,0.1306456501969932,0.09120521172631,1.7121212121227365,1.6799999999988358,3.3026819923337363,2.177671068427796,0.1306456501969932,0.0952380952380952,0.1598915989159891,-1.590560780211,-0.4976710684289598,-1.0441159243199798,0.1302931596093106,0.0720072007201782,2.0021176316263185,1.616456536161224,18112.40100002289,historical7d|1s|0|PRIMARY|BUY|1789671602.992000,31.0,87.0,1.781609195402299,50.999999046325684,51.000118255615234,0.9999976625683699,0.5649999999995998,0.625,0.5649999999995998,0.625,0.3219373219370739,0.1399776035834791,0.21428571428571427,0.10843373493975904,0.21428571428571427,0.10843373493975904,0.10585197934595524,-0.13333333333333333,0.6,1.0370370370379103,-0.11111111111036255,0.7407407407413645,0.23076923076815437
historical7d,1s,0,PRIMARY,SELL,-1,90147,91037,1789673571.864,1789674472.952,901.0879998207092,max_hold,3.787499999997408,4.359999999999673,-0.2200000000002546,False,500.0,1.6454545454545428,1.0232558139539802,1.0147058823529411,0.1141762452107282,0.081031307550734,2.140350877196341,2.682352941173953,3.973333333335964,2.1651705565526576,0.1141762452107282,0.1176470588235294,0.0417582417582417,-1.832982456139622,0.5171823846212953,-0.6579000357591631,0.1049723756905485,0.047579298831363,1.6696524064171097,1.0383036935709504,20081.273000001907,historical7d|1s|0|PRIMARY|SELL|1789673571.864000,4.0,69.0,0.2898550724637681,52.00028419494629,58.00008773803711,0.8965552678094298,0.024999999999636202,-0.6149999999997817,-0.024999999999636202,0.6149999999997817,0.384615384606774,0.22323049001798706,0.3333333333333333,-0.13432835820895522,-0.3333333333333333,0.13432835820895522,-0.46766169154228854,-0.3333333333333333,0.6666666666666666,0.9166666666685614,0.04166666666761406,1.0,0.3666666666667341
historical7d,1s,0,PRIMARY,SELL,-1,97440,97469,1789681108.9580002,1789681138.528,29.5699999332428,momentum_zero_cross,-7.274999999998499,0.0,-2.339999999999236,False,500.0,1.0725663716807277,0.8799999999973807,0.8909090909090909,0.0983433204085764,0.1452145214517687,2.303030303025404,1.1977401129955347,2.1544401544391945,2.043478260868804,0.0983433204085764,0.4893617021276595,0.115727002967359,0.1485901485862091,-0.8457381478732691,-0.34857399964353,0.0,0.2619300106045692,0.9555591311337392,0.7839999999976663,2341.065000295639,historical7d|1s|0|PRIMARY|SELL|1789681108.958000,14.0,49.0,1.4285714285714284,100.99983215332031,149.00004863739014,0.677851001237696,-0.2000000000007276,-0.6700000000000728,0.2000000000007276,0.6700000000000728,0.7142857142866423,0.5677966101694132,-0.6923076923076923,-0.5217391304347826,0.6923076923076923,0.5217391304347826,0.1705685618729097,0.0,0.38461538461538464,0.8799999999973807,-0.2400000000016007,0.5200000000040745,1.0
historical7d,1s,0,PRIMARY,BUY,1,110988,111593,1789705238.932,1789705870.943,632.0110001564026,emergency_stop,-15.787500000000136,2.300000000000182,-4.210000000000036,False,500.0,1.078740157480097,0.6279069767433253,0.6415094339622641,0.1004464285719886,0.1313868613136198,1.1390728476827254,1.4023904382480803,2.0396600566580823,2.7375201288248614,0.1004464285719886,0.1176470588235294,0.0163934426229508,-0.9005872089753568,-1.335129690576781,-1.117858449776069,0.0267639902677777,0.0075034106412393,0.6920219878174206,0.4028082492315671,1848.9270000457764,historical7d|1s|0|PRIMARY|BUY|1789705238.932000,2.0,34.0,0.29411764705882354,950.9999752044678,99.99990463256836,9.51000882149584,-0.049999999999272404,0.44500000000061846,-0.049999999999272404,0.44500000000061846,1.0,0.2386058981238003,-1.0,0.15151515151515152,-1.0,0.15151515151515152,-1.1515151515151516,-1.0,0.0,0.6067415730324218,-0.22471910112433036,0.5842696629216239,0.7800000000024738
historical7d,1s,0,PRIMARY,SELL,-1,112287,113137,1789706581.792,1789707481.849,900.0569999217987,max_hold,-2.8125,4.690000000000509,-1.449999999999818,False,500.0,0.6787003610109504,0.511627906974875,0.6792452830188679,0.0443711037770057,0.1560283687938779,2.580645161287578,1.033613445378132,0.749226006191933,2.303854875283489,0.0443711037770057,0.3333333333333333,-0.0033222591362126,1.831419155095645,-1.2702414299053577,0.2805888625951438,0.0992907801414414,0.0502092050209555,0.4610040187998908,0.3475208424735,3191.7870001792908,historical7d|1s|0|PRIMARY|SELL|1789706581.792000,19.0,36.0,2.638888888888889,53.00009250640869,101.99999809265137,0.5196087597792525,-0.39500000000043656,-0.8500000000003638,0.39500000000043656,0.8500000000003638,0.30038022813751325,0.3441295546566158,-0.2222222222222222,-0.37142857142857144,0.2222222222222222,0.37142857142857144,-0.14920634920634923,0.16666666666666666,0.6111111111111112,0.578947368419163,-0.3421052631580837,0.7894736842131717,0.7171717171728307
historical7d,1s,0,PRIMARY,SELL,-1,117479,118331,1789712211.0449998,1789713111.404,900.3590002059937,max_hold,-1.5374999999994543,8.05999999999949,-0.7000000000007276,False,500.0,0.8409371146733353,0.517647058823907,0.62,0.1149825783968879,0.129032258064671,0.069930069929038,2.325259515571805,0.9274004683845658,1.8111888111889285,0.1149825783968879,0.2903225806451613,0.2,-0.8574703984555277,0.5140707043828769,-0.1716998470363254,0.0087976539591366,0.0028436018957963,0.5213810110974679,0.3209411764708224,2884.6789996623997,historical7d|1s|0|PRIMARY|SELL|1789712211.045000,5.0,31.0,0.8064516129032258,226.99987888336182,175.5000352859497,1.2934463432642689,-0.09499999999934516,-0.009999999999308784,0.09499999999934516,0.009999999999308784,1.0,0.006451612902786675,-1.0,-0.26666666666666666,1.0,0.26666666666666666,0.7333333333333334,-1.0,0.0,0.564102564104059,-0.4871794871791882,0.6923076923075129,0.9285714285698818
historical7d,1s,0,PRIMARY,BUY,1,118925,119718,1789713750.544,1789714650.717,900.1730000972748,max_hold,15.9375,4.710000000000036,-0.0500000000001819,False,500.0,1.4984802431611992,0.7160493827156058,0.8045977011494253,0.1020910209097898,0.1176470588235077,-0.566929133856125,0.8480000000010477,1.1017699115050266,1.9142857142854248,0.1020910209097898,-0.1428571428571428,-0.0599078341013824,-1.6686990453611514,-1.0662857142843771,-1.3674923798227645,0.1886409736305105,0.085714285714142,1.2056737588653328,0.5761316872424415,4424.177999734879,historical7d|1s|0|PRIMARY|BUY|1789713750.544000,9.0,35.0,1.2857142857142858,101.99999809265137,125.49996376037598,0.8127492234771128,-0.09999999999854481,-0.1749999999992724,-0.09999999999854481,-0.1749999999992724,0.6249999999914735,0.12195121951157678,-0.5,-0.11764705882352941,-0.5,-0.11764705882352941,-0.38235294117647056,-0.25,0.0,0.8285714285704634,-0.28571428571502816,0.4857142857139887,-1.0
historical7d,1s,0,PRIMARY,BUY,1,125858,126292,1789721883.617,1789722322.851,439.23400020599365,momentum_zero_cross,20.512499999997544,11.61999999999989,-0.9800000000004728,False,500.0,1.96230598669662,0.4680851063841727,0.5161290322580645,0.2317919075142295,0.049717514124339,0.8768472906403235,4.301470588232383,4.265957446810559,1.4054054054052667,0.2317919075142295,-0.25,0.0476190476190476,-3.389110156170235,2.896065182827116,-0.2465224866715596,0.0734463276837621,0.0723830734968101,1.0128030899079328,0.2415923129724762,1859.6480000019076,historical7d|1s|0|PRIMARY|BUY|1789721883.617000,16.0,32.0,2.5,55.9999942779541,98.9999771118164,0.5656566386344152,0.014999999999417923,0.3249999999998181,0.014999999999417923,0.3249999999998181,0.012658227847576642,0.16209476309202273,-0.3333333333333333,-0.2903225806451613,-0.3333333333333333,-0.2903225806451613,-0.043010752688172005,-0.3333333333333333,0.5333333333333333,0.7586206896561457,-0.2413793103438543,0.9655172413785533,0.13333333333139308
historical7d,1s,0,PRIMARY,BUY,1,127334,128215,1789723385.334,1789724285.957,900.6229999065399,max_hold,15.600000000002863,4.660000000000764,-1.309999999999491,False,500.0,1.49131513647669,0.7692307692311997,1.0,0.1936249576137987,0.0831946755407371,0.3846153846145774,1.4323432343240308,2.876574307304419,2.3521657250472656,0.1936249576137987,0.1111111111111111,0.1182795698924731,-2.4919589226898418,-0.9198224907232349,-1.7058907067065383,0.0116472545759574,0.0047393364929943,1.49131513647669,0.7692307692311997,3361.365000247956,historical7d|1s|0|PRIMARY|BUY|1789723385.334000,10.0,55.0,0.9090909090909091,97.99981117248535,97.99981117248535,1.0,0.03999999999996362,0.14499999999952706,0.03999999999996362,0.14499999999952706,0.16666666666729826,0.05906313645608657,0.3333333333333333,0.09433962264150944,0.3333333333333333,0.09433962264150944,0.23899371069182387,-0.6666666666666666,0.3333333333333333,0.5102040816328803,-0.40816326530593305,0.7142857142849188,0.9007092198559785
historical7d,1s,0,PRIMARY,SELL,-1,134454,134989,1789730727.814,1789731283.908,556.0939998626709,momentum_zero_cross,4.7250000000008185,3.0799999999999272,-1.0499999999992724,False,500.0,1.0242130750606255,1.0357142857142567,1.1730769230769231,0.1219360843936105,0.1371158392434957,1.1269841269825458,1.0399999999992886,1.9552238805951576,1.379464285714359,0.1219360843936105,0.1666666666666666,0.0167865707434052,-0.8282397536126118,-0.3394642857150705,-0.5838520196638413,0.0023640661943352,0.0010615711254814,1.2014807226672723,1.2149725274724936,2087.173000097275,historical7d|1s|0|PRIMARY|SELL|1789730727.814000,13.0,61.0,1.0655737704918034,121.99997901916504,99.49994087219238,1.2261311710312868,-0.19499999999970896,-0.3600000000005821,0.19499999999970896,0.3600000000005821,0.6393442622897046,0.16143497757863629,-0.16666666666666666,-0.1864406779661017,0.16666666666666666,0.1864406779661017,-0.01977401129943504,0.8333333333333334,0.16666666666666666,0.9090909090916608,-0.1515151515129801,0.39393939393981153,1.0
historical7d,1s,0,PRIMARY,SELL,-1,138831,139694,1789735360.577,1789736260.586,900.0090000629425,max_hold,5.099999999998772,5.420000000000073,-1.690000000000509,False,500.0,1.5789473684217246,1.0196078431376745,1.302325581395349,0.0365682137833674,0.1283950617284682,3.60396039604474,0.7549668874176334,0.8813559322023709,4.14285714285869,0.0365682137833674,0.1111111111111111,0.006578947368421,2.7226044638423685,-3.3878902554410564,-0.3326428957993437,0.0617283950617117,0.0176803394625184,2.056303549572479,1.3278613771095296,1815.84099984169,historical7d|1s|0|PRIMARY|SELL|1789735360.577000,17.0,56.0,1.517857142857143,52.00004577636719,53.00021171569824,0.9811290199236163,0.09500000000025466,-0.9450000000006185,-0.09500000000025466,0.9450000000006185,0.19191919191974868,0.3772455089822664,0.0,-0.1320754716981132,-0.0,0.1320754716981132,-0.1320754716981132,-0.3125,0.5625,0.9285714285730526,-0.10714285714204509,0.7142857142857143,0.8190476190471654
historical7d,1s,1,PRIMARY,SELL,-1,145638,145996,1789742547.998,1789742913.921,365.9229998588562,momentum_zero_cross,5.84999999999809,3.2299999999995634,-0.6500000000005457,False,500.0,0.8285322359398706,0.8169014084505599,0.6349206349206349,0.1425364758700351,0.1920529801323984,0.8181818181833215,2.2033898305110178,1.623003194889152,2.2203389830510347,0.1425364758700351,0.4,0.1818181818181818,-0.8048213767058304,-0.0169491525400169,-0.4108852646229236,0.0529801324502752,0.1404867256637515,0.526052213295156,0.5186675609209904,3232.956000328064,historical7d|1s|1|PRIMARY|SELL|1789742547.998000,5.0,47.0,0.5319148936170213,502.9999017715454,99.99990463256836,5.030003814700904,-0.010000000000218279,-0.3249999999989086,0.010000000000218279,0.3249999999989086,0.11111111111335678,0.1851851851848397,-0.5,-0.391304347826087,0.5,0.391304347826087,0.10869565217391303,0.5,0.5,0.9166666666672982,0.05555555555429237,0.5555555555555556,0.9677419354831611
historical7d,1s,1,PRIMARY,SELL,-1,147014,147913,1789743963.9420002,1789744863.971,900.0289998054504,max_hold,20.999999999997957,5.599999999999454,-3.850000000000364,False,500.0,4.077669902912288,0.645161290321161,2.6140350877192984,0.1465973818328536,0.0272108843537154,3.5487804878121145,5.129496402873866,8.553935860058687,4.784768211918638,0.1465973818328536,0.2297297297297297,0.2130777903043968,-5.005155372246572,0.3447281909552284,-2.330213590645672,0.0,0.0,10.659172202349666,1.686474250137772,4648.900000333786,historical7d|1s|1|PRIMARY|SELL|1789743963.942000,33.0,149.0,1.1073825503355705,50.00007152557373,50.99987983703613,0.9803958692715127,-0.8000000000010914,-1.3950000000004366,0.8000000000010914,1.3950000000004366,0.6956521739131123,0.24239791485652612,-0.4375,-0.22448979591836735,0.4375,0.22448979591836735,0.21301020408163265,0.40625,0.59375,0.7999999999992724,-0.31999999999970896,1.1600000000034925,1.0
historical7d,1s,1,PRIMARY,SELL,-1,148406,148454,1789745356.959,1789745404.968,48.008999824523926,emergency_stop,-15.112499999999043,0.0,-4.029999999999745,False,500.0,0.8379254457050263,0.8421052631562151,1.076086956521739,0.0204220558202697,0.0928433268857943,1.6093023255812615,0.2065727699532801,0.459770114942705,2.4959568733153983,0.0204220558202697,0.3125,0.1168384879725085,1.1495322106385566,-2.289384103362118,-0.5699259463617807,0.4332688588007253,0.3578663065495918,0.9016806426608434,0.9061784897007096,6041.917000293732,historical7d|1s|1|PRIMARY|SELL|1789745356.959000,24.0,99.0,1.2121212121212122,51.000118255615234,52.00004577636719,0.980770641528812,-0.2600000000002183,-0.8450000000011642,0.2600000000002183,0.8450000000011642,0.23214285714326316,0.16950852557700577,-0.4782608695652174,-0.30526315789473685,0.4782608695652174,0.30526315789473685,0.17299771167048056,-0.08695652173913043,0.7391304347826086,0.7999999999987873,-0.4000000000024253,0.9666666666659592,0.2472324723251691
historical7d,1s,1,PRIMARY,BUY,1,150249,150376,1789747214.968,1789747341.995,127.02700018882751,momentum_zero_cross,-12.037500000000136,2.5799999999999272,-3.2100000000000364,False,500.0,1.618937644341459,0.8358208955204025,2.140127388535032,0.0541727672033029,0.0798858773180625,4.177514792894428,2.77902621723046,1.868686868687648,1.4699570815455787,0.0541727672033029,0.1393939393939394,0.0573643410852713,2.3088279242067795,1.3090691356848811,1.80894852994583,0.1184022824533948,0.0874604847205781,3.4647327929855427,1.7887631904130907,7899.926000118256,historical7d|1s|1|PRIMARY|BUY|1789747214.968000,32.0,168.0,0.9523809523809523,50.99987983703613,50.99964141845703,1.0000046749069693,0.5750000000007276,1.8000000000010914,0.5750000000007276,1.8000000000010914,0.24008350730733172,0.13931888544903934,0.41935483870967744,0.14634146341463414,0.41935483870967744,0.14634146341463414,0.2730133752950433,0.2903225806451613,0.5161290322580645,0.7567567567562917,0.4594594594573335,0.7297297297311248,0.757309941521026
historical7d,1s,1,PRIMARY,SELL,-1,152112,153012,1789749091.967,1789749991.997,900.0299999713898,max_hold,20.88749999999891,9.63000000000011,-0.8500000000003638,False,500.0,1.3371537726839422,0.8181818181833215,1.5705521472392638,0.104060047765587,0.0771428571429818,2.478723404256297,1.9537953795369551,2.975609756095267,1.997080291970209,0.104060047765587,0.0793650793650793,0.0710526315789473,-0.4968863518389699,-0.0432849124332539,-0.2700856321361117,0.0114285714288208,0.0072463768117518,2.100069728877848,1.2849972113799406,9776.925000190737,historical7d|1s|1|PRIMARY|SELL|1789749091.967000,28.0,128.0,1.09375,51.000118255615234,51.999807357788086,0.980775138352063,-0.07999999999992724,-1.2249999999994543,0.07999999999992724,1.2249999999994543,0.06956521739093298,0.23266856600186162,-0.18518518518518517,-0.088,0.18518518518518517,0.088,0.09718518518518518,0.1111111111111111,0.5925925925925926,0.8437500000009326,-0.24999999999964473,0.8124999999974243,0.9504643962837697
historical7d,1s,1,PRIMARY,SELL,-1,153472,154045,1789750451.994,1789751026.864,574.8700001239777,emergency_stop,-15.262499999998909,2.539999999999964,-4.069999999999709,False,500.0,1.838532110090937,0.8,1.0873015873015872,0.0999672238606768,0.051896207584881,0.8245614035073863,3.758620689652534,3.49904397705682,2.7450381679384077,0.0999672238606768,0.1470588235294117,0.0313253012048192,-2.674482573549433,1.0135825217141263,-0.8304500259176535,0.0538922155687753,0.0377622377621735,1.9990388816068123,0.8698412698412699,11136.952000141144,historical7d|1s|1|PRIMARY|SELL|1789750451.994000,28.0,137.0,1.0218978102189782,51.999807357788086,51.000118255615234,1.0196017016502268,0.005000000000109139,-0.464999999999236,-0.005000000000109139,0.464999999999236,0.002583979328218814,0.05558876270164958,0.037037037037037035,-0.14074074074074075,-0.037037037037037035,0.14074074074074075,-0.17777777777777778,0.037037037037037035,0.8148148148148148,0.7222222222234854,-0.13888888888952047,0.722222222220959,0.795121951219404
historical7d,1s,1,PRIMARY,SELL,-1,155050,155174,1789752032.9550002,1789752156.89,123.93499970436096,emergency_stop,-15.637500000000273,2.8299999999999272,-4.170000000000073,False,500.0,1.3203883495148685,0.8888888888879265,0.8816326530612245,0.1218637992832618,0.0823529411763824,1.4190476190454329,0.6499999999993407,3.36633663366531,4.445801526716106,0.1218637992832618,0.1372549019607843,0.1161387631975867,-1.9472890146198767,-3.795801526716765,-2.871545270668321,0.0117647058826078,0.0047169811321781,1.1640974836539246,0.7836734693869066,12717.91300034523,historical7d|1s|1|PRIMARY|SELL|1789752032.955000,26.0,108.0,1.2037037037037037,51.000118255615234,51.000118255615234,1.0,-0.22999999999956344,-0.6849999999994907,0.22999999999956344,0.6849999999994907,0.23232323232241572,0.2104454685095271,-0.09090909090909091,-0.12871287128712872,0.09090909090909091,0.12871287128712872,-0.037803780378037805,0.0,0.68,0.9032258064496255,0.06451612903064918,0.5806451612905119,0.8918918918895002
historical7d,1s,1,PRIMARY,BUY,1,156834,157172,1789753819.984,1789754157.972,337.98799991607666,momentum_zero_cross,4.162499999998772,5.350000000000364,-0.9399999999995998,False,500.0,0.5940594059407595,0.9062499999981348,1.279279279279279,0.0589387115721316,0.1757575757574956,1.837837837834649,0.5114155251146142,0.8069705093840186,1.7397590361450113,0.0589387115721316,0.1285714285714285,0.063953488372093,1.0308673284506304,-1.228343511030397,-0.0987380912898834,0.0,0.0,0.7599678886809715,1.1593468468444608,14504.94200015068,historical7d|1s|1|PRIMARY|BUY|1789753819.984000,30.0,142.0,1.0563380281690142,52.99997329711914,51.999807357788086,1.0192340316272588,0.5650000000005093,0.9000000000005457,0.5650000000005093,0.9000000000005457,0.56218905472427,0.1576182136601891,0.3103448275862069,0.1366906474820144,0.3103448275862069,0.1366906474820144,0.1736541801041925,0.2413793103448276,0.5517241379310345,0.8787878787879623,-0.33333333333241466,0.5151515151518492,1.0
historical7d,1s,1,PRIMARY,BUY,1,161540,161865,1789758585.943,1789758913.959,328.0160000324249,momentum_zero_cross,-0.112499999999045,4.510000000000218,-0.9600000000000364,False,500.0,1.0588235294115644,1.0566037735844525,1.1857142857142855,0.0779369627503402,0.141414141413979,1.4166666666672982,0.9369369369387676,1.623880597015444,0.974889217134676,0.0779369627503402,0.036144578313253,0.1120507399577167,-0.2072139303481457,-0.0379522801959085,-0.1225831052720272,0.0101010101007688,0.0056338028167678,1.2554621848737122,1.252830188678708,19270.901000261307,historical7d|1s|1|PRIMARY|BUY|1789758585.943000,12.0,83.0,0.7228915662650601,49.99995231628418,51.000118255615234,0.9803889486232528,0.32000000000061846,0.45500000000083674,0.32000000000061846,0.45500000000083674,0.7441860465141366,0.12691771269213217,0.45454545454545453,0.04878048780487805,0.45454545454545453,0.04878048780487805,0.4057649667405765,-0.2727272727272727,0.5454545454545454,1.0769230769249605,-3.498056545289793e-12,0.6153846153856917,0.9349593495950108
historical7d,1s,1,PRIMARY,BUY,1,162405,163303,1789759468.945,1789760369.956,901.0110001564026,max_hold,28.050000000001774,12.539999999999964,-3.979999999999563,False,500.0,1.0194444444451245,0.9629629629638364,0.8843537414965986,0.0372895802258854,0.1416893732970486,0.6929133858273355,2.406504065037236,0.9162303664922165,1.672505712109708,0.0372895802258854,-0.0625,0.0087719298245614,-0.2233169806648809,0.733998352927528,0.2553406861313233,0.0871934604908346,0.0264244426095386,0.9015495086929672,0.8515998992197191,20153.90300011635,historical7d|1s|1|PRIMARY|BUY|1789759468.945000,22.0,65.0,1.6923076923076923,51.000118255615234,52.99997329711914,0.9622668669983535,0.2849999999998545,0.08999999999923602,0.2849999999998545,0.08999999999923602,0.26267281105910434,0.02735562309999642,-0.1,-0.07936507936507936,-0.1,-0.07936507936507936,-0.020634920634920645,-0.6190476190476191,0.38095238095238093,0.8666666666668688,0.49999999999848416,0.6666666666656561,0.6444444444429622
historical7d,1s,1,PRIMARY,BUY,1,164266,164451,1789761354.9889998,1789761545.753,190.76400017738345,momentum_zero_cross,-5.774999999999864,1.1000000000003638,-1.5399999999999636,False,500.0,0.614537444934118,0.7536231884068668,0.6708074534161491,0.0749613601227826,0.1863799283155103,2.01069518716796,1.3265993265983655,0.8738738738735417,1.2421052631577665,0.0749613601227826,0.1111111111111111,0.0313390313390313,1.1368213132944185,0.084494063440599,0.6106576883675087,0.0,0.0,0.4122362984651226,0.505536051850569,22039.947000026703,historical7d|1s|1|PRIMARY|BUY|1789761354.989000,9.0,54.0,0.8333333333333333,100.00002384185791,55.00006675720215,1.8181800448226384,0.27999999999974534,0.8850000000002183,0.27999999999974534,0.8850000000002183,0.4827586206915477,0.33843212237128406,0.0,0.09433962264150944,0.0,0.09433962264150944,-0.09433962264150944,-0.25,0.5,0.8125000000014211,-0.4374999999985789,0.5,1.0
historical7d,1s,1,PRIMARY,BUY,1,165521,165619,1789762637.884,1789762736.864,98.98000001907349,momentum_zero_cross,-8.625000000000682,1.0099999999993088,-2.300000000000182,False,500.0,0.8714652956293933,0.7878787878790802,1.0147058823529411,0.0904109589045295,0.1533923303836359,3.1559633027540084,0.6321243523302291,2.0135593220341907,1.4593967517402062,0.0904109589045295,-0.0144927536231884,0.0163934426229508,1.1424039807198176,-0.8272723994099771,0.1575657906549202,0.091445427728479,0.0331550802138479,0.8842809617415902,0.7994652406420077,23322.842000246048,historical7d|1s|1|PRIMARY|BUY|1789762637.884000,14.0,69.0,1.0144927536231882,103.00016403198242,55.500149726867676,1.8558538046991961,0.20499999999992724,0.8550000000004729,0.20499999999992724,0.8550000000004729,0.5774647887358584,0.287394957983405,0.07692307692307693,-0.029411764705882353,0.07692307692307693,-0.029411764705882353,0.10633484162895929,-0.6923076923076923,0.15384615384615385,0.9629629629654581,0.03703703703791035,0.4074074074069084,0.7019230769235563
historical7d,1s,1,PRIMARY,BUY,1,166562,167448,1789763699.963,1789764599.979,900.0160000324249,max_hold,8.362500000001774,3.6200000000008,-0.8799999999991996,False,500.0,2.390243902438616,1.094339622641898,1.1935483870967742,0.1610014247911715,0.0657596371882025,3.237288135597165,2.113207547168905,4.974842767293906,2.845686512758141,0.1610014247911715,0.1621621621621621,-0.0365591397849462,-1.737554631696741,-0.7324789655892356,-1.2350167986429883,0.0600907029481282,0.034505208333493,2.8528717545235094,1.3061472915403298,24384.921000242237,historical7d|1s|1|PRIMARY|BUY|1789763699.963000,14.0,74.0,0.9459459459459459,100.00014305114746,54.000139236450195,1.8518497260400983,0.3849999999993088,0.7099999999991269,0.3849999999993088,0.7099999999991269,0.5167785234890808,0.1873350923478316,0.38461538461538464,0.1506849315068493,0.38461538461538464,0.1506849315068493,0.23393045310853533,0.0,0.38461538461538464,1.2083333333319912,0.12499999999881577,0.45833333333530707,0.4699999999975262
historical7d,1s,1,PRIMARY,SELL,-1,170563,170761,1789767860.959,1789768061.913,200.95399975776672,momentum_zero_cross,-3.4875000000010914,1.819999999999709,-0.930000000000291,False,500.0,1.586516853932619,0.7703703703713285,1.2173913043478262,0.1733780760633205,0.1473087818697847,2.8860759493690704,1.9594594594585624,2.995169082129008,2.177641653905063,0.1733780760633205,0.2592592592592592,0.003076923076923,-0.1090931327599378,-0.2181821944465003,-0.163637663603219,0.0254957507082517,0.0121457489878741,1.9314118221788408,0.9378421900172697,28545.91700029373,historical7d|1s|1|PRIMARY|SELL|1789767860.959000,14.0,56.0,1.25,96.9998836517334,98.00004959106445,0.9897942302733054,-0.10999999999967258,-0.5749999999998181,0.10999999999967258,0.5749999999998181,0.3548387096779872,0.37216828478972785,-0.23076923076923078,-0.2830188679245283,0.23076923076923078,0.2830188679245283,-0.05224963715529751,-0.07692307692307693,0.46153846153846156,0.7536231884068668,-0.23188405797093808,0.4347826086974861,0.8615384615381602
historical7d,1s,2,PRIMARY,BUY,1,183416,184303,1789963659.3660002,1789964559.865,900.4989998340607,max_hold,-6.862499999999726,4.039999999999964,-3.729999999999563,False,500.0,2.351485148515402,0.4888888888886643,1.8333333333333333,0.1469824789095542,0.0463157894737378,2.5441176470570928,7.0882352941141855,6.142372881352839,4.496402877696783,0.1469824789095542,0.1632653061224489,0.0829875518672199,-3.598255234295746,2.591832416417403,-0.5032114089391713,0.0,0.0,4.31105610561157,0.8962962962958846,1850.076000213623,historical7d|1s|2|PRIMARY|BUY|1789963659.366000,26.0,99.0,1.3131313131313131,51.999568939208984,52.00004577636719,0.9999908300627224,0.23999999999978172,0.8899999999994179,0.23999999999978172,0.8899999999994179,0.12834224598913316,0.12936046511624372,0.25,0.17525773195876287,0.25,0.17525773195876287,0.07474226804123713,0.6,0.4,0.5238095238100394,-0.47619047618779514,0.8809523809519685,1.0
historical7d,1s,2,PRIMARY,SELL,-1,187143,187961,1789967510.961,1789968412.9859998,902.0249998569489,max_hold,14.512499999999587,8.699999999999818,-1.9699999999993447,False,500.0,1.0911086717888476,0.5882352941173953,0.9814814814814816,0.1277936962751745,0.1006036217304323,2.4430379746840254,0.5795053003531662,2.03652968036527,2.0179948586117487,0.1277936962751745,0.2307692307692307,0.1168831168831168,0.4065082943187552,-1.4384895582585826,-0.5159906319699137,0.0643863179074181,0.0291704649042596,1.0709029556446097,0.5773420479300361,5701.671000003815,historical7d|1s|2|PRIMARY|SELL|1789967510.961000,14.0,53.0,1.3207547169811322,99.99990463256836,56.49995803833008,1.7699111309910625,0.06000000000040018,-0.9549999999999272,-0.06000000000040018,0.9549999999999272,0.12000000000101864,0.3624288425049364,-0.23076923076923078,-0.21568627450980393,0.23076923076923078,0.21568627450980393,0.01508295625942685,0.46153846153846156,0.38461538461538464,0.6756756756758749,-0.16216216216083346,0.5945945945954583,0.7130044843051375
historical7d,1s,2,PRIMARY,SELL,-1,188443,189293,1789968909.7459998,1789969810.993,901.2470002174376,max_hold,-6.599999999997408,2.430000000000291,-3.9299999999993815,False,500.0,1.1197846567964127,0.7532467532475663,1.6435643564356437,0.0782563025205746,0.1394230769230643,2.2343749999932943,3.026737967914064,1.5684210526316495,1.5039281705946168,0.0782563025205746,0.0843373493975903,0.0332480818414322,0.6659539473616447,1.522809797319447,1.094381872340546,0.038461538461942,0.0532646048112159,1.840438148794104,1.2380095152385742,7100.455999851227,historical7d|1s|2|PRIMARY|SELL|1789968909.746000,15.0,83.0,0.9036144578313252,61.00022792816162,52.00016498565674,1.1730775843689607,-0.49499999999898137,-0.7549999999991996,0.49499999999898137,0.7549999999991996,0.7021276595694725,0.15024875621843076,-0.42857142857142855,-0.0975609756097561,0.42857142857142855,0.0975609756097561,0.3310104529616724,-0.7142857142857143,0.2857142857142857,0.8787878787879623,-0.15151515151573614,0.5454545454555476,0.8095238095218503
historical7d,1s,2,PRIMARY,SELL,-1,210978,211846,1789993811.904,1789994712.995,901.0910000801086,max_hold,-9.524999999999864,5.3200000000006185,-2.949999999999818,False,500.0,2.841698841697502,1.1153846153854898,1.8823529411764703,0.1245229007659851,0.0788043478261097,0.907407407405224,4.5128205128202135,3.8102189780994857,2.492499999999948,0.1245229007659851,0.1392405063291139,0.079295154185022,-2.902811570694261,2.0203205128202653,-0.4412455289369981,0.0557065217391337,0.0383536014967169,5.349080172607063,2.099547511313863,3809.7730000019073,historical7d|1s|2|PRIMARY|SELL|1789993811.904000,15.0,80.0,0.9375,52.00028419494629,54.99982833862305,0.9454626635339812,-0.24499999999898137,-0.1749999999992724,0.24499999999898137,0.1749999999992724,0.26486486486449284,0.04074505238636034,-0.14285714285714285,-0.1282051282051282,0.14285714285714285,0.1282051282051282,0.014652014652014655,0.42857142857142855,0.5714285714285714,0.7837837837839167,-0.4594594594597916,0.5945945945954583,0.44594594594597914
historical7d,1s,3,PRIMARY,SELL,-1,222144,222472,1790005642.848,1790005976.655,333.8069999217987,emergency_stop,-15.0,0.0,-4.0,False,500.0,1.056244041945081,0.9666666666659592,0.9936305732484076,0.1214905564076642,0.1046931407941941,1.336898395721353,0.2473684210513769,1.7794392523357292,1.8323207776426376,0.1214905564076642,-0.0389610389610389,0.0504587155963302,-0.4425408566143762,-1.5849523565912609,-1.0137466066028185,0.1462093862818018,0.0466858789626105,1.0495163728881058,0.9605095541394244,4165.96799993515,historical7d|1s|3|PRIMARY|SELL|1790005642.848000,7.0,78.0,0.44871794871794873,274.0001678466797,55.9999942779541,4.8928606400688,-0.009999999999308784,-0.6499999999996362,0.009999999999308784,0.6499999999996362,0.11111111110437412,0.18950437317832342,0.0,0.02631578947368421,-0.0,-0.02631578947368421,0.02631578947368421,-0.5,0.16666666666666666,0.8055555555561872,-0.1111111111111111,0.5277777777771462,0.24299065420417754
historical7d,1s,3,PRIMARY,BUY,1,223407,224292,1790006919.9699998,1790007820.923,900.9530003070832,max_hold,9.82499999999959,3.069999999999709,-1.1199999999998909,False,500.0,0.8671963677640677,0.8666666666668688,0.922077922077922,0.0454785827612015,0.1361256544503864,2.9681528662401786,1.3269230769233236,0.8171021377675903,1.405049396267668,0.0454785827612015,0.2112676056338028,0.029126213592233,2.151050728472588,-0.0781263193443444,1.0364622045641216,0.0,0.0,0.7996226248214131,0.7991341991343854,5443.089999675751,historical7d|1s|3|PRIMARY|BUY|1790006919.970000,22.0,71.0,1.5492957746478875,60.00018119812012,97.49984741210938,0.6153874369106772,0.7899999999999636,1.125,0.7899999999999636,1.125,0.797979797979204,0.3694581280788089,0.6190476190476191,0.2,0.6190476190476191,0.2,0.41904761904761906,0.23809523809523808,0.5714285714285714,0.8666666666668688,-0.26666666666626243,0.5333333333325249,1.0
historical7d,1s,3,PRIMARY,SELL,-1,225378,225515,1790008907.91,1790009044.879,136.9689998626709,momentum_zero_cross,-0.3375000000005457,2.5700000000006185,-0.5100000000002183,False,500.0,1.922480620154948,0.625,1.374233128834356,0.0447171674428832,0.0460829493087219,4.674846625765556,5.325102880662743,1.4813084112162402,1.3895953757226522,0.0447171674428832,0.0535714285714285,-0.0544918998527245,3.1935382145493163,3.935507504940091,3.564522859744704,0.0092165898615348,0.0916334661352928,2.6419365577589478,0.8588957055214724,7431.02999997139,historical7d|1s|3|PRIMARY|SELL|1790008907.910000,28.0,112.0,1.25,52.99997329711914,52.99997329711914,1.0,-0.625,-1.9150000000008731,0.625,1.9150000000008731,0.3894080996885794,0.30133752950457166,0.1111111111111111,-0.06306306306306306,-0.1111111111111111,0.06306306306306306,-0.17417417417417416,0.5185185185185185,0.3333333333333333,0.5970149253725265,-0.20895522387970555,0.7164179104497467,0.9601990049760699
historical7d,1s,3,PRIMARY,SELL,-1,226061,226790,1790009590.981,1790010322.998,732.0170001983643,take_profit,93.9750000000015,25.0600000000004,-0.8800000000001091,False,500.0,1.5022381378694234,0.8484848484842639,1.1333333333333333,0.1046335299070272,0.0667461263408259,0.6760563380289388,3.1007194244626723,1.8537313432841664,1.4613402061860137,0.1046335299070272,0.0508474576271186,-0.037593984962406,-1.1776750052552276,1.639379218276659,0.2308521065107155,0.0226460071512161,0.1310751104564687,1.7025365562520132,0.961616161615499,8114.100999832153,historical7d|1s|3|PRIMARY|SELL|1790009590.981000,27.0,119.0,1.134453781512605,52.99997329711914,52.00004577636719,1.019229358471188,-0.3600000000005821,-0.3350000000009459,0.3600000000005821,0.3350000000009459,0.3789473684221007,0.06914344685270762,-0.23076923076923078,-0.042735042735042736,0.23076923076923078,0.042735042735042736,0.18803418803418803,0.11538461538461539,0.5769230769230769,0.9333333333319186,-3.0316490059079228e-12,0.5333333333325249,0.753246753248594
historical7d,1s,3,PRIMARY,BUY,1,234729,234940,1790018369.8179998,1790018583.995,214.17700028419492,emergency_stop,-16.125000000000682,0.430000000000291,-4.300000000000182,False,500.0,1.343320848938285,0.8275862068959029,1.0285714285714285,0.1499390491684557,0.0892193308549507,2.8314606741596458,2.5923344947752507,1.9732620320840168,2.2152713891448026,0.1499390491684557,0.323943661971831,0.0451977401129943,0.8581986420756291,0.3770631056304481,0.6176308738530387,0.0148698884758251,0.006530612244892,1.381701444622236,0.8512315270929286,3365.409999847412,historical7d|1s|3|PRIMARY|BUY|1790018369.818000,27.0,72.0,1.875,50.999999046325684,55.9999942779541,0.9107143617406261,0.555000000000291,1.2399999999997817,0.555000000000291,1.2399999999997817,0.4723404255331863,0.4644194756556527,0.38461538461538464,0.3142857142857143,0.38461538461538464,0.3142857142857143,0.07032967032967036,-0.3076923076923077,0.6153846153846154,0.8571428571428571,0.03571428571184957,0.6071428571436692,0.9413919413919853
historical7d,1s,4,PRIMARY,SELL,-1,258528,258854,1790052568.997,1790052905.838,336.84100008010864,emergency_stop,-15.524999999997815,1.050000000000182,-4.139999999999418,False,500.0,1.3873873873877285,0.6419753086399514,1.5488721804511278,0.0585759382678859,0.0750360750358724,1.590909090908903,3.005714285718574,1.6332518337408444,4.505263157896631,0.0585759382678859,0.029126213592233,0.0797546012269938,-0.0423427428319413,-1.4995488721780572,-0.7709458075049993,0.1298701298700719,0.0525087514585514,2.1488857278336244,0.9943376960889474,2714.2309999465942,historical7d|1s|4|PRIMARY|SELL|1790052568.997000,17.0,103.0,0.8252427184466019,54.9999475479126,53.00009250640869,1.037733048131229,-0.3350000000009459,-0.6650000000008731,0.3350000000009459,0.6650000000008731,0.2586872586876112,0.0980103168756439,-0.25,-0.0196078431372549,0.25,0.0196078431372549,0.2303921568627451,-0.0625,0.8125,0.7428571428543959,-0.08571428571606758,0.9428571428585535,0.22746781115908643
historical7d,1s,4,PRIMARY,SELL,-1,262899,263135,1790057264.7849998,1790057517.7500002,252.96500039100647,momentum_zero_cross,-2.8500000000008185,2.100000000000364,-0.7600000000002183,False,500.0,0.7870129870132686,0.7733333333322985,0.5625,0.098392787143321,0.191419141914126,0.7096774193518102,0.9383561643828404,1.5736677115983886,1.816849816849384,0.098392787143321,-0.1111111111111111,-0.072,-0.8639902922465784,-0.8784936524665435,-0.871241972356561,0.1287128712875091,0.1426991150443305,0.4426948051949635,0.4349999999994179,2191.9579997062683,historical7d|1s|4|PRIMARY|SELL|1790057264.785000,4.0,27.0,0.7407407407407407,102.00023651123047,130.00011444091797,0.7846165132230496,-0.08499999999912689,-0.22999999999956344,0.08499999999912689,0.22999999999956344,0.5151515151434976,0.1642857142852317,-0.3333333333333333,0.07692307692307693,0.3333333333333333,-0.07692307692307693,0.41025641025641024,0.3333333333333333,0.6666666666666666,0.9666666666659592,0.23333333333222173,0.5000000000015158,0.617647058820697
historical7d,1s,4,PRIMARY,SELL,-1,290291,290549,1790086813.869,1790087072.963,259.0940001010895,emergency_stop,-15.075000000001635,0.5099999999993088,-4.020000000000437,False,500.0,1.13583138173299,0.838709677421437,0.9403973509933776,0.0637202317105345,0.1072164948454428,0.8928571428579549,-0.5081433224748598,1.6141304347839116,1.372767857143037,0.0637202317105345,0.323943661971831,0.1992945326278659,-0.7212732919259567,-1.8809111796178968,-1.3010922357719268,0.3567010309277182,0.135473766640525,1.0681328225568516,0.7887203588996295,1819.5099999904637,historical7d|1s|4|PRIMARY|SELL|1790086813.869000,24.0,71.0,1.6901408450704227,55.00006675720215,55.500030517578125,0.990991648910578,0.19000000000050932,-0.42000000000007276,-0.19000000000050932,0.42000000000007276,0.18095238095267793,0.14946619217096824,-0.30434782608695654,-0.34285714285714286,0.30434782608695654,0.34285714285714286,-0.03850931677018632,0.391304347826087,0.43478260869565216,0.7878787878796231,-0.3030303030287162,0.6060606060574324,0.05202312138738052
historical7d,1s,0,SECONDARY,SELL,-1,5796,6426,1789576468.965,1789577098.9699998,630.0049998760223,take_profit,30.525000000001224,8.140000000000327,-2.149999999999636,False,500.0,2.1266794625723198,0.7714285714264183,1.010752688172043,0.1818967006392535,0.0487364620937777,4.372881355927535,2.5370843989775604,4.57826086956333,2.9639175257751966,0.1818967006392535,0.2747252747252747,0.1743119266055046,-0.2053795136357949,-0.4268331267976362,-0.3161063202167156,0.0027075812273317,0.0025706940873042,2.1495469836752474,0.7797235023019712,5889.860999822617,historical7d|1s|0|SECONDARY|SELL|1789576468.965000,27.0,94.0,1.4361702127659575,49.99995231628418,52.99997329711914,0.9433958020315073,-0.4899999999997817,-1.944999999999709,0.4899999999997817,1.944999999999709,0.453703703702768,0.48685857321657194,-0.38461538461538464,-0.28888888888888886,0.38461538461538464,0.28888888888888886,0.09572649572649577,0.0,0.7692307692307693,1.0384615384624802,-0.07692307692496049,0.46153846154276684,0.9848866498746394
historical7d,1s,0,SECONDARY,SELL,-1,7491,7693,1789578167.976,1789578369.926,201.9500000476837,take_profit,30.41249999999877,8.109999999999673,0.0,False,500.0,1.801181102362517,0.4615384615384615,1.0363636363636364,0.1241592437738618,0.0262295081966932,4.80459770114534,3.684210526317671,3.794444444445031,1.691780821918499,0.1241592437738618,0.1504424778761062,0.0574374079528718,1.0101532567003093,1.9924297043991712,1.5012914805497406,0.0,0.0,1.8666785969938813,0.4783216783216784,7588.871999979019,historical7d|1s|0|SECONDARY|SELL|1789578167.976000,27.0,114.0,1.1842105263157894,52.99997329711914,52.99997329711914,1.0,-1.4950000000008004,-2.194999999999709,1.4950000000008004,2.194999999999709,0.7608142493656272,0.4192932187200506,-0.15384615384615385,-0.16071428571428573,0.15384615384615385,0.16071428571428573,-0.0068681318681318715,-0.038461538461538464,0.6538461538461539,0.41379310344795145,-0.5862068965520486,0.9655172413816895,1.0
historical7d,1s,0,SECONDARY,BUY,1,10343,10578,1789581024.99,1789581259.9859998,234.99599981307983,emergency_stop,-15.86249999999836,1.300000000000182,-4.229999999999563,False,500.0,1.7679180887367112,1.0,1.010752688172043,0.1271331058020362,0.0746460746460785,5.469879518069438,3.3918918918919583,2.6140350877181646,2.5466417910445243,0.1271331058020362,0.2391304347826087,-0.037037037037037,2.855844430351273,0.845250100847434,1.8505472655993531,0.0,0.0,1.7869279606586113,1.010752688172043,10445.885999917984,historical7d|1s|0|SECONDARY|BUY|1789581024.990000,16.0,94.0,0.851063829787234,88.99998664855957,59.00001525878906,1.5084739598487054,0.5799999999990177,2.234999999998763,0.5799999999990177,2.234999999998763,0.8169014084513718,0.3810741687979936,0.42857142857142855,0.23076923076923078,0.42857142857142855,0.23076923076923078,0.19780219780219777,-0.2,0.4,1.0,0.13793103448265048,0.6896551724163885,1.0
historical7d,1s,0,SECONDARY,BUY,1,11389,11835,1789582071.959,1789582518.9580002,446.9990000724793,emergency_stop,-15.67500000000109,1.809999999999491,-4.180000000000291,False,500.0,2.261153427639329,0.5172413793122914,1.2916666666666667,0.2595924847842881,0.0288739172282055,6.0256410256369,5.447852760739496,3.69491525423687,1.37984496124038,0.2595924847842881,0.0909090909090909,0.1375770020533881,2.33072577140003,4.068007799499116,3.1993667854495733,0.0,0.0,2.9206565107008,0.6681034482783764,11492.855000019072,historical7d|1s|0|SECONDARY|BUY|1789582071.959000,33.0,124.0,1.3306451612903225,51.000118255615234,51.000118255615234,1.0,2.0250000000005457,2.355000000000473,2.0250000000005457,2.355000000000473,0.6438791732915807,0.3631457208944629,0.1875,0.1,0.1875,0.1,0.0875,0.15625,0.65625,0.5000000000015158,-0.4333333333334344,1.033333333331009,1.0
historical7d,1s,0,SECONDARY,BUY,1,21027,21349,1789592041.932,1789592367.977,326.04500007629395,take_profit,30.67500000000109,8.180000000000291,-2.130000000000109,False,500.0,1.6739495798326047,0.8846153846164609,1.2692307692307692,0.1031031031031268,0.0923694779118446,6.484210526306841,3.5542857142843007,2.658064516128063,3.177257525083236,0.1031031031031268,0.3846153846153846,0.0666666666666666,3.826146010178778,0.3770281892010652,2.101587099689922,0.0,0.0,2.12462831286446,1.1227810650901235,21462.82799983025,historical7d|1s|0|SECONDARY|BUY|1789592041.932000,20.0,66.0,1.5151515151515151,52.99997329711914,56.999921798706055,0.9298253686081773,0.8599999999996726,1.5549999999993815,0.8599999999996726,1.5549999999993815,0.9247311827959618,0.5603603603603946,0.7894736842105263,0.40625,0.7894736842105263,0.40625,0.3832236842105263,0.21052631578947367,0.7894736842105263,0.7796610169505634,-0.06779661016787163,0.7118644067765257,1.0
historical7d,1s,0,SECONDARY,BUY,1,21573,21587,1789592591.9859998,1789592605.997,14.011000156402588,emergency_stop,-19.6875,2.300000000000182,-5.25,False,500.0,13.250000000001403,0.96666666666889,2.796610169491525,0.0963520614389708,0.0122959508161956,14.978102189769936,19.418867924517308,18.975124378115687,-12.428015564209046,0.0963520614389708,0.0306748466257668,0.0699904122722914,-3.9970221883457526,31.846883488726355,13.9249306501903,0.0,0.5661730893037943,37.05508474576664,2.703389830514692,22012.881999731064,historical7d|1s|0|SECONDARY|BUY|1789592591.986000,33.0,165.0,1.0,51.49996280670166,51.000118255615234,1.0098008508251133,1.4899999999997817,5.260000000000218,1.4899999999997817,5.260000000000218,0.2950495049504943,0.18639262934094109,0.0,0.037037037037037035,0.0,0.037037037037037035,-0.037037037037037035,-0.21875,0.71875,0.42647058823505807,-0.5882352941168603,2.3676470588220346,1.0
historical7d,1s,0,SECONDARY,SELL,-1,22056,22102,1789593074.971,1789593120.957,45.98600006103516,take_profit,32.40000000000123,8.640000000000327,-1.050000000000182,False,500.0,3.956967213114934,0.9333333333319186,2.102564102564102,0.1135575694909134,0.0290005178663621,9.906779661024114,4.1749502982117015,5.581464872944834,5.983277591974095,0.1135575694909134,0.1677018633540372,0.0627530364372469,4.32531478807928,-1.808327293762393,1.2584937471584428,0.0258933195235611,0.0112384805574282,8.31977721731858,1.962393162390188,22495.86699986458,historical7d|1s|0|SECONDARY|SELL|1789593074.971000,34.0,164.0,1.0365853658536586,49.99995231628418,50.99987983703613,0.9803935318289553,-1.660000000000764,-5.635000000000218,1.660000000000764,5.635000000000218,0.6014492753627463,0.3806146572104559,-0.375,-0.1625,0.375,0.1625,0.2125,0.0,0.7575757575757576,0.6511627906973301,-0.5581395348855409,1.0000000000010576,0.9172185430463696
historical7d,1s,0,SECONDARY,SELL,-1,23257,23276,1789594275.981,1789594294.995,19.014000177383423,emergency_stop,-15.03750000000082,1.0399999999999636,-4.010000000000218,False,500.0,2.497668221185704,0.2790697674417129,1.1144578313253013,0.1980501697885239,0.0064017071218936,2.562724014337656,3.394160583941379,5.593194122196294,6.956647398845602,0.1980501697885239,0.0329670329670329,0.0634920634920634,-3.0304701078586382,-3.562486814904223,-3.2964784613814304,0.0,0.0,2.7835459091527426,0.3110114878115475,23696.87699985504,historical7d|1s|0|SECONDARY|SELL|1789594275.981000,38.0,185.0,1.027027027027027,50.99987983703613,50.499916076660156,1.0099002889354711,-1.5399999999990541,-3.014999999999418,1.5399999999990541,3.014999999999418,0.38596491228083774,0.16408163265314324,-0.13513513513513514,-0.027624309392265192,0.13513513513513514,0.027624309392265192,0.10751082574286995,0.05405405405405406,0.8378378378378378,0.29268292682910596,-0.39024390243880797,1.48780487804851,1.0
historical7d,1s,0,SECONDARY,BUY,1,23744,23904,1789594762.982,1789594922.984,160.0019998550415,take_profit,33.899999999999864,9.039999999999964,-1.3299999999999272,False,500.0,0.8315270935960793,0.6046511627893204,1.0328358208955224,0.062238547087047,0.0410742496049465,1.613356766257013,1.0273722627734878,1.5937295885043936,1.9442119944209828,0.062238547087047,0.1242603550295858,0.0039920159680638,0.0196271777526193,-0.916839731647495,-0.4486062769474377,0.0,0.0201940209859526,0.8588309683111744,0.6245053800749398,24183.87800002098,historical7d|1s|0|SECONDARY|BUY|1789594762.982000,33.0,173.0,0.9537572254335259,50.00019073486328,50.499916076660156,0.990104432232357,0.6049999999995634,2.375,0.6049999999995634,2.375,0.2358674463938797,0.15007898894157579,0.22580645161290322,0.13095238095238096,0.22580645161290322,0.13095238095238096,0.09485407066052226,-0.03125,0.90625,0.44827586206783,-0.2586206896561457,1.1896551724163886,1.0
historical7d,1s,0,SECONDARY,BUY,1,24048,24056,1789595066.998,1789595074.951,7.952999830245972,emergency_stop,-15.375000000001364,0.0,-4.100000000000364,False,500.0,0.9819376026273408,0.5227272727282828,0.918429003021148,0.0999301187980163,0.0307692307692925,0.6457242582894496,1.5496688741717135,1.6493656286042853,11.152759948653136,0.0999301187980163,0.0273972602739726,-0.0323275862068965,-1.0036413703148357,-9.603091074481425,-5.303366222398129,0.0026755852843392,0.0007786645902447,0.9018399734100048,0.4800878879438005,24487.89400005341,historical7d|1s|0|SECONDARY|BUY|1789595066.998000,29.0,152.0,0.9539473684210527,50.00007152557373,50.99987983703613,0.9803958692715127,1.109999999998763,0.9249999999992724,1.109999999998763,0.9249999999992724,0.5162790697669539,0.08813720819434806,0.18518518518518517,0.0273972602739726,0.18518518518518517,0.0273972602739726,0.15778792491121257,0.03571428571428571,0.8928571428571429,0.5567010309267137,-0.04123711340295115,1.2577319587637565,0.9807692307688103
historical7d,1s,0,SECONDARY,SELL,-1,24443,24528,1789595461.966,1789595546.994,85.02799987792969,take_profit,30.59999999999945,8.159999999999854,-0.6700000000000728,False,500.0,1.3363257454312154,0.6666666666666666,1.0481927710843373,0.0835990888382157,0.0278310940499003,2.955631399317063,3.434914228053241,1.4307992202729023,6.616330114133483,0.0835990888382157,0.2138728323699422,0.060665362035225,1.5248321790441604,-3.181415886080241,-0.8282918535180404,0.0244721689058731,0.0130568356374399,1.4007269861748883,0.6987951807228915,24882.86199998856,historical7d|1s|0|SECONDARY|SELL|1789595461.966000,37.0,174.0,1.0632183908045978,49.99995231628418,50.99964141845703,0.98039811507751,-1.7399999999997817,-4.190000000000509,1.7399999999997817,4.190000000000509,0.5353846153842485,0.28234501347705127,-0.3888888888888889,-0.20930232558139536,0.3888888888888889,0.20930232558139536,0.17958656330749354,0.08333333333333333,0.75,0.7341772151898152,-0.2025316455694454,1.1898734177222186,0.8859060402687977
historical7d,1s,0,SECONDARY,SELL,-1,24619,24658,1789595637.978,1789595676.9539998,38.97599983215332,emergency_stop,-16.875,0.4200000000000727,-4.5,False,500.0,1.3363257454310988,0.4597701149421682,1.065868263473054,0.0623985154256841,0.0191938579654351,3.348909657321401,3.051740357478238,1.2889314805940622,9.654082528531454,0.0623985154256841,0.0171428571428571,-0.016453382084095,2.059978176727338,-6.602342171053216,-2.271181997162939,0.0273512476006687,0.0093182932809856,1.4243472017169796,0.4900543740102152,25058.87399983406,historical7d|1s|0|SECONDARY|SELL|1789595637.978000,37.0,178.0,1.0393258426966292,49.4999885559082,50.00019073486328,0.9899959945831506,-1.5300000000006548,-5.175000000001091,1.5300000000006548,5.175000000001091,0.2936660268717811,0.29328421649200886,-0.16666666666666666,-0.011494252873563218,0.16666666666666666,0.011494252873563218,0.15517241379310343,-0.027777777777777776,0.75,0.5555555555555556,-0.6111111111123743,1.361111111114269,0.9015544041454415
historical7d,1s,0,SECONDARY,SELL,-1,24750,24762,1789595768.968,1789595780.988,12.019999980926514,emergency_stop,-17.775000000002592,2.5999999999994543,-4.740000000000691,False,500.0,1.1555555555554773,0.6222222222233001,1.0930232558139534,0.0198030755614328,0.027613412228863,3.791277258566958,2.4963636363627315,0.3304107060450481,6.75812274368114,0.0198030755614328,0.1290322580645161,-0.0292728989612842,3.46086655252191,-4.261759107318408,-0.4004462773982493,0.035996055226805,0.0150919991730324,1.2630490956071496,0.6801033591743048,25189.8639998436,historical7d|1s|0|SECONDARY|SELL|1789595768.968000,37.0,188.0,0.9840425531914894,49.99995231628418,50.00019073486328,0.9999952316466078,-1.6550000000006548,-6.260000000000218,1.6550000000006548,6.260000000000218,0.4101610904582955,0.37916414294342804,-0.08571428571428572,-0.13513513513513514,0.08571428571428572,0.13513513513513514,-0.04942084942084943,-0.08333333333333333,0.8611111111111112,0.6086956521752884,-0.36956521738945614,1.1739130434761118,0.8898113207547829
historical7d,1s,0,SECONDARY,BUY,1,24915,24953,1789595933.964,1789595971.9889998,38.02499985694885,emergency_stop,-16.575000000000273,0.0,-4.420000000000073,False,500.0,0.6303330580787642,0.6086956521733113,0.9540229885057472,0.0453336228893866,0.0489082969431838,1.8335684062058435,0.8223495702003326,0.7706506691276896,0.4389891696748845,0.0453336228893866,0.1204819277108433,-0.026639344262295,1.0629177370781535,0.3833604005254481,0.723139068801801,0.0655021834062682,0.1464421855146329,0.6013522278222693,0.5807096451768372,25354.859999895096,historical7d|1s|0|SECONDARY|BUY|1789595933.964000,31.0,166.0,0.9337349397590361,52.99997329711914,51.000118255615234,1.039212753026974,2.1299999999991996,3.2449999999989814,2.1299999999991996,3.2449999999989814,0.4329268292682837,0.18697781619132373,-0.06666666666666667,0.11515151515151516,-0.06666666666666667,0.11515151515151516,-0.18181818181818182,0.0,0.6,0.6666666666659449,-0.3333333333340552,1.0952380952401577,0.8340707964597571
historical7d,1s,0,SECONDARY,BUY,1,25894,25937,1789596912.948,1789596955.987,43.03900003433228,emergency_stop,-18.71249999999918,2.8200000000006185,-4.989999999999782,False,500.0,1.16854599406535,0.6373626373620224,0.9797101449275364,0.0772232362011732,0.029456576942606,0.4972067039108075,1.4545454545454546,1.3848758465012292,1.129136400322711,0.0772232362011732,0.1393939393939394,0.019019019019019,-0.8876691425904216,0.3254090542227439,-0.2811300441838388,0.0,0.0,1.144836365200256,0.6244306418213437,26333.84399986267,historical7d|1s|0|SECONDARY|BUY|1789596912.948000,35.0,169.0,1.0355029585798818,50.50015449523926,51.49984359741211,0.9805885021712359,1.4899999999997817,0.8950000000004366,1.4899999999997817,0.8950000000004366,0.44345238095247924,0.06845124282990511,0.35294117647058826,0.14634146341463414,0.35294117647058826,0.14634146341463414,0.20659971305595412,0.0,0.9411764705882353,0.7435897435890261,-0.6153846153835391,1.2051282051255143,1.0
historical7d,1s,0,SECONDARY,BUY,1,26762,26863,1789597780.968,1789597881.968,101.0,take_profit,31.20000000000232,8.320000000000618,-0.0799999999999272,False,500.0,1.1704851752022705,0.6086956521733113,0.926829268292683,0.0834101382488169,0.0322394933793589,0.7684391080620685,0.9017773620204824,1.1765980498374893,0.0185633575463713,0.0834101382488169,-0.0993377483443708,-0.0335570469798657,-0.4081589417754208,0.8832140044741112,0.2375275313493452,0.0,0.3386828998339281,1.0848399184801532,0.5641569459167276,27201.8639998436,historical7d|1s|0|SECONDARY|BUY|1789597780.968000,25.0,152.0,0.8223684210526316,53.50005626678467,51.000118255615234,1.0490182787153475,0.9750000000003638,1.3250000000007276,0.9750000000003638,1.3250000000007276,0.43820224719074485,0.1116729877792116,-0.043478260869565216,-0.09333333333333334,-0.043478260869565216,-0.09333333333333334,0.04985507246376812,-0.3333333333333333,0.5,0.7777777777777778,0.08333333333270174,1.5277777777796726,1.0
historical7d,1s,0,SECONDARY,BUY,1,27068,27158,1789598086.937,1789598176.878,89.94099998474121,emergency_stop,-15.2250000000015,2.319999999999709,-4.0600000000004,False,500.0,0.8200068050358169,0.5869565217400331,0.925,0.087346221441127,0.0448132780083671,0.9743589743587352,2.431125131440426,1.0769230769230769,1.5609362389021966,0.087346221441127,-0.0694444444444444,-0.0886917960088691,-0.1025641025643416,0.8701888925382293,0.3838123949869438,0.0058091286306807,0.0034965034964892,0.7585062946581307,0.5429347826095307,27507.832999944687,historical7d|1s|0|SECONDARY|BUY|1789598086.937000,37.0,148.0,1.25,50.50003528594971,51.000118255615234,0.9901944743116264,1.3650000000006912,1.3650000000006912,1.3650000000006912,1.3650000000006912,0.5628865979379649,0.2168387609210662,-0.14285714285714285,-0.07692307692307693,-0.14285714285714285,-0.07692307692307693,-0.06593406593406592,0.19444444444444445,0.5833333333333334,1.227272727273291,0.227272727273291,1.227272727269157,0.9591836734695609
historical7d,1s,0,SECONDARY,BUY,1,27279,27296,1789598297.943,1789598314.9580002,17.015000104904175,emergency_stop,-16.049999999999045,0.0,-4.279999999999745,False,500.0,0.7409235107507068,0.6436781609190355,0.940809968847352,0.0560848314141134,0.0532825880113773,1.050179211469652,0.8878048780487566,0.8596825396824959,0.3688458434220543,0.0560848314141134,-0.027027027027027,-0.0893970893970894,0.1904966717871561,0.5189590346267023,0.3547278532069292,0.0028544243576441,0.2038781163435146,0.6970682250676432,0.6055788305219586,27718.83899998665,historical7d|1s|0|SECONDARY|BUY|1789598297.943000,29.0,151.0,0.9602649006622517,51.000118255615234,50.999999046325684,1.0000023374370937,1.1199999999998909,1.425000000000182,1.1199999999998909,1.425000000000182,0.6153846153831162,0.16560139453793127,0.07142857142857142,-0.034013605442176874,0.07142857142857142,-0.034013605442176874,0.1054421768707483,0.07142857142857142,0.7142857142857143,0.9333333333319186,0.06666666666504979,1.3666666666683847,0.9847715736046467
historical7d,1s,0,SECONDARY,BUY,1,27451,28004,1789598469.975,1789599022.907,552.9319999217987,take_profit,30.7124999999985,8.1899999999996,-2.25,False,500.0,0.6252220248667011,0.6753246753248594,0.825,0.0619469026548827,0.0590909090909635,0.7740740740735064,1.1525423728813784,0.6481481481481657,0.678210678210579,0.0619469026548827,-0.0153846153846153,-0.0577181208053691,0.1259259259253407,0.4743316946707994,0.30012881029807,0.0147727272726375,0.0067010309277945,0.5158081705150284,0.5571428571430089,27890.8710000515,historical7d|1s|0|SECONDARY|BUY|1789598469.975000,31.0,132.0,1.1742424242424243,50.99987983703613,52.99997329711914,0.9622623685323305,0.6299999999991996,1.109999999998763,0.6299999999991996,1.109999999998763,0.45985401459829783,0.16666666666671218,0.26666666666666666,-0.007751937984496124,0.26666666666666666,-0.007751937984496124,0.2744186046511628,0.2,0.6,1.0263157894742512,0.1578947368407196,0.552631578944912,1.0
historical7d,1s,0,SECONDARY,BUY,1,36877,36934,1789617600.971,1789617657.826,56.855000019073486,take_profit,30.337500000000546,8.090000000000146,-0.4600000000000364,False,500.0,2.091111111110656,0.5714285714279527,1.963302752293578,0.0489819439108469,0.0510095642932593,8.433566433565632,4.112280701756895,2.543640897755654,2.170568561872943,0.0489819439108469,0.0093457943925233,-0.0845771144278607,5.889925535809978,1.9417121398839516,3.915818837846965,0.0318809776832387,0.0233644859812514,4.1054841997952325,1.121887287023687,1321.3580000400543,historical7d|1s|0|SECONDARY|BUY|1789617600.971000,33.0,107.0,1.5420560747663552,50.50003528594971,52.00004577636719,0.9711536698088985,3.1200000000008004,3.1049999999995634,3.1200000000008004,3.1049999999995634,0.4837209302327641,0.2404181184668489,0.375,0.018867924528301886,0.375,0.018867924528301886,0.3561320754716981,0.125,0.75,0.5333333333330639,-0.6666666666673403,0.7999999999995958,0.9362380446335223
historical7d,1s,0,SECONDARY,BUY,1,37254,37536,1789617977.909,1789618261.937,284.02800011634827,emergency_stop,-15.599999999999454,6.489999999999782,-4.159999999999855,False,500.0,2.260109289616709,0.6428571428559055,1.7096774193548387,0.1465346534653909,0.0522243713732153,8.240000000000387,5.101754385966547,3.829944547135253,8.163879598660271,0.1465346534653909,0.0857142857142857,-0.0540037243947858,4.410055452865134,-3.062125212693724,0.6739651200857049,0.0261121856866956,0.0103369065850094,3.864057817731793,1.099078341011709,1698.2960000038147,historical7d|1s|0|SECONDARY|BUY|1789617977.909000,21.0,106.0,0.9905660377358491,50.50003528594971,51.000118255615234,0.9901944743116264,1.3249999999989086,3.019999999999527,1.3249999999989086,3.019999999999527,0.5419222903881662,0.3638554216862833,0.2,0.07692307692307693,0.2,0.07692307692307693,0.12307692307692308,0.3,0.7,0.5869565217380559,-0.4130434782619441,0.7173913043495883,0.915094339622512
historical7d,1s,0,SECONDARY,BUY,1,57432,57785,1789640119.977,1789640477.561,357.58399987220764,emergency_stop,-15.074999999998225,4.270000000000437,-4.019999999999527,False,500.0,1.609065155807564,0.7352941176467441,0.7924528301886793,0.1150843616216686,0.0880281690140799,2.701492537305045,1.954545454543307,2.856249999999169,4.490463215258648,0.1150843616216686,0.0476190476190476,-0.0812324929971988,-0.1547574626941239,-2.5359177607153405,-1.345337611704732,0.0,0.0,1.2751082366776922,0.58268590455025,6625.933000087738,historical7d|1s|0|SECONDARY|BUY|1789640119.977000,11.0,42.0,1.3095238095238095,100.00002384185791,145.99990844726562,0.6849320996524966,0.7349999999996726,0.8549999999995634,0.7349999999996726,0.8549999999995634,0.8400000000004989,0.35849056603752,0.4,0.024390243902439025,0.4,0.024390243902439025,0.375609756097561,0.1,0.7,0.8928571428579549,0.035714285715097764,0.5714285714285714,1.0
historical7d,1s,0,SECONDARY,BUY,1,73171,73541,1789656500.8060002,1789656875.82,375.0139997005463,take_profit,30.03750000000082,8.010000000000218,-1.9899999999997815,False,500.0,2.6988950276245114,0.9152542372863068,1.2222222222222223,0.2383446830798364,0.0552712384850593,3.507462686574802,3.4308300395249187,4.47174447174497,3.3065326633161534,0.2383446830798364,0.2121212121212121,0.1444141689373297,-0.9642817851701682,0.1242973762087653,-0.4199922044807012,0.0092118730808742,0.0058365758754951,3.298649478207736,1.118644067794375,3010.215000152588,historical7d|1s|0|SECONDARY|BUY|1789656500.806000,22.0,66.0,1.6666666666666667,52.00004577636719,52.99997329711914,0.9811334334991768,0.7100000000009459,1.235000000000582,0.7100000000009459,1.235000000000582,0.5966386554645484,0.362701908957323,0.3333333333333333,0.23076923076923078,0.3333333333333333,0.23076923076923078,0.10256410256410253,0.14285714285714285,0.6666666666666666,0.6835443037963025,-0.253164556962958,0.6329113924050924,0.9473684210525757
historical7d,1s,0,SECONDARY,BUY,1,75152,75523,1789658487.956,1789658858.924,370.96799993515015,take_profit,30.44999999999959,8.11999999999989,-1.6300000000001091,False,500.0,1.7317246273953666,0.6753246753256571,1.05,0.1181140245367782,0.0426229508197117,4.447257383960163,4.063291139240356,2.646900269542324,3.5790424570906514,0.1181140245367782,0.1923076923076923,0.0508474576271186,1.8003571144178392,0.4842486821497043,1.1423028982837724,0.0,0.0,1.818310858765135,0.70909090909194,4997.365000009537,historical7d|1s|0|SECONDARY|BUY|1789658487.956000,21.0,105.0,1.0,54.50010299682617,51.999807357788086,1.0480827865733162,1.2200000000002547,2.644999999999527,1.2200000000002547,2.644999999999527,0.6224489795902222,0.4441645675895758,0.3,0.20388349514563106,0.3,0.20388349514563106,0.09611650485436893,-0.1,0.5,0.7027027027017726,-0.10810810810777594,0.7297297297293311,1.0
historical7d,1s,0,SECONDARY,SELL,-1,75998,76256,1789659334.932,1789659593.9699998,259.03799986839294,emergency_stop,-16.237499999999727,1.6599999999998545,-4.329999999999927,False,500.0,1.4924787442775562,0.675000000000938,0.8380952380952381,0.11795032026235,0.0473269062226888,3.477611940298021,4.53514739229227,2.035040431267129,3.2789223454832324,0.11795032026235,0.1264367816091954,-0.096,1.4425715090308922,1.2562250468090377,1.3493982779199654,0.0017528483786535,0.0008453085376346,1.2508393285373804,0.5657142857150719,5844.34099984169,historical7d|1s|0|SECONDARY|SELL|1789659334.932000,25.0,88.0,1.4204545454545454,51.99992656707764,52.00004577636719,0.9999977075156806,-1.0850000000000364,-2.2950000000000728,1.0850000000000364,2.2950000000000728,0.5695538057749173,0.4191780821919055,-0.08333333333333333,-0.11627906976744186,0.08333333333333333,0.11627906976744186,-0.03294573643410853,0.2916666666666667,0.4583333333333333,0.7826086956538932,-0.2608695652179644,0.7246376811572044,0.9915254237286306
historical7d,1s,0,SECONDARY,SELL,-1,77465,77500,1789660804.987,1789660839.977,34.99000000953674,emergency_stop,-15.749999999999318,0.269999999999527,-4.199999999999818,False,500.0,2.356637863315421,0.7666666666677783,1.9259259259259256,0.1627712854759155,0.0306666666667297,12.09090909090443,5.675949367092348,3.556231003038238,1.1778185151237202,0.1627712854759155,0.0838709677419354,-0.0268456375838926,8.534678087866192,4.498130851968628,6.51640446991741,0.0660000000001067,0.0660000000001067,4.538709958977848,1.476543209878684,7314.395999908447,historical7d|1s|0|SECONDARY|SELL|1789660804.987000,37.0,156.0,1.185897435897436,50.00007152557373,50.99964141845703,0.9804004525309946,-2.914999999999054,-6.569999999999709,2.914999999999054,6.569999999999709,0.45869394177814143,0.3869257950530378,-0.2222222222222222,-0.07792207792207792,0.2222222222222222,0.07792207792207792,0.1443001443001443,0.1388888888888889,0.75,0.7187500000021316,-0.21874999999928946,0.875,0.8600706713778801
historical7d,1s,0,SECONDARY,SELL,-1,78073,78402,1789661412.966,1789661741.9859998,329.01999974250793,emergency_stop,-15.825000000000951,4.369999999999891,-4.220000000000255,False,500.0,0.9178832116790248,0.8064516129033678,1.125,0.0997868630111768,0.0994035785288141,2.13197969543255,1.9544303797485705,1.7252931323283756,0.3693858845097199,0.0997868630111768,0.0303030303030303,0.0530035335689045,0.4066865631041745,1.5850444952388505,0.9958655291715126,0.0,0.1218241042345769,1.0326186131389028,0.9072580645162888,7922.375,historical7d|1s|0|SECONDARY|SELL|1789661412.966000,24.0,99.0,1.2121212121212122,51.999807357788086,52.00004577636719,0.9999954150313611,-0.6899999999995998,-1.0700000000006185,0.6899999999995998,1.0700000000006185,0.6272727272716374,0.23210412147483855,-0.21739130434782608,-0.04081632653061224,0.21739130434782608,0.04081632653061224,0.17657497781721385,-0.08695652173913043,0.5652173913043478,0.8064516129045508,0.06451612903083846,0.6451612903230538,1.0
historical7d,1s,0,SECONDARY,SELL,-1,79657,79956,1789662996.978,1789663295.981,299.00300002098083,take_profit,30.41249999999877,8.109999999999673,-3.699999999999818,False,500.0,2.0528169014086486,0.8125000000014211,1.103448275862069,0.1296630148384321,0.0445969125214788,6.337662337660068,3.698324022346891,3.0960264900668304,-0.2634361233480322,0.1296630148384321,0.0841121495327102,-0.0705035971223021,3.2416358475932374,3.961760145694923,3.6016979966440803,0.0823327615781267,0.3189338235294319,2.2651772705198883,0.8965517241394991,9506.386999845505,historical7d|1s|0|SECONDARY|SELL|1789662996.978000,28.0,112.0,1.25,52.99997329711914,53.999900817871094,0.9814827896791056,-2.7100000000000364,-3.6500000000005457,2.7100000000000364,3.6500000000005457,0.6035634743876875,0.4517326732671441,-0.18518518518518517,-0.07547169811320754,0.18518518518518517,0.07547169811320754,0.10971348707197763,0.1111111111111111,0.7407407407407407,1.0833333333352282,0.41666666666856145,0.8333333333333334,0.7681159420288264
historical7d,1s,0,SECONDARY,SELL,-1,80165,80210,1789663504.984,1789663549.929,44.9449999332428,emergency_stop,-16.61250000000109,0.0,-4.430000000000291,False,500.0,1.0647580095433269,0.8285714285736002,1.2820512820512822,0.0772009029345591,0.0742637644048206,3.6746031746033454,3.478927203067452,2.528650646951065,0.8814691151921281,0.0772009029345591,0.1351351351351351,0.079950799507995,1.1459525276522815,2.5974580878753235,1.8717053077638028,0.0115236875800423,0.0060893098782233,1.3650743712093936,1.0622710622738465,10014.392999887466,historical7d|1s|0|SECONDARY|SELL|1789663504.984000,35.0,150.0,1.1666666666666667,49.99983310699463,50.99987983703613,0.980391194386398,-1.7199999999993452,-2.2849999999998545,1.7199999999993452,2.2849999999998545,0.6187050359708417,0.24662709120355047,-0.375,-0.1292517006802721,0.375,0.1292517006802721,0.2457482993197279,0.17647058823529413,0.7647058823529411,0.7435897435930922,-0.25641025640923987,0.5128205128184797,0.972891566265014
historical7d,1s,0,SECONDARY,SELL,-1,81779,82979,1789665120.9169998,1789666320.983,1200.0660002231598,max_hold,23.88749999999959,7.389999999999418,-1.110000000000582,False,500.0,1.2240696753762088,0.7187500000000888,0.8828125,0.1195317313623243,0.0595084087970069,2.918454935620535,3.2011331444751208,3.019455252918007,0.6206563706564728,0.1195317313623243,-0.1150442477876106,0.0510948905109489,-0.1010003172974722,2.580476773818648,1.2397382282605878,0.0155239327297256,0.0074906367041696,1.080624010293059,0.6345214843750784,11630.325999736786,historical7d|1s|0|SECONDARY|SELL|1789665120.917000,20.0,113.0,0.8849557522123893,52.00004577636719,51.999807357788086,1.0000045849896608,-0.8999999999996362,-1.7150000000001455,0.8999999999996362,1.7150000000001455,0.6521739130444525,0.2644564379338402,-0.2631578947368421,0.10714285714285714,0.2631578947368421,-0.10714285714285714,0.37030075187969924,0.3684210526315789,0.5263157894736842,0.7419354838737123,-0.12903225806461077,0.6129032258061677,0.9427207637227752
historical7d,1s,0,SECONDARY,BUY,1,83135,83396,1789666476.851,1789666737.9550002,261.10400009155273,emergency_stop,-15.037499999997408,0.7300000000004729,-4.009999999999309,False,500.0,1.2818096135722372,0.6129032258061677,0.7009345794392523,0.1562952243133238,0.0558823529410498,1.6470588235284431,1.933014354066428,2.551181102362069,-0.2500000000000439,0.1562952243133238,0.3243243243243243,0.1633986928104575,-0.9041222788336258,2.183014354066472,0.6394460376164228,0.0029411764706519,0.2108575924468994,0.8984646824104466,0.4296050648174073,12986.259999990463,historical7d|1s|0|SECONDARY|BUY|1789666476.851000,17.0,75.0,1.1333333333333333,98.00004959106445,99.00009632110596,0.9898985277064998,0.569999999999709,0.8999999999996362,0.569999999999709,0.8999999999996362,0.6263736263734068,0.22900763358788873,0.5,0.3150684931506849,0.5,0.3150684931506849,0.18493150684931509,0.0,0.625,0.7037037037010837,-0.29629629629554777,1.037037037034417,0.9839357429715472
historical7d,1s,0,SECONDARY,SELL,-1,91914,92055,1789675361.956,1789675505.819,143.86299991607666,emergency_stop,-15.0,0.6399999999994179,-4.0,False,500.0,1.7233201581029638,0.9166666666685614,1.0149253731343284,0.1503358813990108,0.0672782874618426,2.2622950819667245,3.079497907946097,2.5351562500011298,0.4076655052270262,0.1503358813990108,0.1940298507462686,-0.0818181818181818,-0.2728611680344053,2.6718324027190707,1.199485617342333,0.0,0.0,1.7490413544925605,0.9303482587083908,21871.365000009537,historical7d|1s|0|SECONDARY|SELL|1789675361.956000,12.0,68.0,0.8823529411764706,53.00021171569824,55.00006675720215,0.9636390433791241,-0.8250000000007276,-0.8800000000010186,0.8250000000007276,0.8800000000010186,0.7971014492761774,0.29333333333349504,-0.6363636363636364,-0.21212121212121213,0.6363636363636364,0.21212121212121213,0.4242424242424242,-0.18181818181818182,0.6363636363636364,0.7857142857159098,-0.10714285714204509,0.8571428571428571,1.0
historical7d,1s,0,SECONDARY,SELL,-1,100284,101403,1789684082.9740002,1789685283.904,1200.9299998283386,max_hold,-7.762500000002319,0.6199999999998909,-3.9200000000000728,False,500.0,2.153594771242236,0.8095238095257687,1.891304347826087,0.2386117136678096,0.0515933232170163,8.444444444429848,5.217391304346932,4.299674267101622,3.415896487986372,0.2386117136678096,0.1764705882352941,0.0542168674698795,4.144770177328226,1.8014948163605595,2.9731324968443933,0.0,0.0,4.073103154305968,1.5310559006248234,966.3590002059937,historical7d|1s|0|SECONDARY|SELL|1789684082.974000,28.0,87.0,1.6091954022988506,51.000118255615234,54.49986457824707,0.9357843115810472,-1.3300000000008367,-2.324999999999818,1.3300000000008367,2.324999999999818,0.6244131455397337,0.5070883315141593,-0.4074074074074074,-0.19047619047619047,0.4074074074074074,0.19047619047619047,0.21693121693121692,0.037037037037037035,0.5925925925925926,0.7727272727267089,-0.09090909090683597,1.318181818180127,1.0
historical7d,1s,0,SECONDARY,BUY,1,126333,127510,1789722363.998,1789723566.905,1202.9069998264313,max_hold,26.212499999999174,7.5600000000004,-3.520000000000437,False,500.0,2.293929712460299,0.4835164835168789,1.5806451612903225,0.1072337331881203,0.0408542246982814,6.6628571428591385,6.09523809523903,2.393509127789496,0.1511285574093298,0.1072337331881203,0.0,-0.0133928571428571,4.269348015069642,5.9441095378297,5.106728776449671,0.0,0.2713125845736613,3.6258889003404726,0.7642679900750666,2340.029000282288,historical7d|1s|0|SECONDARY|BUY|1789722363.998000,19.0,98.0,0.9693877551020408,96.000075340271,55.9999942779541,1.714287234812522,0.9750000000003638,2.7550000000010186,0.9750000000003638,2.7550000000010186,0.7471264367806799,0.4001452432825277,0.3333333333333333,-0.010309278350515464,0.3333333333333333,-0.010309278350515464,0.3436426116838488,-0.3333333333333333,0.5555555555555556,0.3278688524569144,-0.42622950819667244,1.2459016393434312,1.0
historical7d,1s,0,SECONDARY,SELL,-1,143474,143637,1789740332.994,1789740495.973,162.9790000915527,emergency_stop,-15.862500000001772,2.7100000000000364,-4.230000000000473,False,500.0,3.677996422183804,0.7666666666677783,3.647058823529412,0.124031007752121,0.0447470817121514,20.727272727332107,9.648936170216563,4.970873786404795,0.6183431952666281,0.124031007752121,0.0434782608695652,0.03954802259887,15.756398940927312,9.030592974949936,12.393495957938624,0.0,0.0,13.41386930443505,2.796078431376603,1017.9520001411438,historical7d|1s|0|SECONDARY|SELL|1789740332.994000,38.0,186.0,1.021505376344086,50.00019073486328,50.99987983703613,0.98039820671407,-1.8900000000003274,-4.1200000000008,1.8900000000003274,4.1200000000008,0.5692771084340394,0.2125902992776359,-0.3888888888888889,-0.03825136612021858,0.3888888888888889,0.03825136612021858,0.35063752276867033,-0.16216216216216217,0.7297297297297297,0.5897435897443073,-0.6666666666643346,1.0769230769200273,1.0
historical7d,1s,1,SECONDARY,SELL,-1,147854,148060,1789744804.983,1789745010.978,205.99499988555908,take_profit,30.975000000000826,8.260000000000218,-0.819999999999709,False,500.0,1.844124700239496,0.9508196721315386,1.3116883116883118,0.1498829039808293,0.0754226267880219,4.522727272726216,2.414414414414729,3.869017632242598,2.649006622514773,0.1498829039808293,0.3267326732673267,0.2054794520547945,0.6537096404836173,-0.234592208100044,0.2095587161917869,2.3653958433624654e-13,1.2667057127756146e-13,2.4189168145998585,1.247179050458252,5489.94100022316,historical7d|1s|1|SECONDARY|SELL|1789744804.983000,27.0,101.0,1.3366336633663367,51.999807357788086,52.00004577636719,0.9999954150313611,-0.694999999999709,-2.1149999999997817,0.694999999999709,2.1149999999997817,0.35732647814833574,0.3740053050394653,-0.46153846153846156,-0.34,0.46153846153846156,0.34,0.12153846153846154,-0.23076923076923078,0.6923076923076923,0.9666666666688899,-0.10000000000242532,0.8000000000012126,0.9999999999991399
historical7d,1s,1,SECONDARY,SELL,-1,148280,148430,1789745230.877,1789745380.688,149.81100010871887,emergency_stop,-15.299999999999727,0.9799999999995634,-4.079999999999927,False,500.0,2.11275964391649,0.9152542372908006,1.3410404624277457,0.0756916652163904,0.0505617977528979,3.474178403756149,4.004842615008686,1.5051903114181668,5.644204851752104,0.0756916652163904,0.2695652173913043,0.1186440677966101,1.9689880923379823,-1.639362236743418,0.164812927797282,0.0,0.0,2.833296169876449,1.2273929656154088,5915.835000038147,historical7d|1s|1|SECONDARY|SELL|1789745230.877000,28.0,116.0,1.206896551724138,51.000118255615234,52.99997329711914,0.9622668669983535,-0.944999999999709,-1.8800000000001091,0.944999999999709,1.8800000000001091,0.6539792387550788,0.32695652173951145,-0.5555555555555556,-0.2807017543859649,0.5555555555555556,0.2807017543859649,0.2748538011695907,-0.25925925925925924,0.7407407407407407,0.8571428571440945,-0.22222222222125979,0.8571428571412073,1.0
historical7d,1s,1,SECONDARY,BUY,1,148682,149873,1789745633.9859998,1789746834.992,1201.0060002803802,max_hold,-6.78749999999809,3.8299999999999272,-2.679999999999381,False,500.0,1.1958146487294652,0.8421052631562151,1.1063829787234043,0.1459642339296005,0.0599999999999317,2.591928251122693,2.5326876513306487,2.111888111887352,4.761802575107554,0.1459642339296005,0.28,0.1101694915254237,0.4800401392353417,-2.229114923776905,-0.8745373922707818,0.0200000000002046,0.0061680801851063,1.323028973062387,0.9316909294494296,6318.944000005722,historical7d|1s|1|SECONDARY|BUY|1789745633.986000,28.0,104.0,1.346153846153846,50.99964141845703,52.00004577636719,0.9807614715915343,1.0099999999993088,1.480000000000473,1.0099999999993088,1.480000000000473,0.7769230769213494,0.41111111111026616,0.6153846153846154,0.29292929292929293,0.6153846153846154,0.29292929292929293,0.3224553224553225,0.037037037037037035,0.8888888888888888,0.9230769230753086,0.23076923077057618,0.8461538461541153,0.8990536277592567
historical7d,1s,1,SECONDARY,BUY,1,150299,150356,1789747264.982,1789747321.961,56.97899985313416,emergency_stop,-15.112499999999043,0.0,-4.029999999999745,False,500.0,2.674364896074352,0.3880597014922942,1.7961783439490446,0.0943787595934365,0.0224525043178047,4.745562130173388,4.161538461540679,4.262295081966948,2.4291845493562367,0.0943787595934365,0.1063829787234042,0.1094890510948905,0.4832670482064403,1.732353912184442,1.1078104801954407,0.0,0.0,4.803636310146287,0.6970244319797896,7949.940000295639,historical7d|1s|1|SECONDARY|BUY|1789747264.982000,28.0,141.0,0.9929078014184397,49.99971389770508,51.000118255615234,0.9803842737599925,0.8850000000002183,1.890000000001237,0.8850000000002183,1.890000000001237,0.648351648351048,0.2547169811320523,0.25925925925925924,0.1,0.25925925925925924,0.1,0.15925925925925924,0.48148148148148145,0.37037037037037035,0.41935483870948814,-0.5483870967737203,1.064516129030649,1.0
historical7d,1s,1,SECONDARY,BUY,1,150524,151623,1789747489.987,1789748601.928,1111.9409999847412,emergency_stop,-15.037499999997408,5.030000000000655,-4.009999999999309,False,500.0,2.473441108544874,0.9206349206333164,1.4074074074074074,0.1439328120473595,0.0541549953314635,4.743902439020102,3.698529411762267,4.655737704916944,0.4098712446351747,0.1439328120473595,0.3153153153153153,0.1316526610644257,0.0881647341031586,3.2886581671270925,1.6884114506151258,0.0,0.3568123393317259,3.4811393379520457,1.2957084068172604,8174.945000171661,historical7d|1s|1|SECONDARY|BUY|1789747489.987000,27.0,114.0,1.1842105263157894,50.499916076660156,51.000118255615234,0.9901921368799963,1.0849999999991269,1.9749999999985448,1.0849999999991269,1.9749999999985448,0.8785425101229244,0.3613906678860343,0.6,0.32727272727272727,0.6,0.32727272727272727,0.2727272727272727,0.23076923076923078,0.6923076923076923,0.8529411764723978,-0.1470588235302772,0.38235294117765073,1.0
historical7d,1s,1,SECONDARY,SELL,-1,152444,152494,1789749423.992,1789749473.978,49.98599982261658,emergency_stop,-16.38749999999959,0.0,-4.369999999999891,False,500.0,1.3843058350101944,0.363636363636113,1.1757575757575758,0.0800429760945757,0.0348837209301956,5.240963855426136,2.247349823320374,2.52542372881354,5.2824427480905,0.0800429760945757,0.3333333333333333,0.1572481572481572,2.7155401266125963,-3.0350929247701264,-0.159776399078765,0.0,0.0,1.6276080726786528,0.4275482093660966,10108.950000286102,historical7d|1s|1|SECONDARY|SELL|1789749423.992000,28.0,97.0,1.4432989690721651,52.00028419494629,52.99997329711914,0.9811379319651998,-1.3599999999996726,-2.1350000000002183,1.3599999999996726,2.1350000000002183,0.5461847389567371,0.3627867459646761,-0.3333333333333333,-0.3263157894736842,0.3333333333333333,0.3263157894736842,0.007017543859649089,0.0,0.7777777777777778,0.375,-0.625,1.062500000001421,1.0
historical7d,1s,1,SECONDARY,SELL,-1,152793,152818,1789749772.999,1789749797.982,24.98300004005432,emergency_stop,-15.9375,0.0,-4.25,False,500.0,1.965591397849491,0.5151515151518492,1.443181818181818,0.0431693989070357,0.0371991247264953,5.208053691268498,6.336996337001306,1.3650107991354563,2.491603053434655,0.0431693989070357,0.2,0.108991825613079,3.8430428921330417,3.845393283566651,3.844218087849846,0.0131291028447273,0.0078585461690109,2.8367057673509697,0.7434573002759641,10457.957000255585,historical7d|1s|1|SECONDARY|SELL|1789749772.999000,26.0,127.0,1.0236220472440944,53.00021171569824,51.000118255615234,1.0392174278902342,-0.8000000000001819,-1.8599999999996726,0.8000000000001819,1.8599999999996726,0.5161290322581213,0.2975999999998177,-0.4166666666666667,-0.1935483870967742,0.4166666666666667,0.1935483870967742,0.2231182795698925,-0.56,0.44,0.6538461538458847,0.23076923077057618,1.1538461538458848,0.9398496240597733
historical7d,1s,1,SECONDARY,SELL,-1,154992,155260,1789751974.95,1789752242.887,267.9370000362396,emergency_stop,-15.337500000000546,5.4399999999996,-4.0900000000001455,False,500.0,1.0309653916209731,0.9206349206346456,0.7591836734693878,0.0326570048309017,0.1024734982332053,3.807692307688272,1.7849462365584248,0.8366336633662609,1.926717557251432,0.0326570048309017,0.3563218390804598,-0.037037037037037,2.9710586443220106,-0.1417713206930071,1.4146436618145022,0.0070671378093417,0.0034217279727007,0.7826920932306163,0.6989310009716085,12659.90800023079,historical7d|1s|1|SECONDARY|SELL|1789751974.950000,18.0,93.0,0.9677419354838709,51.000118255615234,52.00004577636719,0.980770641528812,-0.7250000000003638,-1.9599999999991269,0.7250000000003638,1.9599999999991269,0.8192090395482317,0.4987277353684668,-0.5714285714285714,-0.3488372093023256,0.5714285714285714,0.3488372093023256,0.2225913621262458,0.11764705882352941,0.7647058823529411,0.8787878787879623,0.030303030303698436,0.6363636363638869,0.9801488833742508
historical7d,1s,1,SECONDARY,BUY,1,156901,157312,1789753886.994,1789754298.988,411.99399995803833,emergency_stop,-16.91250000000082,0.8400000000001455,-4.510000000000218,False,500.0,1.6338546458142345,0.6874999999994671,1.1531531531531531,0.135117493472951,0.0495495495496012,2.582417582415232,2.9345794392542905,2.316083916083628,2.725301204819832,0.135117493472951,0.104,0.1071428571428571,0.266333666331604,0.2092782344344588,0.2378059503830316,0.0,0.0,1.884084636614613,0.7927927927921783,14571.952000141144,historical7d|1s|1|SECONDARY|BUY|1789753886.994000,32.0,128.0,1.25,51.000118255615234,51.000118255615234,1.0,0.6150000000006912,0.7400000000006912,0.6150000000006912,0.7400000000006912,0.5371179039309565,0.16263736263776812,0.2413793103448276,0.0967741935483871,0.2413793103448276,0.0967741935483871,0.1446051167964405,-0.22580645161290322,0.3225806451612903,0.7096774193568262,-0.16129032258149692,0.9677419354831138,1.0
historical7d,1s,1,SECONDARY,BUY,1,160055,161227,1789757067.9889998,1789758267.99,1200.001000165939,max_hold,6.862499999999726,3.050000000000182,-2.6400000000003274,False,500.0,1.8091503267970608,0.9666666666674246,1.1728395061728396,0.147814330778772,0.0838150289017227,4.843750000007816,3.023474178405985,3.847507331379232,0.5540540540544158,0.147814330778772,0.0425531914893617,-0.0739436619718309,0.9962426686285846,2.469420124351569,1.7328313964900768,0.0057803468206725,0.0033472803346491,2.121842975873096,1.1337448559679673,17752.947000026703,historical7d|1s|1|SECONDARY|BUY|1789757067.989000,23.0,95.0,1.2105263157894737,51.000118255615234,51.000118255615234,1.0,0.8950000000004366,1.5150000000003274,0.8950000000004366,1.5150000000003274,0.6151202749128821,0.46118721461084305,0.047619047619047616,0.03225806451612903,0.047619047619047616,0.03225806451612903,0.015360983102918585,0.3181818181818182,0.5909090909090909,1.0,0.034482758618310475,0.31034482758674764,0.974440894569288
historical7d,1s,1,SECONDARY,BUY,1,162692,162958,1789759757.975,1789760024.81,266.8349997997284,take_profit,31.649999999998496,8.4399999999996,-0.1300000000001091,False,500.0,2.1424581005586867,0.7419354838720797,1.2582781456953642,0.0843129819239577,0.0599739243808125,4.05714285714939,3.1747211895908016,3.923529411766239,1.113480578827381,0.0843129819239577,0.0947368421052631,-0.0147058823529411,0.1336134453831516,2.061240610763421,1.097427028073286,0.0,0.0,2.695808206000996,0.9335612048721532,20442.93300032616,historical7d|1s|1|SECONDARY|BUY|1789759757.975000,20.0,95.0,1.0526315789473684,51.999807357788086,52.00004577636719,0.9999954150313611,0.07999999999992724,0.9349999999994907,0.07999999999992724,0.9349999999994907,0.10526315789410699,0.17591721542786098,0.15789473684210525,0.0851063829787234,0.15789473684210525,0.0851063829787234,0.07278835386338185,-0.631578947368421,0.3684210526315789,0.6666666666686878,-0.3333333333313122,0.7666666666647466,0.8055555555563509
historical7d,1s,1,SECONDARY,BUY,1,166520,167702,1789763657.9139998,1789764857.978,1200.0640001296997,max_hold,8.6625000000015,5.149999999999636,-1.1300000000001091,False,500.0,2.002710027099837,1.094339622641898,1.032258064516129,0.1535491535492177,0.0784844384303075,8.820512820539449,4.018604651168292,3.2515723270449173,2.660996354799832,0.1535491535492177,0.09375,-0.0336391437308868,5.568940493494532,1.3576082963684597,3.463274394931496,0.0960757780783738,0.0546153846153174,2.067313576361122,1.1296409007916366,24342.87199997902,historical7d|1s|1|SECONDARY|BUY|1789763657.914000,31.0,64.0,2.421875,50.00019073486328,50.99987983703613,0.98039820671407,2.125,2.4950000000008004,2.125,2.4950000000008004,0.4422476586890064,0.41342170671087136,0.13333333333333333,0.07936507936507936,0.13333333333333333,0.07936507936507936,0.05396825396825397,-0.06666666666666667,0.8666666666666667,1.234042553190666,0.5531914893579967,0.7234042553190666,0.7593220338986604
historical7d,1s,2,SECONDARY,SELL,-1,188229,189365,1789968692.959,1789969892.9740002,1200.0150001049042,max_hold,-4.275000000001228,3.149999999999636,-3.2100000000000364,False,500.0,2.739687055475337,0.6486486486507081,1.54,0.1518301927652621,0.0498442367602723,4.790697674415588,7.820895522378902,3.6227390180879815,-1.1105398457586542,0.1518301927652621,0.0789473684210526,0.0564334085778781,1.1679586563276063,8.931435368137556,5.049697012232581,0.0,0.3321775312067163,4.21911806543202,0.9989189189220906,6883.669000148773,historical7d|1s|2|SECONDARY|SELL|1789968692.959000,14.0,77.0,0.9090909090909091,50.00019073486328,52.00004577636719,0.9615412830576239,-0.6749999999992724,-1.569999999999709,0.6749999999992724,1.569999999999709,0.6338028168993396,0.3277661795403404,-0.07692307692307693,-0.09333333333333334,0.07692307692307693,0.09333333333333334,-0.01641025641025641,-0.38461538461538464,0.46153846153846156,0.6000000000022737,-0.27499999999715785,0.7,1.0
historical7d,1s,2,SECONDARY,SELL,-1,190360,190609,1789970946.9539998,1789971214.91,267.956000328064,emergency_stop,-15.374999999997954,0.0,-4.099999999999454,False,500.0,1.2957055214718756,0.6829268292679139,0.8333333333333334,0.1289772727274165,0.1060606060605329,4.423357664229293,2.1522491349476742,1.8159999999996217,2.8331177231564104,0.1289772727274165,0.35,0.0897009966777408,2.607357664229672,-0.6808685882087362,0.9632445380104676,0.0208333333334481,0.0072607260726467,1.079754601226563,0.5691056910565949,1617.8119995594025,historical7d|1s|2|SECONDARY|SELL|1789970946.954000,12.0,40.0,1.5,52.00004577636719,58.00008773803711,0.8965511571504913,-0.9699999999993452,-1.5399999999990541,0.9699999999993452,1.5399999999990541,0.6978417266185262,0.527397260273307,-0.6363636363636364,-0.38461538461538464,0.6363636363636364,0.38461538461538464,0.2517482517482517,0.0,0.6363636363636364,0.6021505376336725,-0.3010752688178142,0.6451612903227699,0.9333333333329659
historical7d,1s,2,SECONDARY,SELL,-1,202446,202601,1789984832.975,1789984990.985,158.00999975204468,emergency_stop,-15.487500000000413,2.430000000000291,-4.130000000000109,False,500.0,3.675392670158744,0.7142857142849719,1.375,0.150689272698465,0.0474833808167112,5.80701754386172,5.031578947365257,7.991596638658333,1.6902887139115244,0.150689272698465,0.0606060606060606,0.0566893424036281,-2.1845790947966126,3.3412902334537327,0.5783555693285596,0.0085470085470218,0.0079155672823341,5.053664921468273,0.9821428571418364,2463.335000038147,historical7d|1s|2|SECONDARY|SELL|1789984832.975000,10.0,67.0,0.7462686567164178,52.99997329711914,64.99981880187988,0.8153864775940931,-0.9000000000005457,-1.5349999999998545,0.9000000000005457,1.5349999999998545,0.7692307692317858,0.3565621370500347,-0.5555555555555556,-0.030303030303030304,0.5555555555555556,0.030303030303030304,0.5252525252525253,0.1111111111111111,0.6666666666666666,0.6129032258061677,-0.3870967741938323,0.8064516129074846,0.9216710182769509
historical7d,1s,3,SECONDARY,SELL,-1,220804,221837,1790004286.924,1790005334.679,1047.755000114441,emergency_stop,-15.71250000000191,4.170000000000073,-4.190000000000509,False,500.0,1.277599142550485,0.8666666666688394,1.4927536231884058,0.1253127132131416,0.087248322147737,2.350000000000739,2.3241590214059724,2.156555772993969,6.523874488400607,0.1253127132131416,0.0980392156862745,0.0597609561752988,0.1934442270067702,-4.199715466994634,-2.003135619993932,0.0,0.0,1.9071407490246368,1.2937198067665283,2810.0439999103546,historical7d|1s|3|SECONDARY|SELL|1790004286.924000,22.0,103.0,1.0679611650485437,51.000118255615234,52.99985408782959,0.9622690313656249,-0.6149999999997817,-0.9549999999999272,0.6149999999997817,0.9549999999999272,0.624365482234065,0.2315151515148276,-0.14285714285714285,-0.10891089108910891,0.14285714285714285,0.10891089108910891,0.03394625176803394,0.047619047619047616,0.7619047619047619,0.8965517241387961,-0.10344827586120381,0.6896551724132524,1.0
historical7d,1s,3,SECONDARY,BUY,1,223440,224625,1790006952.976,1790008153.875,1200.898999929428,max_hold,0.5624999999986358,4.739999999999782,-3.090000000000145,False,500.0,1.423655913978891,0.9666666666659592,1.3076923076923077,0.1473225723816528,0.0876132930513138,3.155279503101969,3.000000000001166,2.731591448930503,3.2360043907791085,0.1473225723816528,0.1717171717171717,0.0272727272727272,0.4236880541714662,-0.2360043907779423,0.0938418316967619,0.001510574018434,0.0006553079948909,1.8617038875108571,1.264102564101639,5476.095999956131,historical7d|1s|3|SECONDARY|BUY|1790006952.976000,29.0,102.0,1.4215686274509804,52.99997329711914,53.999900817871094,0.9814827896791056,0.7199999999993452,1.2150000000001455,0.7199999999993452,1.2150000000001455,0.48979591836530145,0.28621908127181983,0.18518518518518517,0.16326530612244897,0.18518518518518517,0.16326530612244897,0.02191987906273621,0.07142857142857142,0.5714285714285714,0.9354838709664169,-0.2580645161284644,0.6129032258073034,0.9926470588220346
historical7d,1s,3,SECONDARY,SELL,-1,224830,226030,1790008359.963,1790009559.9859998,1200.0229997634888,max_hold,9.487500000002456,5.700000000000728,-1.639999999999418,False,500.0,3.050175029172212,0.9666666666659592,1.9864864864864864,0.1345583876708586,0.0443764345830099,4.700636942674362,4.706624605680275,5.022123893806202,3.8473988439306632,0.1345583876708586,-0.0136986301369863,-0.0120192307692307,-0.3214869511318401,0.8592257617496122,0.2688694053088856,0.0214231063506105,0.0138203356368433,6.059131476869123,1.920270270268865,6883.082999944687,historical7d|1s|3|SECONDARY|SELL|1790008359.963000,35.0,147.0,1.1904761904761905,51.000118255615234,52.00004577636719,0.980770641528812,-0.75,-1.7049999999999272,0.75,1.7049999999999272,0.41436464088326164,0.24550035997100922,-0.15151515151515152,0.020689655172413793,0.15151515151515152,-0.020689655172413793,0.17220480668756533,0.08823529411764706,0.7941176470588235,0.9062499999981348,-0.24999999999928946,0.7812499999984901,0.8653846153834802
historical7d,1s,3,SECONDARY,SELL,-1,226512,226676,1790010044.9539998,1790010208.927,163.97300028800964,take_profit,31.01250000000164,8.270000000000437,-1.819999999999709,False,500.0,1.4372759856634136,0.9062500000007104,1.069767441860465,0.1162469817182487,0.0723192019949994,2.15929203540021,4.565517241377571,2.239202657807002,2.187120291616155,0.1162469817182487,0.087719298245614,0.0947712418300653,-0.0799106224067918,2.378396949761416,1.1492431636773122,0.003740648378907,0.0022042615722876,1.5375510544306283,0.9694767441868064,8568.073999643326,historical7d|1s|3|SECONDARY|SELL|1790010044.954000,31.0,115.0,1.3478260869565217,50.499916076660156,52.00004577636719,0.9711513773245791,-0.9799999999995634,-1.1149999999997817,0.9799999999995634,1.1149999999997817,0.7101449275325832,0.20180995475097213,-0.26666666666666666,-0.07964601769911504,0.26666666666666666,0.07964601769911504,0.1870206489675516,0.36666666666666664,0.5,0.8787878787879623,-0.06060606060739687,0.7272727272749823,0.9804560260593884
historical7d,1s,4,SECONDARY,SELL,-1,256318,256351,1790050319.982,1790050352.985,33.002999782562256,emergency_stop,-15.22499999999809,0.0,-4.059999999999491,False,500.0,2.236397748592573,0.6410256410251028,1.584,0.1682829435270622,0.0419463087248383,2.593023255811691,2.9751552795031238,6.5193370165727424,4.5674300254446765,0.1682829435270622,0.1546391752577319,0.1122112211221122,-3.926313760761051,-1.5922747459415532,-2.7592942533513023,0.0,0.0,3.5424540337706367,1.015384615383763,465.21600008010864,historical7d|1s|4|SECONDARY|SELL|1790050319.982000,17.0,99.0,0.8585858585858586,53.50017547607422,53.49993705749512,1.0000044564272823,-0.5949999999993452,-1.139999999999418,0.5949999999993452,1.139999999999418,0.6165803108800575,0.2072727272725529,-0.125,-0.16666666666666666,0.125,0.16666666666666666,-0.04166666666666666,-0.0625,0.5625,0.6578947368434909,-0.4473684210537653,0.8947368421075306,1.0
historical7d,1s,4,SECONDARY,BUY,1,270830,271284,1790066908.995,1790067373.983,464.9879999160767,emergency_stop,-16.83749999999918,3.410000000000764,-4.489999999999782,False,500.0,0.6368022053758634,0.689655172412207,1.103896103896104,0.0789970342414225,0.1298701298697924,2.52173913043884,1.3625218914181343,0.7464968152866638,2.92307692307577,0.0789970342414225,0.1666666666666666,-0.0028985507246376,1.775242315152176,-1.5605550316576358,0.1073436417472704,0.0281385281387437,0.0067427385892635,0.7029634734668623,0.7613076578576311,302.96600008010864,historical7d|1s|4|SECONDARY|BUY|1790066908.995000,27.0,84.0,1.607142857142857,50.499916076660156,52.99997329711914,0.9528290852819189,0.8449999999993452,1.425000000000182,0.8449999999993452,1.425000000000182,0.465564738291053,0.30877573131069236,0.3076923076923077,0.17073170731707318,0.3076923076923077,0.17073170731707318,0.13696060037523453,0.15384615384615385,0.7692307692307693,0.9428571428559549,0.08571428571346902,0.5714285714274577,0.8791540785494572
historical7d,1s,4,SECONDARY,SELL,-1,276846,277703,1790073086.9550002,1790073984.9020002,897.9470000267029,emergency_stop,-15.149999999999864,1.449999999999818,-4.039999999999964,False,500.0,2.131101813109997,0.8846153846145101,1.0727272727272728,0.1335656213705355,0.0602094240836599,6.523809523797012,2.410852713177404,4.752066115702337,5.701211305517535,0.1335656213705355,0.1525423728813559,0.0514541387024608,1.7717434080946752,-3.290358592340131,-0.7593075921227284,0.0366492146597743,0.0129449838187998,2.286091035881633,0.9489510489501108,1543.917000055313,historical7d|1s|4|SECONDARY|SELL|1790073086.955000,23.0,59.0,1.9491525423728813,54.000139236450195,55.00006675720215,0.9818195216895621,-1.074999999999818,-2.050000000000182,1.074999999999818,2.050000000000182,0.5795148247987344,0.5086848635238801,-0.09090909090909091,-0.13793103448275862,0.09090909090909091,0.13793103448275862,-0.04702194357366771,0.13636363636363635,0.5909090909090909,0.7419354838707785,0.16129032257856307,1.0645161290337724,0.8721461187211919
historical7d,1s,4,SECONDARY,SELL,-1,277927,278365,1790074221.952,1790074679.95,457.9980001449585,take_profit,30.2250000000015,8.0600000000004,-0.7199999999993452,False,500.0,2.6999999999999016,0.941176470588655,1.3454545454545457,0.2736036291498152,0.0480480480479966,3.0866141732259105,3.846153846156225,5.012987012991087,1.6988636363633016,0.2736036291498152,0.0136986301369863,0.125,-1.9263728397651767,2.1472902097929234,0.1104586850138736,0.0160160160161809,0.0100692259283612,3.632727272727141,1.2663101604283722,822.8979997634888,historical7d|1s|4|SECONDARY|SELL|1790074221.952000,29.0,74.0,1.9594594594594594,49.4999885559082,55.00006675720215,0.8999986995366015,-1.2949999999991633,-0.9849999999996726,1.2949999999991633,0.9849999999996726,0.42528735632168113,0.19719719719706413,-0.037037037037037035,-0.027777777777777776,0.037037037037037035,0.027777777777777776,0.009259259259259259,0.14285714285714285,0.6428571428571429,0.8,0.09999999999924208,0.9666666666674246,0.8980891719734966
historical7d,1s,4,SECONDARY,BUY,1,280536,280690,1790076896.962,1790077058.901,161.9390001296997,take_profit,32.40000000000123,8.640000000000327,-0.7799999999997453,False,500.0,1.6935014548981562,0.875,1.3424657534246576,0.1884572697025279,0.0641466208475966,4.440251572330253,5.428571428568573,3.465306122448405,-2.086261980830201,0.1884572697025279,0.2448979591836734,0.1262939958592132,0.9749454498818482,7.514833409398774,4.244889429640312,0.0,0.3683937823834637,2.273467706575607,1.1746575342465753,392.1909997463226,historical7d|1s|4|SECONDARY|BUY|1790076896.962000,27.0,98.0,1.3775510204081631,53.999900817871094,53.00021171569824,1.0188619831848096,0.4849999999996726,1.7549999999991996,0.4849999999996726,1.7549999999991996,0.38339920948635925,0.47368421052634163,0.15384615384615385,0.23711340206185566,0.15384615384615385,0.23711340206185566,-0.0832672482157018,0.3076923076923077,0.5384615384615384,0.9032258064522753,-0.4838709677444908,0.6129032258091015,1.0
historical7d,1s,4,SECONDARY,SELL,-1,281914,282263,1790078293.721,1790078642.919,349.1980001926422,take_profit,30.48750000000041,8.13000000000011,-1.7599999999993088,False,500.0,1.2149659863944402,0.7647058823505809,1.0909090909090908,0.1532305289885869,0.0582306830905606,2.8340080971667434,3.0730688935278665,1.8045977011501533,1.558469945355166,0.1532305289885869,0.0252100840336134,-0.0123022847100175,1.02941039601659,1.5145989481727005,1.2720046720946452,0.0067189249717449,0.0053285968026358,1.3254174397030256,0.8342245989279063,364.21600008010864,historical7d|1s|4|SECONDARY|SELL|1790078293.721000,23.0,120.0,0.9583333333333334,52.99997329711914,52.99997329711914,1.0,-1.0100000000002183,-1.6450000000004366,1.0100000000002183,1.6450000000004366,0.8015873015908076,0.31125827814621504,-0.2727272727272727,-0.01694915254237288,0.2727272727272727,0.01694915254237288,0.2557781201848998,-0.13636363636363635,0.5909090909090909,0.8666666666638372,-0.20000000000121265,0.800000000001819,0.9657142857156161
historical7d,1s,4,SECONDARY,SELL,-1,285307,285355,1790081739.948,1790081787.968,48.019999980926514,emergency_stop,-25.650000000000546,1.7700000000004366,-6.8400000000001455,False,500.0,2.5833333333332997,1.041666666667614,1.6,0.1113649343234383,0.0435919790758456,5.694915254234815,4.581469648560856,3.333333333335061,-1.116129032258109,0.1113649343234383,0.28,0.1063829787234042,2.361581920899753,5.697598680818965,4.029590300859359,0.0087183958152008,0.3891304347825612,4.133333333333279,1.6666666666681824,535.2459998130798,historical7d|1s|4|SECONDARY|SELL|1790081739.948000,28.0,104.0,1.346153846153846,52.99997329711914,54.000139236450195,0.9814784562878323,-0.6599999999998545,-2.125,0.6599999999998545,2.125,0.377142857143166,0.42120911793930627,-0.04,-0.2727272727272727,0.04,0.2727272727272727,-0.2327272727272727,0.1111111111111111,0.8148148148148148,0.9259259259244288,0.07407407407557118,2.1481481481444056,0.9555555555553938
historical7d,1s,4,SECONDARY,SELL,-1,290250,290501,1790086772.987,1790087024.978,251.9909999370575,emergency_stop,-15.262499999998909,0.0299999999997453,-4.069999999999709,False,500.0,1.6229508196720337,0.8064516129045508,1.1891891891891893,0.1520000000018968,0.0721500721500691,2.4880952380955086,3.2117263843653148,3.4076086956528373,1.5205298013242257,0.1520000000018968,0.1494252873563218,0.1693548387096774,-0.9195134575573288,1.691196583041089,0.3858415627418802,0.0043290043290986,0.0024916943522136,1.9299955693397155,0.9590235396702766,1778.6280000209808,historical7d|1s|4|SECONDARY|SELL|1790086772.987000,23.0,88.0,1.3068181818181817,52.99997329711914,55.00006675720215,0.9636347085011292,-1.050000000000182,-1.0349999999998545,1.050000000000182,1.0349999999998545,0.8823529411782689,0.30307467057137444,-0.36363636363636365,-0.13953488372093023,0.36363636363636365,0.13953488372093023,0.22410147991543342,0.2727272727272727,0.6363636363636364,0.8928571428579549,-0.42857142857142855,0.8214285714310076,0.9794520547940725
historical7d,1s,0,MICRO,SELL,-1,4817,4856,1789575485.9550002,1789575524.996,39.04099988937378,momentum_zero_cross,-4.949999999998909,0.3000000000001819,-1.319999999999709,False,500.0,1.662898252826041,0.8235294117636044,1.4285714285714286,0.1129623458847396,0.0692212608157733,2.981366459626908,1.6988636363633016,2.2450331125820715,0.9584487534626904,0.1129623458847396,0.1428571428571428,0.0766917293233082,0.7363333470448366,0.7404148829006112,0.7383741149727238,0.0506798516687193,0.0300366300366201,2.3755689326086302,1.1764705882337203,4906.851000070572,historical7d|1s|0|MICRO|SELL|1789575485.955000,28.0,120.0,1.1666666666666667,49.99995231628418,51.000118255615234,0.9803889486232528,-0.75,-1.319999999999709,0.75,1.319999999999709,0.39473684210496085,0.2287694974007116,-0.1111111111111111,-0.15254237288135594,0.1111111111111111,0.15254237288135594,-0.04143126177024484,0.07407407407407407,0.7777777777777778,0.7999999999984408,-0.1714285714295366,0.45714285714456476,0.7320261437907409
historical7d,1s,0,MICRO,SELL,-1,7602,7647,1789578278.771,1789578323.9859998,45.21499967575073,stagnation,-5.924999999999727,0.5399999999999636,-1.9200000000000728,False,500.0,1.296146044624552,0.8846153846145101,1.085972850678733,0.0696155558853592,0.0719874804380545,5.542168674699719,2.594771241831612,2.5420054200541258,3.6575342465761103,0.0696155558853592,0.1260504201680672,0.0277008310249307,3.0001632546455936,-1.0627630047444985,0.9687001249505472,0.0015649452269513,0.0004770992366516,1.4075794149768888,0.9606682909840832,7699.667000055313,historical7d|1s|0|MICRO|SELL|1789578278.771000,29.0,120.0,1.2083333333333333,50.00019073486328,51.000118255615234,0.980393623486513,-0.6350000000002183,-2.2600000000002183,0.6350000000002183,2.2600000000002183,0.3681159420290344,0.29236739974124376,-0.5,-0.11864406779661017,0.5,0.11864406779661017,0.3813559322033898,0.10714285714285714,0.4642857142857143,1.0000000000029339,-0.22580645160940152,0.67741935483994,0.9613733905578763
historical7d,1s,0,MICRO,SELL,-1,7708,7754,1789578384.9910002,1789578430.704,45.71299982070923,stagnation,-4.6125000000017735,0.1999999999998181,-1.3699999999998909,False,500.0,2.4384694932775077,0.7450980392173647,1.1711711711711712,0.1498257839720595,0.0322307039865181,3.0470588235282787,3.060702875399539,5.978609625667981,5.184331797234849,0.1498257839720595,0.078125,0.122077922077922,-2.9315508021397023,-2.12362892183531,-2.527589861987506,0.0271416454622336,0.0122605363984561,2.8558651723069906,0.8726373432275443,7805.887000083923,historical7d|1s|0|MICRO|SELL|1789578384.991000,25.0,130.0,0.9615384615384616,50.99987983703613,51.999807357788086,0.9807705533624022,0.019999999999527063,-1.25,-0.019999999999527063,1.25,0.03636363636276445,0.22482014388505978,-0.16666666666666666,-0.07086614173228346,0.16666666666666666,0.07086614173228346,0.0958005249343832,0.5833333333333334,0.25,0.7916666666695088,0.25000000000189476,1.1666666666666667,0.8048780487807042
historical7d,1s,0,MICRO,BUY,1,7942,8128,1789578618.875,1789578804.99,186.11500000953677,trail,19.743750000001228,6.520000000000437,0.0,False,500.0,1.3174767321612315,1.0,1.1111111111111112,0.0994443379957689,0.0816326530612827,2.369047619046949,3.830065359480419,2.544117647058227,0.9418221734361044,0.0994443379957689,0.04,-0.015256588072122,-0.175070028011278,2.8882431860443147,1.3565865790165184,0.0204081632654634,0.0080795525171545,1.4638630357347018,1.1111111111111112,8039.770999908447,historical7d|1s|0|MICRO|BUY|1789578618.875000,20.0,125.0,0.8,54.99982833862305,52.00004577636719,1.0576880754135642,0.6749999999992724,0.9899999999997817,0.6749999999992724,0.9899999999997817,0.6279069767441467,0.21244635193137318,0.47368421052631576,0.03225806451612903,0.47368421052631576,0.03225806451612903,0.4414261460101867,-0.10526315789473684,0.6842105263157895,0.7878787878796231,-0.09090909090833926,0.6060606060601885,0.895999999999185
historical7d,1s,0,MICRO,BUY,1,13720,13797,1789584430.963,1789584507.9180002,76.95500016212463,emergency_stop,-16.949999999998226,2.2200000000002547,-4.519999999999527,False,500.0,4.656836461125142,0.4411764705869764,0.972972972972973,0.357882069795813,0.0172711571674893,27.3653846153643,13.474226804109117,7.867724867727714,1.7511737089202934,0.357882069795813,0.2112676056338028,0.0236686390532544,19.497659747636582,11.723053095188822,15.610356421412702,0.0765687967760509,0.0701476793248939,4.530976016229868,0.4292527821927339,13851.858999967577,historical7d|1s|0|MICRO|BUY|1789584430.963000,35.0,72.0,2.4305555555555554,49.49986934661865,51.999807357788086,0.951924090911175,6.9399999999996,7.125,6.9399999999996,7.125,0.6628462273162021,0.6071580741375427,0.47058823529411764,0.22857142857142856,0.47058823529411764,0.22857142857142856,0.24201680672268908,-0.029411764705882353,0.9117647058823529,0.4411764705881566,-0.2941176470605544,1.470588235297422,0.8335419274092661
historical7d,1s,0,MICRO,SELL,-1,13858,13859,1789584568.838,1789584569.995,1.1570000648498535,momentum_zero_cross,-1.799999999998363,0.0,-0.4799999999995634,False,500.0,1.9117241379311147,0.8529411764701161,1.5675675675675675,0.0582642944452272,0.0836940836940696,2.516666666669319,4.298969072161739,2.269841269842431,-0.2370892018779986,0.0582642944452272,0.0956521739130434,-0.0231362467866323,0.2468253968268881,4.536058274039738,2.3914418354333136,0.030303030302903,0.1168384879724771,2.9967567567568825,1.3370429252774794,13989.733999967577,historical7d|1s|0|MICRO|SELL|1789584568.838000,21.0,116.0,0.9051724137931034,52.00004577636719,51.999807357788086,1.0000045849896608,0.10499999999956344,-0.7650000000003274,-0.10499999999956344,0.7650000000003274,0.18260869565233898,0.19391634981011735,-0.1,-0.10526315789473684,0.1,0.10526315789473684,-0.005263157894736831,0.45,0.25,0.8787878787879623,-0.030303030303698436,0.5757575757592461,0.7777777777786332
historical7d,1s,0,MICRO,SELL,-1,21517,21521,1789592535.972,1789592539.9299998,3.9579999446868896,emergency_stop,-15.487500000000413,0.0,-4.130000000000109,False,500.0,10.586626139817724,0.9491525423732472,3.206896551724138,0.0602904247188636,0.0160780935974588,12.725806451614204,14.882096069875905,15.959537572250309,28.486381322970875,0.0602904247188636,0.0162162162162162,0.0246212121212121,-3.2337311206361044,-13.60428525309497,-8.419008186865536,0.0465116279069475,0.0148992918237743,33.95021486217408,3.043834015196965,21956.8679997921,historical7d|1s|0|MICRO|SELL|1789592535.972000,39.0,186.0,1.0483870967741935,50.499916076660156,50.00019073486328,1.009994468710065,-1.0300000000006548,-4.130000000000109,1.0300000000006548,4.130000000000109,0.187613843351675,0.129304946775238,-0.21052631578947367,-0.021739130434782608,0.21052631578947367,0.021739130434782608,0.18878718535469108,0.15789473684210525,0.7894736842105263,0.42424242424213193,-0.6363636363638869,0.9848484848495288,0.7509607993852143
historical7d,1s,0,MICRO,SELL,-1,21984,21985,1789593002.968,1789593003.9740002,1.006000280380249,momentum_zero_cross,-0.3750000000013642,0.0,-0.1000000000003638,False,500.0,3.262813522355938,0.9666666666659592,2.2097902097902096,0.1078375286041025,0.0387700534759332,2.3592233009696564,2.179487179486422,4.562783661119798,-2.103678929766332,0.1078375286041025,0.1558441558441558,0.0323974082073434,-2.203560360150141,4.283166109252754,1.0398028745513064,0.0133689839572686,0.2649741188070021,7.210133378073261,2.136130536128973,22423.8639998436,historical7d|1s|0|MICRO|SELL|1789593002.968000,36.0,158.0,1.1392405063291138,49.99995231628418,51.000118255615234,0.9803889486232528,-0.6099999999996726,-1.3449999999993452,0.6099999999996726,1.3449999999993452,0.31606217616543686,0.11194340407818645,-0.08571428571428572,-0.16339869281045752,0.08571428571428572,0.16339869281045752,-0.0776844070961718,-0.05714285714285714,0.8285714285714286,0.6904761904759842,-0.3333333333340552,0.9047619047620079,0.9014778325119445
historical7d,1s,0,MICRO,SELL,-1,22056,22103,1789593074.971,1789593121.9539998,46.98299980163574,take_profit,25.659374999999045,10.659999999999854,-1.050000000000182,False,500.0,3.956967213114934,0.9333333333319186,2.102564102564102,0.1135575694909134,0.0290005178663621,9.906779661024114,4.1749502982117015,5.581464872944834,5.983277591974095,0.1135575694909134,0.1677018633540372,0.0627530364372469,4.32531478807928,-1.808327293762393,1.2584937471584428,0.0258933195235611,0.0112384805574282,8.31977721731858,1.962393162390188,22495.86699986458,historical7d|1s|0|MICRO|SELL|1789593074.971000,34.0,164.0,1.0365853658536586,49.99995231628418,50.99987983703613,0.9803935318289553,-1.660000000000764,-5.635000000000218,1.660000000000764,5.635000000000218,0.6014492753627463,0.3806146572104559,-0.375,-0.1625,0.375,0.1625,0.2125,0.0,0.7575757575757576,0.6511627906973301,-0.5581395348855409,1.0000000000010576,0.9172185430463696
historical7d,1s,0,MICRO,BUY,1,22620,22756,1789593638.928,1789593774.978,136.04999995231628,emergency_stop,-19.799999999999045,3.0299999999997453,-5.279999999999745,False,500.0,1.1886862672124754,0.6511627906966415,1.0638297872340423,0.0588572411026464,0.0350657482779868,0.371229698376577,2.54687499999947,1.7954545454542563,3.9907834101397217,0.0588572411026464,0.0285714285714285,-0.0231155778894472,-1.4242248470776793,-1.443908410140251,-1.4340666286089652,0.1640576080149524,0.0834394904458284,1.264559858736676,0.6927263730815335,23059.823999881744,historical7d|1s|0|MICRO|BUY|1789593638.928000,37.0,175.0,1.0571428571428572,51.49996280670166,50.00019073486328,1.0299953270136757,-0.7199999999993452,0.5500000000010914,-0.7199999999993452,0.5500000000010914,0.2834645669287786,0.04537953795387562,-0.16666666666666666,0.034482758620689655,-0.16666666666666666,0.034482758620689655,-0.2011494252873563,-0.027777777777777776,0.9166666666666666,0.6999999999984083,-0.40000000000136426,1.149999999998522,0.10580204778200653
historical7d,1s,0,MICRO,SELL,-1,23250,23261,1789594268.969,1789594279.979,11.010000228881836,trail,7.162499999999455,4.170000000000073,-0.7799999999997453,False,500.0,2.1552298467686923,0.6046511627914355,1.093093093093093,0.1689119170983502,0.0160741885626108,4.469534050180492,3.0948905109488107,4.538283062644932,4.693641618498231,0.1689119170983502,0.247191011235955,0.0398406374501992,-0.0687490124644396,-1.59875110754942,-0.8337500600069299,0.0389489953632233,0.0388170055452921,2.355866859530943,0.6609400097780256,23689.86499977112,historical7d|1s|0|MICRO|SELL|1789594268.969000,36.0,182.0,0.989010989010989,50.00019073486328,49.99995231628418,1.0000047683761295,0.3599999999996726,-6.114999999999782,-0.3599999999996726,6.114999999999782,0.12720848056505418,0.34095344298856733,0.0,-0.24293785310734464,-0.0,0.24293785310734464,-0.24293785310734464,-0.17142857142857143,0.5428571428571428,0.5777777777784964,-0.5777777777764753,1.0444444444434113,0.8153846153845785
historical7d,1s,0,MICRO,SELL,-1,23340,23371,1789594358.949,1789594389.985,31.03600001335144,trail,6.075000000003,4.3700000000008,-2.6099999999996726,False,500.0,2.1319120586275506,0.5581395348834258,1.0510510510510511,0.1120798055159626,0.0149999999999863,3.679279279282514,4.978761061945479,4.136117556071025,11.471098265898997,0.1120798055159626,0.0114942528735632,0.0076045627376425,-0.4568382767885111,-6.492337203953516,-3.474587740371013,0.0481250000000272,0.0257870060281453,2.240748409968897,0.5866331447723695,23779.84499979019,historical7d|1s|0|MICRO|SELL|1789594358.949000,39.0,175.0,1.1142857142857143,49.99995231628418,49.99995231628418,1.0,-2.494999999999891,-5.039999999999964,2.494999999999891,5.039999999999964,0.32090032154359704,0.2166809974204353,-0.21052631578947367,-0.005780346820809248,0.21052631578947367,0.005780346820809248,0.20474596896866443,-0.15789473684210525,0.7894736842105263,0.452830188679051,-0.16981132075507313,1.0377358490574455,0.7623456790122283
historical7d,1s,0,MICRO,BUY,1,23744,23760,1789594762.982,1789594778.951,15.968999862670898,trail,7.837500000000545,4.650000000000546,-0.089999999999236,False,500.0,0.8315270935960793,0.6046511627893204,1.0328358208955224,0.062238547087047,0.0410742496049465,1.613356766257013,1.0273722627734878,1.5937295885043936,1.9442119944209828,0.062238547087047,0.1242603550295858,0.0039920159680638,0.0196271777526193,-0.916839731647495,-0.4486062769474377,0.0,0.0201940209859526,0.8588309683111744,0.6245053800749398,24183.87800002098,historical7d|1s|0|MICRO|BUY|1789594762.982000,33.0,173.0,0.9537572254335259,50.00019073486328,50.499916076660156,0.990104432232357,0.6049999999995634,2.375,0.6049999999995634,2.375,0.2358674463938797,0.15007898894157579,0.22580645161290322,0.13095238095238096,0.22580645161290322,0.13095238095238096,0.09485407066052226,-0.03125,0.90625,0.44827586206783,-0.2586206896561457,1.1896551724163886,1.0
historical7d,1s,0,MICRO,BUY,1,23971,24003,1789594989.979,1789595021.9539998,31.97499966621399,trail,19.321875000000546,5.970000000000255,-2.319999999999709,False,500.0,1.0695330870003903,0.5977011494258642,0.9578313253012049,0.0819436457734267,0.0326633165829418,1.244604316547624,2.66026871401126,1.489222730241674,14.138639281131764,0.0819436457734267,0.0573248407643312,0.0525139664804469,-0.2446184136940501,-11.478370567120503,-5.861494490407276,0.0163316582914709,0.0046050301098161,1.024432294175073,0.572496884088629,24410.875,historical7d|1s|0|MICRO|BUY|1789594989.979000,32.0,159.0,1.0062893081761006,50.00019073486328,50.99987983703613,0.98039820671407,0.6149999999997817,1.730000000000473,0.6149999999997817,1.730000000000473,0.3426183844016731,0.16429249762590822,0.3333333333333333,0.05732484076433121,0.3333333333333333,0.05732484076433121,0.2760084925690021,0.03225806451612903,0.8387096774193549,0.6190476190480315,-0.16666666666594485,1.2857142857139763,0.9118644067795816
historical7d,1s,0,MICRO,SELL,-1,24436,24474,1789595454.966,1789595492.9550002,37.98900008201599,trail,19.90312499999959,7.059999999999491,-0.6000000000003638,False,500.0,1.053207661903315,0.5977011494258642,1.0903614457831323,0.0713444784553402,0.0300230946882474,3.7039586919097394,3.037336024218784,1.1369606003752282,6.189640035116865,0.0713444784553402,0.217877094972067,0.0487562189054726,2.5669980915345114,-3.1523040108980807,-0.2926529596817846,0.0508083140877144,0.0234604105571644,1.1483770289427713,0.6517102894342254,24875.86199998856,historical7d|1s|0|MICRO|SELL|1789595454.966000,37.0,181.0,1.022099447513812,50.499916076660156,50.00019073486328,1.009994468710065,-1.1350000000002183,-5.394999999999527,1.1350000000002183,5.394999999999527,0.33931240657711226,0.33750390991536955,-0.3142857142857143,-0.2247191011235955,0.3142857142857143,0.2247191011235955,0.08956661316211878,-0.1111111111111111,0.7777777777777778,0.6500000000011369,-0.4250000000005684,1.2500000000011369,0.8497011101623799
historical7d,1s,0,MICRO,SELL,-1,24591,24625,1789595609.952,1789595643.983,34.0310001373291,trail,21.11249999999956,8.050000000000182,0.0,False,500.0,1.0144277011862424,0.6666666666666666,1.1317365269461075,0.0416028941143798,0.0366624525916522,0.8535433070862902,-0.6886171213544454,0.859607091518756,7.165935030726698,0.0416028941143798,0.1170212765957446,-0.0496323529411764,-0.0060637844324658,-7.854552152081143,-3.930307968256805,0.3792667509481738,0.1139601139601147,1.148064883378442,0.7544910179640718,25030.84799981117,historical7d|1s|0|MICRO|SELL|1789595609.952000,37.0,189.0,0.978835978835979,51.000118255615234,50.99964141845703,1.0000093498139386,-0.3149999999995998,-1.7600000000002183,0.3149999999995998,1.7600000000002183,0.10413223140474498,0.11013767209010424,0.0,-0.12299465240641712,-0.0,0.12299465240641712,-0.12299465240641712,0.05555555555555555,0.6111111111111112,0.6041666666659956,-0.5624999999984605,0.9583333333324648,0.35645472061613004
historical7d,1s,0,MICRO,SELL,-1,25334,25379,1789596352.959,1789596397.9889998,45.02999973297119,stagnation,-7.125000000002046,0.0,-3.9200000000000728,False,500.0,0.6754748142031632,0.5217391304342668,0.872093023255814,0.049159575216259,0.039119804400941,0.536856745479876,-0.2769450392575178,0.7677100494236063,1.4935579781961834,0.049159575216259,0.3288590604026846,0.228149829738933,-0.2308533039437302,-1.7705030174537013,-1.0006781606987158,0.2330888345558663,0.0732581967213247,0.5890768728515958,0.4550050556112792,25773.855000019077,historical7d|1s|0|MICRO|SELL|1789596352.959000,35.0,150.0,1.1666666666666667,50.00019073486328,51.000118255615234,0.980393623486513,-0.9099999999998545,-0.9099999999998545,0.9099999999998545,0.9099999999998545,0.5290697674402988,0.09469302809567688,-0.47058823529411764,-0.32432432432432434,0.47058823529411764,0.32432432432432434,0.1462639109697933,-0.08823529411764706,0.6176470588235294,0.5853658536582119,-0.48780487804850997,1.3170731707343044,0.5506329113929369
historical7d,1s,0,MICRO,BUY,1,25875,25876,1789596893.973,1789596894.977,1.003999948501587,momentum_zero_cross,1.6125000000010914,0.430000000000291,0.0,False,500.0,0.7951260980446863,0.3333333333319859,0.910144927536232,0.0830064138489428,0.021382751247277,0.2662889518415918,1.6330275229357074,1.5045146726862777,-0.0539083557951804,0.0830064138489428,0.0193548387096774,0.0205680705190989,-1.238225720844686,1.686935878730888,0.2243550789431009,0.0513186029935427,0.1733771569433001,0.7236799848870478,0.303381642510851,26314.86899995804,historical7d|1s|0|MICRO|BUY|1789596893.973000,28.0,157.0,0.89171974522293,50.00019073486328,50.99987983703613,0.98039820671407,0.5800000000008367,0.5450000000000728,0.5800000000008367,0.5450000000000728,0.308510638298001,0.0419392073874656,0.1111111111111111,0.025974025974025976,0.1111111111111111,0.025974025974025976,0.08513708513708512,-0.2962962962962963,0.7037037037037037,0.4285714285699437,-0.11428571428549156,1.4857142857139887,1.0
historical7d,1s,0,MICRO,SELL,-1,26153,26171,1789597171.978,1789597189.9910002,18.01300024986267,emergency_stop,-15.89999999999918,0.0,-4.239999999999782,False,500.0,0.870623145400518,0.5934065934070547,0.9298245614035088,0.064891846921803,0.0368098159509841,0.4873949579831719,0.3402298850573899,1.2261185006045947,1.138014527844952,0.064891846921803,0.0632911392405063,0.1620727673649393,-0.7387235426214228,-0.7977846427875621,-0.7682540927044925,0.16428084526245,0.0712385456695237,0.8095267843197799,0.5517640254486649,26592.87399983406,historical7d|1s|0|MICRO|SELL|1789597171.978000,31.0,159.0,0.9748427672955975,50.50003528594971,50.999999046325684,0.9901967888289206,0.20499999999992724,-0.8249999999998181,-0.20499999999992724,0.8249999999998181,0.13015873015877416,0.06994489190334921,0.1724137931034483,-0.05732484076433121,-0.1724137931034483,0.05732484076433121,-0.22973863386777948,0.06666666666666667,0.4666666666666667,0.6279069767461044,-0.7674418604639358,1.3023255813960375,-0.1367924528301785
historical7d,1s,0,MICRO,SELL,-1,26568,26614,1789597586.985,1789597632.981,45.99600005149841,stagnation,2.1374999999989086,0.569999999999709,-2.449999999999818,False,500.0,1.508545630441951,0.559139784946531,1.0787878787878789,0.1362213597095631,0.0222317229585467,0.8871224165345922,1.195509822263632,2.631197097944334,0.5512510088780667,0.1362213597095631,0.1428571428571428,0.1267056530214425,-1.744074681409742,0.6442588133855653,-0.5499079340120884,0.0521590423258272,0.0418381344307671,1.6274007407191953,0.603193222548379,27007.880999803543,historical7d|1s|0|MICRO|SELL|1789597586.985000,39.0,178.0,1.095505617977528,49.99995231628418,50.99987983703613,0.9803935318289553,-0.5100000000002183,-1.3800000000001091,0.5100000000002183,1.3800000000001091,0.26701570680692593,0.13542688910700781,-0.3157894736842105,-0.13793103448275862,0.3157894736842105,0.13793103448275862,0.1778584392014519,0.3157894736842105,0.47368421052631576,0.8125000000014211,-0.375,1.5312500000007105,0.597701149425029
historical7d,1s,0,MICRO,SELL,-1,27190,27232,1789598208.907,1789598250.997,42.08999991416931,momentum_zero_cross,-12.899999999998498,0.0,-3.75,False,500.0,0.8262248854423522,0.4000000000004042,1.0186335403726707,0.0895879778713215,0.0307167235495394,0.9913043478262136,1.1908045977011168,1.3119709794438916,0.5924132364809856,0.0895879778713215,0.4320987654320987,0.1934493346980552,-0.3206666316176781,0.5983913612201311,0.1388623648012264,0.0520477815698632,0.0643776824034682,0.8416203802021475,0.40745341614948,27629.802999973297,historical7d|1s|0|MICRO|SELL|1789598208.907000,32.0,164.0,0.9756097560975611,50.00019073486328,50.99964141845703,0.9804027899844793,-0.03999999999996362,-1.4549999999999272,0.03999999999996362,1.4549999999999272,0.021978021977972554,0.14299754299744383,-0.4838709677419355,-0.4409937888198758,0.4838709677419355,0.4409937888198758,0.04287717892205972,-0.06451612903225806,0.6129032258064516,1.0,-0.5555555555566783,2.9444444444382687,0.6534090909096576
historical7d,1s,0,MICRO,BUY,1,27992,28106,1789599010.995,1789599124.992,113.99699997901917,emergency_stop,-15.449999999999587,2.769999999999527,-4.119999999999891,False,500.0,0.9336206896551368,0.6849315068488713,1.118421052631579,0.07795570045067,0.0461680517082182,3.291891891891323,1.1444921316166308,1.3550000000001698,1.1435786435785469,0.07795570045067,0.036144578313253,0.025703794369645,1.9368918918911533,0.0009134880380841,0.9689026899646188,0.0221606648199245,0.0139453805926652,1.044181034482719,0.7660418168704481,28431.891000032425,historical7d|1s|0|MICRO|BUY|1789599010.995000,31.0,170.0,0.9117647058823529,50.00007152557373,50.99964141845703,0.9804004525309946,0.020000000000436557,3.0450000000000728,0.020000000000436557,3.0450000000000728,0.011904761905006809,0.25449226911818723,0.034482758620689655,0.03614457831325301,0.034482758620689655,0.03614457831325301,-0.0016618196925633558,-0.13333333333333333,0.6666666666666666,1.0399999999971867,0.053333333332007495,1.1733333333332687,0.9247648902821906
historical7d,1s,0,MICRO,BUY,1,34061,34209,1789614642.982,1789614793.947,150.9649999141693,trail,20.212499999997817,6.529999999999745,-0.75,False,500.0,1.5578947368422038,0.4485981308421542,1.4516129032258065,0.0950360627917642,0.0720720720722812,0.6627218934903218,0.6382978723406452,3.177304964539025,4.948275862067533,0.0950360627917642,0.0222222222222222,-0.0769230769230769,-2.514583071048704,-4.309977989726887,-3.4122805303877954,0.1156156156156836,0.0413311862587436,2.261460101867715,0.6511908350934497,1141.1740000247955,historical7d|1s|0|MICRO|BUY|1789614642.982000,8.0,45.0,0.8888888888888888,151.99995040893555,100.49998760223389,1.5124375040774327,-0.050000000001091394,0.15499999999974534,-0.050000000001091394,0.15499999999974534,0.12195121951544138,0.059500959692748163,-0.14285714285714285,0.0,-0.14285714285714285,0.0,-0.14285714285714285,-0.14285714285714285,0.2857142857142857,0.5853658536604303,-0.2926829268268877,0.7073170731686758,-0.02857142857202255
historical7d,1s,0,MICRO,BUY,1,36911,37012,1789617634.951,1789617735.651,100.70000004768372,trail,19.71562499999891,6.270000000000437,-2.069999999999709,False,500.0,4.671111111110264,0.5476190476179134,2.4545454545454546,0.0969312706061468,0.0218839200760759,10.462585034003538,3.9649122807048,9.531172069825208,6.923076923075566,0.0969312706061468,0.1555555555555555,0.0186170212765957,0.93141296417833,-2.9581646423707664,-1.0133758390962182,0.0,0.0,11.465454545452468,1.34415584415306,1355.3380000591278,historical7d|1s|0|MICRO|BUY|1789617634.951000,28.0,135.0,1.037037037037037,52.00004577636719,51.000118255615234,1.019606376513487,1.0750000000007276,3.860000000000582,1.0750000000007276,3.860000000000582,0.5180722891577038,0.25378040762670534,0.3333333333333333,0.16417910447761194,0.3333333333333333,0.16417910447761194,0.16915422885572137,0.4444444444444444,0.4074074074074074,0.47916666666528507,-0.6458333333335307,0.7500000000004737,1.0
historical7d,1s,0,MICRO,BUY,1,37330,37473,1789618055.969,1789618198.742,142.77300024032593,emergency_stop,-15.187500000000682,2.899999999999636,-4.050000000000182,False,500.0,1.5431693989068378,0.6588235294115885,1.4126984126984128,0.0701229644399729,0.0793201133143607,0.6455696202550298,0.1220338983052519,1.560073937153892,8.645484949831507,0.0701229644399729,0.0909090909090909,-0.1111111111111111,-0.914504316898862,-8.523451051526255,-4.718977684212558,0.2577903682718656,0.0579617834394784,2.1800329603604536,0.9307189542481172,1776.3559999465942,historical7d|1s|0|MICRO|BUY|1789618055.969000,11.0,89.0,0.6179775280898876,52.99985408782959,52.00004577636719,1.0192270659868687,0.2600000000002183,0.25500000000101863,0.2600000000002183,0.25500000000101863,0.38235294117662794,0.044697633654925,0.6,0.09090909090909091,0.6,0.09090909090909091,0.509090909090909,0.1,0.5,0.7368421052622761,-0.21052631578922174,0.7368421052622761,0.986577181210184
historical7d,1s,0,MICRO,SELL,-1,53979,54235,1789636602.907,1789636862.664,259.7569999694824,momentum_zero_cross,-5.512500000000955,0.930000000000291,-2.1700000000000728,False,500.0,1.1216545012163337,0.8125000000002665,0.85,0.1191135734071388,0.1127982646422074,2.1919999999951805,0.5043478260874517,2.227979274611736,3.285171102661239,0.1191135734071388,0.0204081632653061,0.0204081632653061,-0.0359792746165554,-2.780823276573788,-1.4084012755951716,0.0715835140997865,0.0253067484662539,0.9534063260338834,0.6906250000002264,3108.8630001544952,historical7d|1s|0|MICRO|SELL|1789636602.907000,9.0,51.0,0.8823529411764707,76.49993896484375,101.49979591369629,0.7536954954066161,-0.020000000000436557,-0.6449999999995271,0.020000000000436557,0.6449999999995271,0.05714285714404505,0.3739130434777107,0.75,0.0,-0.75,-0.0,-0.75,0.125,0.375,0.9629629629622144,-0.07407407407220269,0.33333333332996484,0.5925925925924262
historical7d,1s,0,MICRO,BUY,1,57467,57513,1789640154.983,1789640200.6950002,45.712000131607056,stagnation,-3.000000000000682,0.0,-1.6199999999998909,False,500.0,2.9235127478754825,0.6470588235298839,1.1666666666666667,0.205292171995684,0.0426356589147792,1.805970149247329,3.164473684207389,5.818749999998358,4.250681198909601,0.205292171995684,0.0967741935483871,-0.0077922077922077,-4.012779850751029,-1.086207514702212,-2.5494936827266206,0.0222868217053846,0.012827663134387,3.4107648725213964,0.7549019607848646,6660.9390001297,historical7d|1s|0|MICRO|BUY|1789640154.983000,13.0,63.0,1.0317460317460319,100.99983215332031,54.99982833862305,1.8363663161180133,0.22999999999956344,0.6749999999992724,0.22999999999956344,0.6749999999992724,0.5348837209311179,0.24324324324349128,0.5,0.11475409836065574,0.5,0.11475409836065574,0.38524590163934425,-0.16666666666666666,0.8333333333333334,0.7333333333337375,-0.3999999999993937,0.6000000000006064,0.708860759493875
historical7d,1s,0,MICRO,SELL,-1,71100,71129,1789654359.968,1789654388.962,28.99399995803833,momentum_zero_cross,-3.000000000000682,0.0,-0.9399999999995998,False,500.0,1.6299559471360368,0.57575757575649,1.0816326530612246,0.1434378629498207,0.0684684684683332,1.4159292035427575,0.4550264550269031,3.176848874597804,0.6480836236934019,0.1434378629498207,0.0566037735849056,0.0268948655256723,-1.760919671055046,-0.1930571686664987,-0.9769884198607725,0.10810810810786,0.1028784648187676,1.7630135754736729,0.6227581941855913,869.3769998550415,historical7d|1s|0|MICRO|SELL|1789654359.968000,17.0,53.0,1.6037735849056605,75.99997520446777,96.000075340271,0.7916657870849254,-0.7000000000007276,-0.4650000000001455,0.7000000000007276,0.4650000000001455,0.8045977011512037,0.17647058823557837,-0.25,-0.07692307692307693,0.25,0.07692307692307693,0.17307692307692307,0.4375,0.5625,0.7916666666657193,-0.16666666666666666,0.8333333333371229,0.8578199052152558
historical7d,1s,0,MICRO,BUY,1,75050,75156,1789658385.9910002,1789658491.915,105.92399978637695,trail,26.6062499999984,7.639999999999418,-2.270000000000437,False,500.0,1.2465454545454122,0.7249999999997442,0.8673469387755102,0.1024214167541642,0.0676779463243812,2.333333333332828,-0.438818565400465,1.8969359331479203,4.043360433603962,0.1024214167541642,0.0864197530864197,-0.0304975922953451,0.4363974001849078,-4.482178999004427,-2.02289079940976,0.1633605600930997,0.0543900543899738,1.08118738404449,0.628826530612023,4895.400000095367,historical7d|1s|0|MICRO|BUY|1789658385.991000,13.0,85.0,0.7647058823529411,97.9999303817749,56.999921798706055,1.7192993830387953,0.4150000000008731,1.4450000000006185,0.4150000000008731,1.4450000000006185,0.954022988504882,0.3910690121783366,0.8333333333333334,0.1,0.8333333333333334,0.1,0.7333333333333334,0.08333333333333333,0.75,0.8285714285726165,-0.028571428572096772,0.6000000000010394,1.0
historical7d,1s,0,MICRO,BUY,1,75248,75294,1789658583.973,1789658629.8630002,45.890000104904175,stagnation,-7.350000000000135,0.0,-3.1200000000008004,False,500.0,1.172462739532011,0.6153846153865886,1.2,0.0580020272552803,0.0581113801454314,2.645914396886719,1.6506550218350289,1.434540389972492,4.937669376693401,0.0580020272552803,0.1129032258064516,0.1292719167904903,1.211374006914227,-3.287014354858372,-1.0378201739720725,0.0847457627119315,0.0234192037470945,1.4069552874384132,0.7384615384639063,5093.381999969482,historical7d|1s|0|MICRO|BUY|1789658583.973000,29.0,126.0,1.150793650793651,51.000118255615234,51.000118255615234,1.0,-0.09499999999934516,1.910000000000764,-0.09499999999934516,1.910000000000764,0.06810035842253714,0.2349323493235315,0.21428571428571427,0.12195121951219512,0.21428571428571427,0.12195121951219512,0.09233449477351915,0.21428571428571427,0.5,0.6000000000009095,-0.2749999999988063,0.72499999999892,0.7504456327984215
historical7d,1s,0,MICRO,BUY,1,75542,75667,1789658877.599,1789659002.961,125.36199998855592,emergency_stop,-16.237499999999727,1.4899999999997815,-4.329999999999927,False,500.0,1.6456494325349444,0.6341463414641721,0.9351851851851852,0.1312994350280319,0.0398467432950492,1.1347517730500205,4.033755274261575,3.397660818713984,2.393857271905722,0.1312994350280319,0.1287128712871287,0.0959302325581395,-2.262909045663964,1.6398980023558525,-0.3115055216540556,0.0130268199233761,0.0073307460112147,1.538986969315087,0.5930442637766795,5387.007999897003,historical7d|1s|0|MICRO|BUY|1789658877.599000,17.0,101.0,0.8415841584158417,100.49986839294434,53.999900817871094,1.8611120922593292,0.21999999999934516,0.8250000000007276,0.21999999999934516,0.8250000000007276,0.35483870967694614,0.1925320886814598,0.625,0.14,0.625,0.14,0.485,0.125,0.25,0.6500000000011369,-0.3,0.6750000000017053,0.81318681318689
historical7d,1s,0,MICRO,SELL,-1,75738,75739,1789659073.9889998,1789659074.985,0.9960000514984132,momentum_zero_cross,1.5750000000002728,0.4200000000000727,0.0,False,500.0,1.6469104665828913,0.5121951219514901,0.616822429906542,0.0513806361412074,0.0321592649310896,2.400000000002381,2.892523364487006,1.584905660378006,-0.9365225390982372,0.0513806361412074,0.1515151515151515,-0.0086206896551724,0.815094339624375,3.8290459035852433,2.322070121604809,0.0,0.3145748987854335,1.015851315836176,0.3159334397083957,5583.397999763489,historical7d|1s|0|MICRO|SELL|1789659073.989000,16.0,66.0,1.2121212121212122,100.00014305114746,105.00001907348633,0.9523821417704733,-0.9050000000006548,-1.6300000000010186,0.9050000000006548,1.6300000000010186,0.7154150197647214,0.22893258426978025,-0.3333333333333333,-0.13846153846153847,0.3333333333333333,0.13846153846153847,0.19487179487179485,0.13333333333333333,0.6,0.4468085106389978,-0.5319148936177623,0.6595744680868768,1.0
historical7d,1s,0,MICRO,SELL,-1,75829,76105,1789659164.844,1789659442.971,278.1269998550415,trail,18.89062499999966,5.579999999999927,-2.430000000000291,False,500.0,0.8764186633040693,0.6341463414641721,0.660377358490566,0.0588235294117317,0.074820143884947,3.440000000003281,1.800453514739734,1.0808625336930355,3.0800367985272765,0.0588235294117317,0.0285714285714285,-0.1306532663316583,2.359137466310245,-1.2795832837875425,0.5397770912613515,0.057553956834474,0.0163398692810311,0.5787670418045741,0.4187758858725665,5674.253000020981,historical7d|1s|0|MICRO|SELL|1789659164.844000,14.0,70.0,1.0,101.99999809265137,99.99990463256836,1.020000953675226,0.019999999999527063,-2.4000000000005457,-0.019999999999527063,2.4000000000005457,0.017857142856751333,0.332871012482737,-0.07692307692307693,-0.043478260869565216,0.07692307692307693,0.043478260869565216,0.03344481605351171,-0.3076923076923077,0.38461538461538464,0.5714285714285714,-0.21978021977883594,0.5494505494500882,0.8548094373867077
historical7d,1s,0,MICRO,BUY,1,76861,77166,1789660200.981,1789660505.997,305.0160000324249,trail,20.690625000001432,7.280000000000655,-0.1899999999995998,False,500.0,0.916176470588024,0.8169014084505599,0.9111111111111112,0.1268077971076277,0.0930979133226272,1.3515624999989675,0.6960784313717054,1.7612809315861917,1.676488274202987,0.1268077971076277,0.0,0.0374531835205992,-0.409718431587224,-0.9804098428312816,-0.6950641372092528,0.0240770465491919,0.0090470446321746,0.8347385620913108,0.7442879499216213,6710.389999866486,historical7d|1s|0|MICRO|BUY|1789660200.981000,21.0,82.0,1.2804878048780488,53.50005626678467,96.9998836517334,0.5515476333855233,0.8449999999993452,0.9049999999988358,0.8449999999993452,0.9049999999988358,0.7647058823564271,0.286846275752841,0.3,0.012345679012345678,0.3,0.012345679012345678,0.2876543209876543,0.05,0.45,0.9354838709664169,-0.0967741935474407,0.6129032258073034,1.0
historical7d,1s,0,MICRO,SELL,-1,78087,78096,1789661426.9180002,1789661435.99,9.071999788284302,momentum_zero_cross,-3.712499999999181,0.0,-0.9899999999997816,False,500.0,0.908759124087584,0.9677419354816942,1.0909090909090908,0.0785907859078901,0.1204819277105617,1.4111675126902334,1.1341772151905989,1.3601340033506717,0.228230980751606,0.0785907859078901,0.0105263157894736,-0.0068728522336769,0.0510335093395617,0.9059462344389926,0.4784898718892771,0.0020080321281928,0.1016286644951969,0.991373589913728,1.055718475070939,7936.327000141144,historical7d|1s|0|MICRO|SELL|1789661426.918000,24.0,96.0,1.25,52.00004577636719,52.00028419494629,0.999995415052383,-0.13000000000010914,-0.5900000000001455,0.13000000000010914,0.5900000000001455,0.1688311688318131,0.11847389558236893,-0.13043478260869565,0.0,0.13043478260869565,-0.0,0.13043478260869565,-0.13043478260869565,0.6086956521739131,0.9677419354831138,-0.06451612903377231,0.516129032261377,0.9921875000012434
historical7d,1s,0,MICRO,BUY,1,78437,78632,1789661776.924,1789661971.99,195.0659999847412,trail,11.174999999998365,5.1899999999996,-0.7700000000004366,False,500.0,1.7784371908995935,0.8709677419357678,1.1304347826086956,0.0933777379273325,0.0600667408232475,0.6903553299497636,-0.1492537313429054,2.3179650238467544,1.028108108107935,0.0933777379273325,0.0485436893203883,0.037037037037037,-1.6276096938969908,-1.1773618394508405,-1.4024857666739157,0.1924360400444889,0.0853478046373718,2.0104072592778013,0.984572230014346,8286.332999944687,historical7d|1s|0|MICRO|BUY|1789661776.924000,19.0,104.0,0.9134615384615384,100.00002384185791,52.00004577636719,1.9230756886622895,-0.08500000000003638,0.3249999999998181,-0.08500000000003638,0.3249999999998181,0.08133971291861865,0.060577819198446604,-0.2222222222222222,0.0392156862745098,-0.2222222222222222,0.0392156862745098,-0.261437908496732,-0.3888888888888889,0.5,0.7297297297311248,-0.1891891891884584,0.6216216216206251,0.519650655022271
historical7d,1s,0,MICRO,BUY,1,81481,81647,1789664822.995,1789664988.932,165.93699979782104,trail,6.6750000000024565,4.0700000000006185,-2.0799999999999272,False,500.0,1.3317498020584602,0.9090909090889048,1.0310077519379846,0.1112696148361166,0.071343638525393,2.804687499998679,1.7236842105273786,2.9545454545465195,1.477799227799355,0.1112696148361166,0.0,0.0367553865652724,-0.1498579545478406,0.2458849827280236,0.0480135140900914,0.060642092746757,0.026397515527962,1.373044369564149,0.9372797744870104,11332.404000043867,historical7d|1s|0|MICRO|BUY|1789664822.995000,30.0,133.0,1.1278195488721805,50.99964141845703,51.99992656707764,0.9807637199769834,0.19499999999970896,1.8149999999995998,0.19499999999970896,1.8149999999995998,0.17972350230342124,0.282930631332432,-0.034482758620689655,0.007633587786259542,-0.034482758620689655,0.007633587786259542,-0.042116346406949196,-0.034482758620689655,0.5517241379310345,1.0,-0.20588235294345808,0.47058823529742205,0.7938596491222734
historical7d,1s,0,MICRO,SELL,-1,81753,81759,1789665094.939,1789665100.952,6.012999773025513,momentum_zero_cross,-0.2624999999989086,0.5900000000001455,-0.0799999999999272,False,500.0,1.5773524720893404,0.8124999999991118,0.875,0.1408058608064131,0.052578361981847,3.4522821576749267,1.365439093483053,3.9547325102885633,0.1361003861003883,0.1408058608064131,0.1351351351351351,0.0588235294117647,-0.5024503526136366,1.2293387073826647,0.3634441773845139,0.0060667340747719,0.1839443742098551,1.3801834130781727,0.7109374999992228,11604.348000049593,historical7d|1s|0|MICRO|SELL|1789665094.939000,28.0,113.0,1.238938053097345,51.999568939208984,52.99997329711914,0.9811244365671306,-0.3599999999987631,-2.1049999999995634,0.3599999999987631,2.1049999999995634,0.33962264150901306,0.361373390557707,-0.1111111111111111,-0.13513513513513514,0.1111111111111111,0.13513513513513514,-0.024024024024024038,0.037037037037037035,0.7407407407407407,1.0000000000028422,0.06250000000142109,0.37499999999715783,1.0
historical7d,1s,0,MICRO,BUY,1,126048,126094,1789722075.9910002,1789722121.978,45.98699975013733,stagnation,-6.262500000000272,0.6300000000001091,-1.9000000000005457,False,500.0,2.899894625922136,0.6021505376362173,1.648,0.1929615269913132,0.0406976744186991,2.5789473684179285,3.9999999999986624,6.405940594061158,5.862660944207273,0.1929615269913132,0.1372549019607843,0.0799220272904483,-3.826993225643229,-1.8626609442086108,-2.84482708492592,0.0697674418605327,0.0307593719961844,4.77902634351968,0.992344086024486,2052.022000312805,historical7d|1s|0|MICRO|BUY|1789722075.991000,20.0,103.0,0.9708737864077669,97.99981117248535,55.9999942779541,1.7499968068937035,0.22000000000025466,1.1899999999995998,0.22000000000025466,1.1899999999995998,0.23913043478263019,0.19070512820498736,0.3684210526315789,0.12871287128712872,0.3684210526315789,0.12871287128712872,0.2397081813444502,-0.05263157894736842,0.8421052631578947,0.6829268292686174,-0.09756097560948558,0.5609756097539875,0.42514970059826096
historical7d,1s,1,MICRO,SELL,-1,147893,148123,1789744843.99,1789745073.965,229.97499990463257,take_profit,25.49999999999983,10.100000000000364,-0.4099999999998545,False,500.0,2.412470023980125,0.786885245901346,1.238709677419355,0.1529248394370851,0.0477137176937959,1.999999999998044,0.5645645645648828,4.438287153652868,2.602649006620947,0.1529248394370851,0.2916666666666667,0.2029520295202952,-2.438287153654824,-2.038084442056064,-2.238185797855444,0.1182902584493608,0.0676136363636639,2.988349965188284,0.974722369116506,5528.948000192642,historical7d|1s|1|MICRO|SELL|1789744843.990000,15.0,96.0,0.78125,75.00004768371582,52.99997329711914,1.4150959522802724,0.125,-0.9099999999998545,-0.125,0.9099999999998545,0.14619883040943138,0.21615201900247896,0.14285714285714285,-0.28421052631578947,-0.14285714285714285,0.28421052631578947,-0.4270676691729323,0.14285714285714285,0.8571428571428571,0.9599999999991269,0.040000000000873115,0.9200000000018917,0.6706827309237828
historical7d,1s,1,MICRO,BUY,1,148526,148870,1789745476.976,1789745822.81,345.83399987220764,trail,22.462500000000038,9.30999999999949,-0.949999999999818,False,500.0,1.2631578947367226,0.912280701754162,1.4516129032258065,0.0579667928926784,0.0734463276836782,3.7973568281926537,2.295399515736816,1.8173515981737245,2.4377682403431584,0.0579667928926784,0.1278195488721804,0.0445103857566765,1.9800052300189293,-0.1423687246063423,0.9188182527062934,0.0324858757061533,0.0119109269808166,1.833616298811372,1.3242784380302353,6161.934000253677,historical7d|1s|1|MICRO|BUY|1789745476.976000,20.0,135.0,0.7407407407407407,50.99964141845703,50.99987983703613,0.9999953251148853,0.36999999999989086,2.0700000000006185,0.36999999999989086,2.0700000000006185,0.42045454545523836,0.30263157894797554,0.15789473684210525,0.12121212121212122,0.15789473684210525,0.12121212121212122,0.03668261562998404,0.2631578947368421,0.631578947368421,0.7647058823532559,-0.05882352941034854,0.882352941176628,0.8947368421054822
historical7d,1s,1,MICRO,SELL,-1,150425,150471,1789747390.945,1789747436.957,46.01200008392334,stagnation,-10.612499999999727,0.0,-3.1099999999996726,False,500.0,2.526558891454705,0.7575757575748806,1.8867924528301887,0.1217569687460874,0.0457038391224917,3.1952662721836558,3.925093632958531,4.725995316157984,1.3905579399141128,0.1217569687460874,0.087248322147651,0.0980392156862745,-1.5307290439743282,2.5345356930444183,0.5019033245350447,0.0758683729433296,0.0426735218508944,4.767092248027746,1.4293882218393974,8075.903000116348,historical7d|1s|1|MICRO|SELL|1789747390.945000,27.0,150.0,0.9,51.49996280670166,50.00019073486328,1.0299953270136757,-0.7750000000005457,-1.300000000000182,0.7750000000005457,1.300000000000182,0.6224899598389408,0.1473922902494434,-0.46153846153846156,-0.08108108108108109,0.46153846153846156,0.08108108108108109,0.3804573804573805,-0.19230769230769232,0.6538461538461539,0.714285714286828,-0.3142857142852688,0.9142857142863082,0.5829145728643124
historical7d,1s,1,MICRO,BUY,1,150537,150553,1789747502.9580002,1789747518.932,15.973999738693236,momentum_zero_cross,-4.162499999998772,0.0,-1.1099999999996726,False,500.0,2.323325635103848,0.7878787878785374,1.2760736196319018,0.1322988321865927,0.051689860835036,2.220930232556467,5.963235294115523,3.873536299764764,1.7009569377986289,0.1322988321865927,0.2745098039215686,0.1370851370851371,-1.6526060672082972,4.2622783563168944,1.3048361445542986,0.049701789264416,0.1907455012853885,2.9647345527705538,1.0053913366793603,8187.916000366211,historical7d|1s|1|MICRO|BUY|1789747502.958000,28.0,104.0,1.346153846153846,51.000118255615234,51.000118255615234,1.0,0.17000000000007276,0.9049999999997453,0.17000000000007276,0.9049999999997453,0.20238095238012743,0.22998729351971325,0.23076923076923078,0.26732673267326734,0.23076923076923078,0.26732673267326734,-0.03655750190403656,-0.14814814814814814,0.48148148148148145,0.7878787878796231,-0.30303030303147227,0.6969696969685277,0.6168582375477112
historical7d,1s,1,MICRO,SELL,-1,155001,155047,1789751983.9539998,1789752029.851,45.897000312805176,stagnation,1.6874999999993177,0.4499999999998181,-0.9700000000002548,False,500.0,1.6102003642985487,0.7936507936506562,0.8934426229508197,0.1428035982010687,0.0565610859728497,4.20952380952315,3.75268817204258,3.77227722772575,3.0015267175567297,0.1428035982010687,0.3137254901960784,0.0418760469011725,0.4372465817973996,0.75116145448585,0.594204018141625,0.0542986425338863,0.0311486048020485,1.438621636955261,0.709081446786242,12668.911999940872,historical7d|1s|1|MICRO|SELL|1789751983.954000,28.0,109.0,1.2844036697247705,50.99987983703613,53.50005626678467,0.9532677794340796,-0.7950000000000728,-2.1700000000000728,0.7950000000000728,2.1700000000000728,0.43801652892641496,0.37094017094050635,-0.44,-0.3069306930693069,0.44,0.3069306930693069,0.13306930693069308,0.1111111111111111,0.7407407407407407,0.694444444445076,-0.5277777777796726,0.694444444445076,0.8008298755188413
historical7d,1s,1,MICRO,BUY,1,155191,155192,1789752173.904,1789752174.856,0.9519999027252196,momentum_zero_cross,-1.1999999999989086,0.0,-0.3199999999997089,False,500.0,1.808743169398401,0.9206349206346456,1.0788381742738589,0.1459721380977738,0.0584088620342413,0.91346153846227,1.0564334085783085,4.536470588238903,-1.4900763358779254,0.1459721380977738,0.09375,0.1084010840108401,-3.623009049776633,2.546509744456234,-0.5382496526601998,0.0332326283986061,0.2536157024793237,1.951341178604084,0.9932160969502402,12858.862000226974,historical7d|1s|1|MICRO|BUY|1789752173.904000,27.0,130.0,1.0384615384615385,50.999999046325684,51.000118255615234,0.9999976625683699,0.3250000000007276,0.2600000000002183,0.3250000000007276,0.2600000000002183,0.3367875647681774,0.05520169851375041,0.23076923076923078,0.08661417322834646,0.23076923076923078,0.08661417322834646,0.1441550575408843,-0.15384615384615385,0.6153846153846154,0.8055555555551696,-0.19444444444356723,0.5833333333332281,1.0
historical7d,1s,1,MICRO,BUY,1,156906,156951,1789753891.9550002,1789753936.999,45.04399991035461,stagnation,-4.275000000001228,0.0,-1.5399999999999636,False,500.0,1.7258509659610872,0.9062499999981348,1.3063063063063065,0.1543312313313107,0.0618336886993578,2.324324324318903,3.6682926829250895,2.6013986013978685,2.9710843373496405,0.1543312313313107,0.1971830985915492,0.1313131313131313,-0.2770742770789653,0.697208345575449,0.210067034248242,0.0010660980810468,0.000533617929574,2.2544900005797985,1.1838400900876536,14576.91300034523,historical7d|1s|1|MICRO|BUY|1789753891.955000,32.0,145.0,1.103448275862069,50.99987983703613,51.999807357788086,0.9807705533624022,0.1999999999998181,1.1000000000003638,0.1999999999998181,1.1000000000003638,0.15999999999950523,0.2286902286905015,0.4,0.20567375886524822,0.4,0.20567375886524822,0.1943262411347518,-0.22580645161290322,0.5806451612903226,1.0357142857117336,0.07142857142671531,0.7857142857133577,0.9918699186990128
historical7d,1s,1,MICRO,BUY,1,162692,162999,1789759757.975,1789760065.962,307.98699975013733,trail,24.10312499999833,9.179999999999382,-0.1300000000001091,False,500.0,2.1424581005586867,0.7419354838720797,1.2582781456953642,0.0843129819239577,0.0599739243808125,4.05714285714939,3.1747211895908016,3.923529411766239,1.113480578827381,0.0843129819239577,0.0947368421052631,-0.0147058823529411,0.1336134453831516,2.061240610763421,1.097427028073286,0.0,0.0,2.695808206000996,0.9335612048721532,20442.93300032616,historical7d|1s|1|MICRO|BUY|1789759757.975000,20.0,95.0,1.0526315789473684,51.999807357788086,52.00004577636719,0.9999954150313611,0.07999999999992724,0.9349999999994907,0.07999999999992724,0.9349999999994907,0.10526315789410699,0.17591721542786098,0.15789473684210525,0.0851063829787234,0.15789473684210525,0.0851063829787234,0.07278835386338185,-0.631578947368421,0.3684210526315789,0.6666666666686878,-0.3333333333313122,0.7666666666647466,0.8055555555563509
historical7d,1s,2,MICRO,BUY,1,183401,183700,1789963644.742,1789963943.998,299.25600004196167,momentum_zero_cross,-4.387499999996862,2.740000000000691,-1.1699999999991633,False,500.0,1.8886138613868328,0.5999999999979789,1.6111111111111112,0.1078682705579918,0.0707732634336804,3.632352941176628,4.284313725489147,3.708474576271061,2.100719424459989,0.1078682705579918,0.0930232558139534,0.0071942446043165,-0.0761216350944331,2.183594301029158,1.053736332967362,0.0,0.0,3.0427667766787865,0.9666666666634104,1835.452000141144,historical7d|1s|2|MICRO|BUY|1789963644.742000,19.0,87.0,1.0919540229885059,50.50015449523926,52.00028419494629,0.9711515095940029,0.6650000000008731,1.2450000000008004,0.6650000000008731,1.2450000000008004,0.7514124293777878,0.21048182586667494,0.5555555555555556,0.10588235294117647,0.5555555555555556,0.10588235294117647,0.4496732026143791,0.4444444444444444,0.3333333333333333,0.5744680851050654,-0.531914893616733,0.7234042553190666,1.0
historical7d,1s,2,MICRO,BUY,1,202607,202613,1789984996.8990002,1789985002.813,5.913999795913696,momentum_zero_cross,-1.3499999999987722,0.0500000000001819,-0.3599999999996726,False,500.0,3.427574171030916,0.8405797101442016,1.8333333333333333,0.2067953020138689,0.0590631364562061,5.531914893614496,6.849999999992315,8.536796536790625,0.0656167978998094,0.2067953020138689,0.2,0.1238532110091743,-3.0048816431761294,6.7843832020925054,1.8897507794581885,0.0,0.0876002467613799,6.283885980223346,1.5410628019310362,2627.2590000629425,historical7d|1s|2|MICRO|BUY|1789984996.899000,19.0,88.0,1.0795454545454544,98.50001335144043,57.99984931945801,1.6982805042977116,0.27999999999883585,1.8999999999996362,0.27999999999883585,1.8999999999996362,0.4117647058837691,0.41942604856514887,0.29411764705882354,0.19047619047619047,0.29411764705882354,0.19047619047619047,0.10364145658263307,0.1111111111111111,0.6666666666666666,0.8923076923068313,-0.12307692307670781,0.6153846153835391,1.0
historical7d,1s,2,MICRO,BUY,1,203313,203358,1789985709.5100002,1789985754.127,44.61699986457825,momentum_zero_cross,-11.362499999999043,0.4099999999998545,-3.590000000000145,False,500.0,2.2478941034890143,0.8484848484842639,1.5178571428571428,0.1841041760215363,0.0599571734474936,2.6666666666659573,1.312138728323593,5.412541254127972,1.227053140097213,0.1841041760215363,0.0602409638554216,0.0362694300518134,-2.7458745874620147,0.0850855882263803,-1.3303944996178172,0.0578158458243202,0.032510535821736,3.4119821213672537,1.2878787878779006,3339.8700001239777,historical7d|1s|2|MICRO|BUY|1789985709.510000,10.0,85.0,0.5882352941176471,106.99987411499023,53.00009250640869,2.0188620256097094,0.005000000000109139,1.105000000000473,0.005000000000109139,1.105000000000473,0.008547008547194578,0.18649789029549,-0.3333333333333333,0.04878048780487805,-0.3333333333333333,0.04878048780487805,-0.38211382113821135,-0.5555555555555556,0.2222222222222222,0.7,-0.5750000000017053,0.6250000000005684,0.7209302325586862
historical7d,1s,3,MICRO,SELL,-1,220605,220871,1790004086.949,1790004353.822,266.8730001449585,trail,19.04062500000037,5.5900000000001455,-0.6700000000000728,False,500.0,1.6193619361933975,0.8999999999999242,1.2461538461538462,0.1240533718013545,0.0733695652172569,0.9605263157933156,0.9931506849325992,2.9783549783572485,4.995907230557273,0.1240533718013545,0.0379746835443038,0.0308641975308641,-2.017828662563933,-4.002756545624673,-3.010292604094303,0.0380434782607083,0.0129032258063975,2.017974105102541,1.121538461538367,2610.0689997673035,historical7d|1s|3|MICRO|SELL|1790004086.949000,21.0,81.0,1.2962962962962963,51.49984359741211,91.99988842010498,0.5597815875845966,-0.3850000000002183,-0.2000000000007276,0.3850000000002183,0.2000000000007276,0.6581196581189671,0.07722007722013688,-0.5789473684210527,-0.02564102564102564,0.5789473684210527,0.02564102564102564,0.553306342780027,0.3,0.5,1.227272727269157,0.136363636362321,0.6818181818198731,0.9763313609462615
historical7d,1s,3,MICRO,BUY,1,222824,222869,1790006334.971,1790006380.9580002,45.98700022697449,stagnation,-7.200000000000273,0.0,-2.289999999999964,False,500.0,1.5054187192120316,0.9354838709691616,0.8873239436619719,0.1817436458068462,0.0759162303664884,2.1871345029215754,0.780952380951743,3.2839506172834625,1.936333699231426,0.1817436458068462,0.1612903225806451,0.0526315789473684,-1.096816114361887,-1.1553813182796828,-1.126098716320785,0.0916230366493168,0.0451904454487241,1.3357940747937749,0.8300772376205237,4858.09099984169,historical7d|1s|3|MICRO|BUY|1790006334.971000,23.0,63.0,1.8253968253968254,50.00007152557373,52.00004577636719,0.9615389905733045,-0.28000000000065484,0.9200000000000728,-0.28000000000065484,0.9200000000000728,0.4307692307692738,0.33576642335771756,-0.14285714285714285,0.14754098360655737,-0.14285714285714285,0.14754098360655737,-0.2903981264637002,-0.36363636363636365,0.5454545454545454,0.9062500000007105,-0.125,0.46875000000213163,0.4488188976374119
historical7d,1s,3,MICRO,SELL,-1,226791,226903,1790010323.947,1790010435.882,111.93499994277954,emergency_stop,-15.562499999998636,2.5600000000004,-4.149999999999636,False,500.0,3.199272065513823,0.9206349206346456,1.3584905660377358,0.0465390279823188,0.0329920364050051,1.3562231759682652,2.3868852459018277,1.9093655589125929,9.71329479768832,0.0465390279823188,0.0209790209790209,-0.073170731707317,-0.5531423829443274,-7.326409551786493,-3.93977596736541,0.1194539249146058,0.0476298480380707,4.34618091918859,1.2506738544470657,8847.066999912262,historical7d|1s|3|MICRO|SELL|1790010323.947000,33.0,144.0,1.1458333333333333,51.99992656707764,51.999807357788086,1.0000022924948304,0.10499999999956344,-0.7700000000004366,-0.10499999999956344,0.7700000000004366,0.03541315345684934,0.06620808254520467,0.25,-0.014084507042253521,-0.25,0.014084507042253521,-0.2640845070422535,-0.03125,0.71875,0.6590909090914259,-0.34090909090857413,0.7954545454560957,0.195402298850751
historical7d,1s,4,MICRO,SELL,-1,256279,256699,1790050280.984,1790050703.889,422.90499997138977,trail,19.837499999999864,6.279999999999745,-1.6199999999998909,False,500.0,1.7992495309569,0.6923076923082304,1.7520661157024793,0.1324438659298202,0.056308654848891,6.581395348832586,3.72670807453492,4.4972375690594575,2.2137404580148257,0.1324438659298202,0.1262135922330097,0.0846153846153846,2.084157779773128,1.5129676165200938,1.7985626981466112,0.0594369134516704,0.033178114086235,3.1524041368831632,1.2129688493334283,426.21799993515015,historical7d|1s|4|MICRO|SELL|1790050280.984000,29.0,106.0,1.3679245283018868,52.500009536743164,53.00021171569824,0.9905622607389147,0.035000000000763976,-2.8499999999994543,-0.035000000000763976,2.8499999999994543,0.03349282296726507,0.4228486646884171,0.1111111111111111,-0.13725490196078433,-0.1111111111111111,0.13725490196078433,-0.24836601307189543,0.07142857142857142,0.6428571428571429,0.7297297297311248,-0.24324324324125018,0.7837837837839167,0.8232558139530345
historical7d,1s,4,MICRO,SELL,-1,277986,278385,1790074283.993,1790074700.872,416.8789999485016,trail,19.190624999998533,5.949999999999818,-0.6300000000001091,False,500.0,1.350993377484152,1.137254901962183,1.1607142857142858,0.1330105383093318,0.1137254901960155,3.102362204722312,2.732824427482432,2.329177057356518,4.7159090909080925,0.1330105383093318,0.2307692307692307,0.0478589420654911,0.773185147365794,-1.983084663425661,-0.6049497580299332,0.0019607843141241,0.0005022601708707,1.568117313151248,1.3200280112061054,884.9389998912811,historical7d|1s|4|MICRO|SELL|1790074283.993000,19.0,65.0,1.4615384615384615,51.999807357788086,55.00006675720215,0.9454498953126964,-0.35499999999956344,-0.9549999999999272,0.35499999999956344,0.9549999999999272,0.496503496504048,0.36242884250593715,-0.3333333333333333,-0.21875,0.3333333333333333,0.21875,0.11458333333333331,-0.1111111111111111,0.5555555555555556,0.9062500000007105,-0.21875000000213163,0.7812500000007105,0.9895833333312214
historical7d,1s,4,MICRO,SELL,-1,280353,280401,1790076713.9889998,1790076761.968,47.979000091552734,emergency_stop,-15.03750000000082,0.8299999999999272,-4.010000000000218,False,500.0,2.7330210772836923,0.8437499999992895,0.9726027397260274,0.103326166688064,0.0462724935731834,2.3870967742002867,-0.3745019920310468,3.404166666667971,nan,0.103326166688064,0.1343283582089552,0.0033557046979865,-1.0170698924676844,nan,nan,0.2819194515851785,0.1692386831275189,2.658143787495098,0.8206335616431445,209.2179996967316,historical7d|1s|4|MICRO|SELL|1790076713.989000,22.0,71.0,1.5492957746478875,50.99964141845703,55.500030517578125,0.9189119527115266,-0.30500000000029104,-0.8600000000005821,0.30500000000029104,0.8600000000005821,0.2531120331956596,0.24022346368719624,-0.14285714285714285,-0.12121212121212122,0.14285714285714285,0.12121212121212122,0.021645021645021634,0.2857142857142857,0.5238095238095238,0.8181818181805655,0.09090909090833926,0.8484848484870199,0.8448979591847887
historical7d,1s,4,MICRO,BUY,1,280694,280834,1790077062.904,1790077202.9859998,140.08199977874756,trail,8.062499999998636,4.199999999999818,-2.1900000000005093,False,500.0,1.6311399443924146,0.9062500000007104,1.1156462585034013,0.1668634395915408,0.065909090909088,2.514285714289159,2.327272727272046,3.3125000000004885,nan,0.1668634395915408,0.037037037037037,-0.0446601941747572,-0.7982142857113295,nan,nan,0.0,0.0,1.8197751760568432,1.0110544217695,121.67900013923644,historical7d|1s|4|MICRO|BUY|1790077062.904000,15.0,82.0,0.9146341463414634,98.99985790252686,57.99984931945801,1.7068985361883346,0.46999999999934516,1.1450000000004366,0.46999999999934516,1.1450000000004366,0.5662650602402245,0.2954838709678546,0.14285714285714285,0.05,0.14285714285714285,0.05,0.09285714285714285,0.14285714285714285,0.2857142857142857,0.8923076923068313,-0.30769230769316874,0.46153846153975314,1.0
historical7d,1s,4,MICRO,BUY,1,280956,281366,1790077324.903,1790077739.925,415.021999835968,trail,6.637500000001637,4.010000000000218,-2.449999999999818,False,500.0,2.214797136038249,0.75,1.8051948051948048,0.1406267677349063,0.0344827586206581,1.6597938144315978,1.5878787878776457,4.85546875000108,6.080301129233632,0.1406267677349063,0.0579710144927536,0.0455075845974329,-3.1956749355694822,-4.4924223413559865,-3.844048638462735,0.0840517241379358,0.0417707961442364,3.998140284536579,1.353896103896104,383.6780002117157,historical7d|1s|4|MICRO|BUY|1790077324.903000,35.0,139.0,1.2589928057553956,52.500009536743164,53.99978160858154,0.9722263307894556,0.1999999999998181,0.8500000000003638,0.1999999999998181,0.8500000000003638,0.08438818565387081,0.12426900584806985,0.17647058823529413,0.06569343065693431,0.17647058823529413,0.06569343065693431,0.11077715757835982,-0.11764705882352941,0.7647058823529411,0.7058823529402324,-0.35294117647279116,0.7647058823532559,0.6793248945140167
historical7d,1s,4,MICRO,BUY,1,281526,281870,1790077899.91,1790078249.833,349.9229998588562,trail,9.899999999997815,4.949999999999818,-0.5900000000001455,False,500.0,1.1662011173186584,0.8059701492549469,0.9893617021276596,0.1111751152085512,0.0646706586827364,4.2511627906909295,1.397260273972876,1.9014778325124144,6.261376896146896,0.1111751152085512,0.2391304347826087,0.1196581196581196,2.349684958178515,-4.86411662217402,-1.2572158319977524,0.0,0.0,1.1537947224535663,0.7973959987309581,363.1210000514984,historical7d|1s|4|MICRO|BUY|1790077899.910000,16.0,93.0,0.8602150537634408,54.99982833862305,64.00012969970703,0.8593705762267356,0.6049999999995634,2.300000000000182,0.6049999999995634,2.300000000000182,0.8705035971220385,0.40636042402863765,0.6,0.25274725274725274,0.6,0.25274725274725274,0.34725274725274724,0.06666666666666667,0.8,0.8181818181833215,-0.2727272727250178,0.8181818181805655,1.0
historical7d,1s,4,MICRO,BUY,1,285137,285224,1790081569.965,1790081656.969,87.00399994850159,trail,8.100000000002865,4.190000000000509,-2.699999999999818,False,500.0,3.840092699883604,1.183673469388134,2.7049180327868854,0.0953746029289857,0.0350030175015049,5.633986928105818,8.69264069263337,8.125412541250833,2.3080645161287245,0.0953746029289857,0.0875,-0.0986547085201793,-2.491425613145015,6.384576176504646,1.9465752816798152,0.1581170790587003,0.1268151016458198,10.38713599148844,3.2017397122793785,365.2629997730255,historical7d|1s|4|MICRO|BUY|1790081569.965000,35.0,165.0,1.0606060606060606,50.999999046325684,52.500009536743164,0.9714283768011953,-0.21500000000014552,2.6699999999991633,-0.21500000000014552,2.6699999999991633,0.08548707753493073,0.22840034217280458,-0.47058823529411764,0.09433962264150944,-0.47058823529411764,0.09433962264150944,-0.564927857935627,-0.11764705882352941,0.7058823529411765,0.7250000000005684,-1.2750000000017052,1.3500000000034107,0.43043478260817136
historical7d,1s,4,MICRO,SELL,-1,285326,285327,1790081758.967,1790081759.92,0.9530000686645508,momentum_zero_cross,-0.7499999999993179,0.0,-0.1999999999998181,False,500.0,2.853603603602883,1.1666666666666667,1.676923076923077,0.2595258255731657,0.0441988950275902,1.6949152542348147,4.14696485622738,6.98575498575726,-0.9096774193550649,0.2595258255731657,0.0093457943925233,0.1331058020477815,-5.290839731522445,5.056642275582445,-0.1170987279700001,0.0086819258090447,0.3339130434782735,4.785273735272527,1.9564102564102568,554.2649998664856,historical7d|1s|4|MICRO|SELL|1790081758.967000,26.0,109.0,1.1926605504587156,55.00006675720215,55.00006675720215,1.0,-0.08999999999923602,-0.5799999999999272,0.08999999999923602,0.5799999999999272,0.14999999999886313,0.17008797653957536,0.04,0.0,-0.04,-0.0,-0.04,-0.16,0.6,1.1666666666666667,0.08333333333143855,0.6250000000028422,0.8894472361803074
historical7d,1s,4,MICRO,BUY,1,285457,285557,1790081889.859,1790081989.981,100.12199997901917,trail,20.315625000002623,6.130000000000109,-0.1899999999995998,False,500.0,1.782741116751296,1.0833333333314386,1.835820895522388,0.1144578313254637,0.0592255125283242,3.5135135135128226,4.861189801700248,3.260053619302316,1.4016129032256364,0.1144578313254637,0.2372881355932203,0.1802120141342756,0.2534598942105064,3.459576898474612,1.8565183963425589,0.0,0.3868480725623688,3.2727933934389464,1.9888059701457752,685.1569998264313,historical7d|1s|4|MICRO|BUY|1790081889.859000,26.0,123.0,1.056910569105691,50.99987983703613,53.50017547607422,0.9532656553592755,0.49499999999898137,1.694999999999709,0.49499999999898137,1.694999999999709,0.39442231075584033,0.3067873303164066,0.44,0.24786324786324787,0.44,0.24786324786324787,0.19213675213675213,0.04,0.88,0.9285714285698045,0.1785714285689924,1.4285714285746767,1.0
historical7d,1s,0,BURST,BUY,1,2512,2554,1789573154.725,1789573196.913,42.187999963760376,momentum_zero_cross,2.3625000000004093,1.4600000000000364,-0.2000000000007276,False,500.0,2.3526011560685527,0.8125000000014211,1.2682926829268293,0.1277404267759115,0.063882063882122,1.3488372093045555,5.442060085841454,2.689230769232767,nan,0.1277404267759115,0.2467532467532467,0.0480549199084668,-1.3403935599282115,nan,nan,0.0368550368549501,0.1394072447859885,2.983786832086945,1.0304878048798511,2575.62099981308,historical7d|1s|0|BURST|BUY|1789573154.725000,7.0,78.0,0.44871794871794873,176.49996280670166,55.00006675720215,3.2090863377650236,-0.10499999999956344,0.4250000000010914,-0.10499999999956344,0.4250000000010914,1.0,0.17453798768041695,-1.0,0.23684210526315788,-1.0,0.23684210526315788,-1.236842105263158,0.16666666666666666,0.8333333333333334,0.9285714285730526,0.035714285715097764,0.2857142857142857,0.5000000000015159
historical7d,1s,0,BURST,BUY,1,7164,7188,1789577836.916,1789577860.9550002,24.03900027275085,momentum_zero_cross,-7.649999999999864,0.0,-2.520000000000437,False,500.0,1.5914811229431214,1.0769230769230769,0.9734513274336284,0.1766658762153282,0.0681265206811936,4.348314606734386,3.421052631578588,4.138888888888875,-0.2096774193547981,0.1766658762153282,0.3577981651376147,0.0837988826815642,0.2094257178455105,3.6307300509333857,1.9200778843894484,0.0267639902677777,0.1021324354657541,1.5492294117145429,1.0483321987746763,7257.811999797821,historical7d|1s|0|BURST|BUY|1789577836.916000,29.0,110.0,1.3181818181818181,51.49996280670166,51.000118255615234,1.0098008508251133,0.4349999999994907,1.9149999999990541,0.4349999999994907,1.9149999999990541,0.3640167364002279,0.37438905180810456,0.2857142857142857,0.35185185185185186,0.2857142857142857,0.35185185185185186,-0.06613756613756616,0.4642857142857143,0.39285714285714285,0.9333333333319186,-0.3000000000003032,0.43333333333646606,0.8913580246907635
historical7d,1s,0,BURST,BUY,1,10347,10378,1789581028.992,1789581059.837,30.84499979019165,momentum_zero_cross,-2.2125000000005457,0.6999999999998181,-0.8400000000001455,False,500.0,2.077360637087211,0.5172413793122914,1.3548387096774193,0.1476344290329274,0.0328587075576251,6.542168674699719,4.283783783785146,3.407894736841318,3.061567164179265,0.1476344290329274,0.216,-0.0096339113680154,3.134273937858401,1.2222166196058812,2.178245278732142,0.0021905805038815,0.0011785503830546,2.8144886050858986,0.7007786429392335,10449.888000011444,historical7d|1s|0|BURST|BUY|1789581028.992000,30.0,126.0,1.1904761904761905,50.99964141845703,51.999807357788086,0.9807659683727413,0.2600000000002183,2.7249999999994543,0.2600000000002183,2.7249999999994543,0.17687074829976587,0.3500321130384432,0.034482758620689655,0.22580645161290322,0.034482758620689655,0.22580645161290322,-0.19132369299221358,-0.10344827586206896,0.6206896551724138,0.5660377358513878,-0.22641509433780949,1.5849056603749625,0.9931972789114152
historical7d,1s,0,BURST,BUY,1,59248,59274,1789641992.757,1789642020.8430002,28.086000204086304,momentum_zero_cross,-3.4124999999994543,0.0,-1.050000000000182,False,500.0,2.0105596620910444,0.7187499999992895,1.7358490566037736,0.2154573255498026,0.0483193277309985,5.681528662416058,7.044897959186159,2.700348432054996,1.11237553342802,0.2154573255498026,0.1868131868131868,0.027027027027027,2.981180230361062,5.932522425758139,4.4568513280596,0.0525210084033589,0.0475737392959076,3.4900280926863414,1.247641509432729,8498.713000059128,historical7d|1s|0|BURST|BUY|1789641992.757000,18.0,92.0,0.9782608695652175,54.000139236450195,53.00021171569824,1.0188664816305966,-0.24499999999989086,2.1850000000004,-0.24499999999989086,2.1850000000004,0.320261437908217,0.3998170173834777,-0.25,0.17777777777777778,-0.25,0.17777777777777778,-0.4277777777777778,-0.23529411764705882,0.5294117647058824,0.7187499999992895,-0.34375000000213163,1.3125000000042633,0.7959183673469237
historical7d,1s,0,BURST,BUY,1,70929,71003,1789654187.951,1789654261.9539998,74.00299978256226,momentum_zero_cross,3.187499999997953,3.8499999999994543,-0.8699999999998909,False,500.0,3.2590266875989573,0.617647058823372,2.4578313253012047,0.153741496598726,0.0404624277456677,7.745098039213798,10.978494623666188,5.819742489268148,3.742160278745159,0.153741496598726,0.2929292929292929,0.1138014527845036,1.9253555499456496,7.23633434492103,4.580844947433341,0.0163776493254563,0.0123636363635093,8.010137882773341,1.5180722891562397,697.3599998950958,historical7d|1s|0|BURST|BUY|1789654187.951000,30.0,102.0,1.4705882352941178,49.99995231628418,52.00004577636719,0.9615366980889851,1.7200000000011642,1.8800000000010186,1.7200000000011642,1.8800000000010186,0.6718749999996336,0.26780626780604927,0.3793103448275862,0.2857142857142857,0.3793103448275862,0.2857142857142857,0.09359605911330049,0.3448275862068966,0.5172413793103449,0.617647058823372,0.2941176470597676,0.9411764705869765,0.9160493827168967
historical7d,1s,0,BURST,BUY,1,118510,118572,1789713296.6780002,1789713363.931,67.25299978256226,momentum_zero_cross,4.425000000001091,1.949999999999818,-0.25,False,500.0,2.410596026489913,0.5647058823521859,1.2127659574468086,0.3660104459624798,0.0527472527472132,6.777777777777296,3.8617886178818384,3.787941787940999,5.019999999998612,0.3660104459624798,0.25,0.0138888888888888,2.9898359898362976,-1.158211382116774,0.9158123038597616,0.0,0.0,2.923488798083512,0.6848560700866936,3970.31200003624,historical7d|1s|0|BURST|BUY|1789713296.678000,14.0,57.0,1.2280701754385965,52.99997329711914,77.00002193450928,0.688311145446129,0.5249999999996362,1.9549999999999272,0.5249999999996362,1.9549999999999272,0.8015267175581211,0.720073664826428,0.23076923076923078,0.23636363636363636,0.23076923076923078,0.23636363636363636,-0.005594405594405577,0.5384615384615384,0.3076923076923077,0.64864864864825,-0.5675675675678333,0.7027027027034999,1.0
historical7d,1s,0,BURST,SELL,-1,126923,126944,1789722960.643,1789722981.677,21.03399991989136,momentum_zero_cross,-5.399999999998499,0.0,-1.4399999999995998,False,500.0,1.906651108518168,0.3283582089546565,0.8596491228070176,0.2892684738212812,0.0269277845776429,2.0864197530883604,3.799307958475731,3.772397094430485,0.6423902894492605,0.2892684738212812,0.3061224489795918,0.125,-1.6859773413421246,3.156917669026471,0.7354701638421735,0.0,0.0,1.6390509529366708,0.2822728462943539,2936.674000263214,historical7d|1s|0|BURST|SELL|1789722960.643000,8.0,50.0,0.8,100.00014305114746,101.99975967407227,0.9803958692715127,-0.11499999999978172,-0.7799999999997453,0.11499999999978172,0.7799999999997453,0.5609756097552319,0.3959390862935046,-0.42857142857142855,-0.2653061224489796,0.42857142857142855,0.2653061224489796,0.16326530612244894,0.7142857142857143,0.0,1.2222222222227836,-0.1666666666708773,0.9444444444480936,1.0
historical7d,1s,0,BURST,SELL,-1,132753,132783,1789728974.961,1789729004.998,30.03700017929077,momentum_zero_cross,-1.6875000000027285,0.0399999999999636,-0.7800000000006548,False,500.0,2.168900804289837,0.8620689655173496,1.3333333333333333,0.3744315310754055,0.0618046971569828,4.419354838716586,2.7603305785118626,3.9838709677454847,1.5345773874864392,0.3744315310754055,0.5238095238095238,0.3161764705882353,0.4354838709711015,1.2257531910254231,0.8306185309982622,0.0704573547589244,0.047939444911661,2.891867739053116,1.149425287356466,334.3199999332428,historical7d|1s|0|BURST|SELL|1789728974.961000,23.0,64.0,1.796875,94.49994564056396,97.99981117248535,0.9642870175967847,-0.07000000000061846,-1.1250000000009095,0.07000000000061846,1.1250000000009095,0.08536585365941578,0.44204322200411605,-0.36363636363636365,-0.5161290322580645,0.36363636363636365,0.5161290322580645,-0.15249266862170086,-0.36363636363636365,0.5454545454545454,1.1627906976760911,-0.6511627907001338,0.6511627907001338,0.5957446808514892
historical7d,1s,1,BURST,SELL,-1,146821,146862,1789743770.854,1789743811.972,41.117999792099,momentum_zero_cross,1.2750000000005457,1.269999999999527,-0.1599999999998544,False,500.0,2.613037447989086,0.7812500000007105,2.163636363636364,0.1636857595646113,0.0530785562632589,4.7943262411305065,5.731343283585061,4.215743440232624,-1.3708609271515142,0.1636857595646113,0.2241379310344827,0.1627056672760511,0.578582800897883,7.102204210736575,3.840393505817229,0.0,0.2978986402966392,5.65366284201275,1.6903409090924464,4455.812000274658,historical7d|1s|1|BURST|SELL|1789743770.854000,28.0,119.0,1.1764705882352942,50.00019073486328,50.999999046325684,0.980395915094935,-0.6549999999997453,-1.6049999999995634,0.6549999999997453,1.6049999999995634,0.6036866359434334,0.3635334088336509,-0.44,-0.21739130434782608,0.44,0.21739130434782608,0.22260869565217392,0.25925925925925924,0.5925925925925926,0.8064516129045508,0.032258064516886155,0.67741935483994,1.0
historical7d,1s,1,BURST,SELL,-1,147015,147044,1789743964.941,1789743993.995,29.05400013923645,momentum_zero_cross,-1.762499999997544,0.4200000000000727,-0.6899999999995998,False,500.0,4.063800277392381,0.645161290321161,2.754385964912281,0.1415865136002738,0.027303754266184,2.4390243902474733,5.057553956830503,7.982507288629357,4.486754966885779,0.1415865136002738,0.2051282051282051,0.2094594594594594,-5.543482898381884,0.5707989899447243,-2.48634195421858,0.0088737201365874,0.0071862907684365,11.193274448256208,1.777023203165303,4649.899000167847,historical7d|1s|1|BURST|SELL|1789743964.941000,34.0,157.0,1.0828025477707006,50.00019073486328,50.00019073486328,1.0,-0.2749999999996362,-1.0249999999996362,0.2749999999996362,1.0249999999996362,0.22633744855866655,0.16817063166505705,-0.3939393939393939,-0.2129032258064516,0.3939393939393939,0.2129032258064516,0.18103616813294232,0.2727272727272727,0.6060606060606061,0.8333333333301753,-0.12500000000236847,1.2083333333334911,0.9118644067789922
historical7d,1s,1,BURST,SELL,-1,147859,147896,1789744809.936,1789744846.891,36.954999923706055,momentum_zero_cross,-0.1499999999998635,0.5399999999999636,-1.050000000000182,False,500.0,2.0023980815339515,0.7540983606547111,1.7662337662337662,0.1083568075114742,0.0550898203591864,5.727272727273009,4.324324324324856,2.906801007556458,3.1158940397336625,0.1083568075114742,0.4117647058823529,0.2015655577299412,2.820471719716551,1.2084302845911932,2.014451002153872,0.0059880239520097,0.0031466331025345,3.5367031050469797,1.3319139876498791,5494.894000291824,historical7d|1s|1|BURST|SELL|1789744809.936000,25.0,136.0,0.9191176470588236,51.49984359741211,51.999807357788086,0.9903852766812011,-0.6300000000001091,-2.5100000000002183,0.6300000000001091,2.5100000000002183,0.6847826086963936,0.28883774453401573,-0.5833333333333334,-0.4074074074074074,0.5833333333333334,0.4074074074074074,0.17592592592592599,0.041666666666666664,0.4583333333333333,0.8214285714277594,0.14285714285389467,1.0714285714301954,0.9802761341225739
historical7d,1s,1,BURST,SELL,-1,148057,148104,1789745007.815,1789745054.99,47.17499995231629,momentum_zero_cross,3.787499999997408,1.3800000000001091,-0.1700000000000727,False,500.0,1.8979808714134612,0.6666666666656561,1.2,0.1412515964245144,0.0447928331466634,5.035897435895408,3.7685950413251135,2.6208530805714294,6.46688741721648,0.1412515964245144,0.3548387096774194,0.1130820399113082,2.4150443553239787,-2.6982923758913664,-0.1416240102836941,0.0022396416569767,0.0007034822369609,2.277577045696153,0.7999999999987873,5692.773000240326,historical7d|1s|1|BURST|SELL|1789745007.815000,19.0,96.0,0.9895833333333334,51.50008201599121,52.00004577636719,0.990385320764406,-0.3500000000003638,-2.365000000000691,0.3500000000003638,2.365000000000691,0.614035087724169,0.5203520352041847,-0.5555555555555556,-0.34782608695652173,0.5555555555555556,0.34782608695652173,0.20772946859903385,-0.1111111111111111,0.5555555555555556,0.7142857142857143,-0.21428571428409018,1.2857142857142858,0.9915789473697658
historical7d,1s,1,BURST,SELL,-1,148280,148338,1789745230.877,1789745288.9699998,58.09299993515015,momentum_zero_cross,-2.250000000001364,0.9799999999995634,-2.130000000000109,False,500.0,2.11275964391649,0.9152542372908006,1.3410404624277457,0.0756916652163904,0.0505617977528979,3.474178403756149,4.004842615008686,1.5051903114181668,5.644204851752104,0.0756916652163904,0.2695652173913043,0.1186440677966101,1.9689880923379823,-1.639362236743418,0.164812927797282,0.0,0.0,2.833296169876449,1.2273929656154088,5915.835000038147,historical7d|1s|1|BURST|SELL|1789745230.877000,28.0,116.0,1.206896551724138,51.000118255615234,52.99997329711914,0.9622668669983535,-0.944999999999709,-1.8800000000001091,0.944999999999709,1.8800000000001091,0.6539792387550788,0.32695652173951145,-0.5555555555555556,-0.2807017543859649,0.5555555555555556,0.2807017543859649,0.2748538011695907,-0.25925925925925924,0.7407407407407407,0.8571428571440945,-0.22222222222125979,0.8571428571412073,1.0
historical7d,1s,1,BURST,BUY,1,148686,148722,1789745637.9910002,1789745673.943,35.95199990272522,momentum_zero_cross,-1.6874999999993177,0.7100000000000364,-0.5100000000002183,False,500.0,1.318385650224164,0.7719298245614595,1.074468085106383,0.1363304981774813,0.0498866213152418,2.7443946188357926,2.765133171911391,1.9615384615382656,5.01072961373414,0.1363304981774813,0.3333333333333333,0.1239669421487603,0.7828561572975268,-2.245596441822749,-0.7313701422626113,0.0022675736961942,0.0007473841554721,1.4165633050280912,0.8294139604330576,6322.9490003585815,historical7d|1s|1|BURST|BUY|1789745637.991000,18.0,101.0,0.8910891089108911,99.00021553039551,52.99985408782959,1.86793373744644,0.18500000000040018,1.5150000000003274,0.18500000000040018,1.5150000000003274,0.28682170542556956,0.3859872611458468,0.4117647058823529,0.32653061224489793,0.4117647058823529,0.32653061224489793,0.08523409363745499,-0.058823529411764705,0.7058823529411765,0.8461538461541153,0.19230769230823047,0.9230769230753086,0.9887005649715075
historical7d,1s,2,BURST,BUY,1,183410,183441,1789963653.855,1789963684.613,30.75799989700317,momentum_zero_cross,-2.8125,0.25,-1.0,False,500.0,2.480198019802669,0.5777777777773286,1.8888888888888888,0.1678806798473337,0.0518962075848716,4.4264705882337205,6.931372549016356,6.562711864405358,4.219424460430504,0.1678806798473337,0.2745098039215686,0.0755939524838013,-2.1362412761716376,2.711948088585852,0.2878534062071067,0.0,0.0,4.684818481849486,1.0913580246905097,1844.5650000572205,historical7d|1s|2|BURST|BUY|1789963653.855000,14.0,102.0,0.6862745098039216,99.99990463256836,52.99997329711914,1.8867916040630146,0.375,1.4549999999999272,0.375,1.4549999999999272,0.5474452554763133,0.2476595744685328,0.38461538461538464,0.26732673267326734,0.38461538461538464,0.26732673267326734,0.1172886519421173,0.6923076923076923,0.3076923076923077,0.5777777777773286,-0.42222222222267136,0.8888888888886644,1.0
historical7d,1s,2,BURST,BUY,1,202608,202658,1789984997.647,1789985048.876,51.22899985313416,momentum_zero_cross,2.6250000000027285,1.8800000000001087,-0.9399999999995998,False,500.0,3.2321116928453906,0.8115942028972135,1.7708333333333333,0.2015775635412465,0.0604751619869964,5.617021276595086,6.209999999993479,7.965367965362504,0.0997375328077486,0.2015775635412465,0.2195121951219512,0.1267605633802817,-2.3483466887674185,6.110262467185731,1.8809578892091556,0.0,0.0820481184455162,5.723531122747046,1.4371980676304823,2628.0069999694824,historical7d|1s|2|BURST|BUY|1789984997.647000,11.0,85.0,0.6470588235294118,148.00000190734863,56.49995803833008,2.619471005747369,0.054999999999381544,2.024999999999636,0.054999999999381544,2.024999999999636,0.15942028985484322,0.4565952649381509,0.2,0.2345679012345679,0.2,0.2345679012345679,-0.03456790123456788,0.0,0.8,0.8484848484842639,-0.212121212123133,0.6363636363638869,1.0
historical7d,1s,3,BURST,BUY,1,222755,222832,1790006264.808,1790006342.84,78.03199982643127,momentum_zero_cross,3.225000000002183,2.2100000000000364,-1.5499999999992724,False,500.0,2.001970443350156,0.7096774193538923,1.319148936170213,0.2974932044745306,0.0433070866140449,6.162790697671516,4.571428571425766,4.273318872016972,0.0285400658615129,0.2974932044745306,0.3548387096774194,0.099273607748184,1.889471825654544,4.542888505564253,3.2161801656093987,0.0059055118109735,0.0650994575044645,2.640897180589567,0.9361702127647088,4787.927999973297,historical7d|1s|3|BURST|BUY|1790006264.808000,18.0,93.0,0.9677419354838709,98.00004959106445,53.50005626678467,1.8317747013643322,0.5600000000004002,2.5799999999999272,0.5600000000004002,2.5799999999999272,0.7179487179494654,0.5758928571431309,0.4117647058823529,0.34782608695652173,0.4117647058823529,0.34782608695652173,0.06393861892583119,0.0,0.6470588235294118,0.7096774193538923,-0.12903225806461077,0.838709677421437,0.9784560143628389
historical7d,1s,3,BURST,SELL,-1,228513,228560,1790012063.96,1790012110.993,47.032999992370605,momentum_zero_cross,2.3625000000004093,2.0,-0.4399999999995998,False,500.0,1.3524355300860331,0.8115942028982833,1.3545454545454545,0.1323641928093226,0.0593220338982593,3.8148148148158127,4.602040816328803,2.621212121212513,nan,0.1323641928093226,0.2689655172413793,0.1044303797468354,1.1936026936033,nan,nan,0.0391949152541348,0.0328014184396293,1.8319353998438084,1.099341238471311,228.8680000305176,historical7d|1s|3|BURST|SELL|1790012063.960000,29.0,149.0,0.9731543624161073,50.50003528594971,50.99987983703613,0.990199103357035,-0.5050000000001091,-2.069999999999709,0.5050000000001091,2.069999999999709,0.37269372693721986,0.3449999999995331,-0.2857142857142857,-0.2777777777777778,0.2857142857142857,0.2777777777777778,0.007936507936507908,0.32142857142857145,0.6071428571428571,0.9333333333319186,0.09999999999909051,0.49999999999848416,0.8398268398272455
historical7d,1s,3,BURST,SELL,-1,234410,234437,1790018048.984,1790018075.927,26.94300007820129,momentum_zero_cross,-5.512500000000955,0.0,-1.6199999999998909,False,500.0,2.69070735090087,0.8275862068959029,1.391304347826087,0.240012991232257,0.0494845360824347,6.39999999999903,4.891566265057214,4.1751412429375225,0.7782888684452548,0.240012991232257,0.4505494505494505,0.2299741602067183,2.224858757061507,4.113277396611959,3.1690680768367328,0.0072164948453316,0.005833333333309,3.743592836035993,1.1514242878551693,3044.5759999752045,historical7d|1s|3|BURST|SELL|1790018048.984000,25.0,96.0,1.3020833333333335,52.99985408782959,52.99997329711914,0.9999977507669885,-0.39499999999952706,-2.3749999999990905,0.39499999999952706,2.3749999999990905,0.6528925619782531,0.5688622754486113,-0.4782608695652174,-0.4444444444444444,0.4782608695652174,0.4444444444444444,0.033816425120772986,0.20833333333333334,0.625,0.8571428571428571,0.17857142857224062,1.2142857142905865,0.970954356846581
historical7d,1s,3,BURST,SELL,-1,238837,238866,1790022664.515,1790022693.86,29.34499979019165,momentum_zero_cross,-1.9499999999982265,0.8699999999998909,-0.7399999999997817,False,500.0,3.313492063492108,1.0769230769211933,1.8333333333333333,0.2397899649958364,0.0670658682634237,4.679245283020292,5.540740740741619,10.148148148155968,0.277551020408337,0.2397899649958364,0.2,0.1358024691358024,-5.468902865135674,5.263189720333282,-0.1028565724011957,0.0095808383231284,0.0087145969496847,6.07473544973553,1.974358974355521,1448.491000175476,historical7d|1s|3|BURST|SELL|1790022664.515000,13.0,88.0,0.7386363636363635,148.00000190734863,54.000139236450195,2.740733709209556,-0.09500000000116415,-1.2200000000011642,0.09500000000116415,1.2200000000011642,0.2345679012381166,0.3057644110281562,-0.09090909090909091,-0.19047619047619047,0.09090909090909091,0.19047619047619047,-0.09956709956709955,0.16666666666666666,0.6666666666666666,0.8235294117636044,-0.3235294117662794,0.5,0.9365079365094489
historical7d,1s,4,BURST,SELL,-1,276726,276836,1790072966.969,1790073076.985,110.01600003242493,momentum_zero_cross,10.425000000002456,3.6700000000000728,-0.7999999999992724,False,500.0,2.388571428571595,0.9230769230769232,1.945454545454545,0.2531528760423621,0.0574162679425275,6.17187500000675,3.8062015503875912,7.875598086123436,2.984084880636259,0.2531528760423621,0.219047619047619,0.0677966101694915,-1.7037230861166854,0.822116669751332,-0.4408032081826767,0.0047846889953194,0.0027643400138818,4.646857142857467,1.795804195804196,1423.9309997558594,historical7d|1s|4|BURST|SELL|1790072966.969000,30.0,107.0,1.4018691588785048,51.000118255615234,52.99997329711914,0.9622668669983535,-0.6299999999991996,-2.0049999999991996,0.6299999999991996,2.0049999999991996,0.5943396226379802,0.46039035591145255,-0.3103448275862069,-0.23076923076923078,0.3103448275862069,0.23076923076923078,0.07957559681697612,0.3793103448275862,0.4827586206896552,0.9599999999991269,-0.2400000000016007,0.7600000000020373,0.9808612440187223
historical7d,1s,4,BURST,SELL,-1,279331,279419,1790075668.965,1790075763.8,94.83500003814696,momentum_zero_cross,8.587499999999864,2.6099999999996726,-1.5,False,500.0,2.4666666666662365,0.7812500000007105,1.3576642335766422,0.2854122621576009,0.0435919790758525,4.258426966289505,4.6498194945875255,4.417177914109758,2.9307958477493843,0.2854122621576009,0.3478260869565217,0.1473922902494331,-0.1587509478202529,1.7190236468381412,0.7801363495089442,0.0,0.0,3.348905109488467,1.0606751824827163,736.6209998130798,historical7d|1s|4|BURST|SELL|1790075668.965000,17.0,93.0,0.9139784946236559,52.500009536743164,53.499817848205566,0.9813119305508825,-0.589999999999236,-1.8650000000006912,0.589999999999236,1.8650000000006912,0.79729729729748,0.5275813295629664,-0.4666666666666667,-0.34065934065934067,0.4666666666666667,0.34065934065934067,0.126007326007326,-0.3125,0.5625,0.8064516129045508,-0.12903225806461077,0.516129032261377,1.0
historical7d,1s,4,BURST,BUY,1,280536,280649,1790076896.962,1790077017.9550002,120.99300026893616,max_hold,26.887500000000276,7.170000000000073,-0.7799999999997453,False,500.0,1.6935014548981562,0.875,1.3424657534246576,0.1884572697025279,0.0641466208475966,4.440251572330253,5.428571428568573,3.465306122448405,-2.086261980830201,0.1884572697025279,0.2448979591836734,0.1262939958592132,0.9749454498818482,7.514833409398774,4.244889429640312,0.0,0.3683937823834637,2.273467706575607,1.1746575342465753,392.1909997463226,historical7d|1s|4|BURST|BUY|1790076896.962000,27.0,98.0,1.3775510204081631,53.999900817871094,53.00021171569824,1.0188619831848096,0.4849999999996726,1.7549999999991996,0.4849999999996726,1.7549999999991996,0.38339920948635925,0.47368421052634163,0.15384615384615385,0.23711340206185566,0.15384615384615385,0.23711340206185566,-0.0832672482157018,0.3076923076923077,0.5384615384615384,0.9032258064522753,-0.4838709677444908,0.6129032258091015,1.0
historical7d,1s,4,BURST,BUY,1,285457,285542,1790081889.859,1790081974.959,85.10000014305115,momentum_zero_cross,15.562500000002046,6.130000000000109,-0.1899999999995998,False,500.0,1.782741116751296,1.0833333333314386,1.835820895522388,0.1144578313254637,0.0592255125283242,3.5135135135128226,4.861189801700248,3.260053619302316,1.4016129032256364,0.1144578313254637,0.2372881355932203,0.1802120141342756,0.2534598942105064,3.459576898474612,1.8565183963425589,0.0,0.3868480725623688,3.2727933934389464,1.9888059701457752,685.1569998264313,historical7d|1s|4|BURST|BUY|1790081889.859000,26.0,123.0,1.056910569105691,50.99987983703613,53.50017547607422,0.9532656553592755,0.49499999999898137,1.694999999999709,0.49499999999898137,1.694999999999709,0.39442231075584033,0.3067873303164066,0.44,0.24786324786324787,0.44,0.24786324786324787,0.19213675213675213,0.04,0.88,0.9285714285698045,0.1785714285689924,1.4285714285746767,1.0
recent24h,500ms,0,PRIMARY,BUY,1,3684,3818,1790192053.48,1790192132.808,79.32800006866455,momentum_zero_cross,-5.924999999999727,0.0,-1.5999999999994543,False,500.0,1.5737051792830214,1.0799999999981085,1.2075471698113207,0.1710665258714656,0.136708860759229,2.396551724129712,1.392857142859579,3.272727272729611,nan,0.1710665258714656,0.0,0.0029498525073746,-0.8761755485998992,nan,nan,0.0455696202532298,0.0241286863271137,1.9003232353606296,1.304150943393942,2127.0209999084477,recent24h|500ms|0|PRIMARY|BUY|1790192053.480000,23.0,64.0,1.796875,52.99997329711914,60.00018119812012,0.8833302206557286,0.10500000000047294,0.680000000000291,0.10500000000047294,0.680000000000291,0.18260869565305418,0.3207547169822491,-0.2,-0.01639344262295082,-0.2,-0.01639344262295082,-0.1836065573770492,0.045454545454545456,0.5,1.0799999999981083,-0.6000000000021828,0.6000000000021828,0.790697674418408
recent24h,500ms,0,PRIMARY,SELL,-1,6839,7494,1790193765.391,1790194095.969,330.577999830246,emergency_stop,-15.262499999998909,2.2399999999997817,-4.069999999999709,False,500.0,4.3017751479291135,1.0943396226400202,2.135135135135135,0.0989276787873639,0.039889958734518,7.68992248062444,1.4703196347017249,8.462068965512042,3.81733746130024,0.0989276787873639,0.1153846153846153,-0.0778301886792452,-0.7721464848876023,-2.347017826598515,-1.5595821557430587,0.0192572214582157,0.0178343949046153,9.184871261794594,2.336562978069232,3838.931999921799,recent24h|500ms|0|PRIMARY|SELL|1790193765.391000,34.0,158.0,1.0759493670886076,52.99997329711914,52.00004577636719,1.019229358471188,-0.42999999999847205,-2.484999999998763,0.42999999999847205,2.484999999998763,0.24431818181703086,0.24044508950146695,-0.1875,-0.12258064516129032,0.1875,0.12258064516129032,0.06491935483870968,0.15151515151515152,0.5454545454545454,0.8285714285704634,0.0,0.6857142857129493,0.8947368421043633
recent24h,500ms,0,PRIMARY,SELL,-1,8377,8701,1790194553.999,1790194724.979,170.9800000190735,emergency_stop,-15.03750000000082,0.0,-4.010000000000218,False,500.0,1.1666666666665984,0.9655172413785532,1.065989847715736,0.1169507575756717,0.1081081081080037,3.824324324318196,3.704035874437838,3.2287581699343217,3.7415143603120047,0.1169507575756717,0.2761904761904762,0.053763440860215,0.595566154383874,-0.0374784858741668,0.2790438342548533,0.0212355212356324,0.0064102564102903,1.2436548223349526,1.0292315771040417,4627.539999961853,recent24h|500ms|0|PRIMARY|SELL|1790194553.999000,16.0,105.0,0.7619047619047619,53.999900817871094,53.50005626678467,1.0093428789793022,-1.125,-1.3999999999996362,1.125,1.3999999999996362,0.8823529411767224,0.2991452991449703,-0.4666666666666667,-0.2692307692307692,0.4666666666666667,0.2692307692307692,0.19743589743589746,0.13333333333333333,0.6,1.0370370370379103,0.18518518518281477,0.629629629631002,0.9402173913040363
recent24h,500ms,0,PRIMARY,SELL,-1,11083,11138,1790196024.809,1790196053.956,29.1470000743866,emergency_stop,-15.299999999999727,0.5800000000008367,-4.079999999999927,False,500.0,1.325301204819588,0.6551724137918057,1.1506849315068493,0.152877697841856,0.0767676767675037,2.014705882353256,0.1357466063361004,2.60869565217634,1.8617021276585657,0.152877697841856,0.048780487804878,0.043103448275862,-0.593989769823084,-1.725955521322465,-1.1599726455727746,0.0666666666666421,0.0306691449814052,1.5250041260937723,0.753897024089201,6098.349999904633,recent24h|500ms|0|PRIMARY|SELL|1790196024.809000,13.0,84.0,0.7738095238095237,90.99996089935303,55.9999942779541,1.6249994678156172,0.02999999999974534,-0.7049999999999272,-0.02999999999974534,0.7049999999999272,0.0833333333331228,0.22560000000023936,0.09090909090909091,-0.06172839506172839,-0.09090909090909091,0.06172839506172839,-0.1526374859708193,0.08333333333333333,0.5833333333333334,0.7307692307683562,-0.2307692307709798,1.1538461538514009,0.8993710691846636
recent24h,500ms,0,PRIMARY,BUY,1,12027,13719,1790196504.42,1790197404.635,900.2149999141693,max_hold,7.537500000000818,4.800000000000182,-1.2100000000000364,False,500.0,1.363522012578198,0.8620689655173496,1.0263157894736843,0.0943502824857014,0.0922509225092238,-1.2266666666637889,-1.095785440613769,1.549883990719508,1.9556135770230143,0.0943502824857014,-0.1506849315068493,0.0648854961832061,-2.7765506573832965,-3.051399017636784,-2.91397483751004,0.3726937269373449,0.1824751580849584,1.3994041708039402,0.884754990925701,6577.960999965668,recent24h|500ms|0|PRIMARY|BUY|1790196504.420000,15.0,78.0,0.9615384615384616,123.49998950958252,54.99982833862305,2.2454613630649454,-0.1999999999998181,-0.44499999999970896,-0.1999999999998181,-0.44499999999970896,0.5405405405402084,0.19821826280571456,0.07692307692307693,-0.1388888888888889,0.07692307692307693,-0.1388888888888889,0.21581196581196582,-0.14285714285714285,0.8571428571428571,0.8928571428579549,-0.07142857143019553,0.35714285714123306,-0.745098039213798
recent24h,500ms,0,PRIMARY,SELL,-1,23324,23660,1790203082.353,1790203297.458,215.1050000190735,momentum_zero_cross,-12.937500000002728,0.1099999999996725,-3.5100000000002183,False,500.0,1.647266313932872,0.9600000000027648,1.0754716981132075,0.2367816091951754,0.1027837259103987,5.765957446792371,4.195652173917492,2.765100671140661,2.1023102310235737,0.2367816091951754,0.3928571428571428,0.174496644295302,3.00085677565171,2.093341942893918,2.547099359272814,0.0,0.0,1.7715882998900698,1.032452830191653,13155.893999814987,recent24h|500ms|0|PRIMARY|SELL|1790203082.353000,20.0,57.0,1.7543859649122806,55.9999942779541,56.999921798706055,0.9824573878490014,-0.8549999999995634,-1.375,0.8549999999995634,1.375,0.8592964824125012,0.6380510440844099,-0.5555555555555556,-0.41818181818181815,0.5555555555555556,0.41818181818181815,0.13737373737373743,0.05263157894736842,0.631578947368421,1.0000000000037896,-0.20833333333049117,0.6249999999990526,1.0
recent24h,500ms,0,PRIMARY,BUY,1,45813,47350,1790227939.976,1790228840.297,900.3209998607635,max_hold,15.487500000000413,6.909999999999855,-0.4600000000000364,False,500.0,0.933709449930068,0.6304347826085667,1.0,0.081344624069813,0.1752265861026277,3.2909090909158256,3.453416149067888,2.3745318352105804,1.6208930075824135,0.081344624069813,-0.04,0.0440251572327044,0.9163772557052452,1.8325231414854743,1.37445019859536,0.0,0.0,0.933709449930068,0.6304347826085667,3896.825000047684,recent24h|500ms|0|PRIMARY|BUY|1790227939.976000,13.0,50.0,1.3,97.9999303817749,99.99990463256836,0.9800002384188065,0.16500000000087311,0.9200000000000728,0.16500000000087311,0.9200000000000728,0.3084112149549869,0.26436781609159354,0.16666666666666666,-0.02040816326530612,0.16666666666666666,-0.02040816326530612,0.18707482993197277,0.5,0.5,0.547169811320949,-0.3207547169814235,0.641509433962847,1.0
recent24h,500ms,0,PRIMARY,SELL,-1,62386,62860,1790240145.9169998,1790240417.971,272.05400013923645,momentum_zero_cross,-3.562499999999318,2.3099999999994907,-0.949999999999818,False,500.0,0.8020969855836515,0.6444444444446241,1.1238095238095238,0.0796001480934645,0.1895424836600258,0.6153846153871986,1.1086142322092327,1.2609970674495876,2.1897810218986486,0.0796001480934645,0.0508474576271186,0.0904109589041095,-0.645612452062389,-1.081166789689416,-0.8633896208759025,0.2450980392155813,0.0808189655172356,0.901404231417818,0.7242328042330062,1805.6429998874664,recent24h|500ms|0|PRIMARY|SELL|1790240145.917000,14.0,59.0,1.1864406779661016,90.00015258789062,92.00000762939453,0.9782624470037007,0.20499999999992724,-0.23999999999978172,-0.20499999999992724,0.23999999999978172,0.5774647887358584,0.12631578947371444,0.23076923076923078,-0.06896551724137931,-0.23076923076923078,0.06896551724137931,-0.29973474801061006,0.07692307692307693,0.7692307692307693,0.8055555555561872,-0.2500000000006316,0.5000000000012632,-0.020408163264498125
recent24h,500ms,0,PRIMARY,SELL,-1,68002,68339,1790243248.941,1790243458.482,209.54099988937375,momentum_zero_cross,-9.562500000000682,0.0,-2.789999999999964,False,500.0,1.19826338639691,0.875,0.907563025210084,0.0647787610619169,0.1352657004829283,-0.1818181818173228,1.1538461538479476,1.129629629631418,2.4499054820410184,0.0647787610619169,0.1538461538461538,0.0481927710843373,-1.311447811448741,-1.2960593281930708,-1.3037535698209055,0.1908212560383618,0.0767735665694,1.0874995439568595,0.7941176470588235,4908.667000055313,recent24h|500ms|0|PRIMARY|SELL|1790243248.941000,17.0,54.0,1.574074074074074,56.999921798706055,99.00021553039551,0.5757555323827116,0.125,0.09000000000014552,-0.125,-0.09000000000014552,0.2688172042999396,0.04945054945058789,-0.25,-0.13725490196078433,0.25,0.13725490196078433,0.11274509803921567,0.0,0.5,0.7999999999994802,-0.25714285714333973,0.5714285714307987,-0.6603773584892709
recent24h,500ms,0,PRIMARY,BUY,1,70999,71230,1790244962.46,1790245088.685,126.22499990463255,momentum_zero_cross,-5.212500000001228,1.889999999999418,-1.4700000000002549,False,500.0,1.6543574593801542,0.9333333333349502,1.2678571428571428,0.1077586206896405,0.1000000000001948,5.534482758623015,2.528301886791339,1.7045454545452432,2.02108433734986,0.1077586206896405,0.2957746478873239,0.0,3.829937304077772,0.5072175494414792,2.168577426759625,0.082142857142994,0.0516273849608252,2.097488921714124,1.1833333333353833,6622.186000108719,recent24h|500ms|0|PRIMARY|BUY|1790244962.460000,26.0,71.0,1.8309859154929577,54.000139236450195,61.499953269958496,0.8780517116722459,0.23499999999967258,1.5600000000004002,0.23499999999967258,1.5600000000004002,0.24607329842922962,0.4829721362224194,0.36,0.2857142857142857,0.36,0.2857142857142857,0.07428571428571429,-0.36,0.64,0.8484848484870199,-0.2727272727250178,0.5454545454527916,0.7465564738287511
recent24h,500ms,0,PRIMARY,BUY,1,72805,72933,1790245996.197,1790246066.998,70.80100011825562,emergency_stop,-15.750000000002728,0.3699999999998908,-4.200000000000728,False,500.0,1.2608695652175728,0.9333333333349502,0.9310344827586208,0.1571164510165344,0.107279693486817,1.0518518518529696,2.48797250859174,2.5602409638542434,1.536491677336848,0.1571164510165344,0.3461538461538461,0.1188811188811188,-1.5083891120012738,0.951480831254892,-0.2784541403731909,0.0670498084291735,0.0384615384615692,1.1739130434784295,0.8689655172428846,7655.923000097275,recent24h|500ms|0|PRIMARY|BUY|1790245996.197000,10.0,54.0,0.9259259259259258,101.00007057189941,102.99968719482422,0.9805861874207198,0.32000000000061846,0.31999999999970896,0.32000000000061846,0.31999999999970896,0.9142857142889068,0.12648221343895116,0.75,0.3333333333333333,0.75,0.3333333333333333,0.4166666666666667,0.2222222222222222,0.7777777777777778,0.7671232876725299,-0.10958904109571974,0.8493150684912051,1.0
recent24h,500ms,0,PRIMARY,SELL,-1,78248,79325,1790248961.94,1790249518.46,556.5199999809265,emergency_stop,-15.787500000000136,5.960000000000036,-4.210000000000036,False,500.0,1.182590233545577,1.0344827586183103,1.3037974683544304,0.0360921872734986,0.1077199281864589,1.887179487177172,-1.3356890459351602,1.44767441860431,1.7957244655580582,0.0360921872734986,0.1650485436893204,0.0760233918128654,0.4395050685728618,-3.1314135114932187,-1.3459542214601783,0.3913824057451355,0.1837398373983754,1.5418581525973976,1.3487560017428606,1800.476000070572,recent24h|500ms|0|PRIMARY|SELL|1790248961.940000,17.0,103.0,0.8252427184466019,52.99985408782959,55.00006675720215,0.9636325410621318,0.5100000000002183,-0.9549999999999272,-0.5100000000002183,0.9549999999999272,0.6455696202527273,0.20168954593448993,0.0,-0.17647058823529413,-0.0,0.17647058823529413,-0.17647058823529413,0.1875,0.6875,0.9090909090889047,-0.12121212121479374,0.7575757575786807,0.25391849529760546
recent24h,500ms,0,PRIMARY,SELL,-1,85880,85991,1790253075.855,1790253135.485,59.62999987602234,emergency_stop,-15.22499999999809,0.0600000000004001,-4.059999999999491,False,500.0,1.2264736297822776,0.8235294117636044,1.2444444444444445,0.0600900371892508,0.0944350758852672,3.538461538458061,1.9737704918027,1.1717557251907775,3.3540372670818064,0.0600900371892508,0.238095238095238,0.0746987951807229,2.366705813267284,-1.3802667752791065,0.4932195189940884,0.3423271500845156,0.1256965944272879,1.5262782948401676,1.0248366013058188,5914.391000032425,recent24h|500ms|0|PRIMARY|SELL|1790253075.855000,9.0,84.0,0.5357142857142857,175.99976062774658,54.99982833862305,3.2000056353658217,0.11000000000058208,-1.1849999999994907,-0.11000000000058208,1.1849999999994907,0.1833333333341923,0.2298739088260108,-0.25,-0.2289156626506024,0.25,0.2289156626506024,0.021084337349397603,0.125,0.875,0.7466666666659876,-0.10666666666656965,1.1733333333322662,0.3465909090901633
recent24h,500ms,0,PRIMARY,SELL,-1,87157,88012,1790253804.46,1790254284.321,479.8609998226166,emergency_stop,-15.075000000001635,1.4600000000000364,-4.020000000000437,False,500.0,1.1596828992072656,0.8529411764701161,1.4838709677419355,0.0867792661618696,0.1132812500000083,2.827586206894129,3.5377358490552684,1.2113821138209429,1.6038882138522024,0.0867792661618696,0.0329670329670329,0.0143266475644699,1.6162040930731862,1.933847635203066,1.7750258641381262,0.164062500000061,0.0700583819850009,1.7208197859204588,1.2656546489556562,6642.996000051498,recent24h|500ms|0|PRIMARY|SELL|1790253804.460000,33.0,92.0,1.7934782608695654,51.999807357788086,55.00006675720215,0.9454498953126964,-0.6849999999994907,-1.0349999999998545,0.6849999999994907,1.0349999999998545,0.20789074355067544,0.1843276936776901,0.03225806451612903,-0.044444444444444446,-0.03225806451612903,0.044444444444444446,-0.07670250896057348,0.0,0.75,0.7837837837839167,-0.1351351351356666,1.0540540540552499,0.4766355140184586
recent24h,500ms,0,PRIMARY,SELL,-1,92328,92399,1790256682.443,1790256720.447,38.00399994850159,emergency_stop,-15.074999999998225,0.0500000000001819,-4.019999999999527,False,500.0,1.1878172588834288,0.8235294117636044,0.9343065693430656,0.0237597414940057,0.0957264957263729,0.2439024390228753,-0.249158249158843,0.4472271914130807,3.266846361182294,0.0237597414940057,0.15625,0.0962671905697446,-0.2033247523902054,-3.516004610341137,-1.8596646813656712,0.4290598290600172,0.1542716656424075,1.1097854681538604,0.7694289394579661,2049.4710001945496,recent24h|500ms|0|PRIMARY|SELL|1790256682.443000,9.0,64.0,0.703125,179.50010299682617,104.00009155273438,1.7259610094266955,0.09000000000014552,-0.08999999999923602,-0.09000000000014552,0.08999999999923602,0.25714285714166923,0.03643724696322286,-0.25,-0.14285714285714285,0.25,0.14285714285714285,0.10714285714285715,-0.5,0.5,0.8358208955226717,-0.23880597014933477,0.7462686567173499,-0.6576576576601969
recent24h,500ms,0,PRIMARY,BUY,1,94251,94480,1790257759.983,1790257881.936,121.95300006866456,emergency_stop,-15.075000000001635,0.2399999999997817,-4.020000000000437,False,500.0,2.4600431965440928,0.6249999999982236,2.661654135338346,0.1242699545749649,0.0351185250219189,8.404761904762008,5.60000000000097,3.968911917096844,3.1401515151514565,0.1242699545749649,-0.1627906976744186,-0.004524886877828,4.435849987665165,2.459848484849514,3.44784923625734,0.2142230026337853,0.1840120663649057,6.547784147192548,1.663533834581738,3127.0110001564026,recent24h|500ms|0|PRIMARY|BUY|1790257759.983000,29.0,177.0,0.8192090395480226,52.99997329711914,50.50003528594971,1.0495036884036588,-0.05499999999847205,3.5200000000004366,-0.05499999999847205,3.5200000000004366,0.03859649122696837,0.16326530612244552,-0.25925925925925924,-0.1695906432748538,-0.25925925925925924,-0.1695906432748538,-0.08966861598440545,0.03571428571428571,0.6071428571428571,0.4444444444442199,-0.5555555555557801,1.4000000000008084,0.48523206751080106
recent24h,500ms,0,PRIMARY,SELL,-1,96292,96406,1790258943.492,1790259008.941,65.44899988174438,momentum_zero_cross,-12.67500000000041,0.0700000000006184,-3.380000000000109,False,500.0,3.0550621669616302,0.8484848484842639,1.3153153153153154,0.2067836953289142,0.0651162790697192,6.093457943923899,5.048458149782426,6.096491228072331,2.1827541827544588,0.2067836953289142,0.3055555555555556,0.1099476439790576,-0.0030332841484321,2.865703967027967,1.4313353414397674,0.0651162790699307,0.059829059829196,4.018370057445027,1.116025116024347,4310.520000219345,recent24h|500ms|0|PRIMARY|SELL|1790258943.492000,3.0,73.0,0.20547945205479454,853.5001277923584,54.50010299682617,15.660523207489392,-0.05999999999949068,-1.519999999999527,0.05999999999949068,1.519999999999527,0.5,0.37346437346436745,0.0,-0.29577464788732394,-0.0,0.29577464788732394,-0.29577464788732394,0.0,1.0,0.7567567567562917,-0.2702702702713332,0.64864864864825,0.6888888888881928
recent24h,500ms,0,PRIMARY,BUY,1,97758,98797,1790259744.944,1790260341.3,596.3559999465942,emergency_stop,-15.075000000001635,0.9600000000000364,-4.020000000000437,False,500.0,1.3333333333329724,0.8235294117673808,1.536,0.0799766491534867,0.1250000000003045,6.35772357722839,2.6,1.3497536945813426,2.9521410579341545,0.0799766491534867,0.25,0.0950226244343891,5.007969882647048,-0.3521410579341544,2.327914412356447,0.0133928571427447,0.0036144578312949,2.047999999999446,1.264941176474697,5111.97200012207,recent24h|500ms|0|PRIMARY|BUY|1790259744.944000,26.0,96.0,1.3541666666666667,52.99973487854004,55.9999942779541,0.9464239338218077,0.4399999999995998,1.9049999999997453,0.4399999999995998,1.9049999999997453,0.43564356435790674,0.4466588511134318,0.2,0.24210526315789474,0.2,0.24210526315789474,-0.04210526315789473,-0.4,0.52,0.8000000000031182,0.22857142857417562,0.9142857142837096,0.9689922480622706
recent24h,500ms,0,PRIMARY,BUY,1,102934,104597,1790262741.964,1790263641.997,900.0329999923706,max_hold,6.037499999998772,3.960000000000037,-1.4099999999998545,False,500.0,1.362146050670362,0.8307692307704578,1.0169491525423728,0.1382333108565038,0.1181619256019491,1.289855072468009,3.1010101010094795,3.474576271183214,2.0706638115631524,0.1382333108565038,0.1333333333333333,0.0704225352112676,-2.184721198715205,1.0303462894463271,-0.5771874546344391,0.0,0.0,1.3852332718681646,0.844850065190296,8108.992000102997,recent24h|500ms|0|PRIMARY|BUY|1790262741.964000,9.0,60.0,0.75,88.99986743927002,53.999900817871094,1.6481487204846088,0.22000000000025466,0.49499999999989086,0.22000000000025466,0.49499999999989086,0.4489795918382878,0.20930232558128803,0.5,0.15254237288135594,0.5,0.15254237288135594,0.34745762711864403,0.5,0.5,0.8181818181833215,0.0,0.5151515151518492,1.0
recent24h,500ms,0,PRIMARY,BUY,1,106191,106379,1790264524.4659998,1790264619.959,95.49300026893616,emergency_stop,-15.599999999999454,0.0,-4.159999999999855,False,500.0,1.6278563656149356,0.857142857141001,1.7687074829931972,0.0926628716002438,0.0802139037431256,0.8044692737439251,2.661654135337328,4.041379310343201,2.5960539979233728,0.0926628716002438,0.046875,0.0755287009063444,-3.236910036599276,0.0656001374139552,-1.5856549495926604,0.0775401069518664,0.0327129159616402,2.8792017351012467,1.5160349854194577,9891.493999958038,recent24h|500ms|0|PRIMARY|BUY|1790264524.466000,22.0,130.0,0.8461538461538461,54.000139236450195,52.99997329711914,1.0188710649668462,0.14500000000043656,0.39500000000043656,0.14500000000043656,0.39500000000043656,0.24786324786513475,0.07559808612434861,0.047619047619047616,0.05511811023622047,0.047619047619047616,0.05511811023622047,-0.007499062617172855,0.23809523809523808,0.47619047619047616,0.9677419354831138,-0.09677419355065847,0.4193548387107185,0.5378486055777874
recent24h,500ms,0,PRIMARY,SELL,-1,111637,112881,1790267679.908,1790268308.987,629.0789999961853,emergency_stop,-15.599999999999454,4.850000000000364,-4.159999999999855,False,500.0,1.0511627906977314,0.8787878787879623,1.6153846153846154,0.0438609804219005,0.1283185840707679,4.692913385824471,3.113402061858222,1.7357357357355685,2.5990783410153133,0.0438609804219005,0.0158730158730158,-0.0182767624020887,2.9571776500889024,0.5143237208429086,1.7357506854659053,0.0,0.0,1.6980322003578738,1.4195804195805544,2706.8519999980927,recent24h|500ms|0|PRIMARY|SELL|1790267679.908000,29.0,126.0,1.150793650793651,52.99997329711914,52.99997329711914,1.0,-0.555000000000291,-1.5300000000006548,0.555000000000291,1.5300000000006548,0.4977578475323667,0.2487804878047785,-0.2857142857142857,-0.024,0.2857142857142857,0.024,0.2617142857142857,0.21428571428571427,0.5714285714285714,0.8787878787879623,-0.15151515151573614,0.4848484848509068,1.0
recent24h,500ms,0,PRIMARY,SELL,-1,113848,115523,1790268793.948,1790269648.477,854.529000043869,emergency_stop,-15.262500000002316,2.8799999999992,-4.0700000000006185,False,500.0,1.1299212598422903,0.8750000000028422,0.8583333333333333,0.0292666885891593,0.0975609756099879,3.497005988023887,2.073446327684211,0.9128205128191494,2.6713532513179907,0.0292666885891593,0.2475247524752475,-0.0114285714285714,2.584185475204737,-0.5979069236337797,0.9931392757854784,0.0121951219511692,0.0259019426455919,0.9698490813646328,0.7510416666691061,3820.8919999599457,recent24h|500ms|0|PRIMARY|SELL|1790268793.948000,21.0,103.0,1.0194174757281553,55.9999942779541,54.9999475479126,1.0181826851592963,-0.11499999999978172,-1.4600000000000364,0.11499999999978172,1.4600000000000364,0.16083916083882283,0.3258928571424339,-0.2,-0.24752475247524752,0.2,0.24752475247524752,-0.04752475247524751,0.1,0.7,0.8750000000028422,-0.2187499999964473,0.5312500000007105,0.9596541786745117
recent24h,500ms,0,PRIMARY,SELL,-1,116546,116762,1790270166.463,1790270275.4329998,108.96999979019164,emergency_stop,-17.062500000000682,0.2600000000002183,-4.550000000000182,False,500.0,2.6780303030298604,0.7058823529411765,1.2935779816513762,0.1290365098194597,0.0339462517680044,4.277777777775588,5.469613259668103,4.763990267639653,2.674868189806644,0.1290365098194597,0.0071942446043165,0.0278145695364238,-0.4862124898640649,2.794745069861459,1.154266289998697,0.0311173974539397,0.0303448275861203,3.46424103419459,0.9131138694009716,5193.40700006485,recent24h|500ms|0|PRIMARY|SELL|1790270166.463000,37.0,141.0,1.3120567375886525,50.499916076660156,52.99985408782959,0.9528312284213722,0.10999999999967258,-1.9350000000004002,-0.10999999999967258,1.9350000000004002,0.050691244239457506,0.2595573440644109,0.08571428571428572,-0.014492753623188406,-0.08571428571428572,0.014492753623188406,-0.10020703933747412,0.16666666666666666,0.6111111111111112,0.8571428571428571,-1.2142857142873384,1.5714285714285714,0.8193018480497813
recent24h,500ms,0,PRIMARY,SELL,-1,118591,118722,1790271201.909,1790271268.992,67.08300018310547,emergency_stop,-15.862500000001772,0.3999999999996362,-4.230000000000473,False,500.0,2.067326732673666,0.9354838709677892,0.8738738738738738,0.1361552028220018,0.0555555555555458,2.272300469482317,4.756013745706006,3.860000000000582,7.933216168716874,0.1361552028220018,0.0105263157894736,0.0376175548589341,-1.587699530518265,-3.1772024230108684,-2.382450976764567,0.0507662835247902,0.0224386113462683,1.806582820444555,0.8174949142691491,6228.852999925613,recent24h|500ms|0|PRIMARY|SELL|1790271201.909000,22.0,97.0,1.1340206185567012,55.00006675720215,55.9999942779541,0.9821441495906438,0.2649999999994179,-1.2000000000007276,-0.2649999999994179,1.2000000000007276,0.28042328042275083,0.27842227378163426,0.3684210526315789,0.0,-0.3684210526315789,-0.0,-0.3684210526315789,-0.047619047619047616,0.7619047619047619,0.707317073170894,-0.4634146341455299,0.8536585365865561,0.6569579288033587
recent24h,500ms,0,PRIMARY,SELL,-1,119608,120338,1790271720.309,1790272098.464,378.15499997138977,emergency_stop,-15.337500000000546,0.2599999999993088,-4.0900000000001455,False,500.0,0.4257528556590407,0.9180327868878856,0.719626168224299,0.0456575682382466,0.2731707317080529,1.284313725489147,0.477064220183823,0.9892473118277256,4.699472759226574,0.0456575682382466,0.081081081081081,0.0506566604127579,0.2950664136614214,-4.222408539042752,-1.9636710626906648,0.0,0.0,0.3063828961284686,0.6606404167324037,6747.253000020981,recent24h|500ms|0|PRIMARY|SELL|1790271720.309000,14.0,77.0,0.9090909090909091,53.999900817871094,61.00010871887207,0.8852426979554666,-0.36999999999989086,-0.6449999999995271,0.36999999999989086,0.6449999999995271,0.804347826083475,0.25244618395326873,-0.5384615384615384,-0.0684931506849315,0.5384615384615384,0.0684931506849315,0.46996838777660693,-0.15384615384615385,0.6923076923076923,0.8484848484870199,-0.12121212120928165,0.39393939393705546,1.0
recent24h,500ms,0,PRIMARY,SELL,-1,121360,123137,1790272615.978,1790273516.407,900.4290001392365,max_hold,18.675000000001774,6.699999999999818,-0.25,False,500.0,0.9053318824810548,0.7666666666647466,0.7523809523809524,0.060716584423922,0.110576923076717,1.2941176470565576,1.889967637541524,1.3476190476187797,2.5049309664688164,0.060716584423922,0.0632911392405063,0.0556552962298025,-0.0535014005622218,-0.6149633289272927,-0.3342323647447571,0.0120192307690562,0.0038491147035622,0.6811544639619366,0.5768253968239522,7642.921999931335,recent24h|500ms|0|PRIMARY|SELL|1790272615.978000,16.0,79.0,1.0126582278481011,62.000274658203125,58.500051498413086,1.0598328218546096,-0.36999999999989086,-0.5349999999998545,0.36999999999989086,0.5349999999998545,0.52112676056587,0.15484804630998333,-0.2,-0.05128205128205128,0.2,0.05128205128205128,0.14871794871794874,0.3333333333333333,0.6666666666666666,0.7666666666647466,-0.26666666666626243,0.6000000000006064,0.9415204678370784
recent24h,500ms,0,PRIMARY,BUY,1,126902,127148,1790275454.679,1790275583.946,129.2669997215271,momentum_zero_cross,-5.5874999999991815,1.230000000000473,-1.4899999999997815,False,500.0,0.9092920353982712,0.9206349206346456,0.8585858585858586,0.0564254062037415,0.1411192214111545,2.054347826090169,1.712538226300133,0.8395604395598386,1.2865731462928904,0.0564254062037415,0.1904761904761904,0.097029702970297,1.214787386530331,0.4259650800072425,0.8203762332687865,0.0437956204380208,0.0246913580247283,0.7807052829177075,0.7904441237772211,10481.623000144958,recent24h|500ms|0|PRIMARY|BUY|1790275454.679000,14.0,84.0,0.8333333333333333,53.999900817871094,55.00006675720215,0.9818151868115672,0.13999999999941792,0.930000000000291,0.13999999999941792,0.930000000000291,0.23333333333222173,0.29153605015728323,0.3333333333333333,0.1951219512195122,0.3333333333333333,0.1951219512195122,0.1382113821138211,0.07692307692307693,0.9230769230769231,1.1228070175416203,0.14035087719270253,0.28070175438540507,0.8507462686554197
recent24h,500ms,0,SECONDARY,SELL,-1,6843,6883,1790193767.4940002,1790193787.474,19.979999780654907,emergency_stop,-15.825000000000951,0.0699999999997089,-4.220000000000255,False,500.0,5.56804733727784,0.8301886792452182,2.135135135135135,0.1325301204818946,0.0233793836344588,9.519379844967318,5.141552511413599,11.986206896545156,5.173374613003525,0.1325301204818946,0.1923076923076923,-0.0565167243367935,-2.466827051577839,-0.0318221015899267,-1.249324576583883,0.0079702444209063,0.0075075075075805,11.88853350391755,1.7725650178478982,3841.035000085831,recent24h|500ms|0|SECONDARY|SELL|1790193767.494000,33.0,158.0,1.0443037974683544,54.49986457824707,52.99997329711914,1.0282998497512348,-2.2849999999998545,-2.8749999999990905,2.2849999999998545,2.8749999999990905,0.5705368289633547,0.24902555218691555,-0.4375,-0.1870967741935484,0.4375,0.1870967741935484,0.2504032258064516,0.03125,0.90625,0.6111111111123743,-0.19444444444381284,1.0,0.9642004773266261
recent24h,500ms,0,SECONDARY,SELL,-1,7931,9011,1790194322.379,1790194893.464,571.085000038147,emergency_stop,-15.299999999999727,2.6700000000000728,-4.079999999999927,False,500.0,2.881398252185563,0.9642857142849024,1.1666666666666667,0.2010646019841249,0.0467937608318035,4.845637583882278,8.000000000003263,5.672354948805792,0.5531914893618668,0.2010646019841249,0.2545454545454545,0.0628183361629881,-0.826717364923514,7.446808510641397,3.3100455728589413,0.0,0.0,3.3616312942164903,1.1249999999990528,4395.919999837875,recent24h|500ms|0|SECONDARY|SELL|1790194322.379000,24.0,112.0,1.0714285714285714,55.9999942779541,53.999900817871094,1.0370388358087703,-1.175000000000182,-1.7600000000002183,1.175000000000182,1.7600000000002183,0.6368563685649521,0.3801295896335396,-0.391304347826087,-0.24770642201834864,0.391304347826087,0.24770642201834864,0.14359792580773834,0.08695652173913043,0.6521739130434783,0.9642857142849023,0.03571428571184957,0.4642857142865263,1.0
recent24h,500ms,0,SECONDARY,BUY,1,11162,11588,1790196065.932,1790196279.938,214.00600004196167,take_profit,31.83749999999918,8.489999999999782,-0.7399999999997817,False,500.0,3.1512717536817854,0.3103448275867476,2.1517241379310343,0.1316150260487634,0.0152931180968805,4.7299270072961885,8.82352941176093,4.91048593350556,1.4840425531901822,0.1316150260487634,-0.0779220779220779,-0.0459016393442622,-0.1805589262093709,7.339486858570748,3.579463966180688,0.0,0.0614035087719603,6.780667497577358,0.66777645660045,6139.4729998111725,recent24h|500ms|0|SECONDARY|BUY|1790196065.932000,33.0,156.0,1.0576923076923077,52.500009536743164,52.99997329711914,0.9905667167495884,1.0,1.6599999999998545,1.0,1.6599999999998545,0.6535947712423273,0.20672478206716602,0.5483870967741935,-0.0718954248366013,0.5483870967741935,-0.0718954248366013,0.6202825216107948,-0.1875,0.75,0.264705882353964,-0.5882352941184338,1.470588235297422,1.0
recent24h,500ms,0,SECONDARY,SELL,-1,49192,50204,1790230026.458,1790230694.91,668.4520001411438,emergency_stop,-15.0,0.0,-4.0,False,500.0,1.7527472527473749,0.5652173913047777,1.302325581395349,0.1794542536114694,0.0815047021944127,2.575539568344288,4.021857923501743,3.2219020172900694,2.9550870760768464,0.1794542536114694,0.0714285714285714,0.1217712177121771,-0.6463624489457813,1.066770847424897,0.2102041992395578,0.0,0.0,2.2826475849733256,0.736097067745757,5983.306999921799,recent24h|500ms|0|SECONDARY|SELL|1790230026.458000,16.0,56.0,1.4285714285714286,55.00006675720215,99.99990463256836,0.5500011920940324,-0.6999999999998181,-0.9600000000000364,0.6999999999998181,0.9600000000000364,0.4575163398703262,0.23762376237656974,-0.3333333333333333,-0.09090909090909091,0.3333333333333333,0.09090909090909091,0.2424242424242424,-0.6,0.26666666666666666,0.7123287671234242,-0.4931506849319847,1.0410958904080916,1.0
recent24h,500ms,0,SECONDARY,SELL,-1,92150,92399,1790256590.481,1790256720.447,129.96600008010864,emergency_stop,-15.974999999997408,0.5300000000006548,-4.259999999999309,False,500.0,2.162344983088902,0.7647058823505809,0.7941176470588235,0.2105378704719144,0.054223149113515,6.069364161851243,2.4631578947354043,3.7830374753454414,2.84097035040145,0.2105378704719144,0.3703703703703703,0.1129363449691991,2.2863266865058005,-0.3778124556660458,0.9542571154198772,0.0,0.0,1.7171563101000102,0.6072664359842848,1957.5090000629425,recent24h|500ms|0|SECONDARY|SELL|1790256590.481000,21.0,54.0,1.9444444444444444,51.49996280670166,56.999921798706055,0.9035093589877653,-1.769999999999527,-2.6049999999995634,1.769999999999527,2.6049999999995634,0.7662337662340322,0.7107776261941415,-0.3,-0.3584905660377358,0.3,0.3584905660377358,-0.058490566037735836,0.05,0.55,0.684210526313774,-0.2631578947401173,1.2368421052634728,1.0
recent24h,500ms,0,SECONDARY,BUY,1,117935,118248,1790270870.484,1790271029.387,158.90300011634827,emergency_stop,-15.2250000000015,0.819999999999709,-4.0600000000004,False,500.0,1.7902869757169075,0.8750000000028422,1.3055555555555556,0.1137862796834816,0.0690505548707022,4.417475728159626,4.439862542956199,3.887323943662564,3.0615114235501464,0.1137862796834816,0.0857142857142857,0.0,0.5301517844970629,1.3783511194060525,0.9542514519515576,0.0,0.0,2.3373191071859627,1.1423611111148215,5897.427999973297,recent24h|500ms|0|SECONDARY|BUY|1790270870.484000,27.0,141.0,0.9574468085106383,54.99982833862305,52.00004577636719,1.0576880754135642,1.2650000000003274,2.300000000000182,1.2650000000003274,2.300000000000182,0.6893732970042563,0.3417533432395998,0.23076923076923078,0.09352517985611511,0.23076923076923078,0.09352517985611511,0.13724405091311567,0.11538461538461539,0.6538461538461539,0.9333333333349502,-0.23333333332919007,1.0666666666650497,1.0
recent24h,500ms,0,MICRO,SELL,-1,6843,6883,1790193767.4940002,1790193787.474,19.979999780654907,emergency_stop,-15.825000000000951,0.0699999999997089,-4.220000000000255,False,500.0,5.56804733727784,0.8301886792452182,2.135135135135135,0.1325301204818946,0.0233793836344588,9.519379844967318,5.141552511413599,11.986206896545156,5.173374613003525,0.1325301204818946,0.1923076923076923,-0.0565167243367935,-2.466827051577839,-0.0318221015899267,-1.249324576583883,0.0079702444209063,0.0075075075075805,11.88853350391755,1.7725650178478982,3841.035000085831,recent24h|500ms|0|MICRO|SELL|1790193767.494000,33.0,158.0,1.0443037974683544,54.49986457824707,52.99997329711914,1.0282998497512348,-2.2849999999998545,-2.8749999999990905,2.2849999999998545,2.8749999999990905,0.5705368289633547,0.24902555218691555,-0.4375,-0.1870967741935484,0.4375,0.1870967741935484,0.2504032258064516,0.03125,0.90625,0.6111111111123743,-0.19444444444381284,1.0,0.9642004773266261
recent24h,500ms,0,MICRO,SELL,-1,8033,8120,1790194373.968,1790194419.488,45.519999980926514,stagnation,-5.962500000000546,0.0,-2.350000000000364,False,500.0,1.715355805243534,1.0357142857150978,1.248730964467005,0.1288465356362793,0.0844250363901038,2.596026490069512,4.215246636772778,4.430034129693485,1.773936170212308,0.1288465356362793,0.081967213114754,0.0545454545454545,-1.8340076396239733,2.44131046656047,0.3036514134682481,0.0145560407567044,0.0064516129031319,2.1420179090858342,1.2933284989132694,4447.508999824524,recent24h|500ms|0|MICRO|SELL|1790194373.968000,21.0,123.0,0.8536585365853658,51.49996280670166,52.99985408782959,0.9717000865956658,-0.27000000000043656,-0.930000000000291,0.27000000000043656,0.930000000000291,0.39130434782849394,0.18979591836742044,-0.1,-0.0743801652892562,0.1,0.0743801652892562,0.025619834710743805,-0.3,0.7,1.0,0.06896551723975715,0.3793103448265048,0.9065420560761009
recent24h,500ms,0,MICRO,BUY,1,11238,11429,1790196103.82,1790196199.465,95.64499998092651,trail,11.437499999997272,5.059999999999491,-0.4600000000000364,False,500.0,4.25167336010774,0.6896551724163885,1.917808219178082,0.1316146540026516,0.0251889168766643,4.8175182481713055,2.3999999999975232,7.442455242970119,2.351063829785999,0.1316146540026516,0.088235294117647,-0.0663764961915125,-2.624936994798814,0.0489361702115243,-1.2880004122936448,0.0,0.0,8.153894115275119,1.3226263580588271,6177.360999822617,recent24h|500ms|0|MICRO|BUY|1790196103.820000,27.0,140.0,0.9642857142857143,51.000118255615234,53.00021171569824,0.9622625382930198,0.38000000000010914,1.675000000000182,0.38000000000010914,1.675000000000182,0.4578313253008748,0.3037171350861437,0.15384615384615385,0.0962962962962963,0.15384615384615385,0.0962962962962963,0.05754985754985756,-0.07692307692307693,0.5384615384615384,0.8000000000029104,-0.1599999999962165,1.1999999999970896,1.0
recent24h,500ms,0,MICRO,BUY,1,75796,76374,1790247697.938,1790247997.4,299.46200013160706,momentum_zero_cross,-2.887500000001637,1.839999999999236,-2.2100000000000364,False,500.0,1.614890885751383,0.9000000000022738,1.8407079646017697,0.077948717948716,0.0858505564389186,7.209876543214589,3.640624999998024,3.222614840990408,1.7662007623892315,0.077948717948716,0.087378640776699,-0.033003300330033,3.9872617022241816,1.874424237608792,2.930842969916486,0.0031796502385427,0.0013623978201931,2.9725425153653777,1.6566371681457783,536.4739999771118,recent24h|500ms|0|MICRO|BUY|1790247697.938000,24.0,104.0,1.1538461538461537,54.000139236450195,55.00006675720215,0.9818195216895621,0.9600000000000364,2.8950000000004366,0.9600000000000364,2.8950000000004366,0.5853658536577927,0.4356659142208983,0.391304347826087,0.0784313725490196,0.391304347826087,0.0784313725490196,0.31287297527706737,-0.13043478260869565,0.782608695652174,0.7941176470597676,-0.23529411764674413,1.1470588235272088,0.9931153184163746
recent24h,500ms,0,MICRO,BUY,1,79335,79422,1790249523.4659998,1790249568.963,45.497000217437744,stagnation,-5.325000000000273,0.0,-2.649999999999636,False,500.0,2.109712230215252,0.830769230771039,1.0971428571428572,0.2275647264939611,0.0460358056266746,3.751196172245348,2.4303030303012565,5.6201923076943325,4.057435897435659,0.2275647264939611,0.1914893617021276,0.1337099811676083,-1.868996135448985,-1.6271328671344023,-1.7480645012916938,0.0034100596761188,0.0018115942029379,2.3146557040075906,0.9114725274745116,2362.001999855041,recent24h|500ms|0|MICRO|BUY|1790249523.466000,33.0,96.0,1.71875,51.999807357788086,53.00021171569824,0.9811245214778294,0.7849999999998545,1.985000000000582,0.7849999999998545,1.985000000000582,0.6061776061732025,0.40141557128367605,0.3548387096774194,0.20430107526881722,0.3548387096774194,0.20430107526881722,0.15053763440860216,-0.1875,0.5625,0.75,-0.8611111111083041,0.9166666666649824,0.9809976247026693
recent24h,500ms,0,MICRO,BUY,1,97069,97160,1790259382.96,1790259428.493,45.532999992370605,stagnation,-7.387499999997544,0.0,-3.589999999999236,False,500.0,4.802047781567278,0.8787878787879623,2.752136752136752,0.1408906882590332,0.0412224591329079,8.018018018015125,3.7573221757316126,11.504132231421966,3.916434540390178,0.1408906882590332,0.0125,-0.055079559363525,-3.486114213406841,-0.1591123646585654,-1.8226132890327036,0.0028429282159957,0.0020703933746924,13.215892185168066,2.4185444185446485,4749.988000154495,recent24h|500ms|0|MICRO|BUY|1790259382.960000,33.0,161.0,1.0248447204968942,52.99973487854004,52.99973487854004,1.0,0.6199999999998909,2.360000000000582,0.6199999999998909,2.360000000000582,0.3444444444440009,0.24081632653051072,0.0967741935483871,0.018867924528301886,0.0967741935483871,0.018867924528301886,0.07790626902008521,0.1875,0.75,0.7250000000005684,-0.1,0.8750000000017053,0.9831932773113226
recent24h,500ms,0,MICRO,BUY,1,106867,106951,1790265166.938,1790265212.216,45.27800011634827,stagnation,-6.412500000000136,0.3700000000008003,-2.139999999999418,False,500.0,1.7275541795669622,0.8529411764701161,1.248322147651007,0.1744340878827603,0.0692951015531507,5.662650602411012,5.639097744357355,5.53521126760576,nan,0.1744340878827603,0.3478260869565217,0.1428571428571428,0.1274393348052518,nan,nan,0.0215053763441187,0.0137614678899305,2.1565441436205037,1.0647453612311517,193.8819999694824,recent24h|500ms|0|MICRO|BUY|1790265166.938000,31.0,93.0,1.6666666666666665,53.00009250640869,53.00021171569824,0.9999977507771065,0.43000000000029104,2.3350000000000364,0.43000000000029104,2.3350000000000364,0.32330827067692824,0.4057341442220292,0.2,0.34065934065934067,0.2,0.34065934065934067,-0.14065934065934066,-0.5,0.36666666666666664,0.8787878787879623,0.18181818181943457,0.5757575757592461,0.9257731958761741
recent24h,500ms,0,MICRO,SELL,-1,118373,118463,1790271091.9740002,1790271137.436,45.46199989318848,stagnation,-2.09999999999809,0.180000000000291,-1.5100000000002185,False,500.0,0.944554455445407,0.9032258064496256,0.8401826484018264,0.0861395348836932,0.1174004192871389,2.50476190476678,1.4314381270912329,2.6084507042264606,1.2688927943761894,0.0861395348836932,0.1521739130434782,0.1089430894308943,-0.1036887994596806,0.1625453327150434,0.0294282666276812,0.0377358490562943,0.0116129032257092,0.793598263935867,0.7588746501677218,6118.918000221252,recent24h|500ms|0|MICRO|SELL|1790271091.974000,27.0,92.0,1.4673913043478262,52.49977111816406,54.000139236450195,0.9722154768580045,-0.5,-1.3299999999999272,0.5,1.3299999999999272,0.3030303030307039,0.29820627802670463,-0.23076923076923078,-0.16483516483516483,0.23076923076923078,0.16483516483516483,0.06593406593406595,0.0,0.8461538461538461,0.8484848484842639,0.0,0.42424242424350994,0.8732394366207197
recent24h,500ms,0,BURST,SELL,-1,10184,10275,1790195523.451,1790195573.479,50.02800011634827,momentum_zero_cross,-0.5625000000020464,0.3199999999997089,-0.9099999999998544,False,500.0,2.1323155216281067,0.9310344827602428,1.0292397660818713,0.2322274881516577,0.0644391408115522,6.30769230769133,3.557603686639344,4.137203166225077,2.7128205128207474,0.2322274881516577,0.4545454545454545,0.2259615384615384,2.170489141466253,0.8447831738185965,1.5076361576424242,0.0119331742243856,0.0084317032040774,2.194663928693256,0.9582577132503084,5596.991999864578,recent24h|500ms|0|BURST|SELL|1790195523.451000,27.0,88.0,1.534090909090909,56.999921798706055,59.00001525878906,0.966100119613358,-0.7650000000003274,-2.2200000000002547,0.7650000000003274,2.2200000000002547,0.6860986547072692,0.5842105263158285,-0.6153846153846154,-0.4482758620689655,0.6153846153846154,0.4482758620689655,0.1671087533156499,0.07692307692307693,0.6923076923076923,0.9642857142850182,-0.2499999999983759,0.857142857140073,0.9559471365637249
recent24h,500ms,0,BURST,BUY,1,82607,82679,1790251280.4329998,1790251318.485,38.05200004577637,momentum_zero_cross,-0.1875000000006821,2.1599999999998545,-0.2700000000004365,False,500.0,2.4226254002137884,0.7878787878796231,1.5342465753424657,0.1388692579505349,0.0458149779736052,5.310344827580151,3.6859504132238112,4.504297994269956,0.6865148861649504,0.1388692579505349,0.2909090909090909,0.1782945736434108,0.8060468333101944,2.9994355270588606,1.9027411801845275,0.0079295154185147,0.0079295154185147,3.716904723615675,1.2088003320892846,4118.968999862671,recent24h|500ms|0|BURST|BUY|1790251280.433000,29.0,112.0,1.2946428571428572,52.500009536743164,52.99997329711914,0.9905667167495884,0.7950000000000728,2.3400000000001455,0.7950000000000728,2.3400000000001455,0.7681159420291638,0.5053995680344775,0.48148148148148145,0.30275229357798167,0.48148148148148145,0.30275229357798167,0.1787291879034998,-0.39285714285714285,0.4642857142857143,0.7878787878796231,0.09090909091109531,0.7878787878796231,0.96590909090904
recent24h,500ms,0,BURST,BUY,1,91779,91838,1790256394.957,1790256424.496,29.539000034332275,momentum_zero_cross,-6.450000000000955,0.0,-1.8299999999999272,False,500.0,2.284090909091346,0.7941176470597676,1.5555555555555556,0.0861132660977719,0.0537313432836631,5.935064935061193,6.96713615022977,2.540045766590648,0.0970350404313514,0.0861132660977719,0.2244897959183673,0.0299823633156966,3.3950191684705446,6.870101109798418,5.1325601391344815,0.007960199005148,0.1009918845806267,3.553030303030983,1.2352941176485277,1761.9850001335144,recent24h|500ms|0|BURST|BUY|1790256394.957000,36.0,98.0,1.8367346938775508,51.999807357788086,52.00004577636719,0.9999954150313611,0.21500000000014552,2.305000000000291,0.21500000000014552,2.305000000000291,0.13650793650749288,0.5005428881643578,0.08571428571428572,0.23711340206185566,0.08571428571428572,0.23711340206185566,-0.15139911634756995,0.4857142857142857,0.4,0.900000000003638,0.23333333333596076,0.8666666666694962,0.9664570230600675
recent24h,500ms,0,BURST,BUY,1,106871,106920,1790265168.984,1790265193.483,24.499000072479248,momentum_zero_cross,-7.200000000000273,0.2700000000004365,-2.199999999999818,False,500.0,1.762641898864852,0.5294117647065117,1.3691275167785235,0.1645189003435448,0.0421545667448035,5.7349397590369104,5.954887218041421,5.39436619718272,nan,0.1645189003435448,0.3725490196078431,0.1545064377682403,0.3405735618541907,nan,nan,0.0046838407493042,0.0030188679244573,2.413281525962616,0.7248322147659624,195.92799997329712,recent24h|500ms|0|BURST|BUY|1790265168.984000,25.0,102.0,1.2254901960784315,55.500030517578125,53.00021171569824,1.0471662040764915,0.10500000000047294,2.324999999999818,0.10500000000047294,2.324999999999818,0.08502024291551047,0.3629976580796113,0.4166666666666667,0.36633663366336633,0.4166666666666667,0.36633663366336633,0.050330033003300356,-0.4166666666666667,0.4166666666666667,0.5625000000014211,-0.031249999997868372,0.875,0.9829424307040233
recent24h,500ms,0,BURST,SELL,-1,118278,118324,1790271044.474,1790271067.4550002,22.981000185012817,momentum_zero_cross,-3.0375000000015,0.0,-0.8500000000003638,False,500.0,2.0356435643564983,0.9032258064496256,1.238532110091743,0.1509683827177947,0.0544747081711628,1.3619047619071625,5.058419243986907,5.138028169014564,0.2460456942005852,0.1509683827177947,0.2592592592592592,0.0943952802359882,-3.776123407107401,4.812373549786321,0.5181250713394602,0.0019455252918714,0.0582386363636235,2.5212099191571307,1.1186741639513709,6071.417999982834,recent24h|500ms|0|BURST|SELL|1790271044.474000,27.0,135.0,1.0,54.49998378753662,52.99985408782959,1.0283044118804754,-1.1199999999998909,-0.694999999999709,1.1199999999998909,0.694999999999709,0.7777777777759531,0.12601994560277857,-0.6923076923076923,-0.2537313432835821,0.6923076923076923,0.2537313432835821,0.4385763490241102,0.038461538461538464,0.6538461538461539,0.9655172413785533,-0.06896551723975715,0.4482758620725343,0.9824561403504853
recent24h,1s,0,PRIMARY,BUY,1,2076,2152,1790192053.982,1790192132.808,78.82599997520447,momentum_zero_cross,-6.187500000002047,0.0,-1.6500000000005457,False,500.0,1.5737051792830214,1.0800000000017462,1.2641509433962264,0.1915343915345441,0.1367088607596895,2.5517241379225992,1.598214285716519,3.6565656565654336,nan,0.1915343915345441,0.0,0.0146627565982404,-1.1048415186428344,nan,nan,0.0101265822787001,0.0053619302950225,1.9894008870181592,1.365283018870132,2127.523000001908,recent24h|1s|0|PRIMARY|BUY|1790192053.982000,26.0,67.0,1.9402985074626866,54.000139236450195,58.500051498413086,0.9230784905875689,0.20499999999992724,0.7150000000001455,0.20499999999992724,0.7150000000001455,0.31782945736401313,0.33178654292424076,0.0,-0.015873015873015872,0.0,-0.015873015873015872,0.015873015873015872,0.2,0.56,1.0384615384659783,-0.038461538462480245,0.5769230769232114,0.9534883720920395
recent24h,1s,0,PRIMARY,SELL,-1,3767,3786,1790193767.9910002,1790193786.978,18.98699975013733,emergency_stop,-15.2250000000015,0.0,-4.0600000000004,False,500.0,5.689349112425723,0.6037735849077973,2.1621621621621623,0.1357837181044575,0.0166406656267049,10.54263565892133,4.264840182645815,12.331034482751882,5.334365325077985,0.1357837181044575,0.2229299363057325,-0.0480549199084668,-1.7883988238305513,-1.0695251424321697,-1.42896198313136,0.0020800832033735,0.0019617459539418,12.30129537821778,1.305456399800643,3841.53200006485,recent24h|1s|0|PRIMARY|SELL|1790193767.991000,38.0,160.0,1.1875,52.99973487854004,52.99973487854004,1.0,-2.5999999999994543,-3.4249999999992724,2.5999999999994543,3.4249999999992724,0.6842105263152856,0.3035002215327522,-0.5,-0.23076923076923078,0.5,0.23076923076923078,0.2692307692307692,0.13513513513513514,0.7567567567567568,0.45714285714456476,-0.45714285713936764,1.199999999996362,0.9908987485777317
recent24h,1s,0,PRIMARY,SELL,-1,4365,4847,1790194365.969,1790194850.809,484.8400001525879,emergency_stop,-15.0,0.9600000000000364,-4.0,False,500.0,2.0599250936333706,0.8214285714277594,1.0461538461538462,0.155062641199333,0.0557575757574699,4.5165562913898825,1.991031390134332,5.153583617746432,1.9840425531901824,0.155062641199333,0.26,0.0841750841750841,-0.6370273263565496,0.0069888369441495,-0.3150192447062001,0.0242424242425124,0.0131578947368893,2.1549985594933725,0.8593406593398099,4439.509999752045,recent24h|1s|0|PRIMARY|SELL|1790194365.969000,22.0,102.0,1.0784313725490198,54.99982833862305,54.000139236450195,1.0185127134171916,-0.7299999999995634,-1.6649999999990541,0.7299999999995634,1.6649999999990541,0.6083333333326006,0.39501779359389755,-0.42857142857142855,-0.25252525252525254,0.42857142857142855,0.25252525252525254,0.176046176046176,0.0,0.7142857142857143,0.7666666666670708,-0.13333333333353545,0.5666666666713152,0.8963730569944572
recent24h,1s,0,PRIMARY,SELL,-1,6009,6037,1790196024.809,1790196053.956,29.1470000743866,emergency_stop,-15.299999999999727,0.5800000000008367,-4.079999999999927,False,500.0,1.325301204819588,0.6551724137918057,1.1506849315068493,0.152877697841856,0.0767676767675037,2.014705882353256,0.1357466063361004,2.60869565217634,1.8617021276585657,0.152877697841856,0.048780487804878,0.043103448275862,-0.593989769823084,-1.725955521322465,-1.1599726455727746,0.0666666666666421,0.0306691449814052,1.5250041260937723,0.753897024089201,6098.349999904633,recent24h|1s|0|PRIMARY|SELL|1790196024.809000,13.0,84.0,0.7738095238095237,90.99996089935303,55.9999942779541,1.6249994678156172,0.02999999999974534,-0.7049999999999272,-0.02999999999974534,0.7049999999999272,0.0833333333331228,0.22560000000023936,0.09090909090909091,-0.06172839506172839,-0.09090909090909091,0.06172839506172839,-0.1526374859708193,0.08333333333333333,0.5833333333333334,0.7307692307683562,-0.2307692307709798,1.1538461538514009,0.8993710691846636
recent24h,1s,0,PRIMARY,BUY,1,6488,7382,1790196504.922,1790197405.895,900.9730000495912,max_hold,7.050000000000408,4.789999999999964,-1.2200000000002549,False,500.0,1.363522012578198,0.6896551724132524,1.013157894736842,0.0957058658432174,0.0738007380073119,-0.8266666666657289,-0.957854406130722,1.5823665893272656,1.9295039164485128,0.0957058658432174,-0.0833333333333333,0.0664136622390891,-2.4090332559929943,-2.8873583225792347,-2.6481957892861145,0.3597785977861072,0.1761517615176855,1.3814630916910688,0.6987295825765846,6578.462999820709,recent24h|1s|0|PRIMARY|BUY|1790196504.922000,14.0,77.0,0.9090909090909091,105.99994659423828,55.00006675720215,1.9272694170022584,0.04500000000007276,-0.2900000000008731,0.04500000000007276,-0.2900000000008731,0.17647058823613332,0.12946428571447785,0.3333333333333333,-0.07042253521126761,0.3333333333333333,-0.07042253521126761,0.40375586854460094,0.07692307692307693,0.7692307692307693,0.7142857142857143,-0.10714285714204509,0.5357142857134737,-0.48717948717924797
recent24h,1s,0,PRIMARY,SELL,-1,12870,13074,1790203082.952,1790203297.859,214.90700006484985,momentum_zero_cross,-12.67500000000041,0.0299999999997453,-3.5799999999999272,False,500.0,1.7001763668434544,1.0,1.0566037735849056,0.244571428571288,0.1037344398340311,6.042553191474704,4.358695652180091,2.8724832214773706,2.1617161716183526,0.244571428571288,0.4909090909090909,0.1906354515050167,3.170069969997334,2.196979480561738,2.683524725279536,0.0,0.0,1.7964127649666688,1.0566037735849056,13156.4929997921,recent24h|1s|0|PRIMARY|SELL|1790203082.952000,16.0,56.0,1.4285714285714286,57.99984931945801,57.99984931945801,1.0,-0.5300000000006548,-1.4099999999998545,0.5300000000006548,1.4099999999998545,0.9137931034495195,0.6497695852544567,-0.7333333333333333,-0.48148148148148145,0.7333333333333333,0.48148148148148145,0.2518518518518518,0.0,0.4666666666666667,1.041666666667614,0.16666666666666666,0.5833333333352281,1.0
recent24h,1s,0,PRIMARY,BUY,1,26907,27783,1790227939.976,1790228840.6009998,900.6249997615814,max_hold,15.749999999999318,6.909999999999855,-0.4499999999998181,False,500.0,0.933709449930068,0.6304347826085667,1.0,0.081344624069813,0.1752265861026277,3.2909090909158256,3.453416149067888,2.3745318352105804,1.6208930075824135,0.081344624069813,-0.04,0.0440251572327044,0.9163772557052452,1.8325231414854743,1.37445019859536,0.0,0.0,0.933709449930068,0.6304347826085667,3896.825000047684,recent24h|1s|0|PRIMARY|BUY|1790227939.976000,13.0,50.0,1.3,97.9999303817749,99.99990463256836,0.9800002384188065,0.16500000000087311,0.9200000000000728,0.16500000000087311,0.9200000000000728,0.3084112149549869,0.26436781609159354,0.16666666666666666,-0.02040816326530612,0.16666666666666666,-0.02040816326530612,0.18707482993197277,0.5,0.5,0.547169811320949,-0.3207547169814235,0.641509433962847,1.0
recent24h,1s,0,PRIMARY,SELL,-1,40403,40602,1790243248.941,1790243458.482,209.54099988937375,momentum_zero_cross,-9.562500000000682,0.0,-2.7399999999997817,False,500.0,1.19826338639691,0.875,0.907563025210084,0.0647787610619169,0.1352657004829283,-0.1818181818173228,1.1538461538479476,1.129629629631418,2.4499054820410184,0.0647787610619169,0.1538461538461538,0.0481927710843373,-1.311447811448741,-1.2960593281930708,-1.3037535698209055,0.1908212560383618,0.0767735665694,1.0874995439568595,0.7941176470588235,4908.667000055313,recent24h|1s|0|PRIMARY|SELL|1790243248.941000,17.0,54.0,1.574074074074074,56.999921798706055,99.00021553039551,0.5757555323827116,0.125,0.09000000000014552,-0.125,-0.09000000000014552,0.2688172042999396,0.04945054945058789,-0.25,-0.13725490196078433,0.25,0.13725490196078433,0.11274509803921567,0.0,0.5,0.7999999999994802,-0.25714285714333973,0.5714285714307987,-0.6603773584892709
recent24h,1s,0,PRIMARY,BUY,1,42079,42204,1790244962.708,1790245089.9299998,127.22199988365172,momentum_zero_cross,-4.162500000002183,1.809999999999491,-1.550000000000182,False,500.0,1.6543574593801542,0.9333333333349502,1.3035714285714286,0.117117117117071,0.1000000000001948,5.810344827588316,2.649056603772295,1.84659090909068,2.069277108434157,0.117117117117071,0.3150684931506849,0.0055865921787709,3.963753918497636,0.5797794953381379,2.271766706917887,0.0535714285716025,0.0336700336701567,2.1565731166919866,1.2166666666687744,6622.434000015259,recent24h|1s|0|PRIMARY|BUY|1790244962.708000,24.0,73.0,1.6438356164383563,54.000139236450195,68.49992275238037,0.7883240895271475,0.1999999999998181,1.6400000000003274,0.1999999999998181,1.6400000000003274,0.21739130434782608,0.4954682779451138,0.30434782608695654,0.3055555555555556,0.30434782608695654,0.3055555555555556,-0.0012077294685990392,-0.34782608695652173,0.6521739130434783,0.8484848484870199,-0.06060606060464083,0.5454545454527916,0.8347107438010979
recent24h,1s,0,PRIMARY,BUY,1,43088,43158,1790245996.197,1790246066.998,70.80100011825562,emergency_stop,-15.750000000002728,0.3699999999998908,-4.200000000000728,False,500.0,1.2608695652175728,0.9333333333349502,0.9310344827586208,0.1571164510165344,0.107279693486817,1.0518518518529696,2.48797250859174,2.5602409638542434,1.536491677336848,0.1571164510165344,0.3461538461538461,0.1188811188811188,-1.5083891120012738,0.951480831254892,-0.2784541403731909,0.0670498084291735,0.0384615384615692,1.1739130434784295,0.8689655172428846,7655.923000097275,recent24h|1s|0|PRIMARY|BUY|1790245996.197000,10.0,54.0,0.9259259259259258,101.00007057189941,102.99968719482422,0.9805861874207198,0.32000000000061846,0.31999999999970896,0.32000000000061846,0.31999999999970896,0.9142857142889068,0.12648221343895116,0.75,0.3333333333333333,0.75,0.3333333333333333,0.4166666666666667,0.2222222222222222,0.7777777777777778,0.7671232876725299,-0.10958904109571974,0.8493150684912051,1.0
recent24h,1s,0,PRIMARY,SELL,-1,46010,46568,1790248961.94,1790249521.964,560.0239999294281,emergency_stop,-16.799999999998363,5.880000000000109,-4.479999999999563,False,500.0,1.182590233545577,1.0344827586183103,1.3037974683544304,0.0360921872734986,0.1077199281864589,1.887179487177172,-1.3356890459351602,1.44767441860431,1.7957244655580582,0.0360921872734986,0.1650485436893204,0.0760233918128654,0.4395050685728618,-3.1314135114932187,-1.3459542214601783,0.3913824057451355,0.1837398373983754,1.5418581525973976,1.3487560017428606,1800.476000070572,recent24h|1s|0|PRIMARY|SELL|1790248961.940000,17.0,103.0,0.8252427184466019,52.99985408782959,55.00006675720215,0.9636325410621318,0.5100000000002183,-0.9549999999999272,-0.5100000000002183,0.9549999999999272,0.6455696202527273,0.20168954593448993,0.0,-0.17647058823529413,-0.0,0.17647058823529413,-0.17647058823529413,0.1875,0.6875,0.9090909090889047,-0.12121212121479374,0.7575757575786807,0.25391849529760546
recent24h,1s,0,PRIMARY,SELL,-1,50497,50642,1790253504.969,1790253653.8739998,148.90499997138977,momentum_zero_cross,-8.250000000002728,0.0,-2.430000000000291,False,500.0,1.234913793103267,0.7941176470597676,1.0615384615384615,0.1230324445872094,0.0942408376964946,-0.0382165605080782,2.38260869565432,1.5632653061232775,1.7565217391309182,0.1230324445872094,-0.1884057971014492,-0.0121654501216545,-1.601481866631356,0.6260869565234015,-0.4876974550539773,0.0994764397905327,0.0720606826801162,1.310908488063468,0.8429864253403687,6343.504999876022,recent24h|1s|0|PRIMARY|SELL|1790253504.969000,10.0,69.0,0.7246376811594203,55.00006675720215,58.99989604949951,0.9322061637372784,0.17000000000007276,0.0,-0.17000000000007276,-0.0,0.8500000000050022,0.0,0.7777777777777778,0.17647058823529413,-0.7777777777777778,-0.17647058823529413,-0.6013071895424836,-0.3333333333333333,0.2222222222222222,0.8437500000021316,-0.125,0.46874999999928946,0.3333333333356432
recent24h,1s,0,PRIMARY,BUY,1,54682,54803,1790257759.983,1790257881.936,121.95300006866456,emergency_stop,-15.075000000001635,0.1300000000001091,-4.020000000000437,False,500.0,2.4600431965440928,0.6249999999982236,2.661654135338346,0.1242699545749649,0.0351185250219189,8.404761904762008,5.60000000000097,3.968911917096844,3.1401515151514565,0.1242699545749649,-0.1627906976744186,-0.004524886877828,4.435849987665165,2.459848484849514,3.44784923625734,0.2142230026337853,0.1840120663649057,6.547784147192548,1.663533834581738,3127.0110001564026,recent24h|1s|0|PRIMARY|BUY|1790257759.983000,29.0,177.0,0.8192090395480226,52.99997329711914,50.50003528594971,1.0495036884036588,-0.05499999999847205,3.5200000000004366,-0.05499999999847205,3.5200000000004366,0.03859649122696837,0.16326530612244552,-0.25925925925925924,-0.1695906432748538,-0.25925925925925924,-0.1695906432748538,-0.08966861598440545,0.03571428571428571,0.6071428571428571,0.4444444444442199,-0.5555555555557801,1.4000000000008084,0.48523206751080106
recent24h,1s,0,PRIMARY,BUY,1,56614,57206,1790259744.944,1790260348.967,604.0230000019073,emergency_stop,-15.375000000001364,0.9299999999993817,-4.100000000000364,False,500.0,1.3333333333329724,0.8235294117673808,1.536,0.0799766491534867,0.1250000000003045,6.35772357722839,2.6,1.3497536945813426,2.9521410579341545,0.0799766491534867,0.25,0.0950226244343891,5.007969882647048,-0.3521410579341544,2.327914412356447,0.0133928571427447,0.0036144578312949,2.047999999999446,1.264941176474697,5111.97200012207,recent24h|1s|0|PRIMARY|BUY|1790259744.944000,26.0,96.0,1.3541666666666667,52.99973487854004,55.9999942779541,0.9464239338218077,0.4399999999995998,1.9049999999997453,0.4399999999995998,1.9049999999997453,0.43564356435790674,0.4466588511134318,0.2,0.24210526315789474,0.2,0.24210526315789474,-0.04210526315789473,-0.4,0.52,0.8000000000031182,0.22857142857417562,0.9142857142837096,0.9689922480622706
recent24h,1s,0,PRIMARY,BUY,1,59514,60405,1790262741.964,1790263641.997,900.0329999923706,max_hold,6.037499999998772,3.960000000000037,-1.360000000000582,False,500.0,1.362146050670362,0.8307692307704578,1.0169491525423728,0.1382333108565038,0.1181619256019491,1.289855072468009,3.1010101010094795,3.474576271183214,2.0706638115631524,0.1382333108565038,0.1333333333333333,0.0704225352112676,-2.184721198715205,1.0303462894463271,-0.5771874546344391,0.0,0.0,1.3852332718681646,0.844850065190296,8108.992000102997,recent24h|1s|0|PRIMARY|BUY|1790262741.964000,9.0,60.0,0.75,88.99986743927002,53.999900817871094,1.6481487204846088,0.22000000000025466,0.49499999999989086,0.22000000000025466,0.49499999999989086,0.4489795918382878,0.20930232558128803,0.5,0.15254237288135594,0.5,0.15254237288135594,0.34745762711864403,0.5,0.5,0.8181818181833215,0.0,0.5151515151518492,1.0
recent24h,1s,0,PRIMARY,SELL,-1,64061,64363,1790267631.868,1790267934.972,303.10399985313416,momentum_zero_cross,-1.4250000000004093,2.769999999999527,-1.7700000000004366,False,500.0,1.5131894484407684,0.8656716417908422,1.5769230769230769,0.0512031337436833,0.0919175911251939,1.9531250000046183,4.845360824746289,2.294670846395499,2.039938556069029,0.0512031337436833,-0.0163934426229508,0.0304635761589403,-0.3415458463908805,2.8054222686772605,1.2319382111431902,0.012678288430763,0.0086486486484441,2.3861833610027503,1.3650975889778665,2658.81200003624,recent24h|1s|0|PRIMARY|SELL|1790267631.868000,34.0,123.0,1.3821138211382114,52.00028419494629,53.999900817871094,0.9629699945251929,-0.4150000000008731,-0.6000000000003638,0.4150000000008731,0.6000000000003638,0.21119592875302284,0.10563380281672324,-0.0625,0.024793388429752067,0.0625,-0.024793388429752067,0.08729338842975207,-0.030303030303030304,0.8484848484848485,1.0,0.17241379310409713,0.5172413793122914,0.9111111111131771
recent24h,1s,0,PRIMARY,SELL,-1,65040,65941,1790268611.999,1790269512.829,900.829999923706,max_hold,7.7250000000015,5.030000000000655,-2.009999999999309,False,500.0,1.1479642502487866,0.9062500000007104,1.0172413793103448,0.0588401298150929,0.1003460207611901,2.9374999999964477,0.7869822485215061,2.1718750000009845,2.4288224956060582,0.0588401298150929,0.0427350427350427,-0.0140845070422535,0.7656249999954627,-1.641840247084552,-0.4381076235445447,0.124567474048591,0.0566929133859151,1.1677567373220414,0.9218750000007228,3638.943000078201,recent24h|1s|0|PRIMARY|SELL|1790268611.999000,31.0,118.0,1.3135593220338981,48.5001802444458,53.00021171569824,0.9150940849936346,-0.8550000000004729,-1.199999999999818,0.8550000000004729,1.199999999999818,0.3232514177689459,0.17191977077328766,0.034482758620689655,-0.05172413793103448,-0.034482758620689655,0.05172413793103448,-0.08620689655172414,0.0,0.8,0.9354838709664169,-0.16129032258102372,0.645161290321161,0.5582822085885188
recent24h,1s,0,PRIMARY,SELL,-1,66595,66761,1790270166.959,1790270332.9740002,166.01500010490415,emergency_stop,-15.2250000000015,0.4600000000000364,-4.0600000000004,False,500.0,2.6780303030298604,0.6764705882373003,1.3302752293577982,0.1180418476115802,0.0325318246111007,3.5777777777769018,4.585635359115611,4.364963503649584,2.537785588752379,0.1180418476115802,0.0069930069930069,0.0223978919631093,-0.787185725872682,2.047849770363232,0.6303320222452746,0.0586987270154273,0.0572413793102215,3.5625173755901813,0.8998920669211794,5193.903000116348,recent24h|1s|0|PRIMARY|SELL|1790270166.959000,35.0,145.0,1.206896551724138,51.49996280670166,52.00016498565674,0.9903807578477289,0.010000000000218279,-1.7150000000001455,-0.010000000000218279,1.7150000000001455,0.004975124378213006,0.22912491649966762,0.21212121212121213,-0.014084507042253521,-0.21212121212121213,0.014084507042253521,-0.22620571916346566,0.20588235294117646,0.7352941176470589,0.8214285714310076,0.2857142857142857,1.607142857140421,0.659137577002759
recent24h,1s,0,PRIMARY,SELL,-1,67629,67696,1790271201.909,1790271268.992,67.08300018310547,emergency_stop,-15.862500000001772,0.3999999999996362,-4.230000000000473,False,500.0,2.067326732673666,0.9354838709677892,0.8738738738738738,0.1361552028220018,0.0555555555555458,2.272300469482317,4.756013745706006,3.860000000000582,7.933216168716874,0.1361552028220018,0.0105263157894736,0.0376175548589341,-1.587699530518265,-3.1772024230108684,-2.382450976764567,0.0507662835247902,0.0224386113462683,1.806582820444555,0.8174949142691491,6228.852999925613,recent24h|1s|0|PRIMARY|SELL|1790271201.909000,22.0,97.0,1.1340206185567012,55.00006675720215,55.9999942779541,0.9821441495906438,0.2649999999994179,-1.2000000000007276,-0.2649999999994179,1.2000000000007276,0.28042328042275083,0.27842227378163426,0.3684210526315789,0.0,-0.3684210526315789,-0.0,-0.3684210526315789,-0.047619047619047616,0.7619047619047619,0.707317073170894,-0.4634146341455299,0.8536585365865561,0.6569579288033587
recent24h,1s,0,PRIMARY,SELL,-1,68148,68524,1790271720.915,1790272097.965,377.0499999523163,emergency_stop,-15.149999999999864,0.2100000000000363,-4.039999999999964,False,500.0,0.4610591900307937,0.8852459016382688,0.7009345794392523,0.0335536349770904,0.2432432432428889,1.3431372549003873,0.2385321100913552,0.7096774193534822,4.833040421792186,0.0335536349770904,0.0833333333333333,0.0456273764258555,0.6334598355469051,-4.594508311700831,-1.9805242380769623,0.0270270270276249,0.0040349697378153,0.3231723294608367,0.6204994637651416,6747.858999967575,recent24h|1s|0|PRIMARY|SELL|1790271720.915000,15.0,75.0,1.0,52.99985408782959,60.00018119812012,0.8833282338402362,-0.39499999999861757,-0.6849999999994907,0.39499999999861757,0.6849999999994907,0.7523809523762337,0.2670565302145521,-0.5714285714285714,-0.08333333333333333,0.5714285714285714,0.08333333333333333,0.4880952380952381,-0.14285714285714285,0.7142857142857143,0.8181818181805655,-0.09090909091109531,0.42424242424350994,0.9318181818166316
recent24h,1s,0,PRIMARY,SELL,-1,69042,69943,1790272615.978,1790273516.407,900.4290001392365,max_hold,18.675000000001774,6.699999999999818,-0.1999999999998181,False,500.0,0.9053318824810548,0.7666666666647466,0.7523809523809524,0.060716584423922,0.110576923076717,1.2941176470565576,1.889967637541524,1.3476190476187797,2.5049309664688164,0.060716584423922,0.0632911392405063,0.0556552962298025,-0.0535014005622218,-0.6149633289272927,-0.3342323647447571,0.0120192307690562,0.0038491147035622,0.6811544639619366,0.5768253968239522,7642.921999931335,recent24h|1s|0|PRIMARY|SELL|1790272615.978000,16.0,79.0,1.0126582278481011,62.000274658203125,58.500051498413086,1.0598328218546096,-0.36999999999989086,-0.5349999999998545,0.36999999999989086,0.5349999999998545,0.52112676056587,0.15484804630998333,-0.2,-0.05128205128205128,0.2,0.05128205128205128,0.14871794871794874,0.3333333333333333,0.6666666666666666,0.7666666666647466,-0.26666666666626243,0.6000000000006064,0.9415204678370784
recent24h,1s,0,PRIMARY,BUY,1,71880,72006,1790275457.985,1790275583.946,125.96099996566772,momentum_zero_cross,-7.200000000000273,0.7100000000000364,-1.9200000000000728,False,500.0,1.0796460176992362,0.8888888888879265,0.9595959595959596,0.0759637188207784,0.1147540983605274,2.554347826087698,2.5137614678899287,1.1780219780213523,1.3386773547097797,0.0759637188207784,0.2553191489361702,0.1149425287356321,1.3763258480663458,1.175084113180149,1.2757049806232477,0.0163934426233052,0.0099255583128701,1.0360239563780549,0.852974186306596,10484.928999900818,recent24h|1s|0|PRIMARY|BUY|1790275457.985000,27.0,95.0,1.4210526315789473,52.00004577636719,53.999900817871094,0.9629655793582114,0.4349999999994907,1.1900000000005093,0.4349999999994907,1.1900000000005093,0.45549738219845426,0.31564986737456074,0.38461538461538464,0.26881720430107525,0.38461538461538464,0.26881720430107525,0.11579818031430938,-0.038461538461538464,0.8076923076923077,0.9655172413785533,-0.10344827586434,0.41379310344795145,0.9365079365065616
recent24h,1s,0,SECONDARY,SELL,-1,3767,3786,1790193767.9910002,1790193786.978,18.98699975013733,emergency_stop,-15.2250000000015,0.0,-4.0600000000004,False,500.0,5.689349112425723,0.6037735849077973,2.1621621621621623,0.1357837181044575,0.0166406656267049,10.54263565892133,4.264840182645815,12.331034482751882,5.334365325077985,0.1357837181044575,0.2229299363057325,-0.0480549199084668,-1.7883988238305513,-1.0695251424321697,-1.42896198313136,0.0020800832033735,0.0019617459539418,12.30129537821778,1.305456399800643,3841.53200006485,recent24h|1s|0|SECONDARY|SELL|1790193767.991000,38.0,160.0,1.1875,52.99973487854004,52.99973487854004,1.0,-2.5999999999994543,-3.4249999999992724,2.5999999999994543,3.4249999999992724,0.6842105263152856,0.3035002215327522,-0.5,-0.23076923076923078,0.5,0.23076923076923078,0.2692307692307692,0.13513513513513514,0.7567567567567568,0.45714285714456476,-0.45714285713936764,1.199999999996362,0.9908987485777317
recent24h,1s,0,SECONDARY,BUY,1,6049,6263,1790196065.932,1790196279.938,214.00600004196167,take_profit,31.83749999999918,8.489999999999782,-0.5299999999997453,False,500.0,3.1512717536817854,0.3103448275867476,2.1517241379310343,0.1316150260487634,0.0152931180968805,4.7299270072961885,8.82352941176093,4.91048593350556,1.4840425531901822,0.1316150260487634,-0.0779220779220779,-0.0459016393442622,-0.1805589262093709,7.339486858570748,3.579463966180688,0.0,0.0614035087719603,6.780667497577358,0.66777645660045,6139.4729998111725,recent24h|1s|0|SECONDARY|BUY|1790196065.932000,33.0,156.0,1.0576923076923077,52.500009536743164,52.99997329711914,0.9905667167495884,1.0,1.6599999999998545,1.0,1.6599999999998545,0.6535947712423273,0.20672478206716602,0.5483870967741935,-0.0718954248366013,0.5483870967741935,-0.0718954248366013,0.6202825216107948,-0.1875,0.75,0.264705882353964,-0.5882352941184338,1.470588235297422,1.0
recent24h,1s,0,SECONDARY,SELL,-1,28888,29508,1790230026.655,1790230697.855,671.2000000476837,emergency_stop,-15.487500000000413,0.0,-4.130000000000109,False,500.0,1.755494505494687,0.5434782608695222,1.302325581395349,0.1786974655116063,0.0782472613458377,2.791366906473069,4.010928961752859,3.210374639768208,2.9532538955085204,0.1786974655116063,0.1071428571428571,0.1176470588235294,-0.4190077332951385,1.057675066244339,0.3193336664746002,0.0031298904539018,0.0011607661056549,2.286225402504709,0.7077856420626336,5983.503999948502,recent24h|1s|0|SECONDARY|SELL|1790230026.655000,17.0,56.0,1.517857142857143,55.500030517578125,99.99990463256836,0.5550008344658227,-0.8749999999990905,-0.8699999999998909,0.8749999999990905,0.8699999999998909,0.6410256410263586,0.2208121827414173,-0.375,-0.09090909090909091,0.375,0.09090909090909091,0.28409090909090906,-0.4375,0.1875,0.6849315068488713,-0.3013698630126064,1.0684931506826445,0.9792746113984949
recent24h,1s,0,SECONDARY,BUY,1,48308,48437,1790251279.973,1790251411.604,131.63100004196167,emergency_stop,-15.97500000000082,2.0499999999992724,-4.260000000000218,False,500.0,2.4226254002137884,0.8484848484870199,1.452054794520548,0.1416415529161369,0.0493392070485719,5.287356321834634,4.206611570247928,4.5787965616047455,0.69352014010524,0.1416415529161369,0.3076923076923077,0.1843137254901961,0.708559760229889,3.513091430142688,2.1108255951862884,0.002643171806225,0.002643171806225,3.517784827707693,1.2320464923236178,4118.509000062943,recent24h|1s|0|SECONDARY|BUY|1790251279.973000,29.0,106.0,1.3679245283018868,53.50005626678467,53.99966239929199,0.9907479767407976,0.8049999999993815,2.339999999999236,0.8049999999993815,2.339999999999236,0.7853658536561213,0.516556291390174,0.4074074074074074,0.32038834951456313,0.4074074074074074,0.32038834951456313,0.08701905789284425,-0.35714285714285715,0.5,0.8235294117662794,-0.2647058823505809,0.7058823529402324,0.9886363636361171
recent24h,1s,0,SECONDARY,SELL,-1,53580,53626,1790256642.971,1790256688.952,45.98099994659424,emergency_stop,-16.575000000000273,0.0,-4.420000000000073,False,500.0,1.3354838709681798,0.7941176470570926,1.411764705882353,0.1168195718655142,0.0869565217389394,3.690476190473819,2.402684563756005,2.260355029585756,1.4447439353080729,0.1168195718655142,-0.0105263157894736,-0.0347826086956521,1.4301211608880626,0.9579406284479322,1.1940308946679974,0.0676328502418204,0.0258143822988248,1.8853889943080189,1.1211072664335426,2009.9990000724792,recent24h|1s|0|SECONDARY|SELL|1790256642.971000,28.0,96.0,1.4583333333333335,50.00019073486328,53.999900817871094,0.9259311587164226,-0.8599999999996726,-1.5349999999998545,0.8599999999996726,1.5349999999998545,0.459893048128194,0.3091641490437178,-0.1111111111111111,0.02127659574468085,0.1111111111111111,-0.02127659574468085,0.13238770685579196,0.37037037037037035,0.48148148148148145,0.7714285714274206,-0.22857142857387863,0.9714285714292397,0.7593123209159317
recent24h,1s,0,SECONDARY,BUY,1,61227,61780,1790264485.926,1790265334.983,849.0569999217987,take_profit,30.0,8.0,-2.5299999999997453,False,500.0,1.5611428571435808,0.7714285714274206,1.2191780821917808,0.0910108168593521,0.0790629575401048,1.5911602209954856,2.70078740157217,3.4609929078002657,2.3862928348914965,0.0910108168593521,0.1235955056179775,0.0635451505016722,-1.86983268680478,0.3144945666806733,-0.7776690600620533,0.0029282576867395,0.0014347202295863,1.903311154599708,0.940508806260828,9852.954000234604,recent24h|1s|0|SECONDARY|BUY|1790264485.926000,22.0,89.0,1.2359550561797752,55.00006675720215,53.50017547607422,1.0280352590955275,0.9099999999998545,0.6499999999996362,0.9099999999998545,0.6499999999996362,0.7777777777763958,0.15366430260053482,0.42857142857142855,0.11363636363636363,0.42857142857142855,0.11363636363636363,0.3149350649350649,-0.14285714285714285,0.5714285714285714,0.8181818181805655,-0.12121212121479374,0.5454545454583037,0.9846743295015845
recent24h,1s,0,SECONDARY,BUY,1,64378,64421,1790267949.875,1790267992.881,43.00600004196167,emergency_stop,-15.262499999998909,0.0,-4.069999999999709,False,500.0,1.892976588628468,0.6875000000014211,1.5555555555555556,0.1081929774478179,0.0518256772674347,8.62400000000198,3.966804979259883,4.552552552551214,1.1634446397191611,0.1081929774478179,0.1111111111111111,0.0027173913043478,4.071447447450765,2.8033603395407223,3.437403893495744,0.0353356890458516,0.0260416666666025,2.9446302489776173,1.069444444446655,2976.819000005722,recent24h|1s|0|SECONDARY|BUY|1790267949.875000,29.0,126.0,1.150793650793651,52.500009536743164,52.99997329711914,0.9905667167495884,1.4200000000000728,2.7399999999997817,1.4200000000000728,2.7399999999997817,0.577235772357958,0.3521850899747294,0.14285714285714285,0.12,0.14285714285714285,0.12,0.022857142857142854,-0.07142857142857142,0.7857142857142857,0.6470588235298839,-0.5882352941168603,0.8529411764701161,0.9063962558504588
recent24h,1s,0,SECONDARY,SELL,-1,66215,67415,1790269786.987,1790270987.981,1200.9939999580383,max_hold,5.437499999999318,6.949999999999818,-3.300000000000182,False,500.0,1.46324180690893,0.7941176470597676,1.009009009009009,0.1032527105919355,0.0653753026635422,1.9248826291097287,1.7477477477471868,2.4514851485145237,1.3911671924289442,0.1032527105919355,0.125,0.1114599686028257,-0.5266025194047941,0.3565805553182426,-0.0850109820432756,0.020581113801461,0.1518755718206596,1.4764241655297312,0.801271860096342,4813.930999994278,recent24h|1s|0|SECONDARY|SELL|1790269786.987000,26.0,112.0,1.1607142857142858,50.00019073486328,53.00021171569824,0.9433960566624231,-0.9800000000004729,-1.0450000000000728,0.9800000000004729,1.0450000000000728,0.5730994152043332,0.17089125102194236,-0.52,-0.13513513513513514,0.52,0.13513513513513514,0.3848648648648649,-0.16,0.76,0.9473684210531355,-0.21052631578745817,0.7719298245582683,0.8975903614457303
recent24h,1s,0,SECONDARY,SELL,-1,69048,70029,1790272621.992,1790273602.839,980.8469998836516,take_profit,30.074999999998223,8.019999999999527,-0.3000000000001819,False,500.0,1.1620469083149807,0.6666666666686878,0.9333333333333332,0.1113902847570062,0.0733944954131257,2.8757396449729877,2.372881355933081,2.533333333332756,3.581854043391397,0.1113902847570062,0.134020618556701,0.0753064798598949,0.3424063116402314,-1.208972687458315,-0.4332831879090422,0.0,0.0,1.0845771144273153,0.6222222222241086,7648.936000108719,recent24h|1s|0|SECONDARY|SELL|1790272621.992000,22.0,98.0,1.1224489795918366,51.999807357788086,53.999900817871094,0.9629611641912297,-0.48000000000047294,-1.125,0.48000000000047294,1.125,0.4571428571424364,0.2866242038221077,-0.3333333333333333,-0.125,0.3333333333333333,0.125,0.20833333333333331,0.0,0.5238095238095238,0.6896551724163885,-0.27586206896216475,0.7931034482744562,1.0
recent24h,1s,0,MICRO,SELL,-1,3767,3786,1790193767.9910002,1790193786.978,18.98699975013733,emergency_stop,-15.2250000000015,0.0,-4.0600000000004,False,500.0,5.689349112425723,0.6037735849077973,2.1621621621621623,0.1357837181044575,0.0166406656267049,10.54263565892133,4.264840182645815,12.331034482751882,5.334365325077985,0.1357837181044575,0.2229299363057325,-0.0480549199084668,-1.7883988238305513,-1.0695251424321697,-1.42896198313136,0.0020800832033735,0.0019617459539418,12.30129537821778,1.305456399800643,3841.53200006485,recent24h|1s|0|MICRO|SELL|1790193767.991000,38.0,160.0,1.1875,52.99973487854004,52.99973487854004,1.0,-2.5999999999994543,-3.4249999999992724,2.5999999999994543,3.4249999999992724,0.6842105263152856,0.3035002215327522,-0.5,-0.23076923076923078,0.5,0.23076923076923078,0.2692307692307692,0.13513513513513514,0.7567567567567568,0.45714285714456476,-0.45714285713936764,1.199999999996362,0.9908987485777317
recent24h,1s,0,MICRO,SELL,-1,4373,4419,1790194373.968,1790194419.884,45.91600012779236,stagnation,-5.700000000001637,0.0,-2.350000000000364,False,500.0,1.715355805243534,1.0357142857150978,1.248730964467005,0.1288465356362793,0.0844250363901038,2.596026490069512,4.215246636772778,4.430034129693485,1.773936170212308,0.1288465356362793,0.081967213114754,0.0545454545454545,-1.8340076396239733,2.44131046656047,0.3036514134682481,0.0145560407567044,0.0064516129031319,2.1420179090858342,1.2933284989132694,4447.508999824524,recent24h|1s|0|MICRO|SELL|1790194373.968000,21.0,123.0,0.8536585365853658,51.49996280670166,52.99985408782959,0.9717000865956658,-0.27000000000043656,-0.930000000000291,0.27000000000043656,0.930000000000291,0.39130434782849394,0.18979591836742044,-0.1,-0.0743801652892562,0.1,0.0743801652892562,0.025619834710743805,-0.3,0.7,1.0,0.06896551723975715,0.3793103448265048,0.9065420560761009
recent24h,1s,0,MICRO,BUY,1,6087,6183,1790196103.82,1790196199.9740002,96.1540002822876,trail,10.687499999997954,5.059999999999491,-0.4500000000007276,False,500.0,4.25167336010774,0.6896551724163885,1.917808219178082,0.1316146540026516,0.0251889168766643,4.8175182481713055,2.3999999999975232,7.442455242970119,2.351063829785999,0.1316146540026516,0.088235294117647,-0.0663764961915125,-2.624936994798814,0.0489361702115243,-1.2880004122936448,0.0,0.0,8.153894115275119,1.3226263580588271,6177.360999822617,recent24h|1s|0|MICRO|BUY|1790196103.820000,27.0,140.0,0.9642857142857143,51.000118255615234,53.00021171569824,0.9622625382930198,0.38000000000010914,1.675000000000182,0.38000000000010914,1.675000000000182,0.4578313253008748,0.3037171350861437,0.15384615384615385,0.0962962962962963,0.15384615384615385,0.0962962962962963,0.05754985754985756,-0.07692307692307693,0.5384615384615384,0.8000000000029104,-0.1599999999962165,1.1999999999970896,1.0
recent24h,1s,0,MICRO,BUY,1,44748,45047,1790247697.938,1790247997.951,300.0130000114441,momentum_zero_cross,-2.962500000003274,1.839999999999236,-2.2100000000000364,False,500.0,1.614890885751383,0.9000000000022738,1.8407079646017697,0.077948717948716,0.0858505564389186,7.209876543214589,3.640624999998024,3.222614840990408,1.7662007623892315,0.077948717948716,0.087378640776699,-0.033003300330033,3.9872617022241816,1.874424237608792,2.930842969916486,0.0031796502385427,0.0013623978201931,2.9725425153653777,1.6566371681457783,536.4739999771118,recent24h|1s|0|MICRO|BUY|1790247697.938000,24.0,104.0,1.1538461538461537,54.000139236450195,55.00006675720215,0.9818195216895621,0.9600000000000364,2.8950000000004366,0.9600000000000364,2.8950000000004366,0.5853658536577927,0.4356659142208983,0.391304347826087,0.0784313725490196,0.391304347826087,0.0784313725490196,0.31287297527706737,-0.13043478260869565,0.782608695652174,0.7941176470597676,-0.23529411764674413,1.1470588235272088,0.9931153184163746
recent24h,1s,0,MICRO,BUY,1,46524,46736,1790249476.9539998,1790249689.988,213.03400015830996,emergency_stop,-15.562500000002046,3.139999999999418,-4.150000000000546,False,500.0,2.3525179856112706,0.9206349206346456,1.3409090909090908,0.1827603224215096,0.0443425076452484,2.911764705879652,3.1272727272727074,5.34134615384983,2.5189743589748663,0.1827603224215096,0.0517241379310344,0.0837606837606837,-2.4295814479701785,0.6082983682978411,-0.9106415398361688,0.1238532110090799,0.0957446808509929,3.1545127534332944,1.2344877344873657,2315.489999771118,recent24h|1s|0|MICRO|BUY|1790249476.954000,23.0,118.0,0.9745762711864406,55.499911308288574,52.99997329711914,1.0471686654850696,-0.10499999999956344,1.3650000000006912,-0.10499999999956344,1.3650000000006912,0.12138728323652016,0.2254335260118333,-0.09090909090909091,0.043478260869565216,-0.09090909090909091,0.043478260869565216,-0.13438735177865613,-0.2727272727272727,0.7272727272727273,0.72499999999892,-0.5249999999993747,0.9999999999977263,0.255172413793634
recent24h,1s,0,MICRO,BUY,1,56255,56301,1790259382.96,1790259428.948,45.98799991607666,stagnation,-8.4375,0.0,-3.589999999999236,False,500.0,4.802047781567278,0.8787878787879623,2.752136752136752,0.1408906882590332,0.0412224591329079,8.018018018015125,3.7573221757316126,11.504132231421966,3.916434540390178,0.1408906882590332,0.0125,-0.055079559363525,-3.486114213406841,-0.1591123646585654,-1.8226132890327036,0.0028429282159957,0.0020703933746924,13.215892185168066,2.4185444185446485,4749.988000154495,recent24h|1s|0|MICRO|BUY|1790259382.960000,33.0,161.0,1.0248447204968942,52.99973487854004,52.99973487854004,1.0,0.6199999999998909,2.360000000000582,0.6199999999998909,2.360000000000582,0.3444444444440009,0.24081632653051072,0.0967741935483871,0.018867924528301886,0.0967741935483871,0.018867924528301886,0.07790626902008521,0.1875,0.75,0.7250000000005684,-0.1,0.8750000000017053,0.9831932773113226
recent24h,1s,0,MICRO,BUY,1,61614,61658,1790265166.938,1790265212.9580002,46.02000021934509,stagnation,-6.449999999997544,0.3700000000008003,-2.139999999999418,False,500.0,1.7275541795669622,0.8529411764701161,1.248322147651007,0.1744340878827603,0.0692951015531507,5.662650602411012,5.639097744357355,5.53521126760576,nan,0.1744340878827603,0.3478260869565217,0.1428571428571428,0.1274393348052518,nan,nan,0.0215053763441187,0.0137614678899305,2.1565441436205037,1.0647453612311517,193.8819999694824,recent24h|1s|0|MICRO|BUY|1790265166.938000,31.0,93.0,1.6666666666666665,53.00009250640869,53.00021171569824,0.9999977507771065,0.43000000000029104,2.3350000000000364,0.43000000000029104,2.3350000000000364,0.32330827067692824,0.4057341442220292,0.2,0.34065934065934067,0.2,0.34065934065934067,-0.14065934065934066,-0.5,0.36666666666666664,0.8787878787879623,0.18181818181943457,0.5757575757592461,0.9257731958761741
recent24h,1s,0,MICRO,SELL,-1,67519,67565,1790271091.9740002,1790271137.533,45.55899977684021,stagnation,-1.9499999999982265,0.180000000000291,-1.3999999999996362,False,500.0,0.944554455445407,0.9032258064496256,0.8401826484018264,0.0861395348836932,0.1174004192871389,2.50476190476678,1.4314381270912329,2.6084507042264606,1.2688927943761894,0.0861395348836932,0.1521739130434782,0.1089430894308943,-0.1036887994596806,0.1625453327150434,0.0294282666276812,0.0377358490562943,0.0116129032257092,0.793598263935867,0.7588746501677218,6118.918000221252,recent24h|1s|0|MICRO|SELL|1790271091.974000,27.0,92.0,1.4673913043478262,52.49977111816406,54.000139236450195,0.9722154768580045,-0.5,-1.3299999999999272,0.5,1.3299999999999272,0.3030303030307039,0.29820627802670463,-0.23076923076923078,-0.16483516483516483,0.23076923076923078,0.16483516483516483,0.06593406593406595,0.0,0.8461538461538461,0.8484848484842639,0.0,0.42424242424350994,0.8732394366207197
recent24h,1s,0,BURST,SELL,-1,5515,5564,1790195523.912,1790195573.826,49.91400003433228,momentum_zero_cross,-1.2374999999997272,0.3000000000001819,-0.8899999999994179,False,500.0,2.134860050890248,0.7931034482744562,1.0175438596491229,0.227758007117463,0.0548271752084695,5.524475524475418,3.760368663597429,4.052770448548032,2.7205128205132234,0.227758007117463,0.4482758620689655,0.219047619047619,1.4717050759273853,1.0398558430842058,1.255780459505795,0.0035756853397676,0.0025273799495073,2.1723137359935856,0.8070175438582187,5597.452999830246,recent24h|1s|0|BURST|SELL|1790195523.912000,25.0,87.0,1.4367816091954024,61.50031089782715,61.50031089782715,1.0,-0.5050000000001091,-1.9549999999999272,0.5050000000001091,1.9549999999999272,0.5706214689236042,0.5514809590970053,-0.4166666666666667,-0.4418604651162791,0.4166666666666667,0.4418604651162791,-0.025193798449612392,0.20833333333333334,0.625,0.8214285714277594,-0.392857142859579,1.0000000000032483,0.9850374064834647
recent24h,1s,0,BURST,BUY,1,48309,48347,1790251280.929,1790251318.929,38.0,momentum_zero_cross,0.4125000000021827,2.0799999999999272,-0.0699999999997089,False,500.0,2.4226254002137884,0.8484848484842639,1.5342465753424657,0.1300017784101172,0.0493392070484116,5.965517241374408,3.809917355372267,4.189111747852016,0.6847635726794797,0.1300017784101172,0.3636363636363636,0.1791907514450867,1.7764054935223923,3.1251537826927875,2.4507796381075893,0.0079295154185147,0.0079295154185147,3.716904723615675,1.3017849730169526,4119.464999914169,recent24h|1s|0|BURST|BUY|1790251280.929000,32.0,112.0,1.4285714285714286,52.99997329711914,52.99997329711914,1.0,0.5950000000002547,2.550000000000182,0.5950000000002547,2.550000000000182,0.6432432432421271,0.5930232558134689,0.4666666666666667,0.3577981651376147,0.4666666666666667,0.3577981651376147,0.10886850152905198,-0.41935483870967744,0.3870967741935484,0.8484848484842639,-0.15151515151573614,0.7272727272749823,0.9657794676805662
recent24h,1s,0,BURST,BUY,1,53335,53365,1790256394.957,1790256424.838,29.88100004196167,momentum_zero_cross,-5.700000000001637,0.0,-1.7200000000002549,False,500.0,2.284090909091346,0.7941176470597676,1.5555555555555556,0.0861132660977719,0.0537313432836631,5.935064935061193,6.96713615022977,2.540045766590648,0.0970350404313514,0.0861132660977719,0.2244897959183673,0.0299823633156966,3.3950191684705446,6.870101109798418,5.1325601391344815,0.007960199005148,0.1009918845806267,3.553030303030983,1.2352941176485277,1761.9850001335144,recent24h|1s|0|BURST|BUY|1790256394.957000,36.0,98.0,1.8367346938775508,51.999807357788086,52.00004577636719,0.9999954150313611,0.21500000000014552,2.305000000000291,0.21500000000014552,2.305000000000291,0.13650793650749288,0.5005428881643578,0.08571428571428572,0.23711340206185566,0.08571428571428572,0.23711340206185566,-0.15139911634756995,0.4857142857142857,0.4,0.900000000003638,0.23333333333596076,0.8666666666694962,0.9664570230600675
recent24h,1s,0,BURST,BUY,1,61616,61641,1790265168.984,1790265193.977,24.993000030517575,momentum_zero_cross,-7.274999999998499,0.2700000000004365,-1.9899999999997815,False,500.0,1.762641898864852,0.5294117647065117,1.3691275167785235,0.1645189003435448,0.0421545667448035,5.7349397590369104,5.954887218041421,5.39436619718272,nan,0.1645189003435448,0.3725490196078431,0.1545064377682403,0.3405735618541907,nan,nan,0.0046838407493042,0.0030188679244573,2.413281525962616,0.7248322147659624,195.92799997329712,recent24h|1s|0|BURST|BUY|1790265168.984000,25.0,102.0,1.2254901960784315,55.500030517578125,53.00021171569824,1.0471662040764915,0.10500000000047294,2.324999999999818,0.10500000000047294,2.324999999999818,0.08502024291551047,0.3629976580796113,0.4166666666666667,0.36633663366336633,0.4166666666666667,0.36633663366336633,0.050330033003300356,-0.4166666666666667,0.4166666666666667,0.5625000000014211,-0.031249999997868372,0.875,0.9829424307040233
recent24h,1s,0,BURST,SELL,-1,67472,67496,1790271044.909,1790271068.987,24.07800006866455,momentum_zero_cross,-2.1374999999989086,0.2799999999997453,-0.569999999999709,False,500.0,2.0356435643564983,0.8387096774189763,1.238532110091743,0.1405888190536851,0.0505836575875968,0.1714285714291158,4.7422680412371,4.7887323943671785,0.3128295254830714,0.1405888190536851,0.2,0.0911764705882352,-4.617303822938062,4.429438515754029,-0.0939326535920168,0.0680933852140862,0.1065340909091052,2.5212099191571307,1.03876886652809,6071.852999925613,recent24h|1s|0|BURST|SELL|1790271044.909000,27.0,135.0,1.0,53.49993705749512,52.99973487854004,1.009437824172166,-0.3350000000000364,-0.04500000000007276,0.3350000000000364,0.04500000000007276,0.25283018867896034,0.008219178082199062,-0.3076923076923077,-0.19402985074626866,0.3076923076923077,0.19402985074626866,0.11366245694603905,0.11538461538461539,0.5769230769230769,0.8965517241387961,-0.2413793103438543,0.5172413793122914,0.38596491227974994
