window,engine,side,entry_500ms,entry_1s,abs_delta_sec,raw_count2_500ms,raw_count2_1s,raw_count10_500ms,raw_count10_1s,event_rate_accel_2_10_500ms,event_rate_accel_2_10_1s,median_iat2_ms_500ms,median_iat2_ms_1s,median_iat10_ms_500ms,median_iat10_ms_1s,iat_ratio_2_10_500ms,iat_ratio_2_10_1s,mid_move2_500ms,mid_move2_1s,mid_move10_500ms,mid_move10_1s,dir_mid_move2_500ms,dir_mid_move2_1s,dir_mid_move10_500ms,dir_mid_move10_1s,event_eff2_500ms,event_eff2_1s,event_eff10_500ms,event_eff10_1s,event_imb2_500ms,event_imb2_1s,event_imb10_500ms,event_imb10_1s,dir_event_imb2_500ms,dir_event_imb2_1s,dir_event_imb10_500ms,dir_event_imb10_1s,dir_imbalance_delta_2_10_500ms,dir_imbalance_delta_2_10_1s,quote_sidedness2_500ms,quote_sidedness2_1s,two_sided_update_frac2_500ms,two_sided_update_frac2_1s,spread_rel10_500ms,spread_rel10_1s,spread_change_rel2_500ms,spread_change_rel2_1s,spread_compression10_500ms,spread_compression10_1s,dir_range_position10_500ms,dir_range_position10_1s
historical7d,BURST,BUY,1789573152.468,1789573154.725,2.256999969482422,15.0,7.0,90.0,78.0,0.8333333333333334,0.44871794871794873,50.50003528594971,176.49996280670166,52.00004577636719,55.00006675720215,0.9711536698088985,3.2090863377650236,-0.11499999999978172,-0.10499999999956344,0.9500000000007276,0.4250000000010914,-0.11499999999978172,-0.10499999999956344,0.9500000000007276,0.4250000000010914,0.2839506172855032,1.0,0.2802359882014542,0.17453798768041695,0.14285714285714285,-1.0,0.2808988764044944,0.23684210526315788,0.14285714285714285,-1.0,0.2808988764044944,0.23684210526315788,-0.13804173354735155,-1.236842105263158,-0.42857142857142855,0.16666666666666666,0.42857142857142855,0.8333333333333334,0.9999999999967518,0.9285714285730526,0.17857142857166058,0.035714285715097764,0.3214285714315876,0.2857142857142857,0.7488789237678111,0.5000000000015159
historical7d,PRIMARY,BUY,1789573826.844,1789573826.844,0.0,8.0,8.0,30.0,30.0,1.3333333333333333,1.3333333333333333,98.00028800964355,98.00028800964355,100.00038146972656,100.00038146972656,0.9799991416963894,0.9799991416963894,0.2999999999992724,0.2999999999992724,0.42999999999938154,0.42999999999938154,0.2999999999992724,0.2999999999992724,0.42999999999938154,0.42999999999938154,1.0,1.0,0.37391304347754567,0.37391304347754567,1.0,1.0,0.2413793103448276,0.2413793103448276,1.0,1.0,0.2413793103448276,0.2413793103448276,0.7586206896551724,0.7586206896551724,-0.14285714285714285,-0.14285714285714285,0.5714285714285714,0.5714285714285714,1.0,1.0,0.0,0.0,0.31034482758674764,0.31034482758674764,1.0,1.0
historical7d,PRIMARY,BUY,1789574424.972,1789574424.972,0.0,28.0,28.0,146.0,146.0,0.9589041095890412,0.9589041095890412,52.00004577636719,52.00004577636719,51.999807357788086,51.999807357788086,1.0000045849896608,1.0000045849896608,0.4600000000000364,0.4600000000000364,3.149999999999636,3.149999999999636,0.4600000000000364,0.4600000000000364,3.149999999999636,3.149999999999636,0.3650793650801213,0.3650793650801213,0.43568464730277096,0.43568464730277096,-0.18518518518518517,-0.18518518518518517,0.056338028169014086,0.056338028169014086,-0.18518518518518517,-0.18518518518518517,0.056338028169014086,0.056338028169014086,-0.24152321335419927,-0.24152321335419927,0.1111111111111111,0.1111111111111111,0.37037037037037035,0.37037037037037035,0.8620689655173496,0.8620689655173496,0.06896551724289333,0.06896551724289333,0.9310344827571067,0.9310344827571067,0.9874015748028753,0.9874015748028753
historical7d,MICRO,SELL,1789575485.9550002,1789575485.9550002,0.0,28.0,28.0,120.0,120.0,1.1666666666666667,1.1666666666666667,49.99995231628418,49.99995231628418,51.000118255615234,51.000118255615234,0.9803889486232528,0.9803889486232528,-0.75,-0.75,-1.319999999999709,-1.319999999999709,0.75,0.75,1.319999999999709,1.319999999999709,0.39473684210496085,0.39473684210496085,0.2287694974007116,0.2287694974007116,-0.1111111111111111,-0.1111111111111111,-0.15254237288135594,-0.15254237288135594,0.1111111111111111,0.1111111111111111,0.15254237288135594,0.15254237288135594,-0.04143126177024484,-0.04143126177024484,0.07407407407407407,0.07407407407407407,0.7777777777777778,0.7777777777777778,0.7999999999984408,0.7999999999984408,-0.1714285714295366,-0.1714285714295366,0.45714285714456476,0.45714285714456476,0.7320261437907409,0.7320261437907409
historical7d,BURST,BUY,1789577836.469,1789577836.916,0.44699978828430176,30.0,29.0,111.0,110.0,1.3513513513513513,1.3181818181818181,51.000118255615234,51.49996280670166,51.49996280670166,51.000118255615234,0.9902942735519533,1.0098008508251133,0.4849999999996726,0.4349999999994907,2.035000000000764,1.9149999999990541,0.4849999999996726,0.4349999999994907,2.035000000000764,1.9149999999990541,0.4199134199112451,0.3640167364002279,0.3994111874386527,0.37438905180810456,0.3103448275862069,0.2857142857142857,0.3761467889908257,0.35185185185185186,0.3103448275862069,0.2857142857142857,0.3761467889908257,0.35185185185185186,-0.0658019614046188,-0.06613756613756616,0.41379310344827586,0.4642857142857143,0.3793103448275862,0.39285714285714285,0.7999999999987873,0.9333333333319186,-0.09999999999909051,-0.3000000000003032,0.5666666666695973,0.43333333333646606,0.8799076212470607,0.8913580246907635
historical7d,SECONDARY,SELL,1789578167.976,1789578167.976,0.0,27.0,27.0,114.0,114.0,1.1842105263157894,1.1842105263157894,52.99997329711914,52.99997329711914,52.99997329711914,52.99997329711914,1.0,1.0,-1.4950000000008004,-1.4950000000008004,-2.194999999999709,-2.194999999999709,1.4950000000008004,1.4950000000008004,2.194999999999709,2.194999999999709,0.7608142493656272,0.7608142493656272,0.4192932187200506,0.4192932187200506,-0.15384615384615385,-0.15384615384615385,-0.16071428571428573,-0.16071428571428573,0.15384615384615385,0.15384615384615385,0.16071428571428573,0.16071428571428573,-0.0068681318681318715,-0.0068681318681318715,-0.038461538461538464,-0.038461538461538464,0.6538461538461539,0.6538461538461539,0.41379310344795145,0.41379310344795145,-0.5862068965520486,-0.5862068965520486,0.9655172413816895,0.9655172413816895,1.0,1.0
historical7d,MICRO,SELL,1789578278.771,1789578278.771,0.0,29.0,29.0,120.0,120.0,1.2083333333333333,1.2083333333333333,50.00019073486328,50.00019073486328,51.000118255615234,51.000118255615234,0.980393623486513,0.980393623486513,-0.6350000000002183,-0.6350000000002183,-2.2600000000002183,-2.2600000000002183,0.6350000000002183,0.6350000000002183,2.2600000000002183,2.2600000000002183,0.3681159420290344,0.3681159420290344,0.29236739974124376,0.29236739974124376,-0.5,-0.5,-0.11864406779661017,-0.11864406779661017,0.5,0.5,0.11864406779661017,0.11864406779661017,0.3813559322033898,0.3813559322033898,0.10714285714285714,0.10714285714285714,0.4642857142857143,0.4642857142857143,1.0000000000029339,1.0000000000029339,-0.22580645160940152,-0.22580645160940152,0.67741935483994,0.67741935483994,0.9613733905578763,0.9613733905578763
historical7d,MICRO,SELL,1789578384.442,1789578384.9910002,0.5490002632141113,23.0,25.0,129.0,130.0,0.8914728682170543,0.9615384615384616,51.49984359741211,50.99987983703613,51.999807357788086,51.999807357788086,0.9903852766812011,0.9807705533624022,0.0750000000007276,0.019999999999527063,-1.2749999999996362,-1.25,-0.0750000000007276,-0.019999999999527063,1.2749999999996362,1.25,0.1127819548881641,0.03636363636276445,0.2286995515697101,0.22482014388505978,-0.09090909090909091,-0.16666666666666666,-0.09523809523809523,-0.07086614173228346,0.09090909090909091,0.16666666666666666,0.09523809523809523,0.07086614173228346,-0.004329004329004321,0.0958005249343832,0.45454545454545453,0.5833333333333334,0.36363636363636365,0.25,1.0833333333314386,0.7916666666695088,0.37499999999715783,0.25000000000189476,0.875000000004737,1.1666666666666667,0.7743902439019961,0.8048780487807042
historical7d,MICRO,BUY,1789578618.875,1789578618.875,0.0,20.0,20.0,125.0,125.0,0.8,0.8,54.99982833862305,54.99982833862305,52.00004577636719,52.00004577636719,1.0576880754135642,1.0576880754135642,0.6749999999992724,0.6749999999992724,0.9899999999997817,0.9899999999997817,0.6749999999992724,0.6749999999992724,0.9899999999997817,0.9899999999997817,0.6279069767441467,0.6279069767441467,0.21244635193137318,0.21244635193137318,0.47368421052631576,0.47368421052631576,0.03225806451612903,0.03225806451612903,0.47368421052631576,0.47368421052631576,0.03225806451612903,0.03225806451612903,0.4414261460101867,0.4414261460101867,-0.10526315789473684,-0.10526315789473684,0.6842105263157895,0.6842105263157895,0.7878787878796231,0.7878787878796231,-0.09090909090833926,-0.09090909090833926,0.6060606060601885,0.6060606060601885,0.895999999999185,0.895999999999185
historical7d,PRIMARY,SELL,1789579129.2659998,1789579129.869,0.6030001640319824,21.0,21.0,90.0,87.0,1.1666666666666667,1.2068965517241381,52.500128746032715,52.500128746032715,53.00021171569824,54.000020027160645,0.9905645099618082,0.9722242458359548,-0.5300000000006548,-0.2999999999992724,-1.0650000000005093,-1.4200000000000728,0.5300000000006548,0.2999999999992724,1.0650000000005093,1.4200000000000728,0.5955056179774363,0.4285714285699437,0.2843791722294385,0.4092219020167457,-0.3684210526315789,-0.2631578947368421,-0.045454545454545456,-0.08235294117647059,0.3684210526315789,0.2631578947368421,0.045454545454545456,0.08235294117647059,0.32296650717703346,0.18080495356037152,-0.35,-0.35,0.65,0.65,1.0,0.9310344827571067,-0.13793103448578667,-0.13793103448578667,0.3793103448265048,0.44827586206939807,0.942528735633013,1.0
historical7d,PRIMARY,BUY,1789580254.921,1789580254.921,0.0,29.0,29.0,79.0,79.0,1.8354430379746836,1.8354430379746836,50.99987983703613,50.99987983703613,55.9999942779541,55.9999942779541,0.9107122330030952,0.9107122330030952,1.0,1.0,1.6899999999995998,1.6899999999995998,1.0,1.0,1.6899999999995998,1.6899999999995998,0.5813953488362009,0.5813953488362009,0.5168195718653958,0.5168195718653958,0.35714285714285715,0.35714285714285715,0.16883116883116883,0.16883116883116883,0.35714285714285715,0.35714285714285715,0.16883116883116883,0.16883116883116883,0.18831168831168832,0.18831168831168832,0.17857142857142858,0.17857142857142858,0.8214285714285714,0.8214285714285714,0.9310344827602428,0.9310344827602428,0.0,0.0,0.620689655170359,0.620689655170359,0.9098591549287085,0.9098591549287085
historical7d,BURST,BUY,1789581028.4910002,1789581028.992,0.500999927520752,31.0,30.0,122.0,126.0,1.2704918032786885,1.1904761904761905,50.499916076660156,50.99964141845703,51.999807357788086,51.999807357788086,0.9711558300436033,0.9807659683727413,0.42999999999938154,0.2600000000002183,2.449999999999818,2.7249999999994543,0.42999999999938154,0.2600000000002183,2.449999999999818,2.7249999999994543,0.2263157894739437,0.17687074829976587,0.3145057766372059,0.3500321130384432,0.2,0.034482758620689655,0.21666666666666667,0.22580645161290322,0.2,0.034482758620689655,0.21666666666666667,0.22580645161290322,-0.016666666666666663,-0.19132369299221358,-0.13333333333333333,-0.10344827586206896,0.6666666666666666,0.6206896551724138,0.5925925925910955,0.5660377358513878,-0.5185185185188927,-0.22641509433780949,1.5185185185155243,1.5849056603749625,0.8877551020408259,0.9931972789114152
historical7d,PRIMARY,BUY,1789581649.428,1789581649.928,0.5,26.0,23.0,111.0,111.0,1.1711711711711712,1.0360360360360361,51.000118255615234,51.000118255615234,51.49996280670166,51.49996280670166,0.9902942735519533,0.9902942735519533,0.27000000000043656,-0.16499999999905413,0.29500000000007276,0.2900000000008731,0.27000000000043656,-0.16499999999905413,0.29500000000007276,0.2900000000008731,0.16666666666722807,0.17647058823472192,0.06190975865680133,0.062098501070777246,0.12,0.0,-0.027522935779816515,-0.027522935779816515,0.12,0.0,-0.027522935779816515,-0.027522935779816515,0.1475229357798165,0.027522935779816515,0.04,0.09090909090909091,0.72,0.7272727272727273,0.9062500000007105,0.9062499999981348,-0.062499999998578915,-0.09375000000186517,0.46875000000213163,0.46875000000079936,0.3333333333340551,0.3333333333340551
historical7d,PRIMARY,BUY,1789582223.908,1789582223.908,0.0,28.0,28.0,104.0,104.0,1.346153846153846,1.346153846153846,51.999807357788086,51.999807357788086,52.00004577636719,52.00004577636719,0.9999954150313611,0.9999954150313611,-0.1749999999992724,-0.1749999999992724,0.35500000000047294,0.35500000000047294,-0.1749999999992724,-0.1749999999992724,0.35500000000047294,0.35500000000047294,0.12727272727253486,0.12727272727253486,0.10070921985848248,0.10070921985848248,-0.07692307692307693,-0.07692307692307693,0.04950495049504951,0.04950495049504951,-0.07692307692307693,-0.07692307692307693,0.04950495049504951,0.04950495049504951,-0.12642802741812642,-0.12642802741812642,0.14814814814814814,0.14814814814814814,0.7037037037037037,0.7037037037037037,0.8529411764701161,0.8529411764701161,-0.49999999999732503,-0.49999999999732503,0.617647058823372,0.617647058823372,0.11811023622317918,0.11811023622317918
historical7d,PRIMARY,SELL,1789583356.946,1789583356.946,0.0,21.0,21.0,88.0,88.0,1.1931818181818181,1.1931818181818181,54.000020027160645,54.000020027160645,52.99973487854004,52.99973487854004,1.0188733991012024,1.0188733991012024,-0.6900000000005093,-0.6900000000005093,-0.9200000000000728,-0.9200000000000728,0.6900000000005093,0.6900000000005093,0.9200000000000728,0.9200000000000728,0.7582417582409235,0.7582417582409235,0.28840125391814314,0.28840125391814314,-0.3684210526315789,-0.3684210526315789,-0.023809523809523808,-0.023809523809523808,0.3684210526315789,0.3684210526315789,0.023809523809523808,0.023809523809523808,0.34461152882205515,0.34461152882205515,0.15,0.15,0.65,0.65,0.8571428571398874,0.8571428571398874,-0.11428571428549156,-0.11428571428549156,0.3142857142870507,0.3142857142870507,0.9004975124391796,0.9004975124391796
historical7d,MICRO,BUY,1789584430.963,1789584430.963,0.0,35.0,35.0,72.0,72.0,2.4305555555555554,2.4305555555555554,49.49986934661865,49.49986934661865,51.999807357788086,51.999807357788086,0.951924090911175,0.951924090911175,6.9399999999996,6.9399999999996,7.125,7.125,6.9399999999996,6.9399999999996,7.125,7.125,0.6628462273162021,0.6628462273162021,0.6071580741375427,0.6071580741375427,0.47058823529411764,0.47058823529411764,0.22857142857142856,0.22857142857142856,0.47058823529411764,0.47058823529411764,0.22857142857142856,0.22857142857142856,0.24201680672268908,0.24201680672268908,-0.029411764705882353,-0.029411764705882353,0.9117647058823529,0.9117647058823529,0.4411764705881566,0.4411764705881566,-0.2941176470605544,-0.2941176470605544,1.470588235297422,1.470588235297422,0.8335419274092661,0.8335419274092661
historical7d,MICRO,SELL,1789584568.385,1789584568.838,0.4530000686645508,21.0,21.0,117.0,116.0,0.8974358974358975,0.9051724137931034,50.499916076660156,52.00004577636719,51.999807357788086,51.999807357788086,0.9711558300436033,1.0000045849896608,0.15499999999974534,0.10499999999956344,-0.5650000000005093,-0.7650000000003274,-0.15499999999974534,-0.10499999999956344,0.5650000000005093,0.7650000000003274,0.28440366972568926,0.18260869565233898,0.14213836478011943,0.19391634981011735,0.0,-0.1,-0.043478260869565216,-0.10526315789473684,-0.0,0.1,0.043478260869565216,0.10526315789473684,-0.043478260869565216,-0.005263157894736831,0.35,0.45,0.25,0.25,0.8787878787879623,0.8787878787879623,0.09090909090833926,-0.030303030303698436,0.5757575757592461,0.5757575757592461,0.460317460318988,0.7777777777786332
historical7d,PRIMARY,SELL,1789586926.748,1789586926.748,0.0,23.0,23.0,76.0,76.0,1.5131578947368423,1.5131578947368423,50.50003528594971,50.50003528594971,92.00000762939453,92.00000762939453,0.548913381500793,0.548913381500793,0.23000000000047294,0.23000000000047294,0.11499999999978172,0.11499999999978172,-0.23000000000047294,-0.23000000000047294,-0.11499999999978172,-0.11499999999978172,0.3108108108119236,0.3108108108119236,0.04070796460170837,0.04070796460170837,0.2727272727272727,0.2727272727272727,0.06666666666666667,0.06666666666666667,-0.2727272727272727,-0.2727272727272727,-0.06666666666666667,-0.06666666666666667,-0.20606060606060606,-0.20606060606060606,0.3181818181818182,0.3181818181818182,0.4090909090909091,0.4090909090909091,0.7272727272722261,0.7272727272722261,-0.30303030303147227,-0.30303030303147227,0.636363636366643,0.636363636366643,-0.25301204819393286,-0.25301204819393286
historical7d,PRIMARY,BUY,1789592304.8969998,1789592304.8969998,0.0,23.0,23.0,90.0,90.0,1.2777777777777777,1.2777777777777777,52.49989032745361,52.49989032745361,51.999568939208984,51.999568939208984,1.0096216449184328,1.0096216449184328,0.22000000000025466,0.22000000000025466,2.069999999999709,2.069999999999709,0.22000000000025466,0.22000000000025466,2.069999999999709,2.069999999999709,0.4000000000003307,0.4000000000003307,0.6142433234415727,0.6142433234415727,0.047619047619047616,0.047619047619047616,0.3409090909090909,0.3409090909090909,0.047619047619047616,0.047619047619047616,0.3409090909090909,0.3409090909090909,-0.29329004329004327,-0.29329004329004327,-0.5,-0.5,0.3181818181818182,0.3181818181818182,0.7792207792193679,0.7792207792193679,-0.6233766233788016,-0.6233766233788016,0.7792207792217303,0.7792207792217303,0.9809069212414956,0.9809069212414956
historical7d,MICRO,SELL,1789592535.972,1789592535.972,0.0,39.0,39.0,186.0,186.0,1.0483870967741935,1.0483870967741935,50.499916076660156,50.499916076660156,50.00019073486328,50.00019073486328,1.009994468710065,1.009994468710065,-1.0300000000006548,-1.0300000000006548,-4.130000000000109,-4.130000000000109,1.0300000000006548,1.0300000000006548,4.130000000000109,4.130000000000109,0.187613843351675,0.187613843351675,0.129304946775238,0.129304946775238,-0.21052631578947367,-0.21052631578947367,-0.021739130434782608,-0.021739130434782608,0.21052631578947367,0.21052631578947367,0.021739130434782608,0.021739130434782608,0.18878718535469108,0.18878718535469108,0.15789473684210525,0.15789473684210525,0.7894736842105263,0.7894736842105263,0.42424242424213193,0.42424242424213193,-0.6363636363638869,-0.6363636363638869,0.9848484848495288,0.9848484848495288,0.7509607993852143,0.7509607993852143
historical7d,SECONDARY,BUY,1789592591.9859998,1789592591.9859998,0.0,33.0,33.0,165.0,165.0,1.0,1.0,51.49996280670166,51.49996280670166,51.000118255615234,51.000118255615234,1.0098008508251133,1.0098008508251133,1.4899999999997817,1.4899999999997817,5.260000000000218,5.260000000000218,1.4899999999997817,1.4899999999997817,5.260000000000218,5.260000000000218,0.2950495049504943,0.2950495049504943,0.18639262934094109,0.18639262934094109,0.0,0.0,0.037037037037037035,0.037037037037037035,0.0,0.0,0.037037037037037035,0.037037037037037035,-0.037037037037037035,-0.037037037037037035,-0.21875,-0.21875,0.71875,0.71875,0.42647058823505807,0.42647058823505807,-0.5882352941168603,-0.5882352941168603,2.3676470588220346,2.3676470588220346,1.0,1.0
historical7d,MICRO,SELL,1789592995.458,1789593002.968,7.509999990463257,27.0,36.0,152.0,158.0,0.8881578947368421,1.1392405063291138,52.500128746032715,49.99995231628418,51.999568939208984,51.000118255615234,1.0096262299291157,0.9803889486232528,0.0999999999994543,-0.6099999999996726,-2.3100000000004,-1.3449999999993452,-0.0999999999994543,0.6099999999996726,2.3100000000004,1.3449999999993452,0.07246376811554087,0.31606217616543686,0.21813031161474694,0.11194340407818645,-0.07692307692307693,-0.08571428571428572,-0.07482993197278912,-0.16339869281045752,0.07692307692307693,0.08571428571428572,0.07482993197278912,0.16339869281045752,0.002093144950287812,-0.0776844070961718,-0.07692307692307693,-0.05714285714285714,0.8461538461538461,0.8285714285714286,0.5999999999993179,0.6904761904759842,-0.7500000000002842,-0.3333333333340552,1.0499999999999432,0.9047619047620079,0.4951456310681498,0.9014778325119445
historical7d,PRIMARY,SELL,1789593033.9889998,1789593033.9889998,0.0,35.0,35.0,171.0,171.0,1.023391812865497,1.023391812865497,50.999999046325684,50.999999046325684,50.499916076660156,50.499916076660156,1.009902649519385,1.009902649519385,1.5,1.5,-1.6299999999991996,-1.6299999999991996,-1.5,-1.5,1.6299999999991996,1.6299999999991996,0.2868068833654242,0.2868068833654242,0.10174781523090856,0.10174781523090856,-0.11764705882352941,-0.11764705882352941,-0.08235294117647059,-0.08235294117647059,0.11764705882352941,0.11764705882352941,0.08235294117647059,0.08235294117647059,0.03529411764705882,0.03529411764705882,0.0,0.0,0.7058823529411765,0.7058823529411765,0.5454545454566125,0.5454545454566125,-0.5454545454545454,-0.5454545454545454,1.954545454546488,1.954545454546488,0.039487726787515665,0.039487726787515665
historical7d,MICRO,SELL,1789593074.971,1789593074.971,0.0,34.0,34.0,164.0,164.0,1.0365853658536586,1.0365853658536586,49.99995231628418,49.99995231628418,50.99987983703613,50.99987983703613,0.9803935318289553,0.9803935318289553,-1.660000000000764,-1.660000000000764,-5.635000000000218,-5.635000000000218,1.660000000000764,1.660000000000764,5.635000000000218,5.635000000000218,0.6014492753627463,0.6014492753627463,0.3806146572104559,0.3806146572104559,-0.375,-0.375,-0.1625,-0.1625,0.375,0.375,0.1625,0.1625,0.2125,0.2125,0.0,0.0,0.7575757575757576,0.7575757575757576,0.6511627906973301,0.6511627906973301,-0.5581395348855409,-0.5581395348855409,1.0000000000010576,1.0000000000010576,0.9172185430463696,0.9172185430463696
historical7d,MICRO,BUY,1789593637.477,1789593638.928,1.4509999752044678,38.0,37.0,173.0,175.0,1.0982658959537572,1.0571428571428572,49.99995231628418,51.49996280670166,50.499916076660156,50.00019073486328,0.9900997110645289,1.0299953270136757,0.9799999999995634,-0.7199999999993452,3.264999999999418,0.5500000000010914,0.9799999999995634,-0.7199999999993452,3.264999999999418,0.5500000000010914,0.30624999999979396,0.2834645669287786,0.25280681378236136,0.04537953795387562,0.13513513513513514,-0.16666666666666666,0.10465116279069768,0.034482758620689655,0.13513513513513514,-0.16666666666666666,0.10465116279069768,0.034482758620689655,0.030483972344437463,-0.2011494252873563,-0.13513513513513514,-0.027777777777777776,0.8648648648648649,0.9166666666666666,0.6829268292679139,0.6999999999984083,-0.24390243902536413,-0.40000000000136426,1.121951219512682,1.149999999998522,0.9496296296290692,0.10580204778200653
historical7d,MICRO,SELL,1789594268.4220002,1789594268.969,0.5469999313354492,36.0,36.0,184.0,182.0,0.9782608695652175,0.989010989010989,50.99987983703613,50.00019073486328,49.99995231628418,49.99995231628418,1.0199985694871612,1.0000047683761295,-0.42999999999938154,0.3599999999996726,-7.779999999999745,-6.114999999999782,0.42999999999938154,-0.3599999999996726,7.779999999999745,6.114999999999782,0.14381270902968527,0.12720848056505418,0.400824317362118,0.34095344298856733,-0.17647058823529413,0.0,-0.2849162011173184,-0.24293785310734464,0.17647058823529413,-0.0,0.2849162011173184,0.24293785310734464,-0.10844561288202428,-0.24293785310734464,-0.2,-0.17142857142857143,0.5714285714285714,0.5428571428571428,0.6086956521752884,0.5777777777784964,-0.3913043478247115,-0.5777777777764753,1.0217391304332784,1.0444444444434113,0.950721153846175,0.8153846153845785
historical7d,SECONDARY,SELL,1789594275.981,1789594275.981,0.0,38.0,38.0,185.0,185.0,1.027027027027027,1.027027027027027,50.99987983703613,50.99987983703613,50.499916076660156,50.499916076660156,1.0099002889354711,1.0099002889354711,-1.5399999999990541,-1.5399999999990541,-3.014999999999418,-3.014999999999418,1.5399999999990541,1.5399999999990541,3.014999999999418,3.014999999999418,0.38596491228083774,0.38596491228083774,0.16408163265314324,0.16408163265314324,-0.13513513513513514,-0.13513513513513514,-0.027624309392265192,-0.027624309392265192,0.13513513513513514,0.13513513513513514,0.027624309392265192,0.027624309392265192,0.10751082574286995,0.10751082574286995,0.05405405405405406,0.05405405405405406,0.8378378378378378,0.8378378378378378,0.29268292682910596,0.29268292682910596,-0.39024390243880797,-0.39024390243880797,1.48780487804851,1.48780487804851,1.0,1.0
historical7d,PRIMARY,SELL,1789594424.963,1789594424.963,0.0,37.0,37.0,191.0,191.0,0.9685863874345549,0.9685863874345549,50.00007152557373,50.00007152557373,50.00019073486328,50.00019073486328,0.9999976158233039,0.9999976158233039,0.1500000000005457,0.1500000000005457,-3.2349999999996726,-3.2349999999996726,-0.1500000000005457,-0.1500000000005457,3.2349999999996726,3.2349999999996726,0.025295109612244075,0.025295109612244075,0.07659524091393669,0.07659524091393669,-0.05555555555555555,-0.05555555555555555,-0.037037037037037035,-0.037037037037037035,0.05555555555555555,0.05555555555555555,0.037037037037037035,0.037037037037037035,0.018518518518518517,0.018518518518518517,0.1111111111111111,0.1111111111111111,0.6666666666666666,0.6666666666666666,0.4285714285705005,0.4285714285705005,-0.5714285714294994,-0.5714285714294994,2.9428571428584793,2.9428571428584793,0.4770819883795129,0.4770819883795129
historical7d,SECONDARY,BUY,1789594762.982,1789594762.982,0.0,33.0,33.0,173.0,173.0,0.9537572254335259,0.9537572254335259,50.00019073486328,50.00019073486328,50.499916076660156,50.499916076660156,0.990104432232357,0.990104432232357,0.6049999999995634,0.6049999999995634,2.375,2.375,0.6049999999995634,0.6049999999995634,2.375,2.375,0.2358674463938797,0.2358674463938797,0.15007898894157579,0.15007898894157579,0.22580645161290322,0.22580645161290322,0.13095238095238096,0.13095238095238096,0.22580645161290322,0.22580645161290322,0.13095238095238096,0.13095238095238096,0.09485407066052226,0.09485407066052226,-0.03125,-0.03125,0.90625,0.90625,0.44827586206783,0.44827586206783,-0.2586206896561457,-0.2586206896561457,1.1896551724163886,1.1896551724163886,1.0,1.0
historical7d,MICRO,BUY,1789594989.979,1789594989.979,0.0,32.0,32.0,159.0,159.0,1.0062893081761006,1.0062893081761006,50.00019073486328,50.00019073486328,50.99987983703613,50.99987983703613,0.98039820671407,0.98039820671407,0.6149999999997817,0.6149999999997817,1.730000000000473,1.730000000000473,0.6149999999997817,0.6149999999997817,1.730000000000473,1.730000000000473,0.3426183844016731,0.3426183844016731,0.16429249762590822,0.16429249762590822,0.3333333333333333,0.3333333333333333,0.05732484076433121,0.05732484076433121,0.3333333333333333,0.3333333333333333,0.05732484076433121,0.05732484076433121,0.2760084925690021,0.2760084925690021,0.03225806451612903,0.03225806451612903,0.8387096774193549,0.8387096774193549,0.6190476190480315,0.6190476190480315,-0.16666666666594485,-0.16666666666594485,1.2857142857139763,1.2857142857139763,0.9118644067795816,0.9118644067795816
historical7d,SECONDARY,SELL,1789595453.463,1789595461.966,8.503000020980835,35.0,37.0,175.0,174.0,1.0,1.0632183908045978,50.99987983703613,49.99995231628418,50.00019073486328,50.99964141845703,1.0199937057735222,0.98039811507751,-1.5600000000004002,-1.7399999999997817,-4.149999999999636,-4.190000000000509,1.5600000000004002,1.7399999999997817,4.149999999999636,4.190000000000509,0.5306122448984958,0.5353846153842485,0.268782383419625,0.28234501347705127,-0.3333333333333333,-0.3888888888888889,-0.18604651162790697,-0.20930232558139536,0.3333333333333333,0.3888888888888889,0.18604651162790697,0.20930232558139536,0.14728682170542634,0.17958656330749354,0.0,0.08333333333333333,0.8235294117647058,0.75,0.5999999999986357,0.7341772151898152,-0.35000000000034104,-0.2025316455694454,1.299999999999318,1.1898734177222186,0.9812909260990877,0.8859060402687977
historical7d,MICRO,SELL,1789595453.463,1789595454.966,1.503000020980835,35.0,37.0,175.0,181.0,1.0,1.022099447513812,50.99987983703613,50.499916076660156,50.00019073486328,50.00019073486328,1.0199937057735222,1.009994468710065,-1.5600000000004002,-1.1350000000002183,-4.149999999999636,-5.394999999999527,1.5600000000004002,1.1350000000002183,4.149999999999636,5.394999999999527,0.5306122448984958,0.33931240657711226,0.268782383419625,0.33750390991536955,-0.3333333333333333,-0.3142857142857143,-0.18604651162790697,-0.2247191011235955,0.3333333333333333,0.3142857142857143,0.18604651162790697,0.2247191011235955,0.14728682170542634,0.08956661316211878,0.0,-0.1111111111111111,0.8235294117647058,0.7777777777777778,0.5999999999986357,0.6500000000011369,-0.35000000000034104,-0.4250000000005684,1.299999999999318,1.2500000000011369,0.9812909260990877,0.8497011101623799
historical7d,MICRO,SELL,1789595618.9529998,1789595609.952,9.000999927520752,36.0,37.0,185.0,189.0,0.972972972972973,0.978835978835979,50.00019073486328,51.000118255615234,49.99995231628418,50.99964141845703,1.0000047683761295,1.0000093498139386,0.9099999999998545,-0.3149999999995998,-2.75,-1.7600000000002183,-0.9099999999998545,0.3149999999995998,2.75,1.7600000000002183,0.2684365781708065,0.10413223140474498,0.15051997810613646,0.11013767209010424,-0.02857142857142857,0.0,-0.0273224043715847,-0.12299465240641712,0.02857142857142857,-0.0,0.0273224043715847,0.12299465240641712,0.001249024199843872,-0.12299465240641712,-0.02857142857142857,0.05555555555555555,0.7428571428571429,0.6111111111111112,0.6136363636366455,0.6041666666659956,-0.545454545453418,-0.5624999999984605,1.181818181815739,0.9583333333324648,0.22643343051507692,0.35645472061613004
historical7d,MICRO,BUY,1789596891.473,1789596893.973,2.5,33.0,28.0,161.0,157.0,1.0248447204968942,0.89171974522293,50.999999046325684,50.00019073486328,50.99987983703613,50.99987983703613,1.0000023374425573,0.98039820671407,2.5799999999999272,0.5800000000008367,0.6300000000001091,0.5450000000000728,2.5799999999999272,0.5800000000008367,0.6300000000001091,0.5450000000000728,0.779456193354429,0.308510638298001,0.04945054945056945,0.0419392073874656,0.41935483870967744,0.1111111111111111,0.0641025641025641,0.025974025974025976,0.41935483870967744,0.1111111111111111,0.0641025641025641,0.025974025974025976,0.35525227460711334,0.08513708513708512,-0.15625,-0.2962962962962963,0.84375,0.7037037037037037,0.4102564102556927,0.4285714285699437,-0.6153846153835391,-0.11428571428549156,1.3076923076917695,1.4857142857139887,1.0,1.0
historical7d,PRIMARY,SELL,1789597139.999,1789597139.999,0.0,36.0,36.0,145.0,145.0,1.2413793103448276,1.2413793103448276,51.000118255615234,51.000118255615234,51.999807357788086,51.999807357788086,0.980775138352063,0.980775138352063,-0.42999999999938154,-0.42999999999938154,-2.719999999999345,-2.719999999999345,0.42999999999938154,0.42999999999938154,2.719999999999345,2.719999999999345,0.2097560975606553,0.2097560975606553,0.2674532940019959,0.2674532940019959,-0.11764705882352941,-0.11764705882352941,-0.25874125874125875,-0.25874125874125875,0.11764705882352941,0.11764705882352941,0.25874125874125875,0.25874125874125875,-0.14109419991772934,-0.14109419991772934,0.0,0.0,0.7142857142857143,0.7142857142857143,0.9666666666688899,0.9666666666688899,-1.200000000001819,-1.200000000001819,1.8000000000042442,1.8000000000042442,0.9575856443716034,0.9575856443716034
historical7d,MICRO,SELL,1789597171.978,1789597171.978,0.0,31.0,31.0,159.0,159.0,0.9748427672955975,0.9748427672955975,50.50003528594971,50.50003528594971,50.999999046325684,50.999999046325684,0.9901967888289206,0.9901967888289206,0.20499999999992724,0.20499999999992724,-0.8249999999998181,-0.8249999999998181,-0.20499999999992724,-0.20499999999992724,0.8249999999998181,0.8249999999998181,0.13015873015877416,0.13015873015877416,0.06994489190334921,0.06994489190334921,0.1724137931034483,0.1724137931034483,-0.05732484076433121,-0.05732484076433121,-0.1724137931034483,-0.1724137931034483,0.05732484076433121,0.05732484076433121,-0.22973863386777948,-0.22973863386777948,0.06666666666666667,0.06666666666666667,0.4666666666666667,0.4666666666666667,0.6279069767461044,0.6279069767461044,-0.7674418604639358,-0.7674418604639358,1.3023255813960375,1.3023255813960375,-0.1367924528301785,-0.1367924528301785
historical7d,PRIMARY,SELL,1789598203.407,1789598203.9580002,0.5510001182556152,32.0,31.0,173.0,170.0,0.9248554913294798,0.9117647058823529,50.99964141845703,52.00004577636719,50.499916076660156,50.99964141845703,1.009895567767643,1.019615909643398,-0.7849999999998545,-0.9050000000006548,-2.6450000000004366,-2.845000000001164,0.7849999999998545,0.9050000000006548,2.6450000000004366,2.845000000001164,0.550877192981229,0.5276967930026928,0.2703117015841059,0.2907511497190268,-0.6,-0.7241379310344828,-0.35714285714285715,-0.3696969696969697,0.6,0.7241379310344828,0.35714285714285715,0.3696969696969697,0.24285714285714283,0.35444096133751307,-0.3225806451612903,-0.26666666666666666,0.4838709677419355,0.5333333333333333,0.7727272727267089,0.7826086956509705,-0.136363636362321,-0.0434782608745511,2.863636363633545,2.6956521739216397,1.0,0.938671209540563
historical7d,MICRO,SELL,1789598207.8579998,1789598208.907,1.0490002632141113,34.0,32.0,165.0,164.0,1.0303030303030303,0.9756097560975611,49.99995231628418,50.00019073486328,50.99987983703613,50.99964141845703,0.9803935318289553,0.9804027899844793,-0.5250000000005457,-0.03999999999996362,-1.7000000000007276,-1.4549999999999272,0.5250000000005457,0.03999999999996362,1.7000000000007276,1.4549999999999272,0.25301204819239087,0.021978021977972554,0.17119838872099014,0.14299754299744383,-0.3939393939393939,-0.4838709677419355,-0.42857142857142855,-0.4409937888198758,0.3939393939393939,0.4838709677419355,0.42857142857142855,0.4409937888198758,-0.034632034632034625,0.04287717892205972,-0.09090909090909091,-0.06451612903225806,0.7272727272727273,0.6129032258064516,0.5789473684205487,1.0,-0.3684210526356099,-0.5555555555566783,3.1578947368506713,2.9444444444382687,0.8655913978495045,0.6534090909096576
historical7d,MICRO,BUY,1789599010.995,1789599010.995,0.0,31.0,31.0,170.0,170.0,0.9117647058823529,0.9117647058823529,50.00007152557373,50.00007152557373,50.99964141845703,50.99964141845703,0.9804004525309946,0.9804004525309946,0.020000000000436557,0.020000000000436557,3.0450000000000728,3.0450000000000728,0.020000000000436557,0.020000000000436557,3.0450000000000728,3.0450000000000728,0.011904761905006809,0.011904761905006809,0.25449226911818723,0.25449226911818723,0.034482758620689655,0.034482758620689655,0.03614457831325301,0.03614457831325301,0.034482758620689655,0.034482758620689655,0.03614457831325301,0.03614457831325301,-0.0016618196925633558,-0.0016618196925633558,-0.13333333333333333,-0.13333333333333333,0.6666666666666666,0.6666666666666666,1.0399999999971867,1.0399999999971867,0.053333333332007495,0.053333333332007495,1.1733333333332687,1.1733333333332687,0.9247648902821906,0.9247648902821906
historical7d,MICRO,BUY,1789614642.982,1789614642.982,0.0,8.0,8.0,45.0,45.0,0.8888888888888888,0.8888888888888888,151.99995040893555,151.99995040893555,100.49998760223389,100.49998760223389,1.5124375040774327,1.5124375040774327,-0.050000000001091394,-0.050000000001091394,0.15499999999974534,0.15499999999974534,-0.050000000001091394,-0.050000000001091394,0.15499999999974534,0.15499999999974534,0.12195121951544138,0.12195121951544138,0.059500959692748163,0.059500959692748163,-0.14285714285714285,-0.14285714285714285,0.0,0.0,-0.14285714285714285,-0.14285714285714285,0.0,0.0,-0.14285714285714285,-0.14285714285714285,-0.14285714285714285,-0.14285714285714285,0.2857142857142857,0.2857142857142857,0.5853658536604303,0.5853658536604303,-0.2926829268268877,-0.2926829268268877,0.7073170731686758,0.7073170731686758,-0.02857142857202255,-0.02857142857202255
historical7d,SECONDARY,BUY,1789617600.971,1789617600.971,0.0,33.0,33.0,107.0,107.0,1.5420560747663552,1.5420560747663552,50.50003528594971,50.50003528594971,52.00004577636719,52.00004577636719,0.9711536698088985,0.9711536698088985,3.1200000000008004,3.1200000000008004,3.1049999999995634,3.1049999999995634,3.1200000000008004,3.1200000000008004,3.1049999999995634,3.1049999999995634,0.4837209302327641,0.4837209302327641,0.2404181184668489,0.2404181184668489,0.375,0.375,0.018867924528301886,0.018867924528301886,0.375,0.375,0.018867924528301886,0.018867924528301886,0.3561320754716981,0.3561320754716981,0.125,0.125,0.75,0.75,0.5333333333330639,0.5333333333330639,-0.6666666666673403,-0.6666666666673403,0.7999999999995958,0.7999999999995958,0.9362380446335223,0.9362380446335223
historical7d,MICRO,BUY,1789617634.951,1789617634.951,0.0,28.0,28.0,135.0,135.0,1.037037037037037,1.037037037037037,52.00004577636719,52.00004577636719,51.000118255615234,51.000118255615234,1.019606376513487,1.019606376513487,1.0750000000007276,1.0750000000007276,3.860000000000582,3.860000000000582,1.0750000000007276,1.0750000000007276,3.860000000000582,3.860000000000582,0.5180722891577038,0.5180722891577038,0.25378040762670534,0.25378040762670534,0.3333333333333333,0.3333333333333333,0.16417910447761194,0.16417910447761194,0.3333333333333333,0.3333333333333333,0.16417910447761194,0.16417910447761194,0.16915422885572137,0.16915422885572137,0.4444444444444444,0.4444444444444444,0.4074074074074074,0.4074074074074074,0.47916666666528507,0.47916666666528507,-0.6458333333335307,-0.6458333333335307,0.7500000000004737,0.7500000000004737,1.0,1.0
historical7d,PRIMARY,BUY,1789618080.499,1789618080.996,0.49699997901916504,10.0,11.0,82.0,80.0,0.6097560975609757,0.6875,245.99981307983398,175.5000352859497,93.99986267089844,96.9998836517334,2.6170231114177303,1.8092808844602517,-0.0749999999998181,0.4250000000001819,-1.3800000000001091,-0.8649999999997817,-0.0749999999998181,0.4250000000001819,-1.3800000000001091,-0.8649999999997817,0.15463917525688134,0.5782312925175118,0.339901477832658,0.20186697782976556,-0.5555555555555556,-0.2,-0.5555555555555556,-0.4936708860759494,-0.5555555555555556,-0.2,-0.5555555555555556,-0.4936708860759494,0.0,0.2936708860759494,-0.3333333333333333,-0.4,0.2222222222222222,0.4,0.27777777777904095,0.5000000000006688,-0.4166666666660351,-0.7352941176477276,1.1944444444463391,1.0588235294144397,-0.806853582553758,-0.33956386292772756
historical7d,PRIMARY,BUY,1789618633.982,1789618633.982,0.0,12.0,12.0,76.0,76.0,0.7894736842105263,0.7894736842105263,101.99999809265137,101.99999809265137,51.999807357788086,51.999807357788086,1.9615456917144651,1.9615456917144651,0.09000000000014552,0.09000000000014552,0.9849999999996726,0.9849999999996726,0.09000000000014552,0.09000000000014552,0.9849999999996726,0.9849999999996726,0.16981132075536454,0.16981132075536454,0.18291550603530765,0.18291550603530765,0.45454545454545453,0.45454545454545453,0.22666666666666666,0.22666666666666666,0.45454545454545453,0.45454545454545453,0.22666666666666666,0.22666666666666666,0.22787878787878788,0.22787878787878788,0.18181818181818182,0.18181818181818182,0.45454545454545453,0.45454545454545453,0.5454545454545454,0.5454545454545454,-0.2272727272737608,-0.2272727272737608,0.6818181818192154,0.6818181818192154,0.8992805755400108,0.8992805755400108
historical7d,PRIMARY,SELL,1789623087.402,1789623093.972,6.569999933242798,5.0,15.0,81.0,56.0,0.308641975308642,1.3392857142857144,174.4999885559082,74.50008392333984,52.00016498565674,52.99973487854004,3.355758363536745,1.4056689923840628,0.010000000000218279,-0.0750000000007276,0.4750000000003638,-0.5850000000009459,-0.010000000000218279,0.0750000000007276,-0.4750000000003638,0.5850000000009459,0.058823529413023525,0.08771929824650981,0.12855209742900334,0.25161290322613455,0.0,-0.14285714285714285,0.05,-0.16363636363636364,-0.0,0.14285714285714285,-0.05,0.16363636363636364,0.05,-0.020779220779220786,-0.5,-0.21428571428571427,0.5,0.6428571428571429,0.7435897435890261,0.3076923076921283,-0.10256410256392318,-0.6923076923067056,0.6666666666666666,0.9487179487203107,-0.009708737864283501,0.3863636363647873
historical7d,PRIMARY,BUY,1789635294.824,1789635295.977,1.1530001163482666,17.0,20.0,55.0,62.0,1.5454545454545454,1.6129032258064515,50.00019073486328,55.00006675720215,98.49989414215088,97.99981117248535,0.507616695127663,0.561226252368985,-0.06999999999970896,0.03999999999996362,-0.3999999999996362,-0.25,-0.06999999999970896,0.03999999999996362,-0.3999999999996362,-0.25,0.08749999999931787,0.07142857142845542,0.19138755980775876,0.11210762331804182,-0.3333333333333333,-0.17647058823529413,-0.19230769230769232,-0.1724137931034483,-0.3333333333333333,-0.17647058823529413,-0.19230769230769232,-0.1724137931034483,-0.141025641025641,-0.004056795131845842,0.0,-0.15789473684210525,0.5,0.42105263157894735,1.0,0.9259259259259883,-0.6666666666632982,0.0,0.6666666666632982,0.740740740740117,-0.89655172413566,-0.32203389830482343
historical7d,MICRO,SELL,1789636602.408,1789636602.907,0.49900007247924805,6.0,9.0,47.0,51.0,0.6382978723404255,0.8823529411764707,51.000118255615234,76.49993896484375,100.49998760223389,101.49979591369629,0.5074639258411373,0.7536954954066161,-0.20499999999992724,-0.020000000000436557,-0.7650000000003274,-0.6449999999995271,0.20499999999992724,0.020000000000436557,0.7650000000003274,0.6449999999995271,0.694915254241155,0.05714285714404505,0.47663551401875515,0.3739130434777107,0.2,0.75,-0.09090909090909091,0.0,-0.2,-0.75,0.09090909090909091,-0.0,-0.2909090909090909,-0.75,0.2,0.125,0.4,0.375,1.037037037034417,0.9629629629622144,0.25925925925776216,-0.07407407407220269,0.25925925925776216,0.33333333332996484,0.888888888890885,0.5925925925924262
historical7d,SECONDARY,BUY,1789640119.977,1789640119.977,0.0,11.0,11.0,42.0,42.0,1.3095238095238095,1.3095238095238095,100.00002384185791,100.00002384185791,145.99990844726562,145.99990844726562,0.6849320996524966,0.6849320996524966,0.7349999999996726,0.7349999999996726,0.8549999999995634,0.8549999999995634,0.7349999999996726,0.7349999999996726,0.8549999999995634,0.8549999999995634,0.8400000000004989,0.8400000000004989,0.35849056603752,0.35849056603752,0.4,0.4,0.024390243902439025,0.024390243902439025,0.4,0.4,0.024390243902439025,0.024390243902439025,0.375609756097561,0.375609756097561,0.1,0.1,0.7,0.7,0.8928571428579549,0.8928571428579549,0.035714285715097764,0.035714285715097764,0.5714285714285714,0.5714285714285714,1.0,1.0
historical7d,MICRO,BUY,1789640146.371,1789640154.983,8.611999988555908,22.0,13.0,73.0,63.0,1.5068493150684932,1.0317460317460319,52.00004577636719,100.99983215332031,52.500009536743164,54.99982833862305,0.990476882484639,1.8363663161180133,0.5349999999998545,0.22999999999956344,1.125,0.6749999999992724,0.5349999999998545,0.22999999999956344,1.125,0.6749999999992724,0.6184971098265775,0.5348837209311179,0.2941176470591872,0.24324324324349128,0.5,0.5,0.014084507042253521,0.11475409836065574,0.5,0.5,0.014084507042253521,0.11475409836065574,0.4859154929577465,0.38524590163934425,-0.14285714285714285,-0.16666666666666666,0.5714285714285714,0.8333333333333334,0.8518518518550956,0.7333333333337375,-0.11111111111036255,-0.3999999999993937,0.629629629631002,0.6000000000006064,1.0,0.708860759493875
historical7d,PRIMARY,SELL,1789643496.452,1789643496.9,0.4480001926422119,12.0,15.0,30.0,30.0,2.0,2.5,97.99981117248535,98.49989414215088,150.00009536743164,101.99975967407227,0.6533316591061534,0.9656875119793931,-0.2250000000003638,-0.2250000000003638,-0.32999999999992724,-0.3500000000003638,0.2250000000003638,0.2250000000003638,0.32999999999992724,0.3500000000003638,0.5421686746985311,0.48387096774256644,0.3837209302305906,0.40229885057391956,0.09090909090909091,0.0,-0.034482758620689655,-0.10344827586206896,-0.09090909090909091,-0.0,0.034482758620689655,0.10344827586206896,-0.12539184952978055,-0.10344827586206896,0.8181818181818182,0.8571428571428571,0.18181818181818182,0.14285714285714285,0.5901639344266206,0.6206896551734953,-0.3606557377035004,-0.3793103448265048,0.6557377049168107,0.6896551724132524,0.5730337078646174,0.5730337078646174
historical7d,PRIMARY,SELL,1789644738.46,1789644739.96,1.5,9.0,7.0,82.0,80.0,0.5487804878048781,0.4375,102.4998426437378,275.4998207092285,52.00028419494629,52.00028419494629,1.9711400472249605,5.298044519841361,0.1750000000001819,-0.030000000000654836,-1.175000000000182,-1.2400000000006912,-0.1750000000001819,0.030000000000654836,1.175000000000182,1.2400000000006912,0.42168674698842706,0.1250000000018948,0.23198420533075512,0.2465208747515518,0.0,0.0,0.025,-0.02564102564102564,-0.0,-0.0,-0.025,0.02564102564102564,0.025,-0.02564102564102564,-0.25,0.5,0.75,0.5,0.7142857142858999,0.6285714285731362,-0.31428571428486046,-0.28571428571317203,0.7999999999994802,0.8857142857142115,0.06183368869956374,0.062098501071239265
historical7d,PRIMARY,SELL,1789648231.488,1789648231.537,0.04900002479553223,30.0,31.0,94.0,94.0,1.5957446808510638,1.6489361702127658,51.000118255615234,50.999999046325684,52.99997329711914,52.99997329711914,0.9622668669983535,0.962264617765342,-1.0850000000000364,-1.1249999999990905,-1.2849999999998545,-1.2399999999997817,1.0850000000000364,1.1249999999990905,1.2849999999998545,1.2399999999997817,0.5636363636368619,0.5725190839697554,0.30486358244426637,0.2973621103123416,-0.35714285714285715,-0.3793103448275862,-0.18681318681318682,-0.18681318681318682,0.35714285714285715,0.3793103448275862,0.18681318681318682,0.18681318681318682,0.17032967032967034,0.19249715801439937,-0.3103448275862069,-0.3,0.6206896551724138,0.6333333333333333,0.9199999999982538,1.1599999999998545,-0.4400000000023283,-0.2000000000007276,1.0800000000017462,0.8400000000001455,0.9120879120886443,0.9706959706953263
historical7d,BURST,BUY,1789654187.951,1789654187.951,0.0,30.0,30.0,102.0,102.0,1.4705882352941178,1.4705882352941178,49.99995231628418,49.99995231628418,52.00004577636719,52.00004577636719,0.9615366980889851,0.9615366980889851,1.7200000000011642,1.7200000000011642,1.8800000000010186,1.8800000000010186,1.7200000000011642,1.7200000000011642,1.8800000000010186,1.8800000000010186,0.6718749999996336,0.6718749999996336,0.26780626780604927,0.26780626780604927,0.3793103448275862,0.3793103448275862,0.2857142857142857,0.2857142857142857,0.3793103448275862,0.3793103448275862,0.2857142857142857,0.2857142857142857,0.09359605911330049,0.09359605911330049,0.3448275862068966,0.3448275862068966,0.5172413793103449,0.5172413793103449,0.617647058823372,0.617647058823372,0.2941176470597676,0.2941176470597676,0.9411764705869765,0.9411764705869765,0.9160493827168967,0.9160493827168967
historical7d,MICRO,SELL,1789654359.42,1789654359.968,0.5479998588562012,13.0,17.0,51.0,53.0,1.2745098039215688,1.6037735849056605,99.99990463256836,75.99997520446777,96.50003910064697,96.000075340271,1.0362680219048526,0.7916657870849254,-0.6550000000006548,-0.7000000000007276,-0.3850000000002183,-0.4650000000001455,0.6550000000006548,0.7000000000007276,0.3850000000002183,0.4650000000001455,0.9849624060174232,0.8045977011512037,0.15187376725869542,0.17647058823557837,-0.8333333333333334,-0.25,-0.16,-0.07692307692307693,0.8333333333333334,0.25,0.16,0.07692307692307693,0.6733333333333333,0.17307692307692307,0.25,0.4375,0.75,0.5625,0.8461538461541153,0.7916666666657193,-0.3461538461541152,-0.16666666666666666,0.6538461538458847,0.8333333333371229,1.0,0.8578199052152558
historical7d,PRIMARY,BUY,1789656821.38,1789656821.9299998,0.5499997138977051,22.0,19.0,71.0,71.0,1.5492957746478875,1.3380281690140845,51.000118255615234,51.49996280670166,50.99987983703613,50.999999046325684,1.0000046748851148,1.0098032111710793,0.6450000000004366,0.3849999999993088,1.8200000000006185,1.980000000000473,0.6450000000004366,0.3849999999993088,1.8200000000006185,1.980000000000473,0.6,0.4666666666649028,0.46666666666675993,0.4817518248176717,0.3333333333333333,0.2222222222222222,0.08571428571428572,0.14285714285714285,0.3333333333333333,0.2222222222222222,0.08571428571428572,0.14285714285714285,0.2476190476190476,0.07936507936507936,0.3333333333333333,0.3333333333333333,0.38095238095238093,0.3333333333333333,0.8888888888866432,1.0000000000033684,-0.4074074074089045,-0.03703703703454185,0.8888888888900117,0.7777777777792749,1.0,1.0
historical7d,PRIMARY,BUY,1789658183.969,1789658183.969,0.0,23.0,23.0,106.0,106.0,1.0849056603773586,1.0849056603773586,51.999688148498535,51.999688148498535,52.00004577636719,52.00004577636719,0.9999931225470418,0.9999931225470418,0.34499999999934516,0.34499999999934516,1.7749999999996362,1.7749999999996362,0.34499999999934516,0.34499999999934516,1.7749999999996362,1.7749999999996362,0.29361702127622025,0.29361702127622025,0.3377735490008168,0.3377735490008168,0.23809523809523808,0.23809523809523808,0.13725490196078433,0.13725490196078433,0.23809523809523808,0.23809523809523808,0.13725490196078433,0.13725490196078433,0.10084033613445376,0.10084033613445376,0.045454545454545456,0.045454545454545456,0.5909090909090909,0.5909090909090909,0.710526315788025,0.710526315788025,-0.1842105263173641,-0.1842105263173641,0.6315789473676653,0.6315789473676653,0.8597402597400463,0.8597402597400463
historical7d,MICRO,BUY,1789658385.9910002,1789658385.9910002,0.0,13.0,13.0,85.0,85.0,0.7647058823529411,0.7647058823529411,97.9999303817749,97.9999303817749,56.999921798706055,56.999921798706055,1.7192993830387953,1.7192993830387953,0.4150000000008731,0.4150000000008731,1.4450000000006185,1.4450000000006185,0.4150000000008731,0.4150000000008731,1.4450000000006185,1.4450000000006185,0.954022988504882,0.954022988504882,0.3910690121783366,0.3910690121783366,0.8333333333333334,0.8333333333333334,0.1,0.1,0.8333333333333334,0.8333333333333334,0.1,0.1,0.7333333333333334,0.7333333333333334,0.08333333333333333,0.08333333333333333,0.75,0.75,0.8285714285726165,0.8285714285726165,-0.028571428572096772,-0.028571428572096772,0.6000000000010394,0.6000000000010394,1.0,1.0
historical7d,MICRO,BUY,1789658877.499,1789658877.599,0.09999990463256836,18.0,17.0,102.0,101.0,0.8823529411764707,0.8415841584158417,51.000118255615234,100.49986839294434,53.999900817871094,53.999900817871094,0.944448369037317,1.8611120922593292,0.1999999999998181,0.21999999999934516,0.9099999999998545,0.8250000000007276,0.1999999999998181,0.21999999999934516,0.9099999999998545,0.8250000000007276,0.3174603174608903,0.35483870967694614,0.2058823529409707,0.1925320886814598,0.4117647058823529,0.625,0.12871287128712872,0.14,0.4117647058823529,0.625,0.12871287128712872,0.14,0.2830518345952242,0.485,-0.058823529411764705,0.125,0.23529411764705882,0.25,0.6750000000001706,0.6500000000011369,-0.3499999999980673,-0.3,0.649999999999659,0.6750000000017053,0.819999999999709,0.81318681318689
historical7d,MICRO,SELL,1789659075.4380002,1789659073.9889998,1.449000358581543,15.0,16.0,68.0,66.0,1.1029411764705883,1.2121212121212122,96.50015830993652,100.00014305114746,105.00001907348633,105.00001907348633,0.9190489598139882,0.9523821417704733,-0.7249999999994543,-0.9050000000006548,-2.8299999999999272,-1.6300000000010186,0.7249999999994543,0.9050000000006548,2.8299999999999272,1.6300000000010186,0.8682634730532008,0.7154150197647214,0.4249249249248072,0.22893258426978025,0.0,-0.3333333333333333,-0.16417910447761194,-0.13846153846153847,-0.0,0.3333333333333333,0.16417910447761194,0.13846153846153847,-0.16417910447761194,0.19487179487179485,0.2857142857142857,0.13333333333333333,0.2857142857142857,0.6,0.6222222222212791,0.4468085106389978,-0.4222222222210769,-0.5319148936177623,0.533333333334546,0.6595744680868768,0.9776357827471165,1.0
historical7d,MICRO,SELL,1789659163.1980002,1789659164.844,1.6459999084472656,15.0,14.0,67.0,70.0,1.1194029850746268,1.0,76.00009441375732,101.99999809265137,99.50006008148193,99.99990463256836,0.7638195831391441,1.020000953675226,-0.34500000000025466,0.019999999999527063,-2.2600000000002183,-2.4000000000005457,0.34500000000025466,-0.019999999999527063,2.2600000000002183,2.4000000000005457,0.22475570032605327,0.017857142856751333,0.34138972809657464,0.332871012482737,-0.2857142857142857,-0.07692307692307693,0.0,-0.043478260869565216,0.2857142857142857,0.07692307692307693,-0.0,0.043478260869565216,0.2857142857142857,0.03344481605351171,0.21428571428571427,-0.3076923076923077,0.5,0.38461538461538464,0.478260869563756,0.5714285714285714,-0.6304347826105439,-0.21978021977883594,0.6304347826105439,0.5494505494500882,1.0,0.8548094373867077
historical7d,SECONDARY,SELL,1789659334.932,1789659334.932,0.0,25.0,25.0,88.0,88.0,1.4204545454545454,1.4204545454545454,51.99992656707764,51.99992656707764,52.00004577636719,52.00004577636719,0.9999977075156806,0.9999977075156806,-1.0850000000000364,-1.0850000000000364,-2.2950000000000728,-2.2950000000000728,1.0850000000000364,1.0850000000000364,2.2950000000000728,2.2950000000000728,0.5695538057749173,0.5695538057749173,0.4191780821919055,0.4191780821919055,-0.08333333333333333,-0.08333333333333333,-0.11627906976744186,-0.11627906976744186,0.08333333333333333,0.08333333333333333,0.11627906976744186,0.11627906976744186,-0.03294573643410853,-0.03294573643410853,0.2916666666666667,0.2916666666666667,0.4583333333333333,0.4583333333333333,0.7826086956538932,0.7826086956538932,-0.2608695652179644,-0.2608695652179644,0.7246376811572044,0.7246376811572044,0.9915254237286306,0.9915254237286306
historical7d,PRIMARY,BUY,1789659697.811,1789659699.912,2.1009998321533203,12.0,13.0,80.0,76.0,0.75,0.8552631578947368,96.9998836517334,50.50015449523926,95.00002861022949,95.00002861022949,1.0210510993602855,0.5315804135431751,0.22000000000025466,0.3600000000005821,1.305000000000291,1.605000000000473,0.22000000000025466,0.3600000000005821,1.305000000000291,1.605000000000473,0.6285714285698695,0.5000000000025264,0.3024333719580618,0.3676975945019216,0.6363636363636364,0.3333333333333333,0.4936708860759494,0.52,0.6363636363636364,0.3333333333333333,0.4936708860759494,0.52,0.14269275028768696,-0.1866666666666667,0.6363636363636364,0.4166666666666667,0.36363636363636365,0.4166666666666667,0.7333333333348492,0.8852459016382688,-0.6666666666666666,0.26229508196413337,0.8333333333340912,0.6557377049207703,1.0,0.9855421686752586
historical7d,MICRO,BUY,1789660200.981,1789660200.981,0.0,21.0,21.0,82.0,82.0,1.2804878048780488,1.2804878048780488,53.50005626678467,53.50005626678467,96.9998836517334,96.9998836517334,0.5515476333855233,0.5515476333855233,0.8449999999993452,0.8449999999993452,0.9049999999988358,0.9049999999988358,0.8449999999993452,0.8449999999993452,0.9049999999988358,0.9049999999988358,0.7647058823564271,0.7647058823564271,0.286846275752841,0.286846275752841,0.3,0.3,0.012345679012345678,0.012345679012345678,0.3,0.3,0.012345679012345678,0.012345679012345678,0.2876543209876543,0.2876543209876543,0.05,0.05,0.45,0.45,0.9354838709664169,0.9354838709664169,-0.0967741935474407,-0.0967741935474407,0.6129032258073034,0.6129032258073034,1.0,1.0
historical7d,SECONDARY,SELL,1789660804.4899998,1789660804.987,0.49700021743774414,36.0,37.0,150.0,156.0,1.2,1.185897435897436,50.00019073486328,50.00007152557373,50.99964141845703,50.99964141845703,0.9804027899844793,0.9804004525309946,-3.7000000000007276,-2.914999999999054,-6.789999999999964,-6.569999999999709,3.7000000000007276,2.914999999999054,6.789999999999964,6.569999999999709,0.5597579425117153,0.45869394177814143,0.420693928128909,0.3869257950530378,-0.2571428571428571,-0.2222222222222222,-0.10810810810810811,-0.07792207792207792,0.2571428571428571,0.2222222222222222,0.10810810810810811,0.07792207792207792,0.149034749034749,0.1443001443001443,0.22857142857142856,0.1388888888888889,0.7714285714285715,0.75,0.5312499999992006,0.7187500000021316,0.24999999999928946,-0.21874999999928946,1.0624999999984013,0.875,0.8874218207088918,0.8600706713778801
historical7d,PRIMARY,SELL,1789660805.488,1789660805.988,0.5,36.0,36.0,159.0,166.0,1.1320754716981132,1.0843373493975903,50.00019073486328,50.00019073486328,50.00019073486328,50.00019073486328,1.0,1.0,-1.7150000000001455,-0.8549999999995634,-6.270000000000437,-6.2150000000001455,1.7150000000001455,0.8549999999995634,6.270000000000437,6.2150000000001455,0.28559533721895997,0.17502558853623854,0.3526434195726011,0.33786354987771744,-0.02857142857142857,0.14285714285714285,-0.09554140127388536,-0.08536585365853659,0.02857142857142857,-0.14285714285714285,0.09554140127388536,0.08536585365853659,-0.06696997270245679,-0.22822299651567945,0.22857142857142856,0.08571428571428572,0.6571428571428571,0.6857142857142857,0.7187500000021316,0.29032258064525596,0.21875000000213163,-0.6129032258043695,0.875,1.3548387096759051,0.8019943019943973,0.770655270655202
historical7d,SECONDARY,SELL,1789661412.966,1789661412.966,0.0,24.0,24.0,99.0,99.0,1.2121212121212122,1.2121212121212122,51.999807357788086,51.999807357788086,52.00004577636719,52.00004577636719,0.9999954150313611,0.9999954150313611,-0.6899999999995998,-0.6899999999995998,-1.0700000000006185,-1.0700000000006185,0.6899999999995998,0.6899999999995998,1.0700000000006185,1.0700000000006185,0.6272727272716374,0.6272727272716374,0.23210412147483855,0.23210412147483855,-0.21739130434782608,-0.21739130434782608,-0.04081632653061224,-0.04081632653061224,0.21739130434782608,0.21739130434782608,0.04081632653061224,0.04081632653061224,0.17657497781721385,0.17657497781721385,-0.08695652173913043,-0.08695652173913043,0.5652173913043478,0.5652173913043478,0.8064516129045508,0.8064516129045508,0.06451612903083846,0.06451612903083846,0.6451612903230538,0.6451612903230538,1.0,1.0
historical7d,PRIMARY,BUY,1789661749.9420002,1789661749.9420002,0.0,29.0,29.0,143.0,143.0,1.013986013986014,1.013986013986014,50.999999046325684,50.999999046325684,50.999999046325684,50.999999046325684,1.0,1.0,-0.9349999999994907,-0.9349999999994907,0.44500000000061846,0.44500000000061846,-0.9349999999994907,-0.9349999999994907,0.44500000000061846,0.44500000000061846,0.6012861736337038,0.6012861736337038,0.06108442004119799,0.06108442004119799,-0.21428571428571427,-0.21428571428571427,-0.05714285714285714,-0.05714285714285714,-0.21428571428571427,-0.21428571428571427,-0.05714285714285714,-0.05714285714285714,-0.15714285714285714,-0.15714285714285714,-0.42857142857142855,-0.42857142857142855,0.35714285714285715,0.35714285714285715,0.7777777777777778,0.7777777777777778,-0.41666666666856145,-0.41666666666856145,0.5000000000012632,0.5000000000012632,-0.2651757188491496,-0.2651757188491496
historical7d,MICRO,BUY,1789661776.924,1789661776.924,0.0,19.0,19.0,104.0,104.0,0.9134615384615384,0.9134615384615384,100.00002384185791,100.00002384185791,52.00004577636719,52.00004577636719,1.9230756886622895,1.9230756886622895,-0.08500000000003638,-0.08500000000003638,0.3249999999998181,0.3249999999998181,-0.08500000000003638,-0.08500000000003638,0.3249999999998181,0.3249999999998181,0.08133971291861865,0.08133971291861865,0.060577819198446604,0.060577819198446604,-0.2222222222222222,-0.2222222222222222,0.0392156862745098,0.0392156862745098,-0.2222222222222222,-0.2222222222222222,0.0392156862745098,0.0392156862745098,-0.261437908496732,-0.261437908496732,-0.3888888888888889,-0.3888888888888889,0.5,0.5,0.7297297297311248,0.7297297297311248,-0.1891891891884584,-0.1891891891884584,0.6216216216206251,0.6216216216206251,0.519650655022271,0.519650655022271
historical7d,SECONDARY,SELL,1789662996.479,1789662996.978,0.49899983406066895,27.0,28.0,108.0,112.0,1.25,1.25,52.99997329711914,52.99997329711914,54.000139236450195,53.999900817871094,0.9814784562878323,0.9814827896791056,-3.405000000000655,-2.7100000000000364,-4.230000000000473,-3.6500000000005457,3.405000000000655,2.7100000000000364,4.230000000000473,3.6500000000005457,0.8438661710042906,0.6035634743876875,0.588317107092837,0.4517326732671441,-0.3076923076923077,-0.18518518518518517,-0.13725490196078433,-0.07547169811320754,0.3076923076923077,0.18518518518518517,0.13725490196078433,0.07547169811320754,0.17043740573152338,0.10971348707197763,0.3076923076923077,0.1111111111111111,0.6153846153846154,0.7407407407407407,0.5833333333352281,1.0833333333352282,-0.37499999999715783,0.41666666666856145,1.3333333333333333,0.8333333333333334,1.0,0.7681159420288264
historical7d,PRIMARY,SELL,1789663504.984,1789663504.984,0.0,35.0,35.0,150.0,150.0,1.1666666666666667,1.1666666666666667,49.99983310699463,49.99983310699463,50.99987983703613,50.99987983703613,0.980391194386398,0.980391194386398,-1.7199999999993452,-1.7199999999993452,-2.2849999999998545,-2.2849999999998545,1.7199999999993452,1.7199999999993452,2.2849999999998545,2.2849999999998545,0.6187050359708417,0.6187050359708417,0.24662709120355047,0.24662709120355047,-0.375,-0.375,-0.1292517006802721,-0.1292517006802721,0.375,0.375,0.1292517006802721,0.1292517006802721,0.2457482993197279,0.2457482993197279,0.17647058823529413,0.17647058823529413,0.7647058823529411,0.7647058823529411,0.7435897435930922,0.7435897435930922,-0.25641025640923987,-0.25641025640923987,0.5128205128184797,0.5128205128184797,0.972891566265014,0.972891566265014
historical7d,PRIMARY,BUY,1789664819.497,1789664822.995,3.497999906539917,32.0,30.0,128.0,133.0,1.25,1.1278195488721805,51.000118255615234,50.99964141845703,52.00004577636719,51.99992656707764,0.980770641528812,0.9807637199769834,0.215000000001055,0.19499999999970896,1.6900000000005093,1.8149999999995998,0.215000000001055,0.19499999999970896,1.6900000000005093,1.8149999999995998,0.26380368098184154,0.17972350230342124,0.26040061633283396,0.282930631332432,0.16129032258064516,-0.034482758620689655,0.031746031746031744,0.007633587786259542,0.16129032258064516,-0.034482758620689655,0.031746031746031744,0.007633587786259542,0.1295442908346134,-0.042116346406949196,-0.3225806451612903,-0.034482758620689655,0.3548387096774194,0.5517241379310345,0.9062499999994227,1.0,0.1562500000004885,-0.20588235294345808,0.656249999999778,0.47058823529742205,1.0,0.7938596491222734
historical7d,MICRO,BUY,1789664822.995,1789664822.995,0.0,30.0,30.0,133.0,133.0,1.1278195488721805,1.1278195488721805,50.99964141845703,50.99964141845703,51.99992656707764,51.99992656707764,0.9807637199769834,0.9807637199769834,0.19499999999970896,0.19499999999970896,1.8149999999995998,1.8149999999995998,0.19499999999970896,0.19499999999970896,1.8149999999995998,1.8149999999995998,0.17972350230342124,0.17972350230342124,0.282930631332432,0.282930631332432,-0.034482758620689655,-0.034482758620689655,0.007633587786259542,0.007633587786259542,-0.034482758620689655,-0.034482758620689655,0.007633587786259542,0.007633587786259542,-0.042116346406949196,-0.042116346406949196,-0.034482758620689655,-0.034482758620689655,0.5517241379310345,0.5517241379310345,1.0,1.0,-0.20588235294345808,-0.20588235294345808,0.47058823529742205,0.47058823529742205,0.7938596491222734,0.7938596491222734
historical7d,MICRO,SELL,1789665094.939,1789665094.939,0.0,28.0,28.0,113.0,113.0,1.238938053097345,1.238938053097345,51.999568939208984,51.999568939208984,52.99997329711914,52.99997329711914,0.9811244365671306,0.9811244365671306,-0.3599999999987631,-0.3599999999987631,-2.1049999999995634,-2.1049999999995634,0.3599999999987631,0.3599999999987631,2.1049999999995634,2.1049999999995634,0.33962264150901306,0.33962264150901306,0.361373390557707,0.361373390557707,-0.1111111111111111,-0.1111111111111111,-0.13513513513513514,-0.13513513513513514,0.1111111111111111,0.1111111111111111,0.13513513513513514,0.13513513513513514,-0.024024024024024038,-0.024024024024024038,0.037037037037037035,0.037037037037037035,0.7407407407407407,0.7407407407407407,1.0000000000028422,1.0000000000028422,0.06250000000142109,0.06250000000142109,0.37499999999715783,0.37499999999715783,1.0,1.0
historical7d,PRIMARY,SELL,1789666760.28,1789666760.825,0.5450000762939453,25.0,23.0,85.0,87.0,1.4705882352941178,1.3218390804597702,52.00004577636719,52.00004577636719,53.49993705749512,52.99997329711914,0.9719646159673789,0.9811334334991768,-0.37999999999919964,0.07999999999992724,-0.8400000000001455,-0.7600000000002183,0.37999999999919964,-0.07999999999992724,0.8400000000001455,0.7600000000002183,0.23456790123422136,0.1111111111111111,0.2033898305081909,0.1831325301202295,0.16666666666666666,0.09090909090909091,-0.07317073170731707,-0.047619047619047616,-0.16666666666666666,-0.09090909090909091,0.07317073170731707,0.047619047619047616,-0.2398373983739837,-0.13852813852813853,0.041666666666666664,0.0,0.5416666666666666,0.45454545454545453,0.9333333333319186,0.8333333333353544,0.13333333333313122,0.2666666666670709,0.3999999999993937,0.5,0.5280898876396993,0.4906367041196461
historical7d,PRIMARY,SELL,1789668684.972,1789668684.972,0.0,15.0,15.0,84.0,84.0,0.8928571428571428,0.8928571428571428,99.49994087219238,99.49994087219238,54.99982833862305,54.99982833862305,1.8090954804366108,1.8090954804366108,-0.3000000000001819,-0.3000000000001819,-0.13999999999941792,-0.13999999999941792,0.3000000000001819,0.3000000000001819,0.13999999999941792,0.13999999999941792,0.5454545454564997,0.5454545454564997,0.04242424242409878,0.04242424242409878,-0.42857142857142855,-0.42857142857142855,0.03614457831325301,0.03614457831325301,0.42857142857142855,0.42857142857142855,-0.03614457831325301,-0.03614457831325301,0.46471600688468157,0.46471600688468157,-0.21428571428571427,-0.21428571428571427,0.5,0.5,0.8169014084531219,0.8169014084531219,0.05633802817024094,0.05633802817024094,0.5070422535167967,0.5070422535167967,0.969849246232295,0.969849246232295
historical7d,PRIMARY,BUY,1789670449.961,1789670449.961,0.0,15.0,15.0,62.0,62.0,1.2096774193548387,1.2096774193548387,75.5000114440918,75.5000114440918,99.00021553039551,99.00021553039551,0.7626247179321689,0.7626247179321689,-0.010000000000218279,-0.010000000000218279,0.22999999999956344,0.22999999999956344,-0.010000000000218279,-0.010000000000218279,0.22999999999956344,0.22999999999956344,0.011111111111358134,0.011111111111358134,0.10222222222219347,0.10222222222219347,-0.14285714285714285,-0.14285714285714285,0.06666666666666667,0.06666666666666667,-0.14285714285714285,-0.14285714285714285,0.06666666666666667,0.06666666666666667,-0.2095238095238095,-0.2095238095238095,0.14285714285714285,0.14285714285714285,0.5714285714285714,0.5714285714285714,0.954545454544515,0.954545454544515,-0.09090909091097003,-0.09090909091097003,0.590909090908903,0.590909090908903,0.4206896551718773,0.4206896551718773
historical7d,PRIMARY,BUY,1789671602.393,1789671602.992,0.5990002155303955,30.0,31.0,83.0,87.0,1.8072289156626504,1.781609195402299,50.99987983703613,50.999999046325684,51.000118255615234,51.000118255615234,0.9999953251367397,0.9999976625683699,0.625,0.5649999999995998,0.6700000000000728,0.625,0.625,0.5649999999995998,0.6700000000000728,0.625,0.29976019184690983,0.3219373219370739,0.1599045346062726,0.1399776035834791,0.25925925925925924,0.21428571428571427,0.08860759493670886,0.10843373493975904,0.25925925925925924,0.21428571428571427,0.08860759493670886,0.10843373493975904,0.17065166432255038,0.10585197934595524,-0.27586206896551724,-0.13333333333333333,0.7241379310344828,0.6,1.0740740740758208,1.0370370370379103,0.11111111111036255,-0.11111111111036255,0.7037037037034541,0.7407407407413645,0.5480769230775369,0.23076923076815437
historical7d,PRIMARY,SELL,1789673571.864,1789673571.864,0.0,4.0,4.0,69.0,69.0,0.2898550724637681,0.2898550724637681,52.00028419494629,52.00028419494629,58.00008773803711,58.00008773803711,0.8965552678094298,0.8965552678094298,0.024999999999636202,0.024999999999636202,-0.6149999999997817,-0.6149999999997817,-0.024999999999636202,-0.024999999999636202,0.6149999999997817,0.6149999999997817,0.384615384606774,0.384615384606774,0.22323049001798706,0.22323049001798706,0.3333333333333333,0.3333333333333333,-0.13432835820895522,-0.13432835820895522,-0.3333333333333333,-0.3333333333333333,0.13432835820895522,0.13432835820895522,-0.46766169154228854,-0.46766169154228854,-0.3333333333333333,-0.3333333333333333,0.6666666666666666,0.6666666666666666,0.9166666666685614,0.9166666666685614,0.04166666666761406,0.04166666666761406,1.0,1.0,0.3666666666667341,0.3666666666667341
historical7d,PRIMARY,SELL,1789681108.4099998,1789681108.9580002,0.5480003356933594,17.0,14.0,55.0,49.0,1.5454545454545454,1.4285714285714284,76.5000581741333,100.99983215332031,100.00014305114746,149.00004863739014,0.7649994874007882,0.677851001237696,-0.27000000000043656,-0.2000000000007276,-0.7300000000004729,-0.6700000000000728,0.27000000000043656,0.2000000000007276,0.7300000000004729,0.6700000000000728,0.6136363636366455,0.7142857142866423,0.36868686868735817,0.5677966101694132,-0.6,-0.6923076923076923,-0.5,-0.5217391304347826,0.6,0.6923076923076923,0.5,0.5217391304347826,0.09999999999999998,0.1705685618729097,-0.125,0.0,0.5,0.38461538461538464,1.0799999999981083,0.8799999999973807,-0.08000000000174623,-0.2400000000016007,0.32000000000334694,0.5200000000040745,0.9597315436257178,1.0
historical7d,SECONDARY,SELL,1789684082.9740002,1789684082.9740002,0.0,28.0,28.0,87.0,87.0,1.6091954022988506,1.6091954022988506,51.000118255615234,51.000118255615234,54.49986457824707,54.49986457824707,0.9357843115810472,0.9357843115810472,-1.3300000000008367,-1.3300000000008367,-2.324999999999818,-2.324999999999818,1.3300000000008367,1.3300000000008367,2.324999999999818,2.324999999999818,0.6244131455397337,0.6244131455397337,0.5070883315141593,0.5070883315141593,-0.4074074074074074,-0.4074074074074074,-0.19047619047619047,-0.19047619047619047,0.4074074074074074,0.4074074074074074,0.19047619047619047,0.19047619047619047,0.21693121693121692,0.21693121693121692,0.037037037037037035,0.037037037037037035,0.5925925925925926,0.5925925925925926,0.7727272727267089,0.7727272727267089,-0.09090909090683597,-0.09090909090683597,1.318181818180127,1.318181818180127,1.0,1.0
historical7d,PRIMARY,SELL,1789706581.792,1789706581.792,0.0,19.0,19.0,36.0,36.0,2.638888888888889,2.638888888888889,53.00009250640869,53.00009250640869,101.99999809265137,101.99999809265137,0.5196087597792525,0.5196087597792525,-0.39500000000043656,-0.39500000000043656,-0.8500000000003638,-0.8500000000003638,0.39500000000043656,0.39500000000043656,0.8500000000003638,0.8500000000003638,0.30038022813751325,0.30038022813751325,0.3441295546566158,0.3441295546566158,-0.2222222222222222,-0.2222222222222222,-0.37142857142857144,-0.37142857142857144,0.2222222222222222,0.2222222222222222,0.37142857142857144,0.37142857142857144,-0.14920634920634923,-0.14920634920634923,0.16666666666666666,0.16666666666666666,0.6111111111111112,0.6111111111111112,0.578947368419163,0.578947368419163,-0.3421052631580837,-0.3421052631580837,0.7894736842131717,0.7894736842131717,0.7171717171728307,0.7171717171728307
historical7d,PRIMARY,SELL,1789712211.0449998,1789712211.0449998,0.0,5.0,5.0,31.0,31.0,0.8064516129032258,0.8064516129032258,226.99987888336182,226.99987888336182,175.5000352859497,175.5000352859497,1.2934463432642689,1.2934463432642689,-0.09499999999934516,-0.09499999999934516,-0.009999999999308784,-0.009999999999308784,0.09499999999934516,0.09499999999934516,0.009999999999308784,0.009999999999308784,1.0,1.0,0.006451612902786675,0.006451612902786675,-1.0,-1.0,-0.26666666666666666,-0.26666666666666666,1.0,1.0,0.26666666666666666,0.26666666666666666,0.7333333333333334,0.7333333333333334,-1.0,-1.0,0.0,0.0,0.564102564104059,0.564102564104059,-0.4871794871791882,-0.4871794871791882,0.6923076923075129,0.6923076923075129,0.9285714285698818,0.9285714285698818
historical7d,BURST,BUY,1789713296.6780002,1789713296.6780002,0.0,14.0,14.0,57.0,57.0,1.2280701754385965,1.2280701754385965,52.99997329711914,52.99997329711914,77.00002193450928,77.00002193450928,0.688311145446129,0.688311145446129,0.5249999999996362,0.5249999999996362,1.9549999999999272,1.9549999999999272,0.5249999999996362,0.5249999999996362,1.9549999999999272,1.9549999999999272,0.8015267175581211,0.8015267175581211,0.720073664826428,0.720073664826428,0.23076923076923078,0.23076923076923078,0.23636363636363636,0.23636363636363636,0.23076923076923078,0.23076923076923078,0.23636363636363636,0.23636363636363636,-0.005594405594405577,-0.005594405594405577,0.5384615384615384,0.5384615384615384,0.3076923076923077,0.3076923076923077,0.64864864864825,0.64864864864825,-0.5675675675678333,-0.5675675675678333,0.7027027027034999,0.7027027027034999,1.0,1.0
historical7d,PRIMARY,BUY,1789713750.544,1789713750.544,0.0,9.0,9.0,35.0,35.0,1.2857142857142858,1.2857142857142858,101.99999809265137,101.99999809265137,125.49996376037598,125.49996376037598,0.8127492234771128,0.8127492234771128,-0.09999999999854481,-0.09999999999854481,-0.1749999999992724,-0.1749999999992724,-0.09999999999854481,-0.09999999999854481,-0.1749999999992724,-0.1749999999992724,0.6249999999914735,0.6249999999914735,0.12195121951157678,0.12195121951157678,-0.5,-0.5,-0.11764705882352941,-0.11764705882352941,-0.5,-0.5,-0.11764705882352941,-0.11764705882352941,-0.38235294117647056,-0.38235294117647056,-0.25,-0.25,0.0,0.0,0.8285714285704634,0.8285714285704634,-0.28571428571502816,-0.28571428571502816,0.4857142857139887,0.4857142857139887,-1.0,-1.0
historical7d,PRIMARY,BUY,1789721882.816,1789721883.617,0.8010001182556152,16.0,16.0,34.0,32.0,2.3529411764705883,2.5,55.9999942779541,55.9999942779541,100.00014305114746,98.9999771118164,0.5599991416943431,0.5656566386344152,0.02999999999974534,0.014999999999417923,0.44500000000061846,0.3249999999998181,0.02999999999974534,0.014999999999417923,0.44500000000061846,0.3249999999998181,0.024590163934175697,0.012658227847576642,0.20843091334912572,0.16209476309202273,-0.3333333333333333,-0.3333333333333333,-0.2727272727272727,-0.2903225806451613,-0.3333333333333333,-0.3333333333333333,-0.2727272727272727,-0.2903225806451613,-0.06060606060606061,-0.043010752688172005,-0.06666666666666667,-0.3333333333333333,0.5333333333333333,0.5333333333333333,0.8771929824551886,0.7586206896561457,-0.14035087719270253,-0.2413793103438543,0.8771929824551886,0.9655172413785533,0.1948051948046119,0.13333333333139308
historical7d,SECONDARY,BUY,1789722363.998,1789722363.998,0.0,19.0,19.0,98.0,98.0,0.9693877551020408,0.9693877551020408,96.000075340271,96.000075340271,55.9999942779541,55.9999942779541,1.714287234812522,1.714287234812522,0.9750000000003638,0.9750000000003638,2.7550000000010186,2.7550000000010186,0.9750000000003638,0.9750000000003638,2.7550000000010186,2.7550000000010186,0.7471264367806799,0.7471264367806799,0.4001452432825277,0.4001452432825277,0.3333333333333333,0.3333333333333333,-0.010309278350515464,-0.010309278350515464,0.3333333333333333,0.3333333333333333,-0.010309278350515464,-0.010309278350515464,0.3436426116838488,0.3436426116838488,-0.3333333333333333,-0.3333333333333333,0.5555555555555556,0.5555555555555556,0.3278688524569144,0.3278688524569144,-0.42622950819667244,-0.42622950819667244,1.2459016393434312,1.2459016393434312,1.0,1.0
historical7d,BURST,SELL,1789722959.244,1789722960.643,1.3989999294281006,10.0,8.0,48.0,50.0,1.0416666666666667,0.8,151.0000228881836,100.00014305114746,142.0001983642578,101.99975967407227,1.063378957407084,0.9803958692715127,-0.07000000000061846,-0.11499999999978172,-0.8300000000008367,-0.7799999999997453,0.07000000000061846,0.11499999999978172,0.8300000000008367,0.7799999999997453,0.2258064516119568,0.5609756097552319,0.41919191919108634,0.3959390862935046,-0.3333333333333333,-0.42857142857142855,-0.2765957446808511,-0.2653061224489796,0.3333333333333333,0.42857142857142855,0.2765957446808511,0.2653061224489796,0.05673758865248224,0.16326530612244894,0.5555555555555556,0.7142857142857143,0.2222222222222222,0.0,0.9142857142863082,1.2222222222227836,-0.11428571428318997,-0.1666666666708773,1.3142857142852689,0.9444444444480936,0.9468085106371656,1.0
historical7d,PRIMARY,BUY,1789723385.334,1789723385.334,0.0,10.0,10.0,55.0,55.0,0.9090909090909091,0.9090909090909091,97.99981117248535,97.99981117248535,97.99981117248535,97.99981117248535,1.0,1.0,0.03999999999996362,0.03999999999996362,0.14499999999952706,0.14499999999952706,0.03999999999996362,0.03999999999996362,0.14499999999952706,0.14499999999952706,0.16666666666729826,0.16666666666729826,0.05906313645608657,0.05906313645608657,0.3333333333333333,0.3333333333333333,0.09433962264150944,0.09433962264150944,0.3333333333333333,0.3333333333333333,0.09433962264150944,0.09433962264150944,0.23899371069182387,0.23899371069182387,-0.6666666666666666,-0.6666666666666666,0.3333333333333333,0.3333333333333333,0.5102040816328803,0.5102040816328803,-0.40816326530593305,-0.40816326530593305,0.7142857142849188,0.7142857142849188,0.9007092198559785,0.9007092198559785
historical7d,BURST,SELL,1789728974.4169998,1789728974.961,0.5440001487731934,23.0,23.0,59.0,64.0,1.9491525423728813,1.796875,76.99990272521973,94.49994564056396,97.49984741210938,97.99981117248535,0.7897438280057906,0.9642870175967847,-0.5150000000003274,-0.07000000000061846,-1.2400000000006912,-1.1250000000009095,0.5150000000003274,0.07000000000061846,1.2400000000006912,1.1250000000009095,0.5282051282057596,0.08536585365941578,0.5232067510547666,0.44204322200411605,-0.6363636363636364,-0.36363636363636365,-0.5789473684210527,-0.5161290322580645,0.6363636363636364,0.36363636363636365,0.5789473684210527,0.5161290322580645,0.0574162679425837,-0.15249266862170086,-0.3181818181818182,-0.36363636363636365,0.5909090909090909,0.5454545454545454,1.0,1.1627906976760911,-0.31818181818557645,-0.6511627907001338,0.7727272727340375,0.6511627907001338,0.7588652482269778,0.5957446808514892
historical7d,PRIMARY,SELL,1789730727.814,1789730727.814,0.0,13.0,13.0,61.0,61.0,1.0655737704918034,1.0655737704918034,121.99997901916504,121.99997901916504,99.49994087219238,99.49994087219238,1.2261311710312868,1.2261311710312868,-0.19499999999970896,-0.19499999999970896,-0.3600000000005821,-0.3600000000005821,0.19499999999970896,0.19499999999970896,0.3600000000005821,0.3600000000005821,0.6393442622897046,0.6393442622897046,0.16143497757863629,0.16143497757863629,-0.16666666666666666,-0.16666666666666666,-0.1864406779661017,-0.1864406779661017,0.16666666666666666,0.16666666666666666,0.1864406779661017,0.1864406779661017,-0.01977401129943504,-0.01977401129943504,0.8333333333333334,0.8333333333333334,0.16666666666666666,0.16666666666666666,0.9090909090916608,0.9090909090916608,-0.1515151515129801,-0.1515151515129801,0.39393939393981153,0.39393939393981153,1.0,1.0
historical7d,PRIMARY,SELL,1789735360.477,1789735360.577,0.09999990463256836,16.0,17.0,56.0,56.0,1.4285714285714286,1.517857142857143,51.000118255615234,52.00004577636719,53.00021171569824,53.00021171569824,0.9622625382930198,0.9811290199236163,0.11000000000058208,0.09500000000025466,-0.8949999999995271,-0.9450000000006185,-0.11000000000058208,-0.09500000000025466,0.8949999999995271,0.9450000000006185,0.22916666666808774,0.19191919191974868,0.35445544554429054,0.3772455089822664,0.06666666666666667,0.0,-0.09433962264150944,-0.1320754716981132,-0.06666666666666667,-0.0,0.09433962264150944,0.1320754716981132,-0.16100628930817612,-0.1320754716981132,-0.3333333333333333,-0.3125,0.5333333333333333,0.5625,0.8928571428579549,0.9285714285730526,-0.14285714285714285,-0.10714285714204509,0.750000000000812,0.7142857142857143,0.7904761904751181,0.8190476190471654
historical7d,PRIMARY,SELL,1789742547.998,1789742547.998,0.0,5.0,5.0,47.0,47.0,0.5319148936170213,0.5319148936170213,502.9999017715454,502.9999017715454,99.99990463256836,99.99990463256836,5.030003814700904,5.030003814700904,-0.010000000000218279,-0.010000000000218279,-0.3249999999989086,-0.3249999999989086,0.010000000000218279,0.010000000000218279,0.3249999999989086,0.3249999999989086,0.11111111111335678,0.11111111111335678,0.1851851851848397,0.1851851851848397,-0.5,-0.5,-0.391304347826087,-0.391304347826087,0.5,0.5,0.391304347826087,0.391304347826087,0.10869565217391303,0.10869565217391303,0.5,0.5,0.5,0.5,0.9166666666672982,0.9166666666672982,0.05555555555429237,0.05555555555429237,0.5555555555555556,0.5555555555555556,0.9677419354831611,0.9677419354831611
historical7d,PRIMARY,SELL,1789743963.4339998,1789743963.9420002,0.508000373840332,35.0,33.0,148.0,149.0,1.1824324324324325,1.1073825503355705,49.99995231628418,50.00007152557373,50.99987983703613,50.99987983703613,0.9803935318289553,0.9803958692715127,-0.8250000000007276,-0.8000000000010914,-1.2400000000006912,-1.3950000000004366,0.8250000000007276,0.8000000000010914,1.2400000000006912,1.3950000000004366,0.6626506024088288,0.6956521739131123,0.2105263157894493,0.24239791485652612,-0.35294117647058826,-0.4375,-0.2191780821917808,-0.22448979591836735,0.35294117647058826,0.4375,0.2191780821917808,0.22448979591836735,0.13376309427880745,0.21301020408163265,0.38235294117647056,0.40625,0.5588235294117647,0.59375,0.8627450980413837,0.7999999999992724,-0.3529411764680706,-0.31999999999970896,1.0588235294149118,1.1600000000034925,1.0,1.0
historical7d,BURST,SELL,1789743967.948,1789743964.941,3.006999969482422,31.0,34.0,155.0,157.0,1.0,1.0828025477707006,51.000118255615234,50.00019073486328,50.00019073486328,50.00019073486328,1.0199984741269146,1.0,-0.08499999999912689,-0.2749999999996362,-1.1749999999992724,-1.0249999999996362,0.08499999999912689,0.2749999999996362,1.1749999999992724,1.0249999999996362,0.07296137338975381,0.22633744855866655,0.1976450798988412,0.16817063166505705,-0.13333333333333333,-0.3939393939393939,-0.22875816993464052,-0.2129032258064516,0.13333333333333333,0.3939393939393939,0.22875816993464052,0.2129032258064516,-0.09542483660130718,0.18103616813294232,0.5333333333333333,0.2727272727272727,0.4,0.6060606060606061,0.8400000000001455,0.8333333333301753,-0.3599999999969441,-0.12500000000236847,1.1200000000026193,1.2083333333334911,0.7573964497030944,0.9118644067789922
historical7d,SECONDARY,SELL,1789744804.983,1789744804.983,0.0,27.0,27.0,101.0,101.0,1.3366336633663367,1.3366336633663367,51.999807357788086,51.999807357788086,52.00004577636719,52.00004577636719,0.9999954150313611,0.9999954150313611,-0.694999999999709,-0.694999999999709,-2.1149999999997817,-2.1149999999997817,0.694999999999709,0.694999999999709,2.1149999999997817,2.1149999999997817,0.35732647814833574,0.35732647814833574,0.3740053050394653,0.3740053050394653,-0.46153846153846156,-0.46153846153846156,-0.34,-0.34,0.46153846153846156,0.46153846153846156,0.34,0.34,0.12153846153846154,0.12153846153846154,-0.23076923076923078,-0.23076923076923078,0.6923076923076923,0.6923076923076923,0.9666666666688899,0.9666666666688899,-0.10000000000242532,-0.10000000000242532,0.8000000000012126,0.8000000000012126,0.9999999999991399,0.9999999999991399
historical7d,BURST,SELL,1789744809.4899998,1789744809.936,0.446000337600708,25.0,25.0,134.0,136.0,0.9328358208955224,0.9191176470588236,51.99992656707764,51.49984359741211,51.999807357788086,51.999807357788086,1.0000022924948304,0.9903852766812011,-0.7299999999995634,-0.6300000000001091,-2.4350000000004,-2.5100000000002183,0.7299999999995634,0.6300000000001091,2.4350000000004,2.5100000000002183,0.776595744678463,0.6847826086963936,0.28496196606209934,0.28883774453401573,-0.6666666666666666,-0.5833333333333334,-0.41353383458646614,-0.4074074074074074,0.6666666666666666,0.5833333333333334,0.41353383458646614,0.4074074074074074,0.2531328320802005,0.17592592592592599,0.0,0.041666666666666664,0.5833333333333334,0.4583333333333333,0.7142857142878024,0.8214285714277594,3.2481953634724227e-12,0.14285714285389467,1.1785714285670783,1.0714285714301954,1.0,0.9802761341225739
historical7d,MICRO,SELL,1789744843.99,1789744843.99,0.0,15.0,15.0,96.0,96.0,0.78125,0.78125,75.00004768371582,75.00004768371582,52.99997329711914,52.99997329711914,1.4150959522802724,1.4150959522802724,0.125,0.125,-0.9099999999998545,-0.9099999999998545,-0.125,-0.125,0.9099999999998545,0.9099999999998545,0.14619883040943138,0.14619883040943138,0.21615201900247896,0.21615201900247896,0.14285714285714285,0.14285714285714285,-0.28421052631578947,-0.28421052631578947,-0.14285714285714285,-0.14285714285714285,0.28421052631578947,0.28421052631578947,-0.4270676691729323,-0.4270676691729323,0.14285714285714285,0.14285714285714285,0.8571428571428571,0.8571428571428571,0.9599999999991269,0.9599999999991269,0.040000000000873115,0.040000000000873115,0.9200000000018917,0.9200000000018917,0.6706827309237828,0.6706827309237828
historical7d,BURST,SELL,1789745006.2140002,1789745007.815,1.6009998321533203,29.0,19.0,92.0,96.0,1.5760869565217392,0.9895833333333334,50.99987983703613,51.50008201599121,52.99997329711914,52.00004577636719,0.9622623685323305,0.990385320764406,-0.2649999999994179,-0.3500000000003638,-2.0749999999989086,-2.365000000000691,0.2649999999994179,0.3500000000003638,2.0749999999989086,2.365000000000691,0.31360946745720075,0.614035087724169,0.45355191256853633,0.5203520352041847,-0.4074074074074074,-0.5555555555555556,-0.28735632183908044,-0.34782608695652173,0.4074074074074074,0.5555555555555556,0.28735632183908044,0.34782608695652173,0.12005108556832694,0.20772946859903385,0.17857142857142858,-0.1111111111111111,0.8214285714285714,0.5555555555555556,0.9818181818161373,0.7142857142857143,0.18181818181547588,-0.21428571428409018,1.0545454545449735,1.2857142857142858,1.0,0.9915789473697658
historical7d,SECONDARY,SELL,1789745230.877,1789745230.877,0.0,28.0,28.0,116.0,116.0,1.206896551724138,1.206896551724138,51.000118255615234,51.000118255615234,52.99997329711914,52.99997329711914,0.9622668669983535,0.9622668669983535,-0.944999999999709,-0.944999999999709,-1.8800000000001091,-1.8800000000001091,0.944999999999709,0.944999999999709,1.8800000000001091,1.8800000000001091,0.6539792387550788,0.6539792387550788,0.32695652173951145,0.32695652173951145,-0.5555555555555556,-0.5555555555555556,-0.2807017543859649,-0.2807017543859649,0.5555555555555556,0.5555555555555556,0.2807017543859649,0.2807017543859649,0.2748538011695907,0.2748538011695907,-0.25925925925925924,-0.25925925925925924,0.7407407407407407,0.7407407407407407,0.8571428571440945,0.8571428571440945,-0.22222222222125979,-0.22222222222125979,0.8571428571412073,0.8571428571412073,1.0,1.0
historical7d,BURST,SELL,1789745230.877,1789745230.877,0.0,28.0,28.0,116.0,116.0,1.206896551724138,1.206896551724138,51.000118255615234,51.000118255615234,52.99997329711914,52.99997329711914,0.9622668669983535,0.9622668669983535,-0.944999999999709,-0.944999999999709,-1.8800000000001091,-1.8800000000001091,0.944999999999709,0.944999999999709,1.8800000000001091,1.8800000000001091,0.6539792387550788,0.6539792387550788,0.32695652173951145,0.32695652173951145,-0.5555555555555556,-0.5555555555555556,-0.2807017543859649,-0.2807017543859649,0.5555555555555556,0.5555555555555556,0.2807017543859649,0.2807017543859649,0.2748538011695907,0.2748538011695907,-0.25925925925925924,-0.25925925925925924,0.7407407407407407,0.7407407407407407,0.8571428571440945,0.8571428571440945,-0.22222222222125979,-0.22222222222125979,0.8571428571412073,0.8571428571412073,1.0,1.0
historical7d,PRIMARY,SELL,1789745356.959,1789745356.959,0.0,24.0,24.0,99.0,99.0,1.2121212121212122,1.2121212121212122,51.000118255615234,51.000118255615234,52.00004577636719,52.00004577636719,0.980770641528812,0.980770641528812,-0.2600000000002183,-0.2600000000002183,-0.8450000000011642,-0.8450000000011642,0.2600000000002183,0.2600000000002183,0.8450000000011642,0.8450000000011642,0.23214285714326316,0.23214285714326316,0.16950852557700577,0.16950852557700577,-0.4782608695652174,-0.4782608695652174,-0.30526315789473685,-0.30526315789473685,0.4782608695652174,0.4782608695652174,0.30526315789473685,0.30526315789473685,0.17299771167048056,0.17299771167048056,-0.08695652173913043,-0.08695652173913043,0.7391304347826086,0.7391304347826086,0.7999999999987873,0.7999999999987873,-0.4000000000024253,-0.4000000000024253,0.9666666666659592,0.9666666666659592,0.2472324723251691,0.2472324723251691
historical7d,MICRO,BUY,1789745476.022,1789745476.976,0.9539999961853027,25.0,20.0,144.0,135.0,0.8680555555555556,0.7407407407407407,50.99964141845703,50.99964141845703,50.99987983703613,50.99987983703613,0.9999953251148853,0.9999953251148853,0.30499999999938154,0.36999999999989086,2.4549999999999272,2.0700000000006185,0.30499999999938154,0.36999999999989086,2.4549999999999272,2.0700000000006185,0.26180257510677346,0.42045454545523836,0.31616226658119595,0.30263157894797554,0.08333333333333333,0.15789473684210525,0.16312056737588654,0.12121212121212122,0.08333333333333333,0.15789473684210525,0.16312056737588654,0.12121212121212122,-0.07978723404255321,0.03668261562998404,0.125,0.2631578947368421,0.625,0.631578947368421,0.7352941176467441,0.7647058823532559,-0.1470588235298838,-0.05882352941034854,0.9117647058831397,0.882352941176628,1.0,0.8947368421054822
historical7d,BURST,BUY,1789745637.9910002,1789745637.9910002,0.0,18.0,18.0,101.0,101.0,0.8910891089108911,0.8910891089108911,99.00021553039551,99.00021553039551,52.99985408782959,52.99985408782959,1.86793373744644,1.86793373744644,0.18500000000040018,0.18500000000040018,1.5150000000003274,1.5150000000003274,0.18500000000040018,0.18500000000040018,1.5150000000003274,1.5150000000003274,0.28682170542556956,0.28682170542556956,0.3859872611458468,0.3859872611458468,0.4117647058823529,0.4117647058823529,0.32653061224489793,0.32653061224489793,0.4117647058823529,0.4117647058823529,0.32653061224489793,0.32653061224489793,0.08523409363745499,0.08523409363745499,-0.058823529411764705,-0.058823529411764705,0.7058823529411765,0.7058823529411765,0.8461538461541153,0.8461538461541153,0.19230769230823047,0.19230769230823047,0.9230769230753086,0.9230769230753086,0.9887005649715075,0.9887005649715075
historical7d,PRIMARY,BUY,1789747212.315,1789747214.968,2.6529998779296875,32.0,32.0,175.0,168.0,0.9142857142857143,0.9523809523809523,50.99987983703613,50.99987983703613,50.99964141845703,50.99964141845703,1.0000046749069693,1.0000046749069693,0.8349999999991269,0.5750000000007276,2.319999999999709,1.8000000000010914,0.8349999999991269,0.5750000000007276,2.319999999999709,1.8000000000010914,0.5475409836054623,0.24008350730733172,0.1698389458272359,0.13931888544903934,0.2413793103448276,0.41935483870967744,0.07602339181286549,0.14634146341463414,0.2413793103448276,0.41935483870967744,0.07602339181286549,0.14634146341463414,0.1653559185319621,0.2730133752950433,0.2903225806451613,0.2903225806451613,0.5806451612903226,0.5161290322580645,0.7368421052622761,0.7567567567562917,-0.2894736842095815,0.4594594594573335,0.710526315788025,0.7297297297311248,0.9921104536487426,0.757309941521026
historical7d,MICRO,SELL,1789747384.487,1789747390.945,6.45799994468689,31.0,27.0,127.0,150.0,1.220472440944882,0.9,50.00019073486328,51.49996280670166,50.999999046325684,50.00019073486328,0.980395915094935,1.0299953270136757,-1.5499999999992724,-0.7750000000005457,-0.5950000000002547,-1.300000000000182,1.5499999999992724,0.7750000000005457,0.5950000000002547,1.300000000000182,0.48895899053659797,0.6224899598389408,0.07803278688530722,0.1473922902494434,-0.4,-0.46153846153846156,-0.072,-0.08108108108108109,0.4,0.46153846153846156,0.072,0.08108108108108109,0.328,0.3804573804573805,0.3,-0.19230769230769232,0.7,0.6538461538461539,0.9062500000007105,0.714285714286828,0.0,-0.3142857142852688,0.875,0.9142857142863082,0.6498800959233242,0.5829145728643124
historical7d,SECONDARY,BUY,1789747489.987,1789747489.987,0.0,27.0,27.0,114.0,114.0,1.1842105263157894,1.1842105263157894,50.499916076660156,50.499916076660156,51.000118255615234,51.000118255615234,0.9901921368799963,0.9901921368799963,1.0849999999991269,1.0849999999991269,1.9749999999985448,1.9749999999985448,1.0849999999991269,1.0849999999991269,1.9749999999985448,1.9749999999985448,0.8785425101229244,0.8785425101229244,0.3613906678860343,0.3613906678860343,0.6,0.6,0.32727272727272727,0.32727272727272727,0.6,0.6,0.32727272727272727,0.32727272727272727,0.2727272727272727,0.2727272727272727,0.23076923076923078,0.23076923076923078,0.6923076923076923,0.6923076923076923,0.8529411764723978,0.8529411764723978,-0.1470588235302772,-0.1470588235302772,0.38235294117765073,0.38235294117765073,1.0,1.0
historical7d,MICRO,BUY,1789747494.997,1789747502.9580002,7.961000204086304,11.0,28.0,119.0,104.0,0.4621848739495798,1.346153846153846,53.00009250640869,51.000118255615234,50.999999046325684,51.000118255615234,1.039217519558505,1.0,0.2600000000002183,0.17000000000007276,2.235000000000582,0.9049999999997453,0.2600000000002183,0.17000000000007276,2.235000000000582,0.9049999999997453,0.6500000000011369,0.20238095238012743,0.4641744548282062,0.22998729351971325,0.6,0.23076923076923078,0.3275862068965517,0.26732673267326734,0.6,0.23076923076923078,0.3275862068965517,0.26732673267326734,0.27241379310344827,-0.03655750190403656,0.0,-0.14814814814814814,0.6,0.48148148148148145,0.735294117648711,0.7878787878796231,-0.11764705882368677,-0.30303030303147227,0.5000000000013375,0.6969696969685277,0.9667896678966368,0.6168582375477112
historical7d,PRIMARY,SELL,1789749090.464,1789749091.967,1.503000020980835,29.0,28.0,116.0,128.0,1.25,1.09375,51.000118255615234,51.000118255615234,52.00004577636719,51.999807357788086,0.980770641528812,0.980775138352063,-0.4399999999995998,-0.07999999999992724,-1.2100000000000364,-1.2249999999994543,0.4399999999995998,0.07999999999992724,1.2100000000000364,1.2249999999994543,0.44444444444536313,0.06956521739093298,0.25854700854735196,0.23266856600186162,-0.38461538461538464,-0.18518518518518517,-0.061946902654867256,-0.088,0.38461538461538464,0.18518518518518517,0.061946902654867256,0.088,0.3226684819605174,0.09718518518518518,0.32142857142857145,0.1111111111111111,0.5357142857142857,0.5925925925925926,0.6874999999985789,0.8437500000009326,-0.5000000000028422,-0.24999999999964473,0.9687500000021316,0.8124999999974243,0.9566563467482985,0.9504643962837697
historical7d,SECONDARY,SELL,1789749423.992,1789749423.992,0.0,28.0,28.0,97.0,97.0,1.4432989690721651,1.4432989690721651,52.00028419494629,52.00028419494629,52.99997329711914,52.99997329711914,0.9811379319651998,0.9811379319651998,-1.3599999999996726,-1.3599999999996726,-2.1350000000002183,-2.1350000000002183,1.3599999999996726,1.3599999999996726,2.1350000000002183,2.1350000000002183,0.5461847389567371,0.5461847389567371,0.3627867459646761,0.3627867459646761,-0.3333333333333333,-0.3333333333333333,-0.3263157894736842,-0.3263157894736842,0.3333333333333333,0.3333333333333333,0.3263157894736842,0.3263157894736842,0.007017543859649089,0.007017543859649089,0.0,0.0,0.7777777777777778,0.7777777777777778,0.375,0.375,-0.625,-0.625,1.062500000001421,1.062500000001421,1.0,1.0
historical7d,PRIMARY,SELL,1789750451.994,1789750451.994,0.0,28.0,28.0,137.0,137.0,1.0218978102189782,1.0218978102189782,51.999807357788086,51.999807357788086,51.000118255615234,51.000118255615234,1.0196017016502268,1.0196017016502268,0.005000000000109139,0.005000000000109139,-0.464999999999236,-0.464999999999236,-0.005000000000109139,-0.005000000000109139,0.464999999999236,0.464999999999236,0.002583979328218814,0.002583979328218814,0.05558876270164958,0.05558876270164958,0.037037037037037035,0.037037037037037035,-0.14074074074074075,-0.14074074074074075,-0.037037037037037035,-0.037037037037037035,0.14074074074074075,0.14074074074074075,-0.17777777777777778,-0.17777777777777778,0.037037037037037035,0.037037037037037035,0.8148148148148148,0.8148148148148148,0.7222222222234854,0.7222222222234854,-0.13888888888952047,-0.13888888888952047,0.722222222220959,0.722222222220959,0.795121951219404,0.795121951219404
historical7d,PRIMARY,SELL,1789752032.405,1789752032.9550002,0.5500001907348633,22.0,26.0,105.0,108.0,1.0476190476190477,1.2037037037037037,58.00008773803711,51.000118255615234,51.99992656707764,51.000118255615234,1.115387877773626,1.0,-0.22000000000025466,-0.22999999999956344,-0.6999999999998181,-0.6849999999994907,0.22000000000025466,0.22999999999956344,0.6999999999998181,0.6849999999994907,0.32352941176450917,0.23232323232241572,0.23333333333320197,0.2104454685095271,-0.29411764705882354,-0.09090909090909091,-0.14285714285714285,-0.12871287128712872,0.29411764705882354,0.09090909090909091,0.14285714285714285,0.12871287128712872,0.1512605042016807,-0.037803780378037805,0.14285714285714285,0.0,0.6666666666666666,0.68,0.8709677419357678,0.9032258064496255,-0.12903225806129837,0.06451612903064918,0.6129032258043695,0.5806451612905119,0.7610062893075573,0.8918918918895002
historical7d,MICRO,BUY,1789752173.904,1789752173.904,0.0,27.0,27.0,130.0,130.0,1.0384615384615385,1.0384615384615385,50.999999046325684,50.999999046325684,51.000118255615234,51.000118255615234,0.9999976625683699,0.9999976625683699,0.3250000000007276,0.3250000000007276,0.2600000000002183,0.2600000000002183,0.3250000000007276,0.3250000000007276,0.2600000000002183,0.2600000000002183,0.3367875647681774,0.3367875647681774,0.05520169851375041,0.05520169851375041,0.23076923076923078,0.23076923076923078,0.08661417322834646,0.08661417322834646,0.23076923076923078,0.23076923076923078,0.08661417322834646,0.08661417322834646,0.1441550575408843,0.1441550575408843,-0.15384615384615385,-0.15384615384615385,0.6153846153846154,0.6153846153846154,0.8055555555551696,0.8055555555551696,-0.19444444444356723,-0.19444444444356723,0.5833333333332281,0.5833333333332281,1.0,1.0
historical7d,PRIMARY,BUY,1789753818.487,1789753819.984,1.496999979019165,34.0,30.0,137.0,142.0,1.2408759124087592,1.0563380281690142,50.99987983703613,52.99997329711914,51.49996280670166,51.999807357788086,0.990289644061637,1.0192340316272588,0.6700000000000728,0.5650000000005093,0.6099999999996726,0.9000000000005457,0.6700000000000728,0.5650000000005093,0.6099999999996726,0.9000000000005457,0.503759398494256,0.56218905472427,0.11233885819516429,0.1576182136601891,0.2727272727272727,0.3103448275862069,0.1044776119402985,0.1366906474820144,0.2727272727272727,0.3103448275862069,0.1044776119402985,0.1366906474820144,0.1682496607869742,0.1736541801041925,0.12121212121212122,0.2413793103448276,0.696969696969697,0.5517241379310345,0.8787878787879623,0.8787878787879623,0.0,-0.33333333333241466,0.4848484848481508,0.5151515151518492,0.9693877551013874,1.0
historical7d,MICRO,BUY,1789753891.457,1789753891.9550002,0.4980001449584961,31.0,32.0,144.0,145.0,1.0763888888888888,1.103448275862069,50.99987983703613,50.99987983703613,52.00004577636719,51.999807357788086,0.9807660565601731,0.9807705533624022,0.13999999999941792,0.1999999999998181,1.069999999999709,1.1000000000003638,0.13999999999941792,0.1999999999998181,1.069999999999709,1.1000000000003638,0.1217391304341224,0.15999999999950523,0.22526315789493437,0.2286902286905015,0.1724137931034483,0.4,0.17985611510791366,0.20567375886524822,0.1724137931034483,0.4,0.17985611510791366,0.20567375886524822,-0.007442322004465374,0.1943262411347518,-0.26666666666666666,-0.22580645161290322,0.6,0.5806451612903226,0.9473684210499442,1.0357142857117336,-3.191209479901549e-12,0.07142857142671531,0.8421052631594064,0.7857142857133577,1.0,0.9918699186990128
historical7d,SECONDARY,BUY,1789757067.9889998,1789757067.9889998,0.0,23.0,23.0,95.0,95.0,1.2105263157894737,1.2105263157894737,51.000118255615234,51.000118255615234,51.000118255615234,51.000118255615234,1.0,1.0,0.8950000000004366,0.8950000000004366,1.5150000000003274,1.5150000000003274,0.8950000000004366,0.8950000000004366,1.5150000000003274,1.5150000000003274,0.6151202749128821,0.6151202749128821,0.46118721461084305,0.46118721461084305,0.047619047619047616,0.047619047619047616,0.03225806451612903,0.03225806451612903,0.047619047619047616,0.047619047619047616,0.03225806451612903,0.03225806451612903,0.015360983102918585,0.015360983102918585,0.3181818181818182,0.3181818181818182,0.5909090909090909,0.5909090909090909,1.0,1.0,0.034482758618310475,0.034482758618310475,0.31034482758674764,0.31034482758674764,0.974440894569288,0.974440894569288
historical7d,PRIMARY,BUY,1789758584.742,1789758585.943,1.2009999752044678,25.0,12.0,83.0,83.0,1.506024096385542,0.7228915662650601,50.00007152557373,49.99995231628418,51.49996280670166,51.000118255615234,0.9708758764203855,0.9803889486232528,-0.039999999999054126,0.32000000000061846,0.3100000000004002,0.45500000000083674,-0.039999999999054126,0.32000000000061846,0.3100000000004002,0.45500000000083674,0.03305785123886187,0.7441860465141366,0.08333333333355744,0.12691771269213217,-0.08333333333333333,0.45454545454545453,0.024390243902439025,0.04878048780487805,-0.08333333333333333,0.45454545454545453,0.024390243902439025,0.04878048780487805,-0.10772357723577236,0.4057649667405765,-0.20833333333333334,-0.2727272727272727,0.625,0.5454545454545454,0.6923076923082304,1.0769230769249605,-0.07692307692119335,-3.498056545289793e-12,0.9999999999965019,0.6153846153856917,0.36065573770552906,0.9349593495950108
historical7d,PRIMARY,BUY,1789759468.945,1789759468.945,0.0,22.0,22.0,65.0,65.0,1.6923076923076923,1.6923076923076923,51.000118255615234,51.000118255615234,52.99997329711914,52.99997329711914,0.9622668669983535,0.9622668669983535,0.2849999999998545,0.2849999999998545,0.08999999999923602,0.08999999999923602,0.2849999999998545,0.2849999999998545,0.08999999999923602,0.08999999999923602,0.26267281105910434,0.26267281105910434,0.02735562309999642,0.02735562309999642,-0.1,-0.1,-0.07936507936507936,-0.07936507936507936,-0.1,-0.1,-0.07936507936507936,-0.07936507936507936,-0.020634920634920645,-0.020634920634920645,-0.6190476190476191,-0.6190476190476191,0.38095238095238093,0.38095238095238093,0.8666666666668688,0.8666666666668688,0.49999999999848416,0.49999999999848416,0.6666666666656561,0.6666666666656561,0.6444444444429622,0.6444444444429622
historical7d,MICRO,BUY,1789759757.975,1789759757.975,0.0,20.0,20.0,95.0,95.0,1.0526315789473684,1.0526315789473684,51.999807357788086,51.999807357788086,52.00004577636719,52.00004577636719,0.9999954150313611,0.9999954150313611,0.07999999999992724,0.07999999999992724,0.9349999999994907,0.9349999999994907,0.07999999999992724,0.07999999999992724,0.9349999999994907,0.9349999999994907,0.10526315789410699,0.10526315789410699,0.17591721542786098,0.17591721542786098,0.15789473684210525,0.15789473684210525,0.0851063829787234,0.0851063829787234,0.15789473684210525,0.15789473684210525,0.0851063829787234,0.0851063829787234,0.07278835386338185,0.07278835386338185,-0.631578947368421,-0.631578947368421,0.3684210526315789,0.3684210526315789,0.6666666666686878,0.6666666666686878,-0.3333333333313122,-0.3333333333313122,0.7666666666647466,0.7666666666647466,0.8055555555563509,0.8055555555563509
historical7d,PRIMARY,BUY,1789761354.9889998,1789761354.9889998,0.0,9.0,9.0,54.0,54.0,0.8333333333333333,0.8333333333333333,100.00002384185791,100.00002384185791,55.00006675720215,55.00006675720215,1.8181800448226384,1.8181800448226384,0.27999999999974534,0.27999999999974534,0.8850000000002183,0.8850000000002183,0.27999999999974534,0.27999999999974534,0.8850000000002183,0.8850000000002183,0.4827586206915477,0.4827586206915477,0.33843212237128406,0.33843212237128406,0.0,0.0,0.09433962264150944,0.09433962264150944,0.0,0.0,0.09433962264150944,0.09433962264150944,-0.09433962264150944,-0.09433962264150944,-0.25,-0.25,0.5,0.5,0.8125000000014211,0.8125000000014211,-0.4374999999985789,-0.4374999999985789,0.5,0.5,1.0,1.0
historical7d,PRIMARY,BUY,1789762637.884,1789762637.884,0.0,14.0,14.0,69.0,69.0,1.0144927536231882,1.0144927536231882,103.00016403198242,103.00016403198242,55.500149726867676,55.500149726867676,1.8558538046991961,1.8558538046991961,0.20499999999992724,0.20499999999992724,0.8550000000004729,0.8550000000004729,0.20499999999992724,0.20499999999992724,0.8550000000004729,0.8550000000004729,0.5774647887358584,0.5774647887358584,0.287394957983405,0.287394957983405,0.07692307692307693,0.07692307692307693,-0.029411764705882353,-0.029411764705882353,0.07692307692307693,0.07692307692307693,-0.029411764705882353,-0.029411764705882353,0.10633484162895929,0.10633484162895929,-0.6923076923076923,-0.6923076923076923,0.15384615384615385,0.15384615384615385,0.9629629629654581,0.9629629629654581,0.03703703703791035,0.03703703703791035,0.4074074074069084,0.4074074074069084,0.7019230769235563,0.7019230769235563
historical7d,SECONDARY,BUY,1789763657.457,1789763657.9139998,0.4569997787475586,23.0,31.0,58.0,64.0,1.9827586206896552,2.421875,50.00007152557373,50.00019073486328,51.000118255615234,50.99987983703613,0.9803912860548829,0.98039820671407,2.1999999999989086,2.125,2.6849999999994907,2.4950000000008004,2.1999999999989086,2.125,2.6849999999994907,2.4950000000008004,0.5626598465470564,0.4422476586890064,0.5109419600376862,0.41342170671087136,0.36363636363636365,0.13333333333333333,0.19298245614035087,0.07936507936507936,0.36363636363636365,0.13333333333333333,0.19298245614035087,0.07936507936507936,0.17065390749601278,0.05396825396825397,-0.045454545454545456,-0.06666666666666667,0.8636363636363636,0.8666666666666667,0.9565217391314663,1.234042553190666,0.26086956521515625,0.5531914893579967,1.0434782608685336,0.7234042553190666,0.8141891891882653,0.7593220338986604
historical7d,PRIMARY,BUY,1789763699.256,1789763699.963,0.7070000171661377,18.0,14.0,72.0,74.0,1.25,0.9459459459459459,98.9999771118164,100.00014305114746,59.00001525878906,54.000139236450195,1.6779652797982736,1.8518497260400983,0.17000000000007276,0.3849999999993088,1.0399999999999636,0.7099999999991269,0.17000000000007276,0.3849999999993088,1.0399999999999636,0.7099999999991269,0.17708333333357018,0.5167785234890808,0.2646310432567849,0.1873350923478316,0.058823529411764705,0.38461538461538464,0.15492957746478872,0.1506849315068493,0.058823529411764705,0.38461538461538464,0.15492957746478872,0.1506849315068493,-0.09610604805302402,0.23393045310853533,-0.058823529411764705,0.0,0.47058823529411764,0.38461538461538464,0.41666666666777197,1.2083333333319912,-0.5833333333303332,0.12499999999881577,1.2499999999995264,0.45833333333530707,0.650793650793307,0.4699999999975262
historical7d,PRIMARY,SELL,1789767860.959,1789767860.959,0.0,14.0,14.0,56.0,56.0,1.25,1.25,96.9998836517334,96.9998836517334,98.00004959106445,98.00004959106445,0.9897942302733054,0.9897942302733054,-0.10999999999967258,-0.10999999999967258,-0.5749999999998181,-0.5749999999998181,0.10999999999967258,0.10999999999967258,0.5749999999998181,0.5749999999998181,0.3548387096779872,0.3548387096779872,0.37216828478972785,0.37216828478972785,-0.23076923076923078,-0.23076923076923078,-0.2830188679245283,-0.2830188679245283,0.23076923076923078,0.23076923076923078,0.2830188679245283,0.2830188679245283,-0.05224963715529751,-0.05224963715529751,-0.07692307692307693,-0.07692307692307693,0.46153846153846156,0.46153846153846156,0.7536231884068668,0.7536231884068668,-0.23188405797093808,-0.23188405797093808,0.4347826086974861,0.4347826086974861,0.8615384615381602,0.8615384615381602
historical7d,MICRO,BUY,1789963644.3939998,1789963644.742,0.34800028800964355,21.0,19.0,88.0,87.0,1.1931818181818181,1.0919540229885059,50.00007152557373,50.50015449523926,51.999807357788086,52.00028419494629,0.9615433992196347,0.9711515095940029,0.680000000000291,0.6650000000008731,1.3299999999999272,1.2450000000008004,0.680000000000291,0.6650000000008731,1.3299999999999272,1.2450000000008004,0.6666666666666666,0.7514124293777878,0.22166666666678894,0.21048182586667494,0.6,0.5555555555555556,0.11627906976744186,0.10588235294117647,0.6,0.5555555555555556,0.11627906976744186,0.10588235294117647,0.48372093023255813,0.4496732026143791,0.25,0.4444444444444444,0.45,0.3333333333333333,0.568421052630148,0.5744680851050654,0.04210526315686683,-0.531914893616733,0.7157894736839686,0.7234042553190666,1.0,1.0
historical7d,BURST,BUY,1789963653.855,1789963653.855,0.0,14.0,14.0,102.0,102.0,0.6862745098039216,0.6862745098039216,99.99990463256836,99.99990463256836,52.99997329711914,52.99997329711914,1.8867916040630146,1.8867916040630146,0.375,0.375,1.4549999999999272,1.4549999999999272,0.375,0.375,1.4549999999999272,1.4549999999999272,0.5474452554763133,0.5474452554763133,0.2476595744685328,0.2476595744685328,0.38461538461538464,0.38461538461538464,0.26732673267326734,0.26732673267326734,0.38461538461538464,0.38461538461538464,0.26732673267326734,0.26732673267326734,0.1172886519421173,0.1172886519421173,0.6923076923076923,0.6923076923076923,0.3076923076923077,0.3076923076923077,0.5777777777773286,0.5777777777773286,-0.42222222222267136,-0.42222222222267136,0.8888888888886644,0.8888888888886644,1.0,1.0
historical7d,PRIMARY,BUY,1789963659.3660002,1789963659.3660002,0.0,26.0,26.0,99.0,99.0,1.3131313131313131,1.3131313131313131,51.999568939208984,51.999568939208984,52.00004577636719,52.00004577636719,0.9999908300627224,0.9999908300627224,0.23999999999978172,0.23999999999978172,0.8899999999994179,0.8899999999994179,0.23999999999978172,0.23999999999978172,0.8899999999994179,0.8899999999994179,0.12834224598913316,0.12834224598913316,0.12936046511624372,0.12936046511624372,0.25,0.25,0.17525773195876287,0.17525773195876287,0.25,0.25,0.17525773195876287,0.17525773195876287,0.07474226804123713,0.07474226804123713,0.6,0.6,0.4,0.4,0.5238095238100394,0.5238095238100394,-0.47619047618779514,-0.47619047618779514,0.8809523809519685,0.8809523809519685,1.0,1.0
historical7d,PRIMARY,SELL,1789967510.961,1789967510.961,0.0,14.0,14.0,53.0,53.0,1.3207547169811322,1.3207547169811322,99.99990463256836,99.99990463256836,56.49995803833008,56.49995803833008,1.7699111309910625,1.7699111309910625,0.06000000000040018,0.06000000000040018,-0.9549999999999272,-0.9549999999999272,-0.06000000000040018,-0.06000000000040018,0.9549999999999272,0.9549999999999272,0.12000000000101864,0.12000000000101864,0.3624288425049364,0.3624288425049364,-0.23076923076923078,-0.23076923076923078,-0.21568627450980393,-0.21568627450980393,0.23076923076923078,0.23076923076923078,0.21568627450980393,0.21568627450980393,0.01508295625942685,0.01508295625942685,0.46153846153846156,0.46153846153846156,0.38461538461538464,0.38461538461538464,0.6756756756758749,0.6756756756758749,-0.16216216216083346,-0.16216216216083346,0.5945945945954583,0.5945945945954583,0.7130044843051375,0.7130044843051375
historical7d,SECONDARY,SELL,1789968692.959,1789968692.959,0.0,14.0,14.0,77.0,77.0,0.9090909090909091,0.9090909090909091,50.00019073486328,50.00019073486328,52.00004577636719,52.00004577636719,0.9615412830576239,0.9615412830576239,-0.6749999999992724,-0.6749999999992724,-1.569999999999709,-1.569999999999709,0.6749999999992724,0.6749999999992724,1.569999999999709,1.569999999999709,0.6338028168993396,0.6338028168993396,0.3277661795403404,0.3277661795403404,-0.07692307692307693,-0.07692307692307693,-0.09333333333333334,-0.09333333333333334,0.07692307692307693,0.07692307692307693,0.09333333333333334,0.09333333333333334,-0.01641025641025641,-0.01641025641025641,-0.38461538461538464,-0.38461538461538464,0.46153846153846156,0.46153846153846156,0.6000000000022737,0.6000000000022737,-0.27499999999715785,-0.27499999999715785,0.7,0.7,1.0,1.0
historical7d,PRIMARY,SELL,1789968909.7459998,1789968909.7459998,0.0,15.0,15.0,83.0,83.0,0.9036144578313252,0.9036144578313252,61.00022792816162,61.00022792816162,52.00016498565674,52.00016498565674,1.1730775843689607,1.1730775843689607,-0.49499999999898137,-0.49499999999898137,-0.7549999999991996,-0.7549999999991996,0.49499999999898137,0.49499999999898137,0.7549999999991996,0.7549999999991996,0.7021276595694725,0.7021276595694725,0.15024875621843076,0.15024875621843076,-0.42857142857142855,-0.42857142857142855,-0.0975609756097561,-0.0975609756097561,0.42857142857142855,0.42857142857142855,0.0975609756097561,0.0975609756097561,0.3310104529616724,0.3310104529616724,-0.7142857142857143,-0.7142857142857143,0.2857142857142857,0.2857142857142857,0.8787878787879623,0.8787878787879623,-0.15151515151573614,-0.15151515151573614,0.5454545454555476,0.5454545454555476,0.8095238095218503,0.8095238095218503
historical7d,SECONDARY,SELL,1789970946.9539998,1789970946.9539998,0.0,12.0,12.0,40.0,40.0,1.5,1.5,52.00004577636719,52.00004577636719,58.00008773803711,58.00008773803711,0.8965511571504913,0.8965511571504913,-0.9699999999993452,-0.9699999999993452,-1.5399999999990541,-1.5399999999990541,0.9699999999993452,0.9699999999993452,1.5399999999990541,1.5399999999990541,0.6978417266185262,0.6978417266185262,0.527397260273307,0.527397260273307,-0.6363636363636364,-0.6363636363636364,-0.38461538461538464,-0.38461538461538464,0.6363636363636364,0.6363636363636364,0.38461538461538464,0.38461538461538464,0.2517482517482517,0.2517482517482517,0.0,0.0,0.6363636363636364,0.6363636363636364,0.6021505376336725,0.6021505376336725,-0.3010752688178142,-0.3010752688178142,0.6451612903227699,0.6451612903227699,0.9333333333329659,0.9333333333329659
historical7d,MICRO,BUY,1789984993.492,1789984996.8990002,3.4070000648498535,18.0,19.0,74.0,88.0,1.2162162162162162,1.0795454545454544,50.99987983703613,98.50001335144043,55.9999942779541,57.99984931945801,0.9107122330030952,1.6982805042977116,0.5850000000000364,0.27999999999883585,1.8549999999995634,1.8999999999996362,0.5850000000000364,0.27999999999883585,1.8549999999995634,1.8999999999996362,0.6464088397766291,0.4117647058837691,0.4541003671966482,0.41942604856514887,0.625,0.29411764705882354,0.19444444444444445,0.19047619047619047,0.625,0.29411764705882354,0.19444444444444445,0.19047619047619047,0.4305555555555556,0.10364145658263307,-0.17647058823529413,0.1111111111111111,0.5882352941176471,0.6666666666666666,0.8484848484870199,0.8923076923068313,0.09090909091109531,-0.12307692307670781,0.6363636363611309,0.6153846153835391,0.936117936117431,1.0
historical7d,BURST,BUY,1789984997.647,1789984997.647,0.0,11.0,11.0,85.0,85.0,0.6470588235294118,0.6470588235294118,148.00000190734863,148.00000190734863,56.49995803833008,56.49995803833008,2.619471005747369,2.619471005747369,0.054999999999381544,0.054999999999381544,2.024999999999636,2.024999999999636,0.054999999999381544,0.054999999999381544,2.024999999999636,2.024999999999636,0.15942028985484322,0.15942028985484322,0.4565952649381509,0.4565952649381509,0.2,0.2,0.2345679012345679,0.2345679012345679,0.2,0.2,0.2345679012345679,0.2345679012345679,-0.03456790123456788,-0.03456790123456788,0.0,0.0,0.8,0.8,0.8484848484842639,0.8484848484842639,-0.212121212123133,-0.212121212123133,0.6363636363638869,0.6363636363638869,1.0,1.0
historical7d,MICRO,BUY,1789985709.5100002,1789985709.5100002,0.0,10.0,10.0,85.0,85.0,0.5882352941176471,0.5882352941176471,106.99987411499023,106.99987411499023,53.00009250640869,53.00009250640869,2.0188620256097094,2.0188620256097094,0.005000000000109139,0.005000000000109139,1.105000000000473,1.105000000000473,0.005000000000109139,0.005000000000109139,1.105000000000473,1.105000000000473,0.008547008547194578,0.008547008547194578,0.18649789029549,0.18649789029549,-0.3333333333333333,-0.3333333333333333,0.04878048780487805,0.04878048780487805,-0.3333333333333333,-0.3333333333333333,0.04878048780487805,0.04878048780487805,-0.38211382113821135,-0.38211382113821135,-0.5555555555555556,-0.5555555555555556,0.2222222222222222,0.2222222222222222,0.7,0.7,-0.5750000000017053,-0.5750000000017053,0.6250000000005684,0.6250000000005684,0.7209302325586862,0.7209302325586862
historical7d,PRIMARY,SELL,1789993811.904,1789993811.904,0.0,15.0,15.0,80.0,80.0,0.9375,0.9375,52.00028419494629,52.00028419494629,54.99982833862305,54.99982833862305,0.9454626635339812,0.9454626635339812,-0.24499999999898137,-0.24499999999898137,-0.1749999999992724,-0.1749999999992724,0.24499999999898137,0.24499999999898137,0.1749999999992724,0.1749999999992724,0.26486486486449284,0.26486486486449284,0.04074505238636034,0.04074505238636034,-0.14285714285714285,-0.14285714285714285,-0.1282051282051282,-0.1282051282051282,0.14285714285714285,0.14285714285714285,0.1282051282051282,0.1282051282051282,0.014652014652014655,0.014652014652014655,0.42857142857142855,0.42857142857142855,0.5714285714285714,0.5714285714285714,0.7837837837839167,0.7837837837839167,-0.4594594594597916,-0.4594594594597916,0.5945945945954583,0.5945945945954583,0.44594594594597914,0.44594594594597914
historical7d,MICRO,SELL,1790004086.345,1790004086.949,0.6039998531341553,21.0,21.0,85.0,81.0,1.2352941176470589,1.2962962962962963,51.49984359741211,51.49984359741211,71.49994373321533,91.99988842010498,0.7202780996523754,0.5597815875845966,-0.3250000000007276,-0.3850000000002183,-0.42000000000007276,-0.2000000000007276,0.3250000000007276,0.3850000000002183,0.42000000000007276,0.2000000000007276,0.565217391304898,0.6581196581189671,0.14788732394339585,0.07722007722013688,-0.47368421052631576,-0.5789473684210527,-0.024390243902439025,-0.02564102564102564,0.47368421052631576,0.5789473684210527,0.024390243902439025,0.02564102564102564,0.4492939666238767,0.553306342780027,0.25,0.3,0.55,0.5,1.3809523809519684,1.227272727269157,0.42857142856771635,0.136363636362321,0.6190476190480315,0.6818181818198731,1.0,0.9763313609462615
historical7d,SECONDARY,SELL,1790004286.924,1790004286.924,0.0,22.0,22.0,103.0,103.0,1.0679611650485437,1.0679611650485437,51.000118255615234,51.000118255615234,52.99985408782959,52.99985408782959,0.9622690313656249,0.9622690313656249,-0.6149999999997817,-0.6149999999997817,-0.9549999999999272,-0.9549999999999272,0.6149999999997817,0.6149999999997817,0.9549999999999272,0.9549999999999272,0.624365482234065,0.624365482234065,0.2315151515148276,0.2315151515148276,-0.14285714285714285,-0.14285714285714285,-0.10891089108910891,-0.10891089108910891,0.14285714285714285,0.14285714285714285,0.10891089108910891,0.10891089108910891,0.03394625176803394,0.03394625176803394,0.047619047619047616,0.047619047619047616,0.7619047619047619,0.7619047619047619,0.8965517241387961,0.8965517241387961,-0.10344827586120381,-0.10344827586120381,0.6896551724132524,0.6896551724132524,1.0,1.0
historical7d,PRIMARY,SELL,1790005642.848,1790005642.848,0.0,7.0,7.0,78.0,78.0,0.44871794871794873,0.44871794871794873,274.0001678466797,274.0001678466797,55.9999942779541,55.9999942779541,4.8928606400688,4.8928606400688,-0.009999999999308784,-0.009999999999308784,-0.6499999999996362,-0.6499999999996362,0.009999999999308784,0.009999999999308784,0.6499999999996362,0.6499999999996362,0.11111111110437412,0.11111111110437412,0.18950437317832342,0.18950437317832342,0.0,0.0,0.02631578947368421,0.02631578947368421,-0.0,-0.0,-0.02631578947368421,-0.02631578947368421,0.02631578947368421,0.02631578947368421,-0.5,-0.5,0.16666666666666666,0.16666666666666666,0.8055555555561872,0.8055555555561872,-0.1111111111111111,-0.1111111111111111,0.5277777777771462,0.5277777777771462,0.24299065420417754,0.24299065420417754
historical7d,BURST,BUY,1790006264.459,1790006264.808,0.3489999771118164,17.0,18.0,92.0,93.0,0.923913043478261,0.9677419354838709,98.9999771118164,98.00004959106445,53.999900817871094,53.50005626678467,1.8333362767779877,1.8317747013643322,0.5900000000001455,0.5600000000004002,2.7399999999997817,2.5799999999999272,0.5900000000001455,0.5600000000004002,2.7399999999997817,2.5799999999999272,0.746835443039053,0.7179487179494654,0.6021978021980913,0.5758928571431309,0.5,0.4117647058823529,0.38461538461538464,0.34782608695652173,0.5,0.4117647058823529,0.38461538461538464,0.34782608695652173,0.11538461538461536,0.06393861892583119,0.1875,0.0,0.8125,0.6470588235294118,0.9032258064522753,0.7096774193538923,0.06451612903377231,-0.12903225806461077,0.6451612903230538,0.838709677421437,1.0,0.9784560143628389
historical7d,MICRO,BUY,1790006332.463,1790006334.971,2.507999897003174,8.0,23.0,50.0,63.0,0.8,1.8253968253968254,146.00014686584473,50.00007152557373,55.9999942779541,52.00004577636719,2.607145746143792,0.9615389905733045,0.4900000000006912,-0.28000000000065484,0.6550000000006548,0.9200000000000728,0.4900000000006912,-0.28000000000065484,0.6550000000006548,0.9200000000000728,0.7101449275376455,0.4307692307692738,0.2614770459085286,0.33576642335771756,0.7142857142857143,-0.14285714285714285,0.08333333333333333,0.14754098360655737,0.7142857142857143,-0.14285714285714285,0.08333333333333333,0.14754098360655737,0.6309523809523809,-0.2903981264637002,0.0,-0.36363636363636365,0.7142857142857143,0.5454545454545454,0.9666666666659592,0.9062500000007105,0.13333333333313122,-0.125,0.5000000000015158,0.46875000000213163,1.0,0.4488188976374119
historical7d,PRIMARY,BUY,1790006912.309,1790006919.9699998,7.660999774932861,17.0,22.0,52.0,71.0,1.6346153846153846,1.5492957746478875,97.99981117248535,60.00018119812012,99.99990463256836,97.49984741210938,0.9799990463247741,0.6153874369106772,0.5200000000004366,0.7899999999999636,0.4650000000001455,1.125,0.5200000000004366,0.7899999999999636,0.4650000000001455,1.125,0.7222222222234854,0.797979797979204,0.22518159806336563,0.3694581280788089,0.375,0.6190476190476191,-0.0196078431372549,0.2,0.375,0.6190476190476191,-0.0196078431372549,0.2,0.3946078431372549,0.41904761904761906,0.25,0.23809523809523808,0.625,0.5714285714285714,1.0,0.8666666666668688,-0.06896551723975715,-0.26666666666626243,0.5517241379306019,0.5333333333325249,0.8823529411791455,1.0
historical7d,PRIMARY,SELL,1790008907.91,1790008907.91,0.0,28.0,28.0,112.0,112.0,1.25,1.25,52.99997329711914,52.99997329711914,52.99997329711914,52.99997329711914,1.0,1.0,-0.625,-0.625,-1.9150000000008731,-1.9150000000008731,0.625,0.625,1.9150000000008731,1.9150000000008731,0.3894080996885794,0.3894080996885794,0.30133752950457166,0.30133752950457166,0.1111111111111111,0.1111111111111111,-0.06306306306306306,-0.06306306306306306,-0.1111111111111111,-0.1111111111111111,0.06306306306306306,0.06306306306306306,-0.17417417417417416,-0.17417417417417416,0.5185185185185185,0.5185185185185185,0.3333333333333333,0.3333333333333333,0.5970149253725265,0.5970149253725265,-0.20895522387970555,-0.20895522387970555,0.7164179104497467,0.7164179104497467,0.9601990049760699,0.9601990049760699
historical7d,PRIMARY,SELL,1790009592.7849998,1790009590.981,1.803999900817871,21.0,27.0,114.0,119.0,0.9210526315789473,1.134453781512605,55.49979209899902,52.99997329711914,52.99997329711914,52.00004577636719,1.047166416252058,1.019229358471188,-0.024999999999636202,-0.3600000000005821,-0.694999999999709,-0.3350000000009459,0.024999999999636202,0.3600000000005821,0.694999999999709,0.3350000000009459,0.03816793893070414,0.3789473684221007,0.14866310160447033,0.06914344685270762,-0.4,-0.23076923076923078,-0.14285714285714285,-0.042735042735042736,0.4,0.23076923076923078,0.14285714285714285,0.042735042735042736,0.2571428571428572,0.18803418803418803,-0.2,0.11538461538461539,0.6,0.5769230769230769,0.9333333333319186,0.9333333333319186,-0.10000000000212216,-3.0316490059079228e-12,0.5333333333325249,0.5333333333325249,1.0,0.753246753248594
historical7d,BURST,SELL,1790012061.956,1790012063.96,2.003999948501587,30.0,29.0,135.0,149.0,1.1111111111111112,0.9731543624161073,50.99987983703613,50.50003528594971,50.999999046325684,50.99987983703613,0.9999976625629062,0.990199103357035,-0.5149999999994179,-0.5050000000001091,-1.5299999999988358,-2.069999999999709,0.5149999999994179,0.5050000000001091,1.5299999999988358,2.069999999999709,0.5449735449709988,0.37269372693721986,0.29593810444820107,0.3449999999995331,-0.2413793103448276,-0.2857142857142857,-0.24031007751937986,-0.2777777777777778,0.2413793103448276,0.2857142857142857,0.24031007751937986,0.2777777777777778,0.0010692328254477412,0.007936507936507908,0.41379310344827586,0.32142857142857145,0.5862068965517241,0.6071428571428571,0.9000000000006063,0.9333333333319186,-0.1666666666676772,0.09999999999909051,0.5000000000030317,0.49999999999848416,0.9720670391055349,0.8398268398272455
historical7d,BURST,SELL,1790018047.4380002,1790018048.984,1.5459997653961182,21.0,25.0,80.0,96.0,1.3125,1.3020833333333335,53.50005626678467,52.99985408782959,54.000139236450195,52.99997329711914,0.9907392281439161,0.9999977507669885,-0.19500000000061846,-0.39499999999952706,-1.9550000000008367,-2.3749999999990905,0.19500000000061846,0.39499999999952706,1.9550000000008367,2.3749999999990905,0.3577981651381046,0.6528925619782531,0.5248322147654022,0.5688622754486113,-0.2631578947368421,-0.4782608695652174,-0.41333333333333333,-0.4444444444444444,0.2631578947368421,0.4782608695652174,0.41333333333333333,0.4444444444444444,-0.15017543859649124,0.033816425120772986,0.15,0.20833333333333334,0.65,0.625,0.8571428571414651,0.8571428571428571,-0.10714285714187108,0.17857142857224062,1.2142857142886145,1.2142857142905865,0.9014084507046403,0.970954356846581
historical7d,PRIMARY,BUY,1790018369.8179998,1790018369.8179998,0.0,27.0,27.0,72.0,72.0,1.875,1.875,50.999999046325684,50.999999046325684,55.9999942779541,55.9999942779541,0.9107143617406261,0.9107143617406261,0.555000000000291,0.555000000000291,1.2399999999997817,1.2399999999997817,0.555000000000291,0.555000000000291,1.2399999999997817,1.2399999999997817,0.4723404255331863,0.4723404255331863,0.4644194756556527,0.4644194756556527,0.38461538461538464,0.38461538461538464,0.3142857142857143,0.3142857142857143,0.38461538461538464,0.38461538461538464,0.3142857142857143,0.3142857142857143,0.07032967032967036,0.07032967032967036,-0.3076923076923077,-0.3076923076923077,0.6153846153846154,0.6153846153846154,0.8571428571428571,0.8571428571428571,0.03571428571184957,0.03571428571184957,0.6071428571436692,0.6071428571436692,0.9413919413919853,0.9413919413919853
historical7d,BURST,SELL,1790022664.515,1790022664.515,0.0,13.0,13.0,88.0,88.0,0.7386363636363635,0.7386363636363635,148.00000190734863,148.00000190734863,54.000139236450195,54.000139236450195,2.740733709209556,2.740733709209556,-0.09500000000116415,-0.09500000000116415,-1.2200000000011642,-1.2200000000011642,0.09500000000116415,0.09500000000116415,1.2200000000011642,1.2200000000011642,0.2345679012381166,0.2345679012381166,0.3057644110281562,0.3057644110281562,-0.09090909090909091,-0.09090909090909091,-0.19047619047619047,-0.19047619047619047,0.09090909090909091,0.09090909090909091,0.19047619047619047,0.19047619047619047,-0.09956709956709955,-0.09956709956709955,0.16666666666666666,0.16666666666666666,0.6666666666666666,0.6666666666666666,0.8235294117636044,0.8235294117636044,-0.3235294117662794,-0.3235294117662794,0.5,0.5,0.9365079365094489,0.9365079365094489
historical7d,MICRO,SELL,1790050280.482,1790050280.984,0.5019998550415039,28.0,29.0,107.0,106.0,1.3084112149532712,1.3679245283018868,55.00006675720215,52.500009536743164,53.00021171569824,53.00021171569824,1.0377329632611934,0.9905622607389147,-0.06499999999959982,0.035000000000763976,-2.709999999999127,-2.8499999999994543,0.06499999999959982,-0.035000000000763976,2.709999999999127,2.8499999999994543,0.05220883534104861,0.03349282296726507,0.3921852387844589,0.4228486646884171,0.07692307692307693,0.1111111111111111,-0.1262135922330097,-0.13725490196078433,-0.07692307692307693,-0.1111111111111111,0.1262135922330097,0.13725490196078433,-0.20313666915608664,-0.24836601307189543,-0.037037037037037035,0.07142857142857142,0.7407407407407407,0.6428571428571429,0.7631578947365272,0.7297297297311248,-0.1842105263173641,-0.24324324324125018,0.7105263157904185,0.7837837837839167,0.8914728682163897,0.8232558139530345
historical7d,SECONDARY,SELL,1790050319.982,1790050319.982,0.0,17.0,17.0,99.0,99.0,0.8585858585858586,0.8585858585858586,53.50017547607422,53.50017547607422,53.49993705749512,53.49993705749512,1.0000044564272823,1.0000044564272823,-0.5949999999993452,-0.5949999999993452,-1.139999999999418,-1.139999999999418,0.5949999999993452,0.5949999999993452,1.139999999999418,1.139999999999418,0.6165803108800575,0.6165803108800575,0.2072727272725529,0.2072727272725529,-0.125,-0.125,-0.16666666666666666,-0.16666666666666666,0.125,0.125,0.16666666666666666,0.16666666666666666,-0.04166666666666666,-0.04166666666666666,-0.0625,-0.0625,0.5625,0.5625,0.6578947368434909,0.6578947368434909,-0.4473684210537653,-0.4473684210537653,0.8947368421075306,0.8947368421075306,1.0,1.0
historical7d,PRIMARY,SELL,1790052562.477,1790052568.997,6.519999980926514,25.0,17.0,81.0,103.0,1.5432098765432098,0.8252427184466019,53.999900817871094,54.9999475479126,54.000020027160645,53.00009250640869,0.9999977924213826,1.037733048131229,-0.15999999999985448,-0.3350000000009459,-1.1549999999988358,-0.6650000000008731,0.15999999999985448,0.3350000000009459,1.1549999999988358,0.6650000000008731,0.14814814814777388,0.2586872586876112,0.2423924449106858,0.0980103168756439,-0.08333333333333333,-0.25,-0.189873417721519,-0.0196078431372549,0.08333333333333333,0.25,0.189873417721519,0.0196078431372549,-0.10654008438818567,0.2303921568627451,-0.20833333333333334,-0.0625,0.625,0.8125,0.8235294117636044,0.7428571428543959,-0.5882352941195352,-0.08571428571606758,0.7941176470597676,0.9428571428585535,0.9074074074065549,0.22746781115908643
historical7d,PRIMARY,SELL,1790057259.33,1790057264.7849998,5.454999923706055,7.0,4.0,31.0,27.0,1.129032258064516,0.7407407407407407,53.50005626678467,102.00023651123047,56.49995803833008,130.00011444091797,0.9469043539906657,0.7846165132230496,-0.13000000000101863,-0.08499999999912689,-0.18500000000130967,-0.22999999999956344,0.13000000000101863,0.08499999999912689,0.18500000000130967,0.22999999999956344,0.23214285714488728,0.5151515151434976,0.1316725978659804,0.1642857142852317,0.0,-0.3333333333333333,0.0,0.07692307692307693,-0.0,0.3333333333333333,-0.0,-0.07692307692307693,-0.0,0.41025641025641024,0.0,0.3333333333333333,1.0,0.6666666666666666,0.9999999999968638,0.9666666666659592,0.0,0.23333333333222173,0.5172413793106693,0.5000000000015158,0.46478873239739726,0.617647058820697
historical7d,BURST,SELL,1790072966.384,1790072966.969,0.5850000381469727,25.0,30.0,105.0,107.0,1.1904761904761905,1.4018691588785048,50.00007152557373,51.000118255615234,54.000020027160645,52.99997329711914,0.9259269070719781,0.9622668669983535,-0.6150000000006912,-0.6299999999991996,-2.0349999999998545,-2.0049999999991996,0.6150000000006912,0.6299999999991996,2.0349999999998545,2.0049999999991996,0.6307692307679392,0.5943396226379802,0.4672789896662821,0.46039035591145255,-0.4166666666666667,-0.3103448275862069,-0.2549019607843137,-0.23076923076923078,0.4166666666666667,0.3103448275862069,0.2549019607843137,0.23076923076923078,0.16176470588235298,0.07957559681697612,0.375,0.3793103448275862,0.5416666666666666,0.4827586206896552,0.8400000000001455,0.9599999999991269,0.2000000000007276,-0.2400000000016007,0.8800000000010186,0.7600000000020373,0.9760765550242733,0.9808612440187223
historical7d,SECONDARY,SELL,1790074221.952,1790074221.952,0.0,29.0,29.0,74.0,74.0,1.9594594594594594,1.9594594594594594,49.4999885559082,49.4999885559082,55.00006675720215,55.00006675720215,0.8999986995366015,0.8999986995366015,-1.2949999999991633,-1.2949999999991633,-0.9849999999996726,-0.9849999999996726,1.2949999999991633,1.2949999999991633,0.9849999999996726,0.9849999999996726,0.42528735632168113,0.42528735632168113,0.19719719719706413,0.19719719719706413,-0.037037037037037035,-0.037037037037037035,-0.027777777777777776,-0.027777777777777776,0.037037037037037035,0.037037037037037035,0.027777777777777776,0.027777777777777776,0.009259259259259259,0.009259259259259259,0.14285714285714285,0.14285714285714285,0.6428571428571429,0.6428571428571429,0.8,0.8,0.09999999999924208,0.09999999999924208,0.9666666666674246,0.9666666666674246,0.8980891719734966,0.8980891719734966
historical7d,MICRO,SELL,1790074283.993,1790074283.993,0.0,19.0,19.0,65.0,65.0,1.4615384615384615,1.4615384615384615,51.999807357788086,51.999807357788086,55.00006675720215,55.00006675720215,0.9454498953126964,0.9454498953126964,-0.35499999999956344,-0.35499999999956344,-0.9549999999999272,-0.9549999999999272,0.35499999999956344,0.35499999999956344,0.9549999999999272,0.9549999999999272,0.496503496504048,0.496503496504048,0.36242884250593715,0.36242884250593715,-0.3333333333333333,-0.3333333333333333,-0.21875,-0.21875,0.3333333333333333,0.3333333333333333,0.21875,0.21875,0.11458333333333331,0.11458333333333331,-0.1111111111111111,-0.1111111111111111,0.5555555555555556,0.5555555555555556,0.9062500000007105,0.9062500000007105,-0.21875000000213163,-0.21875000000213163,0.7812500000007105,0.7812500000007105,0.9895833333312214,0.9895833333312214
historical7d,BURST,SELL,1790075668.965,1790075668.965,0.0,17.0,17.0,93.0,93.0,0.9139784946236559,0.9139784946236559,52.500009536743164,52.500009536743164,53.499817848205566,53.499817848205566,0.9813119305508825,0.9813119305508825,-0.589999999999236,-0.589999999999236,-1.8650000000006912,-1.8650000000006912,0.589999999999236,0.589999999999236,1.8650000000006912,1.8650000000006912,0.79729729729748,0.79729729729748,0.5275813295629664,0.5275813295629664,-0.4666666666666667,-0.4666666666666667,-0.34065934065934067,-0.34065934065934067,0.4666666666666667,0.4666666666666667,0.34065934065934067,0.34065934065934067,0.126007326007326,0.126007326007326,-0.3125,-0.3125,0.5625,0.5625,0.8064516129045508,0.8064516129045508,-0.12903225806461077,-0.12903225806461077,0.516129032261377,0.516129032261377,1.0,1.0
historical7d,MICRO,SELL,1790076713.9889998,1790076713.9889998,0.0,22.0,22.0,71.0,71.0,1.5492957746478875,1.5492957746478875,50.99964141845703,50.99964141845703,55.500030517578125,55.500030517578125,0.9189119527115266,0.9189119527115266,-0.30500000000029104,-0.30500000000029104,-0.8600000000005821,-0.8600000000005821,0.30500000000029104,0.30500000000029104,0.8600000000005821,0.8600000000005821,0.2531120331956596,0.2531120331956596,0.24022346368719624,0.24022346368719624,-0.14285714285714285,-0.14285714285714285,-0.12121212121212122,-0.12121212121212122,0.14285714285714285,0.14285714285714285,0.12121212121212122,0.12121212121212122,0.021645021645021634,0.021645021645021634,0.2857142857142857,0.2857142857142857,0.5238095238095238,0.5238095238095238,0.8181818181805655,0.8181818181805655,0.09090909090833926,0.09090909090833926,0.8484848484870199,0.8484848484870199,0.8448979591847887,0.8448979591847887
historical7d,BURST,BUY,1790076896.465,1790076896.962,0.49699997901916504,21.0,27.0,97.0,98.0,1.0824742268041239,1.3775510204081631,54.000020027160645,53.999900817871094,53.00021171569824,53.00021171569824,1.018864232407703,1.0188619831848096,0.4900000000006912,0.4849999999996726,1.7750000000005457,1.7549999999991996,0.4900000000006912,0.4849999999996726,1.7750000000005457,1.7549999999991996,0.4298245614046775,0.38339920948635925,0.48299319727903617,0.47368421052634163,0.2,0.15384615384615385,0.2708333333333333,0.23711340206185566,0.2,0.15384615384615385,0.2708333333333333,0.23711340206185566,-0.0708333333333333,-0.0832672482157018,0.25,0.3076923076923077,0.65,0.5384615384615384,0.8709677419353893,0.9032258064522753,-0.19354838709838307,-0.4838709677444908,0.6451612903259877,0.6129032258091015,0.9613259668509981,1.0
historical7d,MICRO,BUY,1790077062.904,1790077062.904,0.0,15.0,15.0,82.0,82.0,0.9146341463414634,0.9146341463414634,98.99985790252686,98.99985790252686,57.99984931945801,57.99984931945801,1.7068985361883346,1.7068985361883346,0.46999999999934516,0.46999999999934516,1.1450000000004366,1.1450000000004366,0.46999999999934516,0.46999999999934516,1.1450000000004366,1.1450000000004366,0.5662650602402245,0.5662650602402245,0.2954838709678546,0.2954838709678546,0.14285714285714285,0.14285714285714285,0.05,0.05,0.14285714285714285,0.14285714285714285,0.05,0.05,0.09285714285714285,0.09285714285714285,0.14285714285714285,0.14285714285714285,0.2857142857142857,0.2857142857142857,0.8923076923068313,0.8923076923068313,-0.30769230769316874,-0.30769230769316874,0.46153846153975314,0.46153846153975314,1.0,1.0
historical7d,MICRO,BUY,1790077316.497,1790077324.903,8.406000137329102,29.0,35.0,147.0,139.0,0.9863945578231293,1.2589928057553956,53.50005626678467,52.500009536743164,52.99997329711914,53.99978160858154,1.0094355324834232,0.9722263307894556,0.1999999999998181,0.1999999999998181,0.4399999999995998,0.8500000000003638,0.1999999999998181,0.1999999999998181,0.4399999999995998,0.8500000000003638,0.1818181818184073,0.08438818565387081,0.0628571428572082,0.12426900584806985,0.07142857142857142,0.17647058823529413,0.07586206896551724,0.06569343065693431,0.07142857142857142,0.17647058823529413,0.07586206896551724,0.06569343065693431,-0.004433497536945816,0.11077715757835982,-0.25,-0.11764705882352941,0.5357142857142857,0.7647058823529411,0.611111111109848,0.7058823529402324,-0.2222222222247486,-0.35294117647279116,0.8888888888914153,0.7647058823532559,-0.3262411347524775,0.6793248945140167
historical7d,SECONDARY,SELL,1790078293.477,1790078293.721,0.24399995803833008,19.0,23.0,120.0,120.0,0.7916666666666666,0.9583333333333334,54.000020027160645,52.99997329711914,52.99997329711914,52.99997329711914,1.0188688157338348,1.0,-1.0399999999990541,-1.0100000000002183,-1.769999999999527,-1.6450000000004366,1.0399999999990541,1.0100000000002183,1.769999999999527,1.6450000000004366,0.8455284552865847,0.8015873015908076,0.32717190388200695,0.31125827814621504,-0.5555555555555556,-0.2727272727272727,-0.05084745762711865,-0.01694915254237288,0.5555555555555556,0.2727272727272727,0.05084745762711865,0.01694915254237288,0.504708097928437,0.2557781201848998,-0.2222222222222222,-0.13636363636363635,0.6666666666666666,0.5909090909090909,0.9032258064496255,0.8666666666638372,-0.1290322580642322,-0.20000000000121265,0.709677419354744,0.800000000001819,1.0,0.9657142857156161
historical7d,MICRO,BUY,1790081566.449,1790081569.965,3.5160000324249268,32.0,35.0,163.0,165.0,0.9815950920245399,1.0606060606060606,54.000139236450195,50.999999046325684,52.00004577636719,52.500009536743164,1.038463301911015,0.9714283768011953,0.8649999999997817,-0.21500000000014552,0.8699999999989814,2.6699999999991633,0.8649999999997817,-0.21500000000014552,0.8699999999989814,2.6699999999991633,0.6679536679553383,0.08548707753493073,0.11153846153841938,0.22840034217280458,0.4666666666666667,-0.47058823529411764,0.08387096774193549,0.09433962264150944,0.4666666666666667,-0.47058823529411764,0.08387096774193549,0.09433962264150944,0.3827956989247312,-0.564927857935627,0.0967741935483871,-0.11764705882352941,0.8387096774193549,0.7058823529411765,0.7941176470597676,0.7250000000005684,-0.3235294117609294,-1.2750000000017052,1.3529411764674413,1.3500000000034107,0.9883945841397115,0.43043478260817136
historical7d,MICRO,SELL,1790081758.967,1790081758.967,0.0,26.0,26.0,109.0,109.0,1.1926605504587156,1.1926605504587156,55.00006675720215,55.00006675720215,55.00006675720215,55.00006675720215,1.0,1.0,-0.08999999999923602,-0.08999999999923602,-0.5799999999999272,-0.5799999999999272,0.08999999999923602,0.08999999999923602,0.5799999999999272,0.5799999999999272,0.14999999999886313,0.14999999999886313,0.17008797653957536,0.17008797653957536,0.04,0.04,0.0,0.0,-0.04,-0.04,-0.0,-0.0,-0.04,-0.04,-0.16,-0.16,0.6,0.6,1.1666666666666667,1.1666666666666667,0.08333333333143855,0.08333333333143855,0.6250000000028422,0.6250000000028422,0.8894472361803074,0.8894472361803074
historical7d,MICRO,BUY,1790081889.859,1790081889.859,0.0,26.0,26.0,123.0,123.0,1.056910569105691,1.056910569105691,50.99987983703613,50.99987983703613,53.50017547607422,53.50017547607422,0.9532656553592755,0.9532656553592755,0.49499999999898137,0.49499999999898137,1.694999999999709,1.694999999999709,0.49499999999898137,0.49499999999898137,1.694999999999709,1.694999999999709,0.39442231075584033,0.39442231075584033,0.3067873303164066,0.3067873303164066,0.44,0.44,0.24786324786324787,0.24786324786324787,0.44,0.44,0.24786324786324787,0.24786324786324787,0.19213675213675213,0.19213675213675213,0.04,0.04,0.88,0.88,0.9285714285698045,0.9285714285698045,0.1785714285689924,0.1785714285689924,1.4285714285746767,1.4285714285746767,1.0,1.0
historical7d,BURST,BUY,1790081889.859,1790081889.859,0.0,26.0,26.0,123.0,123.0,1.056910569105691,1.056910569105691,50.99987983703613,50.99987983703613,53.50017547607422,53.50017547607422,0.9532656553592755,0.9532656553592755,0.49499999999898137,0.49499999999898137,1.694999999999709,1.694999999999709,0.49499999999898137,0.49499999999898137,1.694999999999709,1.694999999999709,0.39442231075584033,0.39442231075584033,0.3067873303164066,0.3067873303164066,0.44,0.44,0.24786324786324787,0.24786324786324787,0.44,0.44,0.24786324786324787,0.24786324786324787,0.19213675213675213,0.19213675213675213,0.04,0.04,0.88,0.88,0.9285714285698045,0.9285714285698045,0.1785714285689924,0.1785714285689924,1.4285714285746767,1.4285714285746767,1.0,1.0
recent24h,PRIMARY,BUY,1790192053.48,1790192053.982,0.502000093460083,23.0,26.0,64.0,67.0,1.796875,1.9402985074626866,52.99997329711914,54.000139236450195,60.00018119812012,58.500051498413086,0.8833302206557286,0.9230784905875689,0.10500000000047294,0.20499999999992724,0.680000000000291,0.7150000000001455,0.10500000000047294,0.20499999999992724,0.680000000000291,0.7150000000001455,0.18260869565305418,0.31782945736401313,0.3207547169822491,0.33178654292424076,-0.2,0.0,-0.01639344262295082,-0.015873015873015872,-0.2,0.0,-0.01639344262295082,-0.015873015873015872,-0.1836065573770492,0.015873015873015872,0.045454545454545456,0.2,0.5,0.56,1.0799999999981083,1.0384615384659783,-0.6000000000021828,-0.038461538462480245,0.6000000000021828,0.5769230769232114,0.790697674418408,0.9534883720920395
recent24h,PRIMARY,SELL,1790193765.391,1790193767.9910002,2.6000001430511475,34.0,38.0,158.0,160.0,1.0759493670886076,1.1875,52.99997329711914,52.99973487854004,52.00004577636719,52.99973487854004,1.019229358471188,1.0,-0.42999999999847205,-2.5999999999994543,-2.484999999998763,-3.4249999999992724,0.42999999999847205,2.5999999999994543,2.484999999998763,3.4249999999992724,0.24431818181703086,0.6842105263152856,0.24044508950146695,0.3035002215327522,-0.1875,-0.5,-0.12258064516129032,-0.23076923076923078,0.1875,0.5,0.12258064516129032,0.23076923076923078,0.06491935483870968,0.2692307692307692,0.15151515151515152,0.13513513513513514,0.5454545454545454,0.7567567567567568,0.8285714285704634,0.45714285714456476,0.0,-0.45714285713936764,0.6857142857129493,1.199999999996362,0.8947368421043633,0.9908987485777317
recent24h,SECONDARY,SELL,1790193767.4940002,1790193767.9910002,0.49699997901916504,33.0,38.0,158.0,160.0,1.0443037974683544,1.1875,54.49986457824707,52.99973487854004,52.99997329711914,52.99973487854004,1.0282998497512348,1.0,-2.2849999999998545,-2.5999999999994543,-2.8749999999990905,-3.4249999999992724,2.2849999999998545,2.5999999999994543,2.8749999999990905,3.4249999999992724,0.5705368289633547,0.6842105263152856,0.24902555218691555,0.3035002215327522,-0.4375,-0.5,-0.1870967741935484,-0.23076923076923078,0.4375,0.5,0.1870967741935484,0.23076923076923078,0.2504032258064516,0.2692307692307692,0.03125,0.13513513513513514,0.90625,0.7567567567567568,0.6111111111123743,0.45714285714456476,-0.19444444444381284,-0.45714285713936764,1.0,1.199999999996362,0.9642004773266261,0.9908987485777317
recent24h,MICRO,SELL,1790193767.4940002,1790193767.9910002,0.49699997901916504,33.0,38.0,158.0,160.0,1.0443037974683544,1.1875,54.49986457824707,52.99973487854004,52.99997329711914,52.99973487854004,1.0282998497512348,1.0,-2.2849999999998545,-2.5999999999994543,-2.8749999999990905,-3.4249999999992724,2.2849999999998545,2.5999999999994543,2.8749999999990905,3.4249999999992724,0.5705368289633547,0.6842105263152856,0.24902555218691555,0.3035002215327522,-0.4375,-0.5,-0.1870967741935484,-0.23076923076923078,0.4375,0.5,0.1870967741935484,0.23076923076923078,0.2504032258064516,0.2692307692307692,0.03125,0.13513513513513514,0.90625,0.7567567567567568,0.6111111111123743,0.45714285714456476,-0.19444444444381284,-0.45714285713936764,1.0,1.199999999996362,0.9642004773266261,0.9908987485777317
recent24h,MICRO,SELL,1790194373.968,1790194373.968,0.0,21.0,21.0,123.0,123.0,0.8536585365853658,0.8536585365853658,51.49996280670166,51.49996280670166,52.99985408782959,52.99985408782959,0.9717000865956658,0.9717000865956658,-0.27000000000043656,-0.27000000000043656,-0.930000000000291,-0.930000000000291,0.27000000000043656,0.27000000000043656,0.930000000000291,0.930000000000291,0.39130434782849394,0.39130434782849394,0.18979591836742044,0.18979591836742044,-0.1,-0.1,-0.0743801652892562,-0.0743801652892562,0.1,0.1,0.0743801652892562,0.0743801652892562,0.025619834710743805,0.025619834710743805,-0.3,-0.3,0.7,0.7,1.0,1.0,0.06896551723975715,0.06896551723975715,0.3793103448265048,0.3793103448265048,0.9065420560761009,0.9065420560761009
recent24h,BURST,SELL,1790195523.451,1790195523.912,0.4609999656677246,27.0,25.0,88.0,87.0,1.534090909090909,1.4367816091954024,56.999921798706055,61.50031089782715,59.00001525878906,61.50031089782715,0.966100119613358,1.0,-0.7650000000003274,-0.5050000000001091,-2.2200000000002547,-1.9549999999999272,0.7650000000003274,0.5050000000001091,2.2200000000002547,1.9549999999999272,0.6860986547072692,0.5706214689236042,0.5842105263158285,0.5514809590970053,-0.6153846153846154,-0.4166666666666667,-0.4482758620689655,-0.4418604651162791,0.6153846153846154,0.4166666666666667,0.4482758620689655,0.4418604651162791,0.1671087533156499,-0.025193798449612392,0.07692307692307693,0.20833333333333334,0.6923076923076923,0.625,0.9642857142850182,0.8214285714277594,-0.2499999999983759,-0.392857142859579,0.857142857140073,1.0000000000032483,0.9559471365637249,0.9850374064834647
recent24h,PRIMARY,SELL,1790196024.809,1790196024.809,0.0,13.0,13.0,84.0,84.0,0.7738095238095237,0.7738095238095237,90.99996089935303,90.99996089935303,55.9999942779541,55.9999942779541,1.6249994678156172,1.6249994678156172,0.02999999999974534,0.02999999999974534,-0.7049999999999272,-0.7049999999999272,-0.02999999999974534,-0.02999999999974534,0.7049999999999272,0.7049999999999272,0.0833333333331228,0.0833333333331228,0.22560000000023936,0.22560000000023936,0.09090909090909091,0.09090909090909091,-0.06172839506172839,-0.06172839506172839,-0.09090909090909091,-0.09090909090909091,0.06172839506172839,0.06172839506172839,-0.1526374859708193,-0.1526374859708193,0.08333333333333333,0.08333333333333333,0.5833333333333334,0.5833333333333334,0.7307692307683562,0.7307692307683562,-0.2307692307709798,-0.2307692307709798,1.1538461538514009,1.1538461538514009,0.8993710691846636,0.8993710691846636
recent24h,SECONDARY,BUY,1790196065.932,1790196065.932,0.0,33.0,33.0,156.0,156.0,1.0576923076923077,1.0576923076923077,52.500009536743164,52.500009536743164,52.99997329711914,52.99997329711914,0.9905667167495884,0.9905667167495884,1.0,1.0,1.6599999999998545,1.6599999999998545,1.0,1.0,1.6599999999998545,1.6599999999998545,0.6535947712423273,0.6535947712423273,0.20672478206716602,0.20672478206716602,0.5483870967741935,0.5483870967741935,-0.0718954248366013,-0.0718954248366013,0.5483870967741935,0.5483870967741935,-0.0718954248366013,-0.0718954248366013,0.6202825216107948,0.6202825216107948,-0.1875,-0.1875,0.75,0.75,0.264705882353964,0.264705882353964,-0.5882352941184338,-0.5882352941184338,1.470588235297422,1.470588235297422,1.0,1.0
recent24h,MICRO,BUY,1790196103.82,1790196103.82,0.0,27.0,27.0,140.0,140.0,0.9642857142857143,0.9642857142857143,51.000118255615234,51.000118255615234,53.00021171569824,53.00021171569824,0.9622625382930198,0.9622625382930198,0.38000000000010914,0.38000000000010914,1.675000000000182,1.675000000000182,0.38000000000010914,0.38000000000010914,1.675000000000182,1.675000000000182,0.4578313253008748,0.4578313253008748,0.3037171350861437,0.3037171350861437,0.15384615384615385,0.15384615384615385,0.0962962962962963,0.0962962962962963,0.15384615384615385,0.15384615384615385,0.0962962962962963,0.0962962962962963,0.05754985754985756,0.05754985754985756,-0.07692307692307693,-0.07692307692307693,0.5384615384615384,0.5384615384615384,0.8000000000029104,0.8000000000029104,-0.1599999999962165,-0.1599999999962165,1.1999999999970896,1.1999999999970896,1.0,1.0
recent24h,PRIMARY,BUY,1790196504.42,1790196504.922,0.5019998550415039,15.0,14.0,78.0,77.0,0.9615384615384616,0.9090909090909091,123.49998950958252,105.99994659423828,54.99982833862305,55.00006675720215,2.2454613630649454,1.9272694170022584,-0.1999999999998181,0.04500000000007276,-0.44499999999970896,-0.2900000000008731,-0.1999999999998181,0.04500000000007276,-0.44499999999970896,-0.2900000000008731,0.5405405405402084,0.17647058823613332,0.19821826280571456,0.12946428571447785,0.07692307692307693,0.3333333333333333,-0.1388888888888889,-0.07042253521126761,0.07692307692307693,0.3333333333333333,-0.1388888888888889,-0.07042253521126761,0.21581196581196582,0.40375586854460094,-0.14285714285714285,0.07692307692307693,0.8571428571428571,0.7692307692307693,0.8928571428579549,0.7142857142857143,-0.07142857143019553,-0.10714285714204509,0.35714285714123306,0.5357142857134737,-0.745098039213798,-0.48717948717924797
recent24h,PRIMARY,SELL,1790203082.353,1790203082.952,0.5989999771118164,20.0,16.0,57.0,56.0,1.7543859649122806,1.4285714285714286,55.9999942779541,57.99984931945801,56.999921798706055,57.99984931945801,0.9824573878490014,1.0,-0.8549999999995634,-0.5300000000006548,-1.375,-1.4099999999998545,0.8549999999995634,0.5300000000006548,1.375,1.4099999999998545,0.8592964824125012,0.9137931034495195,0.6380510440844099,0.6497695852544567,-0.5555555555555556,-0.7333333333333333,-0.41818181818181815,-0.48148148148148145,0.5555555555555556,0.7333333333333333,0.41818181818181815,0.48148148148148145,0.13737373737373743,0.2518518518518518,0.05263157894736842,0.0,0.631578947368421,0.4666666666666667,1.0000000000037896,1.041666666667614,-0.20833333333049117,0.16666666666666666,0.6249999999990526,0.5833333333352281,1.0,1.0
recent24h,PRIMARY,BUY,1790227939.976,1790227939.976,0.0,13.0,13.0,50.0,50.0,1.3,1.3,97.9999303817749,97.9999303817749,99.99990463256836,99.99990463256836,0.9800002384188065,0.9800002384188065,0.16500000000087311,0.16500000000087311,0.9200000000000728,0.9200000000000728,0.16500000000087311,0.16500000000087311,0.9200000000000728,0.9200000000000728,0.3084112149549869,0.3084112149549869,0.26436781609159354,0.26436781609159354,0.16666666666666666,0.16666666666666666,-0.02040816326530612,-0.02040816326530612,0.16666666666666666,0.16666666666666666,-0.02040816326530612,-0.02040816326530612,0.18707482993197277,0.18707482993197277,0.5,0.5,0.5,0.5,0.547169811320949,0.547169811320949,-0.3207547169814235,-0.3207547169814235,0.641509433962847,0.641509433962847,1.0,1.0
recent24h,SECONDARY,SELL,1790230026.458,1790230026.655,0.19700002670288086,16.0,17.0,56.0,56.0,1.4285714285714286,1.517857142857143,55.00006675720215,55.500030517578125,99.99990463256836,99.99990463256836,0.5500011920940324,0.5550008344658227,-0.6999999999998181,-0.8749999999990905,-0.9600000000000364,-0.8699999999998909,0.6999999999998181,0.8749999999990905,0.9600000000000364,0.8699999999998909,0.4575163398703262,0.6410256410263586,0.23762376237656974,0.2208121827414173,-0.3333333333333333,-0.375,-0.09090909090909091,-0.09090909090909091,0.3333333333333333,0.375,0.09090909090909091,0.09090909090909091,0.2424242424242424,0.28409090909090906,-0.6,-0.4375,0.26666666666666666,0.1875,0.7123287671234242,0.6849315068488713,-0.4931506849319847,-0.3013698630126064,1.0410958904080916,1.0684931506826445,1.0,0.9792746113984949
recent24h,PRIMARY,SELL,1790243248.941,1790243248.941,0.0,17.0,17.0,54.0,54.0,1.574074074074074,1.574074074074074,56.999921798706055,56.999921798706055,99.00021553039551,99.00021553039551,0.5757555323827116,0.5757555323827116,0.125,0.125,0.09000000000014552,0.09000000000014552,-0.125,-0.125,-0.09000000000014552,-0.09000000000014552,0.2688172042999396,0.2688172042999396,0.04945054945058789,0.04945054945058789,-0.25,-0.25,-0.13725490196078433,-0.13725490196078433,0.25,0.25,0.13725490196078433,0.13725490196078433,0.11274509803921567,0.11274509803921567,0.0,0.0,0.5,0.5,0.7999999999994802,0.7999999999994802,-0.25714285714333973,-0.25714285714333973,0.5714285714307987,0.5714285714307987,-0.6603773584892709,-0.6603773584892709
recent24h,PRIMARY,BUY,1790244962.46,1790244962.708,0.247999906539917,26.0,24.0,71.0,73.0,1.8309859154929577,1.6438356164383563,54.000139236450195,54.000139236450195,61.499953269958496,68.49992275238037,0.8780517116722459,0.7883240895271475,0.23499999999967258,0.1999999999998181,1.5600000000004002,1.6400000000003274,0.23499999999967258,0.1999999999998181,1.5600000000004002,1.6400000000003274,0.24607329842922962,0.21739130434782608,0.4829721362224194,0.4954682779451138,0.36,0.30434782608695654,0.2857142857142857,0.3055555555555556,0.36,0.30434782608695654,0.2857142857142857,0.3055555555555556,0.07428571428571429,-0.0012077294685990392,-0.36,-0.34782608695652173,0.64,0.6521739130434783,0.8484848484870199,0.8484848484870199,-0.2727272727250178,-0.06060606060464083,0.5454545454527916,0.5454545454527916,0.7465564738287511,0.8347107438010979
recent24h,PRIMARY,BUY,1790245996.197,1790245996.197,0.0,10.0,10.0,54.0,54.0,0.9259259259259258,0.9259259259259258,101.00007057189941,101.00007057189941,102.99968719482422,102.99968719482422,0.9805861874207198,0.9805861874207198,0.32000000000061846,0.32000000000061846,0.31999999999970896,0.31999999999970896,0.32000000000061846,0.32000000000061846,0.31999999999970896,0.31999999999970896,0.9142857142889068,0.9142857142889068,0.12648221343895116,0.12648221343895116,0.75,0.75,0.3333333333333333,0.3333333333333333,0.75,0.75,0.3333333333333333,0.3333333333333333,0.4166666666666667,0.4166666666666667,0.2222222222222222,0.2222222222222222,0.7777777777777778,0.7777777777777778,0.7671232876725299,0.7671232876725299,-0.10958904109571974,-0.10958904109571974,0.8493150684912051,0.8493150684912051,1.0,1.0
recent24h,MICRO,BUY,1790247697.938,1790247697.938,0.0,24.0,24.0,104.0,104.0,1.1538461538461537,1.1538461538461537,54.000139236450195,54.000139236450195,55.00006675720215,55.00006675720215,0.9818195216895621,0.9818195216895621,0.9600000000000364,0.9600000000000364,2.8950000000004366,2.8950000000004366,0.9600000000000364,0.9600000000000364,2.8950000000004366,2.8950000000004366,0.5853658536577927,0.5853658536577927,0.4356659142208983,0.4356659142208983,0.391304347826087,0.391304347826087,0.0784313725490196,0.0784313725490196,0.391304347826087,0.391304347826087,0.0784313725490196,0.0784313725490196,0.31287297527706737,0.31287297527706737,-0.13043478260869565,-0.13043478260869565,0.782608695652174,0.782608695652174,0.7941176470597676,0.7941176470597676,-0.23529411764674413,-0.23529411764674413,1.1470588235272088,1.1470588235272088,0.9931153184163746,0.9931153184163746
recent24h,PRIMARY,SELL,1790248961.94,1790248961.94,0.0,17.0,17.0,103.0,103.0,0.8252427184466019,0.8252427184466019,52.99985408782959,52.99985408782959,55.00006675720215,55.00006675720215,0.9636325410621318,0.9636325410621318,0.5100000000002183,0.5100000000002183,-0.9549999999999272,-0.9549999999999272,-0.5100000000002183,-0.5100000000002183,0.9549999999999272,0.9549999999999272,0.6455696202527273,0.6455696202527273,0.20168954593448993,0.20168954593448993,0.0,0.0,-0.17647058823529413,-0.17647058823529413,-0.0,-0.0,0.17647058823529413,0.17647058823529413,-0.17647058823529413,-0.17647058823529413,0.1875,0.1875,0.6875,0.6875,0.9090909090889047,0.9090909090889047,-0.12121212121479374,-0.12121212121479374,0.7575757575786807,0.7575757575786807,0.25391849529760546,0.25391849529760546
recent24h,BURST,BUY,1790251280.4329998,1790251280.929,0.4960000514984131,29.0,32.0,112.0,112.0,1.2946428571428572,1.4285714285714286,52.500009536743164,52.99997329711914,52.99997329711914,52.99997329711914,0.9905667167495884,1.0,0.7950000000000728,0.5950000000002547,2.3400000000001455,2.550000000000182,0.7950000000000728,0.5950000000002547,2.3400000000001455,2.550000000000182,0.7681159420291638,0.6432432432421271,0.5053995680344775,0.5930232558134689,0.48148148148148145,0.4666666666666667,0.30275229357798167,0.3577981651376147,0.48148148148148145,0.4666666666666667,0.30275229357798167,0.3577981651376147,0.1787291879034998,0.10886850152905198,-0.39285714285714285,-0.41935483870967744,0.4642857142857143,0.3870967741935484,0.7878787878796231,0.8484848484842639,0.09090909091109531,-0.15151515151573614,0.7878787878796231,0.7272727272749823,0.96590909090904,0.9657794676805662
recent24h,BURST,BUY,1790256394.957,1790256394.957,0.0,36.0,36.0,98.0,98.0,1.8367346938775508,1.8367346938775508,51.999807357788086,51.999807357788086,52.00004577636719,52.00004577636719,0.9999954150313611,0.9999954150313611,0.21500000000014552,0.21500000000014552,2.305000000000291,2.305000000000291,0.21500000000014552,0.21500000000014552,2.305000000000291,2.305000000000291,0.13650793650749288,0.13650793650749288,0.5005428881643578,0.5005428881643578,0.08571428571428572,0.08571428571428572,0.23711340206185566,0.23711340206185566,0.08571428571428572,0.08571428571428572,0.23711340206185566,0.23711340206185566,-0.15139911634756995,-0.15139911634756995,0.4857142857142857,0.4857142857142857,0.4,0.4,0.900000000003638,0.900000000003638,0.23333333333596076,0.23333333333596076,0.8666666666694962,0.8666666666694962,0.9664570230600675,0.9664570230600675
recent24h,PRIMARY,BUY,1790257759.983,1790257759.983,0.0,29.0,29.0,177.0,177.0,0.8192090395480226,0.8192090395480226,52.99997329711914,52.99997329711914,50.50003528594971,50.50003528594971,1.0495036884036588,1.0495036884036588,-0.05499999999847205,-0.05499999999847205,3.5200000000004366,3.5200000000004366,-0.05499999999847205,-0.05499999999847205,3.5200000000004366,3.5200000000004366,0.03859649122696837,0.03859649122696837,0.16326530612244552,0.16326530612244552,-0.25925925925925924,-0.25925925925925924,-0.1695906432748538,-0.1695906432748538,-0.25925925925925924,-0.25925925925925924,-0.1695906432748538,-0.1695906432748538,-0.08966861598440545,-0.08966861598440545,0.03571428571428571,0.03571428571428571,0.6071428571428571,0.6071428571428571,0.4444444444442199,0.4444444444442199,-0.5555555555557801,-0.5555555555557801,1.4000000000008084,1.4000000000008084,0.48523206751080106,0.48523206751080106
recent24h,MICRO,BUY,1790259382.96,1790259382.96,0.0,33.0,33.0,161.0,161.0,1.0248447204968942,1.0248447204968942,52.99973487854004,52.99973487854004,52.99973487854004,52.99973487854004,1.0,1.0,0.6199999999998909,0.6199999999998909,2.360000000000582,2.360000000000582,0.6199999999998909,0.6199999999998909,2.360000000000582,2.360000000000582,0.3444444444440009,0.3444444444440009,0.24081632653051072,0.24081632653051072,0.0967741935483871,0.0967741935483871,0.018867924528301886,0.018867924528301886,0.0967741935483871,0.0967741935483871,0.018867924528301886,0.018867924528301886,0.07790626902008521,0.07790626902008521,0.1875,0.1875,0.75,0.75,0.7250000000005684,0.7250000000005684,-0.1,-0.1,0.8750000000017053,0.8750000000017053,0.9831932773113226,0.9831932773113226
recent24h,PRIMARY,BUY,1790259744.944,1790259744.944,0.0,26.0,26.0,96.0,96.0,1.3541666666666667,1.3541666666666667,52.99973487854004,52.99973487854004,55.9999942779541,55.9999942779541,0.9464239338218077,0.9464239338218077,0.4399999999995998,0.4399999999995998,1.9049999999997453,1.9049999999997453,0.4399999999995998,0.4399999999995998,1.9049999999997453,1.9049999999997453,0.43564356435790674,0.43564356435790674,0.4466588511134318,0.4466588511134318,0.2,0.2,0.24210526315789474,0.24210526315789474,0.2,0.2,0.24210526315789474,0.24210526315789474,-0.04210526315789473,-0.04210526315789473,-0.4,-0.4,0.52,0.52,0.8000000000031182,0.8000000000031182,0.22857142857417562,0.22857142857417562,0.9142857142837096,0.9142857142837096,0.9689922480622706,0.9689922480622706
recent24h,PRIMARY,BUY,1790262741.964,1790262741.964,0.0,9.0,9.0,60.0,60.0,0.75,0.75,88.99986743927002,88.99986743927002,53.999900817871094,53.999900817871094,1.6481487204846088,1.6481487204846088,0.22000000000025466,0.22000000000025466,0.49499999999989086,0.49499999999989086,0.22000000000025466,0.22000000000025466,0.49499999999989086,0.49499999999989086,0.4489795918382878,0.4489795918382878,0.20930232558128803,0.20930232558128803,0.5,0.5,0.15254237288135594,0.15254237288135594,0.5,0.5,0.15254237288135594,0.15254237288135594,0.34745762711864403,0.34745762711864403,0.5,0.5,0.5,0.5,0.8181818181833215,0.8181818181833215,0.0,0.0,0.5151515151518492,0.5151515151518492,1.0,1.0
recent24h,MICRO,BUY,1790265166.938,1790265166.938,0.0,31.0,31.0,93.0,93.0,1.6666666666666665,1.6666666666666665,53.00009250640869,53.00009250640869,53.00021171569824,53.00021171569824,0.9999977507771065,0.9999977507771065,0.43000000000029104,0.43000000000029104,2.3350000000000364,2.3350000000000364,0.43000000000029104,0.43000000000029104,2.3350000000000364,2.3350000000000364,0.32330827067692824,0.32330827067692824,0.4057341442220292,0.4057341442220292,0.2,0.2,0.34065934065934067,0.34065934065934067,0.2,0.2,0.34065934065934067,0.34065934065934067,-0.14065934065934066,-0.14065934065934066,-0.5,-0.5,0.36666666666666664,0.36666666666666664,0.8787878787879623,0.8787878787879623,0.18181818181943457,0.18181818181943457,0.5757575757592461,0.5757575757592461,0.9257731958761741,0.9257731958761741
recent24h,BURST,BUY,1790265168.984,1790265168.984,0.0,25.0,25.0,102.0,102.0,1.2254901960784315,1.2254901960784315,55.500030517578125,55.500030517578125,53.00021171569824,53.00021171569824,1.0471662040764915,1.0471662040764915,0.10500000000047294,0.10500000000047294,2.324999999999818,2.324999999999818,0.10500000000047294,0.10500000000047294,2.324999999999818,2.324999999999818,0.08502024291551047,0.08502024291551047,0.3629976580796113,0.3629976580796113,0.4166666666666667,0.4166666666666667,0.36633663366336633,0.36633663366336633,0.4166666666666667,0.4166666666666667,0.36633663366336633,0.36633663366336633,0.050330033003300356,0.050330033003300356,-0.4166666666666667,-0.4166666666666667,0.4166666666666667,0.4166666666666667,0.5625000000014211,0.5625000000014211,-0.031249999997868372,-0.031249999997868372,0.875,0.875,0.9829424307040233,0.9829424307040233
recent24h,PRIMARY,SELL,1790270166.463,1790270166.959,0.4960000514984131,37.0,35.0,141.0,145.0,1.3120567375886525,1.206896551724138,50.499916076660156,51.49996280670166,52.99985408782959,52.00016498565674,0.9528312284213722,0.9903807578477289,0.10999999999967258,0.010000000000218279,-1.9350000000004002,-1.7150000000001455,-0.10999999999967258,-0.010000000000218279,1.9350000000004002,1.7150000000001455,0.050691244239457506,0.004975124378213006,0.2595573440644109,0.22912491649966762,0.08571428571428572,0.21212121212121213,-0.014492753623188406,-0.014084507042253521,-0.08571428571428572,-0.21212121212121213,0.014492753623188406,0.014084507042253521,-0.10020703933747412,-0.22620571916346566,0.16666666666666666,0.20588235294117646,0.6111111111111112,0.7352941176470589,0.8571428571428571,0.8214285714310076,-1.2142857142873384,0.2857142857142857,1.5714285714285714,1.607142857140421,0.8193018480497813,0.659137577002759
recent24h,BURST,SELL,1790271044.474,1790271044.909,0.434999942779541,27.0,27.0,135.0,135.0,1.0,1.0,54.49998378753662,53.49993705749512,52.99985408782959,52.99973487854004,1.0283044118804754,1.009437824172166,-1.1199999999998909,-0.3350000000000364,-0.694999999999709,-0.04500000000007276,1.1199999999998909,0.3350000000000364,0.694999999999709,0.04500000000007276,0.7777777777759531,0.25283018867896034,0.12601994560277857,0.008219178082199062,-0.6923076923076923,-0.3076923076923077,-0.2537313432835821,-0.19402985074626866,0.6923076923076923,0.3076923076923077,0.2537313432835821,0.19402985074626866,0.4385763490241102,0.11366245694603905,0.038461538461538464,0.11538461538461539,0.6538461538461539,0.5769230769230769,0.9655172413785533,0.8965517241387961,-0.06896551723975715,-0.2413793103438543,0.4482758620725343,0.5172413793122914,0.9824561403504853,0.38596491227974994
recent24h,MICRO,SELL,1790271091.9740002,1790271091.9740002,0.0,27.0,27.0,92.0,92.0,1.4673913043478262,1.4673913043478262,52.49977111816406,52.49977111816406,54.000139236450195,54.000139236450195,0.9722154768580045,0.9722154768580045,-0.5,-0.5,-1.3299999999999272,-1.3299999999999272,0.5,0.5,1.3299999999999272,1.3299999999999272,0.3030303030307039,0.3030303030307039,0.29820627802670463,0.29820627802670463,-0.23076923076923078,-0.23076923076923078,-0.16483516483516483,-0.16483516483516483,0.23076923076923078,0.23076923076923078,0.16483516483516483,0.16483516483516483,0.06593406593406595,0.06593406593406595,0.0,0.0,0.8461538461538461,0.8461538461538461,0.8484848484842639,0.8484848484842639,0.0,0.0,0.42424242424350994,0.42424242424350994,0.8732394366207197,0.8732394366207197
recent24h,PRIMARY,SELL,1790271201.909,1790271201.909,0.0,22.0,22.0,97.0,97.0,1.1340206185567012,1.1340206185567012,55.00006675720215,55.00006675720215,55.9999942779541,55.9999942779541,0.9821441495906438,0.9821441495906438,0.2649999999994179,0.2649999999994179,-1.2000000000007276,-1.2000000000007276,-0.2649999999994179,-0.2649999999994179,1.2000000000007276,1.2000000000007276,0.28042328042275083,0.28042328042275083,0.27842227378163426,0.27842227378163426,0.3684210526315789,0.3684210526315789,0.0,0.0,-0.3684210526315789,-0.3684210526315789,-0.0,-0.0,-0.3684210526315789,-0.3684210526315789,-0.047619047619047616,-0.047619047619047616,0.7619047619047619,0.7619047619047619,0.707317073170894,0.707317073170894,-0.4634146341455299,-0.4634146341455299,0.8536585365865561,0.8536585365865561,0.6569579288033587,0.6569579288033587
recent24h,PRIMARY,SELL,1790271720.309,1790271720.915,0.6059999465942383,14.0,15.0,77.0,75.0,0.9090909090909091,1.0,53.999900817871094,52.99985408782959,61.00010871887207,60.00018119812012,0.8852426979554666,0.8833282338402362,-0.36999999999989086,-0.39499999999861757,-0.6449999999995271,-0.6849999999994907,0.36999999999989086,0.39499999999861757,0.6449999999995271,0.6849999999994907,0.804347826083475,0.7523809523762337,0.25244618395326873,0.2670565302145521,-0.5384615384615384,-0.5714285714285714,-0.0684931506849315,-0.08333333333333333,0.5384615384615384,0.5714285714285714,0.0684931506849315,0.08333333333333333,0.46996838777660693,0.4880952380952381,-0.15384615384615385,-0.14285714285714285,0.6923076923076923,0.7142857142857143,0.8484848484870199,0.8181818181805655,-0.12121212120928165,-0.09090909091109531,0.39393939393705546,0.42424242424350994,1.0,0.9318181818166316
recent24h,PRIMARY,SELL,1790272615.978,1790272615.978,0.0,16.0,16.0,79.0,79.0,1.0126582278481011,1.0126582278481011,62.000274658203125,62.000274658203125,58.500051498413086,58.500051498413086,1.0598328218546096,1.0598328218546096,-0.36999999999989086,-0.36999999999989086,-0.5349999999998545,-0.5349999999998545,0.36999999999989086,0.36999999999989086,0.5349999999998545,0.5349999999998545,0.52112676056587,0.52112676056587,0.15484804630998333,0.15484804630998333,-0.2,-0.2,-0.05128205128205128,-0.05128205128205128,0.2,0.2,0.05128205128205128,0.05128205128205128,0.14871794871794874,0.14871794871794874,0.3333333333333333,0.3333333333333333,0.6666666666666666,0.6666666666666666,0.7666666666647466,0.7666666666647466,-0.26666666666626243,-0.26666666666626243,0.6000000000006064,0.6000000000006064,0.9415204678370784,0.9415204678370784
recent24h,PRIMARY,BUY,1790275454.679,1790275457.985,3.305999994277954,14.0,27.0,84.0,95.0,0.8333333333333333,1.4210526315789473,53.999900817871094,52.00004577636719,55.00006675720215,53.999900817871094,0.9818151868115672,0.9629655793582114,0.13999999999941792,0.4349999999994907,0.930000000000291,1.1900000000005093,0.13999999999941792,0.4349999999994907,0.930000000000291,1.1900000000005093,0.23333333333222173,0.45549738219845426,0.29153605015728323,0.31564986737456074,0.3333333333333333,0.38461538461538464,0.1951219512195122,0.26881720430107525,0.3333333333333333,0.38461538461538464,0.1951219512195122,0.26881720430107525,0.1382113821138211,0.11579818031430938,0.07692307692307693,-0.038461538461538464,0.9230769230769231,0.8076923076923077,1.1228070175416203,0.9655172413785533,0.14035087719270253,-0.10344827586434,0.28070175438540507,0.41379310344795145,0.8507462686554197,0.9365079365065616
