window,interval,segment_id,engine,side,side_sign,entry_ts,raw_count2,raw_count10,event_rate_accel_2_10,median_iat2_ms,median_iat10_ms,iat_ratio_2_10,mid_move2,mid_move10,dir_mid_move2,dir_mid_move10,event_eff2,event_eff10,event_imb2,event_imb10,dir_event_imb2,dir_event_imb10,dir_imbalance_delta_2_10,quote_sidedness2,two_sided_update_frac2,spread_rel10,spread_change_rel2,spread_compression10,dir_range_position10
historical7d,500ms,0,PRIMARY,BUY,1,1789573826.844,8.0,30.0,1.3333333333333333,98.00028800964355,100.00038146972656,0.9799991416963894,0.2999999999992724,0.42999999999938154,0.2999999999992724,0.42999999999938154,1.0,0.37391304347754567,1.0,0.2413793103448276,1.0,0.2413793103448276,0.7586206896551724,-0.14285714285714285,0.5714285714285714,1.0,0.0,0.31034482758674764,1.0
historical7d,500ms,0,PRIMARY,BUY,1,1789574424.972,28.0,146.0,0.9589041095890412,52.00004577636719,51.999807357788086,1.0000045849896608,0.4600000000000364,3.149999999999636,0.4600000000000364,3.149999999999636,0.3650793650801213,0.43568464730277096,-0.18518518518518517,0.056338028169014086,-0.18518518518518517,0.056338028169014086,-0.24152321335419927,0.1111111111111111,0.37037037037037035,0.8620689655173496,0.06896551724289333,0.9310344827571067,0.9874015748028753
historical7d,500ms,0,PRIMARY,BUY,1,1789575064.35,14.0,72.0,0.9722222222222222,55.9999942779541,52.00004577636719,1.076922018853391,-0.005000000000109139,0.39499999999952706,-0.005000000000109139,0.39499999999952706,0.0204081632659122,0.14548802946589423,-0.07692307692307693,0.11428571428571428,-0.07692307692307693,0.11428571428571428,-0.1912087912087912,-0.38461538461538464,0.46153846153846156,1.0140845070412792,0.08450704225279945,0.2816901408460808,0.9272727272710435
historical7d,500ms,0,PRIMARY,SELL,-1,1789576948.978,27.0,139.0,0.9712230215827338,50.99987983703613,51.000118255615234,0.9999953251367397,-0.44499999999970896,-0.7449999999998909,0.44499999999970896,0.7449999999998909,0.640287769784022,0.17674970344010105,-0.3076923076923077,-0.12408759124087591,0.3076923076923077,0.12408759124087591,0.18360471645143178,0.5,0.34615384615384615,0.9230769230753086,-0.03846153846234571,0.7692307692294238,1.0
historical7d,500ms,0,PRIMARY,SELL,-1,1789577693.868,19.0,84.0,1.130952380952381,51.000118255615234,52.00028419494629,0.9807661447467962,-0.24499999999989086,0.10999999999967258,0.24499999999989086,-0.10999999999967258,0.46666666666597373,0.03999999999976188,-0.2222222222222222,-0.04878048780487805,0.2222222222222222,0.04878048780487805,0.17344173441734417,-0.16666666666666666,0.6111111111111112,0.7391304347814052,-0.043478260870424855,0.8695652173887254,0.09090909090799759
historical7d,500ms,0,PRIMARY,SELL,-1,1789579129.2659998,21.0,90.0,1.1666666666666667,52.500128746032715,53.00021171569824,0.9905645099618082,-0.5300000000006548,-1.0650000000005093,0.5300000000006548,1.0650000000005093,0.5955056179774363,0.2843791722294385,-0.3684210526315789,-0.045454545454545456,0.3684210526315789,0.045454545454545456,0.32296650717703346,-0.35,0.65,1.0,-0.13793103448578667,0.3793103448265048,0.942528735633013
historical7d,500ms,0,PRIMARY,BUY,1,1789580254.921,29.0,79.0,1.8354430379746836,50.99987983703613,55.9999942779541,0.9107122330030952,1.0,1.6899999999995998,1.0,1.6899999999995998,0.5813953488362009,0.5168195718653958,0.35714285714285715,0.16883116883116883,0.35714285714285715,0.16883116883116883,0.18831168831168832,0.17857142857142858,0.8214285714285714,0.9310344827602428,0.0,0.620689655170359,0.9098591549287085
historical7d,500ms,0,PRIMARY,BUY,1,1789581649.428,26.0,111.0,1.1711711711711712,51.000118255615234,51.49996280670166,0.9902942735519533,0.27000000000043656,0.29500000000007276,0.27000000000043656,0.29500000000007276,0.16666666666722807,0.06190975865680133,0.12,-0.027522935779816515,0.12,-0.027522935779816515,0.1475229357798165,0.04,0.72,0.9062500000007105,-0.062499999998578915,0.46875000000213163,0.3333333333340551
historical7d,500ms,0,PRIMARY,BUY,1,1789582223.908,28.0,104.0,1.346153846153846,51.999807357788086,52.00004577636719,0.9999954150313611,-0.1749999999992724,0.35500000000047294,-0.1749999999992724,0.35500000000047294,0.12727272727253486,0.10070921985848248,-0.07692307692307693,0.04950495049504951,-0.07692307692307693,0.04950495049504951,-0.12642802741812642,0.14814814814814814,0.7037037037037037,0.8529411764701161,-0.49999999999732503,0.617647058823372,0.11811023622317918
historical7d,500ms,0,PRIMARY,SELL,-1,1789583356.946,21.0,88.0,1.1931818181818181,54.000020027160645,52.99973487854004,1.0188733991012024,-0.6900000000005093,-0.9200000000000728,0.6900000000005093,0.9200000000000728,0.7582417582409235,0.28840125391814314,-0.3684210526315789,-0.023809523809523808,0.3684210526315789,0.023809523809523808,0.34461152882205515,0.15,0.65,0.8571428571398874,-0.11428571428549156,0.3142857142870507,0.9004975124391796
historical7d,500ms,0,PRIMARY,SELL,-1,1789586926.748,23.0,76.0,1.5131578947368423,50.50003528594971,92.00000762939453,0.548913381500793,0.23000000000047294,0.11499999999978172,-0.23000000000047294,-0.11499999999978172,0.3108108108119236,0.04070796460170837,0.2727272727272727,0.06666666666666667,-0.2727272727272727,-0.06666666666666667,-0.20606060606060606,0.3181818181818182,0.4090909090909091,0.7272727272722261,-0.30303030303147227,0.636363636366643,-0.25301204819393286
historical7d,500ms,0,PRIMARY,BUY,1,1789592304.8969998,23.0,90.0,1.2777777777777777,52.49989032745361,51.999568939208984,1.0096216449184328,0.22000000000025466,2.069999999999709,0.22000000000025466,2.069999999999709,0.4000000000003307,0.6142433234415727,0.047619047619047616,0.3409090909090909,0.047619047619047616,0.3409090909090909,-0.29329004329004327,-0.5,0.3181818181818182,0.7792207792193679,-0.6233766233788016,0.7792207792217303,0.9809069212414956
historical7d,500ms,0,PRIMARY,SELL,-1,1789593033.9889998,35.0,171.0,1.023391812865497,50.999999046325684,50.499916076660156,1.009902649519385,1.5,-1.6299999999991996,-1.5,1.6299999999991996,0.2868068833654242,0.10174781523090856,-0.11764705882352941,-0.08235294117647059,0.11764705882352941,0.08235294117647059,0.03529411764705882,0.0,0.7058823529411765,0.5454545454566125,-0.5454545454545454,1.954545454546488,0.039487726787515665
historical7d,500ms,0,PRIMARY,SELL,-1,1789594424.963,37.0,191.0,0.9685863874345549,50.00007152557373,50.00019073486328,0.9999976158233039,0.1500000000005457,-3.2349999999996726,-0.1500000000005457,3.2349999999996726,0.025295109612244075,0.07659524091393669,-0.05555555555555555,-0.037037037037037035,0.05555555555555555,0.037037037037037035,0.018518518518518517,0.1111111111111111,0.6666666666666666,0.4285714285705005,-0.5714285714294994,2.9428571428584793,0.4770819883795129
historical7d,500ms,0,PRIMARY,SELL,-1,1789595292.485,37.0,174.0,1.0632183908045978,52.00004577636719,50.99987983703613,1.0196111430561594,0.3400000000001455,-1.8450000000002547,-0.3400000000001455,1.8450000000002547,0.1359999999998603,0.1560253699788343,0.05555555555555555,-0.1411764705882353,-0.05555555555555555,0.1411764705882353,-0.19673202614379084,0.08333333333333333,0.75,0.707317073170894,-0.48780487805072825,1.243902439023146,0.7084112149536269
historical7d,500ms,0,PRIMARY,SELL,-1,1789596332.446,29.0,139.0,1.0431654676258992,52.00004577636719,52.00028419494629,0.999995415052383,-0.06500000000050932,2.25,0.06500000000050932,-2.25,0.02748414376345256,0.20756457564582334,-0.14285714285714285,-0.10144927536231885,0.14285714285714285,0.10144927536231885,0.041407867494824,-0.32142857142857145,0.4642857142857143,0.7058823529402324,-0.38235294117662794,1.117647058823372,-0.852882703777037
historical7d,500ms,0,PRIMARY,SELL,-1,1789597139.999,36.0,145.0,1.2413793103448276,51.000118255615234,51.999807357788086,0.980775138352063,-0.42999999999938154,-2.719999999999345,0.42999999999938154,2.719999999999345,0.2097560975606553,0.2674532940019959,-0.11764705882352941,-0.25874125874125875,0.11764705882352941,0.25874125874125875,-0.14109419991772934,0.0,0.7142857142857143,0.9666666666688899,-1.200000000001819,1.8000000000042442,0.9575856443716034
historical7d,500ms,0,PRIMARY,SELL,-1,1789598203.407,32.0,173.0,0.9248554913294798,50.99964141845703,50.499916076660156,1.009895567767643,-0.7849999999998545,-2.6450000000004366,0.7849999999998545,2.6450000000004366,0.550877192981229,0.2703117015841059,-0.6,-0.35714285714285715,0.6,0.35714285714285715,0.24285714285714283,-0.3225806451612903,0.4838709677419355,0.7727272727267089,-0.136363636362321,2.863636363633545,1.0
historical7d,500ms,0,PRIMARY,BUY,1,1789598739.483,30.0,150.0,1.0,50.00019073486328,51.000118255615234,0.980393623486513,0.944999999999709,1.6700000000000728,0.944999999999709,1.6700000000000728,0.440559440560336,0.14857651245554943,0.07142857142857142,0.10344827586206896,0.07142857142857142,0.10344827586206896,-0.03201970443349754,-0.3448275862068966,0.5172413793103449,0.5652173913047777,-0.28260869565041163,1.239130434781878,0.8752107925804127
historical7d,500ms,0,PRIMARY,BUY,1,1789599541.468,31.0,140.0,1.1071428571428572,50.99964141845703,51.000118255615234,0.9999906502734796,-0.020000000000436557,0.8899999999994179,-0.020000000000436557,0.8899999999994179,0.011904761905032587,0.1711538461536504,0.13333333333333333,0.2318840579710145,0.13333333333333333,0.2318840579710145,-0.09855072463768116,-0.03333333333333333,0.5666666666666667,0.805970149256041,-0.35820895522400215,0.9850746268666847,0.9221789883266114
historical7d,500ms,0,PRIMARY,BUY,1,1789615338.474,17.0,59.0,1.4406779661016949,74.50008392333984,73.50015640258789,1.0136044271154332,-0.15999999999985448,0.005000000000109139,-0.15999999999985448,0.005000000000109139,0.2857142857152138,0.001949317738831512,0.0,-0.10344827586206896,0.0,-0.10344827586206896,0.10344827586206896,-0.1875,0.4375,0.6829268292679139,-0.34146341463506613,0.4634146341477482,0.21259842519712113
historical7d,500ms,0,PRIMARY,BUY,1,1789616035.973,11.0,60.0,0.9166666666666666,51.49996280670166,51.000118255615234,1.0098008508251133,-0.125,0.4600000000000364,-0.125,0.4600000000000364,0.4098360655733794,0.1900826446283228,-0.1111111111111111,-0.06896551724137931,-0.1111111111111111,-0.06896551724137931,-0.042145593869731796,-0.5,0.5,0.7777777777777778,-0.41666666666856145,0.4722222222228538,0.3939393939398115
historical7d,500ms,0,PRIMARY,BUY,1,1789618080.499,10.0,82.0,0.6097560975609757,245.99981307983398,93.99986267089844,2.6170231114177303,-0.0749999999998181,-1.3800000000001091,-0.0749999999998181,-1.3800000000001091,0.15463917525688134,0.339901477832658,-0.5555555555555556,-0.5555555555555556,-0.5555555555555556,-0.5555555555555556,0.0,-0.3333333333333333,0.2222222222222222,0.27777777777904095,-0.4166666666660351,1.1944444444463391,-0.806853582553758
historical7d,500ms,0,PRIMARY,BUY,1,1789618633.982,12.0,76.0,0.7894736842105263,101.99999809265137,51.999807357788086,1.9615456917144651,0.09000000000014552,0.9849999999996726,0.09000000000014552,0.9849999999996726,0.16981132075536454,0.18291550603530765,0.45454545454545453,0.22666666666666666,0.45454545454545453,0.22666666666666666,0.22787878787878788,0.18181818181818182,0.45454545454545453,0.5454545454545454,-0.2272727272737608,0.6818181818192154,0.8992805755400108
historical7d,500ms,0,PRIMARY,SELL,-1,1789621006.3980002,16.0,85.0,0.9411764705882353,144.00005340576172,77.49998569488525,1.8580655482013237,0.6850000000013097,1.0450000000000728,-0.6850000000013097,-1.0450000000000728,0.6815920398016073,0.18253275109187816,0.4666666666666667,0.07142857142857142,-0.4666666666666667,-0.07142857142857142,-0.3952380952380953,0.26666666666666666,0.4666666666666667,0.4423076923090041,-0.44230769230725503,0.7115384615371497,-0.945525291829014
historical7d,500ms,0,PRIMARY,SELL,-1,1789623087.402,5.0,81.0,0.308641975308642,174.4999885559082,52.00016498565674,3.355758363536745,0.010000000000218279,0.4750000000003638,-0.010000000000218279,-0.4750000000003638,0.058823529413023525,0.12855209742900334,0.0,0.05,-0.0,-0.05,0.05,-0.5,0.5,0.7435897435890261,-0.10256410256392318,0.6666666666666666,-0.009708737864283501
historical7d,500ms,0,PRIMARY,BUY,1,1789626636.3049998,6.0,47.0,0.6382978723404255,203.99999618530273,100.00014305114746,2.039997043613848,0.22000000000116415,0.04500000000007276,0.22000000000116415,0.04500000000007276,0.7096774193555958,0.012244897959199835,0.6,0.043478260869565216,0.6,0.043478260869565216,0.5565217391304348,-0.2,0.8,0.9333333333319186,0.5333333333325249,1.1333333333361628,1.0
historical7d,500ms,0,PRIMARY,BUY,1,1789635294.824,17.0,55.0,1.5454545454545454,50.00019073486328,98.49989414215088,0.507616695127663,-0.06999999999970896,-0.3999999999996362,-0.06999999999970896,-0.3999999999996362,0.08749999999931787,0.19138755980775876,-0.3333333333333333,-0.19230769230769232,-0.3333333333333333,-0.19230769230769232,-0.141025641025641,0.0,0.5,1.0,-0.6666666666632982,0.6666666666632982,-0.89655172413566
historical7d,500ms,0,PRIMARY,BUY,1,1789639759.456,15.0,53.0,1.4150943396226416,54.000139236450195,77.00002193450928,0.7013003097892473,0.7250000000003638,1.0400000000008731,0.7250000000003638,1.0400000000008731,0.5642023346314958,0.3312101910833339,0.14285714285714285,0.038461538461538464,0.14285714285714285,0.038461538461538464,0.10439560439560439,0.07142857142857142,0.7857142857142857,0.724137931034699,-0.3103448275836114,0.8965517241387961,0.7161290322587761
historical7d,500ms,0,PRIMARY,BUY,1,1789640864.822,9.0,45.0,1.0,98.00004959106445,101.50015354156494,0.9655162694008421,0.05999999999949068,-1.5050000000010186,0.05999999999949068,-1.5050000000010186,0.260869565215672,0.6336842105282007,0.0,-0.3953488372093023,0.0,-0.3953488372093023,0.3953488372093023,0.25,0.5,0.8787878787879623,0.1212121212120377,0.6969696969712837,-0.8753894081004052
historical7d,500ms,0,PRIMARY,SELL,-1,1789643496.452,12.0,30.0,2.0,97.99981117248535,150.00009536743164,0.6533316591061534,-0.2250000000003638,-0.32999999999992724,0.2250000000003638,0.32999999999992724,0.5421686746985311,0.3837209302305906,0.09090909090909091,-0.034482758620689655,-0.09090909090909091,0.034482758620689655,-0.12539184952978055,0.8181818181818182,0.18181818181818182,0.5901639344266206,-0.3606557377035004,0.6557377049168107,0.5730337078646174
historical7d,500ms,0,PRIMARY,SELL,-1,1789644738.46,9.0,82.0,0.5487804878048781,102.4998426437378,52.00028419494629,1.9711400472249605,0.1750000000001819,-1.175000000000182,-0.1750000000001819,1.175000000000182,0.42168674698842706,0.23198420533075512,0.0,0.025,-0.0,-0.025,0.025,-0.25,0.75,0.7142857142858999,-0.31428571428486046,0.7999999999994802,0.06183368869956374
historical7d,500ms,0,PRIMARY,SELL,-1,1789648231.488,30.0,94.0,1.5957446808510638,51.000118255615234,52.99997329711914,0.9622668669983535,-1.0850000000000364,-1.2849999999998545,1.0850000000000364,1.2849999999998545,0.5636363636368619,0.30486358244426637,-0.35714285714285715,-0.18681318681318682,0.35714285714285715,0.18681318681318682,0.17032967032967034,-0.3103448275862069,0.6206896551724138,0.9199999999982538,-0.4400000000023283,1.0800000000017462,0.9120879120886443
historical7d,500ms,0,PRIMARY,BUY,1,1789653260.327,6.0,35.0,0.8571428571428571,56.999921798706055,150.49993991851807,0.3787371731149281,0.08500000000003638,-0.25,0.08500000000003638,-0.25,0.5151515151575283,0.154320987654418,0.6,0.11764705882352941,0.6,0.11764705882352941,0.48235294117647054,-0.4,0.2,0.882352941176628,-0.0882352941168603,0.4411764705896515,-0.35632183908238235
historical7d,500ms,0,PRIMARY,SELL,-1,1789655867.452,12.0,57.0,1.0526315789473684,97.0001220703125,97.49996662139893,0.9948733874645581,-0.21499999999923602,-0.4000000000005457,0.21499999999923602,0.4000000000005457,0.5308641975293117,0.18957345971658157,-0.2,-0.05454545454545454,0.2,0.05454545454545454,0.14545454545454548,-0.09090909090909091,0.7272727272727273,1.0344827586183105,0.034482758618310475,0.3103448275898838,0.8058252427178636
historical7d,500ms,0,PRIMARY,BUY,1,1789656821.38,22.0,71.0,1.5492957746478875,51.000118255615234,50.99987983703613,1.0000046748851148,0.6450000000004366,1.8200000000006185,0.6450000000004366,1.8200000000006185,0.6,0.46666666666675993,0.3333333333333333,0.08571428571428572,0.3333333333333333,0.08571428571428572,0.2476190476190476,0.3333333333333333,0.38095238095238093,0.8888888888866432,-0.4074074074089045,0.8888888888900117,1.0
historical7d,500ms,0,PRIMARY,BUY,1,1789658183.969,23.0,106.0,1.0849056603773586,51.999688148498535,52.00004577636719,0.9999931225470418,0.34499999999934516,1.7749999999996362,0.34499999999934516,1.7749999999996362,0.29361702127622025,0.3377735490008168,0.23809523809523808,0.13725490196078433,0.23809523809523808,0.13725490196078433,0.10084033613445376,0.045454545454545456,0.5909090909090909,0.710526315788025,-0.1842105263173641,0.6315789473676653,0.8597402597400463
historical7d,500ms,0,PRIMARY,BUY,1,1789659697.811,12.0,80.0,0.75,96.9998836517334,95.00002861022949,1.0210510993602855,0.22000000000025466,1.305000000000291,0.22000000000025466,1.305000000000291,0.6285714285698695,0.3024333719580618,0.6363636363636364,0.4936708860759494,0.6363636363636364,0.4936708860759494,0.14269275028768696,0.6363636363636364,0.36363636363636365,0.7333333333348492,-0.6666666666666666,0.8333333333340912,1.0
historical7d,500ms,0,PRIMARY,SELL,-1,1789660805.488,36.0,159.0,1.1320754716981132,50.00019073486328,50.00019073486328,1.0,-1.7150000000001455,-6.270000000000437,1.7150000000001455,6.270000000000437,0.28559533721895997,0.3526434195726011,-0.02857142857142857,-0.09554140127388536,0.02857142857142857,0.09554140127388536,-0.06696997270245679,0.22857142857142856,0.6571428571428571,0.7187500000021316,0.21875000000213163,0.875,0.8019943019943973
historical7d,500ms,0,PRIMARY,BUY,1,1789661749.9420002,29.0,143.0,1.013986013986014,50.999999046325684,50.999999046325684,1.0,-0.9349999999994907,0.44500000000061846,-0.9349999999994907,0.44500000000061846,0.6012861736337038,0.06108442004119799,-0.21428571428571427,-0.05714285714285714,-0.21428571428571427,-0.05714285714285714,-0.15714285714285714,-0.42857142857142855,0.35714285714285715,0.7777777777777778,-0.41666666666856145,0.5000000000012632,-0.2651757188491496
historical7d,500ms,0,PRIMARY,SELL,-1,1789663504.984,35.0,150.0,1.1666666666666667,49.99983310699463,50.99987983703613,0.980391194386398,-1.7199999999993452,-2.2849999999998545,1.7199999999993452,2.2849999999998545,0.6187050359708417,0.24662709120355047,-0.375,-0.1292517006802721,0.375,0.1292517006802721,0.2457482993197279,0.17647058823529413,0.7647058823529411,0.7435897435930922,-0.25641025640923987,0.5128205128184797,0.972891566265014
historical7d,500ms,0,PRIMARY,BUY,1,1789664819.497,32.0,128.0,1.25,51.000118255615234,52.00004577636719,0.980770641528812,0.215000000001055,1.6900000000005093,0.215000000001055,1.6900000000005093,0.26380368098184154,0.26040061633283396,0.16129032258064516,0.031746031746031744,0.16129032258064516,0.031746031746031744,0.1295442908346134,-0.3225806451612903,0.3548387096774194,0.9062499999994227,0.1562500000004885,0.656249999999778,1.0
historical7d,500ms,0,PRIMARY,SELL,-1,1789666760.28,25.0,85.0,1.4705882352941178,52.00004577636719,53.49993705749512,0.9719646159673789,-0.37999999999919964,-0.8400000000001455,0.37999999999919964,0.8400000000001455,0.23456790123422136,0.2033898305081909,0.16666666666666666,-0.07317073170731707,-0.16666666666666666,0.07317073170731707,-0.2398373983739837,0.041666666666666664,0.5416666666666666,0.9333333333319186,0.13333333333313122,0.3999999999993937,0.5280898876396993
historical7d,500ms,0,PRIMARY,SELL,-1,1789668684.972,15.0,84.0,0.8928571428571428,99.49994087219238,54.99982833862305,1.8090954804366108,-0.3000000000001819,-0.13999999999941792,0.3000000000001819,0.13999999999941792,0.5454545454564997,0.04242424242409878,-0.42857142857142855,0.03614457831325301,0.42857142857142855,-0.03614457831325301,0.46471600688468157,-0.21428571428571427,0.5,0.8169014084531219,0.05633802817024094,0.5070422535167967,0.969849246232295
historical7d,500ms,0,PRIMARY,BUY,1,1789670449.961,15.0,62.0,1.2096774193548387,75.5000114440918,99.00021553039551,0.7626247179321689,-0.010000000000218279,0.22999999999956344,-0.010000000000218279,0.22999999999956344,0.011111111111358134,0.10222222222219347,-0.14285714285714285,0.06666666666666667,-0.14285714285714285,0.06666666666666667,-0.2095238095238095,0.14285714285714285,0.5714285714285714,0.954545454544515,-0.09090909091097003,0.590909090908903,0.4206896551718773
historical7d,500ms,0,PRIMARY,BUY,1,1789671602.393,30.0,83.0,1.8072289156626504,50.99987983703613,51.000118255615234,0.9999953251367397,0.625,0.6700000000000728,0.625,0.6700000000000728,0.29976019184690983,0.1599045346062726,0.25925925925925924,0.08860759493670886,0.25925925925925924,0.08860759493670886,0.17065166432255038,-0.27586206896551724,0.7241379310344828,1.0740740740758208,0.11111111111036255,0.7037037037034541,0.5480769230775369
historical7d,500ms,0,PRIMARY,SELL,-1,1789673571.864,4.0,69.0,0.2898550724637681,52.00028419494629,58.00008773803711,0.8965552678094298,0.024999999999636202,-0.6149999999997817,-0.024999999999636202,0.6149999999997817,0.384615384606774,0.22323049001798706,0.3333333333333333,-0.13432835820895522,-0.3333333333333333,0.13432835820895522,-0.46766169154228854,-0.3333333333333333,0.6666666666666666,0.9166666666685614,0.04166666666761406,1.0,0.3666666666667341
historical7d,500ms,0,PRIMARY,SELL,-1,1789681108.4099998,17.0,55.0,1.5454545454545454,76.5000581741333,100.00014305114746,0.7649994874007882,-0.27000000000043656,-0.7300000000004729,0.27000000000043656,0.7300000000004729,0.6136363636366455,0.36868686868735817,-0.6,-0.5,0.6,0.5,0.09999999999999998,-0.125,0.5,1.0799999999981083,-0.08000000000174623,0.32000000000334694,0.9597315436257178
historical7d,500ms,0,PRIMARY,BUY,1,1789702326.9910002,9.0,48.0,0.9375,126.50001049041748,98.00028800964355,1.2908126400400932,-0.10999999999876309,-0.25,-0.10999999999876309,-0.25,0.2291666666642982,0.09727626459151956,-0.25,-0.043478260869565216,-0.25,-0.043478260869565216,-0.20652173913043478,-0.25,0.75,0.6444444444446241,-0.3111111111099434,0.48888888888965243,-0.904761904759705
historical7d,500ms,0,PRIMARY,BUY,1,1789705225.456,6.0,34.0,0.8823529411764706,51.000118255615234,150.00009536743164,0.340000572204226,0.08500000000003638,0.3999999999996362,0.08500000000003638,0.3999999999996362,0.4857142857139887,0.19704433497530324,0.6,0.15151515151515152,0.6,0.15151515151515152,0.4484848484848485,0.6,0.0,0.40000000000080843,-0.33333333333265963,0.7777777777789006,1.0
historical7d,500ms,0,PRIMARY,SELL,-1,1789706581.792,19.0,36.0,2.638888888888889,53.00009250640869,101.99999809265137,0.5196087597792525,-0.39500000000043656,-0.8500000000003638,0.39500000000043656,0.8500000000003638,0.30038022813751325,0.3441295546566158,-0.2222222222222222,-0.37142857142857144,0.2222222222222222,0.37142857142857144,-0.14920634920634923,0.16666666666666666,0.6111111111111112,0.578947368419163,-0.3421052631580837,0.7894736842131717,0.7171717171728307
historical7d,500ms,0,PRIMARY,SELL,-1,1789712211.0449998,5.0,31.0,0.8064516129032258,226.99987888336182,175.5000352859497,1.2934463432642689,-0.09499999999934516,-0.009999999999308784,0.09499999999934516,0.009999999999308784,1.0,0.006451612902786675,-1.0,-0.26666666666666666,1.0,0.26666666666666666,0.7333333333333334,-1.0,0.0,0.564102564104059,-0.4871794871791882,0.6923076923075129,0.9285714285698818
historical7d,500ms,0,PRIMARY,BUY,1,1789713750.544,9.0,35.0,1.2857142857142858,101.99999809265137,125.49996376037598,0.8127492234771128,-0.09999999999854481,-0.1749999999992724,-0.09999999999854481,-0.1749999999992724,0.6249999999914735,0.12195121951157678,-0.5,-0.11764705882352941,-0.5,-0.11764705882352941,-0.38235294117647056,-0.25,0.0,0.8285714285704634,-0.28571428571502816,0.4857142857139887,-1.0
historical7d,500ms,0,PRIMARY,BUY,1,1789721882.816,16.0,34.0,2.3529411764705883,55.9999942779541,100.00014305114746,0.5599991416943431,0.02999999999974534,0.44500000000061846,0.02999999999974534,0.44500000000061846,0.024590163934175697,0.20843091334912572,-0.3333333333333333,-0.2727272727272727,-0.3333333333333333,-0.2727272727272727,-0.06060606060606061,-0.06666666666666667,0.5333333333333333,0.8771929824551886,-0.14035087719270253,0.8771929824551886,0.1948051948046119
historical7d,500ms,0,PRIMARY,BUY,1,1789723385.334,10.0,55.0,0.9090909090909091,97.99981117248535,97.99981117248535,1.0,0.03999999999996362,0.14499999999952706,0.03999999999996362,0.14499999999952706,0.16666666666729826,0.05906313645608657,0.3333333333333333,0.09433962264150944,0.3333333333333333,0.09433962264150944,0.23899371069182387,-0.6666666666666666,0.3333333333333333,0.5102040816328803,-0.40816326530593305,0.7142857142849188,0.9007092198559785
historical7d,500ms,0,PRIMARY,SELL,-1,1789730727.814,13.0,61.0,1.0655737704918034,121.99997901916504,99.49994087219238,1.2261311710312868,-0.19499999999970896,-0.3600000000005821,0.19499999999970896,0.3600000000005821,0.6393442622897046,0.16143497757863629,-0.16666666666666666,-0.1864406779661017,0.16666666666666666,0.1864406779661017,-0.01977401129943504,0.8333333333333334,0.16666666666666666,0.9090909090916608,-0.1515151515129801,0.39393939393981153,1.0
historical7d,500ms,0,PRIMARY,BUY,1,1789733442.87,18.0,48.0,1.875,52.00004577636719,98.00028800964355,0.530611152604472,1.2899999999990541,1.2249999999994543,1.2899999999990541,1.2249999999994543,0.6789473684213349,0.4528650646952765,0.5294117647058824,0.06382978723404255,0.5294117647058824,0.06382978723404255,0.4655819774718398,-0.23529411764705882,0.7647058823529411,0.8363636363650795,0.07272727272883615,0.7999999999973542,0.9243986254291494
historical7d,500ms,0,PRIMARY,SELL,-1,1789735360.477,16.0,56.0,1.4285714285714286,51.000118255615234,53.00021171569824,0.9622625382930198,0.11000000000058208,-0.8949999999995271,-0.11000000000058208,0.8949999999995271,0.22916666666808774,0.35445544554429054,0.06666666666666667,-0.09433962264150944,-0.06666666666666667,0.09433962264150944,-0.16100628930817612,-0.3333333333333333,0.5333333333333333,0.8928571428579549,-0.14285714285714285,0.750000000000812,0.7904761904751181
historical7d,500ms,1,PRIMARY,SELL,-1,1789742547.998,5.0,47.0,0.5319148936170213,502.9999017715454,99.99990463256836,5.030003814700904,-0.010000000000218279,-0.3249999999989086,0.010000000000218279,0.3249999999989086,0.11111111111335678,0.1851851851848397,-0.5,-0.391304347826087,0.5,0.391304347826087,0.10869565217391303,0.5,0.5,0.9166666666672982,0.05555555555429237,0.5555555555555556,0.9677419354831611
historical7d,500ms,1,PRIMARY,SELL,-1,1789743963.4339998,35.0,148.0,1.1824324324324325,49.99995231628418,50.99987983703613,0.9803935318289553,-0.8250000000007276,-1.2400000000006912,0.8250000000007276,1.2400000000006912,0.6626506024088288,0.2105263157894493,-0.35294117647058826,-0.2191780821917808,0.35294117647058826,0.2191780821917808,0.13376309427880745,0.38235294117647056,0.5588235294117647,0.8627450980413837,-0.3529411764680706,1.0588235294149118,1.0
historical7d,500ms,1,PRIMARY,SELL,-1,1789745356.959,24.0,99.0,1.2121212121212122,51.000118255615234,52.00004577636719,0.980770641528812,-0.2600000000002183,-0.8450000000011642,0.2600000000002183,0.8450000000011642,0.23214285714326316,0.16950852557700577,-0.4782608695652174,-0.30526315789473685,0.4782608695652174,0.30526315789473685,0.17299771167048056,-0.08695652173913043,0.7391304347826086,0.7999999999987873,-0.4000000000024253,0.9666666666659592,0.2472324723251691
historical7d,500ms,1,PRIMARY,BUY,1,1789747212.315,32.0,175.0,0.9142857142857143,50.99987983703613,50.99964141845703,1.0000046749069693,0.8349999999991269,2.319999999999709,0.8349999999991269,2.319999999999709,0.5475409836054623,0.1698389458272359,0.2413793103448276,0.07602339181286549,0.2413793103448276,0.07602339181286549,0.1653559185319621,0.2903225806451613,0.5806451612903226,0.7368421052622761,-0.2894736842095815,0.710526315788025,0.9921104536487426
historical7d,500ms,1,PRIMARY,SELL,-1,1789749090.464,29.0,116.0,1.25,51.000118255615234,52.00004577636719,0.980770641528812,-0.4399999999995998,-1.2100000000000364,0.4399999999995998,1.2100000000000364,0.44444444444536313,0.25854700854735196,-0.38461538461538464,-0.061946902654867256,0.38461538461538464,0.061946902654867256,0.3226684819605174,0.32142857142857145,0.5357142857142857,0.6874999999985789,-0.5000000000028422,0.9687500000021316,0.9566563467482985
historical7d,500ms,1,PRIMARY,SELL,-1,1789750451.994,28.0,137.0,1.0218978102189782,51.999807357788086,51.000118255615234,1.0196017016502268,0.005000000000109139,-0.464999999999236,-0.005000000000109139,0.464999999999236,0.002583979328218814,0.05558876270164958,0.037037037037037035,-0.14074074074074075,-0.037037037037037035,0.14074074074074075,-0.17777777777777778,0.037037037037037035,0.8148148148148148,0.7222222222234854,-0.13888888888952047,0.722222222220959,0.795121951219404
historical7d,500ms,1,PRIMARY,SELL,-1,1789752032.405,22.0,105.0,1.0476190476190477,58.00008773803711,51.99992656707764,1.115387877773626,-0.22000000000025466,-0.6999999999998181,0.22000000000025466,0.6999999999998181,0.32352941176450917,0.23333333333320197,-0.29411764705882354,-0.14285714285714285,0.29411764705882354,0.14285714285714285,0.1512605042016807,0.14285714285714285,0.6666666666666666,0.8709677419357678,-0.12903225806129837,0.6129032258043695,0.7610062893075573
historical7d,500ms,1,PRIMARY,BUY,1,1789753818.487,34.0,137.0,1.2408759124087592,50.99987983703613,51.49996280670166,0.990289644061637,0.6700000000000728,0.6099999999996726,0.6700000000000728,0.6099999999996726,0.503759398494256,0.11233885819516429,0.2727272727272727,0.1044776119402985,0.2727272727272727,0.1044776119402985,0.1682496607869742,0.12121212121212122,0.696969696969697,0.8787878787879623,0.0,0.4848484848481508,0.9693877551013874
historical7d,500ms,1,PRIMARY,BUY,1,1789758584.742,25.0,83.0,1.506024096385542,50.00007152557373,51.49996280670166,0.9708758764203855,-0.039999999999054126,0.3100000000004002,-0.039999999999054126,0.3100000000004002,0.03305785123886187,0.08333333333355744,-0.08333333333333333,0.024390243902439025,-0.08333333333333333,0.024390243902439025,-0.10772357723577236,-0.20833333333333334,0.625,0.6923076923082304,-0.07692307692119335,0.9999999999965019,0.36065573770552906
historical7d,500ms,1,PRIMARY,BUY,1,1789759468.945,22.0,65.0,1.6923076923076923,51.000118255615234,52.99997329711914,0.9622668669983535,0.2849999999998545,0.08999999999923602,0.2849999999998545,0.08999999999923602,0.26267281105910434,0.02735562309999642,-0.1,-0.07936507936507936,-0.1,-0.07936507936507936,-0.020634920634920645,-0.6190476190476191,0.38095238095238093,0.8666666666668688,0.49999999999848416,0.6666666666656561,0.6444444444429622
historical7d,500ms,1,PRIMARY,BUY,1,1789761354.9889998,9.0,54.0,0.8333333333333333,100.00002384185791,55.00006675720215,1.8181800448226384,0.27999999999974534,0.8850000000002183,0.27999999999974534,0.8850000000002183,0.4827586206915477,0.33843212237128406,0.0,0.09433962264150944,0.0,0.09433962264150944,-0.09433962264150944,-0.25,0.5,0.8125000000014211,-0.4374999999985789,0.5,1.0
historical7d,500ms,1,PRIMARY,BUY,1,1789762637.884,14.0,69.0,1.0144927536231882,103.00016403198242,55.500149726867676,1.8558538046991961,0.20499999999992724,0.8550000000004729,0.20499999999992724,0.8550000000004729,0.5774647887358584,0.287394957983405,0.07692307692307693,-0.029411764705882353,0.07692307692307693,-0.029411764705882353,0.10633484162895929,-0.6923076923076923,0.15384615384615385,0.9629629629654581,0.03703703703791035,0.4074074074069084,0.7019230769235563
historical7d,500ms,1,PRIMARY,BUY,1,1789763699.256,18.0,72.0,1.25,98.9999771118164,59.00001525878906,1.6779652797982736,0.17000000000007276,1.0399999999999636,0.17000000000007276,1.0399999999999636,0.17708333333357018,0.2646310432567849,0.058823529411764705,0.15492957746478872,0.058823529411764705,0.15492957746478872,-0.09610604805302402,-0.058823529411764705,0.47058823529411764,0.41666666666777197,-0.5833333333303332,1.2499999999995264,0.650793650793307
historical7d,500ms,1,PRIMARY,SELL,-1,1789767860.959,14.0,56.0,1.25,96.9998836517334,98.00004959106445,0.9897942302733054,-0.10999999999967258,-0.5749999999998181,0.10999999999967258,0.5749999999998181,0.3548387096779872,0.37216828478972785,-0.23076923076923078,-0.2830188679245283,0.23076923076923078,0.2830188679245283,-0.05224963715529751,-0.07692307692307693,0.46153846153846156,0.7536231884068668,-0.23188405797093808,0.4347826086974861,0.8615384615381602
historical7d,500ms,2,PRIMARY,BUY,1,1789963659.3660002,26.0,99.0,1.3131313131313131,51.999568939208984,52.00004577636719,0.9999908300627224,0.23999999999978172,0.8899999999994179,0.23999999999978172,0.8899999999994179,0.12834224598913316,0.12936046511624372,0.25,0.17525773195876287,0.25,0.17525773195876287,0.07474226804123713,0.6,0.4,0.5238095238100394,-0.47619047618779514,0.8809523809519685,1.0
historical7d,500ms,2,PRIMARY,SELL,-1,1789967510.961,14.0,53.0,1.3207547169811322,99.99990463256836,56.49995803833008,1.7699111309910625,0.06000000000040018,-0.9549999999999272,-0.06000000000040018,0.9549999999999272,0.12000000000101864,0.3624288425049364,-0.23076923076923078,-0.21568627450980393,0.23076923076923078,0.21568627450980393,0.01508295625942685,0.46153846153846156,0.38461538461538464,0.6756756756758749,-0.16216216216083346,0.5945945945954583,0.7130044843051375
historical7d,500ms,2,PRIMARY,SELL,-1,1789968909.7459998,15.0,83.0,0.9036144578313252,61.00022792816162,52.00016498565674,1.1730775843689607,-0.49499999999898137,-0.7549999999991996,0.49499999999898137,0.7549999999991996,0.7021276595694725,0.15024875621843076,-0.42857142857142855,-0.0975609756097561,0.42857142857142855,0.0975609756097561,0.3310104529616724,-0.7142857142857143,0.2857142857142857,0.8787878787879623,-0.15151515151573614,0.5454545454555476,0.8095238095218503
historical7d,500ms,2,PRIMARY,SELL,-1,1789993811.904,15.0,80.0,0.9375,52.00028419494629,54.99982833862305,0.9454626635339812,-0.24499999999898137,-0.1749999999992724,0.24499999999898137,0.1749999999992724,0.26486486486449284,0.04074505238636034,-0.14285714285714285,-0.1282051282051282,0.14285714285714285,0.1282051282051282,0.014652014652014655,0.42857142857142855,0.5714285714285714,0.7837837837839167,-0.4594594594597916,0.5945945945954583,0.44594594594597914
historical7d,500ms,3,PRIMARY,SELL,-1,1790005642.848,7.0,78.0,0.44871794871794873,274.0001678466797,55.9999942779541,4.8928606400688,-0.009999999999308784,-0.6499999999996362,0.009999999999308784,0.6499999999996362,0.11111111110437412,0.18950437317832342,0.0,0.02631578947368421,-0.0,-0.02631578947368421,0.02631578947368421,-0.5,0.16666666666666666,0.8055555555561872,-0.1111111111111111,0.5277777777771462,0.24299065420417754
historical7d,500ms,3,PRIMARY,BUY,1,1790006912.309,17.0,52.0,1.6346153846153846,97.99981117248535,99.99990463256836,0.9799990463247741,0.5200000000004366,0.4650000000001455,0.5200000000004366,0.4650000000001455,0.7222222222234854,0.22518159806336563,0.375,-0.0196078431372549,0.375,-0.0196078431372549,0.3946078431372549,0.25,0.625,1.0,-0.06896551723975715,0.5517241379306019,0.8823529411791455
historical7d,500ms,3,PRIMARY,SELL,-1,1790008907.91,28.0,112.0,1.25,52.99997329711914,52.99997329711914,1.0,-0.625,-1.9150000000008731,0.625,1.9150000000008731,0.3894080996885794,0.30133752950457166,0.1111111111111111,-0.06306306306306306,-0.1111111111111111,0.06306306306306306,-0.17417417417417416,0.5185185185185185,0.3333333333333333,0.5970149253725265,-0.20895522387970555,0.7164179104497467,0.9601990049760699
historical7d,500ms,3,PRIMARY,SELL,-1,1790009592.7849998,21.0,114.0,0.9210526315789473,55.49979209899902,52.99997329711914,1.047166416252058,-0.024999999999636202,-0.694999999999709,0.024999999999636202,0.694999999999709,0.03816793893070414,0.14866310160447033,-0.4,-0.14285714285714285,0.4,0.14285714285714285,0.2571428571428572,-0.2,0.6,0.9333333333319186,-0.10000000000212216,0.5333333333325249,1.0
historical7d,500ms,3,PRIMARY,BUY,1,1790018369.8179998,27.0,72.0,1.875,50.999999046325684,55.9999942779541,0.9107143617406261,0.555000000000291,1.2399999999997817,0.555000000000291,1.2399999999997817,0.4723404255331863,0.4644194756556527,0.38461538461538464,0.3142857142857143,0.38461538461538464,0.3142857142857143,0.07032967032967036,-0.3076923076923077,0.6153846153846154,0.8571428571428571,0.03571428571184957,0.6071428571436692,0.9413919413919853
historical7d,500ms,4,PRIMARY,SELL,-1,1790052562.477,25.0,81.0,1.5432098765432098,53.999900817871094,54.000020027160645,0.9999977924213826,-0.15999999999985448,-1.1549999999988358,0.15999999999985448,1.1549999999988358,0.14814814814777388,0.2423924449106858,-0.08333333333333333,-0.189873417721519,0.08333333333333333,0.189873417721519,-0.10654008438818567,-0.20833333333333334,0.625,0.8235294117636044,-0.5882352941195352,0.7941176470597676,0.9074074074065549
historical7d,500ms,4,PRIMARY,SELL,-1,1790057259.33,7.0,31.0,1.129032258064516,53.50005626678467,56.49995803833008,0.9469043539906657,-0.13000000000101863,-0.18500000000130967,0.13000000000101863,0.18500000000130967,0.23214285714488728,0.1316725978659804,0.0,0.0,-0.0,-0.0,-0.0,0.0,1.0,0.9999999999968638,0.0,0.5172413793106693,0.46478873239739726
historical7d,500ms,4,PRIMARY,SELL,-1,1790086794.95,18.0,117.0,0.7692307692307693,55.00006675720215,54.9999475479126,1.0000021674436952,-0.37000000000080036,0.08499999999912689,0.37000000000080036,-0.08499999999912689,0.41573033707897317,0.016683022570955136,-0.4117647058823529,-0.2413793103448276,0.4117647058823529,0.2413793103448276,0.17038539553752532,-0.11764705882352941,0.6470588235294118,0.7307692307705762,-0.7692307692294238,0.8461538461506172,0.15897435897497125
historical7d,500ms,0,SECONDARY,SELL,-1,1789578167.976,27.0,114.0,1.1842105263157894,52.99997329711914,52.99997329711914,1.0,-1.4950000000008004,-2.194999999999709,1.4950000000008004,2.194999999999709,0.7608142493656272,0.4192932187200506,-0.15384615384615385,-0.16071428571428573,0.15384615384615385,0.16071428571428573,-0.0068681318681318715,-0.038461538461538464,0.6538461538461539,0.41379310344795145,-0.5862068965520486,0.9655172413816895,1.0
historical7d,500ms,0,SECONDARY,SELL,-1,1789581736.492,35.0,126.0,1.3888888888888888,49.00014400482178,51.000118255615234,0.960784909541396,-0.9949999999998909,-0.9149999999999636,0.9949999999998909,0.9149999999999636,0.527851458885568,0.20866590649919478,-0.23529411764705882,0.016129032258064516,0.23529411764705882,-0.016129032258064516,0.2514231499051233,-0.08823529411764706,0.6176470588235294,0.7999999999987873,-0.3666666666683846,0.633333333334647,1.0
historical7d,500ms,0,SECONDARY,BUY,1,1789584430.963,35.0,72.0,2.4305555555555554,49.49986934661865,51.999807357788086,0.951924090911175,6.9399999999996,7.125,6.9399999999996,7.125,0.6628462273162021,0.6071580741375427,0.47058823529411764,0.22857142857142856,0.47058823529411764,0.22857142857142856,0.24201680672268908,-0.029411764705882353,0.9117647058823529,0.4411764705881566,-0.2941176470605544,1.470588235297422,0.8335419274092661
historical7d,500ms,0,SECONDARY,BUY,1,1789592591.9859998,33.0,165.0,1.0,51.49996280670166,51.000118255615234,1.0098008508251133,1.4899999999997817,5.260000000000218,1.4899999999997817,5.260000000000218,0.2950495049504943,0.18639262934094109,0.0,0.037037037037037035,0.0,0.037037037037037035,-0.037037037037037035,-0.21875,0.71875,0.42647058823505807,-0.5882352941168603,2.3676470588220346,1.0
historical7d,500ms,0,SECONDARY,SELL,-1,1789594275.981,38.0,185.0,1.027027027027027,50.99987983703613,50.499916076660156,1.0099002889354711,-1.5399999999990541,-3.014999999999418,1.5399999999990541,3.014999999999418,0.38596491228083774,0.16408163265314324,-0.13513513513513514,-0.027624309392265192,0.13513513513513514,0.027624309392265192,0.10751082574286995,0.05405405405405406,0.8378378378378378,0.29268292682910596,-0.39024390243880797,1.48780487804851,1.0
historical7d,500ms,0,SECONDARY,BUY,1,1789594762.982,33.0,173.0,0.9537572254335259,50.00019073486328,50.499916076660156,0.990104432232357,0.6049999999995634,2.375,0.6049999999995634,2.375,0.2358674463938797,0.15007898894157579,0.22580645161290322,0.13095238095238096,0.22580645161290322,0.13095238095238096,0.09485407066052226,-0.03125,0.90625,0.44827586206783,-0.2586206896561457,1.1896551724163886,1.0
historical7d,500ms,0,SECONDARY,SELL,-1,1789595453.463,35.0,175.0,1.0,50.99987983703613,50.00019073486328,1.0199937057735222,-1.5600000000004002,-4.149999999999636,1.5600000000004002,4.149999999999636,0.5306122448984958,0.268782383419625,-0.3333333333333333,-0.18604651162790697,0.3333333333333333,0.18604651162790697,0.14728682170542634,0.0,0.8235294117647058,0.5999999999986357,-0.35000000000034104,1.299999999999318,0.9812909260990877
historical7d,500ms,0,SECONDARY,SELL,-1,1789596621.4780002,33.0,156.0,1.0576923076923077,51.000118255615234,51.000118255615234,1.0,-2.889999999999418,-5.885000000000218,2.889999999999418,5.885000000000218,0.589795918367053,0.27622623797228985,-0.3125,-0.07096774193548387,0.3125,0.07096774193548387,0.24153225806451611,-0.0625,0.75,0.47368421052572796,-0.14035087719292647,1.3508771929839118,1.0
historical7d,500ms,0,SECONDARY,BUY,1,1789596896.442,32.0,156.0,1.0256410256410258,51.000118255615234,50.99987983703613,1.0000046748851148,1.7849999999998545,5.524999999999636,1.7849999999998545,5.524999999999636,0.6598890942698346,0.421916762122941,0.16129032258064516,0.18181818181818182,0.16129032258064516,0.18181818181818182,-0.020527859237536666,-0.12903225806451613,0.5483870967741935,0.7096774193568262,0.09677419355065847,1.2903225806461076,1.0
historical7d,500ms,0,SECONDARY,BUY,1,1789597832.972,32.0,165.0,0.9696969696969697,50.99987983703613,51.000118255615234,0.9999953251367397,1.0799999999999272,0.819999999999709,1.0799999999999272,0.819999999999709,0.46753246753327543,0.07360861759426872,-0.3103448275862069,-0.225,-0.3103448275862069,-0.225,-0.0853448275862069,0.0,0.8709677419354839,0.3611111111108304,-0.3333333333324912,1.916666666662456,1.0
historical7d,500ms,0,SECONDARY,BUY,1,1789617600.971,33.0,107.0,1.5420560747663552,50.50003528594971,52.00004577636719,0.9711536698088985,3.1200000000008004,3.1049999999995634,3.1200000000008004,3.1049999999995634,0.4837209302327641,0.2404181184668489,0.375,0.018867924528301886,0.375,0.018867924528301886,0.3561320754716981,0.125,0.75,0.5333333333330639,-0.6666666666673403,0.7999999999995958,0.9362380446335223
historical7d,500ms,0,SECONDARY,SELL,-1,1789621640.495,27.0,103.0,1.3106796116504853,50.499916076660156,51.000118255615234,0.9901921368799963,-1.2899999999999636,-0.8700000000008004,1.2899999999999636,0.8700000000008004,0.44636678200685725,0.10674846625770021,-0.28,0.0707070707070707,0.28,-0.0707070707070707,0.35070707070707074,-0.19230769230769232,0.7307692307692307,1.0681818181833684,0.5000000000010335,0.2727272727252057,0.9759036144581799
historical7d,500ms,0,SECONDARY,BUY,1,1789640119.977,11.0,42.0,1.3095238095238095,100.00002384185791,145.99990844726562,0.6849320996524966,0.7349999999996726,0.8549999999995634,0.7349999999996726,0.8549999999995634,0.8400000000004989,0.35849056603752,0.4,0.024390243902439025,0.4,0.024390243902439025,0.375609756097561,0.1,0.7,0.8928571428579549,0.035714285715097764,0.5714285714285714,1.0
historical7d,500ms,0,SECONDARY,BUY,1,1789657766.486,28.0,126.0,1.1111111111111112,49.99995231628418,50.00019073486328,0.9999952316466078,1.7400000000006912,1.9200000000000728,1.7400000000006912,1.9200000000000728,0.687747035573465,0.22641509433978857,0.4074074074074074,0.11290322580645161,0.4074074074074074,0.11290322580645161,0.29450418160095576,-0.2222222222222222,0.5555555555555556,0.4444444444453427,-0.5333333333299648,0.7333333333319859,0.9810246679312762
historical7d,500ms,0,SECONDARY,BUY,1,1789658354.461,26.0,102.0,1.2745098039215688,50.00019073486328,52.00004577636719,0.9615412830576239,1.5399999999990541,1.6849999999994907,1.5399999999990541,1.6849999999994907,0.5703703703694821,0.27736625514399893,0.44,0.030303030303030304,0.44,0.030303030303030304,0.40969696969696967,0.36,0.64,0.40625000000071054,-0.5,1.2500000000028422,1.0
historical7d,500ms,0,SECONDARY,BUY,1,1789658879.956,12.0,95.0,0.631578947368421,56.999921798706055,52.99997329711914,1.075470764469316,0.9499999999998181,1.6149999999997817,0.9499999999998181,1.6149999999997817,0.7851239669407946,0.3461950696674919,-0.09090909090909091,0.1276595744680851,-0.09090909090909091,0.1276595744680851,-0.218568665377176,0.45454545454545453,0.5454545454545454,0.4871794871780521,-0.46153846154115236,0.871794871796845,0.9230769230763436
historical7d,500ms,0,SECONDARY,SELL,-1,1789659334.932,25.0,88.0,1.4204545454545454,51.99992656707764,52.00004577636719,0.9999977075156806,-1.0850000000000364,-2.2950000000000728,1.0850000000000364,2.2950000000000728,0.5695538057749173,0.4191780821919055,-0.08333333333333333,-0.11627906976744186,0.08333333333333333,0.11627906976744186,-0.03294573643410853,0.2916666666666667,0.4583333333333333,0.7826086956538932,-0.2608695652179644,0.7246376811572044,0.9915254237286306
historical7d,500ms,0,SECONDARY,BUY,1,1789660155.475,9.0,82.0,0.5487804878048781,101.50003433227539,54.000139236450195,1.879625418887118,1.2049999999999272,0.8599999999996726,1.2049999999999272,0.8599999999996726,0.923371647510604,0.20873786407741166,0.5,-0.02564102564102564,0.5,-0.02564102564102564,0.5256410256410257,0.375,0.625,0.35483870967883896,-0.41935483870655427,1.1935483870919474,1.0
historical7d,500ms,0,SECONDARY,SELL,-1,1789660804.4899998,36.0,150.0,1.2,50.00019073486328,50.99964141845703,0.9804027899844793,-3.7000000000007276,-6.789999999999964,3.7000000000007276,6.789999999999964,0.5597579425117153,0.420693928128909,-0.2571428571428571,-0.10810810810810811,0.2571428571428571,0.10810810810810811,0.149034749034749,0.22857142857142856,0.7714285714285715,0.5312499999992006,0.24999999999928946,1.0624999999984013,0.8874218207088918
historical7d,500ms,0,SECONDARY,SELL,-1,1789661412.966,24.0,99.0,1.2121212121212122,51.999807357788086,52.00004577636719,0.9999954150313611,-0.6899999999995998,-1.0700000000006185,0.6899999999995998,1.0700000000006185,0.6272727272716374,0.23210412147483855,-0.21739130434782608,-0.04081632653061224,0.21739130434782608,0.04081632653061224,0.17657497781721385,-0.08695652173913043,0.5652173913043478,0.8064516129045508,0.06451612903083846,0.6451612903230538,1.0
historical7d,500ms,0,SECONDARY,SELL,-1,1789662996.479,27.0,108.0,1.25,52.99997329711914,54.000139236450195,0.9814784562878323,-3.405000000000655,-4.230000000000473,3.405000000000655,4.230000000000473,0.8438661710042906,0.588317107092837,-0.3076923076923077,-0.13725490196078433,0.3076923076923077,0.13725490196078433,0.17043740573152338,0.3076923076923077,0.6153846153846154,0.5833333333352281,-0.37499999999715783,1.3333333333333333,1.0
historical7d,500ms,0,SECONDARY,BUY,1,1789663602.473,34.0,151.0,1.1258278145695364,49.99995231628418,51.000118255615234,0.9803889486232528,1.0399999999999636,1.805000000000291,1.0399999999999636,1.805000000000291,0.48826291079724604,0.21424332344191202,0.1875,0.06040268456375839,0.1875,0.06040268456375839,0.12709731543624161,-0.36363636363636365,0.5151515151515151,0.9259259259244288,-0.29629629629891624,0.629629629628881,0.9889807162542028
historical7d,500ms,0,SECONDARY,SELL,-1,1789684082.9740002,28.0,87.0,1.6091954022988506,51.000118255615234,54.49986457824707,0.9357843115810472,-1.3300000000008367,-2.324999999999818,1.3300000000008367,2.324999999999818,0.6244131455397337,0.5070883315141593,-0.4074074074074074,-0.19047619047619047,0.4074074074074074,0.19047619047619047,0.21693121693121692,0.037037037037037035,0.5925925925925926,0.7727272727267089,-0.09090909090683597,1.318181818180127,1.0
historical7d,500ms,0,SECONDARY,SELL,-1,1789720207.485,37.0,144.0,1.284722222222222,50.00007152557373,50.00019073486328,0.9999976158233039,-2.7650000000003274,-4.415000000000873,2.7650000000003274,4.415000000000873,0.5557788944722853,0.19847156664414067,-0.3333333333333333,-0.23943661971830985,0.3333333333333333,0.23943661971830985,0.09389671361502347,-0.05555555555555555,0.8333333333333334,0.6516853932581055,-0.29213483146081193,0.696629213483789,1.0
historical7d,500ms,0,SECONDARY,BUY,1,1789722363.998,19.0,98.0,0.9693877551020408,96.000075340271,55.9999942779541,1.714287234812522,0.9750000000003638,2.7550000000010186,0.9750000000003638,2.7550000000010186,0.7471264367806799,0.4001452432825277,0.3333333333333333,-0.010309278350515464,0.3333333333333333,-0.010309278350515464,0.3436426116838488,-0.3333333333333333,0.5555555555555556,0.3278688524569144,-0.42622950819667244,1.2459016393434312,1.0
historical7d,500ms,1,SECONDARY,BUY,1,1789743897.458,28.0,100.0,1.4,50.00019073486328,51.000118255615234,0.980393623486513,4.954999999999927,4.305000000000291,4.954999999999927,4.305000000000291,0.8462852263026193,0.48127445500313665,0.5555555555555556,0.0707070707070707,0.5555555555555556,0.0707070707070707,0.48484848484848486,0.14814814814814814,0.7777777777777778,0.8064516129045508,0.2258064516123354,1.2903225806490415,1.0
historical7d,500ms,1,SECONDARY,SELL,-1,1789744804.983,27.0,101.0,1.3366336633663367,51.999807357788086,52.00004577636719,0.9999954150313611,-0.694999999999709,-2.1149999999997817,0.694999999999709,2.1149999999997817,0.35732647814833574,0.3740053050394653,-0.46153846153846156,-0.34,0.46153846153846156,0.34,0.12153846153846154,-0.23076923076923078,0.6923076923076923,0.9666666666688899,-0.10000000000242532,0.8000000000012126,0.9999999999991399
historical7d,500ms,1,SECONDARY,SELL,-1,1789745230.877,28.0,116.0,1.206896551724138,51.000118255615234,52.99997329711914,0.9622668669983535,-0.944999999999709,-1.8800000000001091,0.944999999999709,1.8800000000001091,0.6539792387550788,0.32695652173951145,-0.5555555555555556,-0.2807017543859649,0.5555555555555556,0.2807017543859649,0.2748538011695907,-0.25925925925925924,0.7407407407407407,0.8571428571440945,-0.22222222222125979,0.8571428571412073,1.0
historical7d,500ms,1,SECONDARY,BUY,1,1789747489.987,27.0,114.0,1.1842105263157894,50.499916076660156,51.000118255615234,0.9901921368799963,1.0849999999991269,1.9749999999985448,1.0849999999991269,1.9749999999985448,0.8785425101229244,0.3613906678860343,0.6,0.32727272727272727,0.6,0.32727272727272727,0.2727272727272727,0.23076923076923078,0.6923076923076923,0.8529411764723978,-0.1470588235302772,0.38235294117765073,1.0
historical7d,500ms,1,SECONDARY,SELL,-1,1789749423.992,28.0,97.0,1.4432989690721651,52.00028419494629,52.99997329711914,0.9811379319651998,-1.3599999999996726,-2.1350000000002183,1.3599999999996726,2.1350000000002183,0.5461847389567371,0.3627867459646761,-0.3333333333333333,-0.3263157894736842,0.3333333333333333,0.3263157894736842,0.007017543859649089,0.0,0.7777777777777778,0.375,-0.625,1.062500000001421,1.0
historical7d,500ms,1,SECONDARY,SELL,-1,1789754302.941,18.0,83.0,1.0843373493975903,49.99995231628418,52.00004577636719,0.9615366980889851,-0.7250000000003638,-2.264999999999418,0.7250000000003638,2.264999999999418,0.8479532163787354,0.5785440613024043,-0.125,-0.275,0.125,0.275,-0.15000000000000002,0.17647058823529413,0.47058823529411764,1.124999999998579,0.20833333333349124,0.9166666666612981,1.0
historical7d,500ms,1,SECONDARY,BUY,1,1789757067.9889998,23.0,95.0,1.2105263157894737,51.000118255615234,51.000118255615234,1.0,0.8950000000004366,1.5150000000003274,0.8950000000004366,1.5150000000003274,0.6151202749128821,0.46118721461084305,0.047619047619047616,0.03225806451612903,0.047619047619047616,0.03225806451612903,0.015360983102918585,0.3181818181818182,0.5909090909090909,1.0,0.034482758618310475,0.31034482758674764,0.974440894569288
historical7d,500ms,1,SECONDARY,BUY,1,1789760014.465,25.0,131.0,0.9541984732824428,52.500009536743164,51.99992656707764,1.0096169937667208,1.4450000000006185,3.390000000001237,1.4450000000006185,3.390000000001237,0.6963855421665919,0.3721185510429221,0.4166666666666667,0.07692307692307693,0.4166666666666667,0.07692307692307693,0.33974358974358976,-0.3333333333333333,0.5833333333333334,0.8749999999976316,0.12499999999857891,1.0416666666636667,1.0
historical7d,500ms,1,SECONDARY,BUY,1,1789763657.457,23.0,58.0,1.9827586206896552,50.00007152557373,51.000118255615234,0.9803912860548829,2.1999999999989086,2.6849999999994907,2.1999999999989086,2.6849999999994907,0.5626598465470564,0.5109419600376862,0.36363636363636365,0.19298245614035087,0.36363636363636365,0.19298245614035087,0.17065390749601278,-0.045454545454545456,0.8636363636363636,0.9565217391314663,0.26086956521515625,1.0434782608685336,0.8141891891882653
historical7d,500ms,2,SECONDARY,SELL,-1,1789968692.959,14.0,77.0,0.9090909090909091,50.00019073486328,52.00004577636719,0.9615412830576239,-0.6749999999992724,-1.569999999999709,0.6749999999992724,1.569999999999709,0.6338028168993396,0.3277661795403404,-0.07692307692307693,-0.09333333333333334,0.07692307692307693,0.09333333333333334,-0.01641025641025641,-0.38461538461538464,0.46153846153846156,0.6000000000022737,-0.27499999999715785,0.7,1.0
historical7d,500ms,2,SECONDARY,SELL,-1,1789970946.9539998,12.0,40.0,1.5,52.00004577636719,58.00008773803711,0.8965511571504913,-0.9699999999993452,-1.5399999999990541,0.9699999999993452,1.5399999999990541,0.6978417266185262,0.527397260273307,-0.6363636363636364,-0.38461538461538464,0.6363636363636364,0.38461538461538464,0.2517482517482517,0.0,0.6363636363636364,0.6021505376336725,-0.3010752688178142,0.6451612903227699,0.9333333333329659
historical7d,500ms,2,SECONDARY,SELL,-1,1789993800.4910002,22.0,75.0,1.4666666666666666,50.99964141845703,50.999999046325684,0.9999929876887188,-1.0799999999999272,-1.6849999999994907,1.0799999999999272,1.6849999999994907,0.5901639344256266,0.42929936305647887,-0.3333333333333333,-0.13513513513513514,0.3333333333333333,0.13513513513513514,0.19819819819819817,0.47619047619047616,0.42857142857142855,0.8749999999971578,0.3333333333295438,0.916666666672351,1.0
historical7d,500ms,3,SECONDARY,SELL,-1,1790004286.924,22.0,103.0,1.0679611650485437,51.000118255615234,52.99985408782959,0.9622690313656249,-0.6149999999997817,-0.9549999999999272,0.6149999999997817,0.9549999999999272,0.624365482234065,0.2315151515148276,-0.14285714285714285,-0.10891089108910891,0.14285714285714285,0.10891089108910891,0.03394625176803394,0.047619047619047616,0.7619047619047619,0.8965517241387961,-0.10344827586120381,0.6896551724132524,1.0
historical7d,500ms,3,SECONDARY,BUY,1,1790005480.473,40.0,101.0,1.9801980198019802,52.00004577636719,52.00004577636719,1.0,3.2399999999997817,5.474999999999454,3.2399999999997817,5.474999999999454,0.38297872340426903,0.43993571715567564,0.07692307692307693,0.12244897959183673,0.07692307692307693,0.12244897959183673,-0.045525902668759805,0.0,0.9487179487179487,0.4838709677444908,-0.32258064516006,1.5483870967753293,1.0
historical7d,500ms,3,SECONDARY,BUY,1,1790009383.4910002,22.0,98.0,1.1224489795918366,53.999900817871094,54.000139236450195,0.9999955848525119,0.8100000000004002,2.055000000000291,0.8100000000004002,2.055000000000291,0.6377952755920173,0.4215384615382067,0.42857142857142855,0.1134020618556701,0.42857142857142855,0.1134020618556701,0.31516936671575846,0.23809523809523808,0.6666666666666666,0.9206349206346457,-0.1269841269839895,0.47619047618923876,1.0
historical7d,500ms,3,SECONDARY,BUY,1,1790016648.988,37.0,86.0,2.1511627906976747,52.00004577636719,52.00028419494629,0.999995415052383,5.219999999999345,4.7549999999992,5.219999999999345,4.7549999999992,0.5288753799392955,0.4158285964145977,0.0,-0.14285714285714285,0.0,-0.14285714285714285,0.14285714285714285,-0.1388888888888889,0.8611111111111112,0.7714285714264183,-0.22857142857358165,1.0285714285720224,1.0
historical7d,500ms,4,SECONDARY,SELL,-1,1790050319.982,17.0,99.0,0.8585858585858586,53.50017547607422,53.49993705749512,1.0000044564272823,-0.5949999999993452,-1.139999999999418,0.5949999999993452,1.139999999999418,0.6165803108800575,0.2072727272725529,-0.125,-0.16666666666666666,0.125,0.16666666666666666,-0.04166666666666666,-0.0625,0.5625,0.6578947368434909,-0.4473684210537653,0.8947368421075306,1.0
historical7d,500ms,4,SECONDARY,SELL,-1,1790074221.952,29.0,74.0,1.9594594594594594,49.4999885559082,55.00006675720215,0.8999986995366015,-1.2949999999991633,-0.9849999999996726,1.2949999999991633,0.9849999999996726,0.42528735632168113,0.19719719719706413,-0.037037037037037035,-0.027777777777777776,0.037037037037037035,0.027777777777777776,0.009259259259259259,0.14285714285714285,0.6428571428571429,0.8,0.09999999999924208,0.9666666666674246,0.8980891719734966
historical7d,500ms,4,SECONDARY,BUY,1,1790077022.458,22.0,116.0,0.9482758620689655,53.00021171569824,53.99966239929199,0.9814915382951199,0.8449999999993452,2.2999999999992724,0.8449999999993452,2.2999999999992724,0.5728813559316182,0.3387334315166952,0.3333333333333333,-0.017543859649122806,0.3333333333333333,-0.017543859649122806,0.3508771929824561,0.3333333333333333,0.47619047619047616,0.8888888888879265,0.1587301587278214,0.8253968253973754,0.9837067209772405
historical7d,500ms,4,SECONDARY,SELL,-1,1790078293.477,19.0,120.0,0.7916666666666666,54.000020027160645,52.99997329711914,1.0188688157338348,-1.0399999999990541,-1.769999999999527,1.0399999999990541,1.769999999999527,0.8455284552865847,0.32717190388200695,-0.5555555555555556,-0.05084745762711865,0.5555555555555556,0.05084745762711865,0.504708097928437,-0.2222222222222222,0.6666666666666666,0.9032258064496255,-0.1290322580642322,0.709677419354744,1.0
historical7d,500ms,0,MICRO,SELL,-1,1789575485.9550002,28.0,120.0,1.1666666666666667,49.99995231628418,51.000118255615234,0.9803889486232528,-0.75,-1.319999999999709,0.75,1.319999999999709,0.39473684210496085,0.2287694974007116,-0.1111111111111111,-0.15254237288135594,0.1111111111111111,0.15254237288135594,-0.04143126177024484,0.07407407407407407,0.7777777777777778,0.7999999999984408,-0.1714285714295366,0.45714285714456476,0.7320261437907409
historical7d,500ms,0,MICRO,SELL,-1,1789578278.771,29.0,120.0,1.2083333333333333,50.00019073486328,51.000118255615234,0.980393623486513,-0.6350000000002183,-2.2600000000002183,0.6350000000002183,2.2600000000002183,0.3681159420290344,0.29236739974124376,-0.5,-0.11864406779661017,0.5,0.11864406779661017,0.3813559322033898,0.10714285714285714,0.4642857142857143,1.0000000000029339,-0.22580645160940152,0.67741935483994,0.9613733905578763
historical7d,500ms,0,MICRO,SELL,-1,1789578384.442,23.0,129.0,0.8914728682170543,51.49984359741211,51.999807357788086,0.9903852766812011,0.0750000000007276,-1.2749999999996362,-0.0750000000007276,1.2749999999996362,0.1127819548881641,0.2286995515697101,-0.09090909090909091,-0.09523809523809523,0.09090909090909091,0.09523809523809523,-0.004329004329004321,0.45454545454545453,0.36363636363636365,1.0833333333314386,0.37499999999715783,0.875000000004737,0.7743902439019961
historical7d,500ms,0,MICRO,BUY,1,1789578618.875,20.0,125.0,0.8,54.99982833862305,52.00004577636719,1.0576880754135642,0.6749999999992724,0.9899999999997817,0.6749999999992724,0.9899999999997817,0.6279069767441467,0.21244635193137318,0.47368421052631576,0.03225806451612903,0.47368421052631576,0.03225806451612903,0.4414261460101867,-0.10526315789473684,0.6842105263157895,0.7878787878796231,-0.09090909090833926,0.6060606060601885,0.895999999999185
historical7d,500ms,0,MICRO,BUY,1,1789584430.963,35.0,72.0,2.4305555555555554,49.49986934661865,51.999807357788086,0.951924090911175,6.9399999999996,7.125,6.9399999999996,7.125,0.6628462273162021,0.6071580741375427,0.47058823529411764,0.22857142857142856,0.47058823529411764,0.22857142857142856,0.24201680672268908,-0.029411764705882353,0.9117647058823529,0.4411764705881566,-0.2941176470605544,1.470588235297422,0.8335419274092661
historical7d,500ms,0,MICRO,SELL,-1,1789584568.385,21.0,117.0,0.8974358974358975,50.499916076660156,51.999807357788086,0.9711558300436033,0.15499999999974534,-0.5650000000005093,-0.15499999999974534,0.5650000000005093,0.28440366972568926,0.14213836478011943,0.0,-0.043478260869565216,-0.0,0.043478260869565216,-0.043478260869565216,0.35,0.25,0.8787878787879623,0.09090909090833926,0.5757575757592461,0.460317460318988
historical7d,500ms,0,MICRO,BUY,1,1789592369.481,37.0,153.0,1.2091503267973855,50.99987983703613,50.99987983703613,1.0,1.805000000000291,5.594999999999345,1.805000000000291,5.594999999999345,0.4706649282917835,0.42274272761592685,0.3333333333333333,0.24503311258278146,0.3333333333333333,0.24503311258278146,0.08830022075055186,0.027777777777777776,0.5833333333333334,0.6444444444446241,-0.42222222222352473,1.1555555555549717,0.949166004765734
historical7d,500ms,0,MICRO,SELL,-1,1789592535.972,39.0,186.0,1.0483870967741935,50.499916076660156,50.00019073486328,1.009994468710065,-1.0300000000006548,-4.130000000000109,1.0300000000006548,4.130000000000109,0.187613843351675,0.129304946775238,-0.21052631578947367,-0.021739130434782608,0.21052631578947367,0.021739130434782608,0.18878718535469108,0.15789473684210525,0.7894736842105263,0.42424242424213193,-0.6363636363638869,0.9848484848495288,0.7509607993852143
historical7d,500ms,0,MICRO,BUY,1,1789592880.462,38.0,170.0,1.1176470588235294,50.99987983703613,50.99987983703613,1.0,1.3650000000006912,5.1899999999996,1.3650000000006912,5.1899999999996,0.3141542002301588,0.3151183970854766,-0.05555555555555555,0.0658682634730539,-0.05555555555555555,0.0658682634730539,-0.12142381902860945,-0.027777777777777776,0.6944444444444444,0.6222222222226713,-0.022222222220650255,1.0222222222186292,0.8620071684590274
historical7d,500ms,0,MICRO,SELL,-1,1789592995.458,27.0,152.0,0.8881578947368421,52.500128746032715,51.999568939208984,1.0096262299291157,0.0999999999994543,-2.3100000000004,-0.0999999999994543,2.3100000000004,0.07246376811554087,0.21813031161474694,-0.07692307692307693,-0.07482993197278912,0.07692307692307693,0.07482993197278912,0.002093144950287812,-0.07692307692307693,0.8461538461538461,0.5999999999993179,-0.7500000000002842,1.0499999999999432,0.4951456310681498
historical7d,500ms,0,MICRO,SELL,-1,1789593074.971,34.0,164.0,1.0365853658536586,49.99995231628418,50.99987983703613,0.9803935318289553,-1.660000000000764,-5.635000000000218,1.660000000000764,5.635000000000218,0.6014492753627463,0.3806146572104559,-0.375,-0.1625,0.375,0.1625,0.2125,0.0,0.7575757575757576,0.6511627906973301,-0.5581395348855409,1.0000000000010576,0.9172185430463696
historical7d,500ms,0,MICRO,BUY,1,1789593637.477,38.0,173.0,1.0982658959537572,49.99995231628418,50.499916076660156,0.9900997110645289,0.9799999999995634,3.264999999999418,0.9799999999995634,3.264999999999418,0.30624999999979396,0.25280681378236136,0.13513513513513514,0.10465116279069768,0.13513513513513514,0.10465116279069768,0.030483972344437463,-0.13513513513513514,0.8648648648648649,0.6829268292679139,-0.24390243902536413,1.121951219512682,0.9496296296290692
historical7d,500ms,0,MICRO,SELL,-1,1789594268.4220002,36.0,184.0,0.9782608695652175,50.99987983703613,49.99995231628418,1.0199985694871612,-0.42999999999938154,-7.779999999999745,0.42999999999938154,7.779999999999745,0.14381270902968527,0.400824317362118,-0.17647058823529413,-0.2849162011173184,0.17647058823529413,0.2849162011173184,-0.10844561288202428,-0.2,0.5714285714285714,0.6086956521752884,-0.3913043478247115,1.0217391304332784,0.950721153846175
historical7d,500ms,0,MICRO,SELL,-1,1789594424.963,37.0,191.0,0.9685863874345549,50.00007152557373,50.00019073486328,0.9999976158233039,0.1500000000005457,-3.2349999999996726,-0.1500000000005457,3.2349999999996726,0.025295109612244075,0.07659524091393669,-0.05555555555555555,-0.037037037037037035,0.05555555555555555,0.037037037037037035,0.018518518518518517,0.1111111111111111,0.6666666666666666,0.4285714285705005,-0.5714285714294994,2.9428571428584793,0.4770819883795129
historical7d,500ms,0,MICRO,BUY,1,1789594746.48,32.0,169.0,0.9467455621301776,51.000118255615234,50.999999046325684,1.0000023374370937,-0.4150000000008731,1.2049999999999272,-0.4150000000008731,1.2049999999999272,0.17473684210576462,0.08341986846660458,-0.0967741935483871,0.04819277108433735,-0.0967741935483871,0.04819277108433735,-0.14496696463272446,0.16129032258064516,0.7741935483870968,0.3898305084737402,-0.4915254237286307,1.152542372881565,0.5386949924126243
historical7d,500ms,0,MICRO,BUY,1,1789594808.481,37.0,166.0,1.114457831325301,49.99983310699463,50.99987983703613,0.980391194386398,0.4000000000005457,1.8800000000001091,0.4000000000005457,1.8800000000001091,0.19512195122045362,0.1255845023380603,0.058823529411764705,0.0375,0.058823529411764705,0.0375,0.021323529411764706,-0.1388888888888889,0.6944444444444444,0.6222222222219078,-0.6666666666673403,1.355555555557397,0.5652173913043479
historical7d,500ms,0,MICRO,BUY,1,1789594989.979,32.0,159.0,1.0062893081761006,50.00019073486328,50.99987983703613,0.98039820671407,0.6149999999997817,1.730000000000473,0.6149999999997817,1.730000000000473,0.3426183844016731,0.16429249762590822,0.3333333333333333,0.05732484076433121,0.3333333333333333,0.05732484076433121,0.2760084925690021,0.03225806451612903,0.8387096774193549,0.6190476190480315,-0.16666666666594485,1.2857142857139763,0.9118644067795816
historical7d,500ms,0,MICRO,SELL,-1,1789595292.485,37.0,174.0,1.0632183908045978,52.00004577636719,50.99987983703613,1.0196111430561594,0.3400000000001455,-1.8450000000002547,-0.3400000000001455,1.8450000000002547,0.1359999999998603,0.1560253699788343,0.05555555555555555,-0.1411764705882353,-0.05555555555555555,0.1411764705882353,-0.19673202614379084,0.08333333333333333,0.75,0.707317073170894,-0.48780487805072825,1.243902439023146,0.7084112149536269
historical7d,500ms,0,MICRO,SELL,-1,1789595453.463,35.0,175.0,1.0,50.99987983703613,50.00019073486328,1.0199937057735222,-1.5600000000004002,-4.149999999999636,1.5600000000004002,4.149999999999636,0.5306122448984958,0.268782383419625,-0.3333333333333333,-0.18604651162790697,0.3333333333333333,0.18604651162790697,0.14728682170542634,0.0,0.8235294117647058,0.5999999999986357,-0.35000000000034104,1.299999999999318,0.9812909260990877
historical7d,500ms,0,MICRO,SELL,-1,1789595618.9529998,36.0,185.0,0.972972972972973,50.00019073486328,49.99995231628418,1.0000047683761295,0.9099999999998545,-2.75,-0.9099999999998545,2.75,0.2684365781708065,0.15051997810613646,-0.02857142857142857,-0.0273224043715847,0.02857142857142857,0.0273224043715847,0.001249024199843872,-0.02857142857142857,0.7428571428571429,0.6136363636366455,-0.545454545453418,1.181818181815739,0.22643343051507692
historical7d,500ms,0,MICRO,SELL,-1,1789596313.4780002,35.0,155.0,1.1290322580645162,50.00007152557373,50.99987983703613,0.9803958692715127,-1.9699999999993452,-1.6300000000001091,1.9699999999993452,1.6300000000001091,0.6840277777781725,0.1134307585247127,-0.47058823529411764,-0.23684210526315788,0.47058823529411764,0.23684210526315788,0.23374613003095976,-0.35294117647058826,0.6470588235294118,0.6744186046520482,-0.4186046511640696,1.1860465116301204,0.811866859623358
historical7d,500ms,0,MICRO,SELL,-1,1789596621.4780002,33.0,156.0,1.0576923076923077,51.000118255615234,51.000118255615234,1.0,-2.889999999999418,-5.885000000000218,2.889999999999418,5.885000000000218,0.589795918367053,0.27622623797228985,-0.3125,-0.07096774193548387,0.3125,0.07096774193548387,0.24153225806451611,-0.0625,0.75,0.47368421052572796,-0.14035087719292647,1.3508771929839118,1.0
historical7d,500ms,0,MICRO,BUY,1,1789596891.473,33.0,161.0,1.0248447204968942,50.999999046325684,50.99987983703613,1.0000023374425573,2.5799999999999272,0.6300000000001091,2.5799999999999272,0.6300000000001091,0.779456193354429,0.04945054945056945,0.41935483870967744,0.0641025641025641,0.41935483870967744,0.0641025641025641,0.35525227460711334,-0.15625,0.84375,0.4102564102556927,-0.6153846153835391,1.3076923076917695,1.0
historical7d,500ms,0,MICRO,SELL,-1,1789597030.492,34.0,179.0,0.9497206703910616,50.99987983703613,50.00019073486328,1.0199937057735222,-0.8300000000008367,-4.520000000000437,0.8300000000008367,4.520000000000437,0.35470085470105234,0.2916129032259715,-0.2727272727272727,-0.24719101123595505,0.2727272727272727,0.24719101123595505,0.025536261491317658,-0.12121212121212122,0.696969696969697,0.6666666666643346,-0.6153846153858711,1.4615384615388203,1.0
historical7d,500ms,0,MICRO,SELL,-1,1789597171.978,31.0,159.0,0.9748427672955975,50.50003528594971,50.999999046325684,0.9901967888289206,0.20499999999992724,-0.8249999999998181,-0.20499999999992724,0.8249999999998181,0.13015873015877416,0.06994489190334921,0.1724137931034483,-0.05732484076433121,-0.1724137931034483,0.05732484076433121,-0.22973863386777948,0.06666666666666667,0.4666666666666667,0.6279069767461044,-0.7674418604639358,1.3023255813960375,-0.1367924528301785
historical7d,500ms,0,MICRO,BUY,1,1789597519.43,33.0,152.0,1.0855263157894737,51.49996280670166,51.000118255615234,1.0098008508251133,1.5100000000002183,1.2749999999996362,1.5100000000002183,1.2749999999996362,0.3813131313129202,0.10506798516680932,0.22580645161290322,0.08843537414965986,0.22580645161290322,0.08843537414965986,0.13737107746324334,-0.0625,0.6875,0.591836734694067,-0.6530612244894929,1.1020408163269473,0.29893778452272524
historical7d,500ms,0,MICRO,SELL,-1,1789598207.8579998,34.0,165.0,1.0303030303030303,49.99995231628418,50.99987983703613,0.9803935318289553,-0.5250000000005457,-1.7000000000007276,0.5250000000005457,1.7000000000007276,0.25301204819239087,0.17119838872099014,-0.3939393939393939,-0.42857142857142855,0.3939393939393939,0.42857142857142855,-0.034632034632034625,-0.09090909090909091,0.7272727272727273,0.5789473684205487,-0.3684210526356099,3.1578947368506713,0.8655913978495045
historical7d,500ms,0,MICRO,BUY,1,1789598470.484,33.0,131.0,1.2595419847328244,51.49996280670166,53.999900817871094,0.9537047666142734,1.7049999999999272,1.9350000000004002,1.7049999999999272,1.9350000000004002,0.773242630386118,0.2648870636554378,0.5625,0.015625,0.5625,0.015625,0.546875,0.21875,0.46875,0.6052631578934141,-0.23684210526347282,0.9736842105257489,1.0
historical7d,500ms,0,MICRO,BUY,1,1789599010.995,31.0,170.0,0.9117647058823529,50.00007152557373,50.99964141845703,0.9804004525309946,0.020000000000436557,3.0450000000000728,0.020000000000436557,3.0450000000000728,0.011904761905006809,0.25449226911818723,0.034482758620689655,0.03614457831325301,0.034482758620689655,0.03614457831325301,-0.0016618196925633558,-0.13333333333333333,0.6666666666666666,1.0399999999971867,0.053333333332007495,1.1733333333332687,0.9247648902821906
historical7d,500ms,0,MICRO,BUY,1,1789614642.982,8.0,45.0,0.8888888888888888,151.99995040893555,100.49998760223389,1.5124375040774327,-0.050000000001091394,0.15499999999974534,-0.050000000001091394,0.15499999999974534,0.12195121951544138,0.059500959692748163,-0.14285714285714285,0.0,-0.14285714285714285,0.0,-0.14285714285714285,-0.14285714285714285,0.2857142857142857,0.5853658536604303,-0.2926829268268877,0.7073170731686758,-0.02857142857202255
historical7d,500ms,0,MICRO,BUY,1,1789617634.951,28.0,135.0,1.037037037037037,52.00004577636719,51.000118255615234,1.019606376513487,1.0750000000007276,3.860000000000582,1.0750000000007276,3.860000000000582,0.5180722891577038,0.25378040762670534,0.3333333333333333,0.16417910447761194,0.3333333333333333,0.16417910447761194,0.16915422885572137,0.4444444444444444,0.4074074074074074,0.47916666666528507,-0.6458333333335307,0.7500000000004737,1.0
historical7d,500ms,0,MICRO,BUY,1,1789617976.963,13.0,99.0,0.6565656565656566,99.00009632110596,53.00009250640869,1.867923085400936,0.03999999999996362,1.9349999999994907,0.03999999999996362,1.9349999999994907,0.04651162790685377,0.2960979341998932,-0.16666666666666666,0.030927835051546393,-0.16666666666666666,0.030927835051546393,-0.19759450171821305,0.08333333333333333,0.5833333333333334,0.24444444444583677,-0.8888888888884398,1.0222222222227162,0.960199004975165
historical7d,500ms,0,MICRO,SELL,-1,1789618204.957,19.0,93.0,1.021505376344086,52.99997329711914,52.99997329711914,1.0,0.03499999999985448,-2.4650000000001455,-0.03499999999985448,2.4650000000001455,0.034825870646712144,0.36011687363073,0.0,-0.2608695652173913,-0.0,0.2608695652173913,-0.2608695652173913,0.5,0.3888888888888889,0.47499999999943154,-0.6250000000005684,0.9000000000022738,0.8888888888892373
historical7d,500ms,0,MICRO,SELL,-1,1789621980.452,30.0,121.0,1.2396694214876034,51.000118255615234,51.000118255615234,1.0,0.3900000000003274,-1.074999999999818,-0.3900000000003274,1.074999999999818,0.20526315789504673,0.1184573002755594,-0.10344827586206896,-0.08333333333333333,0.10344827586206896,0.08333333333333333,0.020114942528735635,0.13793103448275862,0.3793103448275862,0.47058823529348826,-0.43137254901992256,0.7058823529420157,0.3492537313425348
historical7d,500ms,0,MICRO,SELL,-1,1789636602.408,6.0,47.0,0.6382978723404255,51.000118255615234,100.49998760223389,0.5074639258411373,-0.20499999999992724,-0.7650000000003274,0.20499999999992724,0.7650000000003274,0.694915254241155,0.47663551401875515,0.2,-0.09090909090909091,-0.2,0.09090909090909091,-0.2909090909090909,0.2,0.4,1.037037037034417,0.25925925925776216,0.25925925925776216,0.888888888890885
historical7d,500ms,0,MICRO,BUY,1,1789639878.484,25.0,64.0,1.953125,52.00004577636719,98.9999771118164,0.525253109075321,0.9499999999989086,1.9399999999995998,0.9499999999989086,1.9399999999995998,0.7661290322550716,0.5655976676372695,0.08333333333333333,0.0967741935483871,0.08333333333333333,0.0967741935483871,-0.013440860215053765,-0.375,0.4583333333333333,1.1599999999998545,-0.31999999999970896,0.6400000000030559,0.9905660377356427
historical7d,500ms,0,MICRO,BUY,1,1789640146.371,22.0,73.0,1.5068493150684932,52.00004577636719,52.500009536743164,0.990476882484639,0.5349999999998545,1.125,0.5349999999998545,1.125,0.6184971098265775,0.2941176470591872,0.5,0.014084507042253521,0.5,0.014084507042253521,0.4859154929577465,-0.14285714285714285,0.5714285714285714,0.8518518518550956,-0.11111111111036255,0.629629629631002,1.0
historical7d,500ms,0,MICRO,SELL,-1,1789654359.42,13.0,51.0,1.2745098039215688,99.99990463256836,96.50003910064697,1.0362680219048526,-0.6550000000006548,-0.3850000000002183,0.6550000000006548,0.3850000000002183,0.9849624060174232,0.15187376725869542,-0.8333333333333334,-0.16,0.8333333333333334,0.16,0.6733333333333333,0.25,0.75,0.8461538461541153,-0.3461538461541152,0.6538461538458847,1.0
historical7d,500ms,0,MICRO,BUY,1,1789657104.479,16.0,94.0,0.851063829787234,51.000118255615234,52.99997329711914,0.9622668669983535,0.2649999999994179,1.7150000000001455,0.2649999999994179,1.7150000000001455,0.5824175824163963,0.43036386449260383,0.4666666666666667,0.1111111111111111,0.4666666666666667,0.1111111111111111,0.35555555555555557,-0.26666666666666666,0.6,0.7428571428579596,-0.08571428571358039,0.7714285714274206,0.9472295514509821
historical7d,500ms,0,MICRO,BUY,1,1789657766.486,28.0,126.0,1.1111111111111112,49.99995231628418,50.00019073486328,0.9999952316466078,1.7400000000006912,1.9200000000000728,1.7400000000006912,1.9200000000000728,0.687747035573465,0.22641509433978857,0.4074074074074074,0.11290322580645161,0.4074074074074074,0.11290322580645161,0.29450418160095576,-0.2222222222222222,0.5555555555555556,0.4444444444453427,-0.5333333333299648,0.7333333333319859,0.9810246679312762
historical7d,500ms,0,MICRO,BUY,1,1789658385.9910002,13.0,85.0,0.7647058823529411,97.9999303817749,56.999921798706055,1.7192993830387953,0.4150000000008731,1.4450000000006185,0.4150000000008731,1.4450000000006185,0.954022988504882,0.3910690121783366,0.8333333333333334,0.1,0.8333333333333334,0.1,0.7333333333333334,0.08333333333333333,0.75,0.8285714285726165,-0.028571428572096772,0.6000000000010394,1.0
historical7d,500ms,0,MICRO,BUY,1,1789658877.499,18.0,102.0,0.8823529411764707,51.000118255615234,53.999900817871094,0.944448369037317,0.1999999999998181,0.9099999999998545,0.1999999999998181,0.9099999999998545,0.3174603174608903,0.2058823529409707,0.4117647058823529,0.12871287128712872,0.4117647058823529,0.12871287128712872,0.2830518345952242,-0.058823529411764705,0.23529411764705882,0.6750000000001706,-0.3499999999980673,0.649999999999659,0.819999999999709
historical7d,500ms,0,MICRO,SELL,-1,1789659075.4380002,15.0,68.0,1.1029411764705883,96.50015830993652,105.00001907348633,0.9190489598139882,-0.7249999999994543,-2.8299999999999272,0.7249999999994543,2.8299999999999272,0.8682634730532008,0.4249249249248072,0.0,-0.16417910447761194,-0.0,0.16417910447761194,-0.16417910447761194,0.2857142857142857,0.2857142857142857,0.6222222222212791,-0.4222222222210769,0.533333333334546,0.9776357827471165
historical7d,500ms,0,MICRO,SELL,-1,1789659163.1980002,15.0,67.0,1.1194029850746268,76.00009441375732,99.50006008148193,0.7638195831391441,-0.34500000000025466,-2.2600000000002183,0.34500000000025466,2.2600000000002183,0.22475570032605327,0.34138972809657464,-0.2857142857142857,0.0,0.2857142857142857,-0.0,0.2857142857142857,0.21428571428571427,0.5,0.478260869563756,-0.6304347826105439,0.6304347826105439,1.0
historical7d,500ms,0,MICRO,BUY,1,1789660200.981,21.0,82.0,1.2804878048780488,53.50005626678467,96.9998836517334,0.5515476333855233,0.8449999999993452,0.9049999999988358,0.8449999999993452,0.9049999999988358,0.7647058823564271,0.286846275752841,0.3,0.012345679012345678,0.3,0.012345679012345678,0.2876543209876543,0.05,0.45,0.9354838709664169,-0.0967741935474407,0.6129032258073034,1.0
historical7d,500ms,0,MICRO,SELL,-1,1789661438.983,36.0,112.0,1.6071428571428572,51.000118255615234,51.999807357788086,0.980775138352063,-2.264999999999418,-1.75,2.264999999999418,1.75,0.7512437810944793,0.2643504531722461,-0.2,-0.009009009009009009,0.2,0.009009009009009009,0.190990990990991,0.17142857142857143,0.5428571428571428,0.7575757575759247,-0.09090909090833926,0.7575757575759247,0.9826464208239184
historical7d,500ms,0,MICRO,BUY,1,1789661776.924,19.0,104.0,0.9134615384615384,100.00002384185791,52.00004577636719,1.9230756886622895,-0.08500000000003638,0.3249999999998181,-0.08500000000003638,0.3249999999998181,0.08133971291861865,0.060577819198446604,-0.2222222222222222,0.0392156862745098,-0.2222222222222222,0.0392156862745098,-0.261437908496732,-0.3888888888888889,0.5,0.7297297297311248,-0.1891891891884584,0.6216216216206251,0.519650655022271
historical7d,500ms,0,MICRO,BUY,1,1789664822.995,30.0,133.0,1.1278195488721805,50.99964141845703,51.99992656707764,0.9807637199769834,0.19499999999970896,1.8149999999995998,0.19499999999970896,1.8149999999995998,0.17972350230342124,0.282930631332432,-0.034482758620689655,0.007633587786259542,-0.034482758620689655,0.007633587786259542,-0.042116346406949196,-0.034482758620689655,0.5517241379310345,1.0,-0.20588235294345808,0.47058823529742205,0.7938596491222734
historical7d,500ms,0,MICRO,SELL,-1,1789665094.939,28.0,113.0,1.238938053097345,51.999568939208984,52.99997329711914,0.9811244365671306,-0.3599999999987631,-2.1049999999995634,0.3599999999987631,2.1049999999995634,0.33962264150901306,0.361373390557707,-0.1111111111111111,-0.13513513513513514,0.1111111111111111,0.13513513513513514,-0.024024024024024038,0.037037037037037035,0.7407407407407407,1.0000000000028422,0.06250000000142109,0.37499999999715783,1.0
historical7d,500ms,0,MICRO,BUY,1,1789722022.171,16.0,95.0,0.8421052631578947,94.00010108947754,51.99992656707764,1.8076968044987816,-0.04500000000007276,2.4400000000005093,-0.04500000000007276,2.4400000000005093,0.13043478260846642,0.4412296564191343,-0.3333333333333333,0.2127659574468085,-0.3333333333333333,0.2127659574468085,-0.5460992907801419,-0.3333333333333333,0.13333333333333333,0.5531914893618668,-0.3191489361692658,0.5744680851070005,0.8095238095241457
historical7d,500ms,0,MICRO,SELL,-1,1789740383.483,35.0,159.0,1.10062893081761,51.000118255615234,51.000118255615234,1.0,-1.069999999999709,-1.3350000000000364,1.069999999999709,1.3350000000000364,0.42125984251942566,0.14409066378856314,-0.11764705882352941,-0.0967741935483871,0.11764705882352941,0.0967741935483871,0.020872865275142316,-0.08823529411764706,0.7352941176470589,0.4871794871803841,-0.6666666666643346,1.1538461538447187,0.7900874635565297
historical7d,500ms,1,MICRO,SELL,-1,1789744843.99,15.0,96.0,0.78125,75.00004768371582,52.99997329711914,1.4150959522802724,0.125,-0.9099999999998545,-0.125,0.9099999999998545,0.14619883040943138,0.21615201900247896,0.14285714285714285,-0.28421052631578947,-0.14285714285714285,0.28421052631578947,-0.4270676691729323,0.14285714285714285,0.8571428571428571,0.9599999999991269,0.040000000000873115,0.9200000000018917,0.6706827309237828
historical7d,500ms,1,MICRO,BUY,1,1789745476.022,25.0,144.0,0.8680555555555556,50.99964141845703,50.99987983703613,0.9999953251148853,0.30499999999938154,2.4549999999999272,0.30499999999938154,2.4549999999999272,0.26180257510677346,0.31616226658119595,0.08333333333333333,0.16312056737588654,0.08333333333333333,0.16312056737588654,-0.07978723404255321,0.125,0.625,0.7352941176467441,-0.1470588235298838,0.9117647058831397,1.0
historical7d,500ms,1,MICRO,SELL,-1,1789747384.487,31.0,127.0,1.220472440944882,50.00019073486328,50.999999046325684,0.980395915094935,-1.5499999999992724,-0.5950000000002547,1.5499999999992724,0.5950000000002547,0.48895899053659797,0.07803278688530722,-0.4,-0.072,0.4,0.072,0.328,0.3,0.7,0.9062500000007105,0.0,0.875,0.6498800959233242
historical7d,500ms,1,MICRO,BUY,1,1789747494.997,11.0,119.0,0.4621848739495798,53.00009250640869,50.999999046325684,1.039217519558505,0.2600000000002183,2.235000000000582,0.2600000000002183,2.235000000000582,0.6500000000011369,0.4641744548282062,0.6,0.3275862068965517,0.6,0.3275862068965517,0.27241379310344827,0.0,0.6,0.735294117648711,-0.11764705882368677,0.5000000000013375,0.9667896678966368
historical7d,500ms,1,MICRO,BUY,1,1789752173.904,27.0,130.0,1.0384615384615385,50.999999046325684,51.000118255615234,0.9999976625683699,0.3250000000007276,0.2600000000002183,0.3250000000007276,0.2600000000002183,0.3367875647681774,0.05520169851375041,0.23076923076923078,0.08661417322834646,0.23076923076923078,0.08661417322834646,0.1441550575408843,-0.15384615384615385,0.6153846153846154,0.8055555555551696,-0.19444444444356723,0.5833333333332281,1.0
historical7d,500ms,1,MICRO,BUY,1,1789753891.457,31.0,144.0,1.0763888888888888,50.99987983703613,52.00004577636719,0.9807660565601731,0.13999999999941792,1.069999999999709,0.13999999999941792,1.069999999999709,0.1217391304341224,0.22526315789493437,0.1724137931034483,0.17985611510791366,0.1724137931034483,0.17985611510791366,-0.007442322004465374,-0.26666666666666666,0.6,0.9473684210499442,-3.191209479901549e-12,0.8421052631594064,1.0
historical7d,500ms,1,MICRO,BUY,1,1789759757.975,20.0,95.0,1.0526315789473684,51.999807357788086,52.00004577636719,0.9999954150313611,0.07999999999992724,0.9349999999994907,0.07999999999992724,0.9349999999994907,0.10526315789410699,0.17591721542786098,0.15789473684210525,0.0851063829787234,0.15789473684210525,0.0851063829787234,0.07278835386338185,-0.631578947368421,0.3684210526315789,0.6666666666686878,-0.3333333333313122,0.7666666666647466,0.8055555555563509
historical7d,500ms,2,MICRO,BUY,1,1789963644.3939998,21.0,88.0,1.1931818181818181,50.00007152557373,51.999807357788086,0.9615433992196347,0.680000000000291,1.3299999999999272,0.680000000000291,1.3299999999999272,0.6666666666666666,0.22166666666678894,0.6,0.11627906976744186,0.6,0.11627906976744186,0.48372093023255813,0.25,0.45,0.568421052630148,0.04210526315686683,0.7157894736839686,1.0
historical7d,500ms,2,MICRO,BUY,1,1789984993.492,18.0,74.0,1.2162162162162162,50.99987983703613,55.9999942779541,0.9107122330030952,0.5850000000000364,1.8549999999995634,0.5850000000000364,1.8549999999995634,0.6464088397766291,0.4541003671966482,0.625,0.19444444444444445,0.625,0.19444444444444445,0.4305555555555556,-0.17647058823529413,0.5882352941176471,0.8484848484870199,0.09090909091109531,0.6363636363611309,0.936117936117431
historical7d,500ms,2,MICRO,BUY,1,1789985709.5100002,10.0,85.0,0.5882352941176471,106.99987411499023,53.00009250640869,2.0188620256097094,0.005000000000109139,1.105000000000473,0.005000000000109139,1.105000000000473,0.008547008547194578,0.18649789029549,-0.3333333333333333,0.04878048780487805,-0.3333333333333333,0.04878048780487805,-0.38211382113821135,-0.5555555555555556,0.2222222222222222,0.7,-0.5750000000017053,0.6250000000005684,0.7209302325586862
historical7d,500ms,3,MICRO,SELL,-1,1790004086.345,21.0,85.0,1.2352941176470589,51.49984359741211,71.49994373321533,0.7202780996523754,-0.3250000000007276,-0.42000000000007276,0.3250000000007276,0.42000000000007276,0.565217391304898,0.14788732394339585,-0.47368421052631576,-0.024390243902439025,0.47368421052631576,0.024390243902439025,0.4492939666238767,0.25,0.55,1.3809523809519684,0.42857142856771635,0.6190476190480315,1.0
historical7d,500ms,3,MICRO,BUY,1,1790006332.463,8.0,50.0,0.8,146.00014686584473,55.9999942779541,2.607145746143792,0.4900000000006912,0.6550000000006548,0.4900000000006912,0.6550000000006548,0.7101449275376455,0.2614770459085286,0.7142857142857143,0.08333333333333333,0.7142857142857143,0.08333333333333333,0.6309523809523809,0.0,0.7142857142857143,0.9666666666659592,0.13333333333313122,0.5000000000015158,1.0
historical7d,500ms,3,MICRO,SELL,-1,1790008432.2870002,27.0,143.0,0.9440559440559441,51.50008201599121,51.50008201599121,1.0,-0.19499999999970896,-1.3800000000001091,0.19499999999970896,1.3800000000001091,0.1718061674005916,0.15699658703037242,-0.2,0.0070921985815602835,0.2,-0.0070921985815602835,0.2070921985815603,0.15384615384615385,0.6923076923076923,0.8055555555561872,-0.02777777777840937,0.722222222220959,0.7089783281727784
historical7d,500ms,3,MICRO,SELL,-1,1790010203.423,22.0,109.0,1.0091743119266054,52.00028419494629,55.00006675720215,0.9454585650686862,-0.5500000000001819,-1.5799999999999272,0.5500000000001819,1.5799999999999272,0.41666666666546087,0.24921135646664527,-0.14285714285714285,-0.018867924528301886,0.14285714285714285,0.018867924528301886,0.12398921832884097,-0.09523809523809523,0.6190476190476191,0.7179487179514685,0.0,0.7692307692300516,1.0
historical7d,500ms,3,MICRO,SELL,-1,1790010346.969,29.0,130.0,1.1153846153846154,52.00004577636719,52.00004577636719,1.0,-0.48000000000138243,-1.4400000000005093,0.48000000000138243,1.4400000000005093,0.24000000000069122,0.1897233201582117,-0.25925925925925924,-0.14960629921259844,0.25925925925925924,0.14960629921259844,0.10965296004666081,0.21428571428571427,0.7857142857142857,0.7368421052631579,-0.05263157894856513,0.8421052631602881,1.0
historical7d,500ms,3,MICRO,BUY,1,1790010460.962,24.0,116.0,1.0344827586206897,51.999807357788086,52.99997329711914,0.9811289350331537,-0.2999999999992724,1.7000000000007276,-0.2999999999992724,1.7000000000007276,0.35294117647033646,0.2297297297301217,-0.21739130434782608,0.017857142857142856,-0.21739130434782608,0.017857142857142856,-0.23524844720496893,0.21739130434782608,0.6956521739130435,0.7397260273954853,0.16438356164233373,0.794520547944591,0.41463414634178797
historical7d,500ms,4,MICRO,SELL,-1,1790050280.482,28.0,107.0,1.3084112149532712,55.00006675720215,53.00021171569824,1.0377329632611934,-0.06499999999959982,-2.709999999999127,0.06499999999959982,2.709999999999127,0.05220883534104861,0.3921852387844589,0.07692307692307693,-0.1262135922330097,-0.07692307692307693,0.1262135922330097,-0.20313666915608664,-0.037037037037037035,0.7407407407407407,0.7631578947365272,-0.1842105263173641,0.7105263157904185,0.8914728682163897
historical7d,500ms,4,MICRO,BUY,1,1790066882.3779998,12.0,44.0,1.3636363636363635,99.00021553039551,98.9999771118164,1.0000024082690326,0.030000000000654836,0.3900000000003274,0.030000000000654836,0.3900000000003274,0.05263157894854413,0.14391143911460663,-0.2727272727272727,0.023255813953488372,-0.2727272727272727,0.023255813953488372,-0.29598308668076106,-0.6363636363636364,0.36363636363636365,0.6666666666666666,-0.3333333333333333,0.666666666669193,0.5700934579446244
historical7d,500ms,4,MICRO,SELL,-1,1790074283.993,19.0,65.0,1.4615384615384615,51.999807357788086,55.00006675720215,0.9454498953126964,-0.35499999999956344,-0.9549999999999272,0.35499999999956344,0.9549999999999272,0.496503496504048,0.36242884250593715,-0.3333333333333333,-0.21875,0.3333333333333333,0.21875,0.11458333333333331,-0.1111111111111111,0.5555555555555556,0.9062500000007105,-0.21875000000213163,0.7812500000007105,0.9895833333312214
historical7d,500ms,4,MICRO,SELL,-1,1790076713.9889998,22.0,71.0,1.5492957746478875,50.99964141845703,55.500030517578125,0.9189119527115266,-0.30500000000029104,-0.8600000000005821,0.30500000000029104,0.8600000000005821,0.2531120331956596,0.24022346368719624,-0.14285714285714285,-0.12121212121212122,0.14285714285714285,0.12121212121212122,0.021645021645021634,0.2857142857142857,0.5238095238095238,0.8181818181805655,0.09090909090833926,0.8484848484870199,0.8448979591847887
historical7d,500ms,4,MICRO,BUY,1,1790077062.904,15.0,82.0,0.9146341463414634,98.99985790252686,57.99984931945801,1.7068985361883346,0.46999999999934516,1.1450000000004366,0.46999999999934516,1.1450000000004366,0.5662650602402245,0.2954838709678546,0.14285714285714285,0.05,0.14285714285714285,0.05,0.09285714285714285,0.14285714285714285,0.2857142857142857,0.8923076923068313,-0.30769230769316874,0.46153846153975314,1.0
historical7d,500ms,4,MICRO,BUY,1,1790077316.497,29.0,147.0,0.9863945578231293,53.50005626678467,52.99997329711914,1.0094355324834232,0.1999999999998181,0.4399999999995998,0.1999999999998181,0.4399999999995998,0.1818181818184073,0.0628571428572082,0.07142857142857142,0.07586206896551724,0.07142857142857142,0.07586206896551724,-0.004433497536945816,-0.25,0.5357142857142857,0.611111111109848,-0.2222222222247486,0.8888888888914153,-0.3262411347524775
historical7d,500ms,4,MICRO,BUY,1,1790077860.457,25.0,103.0,1.2135922330097086,55.9999942779541,55.500030517578125,1.0090083510894219,0.3400000000001455,0.18499999999949068,0.3400000000001455,0.18499999999949068,0.4473684210526946,0.053857350800270834,0.30434782608695654,0.009900990099009901,0.30434782608695654,0.009900990099009901,0.29444683598794663,0.08333333333333333,0.6666666666666666,0.4193548387107185,-0.838709677421437,1.0,1.0
historical7d,500ms,4,MICRO,BUY,1,1790081566.449,32.0,163.0,0.9815950920245399,54.000139236450195,52.00004577636719,1.038463301911015,0.8649999999997817,0.8699999999989814,0.8649999999997817,0.8699999999989814,0.6679536679553383,0.11153846153841938,0.4666666666666667,0.08387096774193549,0.4666666666666667,0.08387096774193549,0.3827956989247312,0.0967741935483871,0.8387096774193549,0.7941176470597676,-0.3235294117609294,1.3529411764674413,0.9883945841397115
historical7d,500ms,4,MICRO,SELL,-1,1790081758.967,26.0,109.0,1.1926605504587156,55.00006675720215,55.00006675720215,1.0,-0.08999999999923602,-0.5799999999999272,0.08999999999923602,0.5799999999999272,0.14999999999886313,0.17008797653957536,0.04,0.0,-0.04,-0.0,-0.04,-0.16,0.6,1.1666666666666667,0.08333333333143855,0.6250000000028422,0.8894472361803074
historical7d,500ms,4,MICRO,BUY,1,1790081889.859,26.0,123.0,1.056910569105691,50.99987983703613,53.50017547607422,0.9532656553592755,0.49499999999898137,1.694999999999709,0.49499999999898137,1.694999999999709,0.39442231075584033,0.3067873303164066,0.44,0.24786324786324787,0.44,0.24786324786324787,0.19213675213675213,0.04,0.88,0.9285714285698045,0.1785714285689924,1.4285714285746767,1.0
historical7d,500ms,0,BURST,BUY,1,1789573152.468,15.0,90.0,0.8333333333333334,50.50003528594971,52.00004577636719,0.9711536698088985,-0.11499999999978172,0.9500000000007276,-0.11499999999978172,0.9500000000007276,0.2839506172855032,0.2802359882014542,0.14285714285714285,0.2808988764044944,0.14285714285714285,0.2808988764044944,-0.13804173354735155,-0.42857142857142855,0.42857142857142855,0.9999999999967518,0.17857142857166058,0.3214285714315876,0.7488789237678111
historical7d,500ms,0,BURST,BUY,1,1789577836.469,30.0,111.0,1.3513513513513513,51.000118255615234,51.49996280670166,0.9902942735519533,0.4849999999996726,2.035000000000764,0.4849999999996726,2.035000000000764,0.4199134199112451,0.3994111874386527,0.3103448275862069,0.3761467889908257,0.3103448275862069,0.3761467889908257,-0.0658019614046188,0.41379310344827586,0.3793103448275862,0.7999999999987873,-0.09999999999909051,0.5666666666695973,0.8799076212470607
historical7d,500ms,0,BURST,BUY,1,1789581028.4910002,31.0,122.0,1.2704918032786885,50.499916076660156,51.999807357788086,0.9711558300436033,0.42999999999938154,2.449999999999818,0.42999999999938154,2.449999999999818,0.2263157894739437,0.3145057766372059,0.2,0.21666666666666667,0.2,0.21666666666666667,-0.016666666666666663,-0.13333333333333333,0.6666666666666666,0.5925925925910955,-0.5185185185188927,1.5185185185155243,0.8877551020408259
historical7d,500ms,0,BURST,SELL,-1,1789643569.42,22.0,92.0,1.1956521739130437,52.00004577636719,53.999900817871094,0.9629655793582114,0.2250000000003638,-1.2549999999991996,-0.2250000000003638,1.2549999999991996,0.2795031055897814,0.3632416787264506,0.23809523809523808,-0.23076923076923078,-0.23809523809523808,0.23076923076923078,-0.46886446886446886,0.6190476190476191,0.2857142857142857,0.724137931034699,-0.3103448275836114,0.8275862068990391,0.6141479099674583
historical7d,500ms,0,BURST,BUY,1,1789654187.951,30.0,102.0,1.4705882352941178,49.99995231628418,52.00004577636719,0.9615366980889851,1.7200000000011642,1.8800000000010186,1.7200000000011642,1.8800000000010186,0.6718749999996336,0.26780626780604927,0.3793103448275862,0.2857142857142857,0.3793103448275862,0.2857142857142857,0.09359605911330049,0.3448275862068966,0.5172413793103449,0.617647058823372,0.2941176470597676,0.9411764705869765,0.9160493827168967
historical7d,500ms,0,BURST,BUY,1,1789660114.463,23.0,98.0,1.173469387755102,51.50008201599121,52.00004577636719,0.990385320764406,0.9650000000001455,2.255000000000109,0.9650000000001455,2.255000000000109,0.6245954692549929,0.31917905166275073,0.18181818181818182,0.1958762886597938,0.18181818181818182,0.1958762886597938,-0.01405810684161199,0.5,0.4090909090909091,0.8928571428579549,-0.035714285715097764,0.9285714285730526,0.9582664526487292
historical7d,500ms,0,BURST,BUY,1,1789701778.447,11.0,58.0,0.9482758620689655,125.00011920928955,99.99966621398926,1.2500053644359355,0.18999999999959982,2.2650000000003274,0.18999999999959982,2.2650000000003274,0.37254901960623465,0.5984147952437763,-0.2,0.2631578947368421,-0.2,0.2631578947368421,-0.4631578947368421,0.1,0.5,0.5813953488368158,-0.46511627906902964,0.7674418604644276,1.0
historical7d,500ms,0,BURST,BUY,1,1789713296.6780002,14.0,57.0,1.2280701754385965,52.99997329711914,77.00002193450928,0.688311145446129,0.5249999999996362,1.9549999999999272,0.5249999999996362,1.9549999999999272,0.8015267175581211,0.720073664826428,0.23076923076923078,0.23636363636363636,0.23076923076923078,0.23636363636363636,-0.005594405594405577,0.5384615384615384,0.3076923076923077,0.64864864864825,-0.5675675675678333,0.7027027027034999,1.0
historical7d,500ms,0,BURST,SELL,-1,1789720203.473,34.0,81.0,2.0987654320987654,50.00019073486328,51.000118255615234,0.980393623486513,-2.0649999999996,-3.164999999999054,2.0649999999996,3.164999999999054,0.5301668806158886,0.26364014993738494,-0.3939393939393939,-0.2911392405063291,0.3939393939393939,0.2911392405063291,0.10280015343306481,0.15151515151515152,0.6666666666666666,0.5,-0.6136363636345785,0.818181818182194,0.9522184300339094
historical7d,500ms,0,BURST,SELL,-1,1789722959.244,10.0,48.0,1.0416666666666667,151.0000228881836,142.0001983642578,1.063378957407084,-0.07000000000061846,-0.8300000000008367,0.07000000000061846,0.8300000000008367,0.2258064516119568,0.41919191919108634,-0.3333333333333333,-0.2765957446808511,0.3333333333333333,0.2765957446808511,0.05673758865248224,0.5555555555555556,0.2222222222222222,0.9142857142863082,-0.11428571428318997,1.3142857142852689,0.9468085106371656
historical7d,500ms,0,BURST,SELL,-1,1789728974.4169998,23.0,59.0,1.9491525423728813,76.99990272521973,97.49984741210938,0.7897438280057906,-0.5150000000003274,-1.2400000000006912,0.5150000000003274,1.2400000000006912,0.5282051282057596,0.5232067510547666,-0.6363636363636364,-0.5789473684210527,0.6363636363636364,0.5789473684210527,0.0574162679425837,-0.3181818181818182,0.5909090909090909,1.0,-0.31818181818557645,0.7727272727340375,0.7588652482269778
historical7d,500ms,1,BURST,SELL,-1,1789743967.948,31.0,155.0,1.0,51.000118255615234,50.00019073486328,1.0199984741269146,-0.08499999999912689,-1.1749999999992724,0.08499999999912689,1.1749999999992724,0.07296137338975381,0.1976450798988412,-0.13333333333333333,-0.22875816993464052,0.13333333333333333,0.22875816993464052,-0.09542483660130718,0.5333333333333333,0.4,0.8400000000001455,-0.3599999999969441,1.1200000000026193,0.7573964497030944
historical7d,500ms,1,BURST,SELL,-1,1789744809.4899998,25.0,134.0,0.9328358208955224,51.99992656707764,51.999807357788086,1.0000022924948304,-0.7299999999995634,-2.4350000000004,0.7299999999995634,2.4350000000004,0.776595744678463,0.28496196606209934,-0.6666666666666666,-0.41353383458646614,0.6666666666666666,0.41353383458646614,0.2531328320802005,0.0,0.5833333333333334,0.7142857142878024,3.2481953634724227e-12,1.1785714285670783,1.0
historical7d,500ms,1,BURST,SELL,-1,1789745006.2140002,29.0,92.0,1.5760869565217392,50.99987983703613,52.99997329711914,0.9622623685323305,-0.2649999999994179,-2.0749999999989086,0.2649999999994179,2.0749999999989086,0.31360946745720075,0.45355191256853633,-0.4074074074074074,-0.28735632183908044,0.4074074074074074,0.28735632183908044,0.12005108556832694,0.17857142857142858,0.8214285714285714,0.9818181818161373,0.18181818181547588,1.0545454545449735,1.0
historical7d,500ms,1,BURST,SELL,-1,1789745230.877,28.0,116.0,1.206896551724138,51.000118255615234,52.99997329711914,0.9622668669983535,-0.944999999999709,-1.8800000000001091,0.944999999999709,1.8800000000001091,0.6539792387550788,0.32695652173951145,-0.5555555555555556,-0.2807017543859649,0.5555555555555556,0.2807017543859649,0.2748538011695907,-0.25925925925925924,0.7407407407407407,0.8571428571440945,-0.22222222222125979,0.8571428571412073,1.0
historical7d,500ms,1,BURST,BUY,1,1789745637.9910002,18.0,101.0,0.8910891089108911,99.00021553039551,52.99985408782959,1.86793373744644,0.18500000000040018,1.5150000000003274,0.18500000000040018,1.5150000000003274,0.28682170542556956,0.3859872611458468,0.4117647058823529,0.32653061224489793,0.4117647058823529,0.32653061224489793,0.08523409363745499,-0.058823529411764705,0.7058823529411765,0.8461538461541153,0.19230769230823047,0.9230769230753086,0.9887005649715075
historical7d,500ms,1,BURST,SELL,-1,1789751987.461,33.0,131.0,1.2595419847328244,50.999999046325684,50.999999046325684,1.0,-0.4099999999998545,-1.1549999999997453,0.4099999999998545,1.1549999999997453,0.3416666666663382,0.18826405867974214,-0.22580645161290322,-0.21951219512195122,0.22580645161290322,0.21951219512195122,0.006294256490951999,0.25,0.625,0.7878787878796231,-0.18181818181667853,0.7878787878796231,0.5098039215685459
historical7d,500ms,2,BURST,BUY,1,1789963653.855,14.0,102.0,0.6862745098039216,99.99990463256836,52.99997329711914,1.8867916040630146,0.375,1.4549999999999272,0.375,1.4549999999999272,0.5474452554763133,0.2476595744685328,0.38461538461538464,0.26732673267326734,0.38461538461538464,0.26732673267326734,0.1172886519421173,0.6923076923076923,0.3076923076923077,0.5777777777773286,-0.42222222222267136,0.8888888888886644,1.0
historical7d,500ms,2,BURST,BUY,1,1789984997.647,11.0,85.0,0.6470588235294118,148.00000190734863,56.49995803833008,2.619471005747369,0.054999999999381544,2.024999999999636,0.054999999999381544,2.024999999999636,0.15942028985484322,0.4565952649381509,0.2,0.2345679012345679,0.2,0.2345679012345679,-0.03456790123456788,0.0,0.8,0.8484848484842639,-0.212121212123133,0.6363636363638869,1.0
historical7d,500ms,3,BURST,BUY,1,1790006264.459,17.0,92.0,0.923913043478261,98.9999771118164,53.999900817871094,1.8333362767779877,0.5900000000001455,2.7399999999997817,0.5900000000001455,2.7399999999997817,0.746835443039053,0.6021978021980913,0.5,0.38461538461538464,0.5,0.38461538461538464,0.11538461538461536,0.1875,0.8125,0.9032258064522753,0.06451612903377231,0.6451612903230538,1.0
historical7d,500ms,3,BURST,SELL,-1,1790012061.956,30.0,135.0,1.1111111111111112,50.99987983703613,50.999999046325684,0.9999976625629062,-0.5149999999994179,-1.5299999999988358,0.5149999999994179,1.5299999999988358,0.5449735449709988,0.29593810444820107,-0.2413793103448276,-0.24031007751937986,0.2413793103448276,0.24031007751937986,0.0010692328254477412,0.41379310344827586,0.5862068965517241,0.9000000000006063,-0.1666666666676772,0.5000000000030317,0.9720670391055349
historical7d,500ms,3,BURST,SELL,-1,1790018047.4380002,21.0,80.0,1.3125,53.50005626678467,54.000139236450195,0.9907392281439161,-0.19500000000061846,-1.9550000000008367,0.19500000000061846,1.9550000000008367,0.3577981651381046,0.5248322147654022,-0.2631578947368421,-0.41333333333333333,0.2631578947368421,0.41333333333333333,-0.15017543859649124,0.15,0.65,0.8571428571414651,-0.10714285714187108,1.2142857142886145,0.9014084507046403
historical7d,500ms,3,BURST,SELL,-1,1790022664.515,13.0,88.0,0.7386363636363635,148.00000190734863,54.000139236450195,2.740733709209556,-0.09500000000116415,-1.2200000000011642,0.09500000000116415,1.2200000000011642,0.2345679012381166,0.3057644110281562,-0.09090909090909091,-0.19047619047619047,0.09090909090909091,0.19047619047619047,-0.09956709956709955,0.16666666666666666,0.6666666666666666,0.8235294117636044,-0.3235294117662794,0.5,0.9365079365094489
historical7d,500ms,4,BURST,BUY,1,1790068421.339,19.0,73.0,1.3013698630136987,51.49996280670166,80.50012588500977,0.6397500903323639,0.944999999999709,1.7549999999991996,0.944999999999709,1.7549999999991996,0.8957345971543308,0.5580286168518144,0.7777777777777778,0.2676056338028169,0.7777777777777778,0.2676056338028169,0.5101721439749609,-0.05555555555555555,0.6111111111111112,0.7333333333337375,-0.36666666666535297,0.7999999999987873,0.9682539682532656
historical7d,500ms,4,BURST,SELL,-1,1790072966.384,25.0,105.0,1.1904761904761905,50.00007152557373,54.000020027160645,0.9259269070719781,-0.6150000000006912,-2.0349999999998545,0.6150000000006912,2.0349999999998545,0.6307692307679392,0.4672789896662821,-0.4166666666666667,-0.2549019607843137,0.4166666666666667,0.2549019607843137,0.16176470588235298,0.375,0.5416666666666666,0.8400000000001455,0.2000000000007276,0.8800000000010186,0.9760765550242733
historical7d,500ms,4,BURST,SELL,-1,1790075668.965,17.0,93.0,0.9139784946236559,52.500009536743164,53.499817848205566,0.9813119305508825,-0.589999999999236,-1.8650000000006912,0.589999999999236,1.8650000000006912,0.79729729729748,0.5275813295629664,-0.4666666666666667,-0.34065934065934067,0.4666666666666667,0.34065934065934067,0.126007326007326,-0.3125,0.5625,0.8064516129045508,-0.12903225806461077,0.516129032261377,1.0
historical7d,500ms,4,BURST,BUY,1,1790076896.465,21.0,97.0,1.0824742268041239,54.000020027160645,53.00021171569824,1.018864232407703,0.4900000000006912,1.7750000000005457,0.4900000000006912,1.7750000000005457,0.4298245614046775,0.48299319727903617,0.2,0.2708333333333333,0.2,0.2708333333333333,-0.0708333333333333,0.25,0.65,0.8709677419353893,-0.19354838709838307,0.6451612903259877,0.9613259668509981
historical7d,500ms,4,BURST,BUY,1,1790081889.859,26.0,123.0,1.056910569105691,50.99987983703613,53.50017547607422,0.9532656553592755,0.49499999999898137,1.694999999999709,0.49499999999898137,1.694999999999709,0.39442231075584033,0.3067873303164066,0.44,0.24786324786324787,0.44,0.24786324786324787,0.19213675213675213,0.04,0.88,0.9285714285698045,0.1785714285689924,1.4285714285746767,1.0
historical7d,1s,0,PRIMARY,BUY,1,1789573826.844,8.0,30.0,1.3333333333333333,98.00028800964355,100.00038146972656,0.9799991416963894,0.2999999999992724,0.42999999999938154,0.2999999999992724,0.42999999999938154,1.0,0.37391304347754567,1.0,0.2413793103448276,1.0,0.2413793103448276,0.7586206896551724,-0.14285714285714285,0.5714285714285714,1.0,0.0,0.31034482758674764,1.0
historical7d,1s,0,PRIMARY,BUY,1,1789574424.972,28.0,146.0,0.9589041095890412,52.00004577636719,51.999807357788086,1.0000045849896608,0.4600000000000364,3.149999999999636,0.4600000000000364,3.149999999999636,0.3650793650801213,0.43568464730277096,-0.18518518518518517,0.056338028169014086,-0.18518518518518517,0.056338028169014086,-0.24152321335419927,0.1111111111111111,0.37037037037037035,0.8620689655173496,0.06896551724289333,0.9310344827571067,0.9874015748028753
historical7d,1s,0,PRIMARY,BUY,1,1789575094.938,17.0,77.0,1.103896103896104,51.000118255615234,52.99997329711914,0.9622668669983535,0.11999999999989086,-0.27999999999974534,0.11999999999989086,-0.27999999999974534,0.15384615384642292,0.08805031446514439,0.2,0.08108108108108109,0.2,0.08108108108108109,0.11891891891891893,0.3125,0.6875,0.7777777777803041,-0.16666666666540347,0.4166666666660351,-0.12068965517192709
historical7d,1s,0,PRIMARY,SELL,-1,1789576936.915,30.0,140.0,1.0714285714285714,51.000118255615234,51.000118255615234,1.0,-0.5649999999995998,-1.144999999999527,0.5649999999995998,1.144999999999527,0.591623036650531,0.18512530315302722,-0.4482758620689655,-0.050359712230215826,0.4482758620689655,0.050359712230215826,0.3979161498387497,0.20689655172413793,0.5172413793103449,0.8709677419328339,0.22580645160873905,0.645161290321161,1.0
historical7d,1s,0,PRIMARY,SELL,-1,1789578286.98,22.0,128.0,0.859375,51.999807357788086,51.000118255615234,1.0196017016502268,0.16499999999905413,0.12999999999919964,-0.16499999999905413,-0.12999999999919964,0.1534883720920395,0.019374068554258658,0.23809523809523808,-0.05511811023622047,-0.23809523809523808,0.05511811023622047,-0.29321334833145857,0.3333333333333333,0.38095238095238093,0.9666666666659592,0.3000000000003032,0.7333333333337375,-0.6923076923074392
historical7d,1s,0,PRIMARY,SELL,-1,1789579129.869,21.0,87.0,1.2068965517241381,52.500128746032715,54.000020027160645,0.9722242458359548,-0.2999999999992724,-1.4200000000000728,0.2999999999992724,1.4200000000000728,0.4285714285699437,0.4092219020167457,-0.2631578947368421,-0.08235294117647059,0.2631578947368421,0.08235294117647059,0.18080495356037152,-0.35,0.65,0.9310344827571067,-0.13793103448578667,0.44827586206939807,1.0
historical7d,1s,0,PRIMARY,BUY,1,1789580254.921,29.0,79.0,1.8354430379746836,50.99987983703613,55.9999942779541,0.9107122330030952,1.0,1.6899999999995998,1.0,1.6899999999995998,0.5813953488362009,0.5168195718653958,0.35714285714285715,0.16883116883116883,0.35714285714285715,0.16883116883116883,0.18831168831168832,0.17857142857142858,0.8214285714285714,0.9310344827602428,0.0,0.620689655170359,0.9098591549287085
historical7d,1s,0,PRIMARY,BUY,1,1789581649.928,23.0,111.0,1.0360360360360361,51.000118255615234,51.49996280670166,0.9902942735519533,-0.16499999999905413,0.2900000000008731,-0.16499999999905413,0.2900000000008731,0.17647058823472192,0.062098501070777246,0.0,-0.027522935779816515,0.0,-0.027522935779816515,0.027522935779816515,0.09090909090909091,0.7272727272727273,0.9062499999981348,-0.09375000000186517,0.46875000000079936,0.3333333333340551
historical7d,1s,0,PRIMARY,BUY,1,1789582223.908,28.0,104.0,1.346153846153846,51.999807357788086,52.00004577636719,0.9999954150313611,-0.1749999999992724,0.35500000000047294,-0.1749999999992724,0.35500000000047294,0.12727272727253486,0.10070921985848248,-0.07692307692307693,0.04950495049504951,-0.07692307692307693,0.04950495049504951,-0.12642802741812642,0.14814814814814814,0.7037037037037037,0.8529411764701161,-0.49999999999732503,0.617647058823372,0.11811023622317918
historical7d,1s,0,PRIMARY,SELL,-1,1789583356.946,21.0,88.0,1.1931818181818181,54.000020027160645,52.99973487854004,1.0188733991012024,-0.6900000000005093,-0.9200000000000728,0.6900000000005093,0.9200000000000728,0.7582417582409235,0.28840125391814314,-0.3684210526315789,-0.023809523809523808,0.3684210526315789,0.023809523809523808,0.34461152882205515,0.15,0.65,0.8571428571398874,-0.11428571428549156,0.3142857142870507,0.9004975124391796
historical7d,1s,0,PRIMARY,SELL,-1,1789586926.748,23.0,76.0,1.5131578947368423,50.50003528594971,92.00000762939453,0.548913381500793,0.23000000000047294,0.11499999999978172,-0.23000000000047294,-0.11499999999978172,0.3108108108119236,0.04070796460170837,0.2727272727272727,0.06666666666666667,-0.2727272727272727,-0.06666666666666667,-0.20606060606060606,0.3181818181818182,0.4090909090909091,0.7272727272722261,-0.30303030303147227,0.636363636366643,-0.25301204819393286
historical7d,1s,0,PRIMARY,BUY,1,1789592304.8969998,23.0,90.0,1.2777777777777777,52.49989032745361,51.999568939208984,1.0096216449184328,0.22000000000025466,2.069999999999709,0.22000000000025466,2.069999999999709,0.4000000000003307,0.6142433234415727,0.047619047619047616,0.3409090909090909,0.047619047619047616,0.3409090909090909,-0.29329004329004327,-0.5,0.3181818181818182,0.7792207792193679,-0.6233766233788016,0.7792207792217303,0.9809069212414956
historical7d,1s,0,PRIMARY,SELL,-1,1789593033.9889998,35.0,171.0,1.023391812865497,50.999999046325684,50.499916076660156,1.009902649519385,1.5,-1.6299999999991996,-1.5,1.6299999999991996,0.2868068833654242,0.10174781523090856,-0.11764705882352941,-0.08235294117647059,0.11764705882352941,0.08235294117647059,0.03529411764705882,0.0,0.7058823529411765,0.5454545454566125,-0.5454545454545454,1.954545454546488,0.039487726787515665
historical7d,1s,0,PRIMARY,SELL,-1,1789594424.963,37.0,191.0,0.9685863874345549,50.00007152557373,50.00019073486328,0.9999976158233039,0.1500000000005457,-3.2349999999996726,-0.1500000000005457,3.2349999999996726,0.025295109612244075,0.07659524091393669,-0.05555555555555555,-0.037037037037037035,0.05555555555555555,0.037037037037037035,0.018518518518518517,0.1111111111111111,0.6666666666666666,0.4285714285705005,-0.5714285714294994,2.9428571428584793,0.4770819883795129
historical7d,1s,0,PRIMARY,SELL,-1,1789595330.969,36.0,173.0,1.0404624277456647,50.99964141845703,50.99976062774658,0.999997662551979,1.0650000000005093,1.0950000000002547,-1.0650000000005093,-1.0950000000002547,0.3203007518796071,0.07559544356229664,0.08571428571428572,0.029239766081871343,-0.08571428571428572,-0.029239766081871343,-0.05647451963241437,-0.05714285714285714,0.8857142857142857,0.5909090909080574,-0.3409090909106412,1.1136363636389475,-0.8795562599051567
historical7d,1s,0,PRIMARY,SELL,-1,1789596538.9550002,34.0,167.0,1.0179640718562875,49.99995231628418,50.99964141845703,0.98039811507751,-2.8000000000010914,-1.9750000000003638,2.8000000000010914,1.9750000000003638,0.6034482758621433,0.11872557859942397,-0.3333333333333333,0.024096385542168676,0.3333333333333333,-0.024096385542168676,0.357429718875502,-0.15151515151515152,0.6666666666666666,0.42592592592683043,-0.4074074074062222,1.1111111111101755,1.0
historical7d,1s,0,PRIMARY,SELL,-1,1789597139.999,36.0,145.0,1.2413793103448276,51.000118255615234,51.999807357788086,0.980775138352063,-0.42999999999938154,-2.719999999999345,0.42999999999938154,2.719999999999345,0.2097560975606553,0.2674532940019959,-0.11764705882352941,-0.25874125874125875,0.11764705882352941,0.25874125874125875,-0.14109419991772934,0.0,0.7142857142857143,0.9666666666688899,-1.200000000001819,1.8000000000042442,0.9575856443716034
historical7d,1s,0,PRIMARY,SELL,-1,1789598203.9580002,31.0,170.0,0.9117647058823529,52.00004577636719,50.99964141845703,1.019615909643398,-0.9050000000006548,-2.845000000001164,0.9050000000006548,2.845000000001164,0.5276967930026928,0.2907511497190268,-0.7241379310344828,-0.3696969696969697,0.7241379310344828,0.3696969696969697,0.35444096133751307,-0.26666666666666666,0.5333333333333333,0.7826086956509705,-0.0434782608745511,2.6956521739216397,0.938671209540563
historical7d,1s,0,PRIMARY,BUY,1,1789598773.96,28.0,137.0,1.0218978102189782,50.99987983703613,51.99992656707764,0.9807683049561332,0.5249999999996362,2.130000000000109,0.5249999999996362,2.130000000000109,0.2815013404824116,0.19206492335420736,0.18518518518518517,0.13432835820895522,0.18518518518518517,0.13432835820895522,0.05085682697622995,0.18518518518518517,0.5185185185185185,0.530612244898641,-0.5510204081625456,1.1020408163269473,1.0
historical7d,1s,0,PRIMARY,BUY,1,1789599296.978,25.0,114.0,1.0964912280701753,50.999999046325684,51.000118255615234,0.9999976625683699,0.07999999999992724,0.3150000000005093,0.07999999999992724,0.3150000000005093,0.09876543209829412,0.07385697538113771,0.0,0.16071428571428573,0.0,0.16071428571428573,-0.16071428571428573,-0.25,0.4166666666666667,0.7323943661977604,-0.3380281690111978,0.6197183098572786,0.9523809523799212
historical7d,1s,0,PRIMARY,BUY,1,1789615421.591,18.0,57.0,1.5789473684210527,51.000118255615234,56.50007724761963,0.9026557261523724,0.8250000000007276,0.2649999999994179,0.8250000000007276,0.2649999999994179,0.7466063348425824,0.0794602698648704,0.17647058823529413,-0.17857142857142858,0.17647058823529413,-0.17857142857142858,0.3550420168067227,0.17647058823529413,0.5882352941176471,0.7000000000006821,-0.42499999999732835,0.5749999999981241,1.0
historical7d,1s,0,PRIMARY,BUY,1,1789618080.996,11.0,80.0,0.6875,175.5000352859497,96.9998836517334,1.8092808844602517,0.4250000000001819,-0.8649999999997817,0.4250000000001819,-0.8649999999997817,0.5782312925175118,0.20186697782976556,-0.2,-0.4936708860759494,-0.2,-0.4936708860759494,0.2936708860759494,-0.4,0.4,0.5000000000006688,-0.7352941176477276,1.0588235294144397,-0.33956386292772756
historical7d,1s,0,PRIMARY,BUY,1,1789618633.982,12.0,76.0,0.7894736842105263,101.99999809265137,51.999807357788086,1.9615456917144651,0.09000000000014552,0.9849999999996726,0.09000000000014552,0.9849999999996726,0.16981132075536454,0.18291550603530765,0.45454545454545453,0.22666666666666666,0.45454545454545453,0.22666666666666666,0.22787878787878788,0.18181818181818182,0.45454545454545453,0.5454545454545454,-0.2272727272737608,0.6818181818192154,0.8992805755400108
historical7d,1s,0,PRIMARY,SELL,-1,1789621329.987,15.0,75.0,1.0,100.49998760223389,55.00006675720215,1.8272702839778574,0.26999999999952706,-1.355000000000473,-0.26999999999952706,1.355000000000473,0.19999999999946105,0.252093023255774,0.0,-0.1891891891891892,-0.0,0.1891891891891892,-0.1891891891891892,-0.21428571428571427,0.35714285714285715,0.21276595744746726,-0.765957446807399,1.0425531914883324,0.3861892583125559
historical7d,1s,0,PRIMARY,SELL,-1,1789621909.9020002,17.0,73.0,1.1643835616438356,51.000118255615234,52.49989032745361,0.9714328532405694,0.010000000000218279,-0.18999999999869033,-0.010000000000218279,0.18999999999869033,0.015151515151849218,0.03350970017616768,0.25,0.09859154929577464,-0.25,-0.09859154929577464,-0.15140845070422537,0.375,0.5,0.6000000000022737,-0.6,0.7250000000005684,0.7541528239197518
historical7d,1s,0,PRIMARY,SELL,-1,1789623093.972,15.0,56.0,1.3392857142857144,74.50008392333984,52.99973487854004,1.4056689923840628,-0.0750000000007276,-0.5850000000009459,0.0750000000007276,0.5850000000009459,0.08771929824650981,0.25161290322613455,-0.14285714285714285,-0.16363636363636364,0.14285714285714285,0.16363636363636364,-0.020779220779220786,-0.21428571428571427,0.6428571428571429,0.3076923076921283,-0.6923076923067056,0.9487179487203107,0.3863636363647873
historical7d,1s,0,PRIMARY,BUY,1,1789635295.977,20.0,62.0,1.6129032258064515,55.00006675720215,97.99981117248535,0.561226252368985,0.03999999999996362,-0.25,0.03999999999996362,-0.25,0.07142857142845542,0.11210762331804182,-0.17647058823529413,-0.1724137931034483,-0.17647058823529413,-0.1724137931034483,-0.004056795131845842,-0.15789473684210525,0.42105263157894735,0.9259259259259883,0.0,0.740740740740117,-0.32203389830482343
historical7d,1s,0,PRIMARY,BUY,1,1789640906.6929998,10.0,58.0,0.8620689655172414,197.00002670288086,99.99990463256836,1.9700021457692583,-0.1999999999998181,-0.1499999999996362,-0.1999999999998181,-0.1499999999996362,0.4878048780517562,0.06607929515422385,-0.3333333333333333,-0.21428571428571427,-0.3333333333333333,-0.21428571428571427,-0.11904761904761904,0.1111111111111111,0.6666666666666666,0.8387096774202066,0.32258064516252066,0.7096774193528512,-0.46478873239227336
historical7d,1s,0,PRIMARY,SELL,-1,1789643496.9,15.0,30.0,2.5,98.49989414215088,101.99975967407227,0.9656875119793931,-0.2250000000003638,-0.3500000000003638,0.2250000000003638,0.3500000000003638,0.48387096774256644,0.40229885057391956,0.0,-0.10344827586206896,-0.0,0.10344827586206896,-0.10344827586206896,0.8571428571428571,0.14285714285714285,0.6206896551734953,-0.3793103448265048,0.6896551724132524,0.5730337078646174
historical7d,1s,0,PRIMARY,SELL,-1,1789644739.96,7.0,80.0,0.4375,275.4998207092285,52.00028419494629,5.298044519841361,-0.030000000000654836,-1.2400000000006912,0.030000000000654836,1.2400000000006912,0.1250000000018948,0.2465208747515518,0.0,-0.02564102564102564,-0.0,0.02564102564102564,-0.02564102564102564,0.5,0.5,0.6285714285731362,-0.28571428571317203,0.8857142857142115,0.062098501071239265
historical7d,1s,0,PRIMARY,SELL,-1,1789648231.537,31.0,94.0,1.6489361702127658,50.999999046325684,52.99997329711914,0.962264617765342,-1.1249999999990905,-1.2399999999997817,1.1249999999990905,1.2399999999997817,0.5725190839697554,0.2973621103123416,-0.3793103448275862,-0.18681318681318682,0.3793103448275862,0.18681318681318682,0.19249715801439937,-0.3,0.6333333333333333,1.1599999999998545,-0.2000000000007276,0.8400000000001455,0.9706959706953263
historical7d,1s,0,PRIMARY,SELL,-1,1789656063.875,10.0,50.0,1.0,98.9997386932373,107.99980163574219,0.9166659308055031,-0.23000000000047294,-0.0999999999994543,0.23000000000047294,0.0999999999994543,0.7931034482775924,0.06622516556250306,-0.7777777777777778,-0.02040816326530612,0.7777777777777778,0.02040816326530612,0.7573696145124716,0.0,0.7777777777777778,0.9310344827602428,-0.06896551723975715,0.3793103448265048,1.0
historical7d,1s,0,PRIMARY,BUY,1,1789656821.9299998,19.0,71.0,1.3380281690140845,51.49996280670166,50.999999046325684,1.0098032111710793,0.3849999999993088,1.980000000000473,0.3849999999993088,1.980000000000473,0.4666666666649028,0.4817518248176717,0.2222222222222222,0.14285714285714285,0.2222222222222222,0.14285714285714285,0.07936507936507936,0.3333333333333333,0.3333333333333333,1.0000000000033684,-0.03703703703454185,0.7777777777792749,1.0
historical7d,1s,0,PRIMARY,BUY,1,1789658183.969,23.0,106.0,1.0849056603773586,51.999688148498535,52.00004577636719,0.9999931225470418,0.34499999999934516,1.7749999999996362,0.34499999999934516,1.7749999999996362,0.29361702127622025,0.3377735490008168,0.23809523809523808,0.13725490196078433,0.23809523809523808,0.13725490196078433,0.10084033613445376,0.045454545454545456,0.5909090909090909,0.710526315788025,-0.1842105263173641,0.6315789473676653,0.8597402597400463
historical7d,1s,0,PRIMARY,BUY,1,1789659699.912,13.0,76.0,0.8552631578947368,50.50015449523926,95.00002861022949,0.5315804135431751,0.3600000000005821,1.605000000000473,0.3600000000005821,1.605000000000473,0.5000000000025264,0.3676975945019216,0.3333333333333333,0.52,0.3333333333333333,0.52,-0.1866666666666667,0.4166666666666667,0.4166666666666667,0.8852459016382688,0.26229508196413337,0.6557377049207703,0.9855421686752586
historical7d,1s,0,PRIMARY,SELL,-1,1789660805.988,36.0,166.0,1.0843373493975903,50.00019073486328,50.00019073486328,1.0,-0.8549999999995634,-6.2150000000001455,0.8549999999995634,6.2150000000001455,0.17502558853623854,0.33786354987771744,0.14285714285714285,-0.08536585365853659,-0.14285714285714285,0.08536585365853659,-0.22822299651567945,0.08571428571428572,0.6857142857142857,0.29032258064525596,-0.6129032258043695,1.3548387096759051,0.770655270655202
historical7d,1s,0,PRIMARY,BUY,1,1789661749.9420002,29.0,143.0,1.013986013986014,50.999999046325684,50.999999046325684,1.0,-0.9349999999994907,0.44500000000061846,-0.9349999999994907,0.44500000000061846,0.6012861736337038,0.06108442004119799,-0.21428571428571427,-0.05714285714285714,-0.21428571428571427,-0.05714285714285714,-0.15714285714285714,-0.42857142857142855,0.35714285714285715,0.7777777777777778,-0.41666666666856145,0.5000000000012632,-0.2651757188491496
historical7d,1s,0,PRIMARY,SELL,-1,1789663504.984,35.0,150.0,1.1666666666666667,49.99983310699463,50.99987983703613,0.980391194386398,-1.7199999999993452,-2.2849999999998545,1.7199999999993452,2.2849999999998545,0.6187050359708417,0.24662709120355047,-0.375,-0.1292517006802721,0.375,0.1292517006802721,0.2457482993197279,0.17647058823529413,0.7647058823529411,0.7435897435930922,-0.25641025640923987,0.5128205128184797,0.972891566265014
historical7d,1s,0,PRIMARY,BUY,1,1789664822.995,30.0,133.0,1.1278195488721805,50.99964141845703,51.99992656707764,0.9807637199769834,0.19499999999970896,1.8149999999995998,0.19499999999970896,1.8149999999995998,0.17972350230342124,0.282930631332432,-0.034482758620689655,0.007633587786259542,-0.034482758620689655,0.007633587786259542,-0.042116346406949196,-0.034482758620689655,0.5517241379310345,1.0,-0.20588235294345808,0.47058823529742205,0.7938596491222734
historical7d,1s,0,PRIMARY,SELL,-1,1789666760.825,23.0,87.0,1.3218390804597702,52.00004577636719,52.99997329711914,0.9811334334991768,0.07999999999992724,-0.7600000000002183,-0.07999999999992724,0.7600000000002183,0.1111111111111111,0.1831325301202295,0.09090909090909091,-0.047619047619047616,-0.09090909090909091,0.047619047619047616,-0.13852813852813853,0.0,0.45454545454545453,0.8333333333353544,0.2666666666670709,0.5,0.4906367041196461
historical7d,1s,0,PRIMARY,SELL,-1,1789668684.972,15.0,84.0,0.8928571428571428,99.49994087219238,54.99982833862305,1.8090954804366108,-0.3000000000001819,-0.13999999999941792,0.3000000000001819,0.13999999999941792,0.5454545454564997,0.04242424242409878,-0.42857142857142855,0.03614457831325301,0.42857142857142855,-0.03614457831325301,0.46471600688468157,-0.21428571428571427,0.5,0.8169014084531219,0.05633802817024094,0.5070422535167967,0.969849246232295
historical7d,1s,0,PRIMARY,BUY,1,1789670449.961,15.0,62.0,1.2096774193548387,75.5000114440918,99.00021553039551,0.7626247179321689,-0.010000000000218279,0.22999999999956344,-0.010000000000218279,0.22999999999956344,0.011111111111358134,0.10222222222219347,-0.14285714285714285,0.06666666666666667,-0.14285714285714285,0.06666666666666667,-0.2095238095238095,0.14285714285714285,0.5714285714285714,0.954545454544515,-0.09090909091097003,0.590909090908903,0.4206896551718773
historical7d,1s,0,PRIMARY,BUY,1,1789671602.992,31.0,87.0,1.781609195402299,50.999999046325684,51.000118255615234,0.9999976625683699,0.5649999999995998,0.625,0.5649999999995998,0.625,0.3219373219370739,0.1399776035834791,0.21428571428571427,0.10843373493975904,0.21428571428571427,0.10843373493975904,0.10585197934595524,-0.13333333333333333,0.6,1.0370370370379103,-0.11111111111036255,0.7407407407413645,0.23076923076815437
historical7d,1s,0,PRIMARY,SELL,-1,1789673571.864,4.0,69.0,0.2898550724637681,52.00028419494629,58.00008773803711,0.8965552678094298,0.024999999999636202,-0.6149999999997817,-0.024999999999636202,0.6149999999997817,0.384615384606774,0.22323049001798706,0.3333333333333333,-0.13432835820895522,-0.3333333333333333,0.13432835820895522,-0.46766169154228854,-0.3333333333333333,0.6666666666666666,0.9166666666685614,0.04166666666761406,1.0,0.3666666666667341
historical7d,1s,0,PRIMARY,SELL,-1,1789681108.9580002,14.0,49.0,1.4285714285714284,100.99983215332031,149.00004863739014,0.677851001237696,-0.2000000000007276,-0.6700000000000728,0.2000000000007276,0.6700000000000728,0.7142857142866423,0.5677966101694132,-0.6923076923076923,-0.5217391304347826,0.6923076923076923,0.5217391304347826,0.1705685618729097,0.0,0.38461538461538464,0.8799999999973807,-0.2400000000016007,0.5200000000040745,1.0
historical7d,1s,0,PRIMARY,BUY,1,1789705238.932,2.0,34.0,0.29411764705882354,950.9999752044678,99.99990463256836,9.51000882149584,-0.049999999999272404,0.44500000000061846,-0.049999999999272404,0.44500000000061846,1.0,0.2386058981238003,-1.0,0.15151515151515152,-1.0,0.15151515151515152,-1.1515151515151516,-1.0,0.0,0.6067415730324218,-0.22471910112433036,0.5842696629216239,0.7800000000024738
historical7d,1s,0,PRIMARY,SELL,-1,1789706581.792,19.0,36.0,2.638888888888889,53.00009250640869,101.99999809265137,0.5196087597792525,-0.39500000000043656,-0.8500000000003638,0.39500000000043656,0.8500000000003638,0.30038022813751325,0.3441295546566158,-0.2222222222222222,-0.37142857142857144,0.2222222222222222,0.37142857142857144,-0.14920634920634923,0.16666666666666666,0.6111111111111112,0.578947368419163,-0.3421052631580837,0.7894736842131717,0.7171717171728307
historical7d,1s,0,PRIMARY,SELL,-1,1789712211.0449998,5.0,31.0,0.8064516129032258,226.99987888336182,175.5000352859497,1.2934463432642689,-0.09499999999934516,-0.009999999999308784,0.09499999999934516,0.009999999999308784,1.0,0.006451612902786675,-1.0,-0.26666666666666666,1.0,0.26666666666666666,0.7333333333333334,-1.0,0.0,0.564102564104059,-0.4871794871791882,0.6923076923075129,0.9285714285698818
historical7d,1s,0,PRIMARY,BUY,1,1789713750.544,9.0,35.0,1.2857142857142858,101.99999809265137,125.49996376037598,0.8127492234771128,-0.09999999999854481,-0.1749999999992724,-0.09999999999854481,-0.1749999999992724,0.6249999999914735,0.12195121951157678,-0.5,-0.11764705882352941,-0.5,-0.11764705882352941,-0.38235294117647056,-0.25,0.0,0.8285714285704634,-0.28571428571502816,0.4857142857139887,-1.0
historical7d,1s,0,PRIMARY,BUY,1,1789721883.617,16.0,32.0,2.5,55.9999942779541,98.9999771118164,0.5656566386344152,0.014999999999417923,0.3249999999998181,0.014999999999417923,0.3249999999998181,0.012658227847576642,0.16209476309202273,-0.3333333333333333,-0.2903225806451613,-0.3333333333333333,-0.2903225806451613,-0.043010752688172005,-0.3333333333333333,0.5333333333333333,0.7586206896561457,-0.2413793103438543,0.9655172413785533,0.13333333333139308
historical7d,1s,0,PRIMARY,BUY,1,1789723385.334,10.0,55.0,0.9090909090909091,97.99981117248535,97.99981117248535,1.0,0.03999999999996362,0.14499999999952706,0.03999999999996362,0.14499999999952706,0.16666666666729826,0.05906313645608657,0.3333333333333333,0.09433962264150944,0.3333333333333333,0.09433962264150944,0.23899371069182387,-0.6666666666666666,0.3333333333333333,0.5102040816328803,-0.40816326530593305,0.7142857142849188,0.9007092198559785
historical7d,1s,0,PRIMARY,SELL,-1,1789730727.814,13.0,61.0,1.0655737704918034,121.99997901916504,99.49994087219238,1.2261311710312868,-0.19499999999970896,-0.3600000000005821,0.19499999999970896,0.3600000000005821,0.6393442622897046,0.16143497757863629,-0.16666666666666666,-0.1864406779661017,0.16666666666666666,0.1864406779661017,-0.01977401129943504,0.8333333333333334,0.16666666666666666,0.9090909090916608,-0.1515151515129801,0.39393939393981153,1.0
historical7d,1s,0,PRIMARY,SELL,-1,1789735360.577,17.0,56.0,1.517857142857143,52.00004577636719,53.00021171569824,0.9811290199236163,0.09500000000025466,-0.9450000000006185,-0.09500000000025466,0.9450000000006185,0.19191919191974868,0.3772455089822664,0.0,-0.1320754716981132,-0.0,0.1320754716981132,-0.1320754716981132,-0.3125,0.5625,0.9285714285730526,-0.10714285714204509,0.7142857142857143,0.8190476190471654
historical7d,1s,1,PRIMARY,SELL,-1,1789742547.998,5.0,47.0,0.5319148936170213,502.9999017715454,99.99990463256836,5.030003814700904,-0.010000000000218279,-0.3249999999989086,0.010000000000218279,0.3249999999989086,0.11111111111335678,0.1851851851848397,-0.5,-0.391304347826087,0.5,0.391304347826087,0.10869565217391303,0.5,0.5,0.9166666666672982,0.05555555555429237,0.5555555555555556,0.9677419354831611
historical7d,1s,1,PRIMARY,SELL,-1,1789743963.9420002,33.0,149.0,1.1073825503355705,50.00007152557373,50.99987983703613,0.9803958692715127,-0.8000000000010914,-1.3950000000004366,0.8000000000010914,1.3950000000004366,0.6956521739131123,0.24239791485652612,-0.4375,-0.22448979591836735,0.4375,0.22448979591836735,0.21301020408163265,0.40625,0.59375,0.7999999999992724,-0.31999999999970896,1.1600000000034925,1.0
historical7d,1s,1,PRIMARY,SELL,-1,1789745356.959,24.0,99.0,1.2121212121212122,51.000118255615234,52.00004577636719,0.980770641528812,-0.2600000000002183,-0.8450000000011642,0.2600000000002183,0.8450000000011642,0.23214285714326316,0.16950852557700577,-0.4782608695652174,-0.30526315789473685,0.4782608695652174,0.30526315789473685,0.17299771167048056,-0.08695652173913043,0.7391304347826086,0.7999999999987873,-0.4000000000024253,0.9666666666659592,0.2472324723251691
historical7d,1s,1,PRIMARY,BUY,1,1789747214.968,32.0,168.0,0.9523809523809523,50.99987983703613,50.99964141845703,1.0000046749069693,0.5750000000007276,1.8000000000010914,0.5750000000007276,1.8000000000010914,0.24008350730733172,0.13931888544903934,0.41935483870967744,0.14634146341463414,0.41935483870967744,0.14634146341463414,0.2730133752950433,0.2903225806451613,0.5161290322580645,0.7567567567562917,0.4594594594573335,0.7297297297311248,0.757309941521026
historical7d,1s,1,PRIMARY,SELL,-1,1789749091.967,28.0,128.0,1.09375,51.000118255615234,51.999807357788086,0.980775138352063,-0.07999999999992724,-1.2249999999994543,0.07999999999992724,1.2249999999994543,0.06956521739093298,0.23266856600186162,-0.18518518518518517,-0.088,0.18518518518518517,0.088,0.09718518518518518,0.1111111111111111,0.5925925925925926,0.8437500000009326,-0.24999999999964473,0.8124999999974243,0.9504643962837697
historical7d,1s,1,PRIMARY,SELL,-1,1789750451.994,28.0,137.0,1.0218978102189782,51.999807357788086,51.000118255615234,1.0196017016502268,0.005000000000109139,-0.464999999999236,-0.005000000000109139,0.464999999999236,0.002583979328218814,0.05558876270164958,0.037037037037037035,-0.14074074074074075,-0.037037037037037035,0.14074074074074075,-0.17777777777777778,0.037037037037037035,0.8148148148148148,0.7222222222234854,-0.13888888888952047,0.722222222220959,0.795121951219404
historical7d,1s,1,PRIMARY,SELL,-1,1789752032.9550002,26.0,108.0,1.2037037037037037,51.000118255615234,51.000118255615234,1.0,-0.22999999999956344,-0.6849999999994907,0.22999999999956344,0.6849999999994907,0.23232323232241572,0.2104454685095271,-0.09090909090909091,-0.12871287128712872,0.09090909090909091,0.12871287128712872,-0.037803780378037805,0.0,0.68,0.9032258064496255,0.06451612903064918,0.5806451612905119,0.8918918918895002
historical7d,1s,1,PRIMARY,BUY,1,1789753819.984,30.0,142.0,1.0563380281690142,52.99997329711914,51.999807357788086,1.0192340316272588,0.5650000000005093,0.9000000000005457,0.5650000000005093,0.9000000000005457,0.56218905472427,0.1576182136601891,0.3103448275862069,0.1366906474820144,0.3103448275862069,0.1366906474820144,0.1736541801041925,0.2413793103448276,0.5517241379310345,0.8787878787879623,-0.33333333333241466,0.5151515151518492,1.0
historical7d,1s,1,PRIMARY,BUY,1,1789758585.943,12.0,83.0,0.7228915662650601,49.99995231628418,51.000118255615234,0.9803889486232528,0.32000000000061846,0.45500000000083674,0.32000000000061846,0.45500000000083674,0.7441860465141366,0.12691771269213217,0.45454545454545453,0.04878048780487805,0.45454545454545453,0.04878048780487805,0.4057649667405765,-0.2727272727272727,0.5454545454545454,1.0769230769249605,-3.498056545289793e-12,0.6153846153856917,0.9349593495950108
historical7d,1s,1,PRIMARY,BUY,1,1789759468.945,22.0,65.0,1.6923076923076923,51.000118255615234,52.99997329711914,0.9622668669983535,0.2849999999998545,0.08999999999923602,0.2849999999998545,0.08999999999923602,0.26267281105910434,0.02735562309999642,-0.1,-0.07936507936507936,-0.1,-0.07936507936507936,-0.020634920634920645,-0.6190476190476191,0.38095238095238093,0.8666666666668688,0.49999999999848416,0.6666666666656561,0.6444444444429622
historical7d,1s,1,PRIMARY,BUY,1,1789761354.9889998,9.0,54.0,0.8333333333333333,100.00002384185791,55.00006675720215,1.8181800448226384,0.27999999999974534,0.8850000000002183,0.27999999999974534,0.8850000000002183,0.4827586206915477,0.33843212237128406,0.0,0.09433962264150944,0.0,0.09433962264150944,-0.09433962264150944,-0.25,0.5,0.8125000000014211,-0.4374999999985789,0.5,1.0
historical7d,1s,1,PRIMARY,BUY,1,1789762637.884,14.0,69.0,1.0144927536231882,103.00016403198242,55.500149726867676,1.8558538046991961,0.20499999999992724,0.8550000000004729,0.20499999999992724,0.8550000000004729,0.5774647887358584,0.287394957983405,0.07692307692307693,-0.029411764705882353,0.07692307692307693,-0.029411764705882353,0.10633484162895929,-0.6923076923076923,0.15384615384615385,0.9629629629654581,0.03703703703791035,0.4074074074069084,0.7019230769235563
historical7d,1s,1,PRIMARY,BUY,1,1789763699.963,14.0,74.0,0.9459459459459459,100.00014305114746,54.000139236450195,1.8518497260400983,0.3849999999993088,0.7099999999991269,0.3849999999993088,0.7099999999991269,0.5167785234890808,0.1873350923478316,0.38461538461538464,0.1506849315068493,0.38461538461538464,0.1506849315068493,0.23393045310853533,0.0,0.38461538461538464,1.2083333333319912,0.12499999999881577,0.45833333333530707,0.4699999999975262
historical7d,1s,1,PRIMARY,SELL,-1,1789767860.959,14.0,56.0,1.25,96.9998836517334,98.00004959106445,0.9897942302733054,-0.10999999999967258,-0.5749999999998181,0.10999999999967258,0.5749999999998181,0.3548387096779872,0.37216828478972785,-0.23076923076923078,-0.2830188679245283,0.23076923076923078,0.2830188679245283,-0.05224963715529751,-0.07692307692307693,0.46153846153846156,0.7536231884068668,-0.23188405797093808,0.4347826086974861,0.8615384615381602
historical7d,1s,2,PRIMARY,BUY,1,1789963659.3660002,26.0,99.0,1.3131313131313131,51.999568939208984,52.00004577636719,0.9999908300627224,0.23999999999978172,0.8899999999994179,0.23999999999978172,0.8899999999994179,0.12834224598913316,0.12936046511624372,0.25,0.17525773195876287,0.25,0.17525773195876287,0.07474226804123713,0.6,0.4,0.5238095238100394,-0.47619047618779514,0.8809523809519685,1.0
historical7d,1s,2,PRIMARY,SELL,-1,1789967510.961,14.0,53.0,1.3207547169811322,99.99990463256836,56.49995803833008,1.7699111309910625,0.06000000000040018,-0.9549999999999272,-0.06000000000040018,0.9549999999999272,0.12000000000101864,0.3624288425049364,-0.23076923076923078,-0.21568627450980393,0.23076923076923078,0.21568627450980393,0.01508295625942685,0.46153846153846156,0.38461538461538464,0.6756756756758749,-0.16216216216083346,0.5945945945954583,0.7130044843051375
historical7d,1s,2,PRIMARY,SELL,-1,1789968909.7459998,15.0,83.0,0.9036144578313252,61.00022792816162,52.00016498565674,1.1730775843689607,-0.49499999999898137,-0.7549999999991996,0.49499999999898137,0.7549999999991996,0.7021276595694725,0.15024875621843076,-0.42857142857142855,-0.0975609756097561,0.42857142857142855,0.0975609756097561,0.3310104529616724,-0.7142857142857143,0.2857142857142857,0.8787878787879623,-0.15151515151573614,0.5454545454555476,0.8095238095218503
historical7d,1s,2,PRIMARY,SELL,-1,1789993811.904,15.0,80.0,0.9375,52.00028419494629,54.99982833862305,0.9454626635339812,-0.24499999999898137,-0.1749999999992724,0.24499999999898137,0.1749999999992724,0.26486486486449284,0.04074505238636034,-0.14285714285714285,-0.1282051282051282,0.14285714285714285,0.1282051282051282,0.014652014652014655,0.42857142857142855,0.5714285714285714,0.7837837837839167,-0.4594594594597916,0.5945945945954583,0.44594594594597914
historical7d,1s,3,PRIMARY,SELL,-1,1790005642.848,7.0,78.0,0.44871794871794873,274.0001678466797,55.9999942779541,4.8928606400688,-0.009999999999308784,-0.6499999999996362,0.009999999999308784,0.6499999999996362,0.11111111110437412,0.18950437317832342,0.0,0.02631578947368421,-0.0,-0.02631578947368421,0.02631578947368421,-0.5,0.16666666666666666,0.8055555555561872,-0.1111111111111111,0.5277777777771462,0.24299065420417754
historical7d,1s,3,PRIMARY,BUY,1,1790006919.9699998,22.0,71.0,1.5492957746478875,60.00018119812012,97.49984741210938,0.6153874369106772,0.7899999999999636,1.125,0.7899999999999636,1.125,0.797979797979204,0.3694581280788089,0.6190476190476191,0.2,0.6190476190476191,0.2,0.41904761904761906,0.23809523809523808,0.5714285714285714,0.8666666666668688,-0.26666666666626243,0.5333333333325249,1.0
historical7d,1s,3,PRIMARY,SELL,-1,1790008907.91,28.0,112.0,1.25,52.99997329711914,52.99997329711914,1.0,-0.625,-1.9150000000008731,0.625,1.9150000000008731,0.3894080996885794,0.30133752950457166,0.1111111111111111,-0.06306306306306306,-0.1111111111111111,0.06306306306306306,-0.17417417417417416,0.5185185185185185,0.3333333333333333,0.5970149253725265,-0.20895522387970555,0.7164179104497467,0.9601990049760699
historical7d,1s,3,PRIMARY,SELL,-1,1790009590.981,27.0,119.0,1.134453781512605,52.99997329711914,52.00004577636719,1.019229358471188,-0.3600000000005821,-0.3350000000009459,0.3600000000005821,0.3350000000009459,0.3789473684221007,0.06914344685270762,-0.23076923076923078,-0.042735042735042736,0.23076923076923078,0.042735042735042736,0.18803418803418803,0.11538461538461539,0.5769230769230769,0.9333333333319186,-3.0316490059079228e-12,0.5333333333325249,0.753246753248594
historical7d,1s,3,PRIMARY,BUY,1,1790018369.8179998,27.0,72.0,1.875,50.999999046325684,55.9999942779541,0.9107143617406261,0.555000000000291,1.2399999999997817,0.555000000000291,1.2399999999997817,0.4723404255331863,0.4644194756556527,0.38461538461538464,0.3142857142857143,0.38461538461538464,0.3142857142857143,0.07032967032967036,-0.3076923076923077,0.6153846153846154,0.8571428571428571,0.03571428571184957,0.6071428571436692,0.9413919413919853
historical7d,1s,4,PRIMARY,SELL,-1,1790052568.997,17.0,103.0,0.8252427184466019,54.9999475479126,53.00009250640869,1.037733048131229,-0.3350000000009459,-0.6650000000008731,0.3350000000009459,0.6650000000008731,0.2586872586876112,0.0980103168756439,-0.25,-0.0196078431372549,0.25,0.0196078431372549,0.2303921568627451,-0.0625,0.8125,0.7428571428543959,-0.08571428571606758,0.9428571428585535,0.22746781115908643
historical7d,1s,4,PRIMARY,SELL,-1,1790057264.7849998,4.0,27.0,0.7407407407407407,102.00023651123047,130.00011444091797,0.7846165132230496,-0.08499999999912689,-0.22999999999956344,0.08499999999912689,0.22999999999956344,0.5151515151434976,0.1642857142852317,-0.3333333333333333,0.07692307692307693,0.3333333333333333,-0.07692307692307693,0.41025641025641024,0.3333333333333333,0.6666666666666666,0.9666666666659592,0.23333333333222173,0.5000000000015158,0.617647058820697
historical7d,1s,4,PRIMARY,SELL,-1,1790086813.869,24.0,71.0,1.6901408450704227,55.00006675720215,55.500030517578125,0.990991648910578,0.19000000000050932,-0.42000000000007276,-0.19000000000050932,0.42000000000007276,0.18095238095267793,0.14946619217096824,-0.30434782608695654,-0.34285714285714286,0.30434782608695654,0.34285714285714286,-0.03850931677018632,0.391304347826087,0.43478260869565216,0.7878787878796231,-0.3030303030287162,0.6060606060574324,0.05202312138738052
historical7d,1s,0,SECONDARY,SELL,-1,1789576468.965,27.0,94.0,1.4361702127659575,49.99995231628418,52.99997329711914,0.9433958020315073,-0.4899999999997817,-1.944999999999709,0.4899999999997817,1.944999999999709,0.453703703702768,0.48685857321657194,-0.38461538461538464,-0.28888888888888886,0.38461538461538464,0.28888888888888886,0.09572649572649577,0.0,0.7692307692307693,1.0384615384624802,-0.07692307692496049,0.46153846154276684,0.9848866498746394
historical7d,1s,0,SECONDARY,SELL,-1,1789578167.976,27.0,114.0,1.1842105263157894,52.99997329711914,52.99997329711914,1.0,-1.4950000000008004,-2.194999999999709,1.4950000000008004,2.194999999999709,0.7608142493656272,0.4192932187200506,-0.15384615384615385,-0.16071428571428573,0.15384615384615385,0.16071428571428573,-0.0068681318681318715,-0.038461538461538464,0.6538461538461539,0.41379310344795145,-0.5862068965520486,0.9655172413816895,1.0
historical7d,1s,0,SECONDARY,BUY,1,1789581024.99,16.0,94.0,0.851063829787234,88.99998664855957,59.00001525878906,1.5084739598487054,0.5799999999990177,2.234999999998763,0.5799999999990177,2.234999999998763,0.8169014084513718,0.3810741687979936,0.42857142857142855,0.23076923076923078,0.42857142857142855,0.23076923076923078,0.19780219780219777,-0.2,0.4,1.0,0.13793103448265048,0.6896551724163885,1.0
historical7d,1s,0,SECONDARY,BUY,1,1789582071.959,33.0,124.0,1.3306451612903225,51.000118255615234,51.000118255615234,1.0,2.0250000000005457,2.355000000000473,2.0250000000005457,2.355000000000473,0.6438791732915807,0.3631457208944629,0.1875,0.1,0.1875,0.1,0.0875,0.15625,0.65625,0.5000000000015158,-0.4333333333334344,1.033333333331009,1.0
historical7d,1s,0,SECONDARY,BUY,1,1789592041.932,20.0,66.0,1.5151515151515151,52.99997329711914,56.999921798706055,0.9298253686081773,0.8599999999996726,1.5549999999993815,0.8599999999996726,1.5549999999993815,0.9247311827959618,0.5603603603603946,0.7894736842105263,0.40625,0.7894736842105263,0.40625,0.3832236842105263,0.21052631578947367,0.7894736842105263,0.7796610169505634,-0.06779661016787163,0.7118644067765257,1.0
historical7d,1s,0,SECONDARY,BUY,1,1789592591.9859998,33.0,165.0,1.0,51.49996280670166,51.000118255615234,1.0098008508251133,1.4899999999997817,5.260000000000218,1.4899999999997817,5.260000000000218,0.2950495049504943,0.18639262934094109,0.0,0.037037037037037035,0.0,0.037037037037037035,-0.037037037037037035,-0.21875,0.71875,0.42647058823505807,-0.5882352941168603,2.3676470588220346,1.0
historical7d,1s,0,SECONDARY,SELL,-1,1789593074.971,34.0,164.0,1.0365853658536586,49.99995231628418,50.99987983703613,0.9803935318289553,-1.660000000000764,-5.635000000000218,1.660000000000764,5.635000000000218,0.6014492753627463,0.3806146572104559,-0.375,-0.1625,0.375,0.1625,0.2125,0.0,0.7575757575757576,0.6511627906973301,-0.5581395348855409,1.0000000000010576,0.9172185430463696
historical7d,1s,0,SECONDARY,SELL,-1,1789594275.981,38.0,185.0,1.027027027027027,50.99987983703613,50.499916076660156,1.0099002889354711,-1.5399999999990541,-3.014999999999418,1.5399999999990541,3.014999999999418,0.38596491228083774,0.16408163265314324,-0.13513513513513514,-0.027624309392265192,0.13513513513513514,0.027624309392265192,0.10751082574286995,0.05405405405405406,0.8378378378378378,0.29268292682910596,-0.39024390243880797,1.48780487804851,1.0
historical7d,1s,0,SECONDARY,BUY,1,1789594762.982,33.0,173.0,0.9537572254335259,50.00019073486328,50.499916076660156,0.990104432232357,0.6049999999995634,2.375,0.6049999999995634,2.375,0.2358674463938797,0.15007898894157579,0.22580645161290322,0.13095238095238096,0.22580645161290322,0.13095238095238096,0.09485407066052226,-0.03125,0.90625,0.44827586206783,-0.2586206896561457,1.1896551724163886,1.0
historical7d,1s,0,SECONDARY,BUY,1,1789595066.998,29.0,152.0,0.9539473684210527,50.00007152557373,50.99987983703613,0.9803958692715127,1.109999999998763,0.9249999999992724,1.109999999998763,0.9249999999992724,0.5162790697669539,0.08813720819434806,0.18518518518518517,0.0273972602739726,0.18518518518518517,0.0273972602739726,0.15778792491121257,0.03571428571428571,0.8928571428571429,0.5567010309267137,-0.04123711340295115,1.2577319587637565,0.9807692307688103
historical7d,1s,0,SECONDARY,SELL,-1,1789595461.966,37.0,174.0,1.0632183908045978,49.99995231628418,50.99964141845703,0.98039811507751,-1.7399999999997817,-4.190000000000509,1.7399999999997817,4.190000000000509,0.5353846153842485,0.28234501347705127,-0.3888888888888889,-0.20930232558139536,0.3888888888888889,0.20930232558139536,0.17958656330749354,0.08333333333333333,0.75,0.7341772151898152,-0.2025316455694454,1.1898734177222186,0.8859060402687977
historical7d,1s,0,SECONDARY,SELL,-1,1789595637.978,37.0,178.0,1.0393258426966292,49.4999885559082,50.00019073486328,0.9899959945831506,-1.5300000000006548,-5.175000000001091,1.5300000000006548,5.175000000001091,0.2936660268717811,0.29328421649200886,-0.16666666666666666,-0.011494252873563218,0.16666666666666666,0.011494252873563218,0.15517241379310343,-0.027777777777777776,0.75,0.5555555555555556,-0.6111111111123743,1.361111111114269,0.9015544041454415
historical7d,1s,0,SECONDARY,SELL,-1,1789595768.968,37.0,188.0,0.9840425531914894,49.99995231628418,50.00019073486328,0.9999952316466078,-1.6550000000006548,-6.260000000000218,1.6550000000006548,6.260000000000218,0.4101610904582955,0.37916414294342804,-0.08571428571428572,-0.13513513513513514,0.08571428571428572,0.13513513513513514,-0.04942084942084943,-0.08333333333333333,0.8611111111111112,0.6086956521752884,-0.36956521738945614,1.1739130434761118,0.8898113207547829
historical7d,1s,0,SECONDARY,BUY,1,1789595933.964,31.0,166.0,0.9337349397590361,52.99997329711914,51.000118255615234,1.039212753026974,2.1299999999991996,3.2449999999989814,2.1299999999991996,3.2449999999989814,0.4329268292682837,0.18697781619132373,-0.06666666666666667,0.11515151515151516,-0.06666666666666667,0.11515151515151516,-0.18181818181818182,0.0,0.6,0.6666666666659449,-0.3333333333340552,1.0952380952401577,0.8340707964597571
historical7d,1s,0,SECONDARY,BUY,1,1789596912.948,35.0,169.0,1.0355029585798818,50.50015449523926,51.49984359741211,0.9805885021712359,1.4899999999997817,0.8950000000004366,1.4899999999997817,0.8950000000004366,0.44345238095247924,0.06845124282990511,0.35294117647058826,0.14634146341463414,0.35294117647058826,0.14634146341463414,0.20659971305595412,0.0,0.9411764705882353,0.7435897435890261,-0.6153846153835391,1.2051282051255143,1.0
historical7d,1s,0,SECONDARY,BUY,1,1789597780.968,25.0,152.0,0.8223684210526316,53.50005626678467,51.000118255615234,1.0490182787153475,0.9750000000003638,1.3250000000007276,0.9750000000003638,1.3250000000007276,0.43820224719074485,0.1116729877792116,-0.043478260869565216,-0.09333333333333334,-0.043478260869565216,-0.09333333333333334,0.04985507246376812,-0.3333333333333333,0.5,0.7777777777777778,0.08333333333270174,1.5277777777796726,1.0
historical7d,1s,0,SECONDARY,BUY,1,1789598086.937,37.0,148.0,1.25,50.50003528594971,51.000118255615234,0.9901944743116264,1.3650000000006912,1.3650000000006912,1.3650000000006912,1.3650000000006912,0.5628865979379649,0.2168387609210662,-0.14285714285714285,-0.07692307692307693,-0.14285714285714285,-0.07692307692307693,-0.06593406593406592,0.19444444444444445,0.5833333333333334,1.227272727273291,0.227272727273291,1.227272727269157,0.9591836734695609
historical7d,1s,0,SECONDARY,BUY,1,1789598297.943,29.0,151.0,0.9602649006622517,51.000118255615234,50.999999046325684,1.0000023374370937,1.1199999999998909,1.425000000000182,1.1199999999998909,1.425000000000182,0.6153846153831162,0.16560139453793127,0.07142857142857142,-0.034013605442176874,0.07142857142857142,-0.034013605442176874,0.1054421768707483,0.07142857142857142,0.7142857142857143,0.9333333333319186,0.06666666666504979,1.3666666666683847,0.9847715736046467
historical7d,1s,0,SECONDARY,BUY,1,1789598469.975,31.0,132.0,1.1742424242424243,50.99987983703613,52.99997329711914,0.9622623685323305,0.6299999999991996,1.109999999998763,0.6299999999991996,1.109999999998763,0.45985401459829783,0.16666666666671218,0.26666666666666666,-0.007751937984496124,0.26666666666666666,-0.007751937984496124,0.2744186046511628,0.2,0.6,1.0263157894742512,0.1578947368407196,0.552631578944912,1.0
historical7d,1s,0,SECONDARY,BUY,1,1789617600.971,33.0,107.0,1.5420560747663552,50.50003528594971,52.00004577636719,0.9711536698088985,3.1200000000008004,3.1049999999995634,3.1200000000008004,3.1049999999995634,0.4837209302327641,0.2404181184668489,0.375,0.018867924528301886,0.375,0.018867924528301886,0.3561320754716981,0.125,0.75,0.5333333333330639,-0.6666666666673403,0.7999999999995958,0.9362380446335223
historical7d,1s,0,SECONDARY,BUY,1,1789617977.909,21.0,106.0,0.9905660377358491,50.50003528594971,51.000118255615234,0.9901944743116264,1.3249999999989086,3.019999999999527,1.3249999999989086,3.019999999999527,0.5419222903881662,0.3638554216862833,0.2,0.07692307692307693,0.2,0.07692307692307693,0.12307692307692308,0.3,0.7,0.5869565217380559,-0.4130434782619441,0.7173913043495883,0.915094339622512
historical7d,1s,0,SECONDARY,BUY,1,1789640119.977,11.0,42.0,1.3095238095238095,100.00002384185791,145.99990844726562,0.6849320996524966,0.7349999999996726,0.8549999999995634,0.7349999999996726,0.8549999999995634,0.8400000000004989,0.35849056603752,0.4,0.024390243902439025,0.4,0.024390243902439025,0.375609756097561,0.1,0.7,0.8928571428579549,0.035714285715097764,0.5714285714285714,1.0
historical7d,1s,0,SECONDARY,BUY,1,1789656500.8060002,22.0,66.0,1.6666666666666667,52.00004577636719,52.99997329711914,0.9811334334991768,0.7100000000009459,1.235000000000582,0.7100000000009459,1.235000000000582,0.5966386554645484,0.362701908957323,0.3333333333333333,0.23076923076923078,0.3333333333333333,0.23076923076923078,0.10256410256410253,0.14285714285714285,0.6666666666666666,0.6835443037963025,-0.253164556962958,0.6329113924050924,0.9473684210525757
historical7d,1s,0,SECONDARY,BUY,1,1789658487.956,21.0,105.0,1.0,54.50010299682617,51.999807357788086,1.0480827865733162,1.2200000000002547,2.644999999999527,1.2200000000002547,2.644999999999527,0.6224489795902222,0.4441645675895758,0.3,0.20388349514563106,0.3,0.20388349514563106,0.09611650485436893,-0.1,0.5,0.7027027027017726,-0.10810810810777594,0.7297297297293311,1.0
historical7d,1s,0,SECONDARY,SELL,-1,1789659334.932,25.0,88.0,1.4204545454545454,51.99992656707764,52.00004577636719,0.9999977075156806,-1.0850000000000364,-2.2950000000000728,1.0850000000000364,2.2950000000000728,0.5695538057749173,0.4191780821919055,-0.08333333333333333,-0.11627906976744186,0.08333333333333333,0.11627906976744186,-0.03294573643410853,0.2916666666666667,0.4583333333333333,0.7826086956538932,-0.2608695652179644,0.7246376811572044,0.9915254237286306
historical7d,1s,0,SECONDARY,SELL,-1,1789660804.987,37.0,156.0,1.185897435897436,50.00007152557373,50.99964141845703,0.9804004525309946,-2.914999999999054,-6.569999999999709,2.914999999999054,6.569999999999709,0.45869394177814143,0.3869257950530378,-0.2222222222222222,-0.07792207792207792,0.2222222222222222,0.07792207792207792,0.1443001443001443,0.1388888888888889,0.75,0.7187500000021316,-0.21874999999928946,0.875,0.8600706713778801
historical7d,1s,0,SECONDARY,SELL,-1,1789661412.966,24.0,99.0,1.2121212121212122,51.999807357788086,52.00004577636719,0.9999954150313611,-0.6899999999995998,-1.0700000000006185,0.6899999999995998,1.0700000000006185,0.6272727272716374,0.23210412147483855,-0.21739130434782608,-0.04081632653061224,0.21739130434782608,0.04081632653061224,0.17657497781721385,-0.08695652173913043,0.5652173913043478,0.8064516129045508,0.06451612903083846,0.6451612903230538,1.0
historical7d,1s,0,SECONDARY,SELL,-1,1789662996.978,28.0,112.0,1.25,52.99997329711914,53.999900817871094,0.9814827896791056,-2.7100000000000364,-3.6500000000005457,2.7100000000000364,3.6500000000005457,0.6035634743876875,0.4517326732671441,-0.18518518518518517,-0.07547169811320754,0.18518518518518517,0.07547169811320754,0.10971348707197763,0.1111111111111111,0.7407407407407407,1.0833333333352282,0.41666666666856145,0.8333333333333334,0.7681159420288264
historical7d,1s,0,SECONDARY,SELL,-1,1789663504.984,35.0,150.0,1.1666666666666667,49.99983310699463,50.99987983703613,0.980391194386398,-1.7199999999993452,-2.2849999999998545,1.7199999999993452,2.2849999999998545,0.6187050359708417,0.24662709120355047,-0.375,-0.1292517006802721,0.375,0.1292517006802721,0.2457482993197279,0.17647058823529413,0.7647058823529411,0.7435897435930922,-0.25641025640923987,0.5128205128184797,0.972891566265014
historical7d,1s,0,SECONDARY,SELL,-1,1789665120.9169998,20.0,113.0,0.8849557522123893,52.00004577636719,51.999807357788086,1.0000045849896608,-0.8999999999996362,-1.7150000000001455,0.8999999999996362,1.7150000000001455,0.6521739130444525,0.2644564379338402,-0.2631578947368421,0.10714285714285714,0.2631578947368421,-0.10714285714285714,0.37030075187969924,0.3684210526315789,0.5263157894736842,0.7419354838737123,-0.12903225806461077,0.6129032258061677,0.9427207637227752
historical7d,1s,0,SECONDARY,BUY,1,1789666476.851,17.0,75.0,1.1333333333333333,98.00004959106445,99.00009632110596,0.9898985277064998,0.569999999999709,0.8999999999996362,0.569999999999709,0.8999999999996362,0.6263736263734068,0.22900763358788873,0.5,0.3150684931506849,0.5,0.3150684931506849,0.18493150684931509,0.0,0.625,0.7037037037010837,-0.29629629629554777,1.037037037034417,0.9839357429715472
historical7d,1s,0,SECONDARY,SELL,-1,1789675361.956,12.0,68.0,0.8823529411764706,53.00021171569824,55.00006675720215,0.9636390433791241,-0.8250000000007276,-0.8800000000010186,0.8250000000007276,0.8800000000010186,0.7971014492761774,0.29333333333349504,-0.6363636363636364,-0.21212121212121213,0.6363636363636364,0.21212121212121213,0.4242424242424242,-0.18181818181818182,0.6363636363636364,0.7857142857159098,-0.10714285714204509,0.8571428571428571,1.0
historical7d,1s,0,SECONDARY,SELL,-1,1789684082.9740002,28.0,87.0,1.6091954022988506,51.000118255615234,54.49986457824707,0.9357843115810472,-1.3300000000008367,-2.324999999999818,1.3300000000008367,2.324999999999818,0.6244131455397337,0.5070883315141593,-0.4074074074074074,-0.19047619047619047,0.4074074074074074,0.19047619047619047,0.21693121693121692,0.037037037037037035,0.5925925925925926,0.7727272727267089,-0.09090909090683597,1.318181818180127,1.0
historical7d,1s,0,SECONDARY,BUY,1,1789722363.998,19.0,98.0,0.9693877551020408,96.000075340271,55.9999942779541,1.714287234812522,0.9750000000003638,2.7550000000010186,0.9750000000003638,2.7550000000010186,0.7471264367806799,0.4001452432825277,0.3333333333333333,-0.010309278350515464,0.3333333333333333,-0.010309278350515464,0.3436426116838488,-0.3333333333333333,0.5555555555555556,0.3278688524569144,-0.42622950819667244,1.2459016393434312,1.0
historical7d,1s,0,SECONDARY,SELL,-1,1789740332.994,38.0,186.0,1.021505376344086,50.00019073486328,50.99987983703613,0.98039820671407,-1.8900000000003274,-4.1200000000008,1.8900000000003274,4.1200000000008,0.5692771084340394,0.2125902992776359,-0.3888888888888889,-0.03825136612021858,0.3888888888888889,0.03825136612021858,0.35063752276867033,-0.16216216216216217,0.7297297297297297,0.5897435897443073,-0.6666666666643346,1.0769230769200273,1.0
historical7d,1s,1,SECONDARY,SELL,-1,1789744804.983,27.0,101.0,1.3366336633663367,51.999807357788086,52.00004577636719,0.9999954150313611,-0.694999999999709,-2.1149999999997817,0.694999999999709,2.1149999999997817,0.35732647814833574,0.3740053050394653,-0.46153846153846156,-0.34,0.46153846153846156,0.34,0.12153846153846154,-0.23076923076923078,0.6923076923076923,0.9666666666688899,-0.10000000000242532,0.8000000000012126,0.9999999999991399
historical7d,1s,1,SECONDARY,SELL,-1,1789745230.877,28.0,116.0,1.206896551724138,51.000118255615234,52.99997329711914,0.9622668669983535,-0.944999999999709,-1.8800000000001091,0.944999999999709,1.8800000000001091,0.6539792387550788,0.32695652173951145,-0.5555555555555556,-0.2807017543859649,0.5555555555555556,0.2807017543859649,0.2748538011695907,-0.25925925925925924,0.7407407407407407,0.8571428571440945,-0.22222222222125979,0.8571428571412073,1.0
historical7d,1s,1,SECONDARY,BUY,1,1789745633.9859998,28.0,104.0,1.346153846153846,50.99964141845703,52.00004577636719,0.9807614715915343,1.0099999999993088,1.480000000000473,1.0099999999993088,1.480000000000473,0.7769230769213494,0.41111111111026616,0.6153846153846154,0.29292929292929293,0.6153846153846154,0.29292929292929293,0.3224553224553225,0.037037037037037035,0.8888888888888888,0.9230769230753086,0.23076923077057618,0.8461538461541153,0.8990536277592567
historical7d,1s,1,SECONDARY,BUY,1,1789747264.982,28.0,141.0,0.9929078014184397,49.99971389770508,51.000118255615234,0.9803842737599925,0.8850000000002183,1.890000000001237,0.8850000000002183,1.890000000001237,0.648351648351048,0.2547169811320523,0.25925925925925924,0.1,0.25925925925925924,0.1,0.15925925925925924,0.48148148148148145,0.37037037037037035,0.41935483870948814,-0.5483870967737203,1.064516129030649,1.0
historical7d,1s,1,SECONDARY,BUY,1,1789747489.987,27.0,114.0,1.1842105263157894,50.499916076660156,51.000118255615234,0.9901921368799963,1.0849999999991269,1.9749999999985448,1.0849999999991269,1.9749999999985448,0.8785425101229244,0.3613906678860343,0.6,0.32727272727272727,0.6,0.32727272727272727,0.2727272727272727,0.23076923076923078,0.6923076923076923,0.8529411764723978,-0.1470588235302772,0.38235294117765073,1.0
historical7d,1s,1,SECONDARY,SELL,-1,1789749423.992,28.0,97.0,1.4432989690721651,52.00028419494629,52.99997329711914,0.9811379319651998,-1.3599999999996726,-2.1350000000002183,1.3599999999996726,2.1350000000002183,0.5461847389567371,0.3627867459646761,-0.3333333333333333,-0.3263157894736842,0.3333333333333333,0.3263157894736842,0.007017543859649089,0.0,0.7777777777777778,0.375,-0.625,1.062500000001421,1.0
historical7d,1s,1,SECONDARY,SELL,-1,1789749772.999,26.0,127.0,1.0236220472440944,53.00021171569824,51.000118255615234,1.0392174278902342,-0.8000000000001819,-1.8599999999996726,0.8000000000001819,1.8599999999996726,0.5161290322581213,0.2975999999998177,-0.4166666666666667,-0.1935483870967742,0.4166666666666667,0.1935483870967742,0.2231182795698925,-0.56,0.44,0.6538461538458847,0.23076923077057618,1.1538461538458848,0.9398496240597733
historical7d,1s,1,SECONDARY,SELL,-1,1789751974.95,18.0,93.0,0.9677419354838709,51.000118255615234,52.00004577636719,0.980770641528812,-0.7250000000003638,-1.9599999999991269,0.7250000000003638,1.9599999999991269,0.8192090395482317,0.4987277353684668,-0.5714285714285714,-0.3488372093023256,0.5714285714285714,0.3488372093023256,0.2225913621262458,0.11764705882352941,0.7647058823529411,0.8787878787879623,0.030303030303698436,0.6363636363638869,0.9801488833742508
historical7d,1s,1,SECONDARY,BUY,1,1789753886.994,32.0,128.0,1.25,51.000118255615234,51.000118255615234,1.0,0.6150000000006912,0.7400000000006912,0.6150000000006912,0.7400000000006912,0.5371179039309565,0.16263736263776812,0.2413793103448276,0.0967741935483871,0.2413793103448276,0.0967741935483871,0.1446051167964405,-0.22580645161290322,0.3225806451612903,0.7096774193568262,-0.16129032258149692,0.9677419354831138,1.0
historical7d,1s,1,SECONDARY,BUY,1,1789757067.9889998,23.0,95.0,1.2105263157894737,51.000118255615234,51.000118255615234,1.0,0.8950000000004366,1.5150000000003274,0.8950000000004366,1.5150000000003274,0.6151202749128821,0.46118721461084305,0.047619047619047616,0.03225806451612903,0.047619047619047616,0.03225806451612903,0.015360983102918585,0.3181818181818182,0.5909090909090909,1.0,0.034482758618310475,0.31034482758674764,0.974440894569288
historical7d,1s,1,SECONDARY,BUY,1,1789759757.975,20.0,95.0,1.0526315789473684,51.999807357788086,52.00004577636719,0.9999954150313611,0.07999999999992724,0.9349999999994907,0.07999999999992724,0.9349999999994907,0.10526315789410699,0.17591721542786098,0.15789473684210525,0.0851063829787234,0.15789473684210525,0.0851063829787234,0.07278835386338185,-0.631578947368421,0.3684210526315789,0.6666666666686878,-0.3333333333313122,0.7666666666647466,0.8055555555563509
historical7d,1s,1,SECONDARY,BUY,1,1789763657.9139998,31.0,64.0,2.421875,50.00019073486328,50.99987983703613,0.98039820671407,2.125,2.4950000000008004,2.125,2.4950000000008004,0.4422476586890064,0.41342170671087136,0.13333333333333333,0.07936507936507936,0.13333333333333333,0.07936507936507936,0.05396825396825397,-0.06666666666666667,0.8666666666666667,1.234042553190666,0.5531914893579967,0.7234042553190666,0.7593220338986604
historical7d,1s,2,SECONDARY,SELL,-1,1789968692.959,14.0,77.0,0.9090909090909091,50.00019073486328,52.00004577636719,0.9615412830576239,-0.6749999999992724,-1.569999999999709,0.6749999999992724,1.569999999999709,0.6338028168993396,0.3277661795403404,-0.07692307692307693,-0.09333333333333334,0.07692307692307693,0.09333333333333334,-0.01641025641025641,-0.38461538461538464,0.46153846153846156,0.6000000000022737,-0.27499999999715785,0.7,1.0
historical7d,1s,2,SECONDARY,SELL,-1,1789970946.9539998,12.0,40.0,1.5,52.00004577636719,58.00008773803711,0.8965511571504913,-0.9699999999993452,-1.5399999999990541,0.9699999999993452,1.5399999999990541,0.6978417266185262,0.527397260273307,-0.6363636363636364,-0.38461538461538464,0.6363636363636364,0.38461538461538464,0.2517482517482517,0.0,0.6363636363636364,0.6021505376336725,-0.3010752688178142,0.6451612903227699,0.9333333333329659
historical7d,1s,2,SECONDARY,SELL,-1,1789984832.975,10.0,67.0,0.7462686567164178,52.99997329711914,64.99981880187988,0.8153864775940931,-0.9000000000005457,-1.5349999999998545,0.9000000000005457,1.5349999999998545,0.7692307692317858,0.3565621370500347,-0.5555555555555556,-0.030303030303030304,0.5555555555555556,0.030303030303030304,0.5252525252525253,0.1111111111111111,0.6666666666666666,0.6129032258061677,-0.3870967741938323,0.8064516129074846,0.9216710182769509
historical7d,1s,3,SECONDARY,SELL,-1,1790004286.924,22.0,103.0,1.0679611650485437,51.000118255615234,52.99985408782959,0.9622690313656249,-0.6149999999997817,-0.9549999999999272,0.6149999999997817,0.9549999999999272,0.624365482234065,0.2315151515148276,-0.14285714285714285,-0.10891089108910891,0.14285714285714285,0.10891089108910891,0.03394625176803394,0.047619047619047616,0.7619047619047619,0.8965517241387961,-0.10344827586120381,0.6896551724132524,1.0
historical7d,1s,3,SECONDARY,BUY,1,1790006952.976,29.0,102.0,1.4215686274509804,52.99997329711914,53.999900817871094,0.9814827896791056,0.7199999999993452,1.2150000000001455,0.7199999999993452,1.2150000000001455,0.48979591836530145,0.28621908127181983,0.18518518518518517,0.16326530612244897,0.18518518518518517,0.16326530612244897,0.02191987906273621,0.07142857142857142,0.5714285714285714,0.9354838709664169,-0.2580645161284644,0.6129032258073034,0.9926470588220346
historical7d,1s,3,SECONDARY,SELL,-1,1790008359.963,35.0,147.0,1.1904761904761905,51.000118255615234,52.00004577636719,0.980770641528812,-0.75,-1.7049999999999272,0.75,1.7049999999999272,0.41436464088326164,0.24550035997100922,-0.15151515151515152,0.020689655172413793,0.15151515151515152,-0.020689655172413793,0.17220480668756533,0.08823529411764706,0.7941176470588235,0.9062499999981348,-0.24999999999928946,0.7812499999984901,0.8653846153834802
historical7d,1s,3,SECONDARY,SELL,-1,1790010044.9539998,31.0,115.0,1.3478260869565217,50.499916076660156,52.00004577636719,0.9711513773245791,-0.9799999999995634,-1.1149999999997817,0.9799999999995634,1.1149999999997817,0.7101449275325832,0.20180995475097213,-0.26666666666666666,-0.07964601769911504,0.26666666666666666,0.07964601769911504,0.1870206489675516,0.36666666666666664,0.5,0.8787878787879623,-0.06060606060739687,0.7272727272749823,0.9804560260593884
historical7d,1s,4,SECONDARY,SELL,-1,1790050319.982,17.0,99.0,0.8585858585858586,53.50017547607422,53.49993705749512,1.0000044564272823,-0.5949999999993452,-1.139999999999418,0.5949999999993452,1.139999999999418,0.6165803108800575,0.2072727272725529,-0.125,-0.16666666666666666,0.125,0.16666666666666666,-0.04166666666666666,-0.0625,0.5625,0.6578947368434909,-0.4473684210537653,0.8947368421075306,1.0
historical7d,1s,4,SECONDARY,BUY,1,1790066908.995,27.0,84.0,1.607142857142857,50.499916076660156,52.99997329711914,0.9528290852819189,0.8449999999993452,1.425000000000182,0.8449999999993452,1.425000000000182,0.465564738291053,0.30877573131069236,0.3076923076923077,0.17073170731707318,0.3076923076923077,0.17073170731707318,0.13696060037523453,0.15384615384615385,0.7692307692307693,0.9428571428559549,0.08571428571346902,0.5714285714274577,0.8791540785494572
historical7d,1s,4,SECONDARY,SELL,-1,1790073086.9550002,23.0,59.0,1.9491525423728813,54.000139236450195,55.00006675720215,0.9818195216895621,-1.074999999999818,-2.050000000000182,1.074999999999818,2.050000000000182,0.5795148247987344,0.5086848635238801,-0.09090909090909091,-0.13793103448275862,0.09090909090909091,0.13793103448275862,-0.04702194357366771,0.13636363636363635,0.5909090909090909,0.7419354838707785,0.16129032257856307,1.0645161290337724,0.8721461187211919
historical7d,1s,4,SECONDARY,SELL,-1,1790074221.952,29.0,74.0,1.9594594594594594,49.4999885559082,55.00006675720215,0.8999986995366015,-1.2949999999991633,-0.9849999999996726,1.2949999999991633,0.9849999999996726,0.42528735632168113,0.19719719719706413,-0.037037037037037035,-0.027777777777777776,0.037037037037037035,0.027777777777777776,0.009259259259259259,0.14285714285714285,0.6428571428571429,0.8,0.09999999999924208,0.9666666666674246,0.8980891719734966
historical7d,1s,4,SECONDARY,BUY,1,1790076896.962,27.0,98.0,1.3775510204081631,53.999900817871094,53.00021171569824,1.0188619831848096,0.4849999999996726,1.7549999999991996,0.4849999999996726,1.7549999999991996,0.38339920948635925,0.47368421052634163,0.15384615384615385,0.23711340206185566,0.15384615384615385,0.23711340206185566,-0.0832672482157018,0.3076923076923077,0.5384615384615384,0.9032258064522753,-0.4838709677444908,0.6129032258091015,1.0
historical7d,1s,4,SECONDARY,SELL,-1,1790078293.721,23.0,120.0,0.9583333333333334,52.99997329711914,52.99997329711914,1.0,-1.0100000000002183,-1.6450000000004366,1.0100000000002183,1.6450000000004366,0.8015873015908076,0.31125827814621504,-0.2727272727272727,-0.01694915254237288,0.2727272727272727,0.01694915254237288,0.2557781201848998,-0.13636363636363635,0.5909090909090909,0.8666666666638372,-0.20000000000121265,0.800000000001819,0.9657142857156161
historical7d,1s,4,SECONDARY,SELL,-1,1790081739.948,28.0,104.0,1.346153846153846,52.99997329711914,54.000139236450195,0.9814784562878323,-0.6599999999998545,-2.125,0.6599999999998545,2.125,0.377142857143166,0.42120911793930627,-0.04,-0.2727272727272727,0.04,0.2727272727272727,-0.2327272727272727,0.1111111111111111,0.8148148148148148,0.9259259259244288,0.07407407407557118,2.1481481481444056,0.9555555555553938
historical7d,1s,4,SECONDARY,SELL,-1,1790086772.987,23.0,88.0,1.3068181818181817,52.99997329711914,55.00006675720215,0.9636347085011292,-1.050000000000182,-1.0349999999998545,1.050000000000182,1.0349999999998545,0.8823529411782689,0.30307467057137444,-0.36363636363636365,-0.13953488372093023,0.36363636363636365,0.13953488372093023,0.22410147991543342,0.2727272727272727,0.6363636363636364,0.8928571428579549,-0.42857142857142855,0.8214285714310076,0.9794520547940725
historical7d,1s,0,MICRO,SELL,-1,1789575485.9550002,28.0,120.0,1.1666666666666667,49.99995231628418,51.000118255615234,0.9803889486232528,-0.75,-1.319999999999709,0.75,1.319999999999709,0.39473684210496085,0.2287694974007116,-0.1111111111111111,-0.15254237288135594,0.1111111111111111,0.15254237288135594,-0.04143126177024484,0.07407407407407407,0.7777777777777778,0.7999999999984408,-0.1714285714295366,0.45714285714456476,0.7320261437907409
historical7d,1s,0,MICRO,SELL,-1,1789578278.771,29.0,120.0,1.2083333333333333,50.00019073486328,51.000118255615234,0.980393623486513,-0.6350000000002183,-2.2600000000002183,0.6350000000002183,2.2600000000002183,0.3681159420290344,0.29236739974124376,-0.5,-0.11864406779661017,0.5,0.11864406779661017,0.3813559322033898,0.10714285714285714,0.4642857142857143,1.0000000000029339,-0.22580645160940152,0.67741935483994,0.9613733905578763
historical7d,1s,0,MICRO,SELL,-1,1789578384.9910002,25.0,130.0,0.9615384615384616,50.99987983703613,51.999807357788086,0.9807705533624022,0.019999999999527063,-1.25,-0.019999999999527063,1.25,0.03636363636276445,0.22482014388505978,-0.16666666666666666,-0.07086614173228346,0.16666666666666666,0.07086614173228346,0.0958005249343832,0.5833333333333334,0.25,0.7916666666695088,0.25000000000189476,1.1666666666666667,0.8048780487807042
historical7d,1s,0,MICRO,BUY,1,1789578618.875,20.0,125.0,0.8,54.99982833862305,52.00004577636719,1.0576880754135642,0.6749999999992724,0.9899999999997817,0.6749999999992724,0.9899999999997817,0.6279069767441467,0.21244635193137318,0.47368421052631576,0.03225806451612903,0.47368421052631576,0.03225806451612903,0.4414261460101867,-0.10526315789473684,0.6842105263157895,0.7878787878796231,-0.09090909090833926,0.6060606060601885,0.895999999999185
historical7d,1s,0,MICRO,BUY,1,1789584430.963,35.0,72.0,2.4305555555555554,49.49986934661865,51.999807357788086,0.951924090911175,6.9399999999996,7.125,6.9399999999996,7.125,0.6628462273162021,0.6071580741375427,0.47058823529411764,0.22857142857142856,0.47058823529411764,0.22857142857142856,0.24201680672268908,-0.029411764705882353,0.9117647058823529,0.4411764705881566,-0.2941176470605544,1.470588235297422,0.8335419274092661
historical7d,1s,0,MICRO,SELL,-1,1789584568.838,21.0,116.0,0.9051724137931034,52.00004577636719,51.999807357788086,1.0000045849896608,0.10499999999956344,-0.7650000000003274,-0.10499999999956344,0.7650000000003274,0.18260869565233898,0.19391634981011735,-0.1,-0.10526315789473684,0.1,0.10526315789473684,-0.005263157894736831,0.45,0.25,0.8787878787879623,-0.030303030303698436,0.5757575757592461,0.7777777777786332
historical7d,1s,0,MICRO,SELL,-1,1789592535.972,39.0,186.0,1.0483870967741935,50.499916076660156,50.00019073486328,1.009994468710065,-1.0300000000006548,-4.130000000000109,1.0300000000006548,4.130000000000109,0.187613843351675,0.129304946775238,-0.21052631578947367,-0.021739130434782608,0.21052631578947367,0.021739130434782608,0.18878718535469108,0.15789473684210525,0.7894736842105263,0.42424242424213193,-0.6363636363638869,0.9848484848495288,0.7509607993852143
historical7d,1s,0,MICRO,SELL,-1,1789593002.968,36.0,158.0,1.1392405063291138,49.99995231628418,51.000118255615234,0.9803889486232528,-0.6099999999996726,-1.3449999999993452,0.6099999999996726,1.3449999999993452,0.31606217616543686,0.11194340407818645,-0.08571428571428572,-0.16339869281045752,0.08571428571428572,0.16339869281045752,-0.0776844070961718,-0.05714285714285714,0.8285714285714286,0.6904761904759842,-0.3333333333340552,0.9047619047620079,0.9014778325119445
historical7d,1s,0,MICRO,SELL,-1,1789593074.971,34.0,164.0,1.0365853658536586,49.99995231628418,50.99987983703613,0.9803935318289553,-1.660000000000764,-5.635000000000218,1.660000000000764,5.635000000000218,0.6014492753627463,0.3806146572104559,-0.375,-0.1625,0.375,0.1625,0.2125,0.0,0.7575757575757576,0.6511627906973301,-0.5581395348855409,1.0000000000010576,0.9172185430463696
historical7d,1s,0,MICRO,BUY,1,1789593638.928,37.0,175.0,1.0571428571428572,51.49996280670166,50.00019073486328,1.0299953270136757,-0.7199999999993452,0.5500000000010914,-0.7199999999993452,0.5500000000010914,0.2834645669287786,0.04537953795387562,-0.16666666666666666,0.034482758620689655,-0.16666666666666666,0.034482758620689655,-0.2011494252873563,-0.027777777777777776,0.9166666666666666,0.6999999999984083,-0.40000000000136426,1.149999999998522,0.10580204778200653
historical7d,1s,0,MICRO,SELL,-1,1789594268.969,36.0,182.0,0.989010989010989,50.00019073486328,49.99995231628418,1.0000047683761295,0.3599999999996726,-6.114999999999782,-0.3599999999996726,6.114999999999782,0.12720848056505418,0.34095344298856733,0.0,-0.24293785310734464,-0.0,0.24293785310734464,-0.24293785310734464,-0.17142857142857143,0.5428571428571428,0.5777777777784964,-0.5777777777764753,1.0444444444434113,0.8153846153845785
historical7d,1s,0,MICRO,SELL,-1,1789594358.949,39.0,175.0,1.1142857142857143,49.99995231628418,49.99995231628418,1.0,-2.494999999999891,-5.039999999999964,2.494999999999891,5.039999999999964,0.32090032154359704,0.2166809974204353,-0.21052631578947367,-0.005780346820809248,0.21052631578947367,0.005780346820809248,0.20474596896866443,-0.15789473684210525,0.7894736842105263,0.452830188679051,-0.16981132075507313,1.0377358490574455,0.7623456790122283
historical7d,1s,0,MICRO,BUY,1,1789594762.982,33.0,173.0,0.9537572254335259,50.00019073486328,50.499916076660156,0.990104432232357,0.6049999999995634,2.375,0.6049999999995634,2.375,0.2358674463938797,0.15007898894157579,0.22580645161290322,0.13095238095238096,0.22580645161290322,0.13095238095238096,0.09485407066052226,-0.03125,0.90625,0.44827586206783,-0.2586206896561457,1.1896551724163886,1.0
historical7d,1s,0,MICRO,BUY,1,1789594989.979,32.0,159.0,1.0062893081761006,50.00019073486328,50.99987983703613,0.98039820671407,0.6149999999997817,1.730000000000473,0.6149999999997817,1.730000000000473,0.3426183844016731,0.16429249762590822,0.3333333333333333,0.05732484076433121,0.3333333333333333,0.05732484076433121,0.2760084925690021,0.03225806451612903,0.8387096774193549,0.6190476190480315,-0.16666666666594485,1.2857142857139763,0.9118644067795816
historical7d,1s,0,MICRO,SELL,-1,1789595454.966,37.0,181.0,1.022099447513812,50.499916076660156,50.00019073486328,1.009994468710065,-1.1350000000002183,-5.394999999999527,1.1350000000002183,5.394999999999527,0.33931240657711226,0.33750390991536955,-0.3142857142857143,-0.2247191011235955,0.3142857142857143,0.2247191011235955,0.08956661316211878,-0.1111111111111111,0.7777777777777778,0.6500000000011369,-0.4250000000005684,1.2500000000011369,0.8497011101623799
historical7d,1s,0,MICRO,SELL,-1,1789595609.952,37.0,189.0,0.978835978835979,51.000118255615234,50.99964141845703,1.0000093498139386,-0.3149999999995998,-1.7600000000002183,0.3149999999995998,1.7600000000002183,0.10413223140474498,0.11013767209010424,0.0,-0.12299465240641712,-0.0,0.12299465240641712,-0.12299465240641712,0.05555555555555555,0.6111111111111112,0.6041666666659956,-0.5624999999984605,0.9583333333324648,0.35645472061613004
historical7d,1s,0,MICRO,SELL,-1,1789596352.959,35.0,150.0,1.1666666666666667,50.00019073486328,51.000118255615234,0.980393623486513,-0.9099999999998545,-0.9099999999998545,0.9099999999998545,0.9099999999998545,0.5290697674402988,0.09469302809567688,-0.47058823529411764,-0.32432432432432434,0.47058823529411764,0.32432432432432434,0.1462639109697933,-0.08823529411764706,0.6176470588235294,0.5853658536582119,-0.48780487804850997,1.3170731707343044,0.5506329113929369
historical7d,1s,0,MICRO,BUY,1,1789596893.973,28.0,157.0,0.89171974522293,50.00019073486328,50.99987983703613,0.98039820671407,0.5800000000008367,0.5450000000000728,0.5800000000008367,0.5450000000000728,0.308510638298001,0.0419392073874656,0.1111111111111111,0.025974025974025976,0.1111111111111111,0.025974025974025976,0.08513708513708512,-0.2962962962962963,0.7037037037037037,0.4285714285699437,-0.11428571428549156,1.4857142857139887,1.0
historical7d,1s,0,MICRO,SELL,-1,1789597171.978,31.0,159.0,0.9748427672955975,50.50003528594971,50.999999046325684,0.9901967888289206,0.20499999999992724,-0.8249999999998181,-0.20499999999992724,0.8249999999998181,0.13015873015877416,0.06994489190334921,0.1724137931034483,-0.05732484076433121,-0.1724137931034483,0.05732484076433121,-0.22973863386777948,0.06666666666666667,0.4666666666666667,0.6279069767461044,-0.7674418604639358,1.3023255813960375,-0.1367924528301785
historical7d,1s,0,MICRO,SELL,-1,1789597586.985,39.0,178.0,1.095505617977528,49.99995231628418,50.99987983703613,0.9803935318289553,-0.5100000000002183,-1.3800000000001091,0.5100000000002183,1.3800000000001091,0.26701570680692593,0.13542688910700781,-0.3157894736842105,-0.13793103448275862,0.3157894736842105,0.13793103448275862,0.1778584392014519,0.3157894736842105,0.47368421052631576,0.8125000000014211,-0.375,1.5312500000007105,0.597701149425029
historical7d,1s,0,MICRO,SELL,-1,1789598208.907,32.0,164.0,0.9756097560975611,50.00019073486328,50.99964141845703,0.9804027899844793,-0.03999999999996362,-1.4549999999999272,0.03999999999996362,1.4549999999999272,0.021978021977972554,0.14299754299744383,-0.4838709677419355,-0.4409937888198758,0.4838709677419355,0.4409937888198758,0.04287717892205972,-0.06451612903225806,0.6129032258064516,1.0,-0.5555555555566783,2.9444444444382687,0.6534090909096576
historical7d,1s,0,MICRO,BUY,1,1789599010.995,31.0,170.0,0.9117647058823529,50.00007152557373,50.99964141845703,0.9804004525309946,0.020000000000436557,3.0450000000000728,0.020000000000436557,3.0450000000000728,0.011904761905006809,0.25449226911818723,0.034482758620689655,0.03614457831325301,0.034482758620689655,0.03614457831325301,-0.0016618196925633558,-0.13333333333333333,0.6666666666666666,1.0399999999971867,0.053333333332007495,1.1733333333332687,0.9247648902821906
historical7d,1s,0,MICRO,BUY,1,1789614642.982,8.0,45.0,0.8888888888888888,151.99995040893555,100.49998760223389,1.5124375040774327,-0.050000000001091394,0.15499999999974534,-0.050000000001091394,0.15499999999974534,0.12195121951544138,0.059500959692748163,-0.14285714285714285,0.0,-0.14285714285714285,0.0,-0.14285714285714285,-0.14285714285714285,0.2857142857142857,0.5853658536604303,-0.2926829268268877,0.7073170731686758,-0.02857142857202255
historical7d,1s,0,MICRO,BUY,1,1789617634.951,28.0,135.0,1.037037037037037,52.00004577636719,51.000118255615234,1.019606376513487,1.0750000000007276,3.860000000000582,1.0750000000007276,3.860000000000582,0.5180722891577038,0.25378040762670534,0.3333333333333333,0.16417910447761194,0.3333333333333333,0.16417910447761194,0.16915422885572137,0.4444444444444444,0.4074074074074074,0.47916666666528507,-0.6458333333335307,0.7500000000004737,1.0
historical7d,1s,0,MICRO,BUY,1,1789618055.969,11.0,89.0,0.6179775280898876,52.99985408782959,52.00004577636719,1.0192270659868687,0.2600000000002183,0.25500000000101863,0.2600000000002183,0.25500000000101863,0.38235294117662794,0.044697633654925,0.6,0.09090909090909091,0.6,0.09090909090909091,0.509090909090909,0.1,0.5,0.7368421052622761,-0.21052631578922174,0.7368421052622761,0.986577181210184
historical7d,1s,0,MICRO,SELL,-1,1789636602.907,9.0,51.0,0.8823529411764707,76.49993896484375,101.49979591369629,0.7536954954066161,-0.020000000000436557,-0.6449999999995271,0.020000000000436557,0.6449999999995271,0.05714285714404505,0.3739130434777107,0.75,0.0,-0.75,-0.0,-0.75,0.125,0.375,0.9629629629622144,-0.07407407407220269,0.33333333332996484,0.5925925925924262
historical7d,1s,0,MICRO,BUY,1,1789640154.983,13.0,63.0,1.0317460317460319,100.99983215332031,54.99982833862305,1.8363663161180133,0.22999999999956344,0.6749999999992724,0.22999999999956344,0.6749999999992724,0.5348837209311179,0.24324324324349128,0.5,0.11475409836065574,0.5,0.11475409836065574,0.38524590163934425,-0.16666666666666666,0.8333333333333334,0.7333333333337375,-0.3999999999993937,0.6000000000006064,0.708860759493875
historical7d,1s,0,MICRO,SELL,-1,1789654359.968,17.0,53.0,1.6037735849056605,75.99997520446777,96.000075340271,0.7916657870849254,-0.7000000000007276,-0.4650000000001455,0.7000000000007276,0.4650000000001455,0.8045977011512037,0.17647058823557837,-0.25,-0.07692307692307693,0.25,0.07692307692307693,0.17307692307692307,0.4375,0.5625,0.7916666666657193,-0.16666666666666666,0.8333333333371229,0.8578199052152558
historical7d,1s,0,MICRO,BUY,1,1789658385.9910002,13.0,85.0,0.7647058823529411,97.9999303817749,56.999921798706055,1.7192993830387953,0.4150000000008731,1.4450000000006185,0.4150000000008731,1.4450000000006185,0.954022988504882,0.3910690121783366,0.8333333333333334,0.1,0.8333333333333334,0.1,0.7333333333333334,0.08333333333333333,0.75,0.8285714285726165,-0.028571428572096772,0.6000000000010394,1.0
historical7d,1s,0,MICRO,BUY,1,1789658583.973,29.0,126.0,1.150793650793651,51.000118255615234,51.000118255615234,1.0,-0.09499999999934516,1.910000000000764,-0.09499999999934516,1.910000000000764,0.06810035842253714,0.2349323493235315,0.21428571428571427,0.12195121951219512,0.21428571428571427,0.12195121951219512,0.09233449477351915,0.21428571428571427,0.5,0.6000000000009095,-0.2749999999988063,0.72499999999892,0.7504456327984215
historical7d,1s,0,MICRO,BUY,1,1789658877.599,17.0,101.0,0.8415841584158417,100.49986839294434,53.999900817871094,1.8611120922593292,0.21999999999934516,0.8250000000007276,0.21999999999934516,0.8250000000007276,0.35483870967694614,0.1925320886814598,0.625,0.14,0.625,0.14,0.485,0.125,0.25,0.6500000000011369,-0.3,0.6750000000017053,0.81318681318689
historical7d,1s,0,MICRO,SELL,-1,1789659073.9889998,16.0,66.0,1.2121212121212122,100.00014305114746,105.00001907348633,0.9523821417704733,-0.9050000000006548,-1.6300000000010186,0.9050000000006548,1.6300000000010186,0.7154150197647214,0.22893258426978025,-0.3333333333333333,-0.13846153846153847,0.3333333333333333,0.13846153846153847,0.19487179487179485,0.13333333333333333,0.6,0.4468085106389978,-0.5319148936177623,0.6595744680868768,1.0
historical7d,1s,0,MICRO,SELL,-1,1789659164.844,14.0,70.0,1.0,101.99999809265137,99.99990463256836,1.020000953675226,0.019999999999527063,-2.4000000000005457,-0.019999999999527063,2.4000000000005457,0.017857142856751333,0.332871012482737,-0.07692307692307693,-0.043478260869565216,0.07692307692307693,0.043478260869565216,0.03344481605351171,-0.3076923076923077,0.38461538461538464,0.5714285714285714,-0.21978021977883594,0.5494505494500882,0.8548094373867077
historical7d,1s,0,MICRO,BUY,1,1789660200.981,21.0,82.0,1.2804878048780488,53.50005626678467,96.9998836517334,0.5515476333855233,0.8449999999993452,0.9049999999988358,0.8449999999993452,0.9049999999988358,0.7647058823564271,0.286846275752841,0.3,0.012345679012345678,0.3,0.012345679012345678,0.2876543209876543,0.05,0.45,0.9354838709664169,-0.0967741935474407,0.6129032258073034,1.0
historical7d,1s,0,MICRO,SELL,-1,1789661426.9180002,24.0,96.0,1.25,52.00004577636719,52.00028419494629,0.999995415052383,-0.13000000000010914,-0.5900000000001455,0.13000000000010914,0.5900000000001455,0.1688311688318131,0.11847389558236893,-0.13043478260869565,0.0,0.13043478260869565,-0.0,0.13043478260869565,-0.13043478260869565,0.6086956521739131,0.9677419354831138,-0.06451612903377231,0.516129032261377,0.9921875000012434
historical7d,1s,0,MICRO,BUY,1,1789661776.924,19.0,104.0,0.9134615384615384,100.00002384185791,52.00004577636719,1.9230756886622895,-0.08500000000003638,0.3249999999998181,-0.08500000000003638,0.3249999999998181,0.08133971291861865,0.060577819198446604,-0.2222222222222222,0.0392156862745098,-0.2222222222222222,0.0392156862745098,-0.261437908496732,-0.3888888888888889,0.5,0.7297297297311248,-0.1891891891884584,0.6216216216206251,0.519650655022271
historical7d,1s,0,MICRO,BUY,1,1789664822.995,30.0,133.0,1.1278195488721805,50.99964141845703,51.99992656707764,0.9807637199769834,0.19499999999970896,1.8149999999995998,0.19499999999970896,1.8149999999995998,0.17972350230342124,0.282930631332432,-0.034482758620689655,0.007633587786259542,-0.034482758620689655,0.007633587786259542,-0.042116346406949196,-0.034482758620689655,0.5517241379310345,1.0,-0.20588235294345808,0.47058823529742205,0.7938596491222734
historical7d,1s,0,MICRO,SELL,-1,1789665094.939,28.0,113.0,1.238938053097345,51.999568939208984,52.99997329711914,0.9811244365671306,-0.3599999999987631,-2.1049999999995634,0.3599999999987631,2.1049999999995634,0.33962264150901306,0.361373390557707,-0.1111111111111111,-0.13513513513513514,0.1111111111111111,0.13513513513513514,-0.024024024024024038,0.037037037037037035,0.7407407407407407,1.0000000000028422,0.06250000000142109,0.37499999999715783,1.0
historical7d,1s,0,MICRO,BUY,1,1789722075.9910002,20.0,103.0,0.9708737864077669,97.99981117248535,55.9999942779541,1.7499968068937035,0.22000000000025466,1.1899999999995998,0.22000000000025466,1.1899999999995998,0.23913043478263019,0.19070512820498736,0.3684210526315789,0.12871287128712872,0.3684210526315789,0.12871287128712872,0.2397081813444502,-0.05263157894736842,0.8421052631578947,0.6829268292686174,-0.09756097560948558,0.5609756097539875,0.42514970059826096
historical7d,1s,1,MICRO,SELL,-1,1789744843.99,15.0,96.0,0.78125,75.00004768371582,52.99997329711914,1.4150959522802724,0.125,-0.9099999999998545,-0.125,0.9099999999998545,0.14619883040943138,0.21615201900247896,0.14285714285714285,-0.28421052631578947,-0.14285714285714285,0.28421052631578947,-0.4270676691729323,0.14285714285714285,0.8571428571428571,0.9599999999991269,0.040000000000873115,0.9200000000018917,0.6706827309237828
historical7d,1s,1,MICRO,BUY,1,1789745476.976,20.0,135.0,0.7407407407407407,50.99964141845703,50.99987983703613,0.9999953251148853,0.36999999999989086,2.0700000000006185,0.36999999999989086,2.0700000000006185,0.42045454545523836,0.30263157894797554,0.15789473684210525,0.12121212121212122,0.15789473684210525,0.12121212121212122,0.03668261562998404,0.2631578947368421,0.631578947368421,0.7647058823532559,-0.05882352941034854,0.882352941176628,0.8947368421054822
historical7d,1s,1,MICRO,SELL,-1,1789747390.945,27.0,150.0,0.9,51.49996280670166,50.00019073486328,1.0299953270136757,-0.7750000000005457,-1.300000000000182,0.7750000000005457,1.300000000000182,0.6224899598389408,0.1473922902494434,-0.46153846153846156,-0.08108108108108109,0.46153846153846156,0.08108108108108109,0.3804573804573805,-0.19230769230769232,0.6538461538461539,0.714285714286828,-0.3142857142852688,0.9142857142863082,0.5829145728643124
historical7d,1s,1,MICRO,BUY,1,1789747502.9580002,28.0,104.0,1.346153846153846,51.000118255615234,51.000118255615234,1.0,0.17000000000007276,0.9049999999997453,0.17000000000007276,0.9049999999997453,0.20238095238012743,0.22998729351971325,0.23076923076923078,0.26732673267326734,0.23076923076923078,0.26732673267326734,-0.03655750190403656,-0.14814814814814814,0.48148148148148145,0.7878787878796231,-0.30303030303147227,0.6969696969685277,0.6168582375477112
historical7d,1s,1,MICRO,SELL,-1,1789751983.9539998,28.0,109.0,1.2844036697247705,50.99987983703613,53.50005626678467,0.9532677794340796,-0.7950000000000728,-2.1700000000000728,0.7950000000000728,2.1700000000000728,0.43801652892641496,0.37094017094050635,-0.44,-0.3069306930693069,0.44,0.3069306930693069,0.13306930693069308,0.1111111111111111,0.7407407407407407,0.694444444445076,-0.5277777777796726,0.694444444445076,0.8008298755188413
historical7d,1s,1,MICRO,BUY,1,1789752173.904,27.0,130.0,1.0384615384615385,50.999999046325684,51.000118255615234,0.9999976625683699,0.3250000000007276,0.2600000000002183,0.3250000000007276,0.2600000000002183,0.3367875647681774,0.05520169851375041,0.23076923076923078,0.08661417322834646,0.23076923076923078,0.08661417322834646,0.1441550575408843,-0.15384615384615385,0.6153846153846154,0.8055555555551696,-0.19444444444356723,0.5833333333332281,1.0
historical7d,1s,1,MICRO,BUY,1,1789753891.9550002,32.0,145.0,1.103448275862069,50.99987983703613,51.999807357788086,0.9807705533624022,0.1999999999998181,1.1000000000003638,0.1999999999998181,1.1000000000003638,0.15999999999950523,0.2286902286905015,0.4,0.20567375886524822,0.4,0.20567375886524822,0.1943262411347518,-0.22580645161290322,0.5806451612903226,1.0357142857117336,0.07142857142671531,0.7857142857133577,0.9918699186990128
historical7d,1s,1,MICRO,BUY,1,1789759757.975,20.0,95.0,1.0526315789473684,51.999807357788086,52.00004577636719,0.9999954150313611,0.07999999999992724,0.9349999999994907,0.07999999999992724,0.9349999999994907,0.10526315789410699,0.17591721542786098,0.15789473684210525,0.0851063829787234,0.15789473684210525,0.0851063829787234,0.07278835386338185,-0.631578947368421,0.3684210526315789,0.6666666666686878,-0.3333333333313122,0.7666666666647466,0.8055555555563509
historical7d,1s,2,MICRO,BUY,1,1789963644.742,19.0,87.0,1.0919540229885059,50.50015449523926,52.00028419494629,0.9711515095940029,0.6650000000008731,1.2450000000008004,0.6650000000008731,1.2450000000008004,0.7514124293777878,0.21048182586667494,0.5555555555555556,0.10588235294117647,0.5555555555555556,0.10588235294117647,0.4496732026143791,0.4444444444444444,0.3333333333333333,0.5744680851050654,-0.531914893616733,0.7234042553190666,1.0
historical7d,1s,2,MICRO,BUY,1,1789984996.8990002,19.0,88.0,1.0795454545454544,98.50001335144043,57.99984931945801,1.6982805042977116,0.27999999999883585,1.8999999999996362,0.27999999999883585,1.8999999999996362,0.4117647058837691,0.41942604856514887,0.29411764705882354,0.19047619047619047,0.29411764705882354,0.19047619047619047,0.10364145658263307,0.1111111111111111,0.6666666666666666,0.8923076923068313,-0.12307692307670781,0.6153846153835391,1.0
historical7d,1s,2,MICRO,BUY,1,1789985709.5100002,10.0,85.0,0.5882352941176471,106.99987411499023,53.00009250640869,2.0188620256097094,0.005000000000109139,1.105000000000473,0.005000000000109139,1.105000000000473,0.008547008547194578,0.18649789029549,-0.3333333333333333,0.04878048780487805,-0.3333333333333333,0.04878048780487805,-0.38211382113821135,-0.5555555555555556,0.2222222222222222,0.7,-0.5750000000017053,0.6250000000005684,0.7209302325586862
historical7d,1s,3,MICRO,SELL,-1,1790004086.949,21.0,81.0,1.2962962962962963,51.49984359741211,91.99988842010498,0.5597815875845966,-0.3850000000002183,-0.2000000000007276,0.3850000000002183,0.2000000000007276,0.6581196581189671,0.07722007722013688,-0.5789473684210527,-0.02564102564102564,0.5789473684210527,0.02564102564102564,0.553306342780027,0.3,0.5,1.227272727269157,0.136363636362321,0.6818181818198731,0.9763313609462615
historical7d,1s,3,MICRO,BUY,1,1790006334.971,23.0,63.0,1.8253968253968254,50.00007152557373,52.00004577636719,0.9615389905733045,-0.28000000000065484,0.9200000000000728,-0.28000000000065484,0.9200000000000728,0.4307692307692738,0.33576642335771756,-0.14285714285714285,0.14754098360655737,-0.14285714285714285,0.14754098360655737,-0.2903981264637002,-0.36363636363636365,0.5454545454545454,0.9062500000007105,-0.125,0.46875000000213163,0.4488188976374119
historical7d,1s,3,MICRO,SELL,-1,1790010323.947,33.0,144.0,1.1458333333333333,51.99992656707764,51.999807357788086,1.0000022924948304,0.10499999999956344,-0.7700000000004366,-0.10499999999956344,0.7700000000004366,0.03541315345684934,0.06620808254520467,0.25,-0.014084507042253521,-0.25,0.014084507042253521,-0.2640845070422535,-0.03125,0.71875,0.6590909090914259,-0.34090909090857413,0.7954545454560957,0.195402298850751
historical7d,1s,4,MICRO,SELL,-1,1790050280.984,29.0,106.0,1.3679245283018868,52.500009536743164,53.00021171569824,0.9905622607389147,0.035000000000763976,-2.8499999999994543,-0.035000000000763976,2.8499999999994543,0.03349282296726507,0.4228486646884171,0.1111111111111111,-0.13725490196078433,-0.1111111111111111,0.13725490196078433,-0.24836601307189543,0.07142857142857142,0.6428571428571429,0.7297297297311248,-0.24324324324125018,0.7837837837839167,0.8232558139530345
historical7d,1s,4,MICRO,SELL,-1,1790074283.993,19.0,65.0,1.4615384615384615,51.999807357788086,55.00006675720215,0.9454498953126964,-0.35499999999956344,-0.9549999999999272,0.35499999999956344,0.9549999999999272,0.496503496504048,0.36242884250593715,-0.3333333333333333,-0.21875,0.3333333333333333,0.21875,0.11458333333333331,-0.1111111111111111,0.5555555555555556,0.9062500000007105,-0.21875000000213163,0.7812500000007105,0.9895833333312214
historical7d,1s,4,MICRO,SELL,-1,1790076713.9889998,22.0,71.0,1.5492957746478875,50.99964141845703,55.500030517578125,0.9189119527115266,-0.30500000000029104,-0.8600000000005821,0.30500000000029104,0.8600000000005821,0.2531120331956596,0.24022346368719624,-0.14285714285714285,-0.12121212121212122,0.14285714285714285,0.12121212121212122,0.021645021645021634,0.2857142857142857,0.5238095238095238,0.8181818181805655,0.09090909090833926,0.8484848484870199,0.8448979591847887
historical7d,1s,4,MICRO,BUY,1,1790077062.904,15.0,82.0,0.9146341463414634,98.99985790252686,57.99984931945801,1.7068985361883346,0.46999999999934516,1.1450000000004366,0.46999999999934516,1.1450000000004366,0.5662650602402245,0.2954838709678546,0.14285714285714285,0.05,0.14285714285714285,0.05,0.09285714285714285,0.14285714285714285,0.2857142857142857,0.8923076923068313,-0.30769230769316874,0.46153846153975314,1.0
historical7d,1s,4,MICRO,BUY,1,1790077324.903,35.0,139.0,1.2589928057553956,52.500009536743164,53.99978160858154,0.9722263307894556,0.1999999999998181,0.8500000000003638,0.1999999999998181,0.8500000000003638,0.08438818565387081,0.12426900584806985,0.17647058823529413,0.06569343065693431,0.17647058823529413,0.06569343065693431,0.11077715757835982,-0.11764705882352941,0.7647058823529411,0.7058823529402324,-0.35294117647279116,0.7647058823532559,0.6793248945140167
historical7d,1s,4,MICRO,BUY,1,1790077899.91,16.0,93.0,0.8602150537634408,54.99982833862305,64.00012969970703,0.8593705762267356,0.6049999999995634,2.300000000000182,0.6049999999995634,2.300000000000182,0.8705035971220385,0.40636042402863765,0.6,0.25274725274725274,0.6,0.25274725274725274,0.34725274725274724,0.06666666666666667,0.8,0.8181818181833215,-0.2727272727250178,0.8181818181805655,1.0
historical7d,1s,4,MICRO,BUY,1,1790081569.965,35.0,165.0,1.0606060606060606,50.999999046325684,52.500009536743164,0.9714283768011953,-0.21500000000014552,2.6699999999991633,-0.21500000000014552,2.6699999999991633,0.08548707753493073,0.22840034217280458,-0.47058823529411764,0.09433962264150944,-0.47058823529411764,0.09433962264150944,-0.564927857935627,-0.11764705882352941,0.7058823529411765,0.7250000000005684,-1.2750000000017052,1.3500000000034107,0.43043478260817136
historical7d,1s,4,MICRO,SELL,-1,1790081758.967,26.0,109.0,1.1926605504587156,55.00006675720215,55.00006675720215,1.0,-0.08999999999923602,-0.5799999999999272,0.08999999999923602,0.5799999999999272,0.14999999999886313,0.17008797653957536,0.04,0.0,-0.04,-0.0,-0.04,-0.16,0.6,1.1666666666666667,0.08333333333143855,0.6250000000028422,0.8894472361803074
historical7d,1s,4,MICRO,BUY,1,1790081889.859,26.0,123.0,1.056910569105691,50.99987983703613,53.50017547607422,0.9532656553592755,0.49499999999898137,1.694999999999709,0.49499999999898137,1.694999999999709,0.39442231075584033,0.3067873303164066,0.44,0.24786324786324787,0.44,0.24786324786324787,0.19213675213675213,0.04,0.88,0.9285714285698045,0.1785714285689924,1.4285714285746767,1.0
historical7d,1s,0,BURST,BUY,1,1789573154.725,7.0,78.0,0.44871794871794873,176.49996280670166,55.00006675720215,3.2090863377650236,-0.10499999999956344,0.4250000000010914,-0.10499999999956344,0.4250000000010914,1.0,0.17453798768041695,-1.0,0.23684210526315788,-1.0,0.23684210526315788,-1.236842105263158,0.16666666666666666,0.8333333333333334,0.9285714285730526,0.035714285715097764,0.2857142857142857,0.5000000000015159
historical7d,1s,0,BURST,BUY,1,1789577836.916,29.0,110.0,1.3181818181818181,51.49996280670166,51.000118255615234,1.0098008508251133,0.4349999999994907,1.9149999999990541,0.4349999999994907,1.9149999999990541,0.3640167364002279,0.37438905180810456,0.2857142857142857,0.35185185185185186,0.2857142857142857,0.35185185185185186,-0.06613756613756616,0.4642857142857143,0.39285714285714285,0.9333333333319186,-0.3000000000003032,0.43333333333646606,0.8913580246907635
historical7d,1s,0,BURST,BUY,1,1789581028.992,30.0,126.0,1.1904761904761905,50.99964141845703,51.999807357788086,0.9807659683727413,0.2600000000002183,2.7249999999994543,0.2600000000002183,2.7249999999994543,0.17687074829976587,0.3500321130384432,0.034482758620689655,0.22580645161290322,0.034482758620689655,0.22580645161290322,-0.19132369299221358,-0.10344827586206896,0.6206896551724138,0.5660377358513878,-0.22641509433780949,1.5849056603749625,0.9931972789114152
historical7d,1s,0,BURST,BUY,1,1789641992.757,18.0,92.0,0.9782608695652175,54.000139236450195,53.00021171569824,1.0188664816305966,-0.24499999999989086,2.1850000000004,-0.24499999999989086,2.1850000000004,0.320261437908217,0.3998170173834777,-0.25,0.17777777777777778,-0.25,0.17777777777777778,-0.4277777777777778,-0.23529411764705882,0.5294117647058824,0.7187499999992895,-0.34375000000213163,1.3125000000042633,0.7959183673469237
historical7d,1s,0,BURST,BUY,1,1789654187.951,30.0,102.0,1.4705882352941178,49.99995231628418,52.00004577636719,0.9615366980889851,1.7200000000011642,1.8800000000010186,1.7200000000011642,1.8800000000010186,0.6718749999996336,0.26780626780604927,0.3793103448275862,0.2857142857142857,0.3793103448275862,0.2857142857142857,0.09359605911330049,0.3448275862068966,0.5172413793103449,0.617647058823372,0.2941176470597676,0.9411764705869765,0.9160493827168967
historical7d,1s,0,BURST,BUY,1,1789713296.6780002,14.0,57.0,1.2280701754385965,52.99997329711914,77.00002193450928,0.688311145446129,0.5249999999996362,1.9549999999999272,0.5249999999996362,1.9549999999999272,0.8015267175581211,0.720073664826428,0.23076923076923078,0.23636363636363636,0.23076923076923078,0.23636363636363636,-0.005594405594405577,0.5384615384615384,0.3076923076923077,0.64864864864825,-0.5675675675678333,0.7027027027034999,1.0
historical7d,1s,0,BURST,SELL,-1,1789722960.643,8.0,50.0,0.8,100.00014305114746,101.99975967407227,0.9803958692715127,-0.11499999999978172,-0.7799999999997453,0.11499999999978172,0.7799999999997453,0.5609756097552319,0.3959390862935046,-0.42857142857142855,-0.2653061224489796,0.42857142857142855,0.2653061224489796,0.16326530612244894,0.7142857142857143,0.0,1.2222222222227836,-0.1666666666708773,0.9444444444480936,1.0
historical7d,1s,0,BURST,SELL,-1,1789728974.961,23.0,64.0,1.796875,94.49994564056396,97.99981117248535,0.9642870175967847,-0.07000000000061846,-1.1250000000009095,0.07000000000061846,1.1250000000009095,0.08536585365941578,0.44204322200411605,-0.36363636363636365,-0.5161290322580645,0.36363636363636365,0.5161290322580645,-0.15249266862170086,-0.36363636363636365,0.5454545454545454,1.1627906976760911,-0.6511627907001338,0.6511627907001338,0.5957446808514892
historical7d,1s,1,BURST,SELL,-1,1789743770.854,28.0,119.0,1.1764705882352942,50.00019073486328,50.999999046325684,0.980395915094935,-0.6549999999997453,-1.6049999999995634,0.6549999999997453,1.6049999999995634,0.6036866359434334,0.3635334088336509,-0.44,-0.21739130434782608,0.44,0.21739130434782608,0.22260869565217392,0.25925925925925924,0.5925925925925926,0.8064516129045508,0.032258064516886155,0.67741935483994,1.0
historical7d,1s,1,BURST,SELL,-1,1789743964.941,34.0,157.0,1.0828025477707006,50.00019073486328,50.00019073486328,1.0,-0.2749999999996362,-1.0249999999996362,0.2749999999996362,1.0249999999996362,0.22633744855866655,0.16817063166505705,-0.3939393939393939,-0.2129032258064516,0.3939393939393939,0.2129032258064516,0.18103616813294232,0.2727272727272727,0.6060606060606061,0.8333333333301753,-0.12500000000236847,1.2083333333334911,0.9118644067789922
historical7d,1s,1,BURST,SELL,-1,1789744809.936,25.0,136.0,0.9191176470588236,51.49984359741211,51.999807357788086,0.9903852766812011,-0.6300000000001091,-2.5100000000002183,0.6300000000001091,2.5100000000002183,0.6847826086963936,0.28883774453401573,-0.5833333333333334,-0.4074074074074074,0.5833333333333334,0.4074074074074074,0.17592592592592599,0.041666666666666664,0.4583333333333333,0.8214285714277594,0.14285714285389467,1.0714285714301954,0.9802761341225739
historical7d,1s,1,BURST,SELL,-1,1789745007.815,19.0,96.0,0.9895833333333334,51.50008201599121,52.00004577636719,0.990385320764406,-0.3500000000003638,-2.365000000000691,0.3500000000003638,2.365000000000691,0.614035087724169,0.5203520352041847,-0.5555555555555556,-0.34782608695652173,0.5555555555555556,0.34782608695652173,0.20772946859903385,-0.1111111111111111,0.5555555555555556,0.7142857142857143,-0.21428571428409018,1.2857142857142858,0.9915789473697658
historical7d,1s,1,BURST,SELL,-1,1789745230.877,28.0,116.0,1.206896551724138,51.000118255615234,52.99997329711914,0.9622668669983535,-0.944999999999709,-1.8800000000001091,0.944999999999709,1.8800000000001091,0.6539792387550788,0.32695652173951145,-0.5555555555555556,-0.2807017543859649,0.5555555555555556,0.2807017543859649,0.2748538011695907,-0.25925925925925924,0.7407407407407407,0.8571428571440945,-0.22222222222125979,0.8571428571412073,1.0
historical7d,1s,1,BURST,BUY,1,1789745637.9910002,18.0,101.0,0.8910891089108911,99.00021553039551,52.99985408782959,1.86793373744644,0.18500000000040018,1.5150000000003274,0.18500000000040018,1.5150000000003274,0.28682170542556956,0.3859872611458468,0.4117647058823529,0.32653061224489793,0.4117647058823529,0.32653061224489793,0.08523409363745499,-0.058823529411764705,0.7058823529411765,0.8461538461541153,0.19230769230823047,0.9230769230753086,0.9887005649715075
historical7d,1s,2,BURST,BUY,1,1789963653.855,14.0,102.0,0.6862745098039216,99.99990463256836,52.99997329711914,1.8867916040630146,0.375,1.4549999999999272,0.375,1.4549999999999272,0.5474452554763133,0.2476595744685328,0.38461538461538464,0.26732673267326734,0.38461538461538464,0.26732673267326734,0.1172886519421173,0.6923076923076923,0.3076923076923077,0.5777777777773286,-0.42222222222267136,0.8888888888886644,1.0
historical7d,1s,2,BURST,BUY,1,1789984997.647,11.0,85.0,0.6470588235294118,148.00000190734863,56.49995803833008,2.619471005747369,0.054999999999381544,2.024999999999636,0.054999999999381544,2.024999999999636,0.15942028985484322,0.4565952649381509,0.2,0.2345679012345679,0.2,0.2345679012345679,-0.03456790123456788,0.0,0.8,0.8484848484842639,-0.212121212123133,0.6363636363638869,1.0
historical7d,1s,3,BURST,BUY,1,1790006264.808,18.0,93.0,0.9677419354838709,98.00004959106445,53.50005626678467,1.8317747013643322,0.5600000000004002,2.5799999999999272,0.5600000000004002,2.5799999999999272,0.7179487179494654,0.5758928571431309,0.4117647058823529,0.34782608695652173,0.4117647058823529,0.34782608695652173,0.06393861892583119,0.0,0.6470588235294118,0.7096774193538923,-0.12903225806461077,0.838709677421437,0.9784560143628389
historical7d,1s,3,BURST,SELL,-1,1790012063.96,29.0,149.0,0.9731543624161073,50.50003528594971,50.99987983703613,0.990199103357035,-0.5050000000001091,-2.069999999999709,0.5050000000001091,2.069999999999709,0.37269372693721986,0.3449999999995331,-0.2857142857142857,-0.2777777777777778,0.2857142857142857,0.2777777777777778,0.007936507936507908,0.32142857142857145,0.6071428571428571,0.9333333333319186,0.09999999999909051,0.49999999999848416,0.8398268398272455
historical7d,1s,3,BURST,SELL,-1,1790018048.984,25.0,96.0,1.3020833333333335,52.99985408782959,52.99997329711914,0.9999977507669885,-0.39499999999952706,-2.3749999999990905,0.39499999999952706,2.3749999999990905,0.6528925619782531,0.5688622754486113,-0.4782608695652174,-0.4444444444444444,0.4782608695652174,0.4444444444444444,0.033816425120772986,0.20833333333333334,0.625,0.8571428571428571,0.17857142857224062,1.2142857142905865,0.970954356846581
historical7d,1s,3,BURST,SELL,-1,1790022664.515,13.0,88.0,0.7386363636363635,148.00000190734863,54.000139236450195,2.740733709209556,-0.09500000000116415,-1.2200000000011642,0.09500000000116415,1.2200000000011642,0.2345679012381166,0.3057644110281562,-0.09090909090909091,-0.19047619047619047,0.09090909090909091,0.19047619047619047,-0.09956709956709955,0.16666666666666666,0.6666666666666666,0.8235294117636044,-0.3235294117662794,0.5,0.9365079365094489
historical7d,1s,4,BURST,SELL,-1,1790072966.969,30.0,107.0,1.4018691588785048,51.000118255615234,52.99997329711914,0.9622668669983535,-0.6299999999991996,-2.0049999999991996,0.6299999999991996,2.0049999999991996,0.5943396226379802,0.46039035591145255,-0.3103448275862069,-0.23076923076923078,0.3103448275862069,0.23076923076923078,0.07957559681697612,0.3793103448275862,0.4827586206896552,0.9599999999991269,-0.2400000000016007,0.7600000000020373,0.9808612440187223
historical7d,1s,4,BURST,SELL,-1,1790075668.965,17.0,93.0,0.9139784946236559,52.500009536743164,53.499817848205566,0.9813119305508825,-0.589999999999236,-1.8650000000006912,0.589999999999236,1.8650000000006912,0.79729729729748,0.5275813295629664,-0.4666666666666667,-0.34065934065934067,0.4666666666666667,0.34065934065934067,0.126007326007326,-0.3125,0.5625,0.8064516129045508,-0.12903225806461077,0.516129032261377,1.0
historical7d,1s,4,BURST,BUY,1,1790076896.962,27.0,98.0,1.3775510204081631,53.999900817871094,53.00021171569824,1.0188619831848096,0.4849999999996726,1.7549999999991996,0.4849999999996726,1.7549999999991996,0.38339920948635925,0.47368421052634163,0.15384615384615385,0.23711340206185566,0.15384615384615385,0.23711340206185566,-0.0832672482157018,0.3076923076923077,0.5384615384615384,0.9032258064522753,-0.4838709677444908,0.6129032258091015,1.0
historical7d,1s,4,BURST,BUY,1,1790081889.859,26.0,123.0,1.056910569105691,50.99987983703613,53.50017547607422,0.9532656553592755,0.49499999999898137,1.694999999999709,0.49499999999898137,1.694999999999709,0.39442231075584033,0.3067873303164066,0.44,0.24786324786324787,0.44,0.24786324786324787,0.19213675213675213,0.04,0.88,0.9285714285698045,0.1785714285689924,1.4285714285746767,1.0
recent24h,500ms,0,PRIMARY,BUY,1,1790192053.48,23.0,64.0,1.796875,52.99997329711914,60.00018119812012,0.8833302206557286,0.10500000000047294,0.680000000000291,0.10500000000047294,0.680000000000291,0.18260869565305418,0.3207547169822491,-0.2,-0.01639344262295082,-0.2,-0.01639344262295082,-0.1836065573770492,0.045454545454545456,0.5,1.0799999999981083,-0.6000000000021828,0.6000000000021828,0.790697674418408
recent24h,500ms,0,PRIMARY,SELL,-1,1790193765.391,34.0,158.0,1.0759493670886076,52.99997329711914,52.00004577636719,1.019229358471188,-0.42999999999847205,-2.484999999998763,0.42999999999847205,2.484999999998763,0.24431818181703086,0.24044508950146695,-0.1875,-0.12258064516129032,0.1875,0.12258064516129032,0.06491935483870968,0.15151515151515152,0.5454545454545454,0.8285714285704634,0.0,0.6857142857129493,0.8947368421043633
recent24h,500ms,0,PRIMARY,SELL,-1,1790194553.999,16.0,105.0,0.7619047619047619,53.999900817871094,53.50005626678467,1.0093428789793022,-1.125,-1.3999999999996362,1.125,1.3999999999996362,0.8823529411767224,0.2991452991449703,-0.4666666666666667,-0.2692307692307692,0.4666666666666667,0.2692307692307692,0.19743589743589746,0.13333333333333333,0.6,1.0370370370379103,0.18518518518281477,0.629629629631002,0.9402173913040363
recent24h,500ms,0,PRIMARY,SELL,-1,1790196024.809,13.0,84.0,0.7738095238095237,90.99996089935303,55.9999942779541,1.6249994678156172,0.02999999999974534,-0.7049999999999272,-0.02999999999974534,0.7049999999999272,0.0833333333331228,0.22560000000023936,0.09090909090909091,-0.06172839506172839,-0.09090909090909091,0.06172839506172839,-0.1526374859708193,0.08333333333333333,0.5833333333333334,0.7307692307683562,-0.2307692307709798,1.1538461538514009,0.8993710691846636
recent24h,500ms,0,PRIMARY,BUY,1,1790196504.42,15.0,78.0,0.9615384615384616,123.49998950958252,54.99982833862305,2.2454613630649454,-0.1999999999998181,-0.44499999999970896,-0.1999999999998181,-0.44499999999970896,0.5405405405402084,0.19821826280571456,0.07692307692307693,-0.1388888888888889,0.07692307692307693,-0.1388888888888889,0.21581196581196582,-0.14285714285714285,0.8571428571428571,0.8928571428579549,-0.07142857143019553,0.35714285714123306,-0.745098039213798
recent24h,500ms,0,PRIMARY,SELL,-1,1790203082.353,20.0,57.0,1.7543859649122806,55.9999942779541,56.999921798706055,0.9824573878490014,-0.8549999999995634,-1.375,0.8549999999995634,1.375,0.8592964824125012,0.6380510440844099,-0.5555555555555556,-0.41818181818181815,0.5555555555555556,0.41818181818181815,0.13737373737373743,0.05263157894736842,0.631578947368421,1.0000000000037896,-0.20833333333049117,0.6249999999990526,1.0
recent24h,500ms,0,PRIMARY,BUY,1,1790227939.976,13.0,50.0,1.3,97.9999303817749,99.99990463256836,0.9800002384188065,0.16500000000087311,0.9200000000000728,0.16500000000087311,0.9200000000000728,0.3084112149549869,0.26436781609159354,0.16666666666666666,-0.02040816326530612,0.16666666666666666,-0.02040816326530612,0.18707482993197277,0.5,0.5,0.547169811320949,-0.3207547169814235,0.641509433962847,1.0
recent24h,500ms,0,PRIMARY,SELL,-1,1790240145.9169998,14.0,59.0,1.1864406779661016,90.00015258789062,92.00000762939453,0.9782624470037007,0.20499999999992724,-0.23999999999978172,-0.20499999999992724,0.23999999999978172,0.5774647887358584,0.12631578947371444,0.23076923076923078,-0.06896551724137931,-0.23076923076923078,0.06896551724137931,-0.29973474801061006,0.07692307692307693,0.7692307692307693,0.8055555555561872,-0.2500000000006316,0.5000000000012632,-0.020408163264498125
recent24h,500ms,0,PRIMARY,SELL,-1,1790243248.941,17.0,54.0,1.574074074074074,56.999921798706055,99.00021553039551,0.5757555323827116,0.125,0.09000000000014552,-0.125,-0.09000000000014552,0.2688172042999396,0.04945054945058789,-0.25,-0.13725490196078433,0.25,0.13725490196078433,0.11274509803921567,0.0,0.5,0.7999999999994802,-0.25714285714333973,0.5714285714307987,-0.6603773584892709
recent24h,500ms,0,PRIMARY,BUY,1,1790244962.46,26.0,71.0,1.8309859154929577,54.000139236450195,61.499953269958496,0.8780517116722459,0.23499999999967258,1.5600000000004002,0.23499999999967258,1.5600000000004002,0.24607329842922962,0.4829721362224194,0.36,0.2857142857142857,0.36,0.2857142857142857,0.07428571428571429,-0.36,0.64,0.8484848484870199,-0.2727272727250178,0.5454545454527916,0.7465564738287511
recent24h,500ms,0,PRIMARY,BUY,1,1790245996.197,10.0,54.0,0.9259259259259258,101.00007057189941,102.99968719482422,0.9805861874207198,0.32000000000061846,0.31999999999970896,0.32000000000061846,0.31999999999970896,0.9142857142889068,0.12648221343895116,0.75,0.3333333333333333,0.75,0.3333333333333333,0.4166666666666667,0.2222222222222222,0.7777777777777778,0.7671232876725299,-0.10958904109571974,0.8493150684912051,1.0
recent24h,500ms,0,PRIMARY,SELL,-1,1790248961.94,17.0,103.0,0.8252427184466019,52.99985408782959,55.00006675720215,0.9636325410621318,0.5100000000002183,-0.9549999999999272,-0.5100000000002183,0.9549999999999272,0.6455696202527273,0.20168954593448993,0.0,-0.17647058823529413,-0.0,0.17647058823529413,-0.17647058823529413,0.1875,0.6875,0.9090909090889047,-0.12121212121479374,0.7575757575786807,0.25391849529760546
recent24h,500ms,0,PRIMARY,SELL,-1,1790253075.855,9.0,84.0,0.5357142857142857,175.99976062774658,54.99982833862305,3.2000056353658217,0.11000000000058208,-1.1849999999994907,-0.11000000000058208,1.1849999999994907,0.1833333333341923,0.2298739088260108,-0.25,-0.2289156626506024,0.25,0.2289156626506024,0.021084337349397603,0.125,0.875,0.7466666666659876,-0.10666666666656965,1.1733333333322662,0.3465909090901633
recent24h,500ms,0,PRIMARY,SELL,-1,1790253804.46,33.0,92.0,1.7934782608695654,51.999807357788086,55.00006675720215,0.9454498953126964,-0.6849999999994907,-1.0349999999998545,0.6849999999994907,1.0349999999998545,0.20789074355067544,0.1843276936776901,0.03225806451612903,-0.044444444444444446,-0.03225806451612903,0.044444444444444446,-0.07670250896057348,0.0,0.75,0.7837837837839167,-0.1351351351356666,1.0540540540552499,0.4766355140184586
recent24h,500ms,0,PRIMARY,SELL,-1,1790256682.443,9.0,64.0,0.703125,179.50010299682617,104.00009155273438,1.7259610094266955,0.09000000000014552,-0.08999999999923602,-0.09000000000014552,0.08999999999923602,0.25714285714166923,0.03643724696322286,-0.25,-0.14285714285714285,0.25,0.14285714285714285,0.10714285714285715,-0.5,0.5,0.8358208955226717,-0.23880597014933477,0.7462686567173499,-0.6576576576601969
recent24h,500ms,0,PRIMARY,BUY,1,1790257759.983,29.0,177.0,0.8192090395480226,52.99997329711914,50.50003528594971,1.0495036884036588,-0.05499999999847205,3.5200000000004366,-0.05499999999847205,3.5200000000004366,0.03859649122696837,0.16326530612244552,-0.25925925925925924,-0.1695906432748538,-0.25925925925925924,-0.1695906432748538,-0.08966861598440545,0.03571428571428571,0.6071428571428571,0.4444444444442199,-0.5555555555557801,1.4000000000008084,0.48523206751080106
recent24h,500ms,0,PRIMARY,SELL,-1,1790258943.492,3.0,73.0,0.20547945205479454,853.5001277923584,54.50010299682617,15.660523207489392,-0.05999999999949068,-1.519999999999527,0.05999999999949068,1.519999999999527,0.5,0.37346437346436745,0.0,-0.29577464788732394,-0.0,0.29577464788732394,-0.29577464788732394,0.0,1.0,0.7567567567562917,-0.2702702702713332,0.64864864864825,0.6888888888881928
recent24h,500ms,0,PRIMARY,BUY,1,1790259744.944,26.0,96.0,1.3541666666666667,52.99973487854004,55.9999942779541,0.9464239338218077,0.4399999999995998,1.9049999999997453,0.4399999999995998,1.9049999999997453,0.43564356435790674,0.4466588511134318,0.2,0.24210526315789474,0.2,0.24210526315789474,-0.04210526315789473,-0.4,0.52,0.8000000000031182,0.22857142857417562,0.9142857142837096,0.9689922480622706
recent24h,500ms,0,PRIMARY,BUY,1,1790262741.964,9.0,60.0,0.75,88.99986743927002,53.999900817871094,1.6481487204846088,0.22000000000025466,0.49499999999989086,0.22000000000025466,0.49499999999989086,0.4489795918382878,0.20930232558128803,0.5,0.15254237288135594,0.5,0.15254237288135594,0.34745762711864403,0.5,0.5,0.8181818181833215,0.0,0.5151515151518492,1.0
recent24h,500ms,0,PRIMARY,BUY,1,1790264524.4659998,22.0,130.0,0.8461538461538461,54.000139236450195,52.99997329711914,1.0188710649668462,0.14500000000043656,0.39500000000043656,0.14500000000043656,0.39500000000043656,0.24786324786513475,0.07559808612434861,0.047619047619047616,0.05511811023622047,0.047619047619047616,0.05511811023622047,-0.007499062617172855,0.23809523809523808,0.47619047619047616,0.9677419354831138,-0.09677419355065847,0.4193548387107185,0.5378486055777874
recent24h,500ms,0,PRIMARY,SELL,-1,1790267679.908,29.0,126.0,1.150793650793651,52.99997329711914,52.99997329711914,1.0,-0.555000000000291,-1.5300000000006548,0.555000000000291,1.5300000000006548,0.4977578475323667,0.2487804878047785,-0.2857142857142857,-0.024,0.2857142857142857,0.024,0.2617142857142857,0.21428571428571427,0.5714285714285714,0.8787878787879623,-0.15151515151573614,0.4848484848509068,1.0
recent24h,500ms,0,PRIMARY,SELL,-1,1790268793.948,21.0,103.0,1.0194174757281553,55.9999942779541,54.9999475479126,1.0181826851592963,-0.11499999999978172,-1.4600000000000364,0.11499999999978172,1.4600000000000364,0.16083916083882283,0.3258928571424339,-0.2,-0.24752475247524752,0.2,0.24752475247524752,-0.04752475247524751,0.1,0.7,0.8750000000028422,-0.2187499999964473,0.5312500000007105,0.9596541786745117
recent24h,500ms,0,PRIMARY,SELL,-1,1790270166.463,37.0,141.0,1.3120567375886525,50.499916076660156,52.99985408782959,0.9528312284213722,0.10999999999967258,-1.9350000000004002,-0.10999999999967258,1.9350000000004002,0.050691244239457506,0.2595573440644109,0.08571428571428572,-0.014492753623188406,-0.08571428571428572,0.014492753623188406,-0.10020703933747412,0.16666666666666666,0.6111111111111112,0.8571428571428571,-1.2142857142873384,1.5714285714285714,0.8193018480497813
recent24h,500ms,0,PRIMARY,SELL,-1,1790271201.909,22.0,97.0,1.1340206185567012,55.00006675720215,55.9999942779541,0.9821441495906438,0.2649999999994179,-1.2000000000007276,-0.2649999999994179,1.2000000000007276,0.28042328042275083,0.27842227378163426,0.3684210526315789,0.0,-0.3684210526315789,-0.0,-0.3684210526315789,-0.047619047619047616,0.7619047619047619,0.707317073170894,-0.4634146341455299,0.8536585365865561,0.6569579288033587
recent24h,500ms,0,PRIMARY,SELL,-1,1790271720.309,14.0,77.0,0.9090909090909091,53.999900817871094,61.00010871887207,0.8852426979554666,-0.36999999999989086,-0.6449999999995271,0.36999999999989086,0.6449999999995271,0.804347826083475,0.25244618395326873,-0.5384615384615384,-0.0684931506849315,0.5384615384615384,0.0684931506849315,0.46996838777660693,-0.15384615384615385,0.6923076923076923,0.8484848484870199,-0.12121212120928165,0.39393939393705546,1.0
recent24h,500ms,0,PRIMARY,SELL,-1,1790272615.978,16.0,79.0,1.0126582278481011,62.000274658203125,58.500051498413086,1.0598328218546096,-0.36999999999989086,-0.5349999999998545,0.36999999999989086,0.5349999999998545,0.52112676056587,0.15484804630998333,-0.2,-0.05128205128205128,0.2,0.05128205128205128,0.14871794871794874,0.3333333333333333,0.6666666666666666,0.7666666666647466,-0.26666666666626243,0.6000000000006064,0.9415204678370784
recent24h,500ms,0,PRIMARY,BUY,1,1790275454.679,14.0,84.0,0.8333333333333333,53.999900817871094,55.00006675720215,0.9818151868115672,0.13999999999941792,0.930000000000291,0.13999999999941792,0.930000000000291,0.23333333333222173,0.29153605015728323,0.3333333333333333,0.1951219512195122,0.3333333333333333,0.1951219512195122,0.1382113821138211,0.07692307692307693,0.9230769230769231,1.1228070175416203,0.14035087719270253,0.28070175438540507,0.8507462686554197
recent24h,500ms,0,SECONDARY,SELL,-1,1790193767.4940002,33.0,158.0,1.0443037974683544,54.49986457824707,52.99997329711914,1.0282998497512348,-2.2849999999998545,-2.8749999999990905,2.2849999999998545,2.8749999999990905,0.5705368289633547,0.24902555218691555,-0.4375,-0.1870967741935484,0.4375,0.1870967741935484,0.2504032258064516,0.03125,0.90625,0.6111111111123743,-0.19444444444381284,1.0,0.9642004773266261
recent24h,500ms,0,SECONDARY,SELL,-1,1790194322.379,24.0,112.0,1.0714285714285714,55.9999942779541,53.999900817871094,1.0370388358087703,-1.175000000000182,-1.7600000000002183,1.175000000000182,1.7600000000002183,0.6368563685649521,0.3801295896335396,-0.391304347826087,-0.24770642201834864,0.391304347826087,0.24770642201834864,0.14359792580773834,0.08695652173913043,0.6521739130434783,0.9642857142849023,0.03571428571184957,0.4642857142865263,1.0
recent24h,500ms,0,SECONDARY,BUY,1,1790196065.932,33.0,156.0,1.0576923076923077,52.500009536743164,52.99997329711914,0.9905667167495884,1.0,1.6599999999998545,1.0,1.6599999999998545,0.6535947712423273,0.20672478206716602,0.5483870967741935,-0.0718954248366013,0.5483870967741935,-0.0718954248366013,0.6202825216107948,-0.1875,0.75,0.264705882353964,-0.5882352941184338,1.470588235297422,1.0
recent24h,500ms,0,SECONDARY,SELL,-1,1790230026.458,16.0,56.0,1.4285714285714286,55.00006675720215,99.99990463256836,0.5500011920940324,-0.6999999999998181,-0.9600000000000364,0.6999999999998181,0.9600000000000364,0.4575163398703262,0.23762376237656974,-0.3333333333333333,-0.09090909090909091,0.3333333333333333,0.09090909090909091,0.2424242424242424,-0.6,0.26666666666666666,0.7123287671234242,-0.4931506849319847,1.0410958904080916,1.0
recent24h,500ms,0,SECONDARY,SELL,-1,1790256590.481,21.0,54.0,1.9444444444444444,51.49996280670166,56.999921798706055,0.9035093589877653,-1.769999999999527,-2.6049999999995634,1.769999999999527,2.6049999999995634,0.7662337662340322,0.7107776261941415,-0.3,-0.3584905660377358,0.3,0.3584905660377358,-0.058490566037735836,0.05,0.55,0.684210526313774,-0.2631578947401173,1.2368421052634728,1.0
recent24h,500ms,0,SECONDARY,BUY,1,1790270870.484,27.0,141.0,0.9574468085106383,54.99982833862305,52.00004577636719,1.0576880754135642,1.2650000000003274,2.300000000000182,1.2650000000003274,2.300000000000182,0.6893732970042563,0.3417533432395998,0.23076923076923078,0.09352517985611511,0.23076923076923078,0.09352517985611511,0.13724405091311567,0.11538461538461539,0.6538461538461539,0.9333333333349502,-0.23333333332919007,1.0666666666650497,1.0
recent24h,500ms,0,MICRO,SELL,-1,1790193767.4940002,33.0,158.0,1.0443037974683544,54.49986457824707,52.99997329711914,1.0282998497512348,-2.2849999999998545,-2.8749999999990905,2.2849999999998545,2.8749999999990905,0.5705368289633547,0.24902555218691555,-0.4375,-0.1870967741935484,0.4375,0.1870967741935484,0.2504032258064516,0.03125,0.90625,0.6111111111123743,-0.19444444444381284,1.0,0.9642004773266261
recent24h,500ms,0,MICRO,SELL,-1,1790194373.968,21.0,123.0,0.8536585365853658,51.49996280670166,52.99985408782959,0.9717000865956658,-0.27000000000043656,-0.930000000000291,0.27000000000043656,0.930000000000291,0.39130434782849394,0.18979591836742044,-0.1,-0.0743801652892562,0.1,0.0743801652892562,0.025619834710743805,-0.3,0.7,1.0,0.06896551723975715,0.3793103448265048,0.9065420560761009
recent24h,500ms,0,MICRO,BUY,1,1790196103.82,27.0,140.0,0.9642857142857143,51.000118255615234,53.00021171569824,0.9622625382930198,0.38000000000010914,1.675000000000182,0.38000000000010914,1.675000000000182,0.4578313253008748,0.3037171350861437,0.15384615384615385,0.0962962962962963,0.15384615384615385,0.0962962962962963,0.05754985754985756,-0.07692307692307693,0.5384615384615384,0.8000000000029104,-0.1599999999962165,1.1999999999970896,1.0
recent24h,500ms,0,MICRO,BUY,1,1790247697.938,24.0,104.0,1.1538461538461537,54.000139236450195,55.00006675720215,0.9818195216895621,0.9600000000000364,2.8950000000004366,0.9600000000000364,2.8950000000004366,0.5853658536577927,0.4356659142208983,0.391304347826087,0.0784313725490196,0.391304347826087,0.0784313725490196,0.31287297527706737,-0.13043478260869565,0.782608695652174,0.7941176470597676,-0.23529411764674413,1.1470588235272088,0.9931153184163746
recent24h,500ms,0,MICRO,BUY,1,1790249523.4659998,33.0,96.0,1.71875,51.999807357788086,53.00021171569824,0.9811245214778294,0.7849999999998545,1.985000000000582,0.7849999999998545,1.985000000000582,0.6061776061732025,0.40141557128367605,0.3548387096774194,0.20430107526881722,0.3548387096774194,0.20430107526881722,0.15053763440860216,-0.1875,0.5625,0.75,-0.8611111111083041,0.9166666666649824,0.9809976247026693
recent24h,500ms,0,MICRO,BUY,1,1790259382.96,33.0,161.0,1.0248447204968942,52.99973487854004,52.99973487854004,1.0,0.6199999999998909,2.360000000000582,0.6199999999998909,2.360000000000582,0.3444444444440009,0.24081632653051072,0.0967741935483871,0.018867924528301886,0.0967741935483871,0.018867924528301886,0.07790626902008521,0.1875,0.75,0.7250000000005684,-0.1,0.8750000000017053,0.9831932773113226
recent24h,500ms,0,MICRO,BUY,1,1790265166.938,31.0,93.0,1.6666666666666665,53.00009250640869,53.00021171569824,0.9999977507771065,0.43000000000029104,2.3350000000000364,0.43000000000029104,2.3350000000000364,0.32330827067692824,0.4057341442220292,0.2,0.34065934065934067,0.2,0.34065934065934067,-0.14065934065934066,-0.5,0.36666666666666664,0.8787878787879623,0.18181818181943457,0.5757575757592461,0.9257731958761741
recent24h,500ms,0,MICRO,SELL,-1,1790271091.9740002,27.0,92.0,1.4673913043478262,52.49977111816406,54.000139236450195,0.9722154768580045,-0.5,-1.3299999999999272,0.5,1.3299999999999272,0.3030303030307039,0.29820627802670463,-0.23076923076923078,-0.16483516483516483,0.23076923076923078,0.16483516483516483,0.06593406593406595,0.0,0.8461538461538461,0.8484848484842639,0.0,0.42424242424350994,0.8732394366207197
recent24h,500ms,0,BURST,SELL,-1,1790195523.451,27.0,88.0,1.534090909090909,56.999921798706055,59.00001525878906,0.966100119613358,-0.7650000000003274,-2.2200000000002547,0.7650000000003274,2.2200000000002547,0.6860986547072692,0.5842105263158285,-0.6153846153846154,-0.4482758620689655,0.6153846153846154,0.4482758620689655,0.1671087533156499,0.07692307692307693,0.6923076923076923,0.9642857142850182,-0.2499999999983759,0.857142857140073,0.9559471365637249
recent24h,500ms,0,BURST,BUY,1,1790251280.4329998,29.0,112.0,1.2946428571428572,52.500009536743164,52.99997329711914,0.9905667167495884,0.7950000000000728,2.3400000000001455,0.7950000000000728,2.3400000000001455,0.7681159420291638,0.5053995680344775,0.48148148148148145,0.30275229357798167,0.48148148148148145,0.30275229357798167,0.1787291879034998,-0.39285714285714285,0.4642857142857143,0.7878787878796231,0.09090909091109531,0.7878787878796231,0.96590909090904
recent24h,500ms,0,BURST,BUY,1,1790256394.957,36.0,98.0,1.8367346938775508,51.999807357788086,52.00004577636719,0.9999954150313611,0.21500000000014552,2.305000000000291,0.21500000000014552,2.305000000000291,0.13650793650749288,0.5005428881643578,0.08571428571428572,0.23711340206185566,0.08571428571428572,0.23711340206185566,-0.15139911634756995,0.4857142857142857,0.4,0.900000000003638,0.23333333333596076,0.8666666666694962,0.9664570230600675
recent24h,500ms,0,BURST,BUY,1,1790265168.984,25.0,102.0,1.2254901960784315,55.500030517578125,53.00021171569824,1.0471662040764915,0.10500000000047294,2.324999999999818,0.10500000000047294,2.324999999999818,0.08502024291551047,0.3629976580796113,0.4166666666666667,0.36633663366336633,0.4166666666666667,0.36633663366336633,0.050330033003300356,-0.4166666666666667,0.4166666666666667,0.5625000000014211,-0.031249999997868372,0.875,0.9829424307040233
recent24h,500ms,0,BURST,SELL,-1,1790271044.474,27.0,135.0,1.0,54.49998378753662,52.99985408782959,1.0283044118804754,-1.1199999999998909,-0.694999999999709,1.1199999999998909,0.694999999999709,0.7777777777759531,0.12601994560277857,-0.6923076923076923,-0.2537313432835821,0.6923076923076923,0.2537313432835821,0.4385763490241102,0.038461538461538464,0.6538461538461539,0.9655172413785533,-0.06896551723975715,0.4482758620725343,0.9824561403504853
recent24h,1s,0,PRIMARY,BUY,1,1790192053.982,26.0,67.0,1.9402985074626866,54.000139236450195,58.500051498413086,0.9230784905875689,0.20499999999992724,0.7150000000001455,0.20499999999992724,0.7150000000001455,0.31782945736401313,0.33178654292424076,0.0,-0.015873015873015872,0.0,-0.015873015873015872,0.015873015873015872,0.2,0.56,1.0384615384659783,-0.038461538462480245,0.5769230769232114,0.9534883720920395
recent24h,1s,0,PRIMARY,SELL,-1,1790193767.9910002,38.0,160.0,1.1875,52.99973487854004,52.99973487854004,1.0,-2.5999999999994543,-3.4249999999992724,2.5999999999994543,3.4249999999992724,0.6842105263152856,0.3035002215327522,-0.5,-0.23076923076923078,0.5,0.23076923076923078,0.2692307692307692,0.13513513513513514,0.7567567567567568,0.45714285714456476,-0.45714285713936764,1.199999999996362,0.9908987485777317
recent24h,1s,0,PRIMARY,SELL,-1,1790194365.969,22.0,102.0,1.0784313725490198,54.99982833862305,54.000139236450195,1.0185127134171916,-0.7299999999995634,-1.6649999999990541,0.7299999999995634,1.6649999999990541,0.6083333333326006,0.39501779359389755,-0.42857142857142855,-0.25252525252525254,0.42857142857142855,0.25252525252525254,0.176046176046176,0.0,0.7142857142857143,0.7666666666670708,-0.13333333333353545,0.5666666666713152,0.8963730569944572
recent24h,1s,0,PRIMARY,SELL,-1,1790196024.809,13.0,84.0,0.7738095238095237,90.99996089935303,55.9999942779541,1.6249994678156172,0.02999999999974534,-0.7049999999999272,-0.02999999999974534,0.7049999999999272,0.0833333333331228,0.22560000000023936,0.09090909090909091,-0.06172839506172839,-0.09090909090909091,0.06172839506172839,-0.1526374859708193,0.08333333333333333,0.5833333333333334,0.7307692307683562,-0.2307692307709798,1.1538461538514009,0.8993710691846636
recent24h,1s,0,PRIMARY,BUY,1,1790196504.922,14.0,77.0,0.9090909090909091,105.99994659423828,55.00006675720215,1.9272694170022584,0.04500000000007276,-0.2900000000008731,0.04500000000007276,-0.2900000000008731,0.17647058823613332,0.12946428571447785,0.3333333333333333,-0.07042253521126761,0.3333333333333333,-0.07042253521126761,0.40375586854460094,0.07692307692307693,0.7692307692307693,0.7142857142857143,-0.10714285714204509,0.5357142857134737,-0.48717948717924797
recent24h,1s,0,PRIMARY,SELL,-1,1790203082.952,16.0,56.0,1.4285714285714286,57.99984931945801,57.99984931945801,1.0,-0.5300000000006548,-1.4099999999998545,0.5300000000006548,1.4099999999998545,0.9137931034495195,0.6497695852544567,-0.7333333333333333,-0.48148148148148145,0.7333333333333333,0.48148148148148145,0.2518518518518518,0.0,0.4666666666666667,1.041666666667614,0.16666666666666666,0.5833333333352281,1.0
recent24h,1s,0,PRIMARY,BUY,1,1790227939.976,13.0,50.0,1.3,97.9999303817749,99.99990463256836,0.9800002384188065,0.16500000000087311,0.9200000000000728,0.16500000000087311,0.9200000000000728,0.3084112149549869,0.26436781609159354,0.16666666666666666,-0.02040816326530612,0.16666666666666666,-0.02040816326530612,0.18707482993197277,0.5,0.5,0.547169811320949,-0.3207547169814235,0.641509433962847,1.0
recent24h,1s,0,PRIMARY,SELL,-1,1790243248.941,17.0,54.0,1.574074074074074,56.999921798706055,99.00021553039551,0.5757555323827116,0.125,0.09000000000014552,-0.125,-0.09000000000014552,0.2688172042999396,0.04945054945058789,-0.25,-0.13725490196078433,0.25,0.13725490196078433,0.11274509803921567,0.0,0.5,0.7999999999994802,-0.25714285714333973,0.5714285714307987,-0.6603773584892709
recent24h,1s,0,PRIMARY,BUY,1,1790244962.708,24.0,73.0,1.6438356164383563,54.000139236450195,68.49992275238037,0.7883240895271475,0.1999999999998181,1.6400000000003274,0.1999999999998181,1.6400000000003274,0.21739130434782608,0.4954682779451138,0.30434782608695654,0.3055555555555556,0.30434782608695654,0.3055555555555556,-0.0012077294685990392,-0.34782608695652173,0.6521739130434783,0.8484848484870199,-0.06060606060464083,0.5454545454527916,0.8347107438010979
recent24h,1s,0,PRIMARY,BUY,1,1790245996.197,10.0,54.0,0.9259259259259258,101.00007057189941,102.99968719482422,0.9805861874207198,0.32000000000061846,0.31999999999970896,0.32000000000061846,0.31999999999970896,0.9142857142889068,0.12648221343895116,0.75,0.3333333333333333,0.75,0.3333333333333333,0.4166666666666667,0.2222222222222222,0.7777777777777778,0.7671232876725299,-0.10958904109571974,0.8493150684912051,1.0
recent24h,1s,0,PRIMARY,SELL,-1,1790248961.94,17.0,103.0,0.8252427184466019,52.99985408782959,55.00006675720215,0.9636325410621318,0.5100000000002183,-0.9549999999999272,-0.5100000000002183,0.9549999999999272,0.6455696202527273,0.20168954593448993,0.0,-0.17647058823529413,-0.0,0.17647058823529413,-0.17647058823529413,0.1875,0.6875,0.9090909090889047,-0.12121212121479374,0.7575757575786807,0.25391849529760546
recent24h,1s,0,PRIMARY,SELL,-1,1790253504.969,10.0,69.0,0.7246376811594203,55.00006675720215,58.99989604949951,0.9322061637372784,0.17000000000007276,0.0,-0.17000000000007276,-0.0,0.8500000000050022,0.0,0.7777777777777778,0.17647058823529413,-0.7777777777777778,-0.17647058823529413,-0.6013071895424836,-0.3333333333333333,0.2222222222222222,0.8437500000021316,-0.125,0.46874999999928946,0.3333333333356432
recent24h,1s,0,PRIMARY,BUY,1,1790257759.983,29.0,177.0,0.8192090395480226,52.99997329711914,50.50003528594971,1.0495036884036588,-0.05499999999847205,3.5200000000004366,-0.05499999999847205,3.5200000000004366,0.03859649122696837,0.16326530612244552,-0.25925925925925924,-0.1695906432748538,-0.25925925925925924,-0.1695906432748538,-0.08966861598440545,0.03571428571428571,0.6071428571428571,0.4444444444442199,-0.5555555555557801,1.4000000000008084,0.48523206751080106
recent24h,1s,0,PRIMARY,BUY,1,1790259744.944,26.0,96.0,1.3541666666666667,52.99973487854004,55.9999942779541,0.9464239338218077,0.4399999999995998,1.9049999999997453,0.4399999999995998,1.9049999999997453,0.43564356435790674,0.4466588511134318,0.2,0.24210526315789474,0.2,0.24210526315789474,-0.04210526315789473,-0.4,0.52,0.8000000000031182,0.22857142857417562,0.9142857142837096,0.9689922480622706
recent24h,1s,0,PRIMARY,BUY,1,1790262741.964,9.0,60.0,0.75,88.99986743927002,53.999900817871094,1.6481487204846088,0.22000000000025466,0.49499999999989086,0.22000000000025466,0.49499999999989086,0.4489795918382878,0.20930232558128803,0.5,0.15254237288135594,0.5,0.15254237288135594,0.34745762711864403,0.5,0.5,0.8181818181833215,0.0,0.5151515151518492,1.0
recent24h,1s,0,PRIMARY,SELL,-1,1790267631.868,34.0,123.0,1.3821138211382114,52.00028419494629,53.999900817871094,0.9629699945251929,-0.4150000000008731,-0.6000000000003638,0.4150000000008731,0.6000000000003638,0.21119592875302284,0.10563380281672324,-0.0625,0.024793388429752067,0.0625,-0.024793388429752067,0.08729338842975207,-0.030303030303030304,0.8484848484848485,1.0,0.17241379310409713,0.5172413793122914,0.9111111111131771
recent24h,1s,0,PRIMARY,SELL,-1,1790268611.999,31.0,118.0,1.3135593220338981,48.5001802444458,53.00021171569824,0.9150940849936346,-0.8550000000004729,-1.199999999999818,0.8550000000004729,1.199999999999818,0.3232514177689459,0.17191977077328766,0.034482758620689655,-0.05172413793103448,-0.034482758620689655,0.05172413793103448,-0.08620689655172414,0.0,0.8,0.9354838709664169,-0.16129032258102372,0.645161290321161,0.5582822085885188
recent24h,1s,0,PRIMARY,SELL,-1,1790270166.959,35.0,145.0,1.206896551724138,51.49996280670166,52.00016498565674,0.9903807578477289,0.010000000000218279,-1.7150000000001455,-0.010000000000218279,1.7150000000001455,0.004975124378213006,0.22912491649966762,0.21212121212121213,-0.014084507042253521,-0.21212121212121213,0.014084507042253521,-0.22620571916346566,0.20588235294117646,0.7352941176470589,0.8214285714310076,0.2857142857142857,1.607142857140421,0.659137577002759
recent24h,1s,0,PRIMARY,SELL,-1,1790271201.909,22.0,97.0,1.1340206185567012,55.00006675720215,55.9999942779541,0.9821441495906438,0.2649999999994179,-1.2000000000007276,-0.2649999999994179,1.2000000000007276,0.28042328042275083,0.27842227378163426,0.3684210526315789,0.0,-0.3684210526315789,-0.0,-0.3684210526315789,-0.047619047619047616,0.7619047619047619,0.707317073170894,-0.4634146341455299,0.8536585365865561,0.6569579288033587
recent24h,1s,0,PRIMARY,SELL,-1,1790271720.915,15.0,75.0,1.0,52.99985408782959,60.00018119812012,0.8833282338402362,-0.39499999999861757,-0.6849999999994907,0.39499999999861757,0.6849999999994907,0.7523809523762337,0.2670565302145521,-0.5714285714285714,-0.08333333333333333,0.5714285714285714,0.08333333333333333,0.4880952380952381,-0.14285714285714285,0.7142857142857143,0.8181818181805655,-0.09090909091109531,0.42424242424350994,0.9318181818166316
recent24h,1s,0,PRIMARY,SELL,-1,1790272615.978,16.0,79.0,1.0126582278481011,62.000274658203125,58.500051498413086,1.0598328218546096,-0.36999999999989086,-0.5349999999998545,0.36999999999989086,0.5349999999998545,0.52112676056587,0.15484804630998333,-0.2,-0.05128205128205128,0.2,0.05128205128205128,0.14871794871794874,0.3333333333333333,0.6666666666666666,0.7666666666647466,-0.26666666666626243,0.6000000000006064,0.9415204678370784
recent24h,1s,0,PRIMARY,BUY,1,1790275457.985,27.0,95.0,1.4210526315789473,52.00004577636719,53.999900817871094,0.9629655793582114,0.4349999999994907,1.1900000000005093,0.4349999999994907,1.1900000000005093,0.45549738219845426,0.31564986737456074,0.38461538461538464,0.26881720430107525,0.38461538461538464,0.26881720430107525,0.11579818031430938,-0.038461538461538464,0.8076923076923077,0.9655172413785533,-0.10344827586434,0.41379310344795145,0.9365079365065616
recent24h,1s,0,SECONDARY,SELL,-1,1790193767.9910002,38.0,160.0,1.1875,52.99973487854004,52.99973487854004,1.0,-2.5999999999994543,-3.4249999999992724,2.5999999999994543,3.4249999999992724,0.6842105263152856,0.3035002215327522,-0.5,-0.23076923076923078,0.5,0.23076923076923078,0.2692307692307692,0.13513513513513514,0.7567567567567568,0.45714285714456476,-0.45714285713936764,1.199999999996362,0.9908987485777317
recent24h,1s,0,SECONDARY,BUY,1,1790196065.932,33.0,156.0,1.0576923076923077,52.500009536743164,52.99997329711914,0.9905667167495884,1.0,1.6599999999998545,1.0,1.6599999999998545,0.6535947712423273,0.20672478206716602,0.5483870967741935,-0.0718954248366013,0.5483870967741935,-0.0718954248366013,0.6202825216107948,-0.1875,0.75,0.264705882353964,-0.5882352941184338,1.470588235297422,1.0
recent24h,1s,0,SECONDARY,SELL,-1,1790230026.655,17.0,56.0,1.517857142857143,55.500030517578125,99.99990463256836,0.5550008344658227,-0.8749999999990905,-0.8699999999998909,0.8749999999990905,0.8699999999998909,0.6410256410263586,0.2208121827414173,-0.375,-0.09090909090909091,0.375,0.09090909090909091,0.28409090909090906,-0.4375,0.1875,0.6849315068488713,-0.3013698630126064,1.0684931506826445,0.9792746113984949
recent24h,1s,0,SECONDARY,BUY,1,1790251279.973,29.0,106.0,1.3679245283018868,53.50005626678467,53.99966239929199,0.9907479767407976,0.8049999999993815,2.339999999999236,0.8049999999993815,2.339999999999236,0.7853658536561213,0.516556291390174,0.4074074074074074,0.32038834951456313,0.4074074074074074,0.32038834951456313,0.08701905789284425,-0.35714285714285715,0.5,0.8235294117662794,-0.2647058823505809,0.7058823529402324,0.9886363636361171
recent24h,1s,0,SECONDARY,SELL,-1,1790256642.971,28.0,96.0,1.4583333333333335,50.00019073486328,53.999900817871094,0.9259311587164226,-0.8599999999996726,-1.5349999999998545,0.8599999999996726,1.5349999999998545,0.459893048128194,0.3091641490437178,-0.1111111111111111,0.02127659574468085,0.1111111111111111,-0.02127659574468085,0.13238770685579196,0.37037037037037035,0.48148148148148145,0.7714285714274206,-0.22857142857387863,0.9714285714292397,0.7593123209159317
recent24h,1s,0,SECONDARY,BUY,1,1790264485.926,22.0,89.0,1.2359550561797752,55.00006675720215,53.50017547607422,1.0280352590955275,0.9099999999998545,0.6499999999996362,0.9099999999998545,0.6499999999996362,0.7777777777763958,0.15366430260053482,0.42857142857142855,0.11363636363636363,0.42857142857142855,0.11363636363636363,0.3149350649350649,-0.14285714285714285,0.5714285714285714,0.8181818181805655,-0.12121212121479374,0.5454545454583037,0.9846743295015845
recent24h,1s,0,SECONDARY,BUY,1,1790267949.875,29.0,126.0,1.150793650793651,52.500009536743164,52.99997329711914,0.9905667167495884,1.4200000000000728,2.7399999999997817,1.4200000000000728,2.7399999999997817,0.577235772357958,0.3521850899747294,0.14285714285714285,0.12,0.14285714285714285,0.12,0.022857142857142854,-0.07142857142857142,0.7857142857142857,0.6470588235298839,-0.5882352941168603,0.8529411764701161,0.9063962558504588
recent24h,1s,0,SECONDARY,SELL,-1,1790269786.987,26.0,112.0,1.1607142857142858,50.00019073486328,53.00021171569824,0.9433960566624231,-0.9800000000004729,-1.0450000000000728,0.9800000000004729,1.0450000000000728,0.5730994152043332,0.17089125102194236,-0.52,-0.13513513513513514,0.52,0.13513513513513514,0.3848648648648649,-0.16,0.76,0.9473684210531355,-0.21052631578745817,0.7719298245582683,0.8975903614457303
recent24h,1s,0,SECONDARY,SELL,-1,1790272621.992,22.0,98.0,1.1224489795918366,51.999807357788086,53.999900817871094,0.9629611641912297,-0.48000000000047294,-1.125,0.48000000000047294,1.125,0.4571428571424364,0.2866242038221077,-0.3333333333333333,-0.125,0.3333333333333333,0.125,0.20833333333333331,0.0,0.5238095238095238,0.6896551724163885,-0.27586206896216475,0.7931034482744562,1.0
recent24h,1s,0,MICRO,SELL,-1,1790193767.9910002,38.0,160.0,1.1875,52.99973487854004,52.99973487854004,1.0,-2.5999999999994543,-3.4249999999992724,2.5999999999994543,3.4249999999992724,0.6842105263152856,0.3035002215327522,-0.5,-0.23076923076923078,0.5,0.23076923076923078,0.2692307692307692,0.13513513513513514,0.7567567567567568,0.45714285714456476,-0.45714285713936764,1.199999999996362,0.9908987485777317
recent24h,1s,0,MICRO,SELL,-1,1790194373.968,21.0,123.0,0.8536585365853658,51.49996280670166,52.99985408782959,0.9717000865956658,-0.27000000000043656,-0.930000000000291,0.27000000000043656,0.930000000000291,0.39130434782849394,0.18979591836742044,-0.1,-0.0743801652892562,0.1,0.0743801652892562,0.025619834710743805,-0.3,0.7,1.0,0.06896551723975715,0.3793103448265048,0.9065420560761009
recent24h,1s,0,MICRO,BUY,1,1790196103.82,27.0,140.0,0.9642857142857143,51.000118255615234,53.00021171569824,0.9622625382930198,0.38000000000010914,1.675000000000182,0.38000000000010914,1.675000000000182,0.4578313253008748,0.3037171350861437,0.15384615384615385,0.0962962962962963,0.15384615384615385,0.0962962962962963,0.05754985754985756,-0.07692307692307693,0.5384615384615384,0.8000000000029104,-0.1599999999962165,1.1999999999970896,1.0
recent24h,1s,0,MICRO,BUY,1,1790247697.938,24.0,104.0,1.1538461538461537,54.000139236450195,55.00006675720215,0.9818195216895621,0.9600000000000364,2.8950000000004366,0.9600000000000364,2.8950000000004366,0.5853658536577927,0.4356659142208983,0.391304347826087,0.0784313725490196,0.391304347826087,0.0784313725490196,0.31287297527706737,-0.13043478260869565,0.782608695652174,0.7941176470597676,-0.23529411764674413,1.1470588235272088,0.9931153184163746
recent24h,1s,0,MICRO,BUY,1,1790249476.9539998,23.0,118.0,0.9745762711864406,55.499911308288574,52.99997329711914,1.0471686654850696,-0.10499999999956344,1.3650000000006912,-0.10499999999956344,1.3650000000006912,0.12138728323652016,0.2254335260118333,-0.09090909090909091,0.043478260869565216,-0.09090909090909091,0.043478260869565216,-0.13438735177865613,-0.2727272727272727,0.7272727272727273,0.72499999999892,-0.5249999999993747,0.9999999999977263,0.255172413793634
recent24h,1s,0,MICRO,BUY,1,1790259382.96,33.0,161.0,1.0248447204968942,52.99973487854004,52.99973487854004,1.0,0.6199999999998909,2.360000000000582,0.6199999999998909,2.360000000000582,0.3444444444440009,0.24081632653051072,0.0967741935483871,0.018867924528301886,0.0967741935483871,0.018867924528301886,0.07790626902008521,0.1875,0.75,0.7250000000005684,-0.1,0.8750000000017053,0.9831932773113226
recent24h,1s,0,MICRO,BUY,1,1790265166.938,31.0,93.0,1.6666666666666665,53.00009250640869,53.00021171569824,0.9999977507771065,0.43000000000029104,2.3350000000000364,0.43000000000029104,2.3350000000000364,0.32330827067692824,0.4057341442220292,0.2,0.34065934065934067,0.2,0.34065934065934067,-0.14065934065934066,-0.5,0.36666666666666664,0.8787878787879623,0.18181818181943457,0.5757575757592461,0.9257731958761741
recent24h,1s,0,MICRO,SELL,-1,1790271091.9740002,27.0,92.0,1.4673913043478262,52.49977111816406,54.000139236450195,0.9722154768580045,-0.5,-1.3299999999999272,0.5,1.3299999999999272,0.3030303030307039,0.29820627802670463,-0.23076923076923078,-0.16483516483516483,0.23076923076923078,0.16483516483516483,0.06593406593406595,0.0,0.8461538461538461,0.8484848484842639,0.0,0.42424242424350994,0.8732394366207197
recent24h,1s,0,BURST,SELL,-1,1790195523.912,25.0,87.0,1.4367816091954024,61.50031089782715,61.50031089782715,1.0,-0.5050000000001091,-1.9549999999999272,0.5050000000001091,1.9549999999999272,0.5706214689236042,0.5514809590970053,-0.4166666666666667,-0.4418604651162791,0.4166666666666667,0.4418604651162791,-0.025193798449612392,0.20833333333333334,0.625,0.8214285714277594,-0.392857142859579,1.0000000000032483,0.9850374064834647
recent24h,1s,0,BURST,BUY,1,1790251280.929,32.0,112.0,1.4285714285714286,52.99997329711914,52.99997329711914,1.0,0.5950000000002547,2.550000000000182,0.5950000000002547,2.550000000000182,0.6432432432421271,0.5930232558134689,0.4666666666666667,0.3577981651376147,0.4666666666666667,0.3577981651376147,0.10886850152905198,-0.41935483870967744,0.3870967741935484,0.8484848484842639,-0.15151515151573614,0.7272727272749823,0.9657794676805662
recent24h,1s,0,BURST,BUY,1,1790256394.957,36.0,98.0,1.8367346938775508,51.999807357788086,52.00004577636719,0.9999954150313611,0.21500000000014552,2.305000000000291,0.21500000000014552,2.305000000000291,0.13650793650749288,0.5005428881643578,0.08571428571428572,0.23711340206185566,0.08571428571428572,0.23711340206185566,-0.15139911634756995,0.4857142857142857,0.4,0.900000000003638,0.23333333333596076,0.8666666666694962,0.9664570230600675
recent24h,1s,0,BURST,BUY,1,1790265168.984,25.0,102.0,1.2254901960784315,55.500030517578125,53.00021171569824,1.0471662040764915,0.10500000000047294,2.324999999999818,0.10500000000047294,2.324999999999818,0.08502024291551047,0.3629976580796113,0.4166666666666667,0.36633663366336633,0.4166666666666667,0.36633663366336633,0.050330033003300356,-0.4166666666666667,0.4166666666666667,0.5625000000014211,-0.031249999997868372,0.875,0.9829424307040233
recent24h,1s,0,BURST,SELL,-1,1790271044.909,27.0,135.0,1.0,53.49993705749512,52.99973487854004,1.009437824172166,-0.3350000000000364,-0.04500000000007276,0.3350000000000364,0.04500000000007276,0.25283018867896034,0.008219178082199062,-0.3076923076923077,-0.19402985074626866,0.3076923076923077,0.19402985074626866,0.11366245694603905,0.11538461538461539,0.5769230769230769,0.8965517241387961,-0.2413793103438543,0.5172413793122914,0.38596491227974994
