context,entry_ts,exit_ts,side,entry_price,exit_move_usd,mfe_usd,held_sec,pnl_inr,exit_reason
historical:500ms:seg0,1789573098.973,1789573139.992,SELL,4338.83,-2.480000000000473,0.0,41.01900005340576,-9.300000000001774,5
historical:500ms:seg0,1789573370.218,1789573476.241,BUY,4345.16,-0.9799999999995634,0.0,106.02300000190735,-3.6066449999983807,5
historical:500ms:seg0,1789574387.4889998,1789574468.984,BUY,4347.78,-0.4899999999997817,2.2200000000002547,81.49500012397766,-1.790068079624202,5
historical:500ms:seg0,1789575036.962,1789575477.3470001,BUY,4350.66,3.980000000000473,9.489999999999782,440.38500022888184,14.486303114574937,8
historical:500ms:seg0,1789575968.4889998,1789576040.8830001,BUY,4354.16,0.3000000000001819,0.6599999999998545,72.39400029182434,1.1245265775793207,5
historical:500ms:seg0,1789576118.2700002,1789576170.346,BUY,4355.36,-1.1599999999998545,0.0,52.07599973678589,-4.357952814528463,5
historical:500ms:seg0,1789576661.717,1789577221.412,SELL,4346.79,1.3999999999996362,6.210000000000036,559.6949999332428,5.213839719877661,5
historical:500ms:seg0,1789577485.9740002,1789577841.471,SELL,4341.52,2.6900000000005093,6.140000000000327,355.4969997406006,10.123209820975129,5
historical:500ms:seg0,1789578167.976,1789578538.4899998,SELL,4332.92,3.1599999999998545,8.550000000000182,370.51399970054626,12.131869156130286,8
historical:500ms:seg0,1789579132.9699998,1789579445.972,SELL,4333.9,0.339999999999236,2.8099999999994907,313.0020000934601,1.3362639603592081,5
historical:500ms:seg0,1789579763.909,1789579982.446,BUY,4337.78,-1.8099999999994907,0.6599999999998545,218.53700017929077,-7.131780278129288,5
historical:500ms:seg0,1789580324.474,1789580644.446,BUY,4341.9,0.2600000000002183,1.930000000000291,319.9720001220703,1.0105476540464169,5
historical:500ms:seg0,1789580675.481,1789581257.984,BUY,4344.4,4.890000000000327,10.0600000000004,582.5030000209808,19.043131174762767,5
historical:500ms:seg0,1789581542.904,1789581780.9580002,BUY,4354.64,-3.3299999999999272,3.0999999999994543,238.05400013923645,-13.443624044025144,5
historical:500ms:seg0,1789582171.4529998,1789582299.401,BUY,4358.14,-4.020000000000437,0.0,127.94800019264221,-15.823914572005974,1
historical:500ms:seg0,1789583162.332,1789583509.449,SELL,4347.3,0.9700000000002547,4.130000000000109,347.11699986457825,3.703089263988168,5
historical:500ms:seg0,1789584430.457,1789584554.967,BUY,4357.02,-4.190000000000509,3.6099999999996726,124.50999999046326,-16.112188153428306,1
historical:500ms:seg0,1789585914.468,1789585965.476,BUY,4350.94,-2.5,0.0,51.00800013542175,-9.311373890635359,5
historical:500ms:seg0,1789586021.987,1789586314.645,BUY,4350.71,-0.5900000000001455,1.3400000000001455,292.6579999923706,-2.156281408724415,5
historical:500ms:seg0,1789586497.9539998,1789586783.373,SELL,4348.14,0.010000000000218279,1.2899999999999636,285.4190001487732,0.036385421415883676,5
historical:500ms:seg0,1789586787.8300002,1789587086.985,SELL,4347.01,-0.32999999999992724,2.430000000000291,299.1549997329712,-1.2008089606156918,5
historical:500ms:seg0,1789588197.4540002,1789588502.597,SELL,4346.2,0.23999999999978172,2.2399999999997817,305.14299964904785,0.8711541515907951,5
historical:500ms:seg0,1789588674.757,1789588824.315,BUY,4346.71,-0.7700000000004366,0.6199999999998909,149.55800008773804,-2.799983818250034,5
historical:500ms:seg0,1789588844.487,1789589146.966,SELL,4345.66,0.02999999999974534,2.2899999999999636,302.47900009155273,0.1084602822730294,5
historical:500ms:seg0,1789590113.465,1789590294.3409998,SELL,4343.02,-1.7399999999997817,0.410000000000764,180.87599992752075,-6.292111778571979,5
historical:500ms:seg0,1789590604.43,1789590698.9740002,BUY,4347.41,-1.2600000000002183,0.8100000000004002,94.5440001487732,-4.496896348866658,5
historical:500ms:seg0,1789590815.3500001,1789590971.9539998,BUY,4350.08,-2.9399999999996,0.0,156.60399961471558,-10.393601582859795,5
historical:500ms:seg0,1789591658.9910002,1789591713.978,SELL,4342.77,-2.0999999999994543,0.0,54.98699975013733,-7.260301905683219,5
historical:500ms:seg0,1789592032.9169998,1789592395.957,BUY,4348.52,15.6899999999996,15.6899999999996,363.0400002002716,53.390471068580375,2
historical:500ms:seg0,1789592535.972,1789592539.9299998,SELL,4314.43,-4.130000000000109,0.0,3.9579999446868896,-15.707475737668531,1
historical:500ms:seg0,1789593091.48,1789593192.457,SELL,4321.05,12.039999999999964,12.039999999999964,100.97699999809265,44.372900142225966,2
historical:500ms:seg0,1789593201.911,1789593225.994,SELL,4309.24,-4.100000000000364,0.0,24.08299994468689,-16.474839651395424,1
historical:500ms:seg0,1789593369.9740002,1789593386.4889998,SELL,4308.35,-4.039999999999964,0.0,16.514999628067017,-15.734556795545897,1
historical:500ms:seg0,1789593939.956,1789594075.3539999,SELL,4313.98,-2.1400000000003274,0.9199999999991633,135.39799976348877,-8.082101834340776,5
historical:500ms:seg0,1789594266.474,1789594311.964,SELL,4308.22,-1.0399999999999636,4.3100000000004,45.49000000953674,-3.8647100298570165,8
historical:500ms:seg0,1789594339.9910002,1789594398.9889998,SELL,4301.06,12.8100000000004,12.8100000000004,58.99799966812134,47.23152056318115,2
historical:500ms:seg0,1789594516.449,1789594615.471,SELL,4280.52,12.1200000000008,12.1200000000008,99.0220000743866,48.980779194663825,2
historical:500ms:seg0,1789595334.9580002,1789595475.4899998,SELL,4295.12,12.579999999999927,12.579999999999927,140.5319995880127,55.46112218276127,2
historical:500ms:seg0,1789595527.4910002,1789595615.452,SELL,4282.15,12.009999999999309,12.009999999999309,87.96099972724915,57.94383843553471,2
historical:500ms:seg0,1789595684.458,1789595739.4529998,SELL,4266.68,-4.199999999999818,1.980000000000473,54.99499988555908,-22.088688148791636,1
historical:500ms:seg0,1789596225.96,1789596261.405,BUY,4285.08,-4.039999999999964,1.8299999999999272,35.4449999332428,-20.577927063644303,1
historical:500ms:seg0,1789596654.4499998,1789596668.473,SELL,4235.57,-4.329999999999927,0.0,14.023000240325928,-21.38678731008815,1
historical:500ms:seg0,1789596797.4889998,1789596807.952,SELL,4238.28,-4.430000000000291,0.0,10.463000059127808,-21.17013248670272,1
historical:500ms:seg0,1789598469.9750001,1789598705.334,BUY,4266.34,-1.199999999999818,4.5900000000001455,235.35899996757507,-5.544041941714002,8
historical:500ms:seg0,1789598738.4780002,1789598788.481,BUY,4269.14,-0.17000000000007276,1.949999999999818,50.002999782562256,-0.7783372882675836,5
historical:500ms:seg0,1789599004.99,1789599231.911,BUY,4273.08,-4.100000000000364,3.3599999999996726,226.9210000038147,-18.74773013953877,1
historical:500ms:seg0,1789599541.921,1789599574.456,BUY,4272.1,-0.7700000000004366,0.0999999999994543,32.53500008583069,-3.4126470309933117,5
historical:500ms:seg0,1789616033.966,1789616095.905,BUY,4289.16,-4.130000000000109,0.0,61.93899989128113,-18.198490969896483,1
historical:500ms:seg0,1789616167.473,1789616186.47,BUY,4287.98,-3.2399999999997817,0.0,18.996999979019165,-13.834558931528173,5
historical:500ms:seg0,1789618083.499,1789618106.485,BUY,4310.46,-4.1899999999996,0.0,22.985999822616577,-17.45623723344758,1
historical:500ms:seg0,1789618688.362,1789619293.9180002,BUY,4304.04,4.369999999999891,8.449999999999818,605.5560002326965,17.63401901087217,8
historical:500ms:seg0,1789621362.4889998,1789621391.893,SELL,4298.33,-2.1099999999996726,0.0,29.40400004386902,-8.793424509413468,5
historical:500ms:seg0,1789621747.74,1789622048.967,SELL,4287.01,0.48000000000047294,5.520000000000437,301.22699999809265,1.9687435601657386,8
historical:500ms:seg0,1789622945.476,1789622968.96,SELL,4290.1,-1.2399999999997817,0.06000000000040018,23.483999967575073,-5.104230178865122,5
historical:500ms:seg0,1789623052.311,1789623546.337,SELL,4289.56,3.0900000000001455,5.8100000000004,494.0259997844696,12.601121766166688,5
historical:500ms:seg0,1789623778.267,1789623955.8049998,BUY,4288.07,-4.109999999999673,2.6700000000000728,177.53799986839294,-17.14914493732184,1
historical:500ms:seg0,1789624060.988,1789624644.96,SELL,4283.08,3.5799999999999272,8.710000000000036,583.9720001220703,14.47724348169711,5
historical:500ms:seg0,1789626494.655,1789626574.961,BUY,4286.89,-1.6500000000005457,0.0,80.30599999427795,-6.851628442501876,5
historical:500ms:seg0,1789626646.492,1789626954.4950001,BUY,4289.47,0.8099999999994907,2.8499999999994543,308.00300002098083,3.321903047164066,5
historical:500ms:seg0,1789627030.9689999,1789627052.189,BUY,4292.7,-1.5599999999994907,0.0,21.22000002861023,-6.436605467599349,5
historical:500ms:seg0,1789627340.48,1789627643.227,BUY,4295.17,-0.06999999999970896,1.430000000000291,302.74699997901917,-0.2854428223412092,5
historical:500ms:seg0,1789628056.496,1789628154.007,BUY,4296.64,-0.9900000000006912,0.08999999999923602,97.51099991798401,-4.0348576458893906,5
historical:500ms:seg0,1789635303.94,1789636432.893,BUY,4304.06,5.6899999999996,8.1299999999992,1128.952999830246,23.018054879348544,5
historical:500ms:seg0,1789636476.993,1789636511.4380002,BUY,4311.21,-1.050000000000182,1.1400000000003274,34.44500017166138,-4.428887151124261,5
historical:500ms:seg0,1789636943.456,1789636996.982,BUY,4308.19,-1.9600000000000364,0.4000000000005457,53.526000022888184,-8.202151374309148,5
historical:500ms:seg0,1789637375.979,1789637702.4750001,BUY,4311.29,0.680000000000291,3.8299999999999272,326.4960000514984,2.803813382344324,5
historical:500ms:seg0,1789637867.449,1789638168.2649999,SELL,4308.34,-0.3599999999996726,2.350000000000364,300.8159999847412,-1.4919420867832147,5
historical:500ms:seg0,1789638346.3049998,1789638439.7859998,BUY,4310.26,-2.4400000000005093,0.0,93.48099994659424,-10.084749381353847,5
historical:500ms:seg0,1789638546.977,1789638601.9539998,BUY,4310.3,-0.5700000000006185,1.5999999999994543,54.97699975967407,-2.312751281385129,5
historical:500ms:seg0,1789639021.2150002,1789639111.876,BUY,4311.51,-1.7600000000002183,0.0,90.66099977493286,-7.110598446653985,5
historical:500ms:seg0,1789639415.924,1789640125.943,BUY,4313.3,12.13000000000011,12.13000000000011,710.0190000534058,48.35968100966957,2
historical:500ms:seg0,1789640146.371,1789640401.497,BUY,4327.39,-4.039999999999964,1.9600000000000364,255.12599992752075,-17.571902726931107,1
historical:500ms:seg0,1789640815.605,1789641333.452,BUY,4326.52,4.089999999999236,8.1899999999996,517.8469998836517,17.250358654429576,5
historical:500ms:seg0,1789641603.44,1789641704.98,BUY,4335.3,-3.5399999999999636,0.0,101.53999996185303,-15.388625295304797,5
historical:500ms:seg0,1789642080.941,1789642215.7580001,BUY,4335.6,-3.7000000000007276,0.0,134.81700015068054,-15.657122030156774,5
historical:500ms:seg0,1789642614.427,1789642782.817,SELL,4324.35,-3.7899999999999636,0.28000000000065484,168.3899998664856,-15.592917250693317,5
historical:500ms:seg0,1789643354.458,1789643414.483,SELL,4326.23,-0.5200000000004366,0.0,60.02500009536743,-2.0785852402334353,5
historical:500ms:seg0,1789643437.879,1789643836.987,SELL,4325.88,3.75,7.789999999999964,399.1080000400543,14.931337195635432,5
historical:500ms:seg0,1789643932.887,1789644319.472,SELL,4317.71,0.8400000000001455,2.9099999999998545,386.5849997997284,3.4386869561554363,5
historical:500ms:seg0,1789644644.402,1789644835.388,SELL,4314.65,-0.8299999999999272,2.2100000000000364,190.98600006103516,-3.419156032978575,5
historical:500ms:seg0,1789645350.4910002,1789645839.908,SELL,4315.68,3.240000000000691,5.230000000000473,489.41699981689453,13.263981432318985,5
historical:500ms:seg0,1789646486.8700001,1789647094.98,BUY,4315.56,0.7899999999999636,2.8499999999994543,608.1099998950958,3.312708019470832,5
historical:500ms:seg0,1789647191.928,1789647250.47,BUY,4318.93,-2.6400000000003274,0.18999999999959982,58.54200005531311,-11.135907025626649,5
historical:500ms:seg0,1789647467.85,1789647869.9129999,SELL,4312.71,0.9200000000000728,2.0900000000001455,402.0629999637604,3.803857114089858,5
historical:500ms:seg0,1789648005.8140001,1789648356.9889998,SELL,4309.32,0.47999999999956344,4.009999999999309,351.1749997138977,1.9983149886121534,5
historical:500ms:seg0,1789649306.387,1789649528.997,SELL,4306.94,-4.050000000000182,0.07999999999992724,222.60999989509583,-16.92148153421023,1
historical:500ms:seg0,1789653097.393,1789654181.493,BUY,4322.4,12.150000000000546,12.150000000000546,1084.1000001430511,49.222474597825716,2
historical:500ms:seg0,1789655611.493,1789655764.3260002,SELL,4325.99,-1.4899999999997817,0.7799999999997453,152.83300018310547,-6.586397544638546,5
historical:500ms:seg0,1789655892.9889998,1789656007.483,SELL,4323.93,-1.769999999999527,0.0,114.49400019645691,-7.7366754075001944,5
historical:500ms:seg0,1789656518.279,1789657041.926,BUY,4332.02,12.009999999999309,12.009999999999309,523.6470000743866,51.798865654249575,2
historical:500ms:seg0,1789657061.412,1789657166.99,BUY,4344.69,2.0800000000008367,8.020000000000437,105.57800006866455,9.779056522432152,8
historical:500ms:seg0,1789657246.484,1789657302.9459999,BUY,4353.2,-4.0,0.14000000000032742,56.46199989318848,-19.09924962341954,1
historical:500ms:seg0,1789657739.261,1789657744.968,BUY,4350.46,0.14000000000032742,0.569999999999709,5.707000017166138,0.6484195247166098,5
historical:500ms:seg0,1789657878.2710001,1789658066.8019998,BUY,4355.29,-2.569999999999709,0.0,188.53099966049194,-11.915628132893204,5
historical:500ms:seg0,1789658159.4889998,1789658487.456,BUY,4356.37,12.69000000000051,12.69000000000051,327.967000246048,57.702241768108635,2
historical:500ms:seg0,1789658502.96,1789658788.9750001,BUY,4371.31,-1.3500000000003638,3.0299999999997453,286.0150001049042,-6.722771556213094,5
historical:500ms:seg0,1789658857.817,1789659073.4339998,BUY,4377.37,-4.079999999999927,3.680000000000291,215.61699986457825,-20.111992782484734,1
historical:500ms:seg0,1789659699.912,1789659734.815,BUY,4370.03,-4.219999999999345,0.09000000000014552,34.90300011634827,-20.165565610315316,1
historical:500ms:seg0,1789660175.401,1789660664.4499998,BUY,4367.22,4.259999999999309,7.550000000000182,489.04899978637695,19.712418591059215,5
historical:500ms:seg0,1789660800.99,1789660845.472,SELL,4371.09,-1.6599999999998545,4.319999999999709,44.48199987411499,-7.926784602341468,5
historical:500ms:seg0,1789660914.456,1789661113.985,SELL,4367.84,0.7100000000000364,2.300000000000182,199.52899980545044,3.3481615995004956,5
historical:500ms:seg0,1789661136.464,1789661219.938,SELL,4365.3,-2.889999999999418,0.9700000000002547,83.47399997711182,-13.701003828801534,5
historical:500ms:seg0,1789661301.3969998,1789661327.288,BUY,4371.47,-2.300000000000182,0.11999999999989086,25.891000270843506,-10.66757076570138,5
historical:500ms:seg0,1789661551.4499998,1789661692.906,SELL,4362.35,-4.019999999999527,1.7800000000006548,141.45600008964539,-18.3234312101581,1
historical:500ms:seg0,1789661738.981,1789662180.98,BUY,4367.68,3.7999999999992724,7.309999999999491,441.99900007247925,16.798438578320457,5
historical:500ms:seg0,1789662216.7900002,1789662599.387,SELL,4369.39,2.2700000000004366,4.110000000000582,382.59699988365173,10.320850146480716,5
historical:500ms:seg0,1789662707.473,1789662743.487,SELL,4364.49,-3.2100000000000364,0.7199999999993452,36.013999938964844,-14.843156833002121,5
historical:500ms:seg0,1789662797.498,1789662828.926,BUY,4369.2,-3.619999999999891,0.0,31.4280002117157,-16.336020047580718,5
historical:500ms:seg0,1789662880.985,1789662996.479,BUY,4370.8,-4.5600000000004,3.0100000000002183,115.49400019645691,-20.019278119062424,1
historical:500ms:seg0,1789663173.456,1789663584.756,SELL,4363.02,2.5900000000001455,7.350000000000364,411.2999999523163,10.98172427875869,5
historical:500ms:seg0,1789664251.463,1789664355.496,SELL,4366.1,-1.1499999999996362,1.0900000000001455,104.0329999923706,-4.97077255359067,5
historical:500ms:seg0,1789664431.9699998,1789664522.9529998,SELL,4365.23,-2.730000000000473,0.3099999999994907,90.98300004005432,-11.698405233103625,5
historical:500ms:seg0,1789664555.401,1789664717.956,BUY,4368.87,-0.8800000000001091,1.1599999999998545,162.5550000667572,-3.6937050328353838,5
historical:500ms:seg0,1789664808.48,1789665092.488,BUY,4374.24,-0.31999999999970896,5.480000000000473,284.0079998970032,-1.3343005744054093,5
historical:500ms:seg0,1789665483.927,1789665750.957,SELL,4366.52,-3.25,0.7300000000004729,267.02999997138977,-13.518966632316125,5
historical:500ms:seg0,1789665838.944,1789665847.962,BUY,4370.27,-1.5800000000008367,0.0,9.01799988746643,-6.412097869736444,5
historical:500ms:seg0,1789665871.492,1789665910.4940002,BUY,4370.47,-0.9499999999998181,0.4099999999998545,39.00200009346008,-3.809689104099167,5
historical:500ms:seg0,1789665966.855,1789666049.368,BUY,4372.1,-2.5900000000001455,0.7299999999995634,82.51300001144409,-10.312412346646854,5
historical:500ms:seg0,1789666208.408,1789666499.385,SELL,4365.65,-1.4700000000002547,3.4899999999997817,290.97699999809265,-5.73929644521899,5
historical:500ms:seg0,1789666765.9889998,1789667100.348,SELL,4362.53,1.0799999999999272,2.9200000000000728,334.35900020599365,4.170137658545443,5
historical:500ms:seg0,1789667272.362,1789667284.4220002,SELL,4359.66,-1.6500000000005457,0.019999999999527063,12.06000018119812,-6.422649098527034,5
historical:500ms:seg0,1789667458.405,1789667509.871,SELL,4359.9,-2.0100000000002183,0.2899999999999636,51.46600008010864,-7.727132921225435,5
historical:500ms:seg0,1789667748.169,1789668158.39,SELL,4356.15,2.2100000000000364,4.389999999999418,410.22100019454956,8.367924640440952,5
historical:500ms:seg0,1789668656.596,1789668791.965,SELL,4355.39,-1.639999999999418,1.7400000000006912,135.36899995803833,-6.312607106705472,5
historical:500ms:seg0,1789668996.984,1789669246.916,BUY,4362.92,-1.25,1.5299999999997453,249.9319999217987,-4.752257651901855,5
historical:500ms:seg0,1789670128.98,1789670824.465,BUY,4361.06,3.7999999999992724,5.960000000000036,695.4849998950958,14.311423918699697,5
historical:500ms:seg0,1789670895.468,1789670941.979,BUY,4365.71,-0.8999999999996362,0.5299999999997453,46.51100015640259,-3.486149881668813,5
historical:500ms:seg0,1789671126.757,1789671278.724,BUY,4367.32,-1.4899999999997817,0.07999999999992724,151.9670000076294,-5.73255707916999,5
historical:500ms:seg0,1789671381.493,1789671395.959,BUY,4367.49,-1.889999999999418,0.0,14.466000080108643,-7.190239580335361,5
historical:500ms:seg0,1789671532.6590002,1789671868.316,BUY,4368.86,0.2899999999999636,3.5399999999999636,335.6569998264313,1.0876255031443258,5
historical:500ms:seg0,1789673153.8019998,1789673398.915,SELL,4365.25,-2.600000000000364,1.4099999999998545,245.11300015449524,-9.772333897918205,5
historical:500ms:seg0,1789673422.458,1789673449.334,SELL,4365.27,-0.8899999999994179,0.0,26.87600016593933,-3.2799147362853995,5
historical:500ms:seg0,1789673595.894,1789673943.907,SELL,4361.5,1.7899999999999636,3.5799999999999272,348.0130000114441,6.552649591805354,5
historical:500ms:seg0,1789674161.938,1789674234.8769999,SELL,4358.42,-0.10999999999967258,0.7399999999997817,72.93899989128113,-0.4080827264699038,5
historical:500ms:seg0,1789674609.371,1789674823.1299999,SELL,4357.49,-2.100000000000364,1.0299999999997453,213.75899982452393,-7.784242929689889,5
historical:500ms:seg0,1789678087.81,1789678232.972,SELL,4359.31,-1.089999999999236,0.410000000000764,145.1619999408722,-3.9767565727900984,5
historical:500ms:seg0,1789680568.499,1789681137.875,SELL,4356.25,4.680000000000291,7.5900000000001455,569.3759999275208,16.93493030362704,5
historical:500ms:seg0,1789681578.984,1789681689.411,SELL,4350.27,-1.7299999999995634,0.0,110.42700004577637,-6.479865213267617,5
historical:500ms:seg0,1789681869.948,1789681883.277,SELL,4350.34,-0.3499999999994543,0.21000000000003638,13.328999996185303,-1.293945743780923,5
historical:500ms:seg0,1789682596.427,1789682795.4099998,BUY,4354.72,-0.4099999999998545,0.5599999999994907,198.98299980163574,-1.5117861309830676,5
historical:500ms:seg0,1789682886.893,1789682958.993,BUY,4355.91,-2.019999999999527,0.06999999999970896,72.10000014305115,-7.425408597642844,5
historical:500ms:seg0,1789705983.387,1789706281.927,SELL,4353.48,-1.110000000000582,2.449999999999818,298.539999961853,-4.018482257280931,5
historical:500ms:seg0,1789706388.943,1789706854.891,SELL,4350.79,0.569999999999709,4.670000000000073,465.94799995422363,2.0463659312760427,5
historical:500ms:seg0,1789707625.8609998,1789707876.385,SELL,4347.39,-1.1300000000001091,1.1900000000005093,250.52400016784668,-4.074173657133062,5
historical:500ms:seg0,1789712212.949,1789712808.476,SELL,4340.97,3.0200000000004366,6.210000000000036,595.5270001888275,10.796219475110558,5
historical:500ms:seg0,1789713296.6780002,1789714215.345,BUY,4349.87,8.050000000000182,10.900000000000546,918.6669998168945,29.429823994064577,5
historical:500ms:seg0,1789721870.474,1789722079.449,BUY,4374.53,12.13000000000011,12.13000000000011,208.97499990463257,47.02318756059278,2
historical:500ms:seg0,1789722582.203,1789722912.4329998,BUY,4387.96,0.7100000000000364,2.199999999999818,330.2299997806549,3.0027862040175712,5
historical:500ms:seg0,1789723386.987,1789723817.471,BUY,4389.65,2.300000000000182,4.100000000000364,430.4839999675751,9.779133652499034,5
historical:500ms:seg0,1789724374.451,1789724409.8009999,BUY,4394.5,-0.6899999999995998,0.03999999999996362,35.34999990463257,-2.9843471123994294,5
historical:500ms:seg0,1789724461.6169999,1789724820.4659998,BUY,4396.11,0.25,0.9600000000000364,358.8489999771118,1.0756895348168454,5
historical:500ms:seg0,1789725601.9529998,1789725673.281,BUY,4395.82,-4.039999999999964,0.0,71.32800006866455,-17.415736275545015,1
historical:500ms:seg0,1789725774.1729999,1789725925.496,SELL,4391.27,-2.139999999999418,0.1500000000005457,151.3230001926422,-8.945644667841076,5
historical:500ms:seg0,1789726085.345,1789726215.155,BUY,4394.24,-1.5100000000002183,1.3699999999998909,129.80999994277954,-6.210804335092598,5
historical:500ms:seg0,1789726412.116,1789726615.278,SELL,4390.6,-1.949999999999818,1.4500000000007276,203.16200017929077,-7.929742121319601,5
historical:500ms:seg0,1789726990.4499998,1789727053.864,BUY,4394.32,-0.9899999999997817,0.0,63.414000272750854,-3.966990741726347,5
historical:500ms:seg0,1789727159.964,1789727174.484,BUY,4394.78,-1.319999999999709,0.0,14.519999980926514,-5.25004778062538,5
historical:500ms:seg0,1789727462.938,1789727510.4950001,BUY,4397.0,-3.8100000000004,0.1499999999996362,47.557000160217285,-15.003526887842256,5
historical:500ms:seg0,1789728024.789,1789728132.487,SELL,4392.71,-2.0100000000002183,1.199999999999818,107.69799995422363,-7.689068300555004,5
historical:500ms:seg0,1789728507.302,1789728941.411,BUY,4396.92,-0.36999999999989086,2.569999999999709,434.1089999675751,-1.3940634679058683,5
historical:500ms:seg0,1789730945.569,1789731283.302,SELL,4388.18,0.010000000000218279,1.8299999999999272,337.7330000400543,0.03757283626522124,5
historical:500ms:seg0,1789731355.98,1789731373.358,SELL,4386.24,-0.7399999999997817,0.0,17.378000020980835,-2.7805984128061327,5
historical:500ms:seg0,1789732639.934,1789732776.98,BUY,4394.32,-1.819999999999709,0.0,137.0460000038147,-6.8008139010001285,5
historical:500ms:seg0,1789733255.4750001,1789733845.23,BUY,4397.24,-3.5100000000002183,0.9000000000005457,589.7549998760223,-12.93682395455932,5
historical:500ms:seg0,1789735408.09,1789735828.4259999,SELL,4378.78,2.869999999999891,5.079999999999927,420.3359999656677,10.29950772750676,5
historical:500ms:seg0,1789737236.4899998,1789737258.9299998,BUY,4380.22,-0.7700000000004366,0.0,22.44000005722046,-2.8227622181664564,5
historical:500ms:seg1,1789741742.91,1789741950.4659998,SELL,4379.48,-1.7700000000004366,1.8299999999999272,207.55599975585938,-6.637500000001637,5
historical:500ms:seg1,1789742587.402,1789742919.429,SELL,4376.41,0.13999999999941792,1.7399999999997817,332.02699995040894,0.5180306249978444,5
historical:500ms:seg1,1789743056.4899998,1789743377.9299998,SELL,4374.63,0.03999999999996362,1.6700000000000728,321.44000005722046,0.14816415918736411,5
historical:500ms:seg1,1789743603.9529998,1789743754.988,BUY,4382.26,-4.079999999999927,0.4600000000000364,151.0350000858307,-15.117278060395748,1
historical:500ms:seg1,1789743864.91,1789743897.458,SELL,4374.24,-4.75,0.3400000000001455,32.5479998588562,-17.061219220784942,1
historical:500ms:seg1,1789744063.983,1789744166.391,SELL,4372.75,-1.5799999999999272,0.8800000000001091,102.4079999923706,-5.472924840410333,5
historical:500ms:seg1,1789744480.9169998,1789744517.963,SELL,4371.93,-1.639999999999418,0.0,37.046000242233276,-5.613440453747896,5
historical:500ms:seg1,1789744724.497,1789744740.996,BUY,4376.36,-2.949999999999818,0.0,16.499000072479248,-9.973149787620073,5
historical:500ms:seg1,1789744802.486,1789745073.965,SELL,4370.42,12.010000000000218,12.010000000000218,271.47899985313416,39.70422071909253,2
historical:500ms:seg1,1789745094.452,1789745373.981,SELL,4357.41,-1.2700000000004366,3.300000000000182,279.529000043869,-4.576713952413094,5
historical:500ms:seg1,1789746099.742,1789746241.924,SELL,4367.98,-2.100000000000364,1.0499999999992724,142.1819999217987,-7.495711479710787,5
historical:500ms:seg1,1789747210.9689999,1789747341.9950001,BUY,4370.19,-2.4799999999995634,3.3100000000004,131.02600026130676,-8.71265808537086,5
historical:500ms:seg1,1789747644.979,1789747803.959,BUY,4374.03,-2.369999999999891,1.3900000000003274,158.9800000190735,-8.171342043795292,5
historical:500ms:seg1,1789748500.032,1789748913.3980002,SELL,4368.04,1.4700000000002547,4.75,413.3660001754761,4.978211715309636,5
historical:500ms:seg1,1789749091.465,1789749546.493,SELL,4362.3,2.850000000000364,8.650000000000546,455.02800011634827,9.758044233667695,8
historical:500ms:seg1,1789749858.9529998,1789749939.499,SELL,4353.02,-2.9899999999997817,0.28000000000065484,80.54600024223328,-10.456210899364736,5
historical:500ms:seg1,1789750103.456,1789750122.477,SELL,4353.18,-2.369999999999891,0.5,19.020999908447266,-8.102174239723697,5
historical:500ms:seg1,1789750253.479,1789750360.441,SELL,4352.4,-3.6900000000005093,0.6499999999996362,106.96199989318848,-12.390549941664963,5
historical:500ms:seg1,1789750425.964,1789750737.3009999,SELL,4352.46,1.7799999999997453,4.329999999999927,311.3369998931885,5.811599409269969,5
historical:500ms:seg1,1789750763.879,1789750771.1929998,SELL,4347.34,-0.9899999999997817,0.0,7.313999891281128,-3.275445179083946,5
historical:500ms:seg1,1789751885.94,1789752141.371,SELL,4351.74,2.550000000000182,7.9399999999996,255.43099999427795,8.374109844956582,8
historical:500ms:seg1,1789752309.925,1789752354.98,BUY,4354.16,-4.359999999999673,0.0,45.0550000667572,-14.591919244481177,1
historical:500ms:seg1,1789752517.4950001,1789752814.8009999,SELL,4346.02,-0.6099999999996726,3.0600000000004,297.3059997558594,-1.974771955495389,5
historical:500ms:seg1,1789753577.432,1789753623.4910002,BUY,4354.83,-2.0399999999999636,0.3400000000001455,46.05900025367737,-6.573941381232864,5
historical:500ms:seg1,1789753746.996,1789754157.972,BUY,4354.49,2.9099999999998545,7.1599999999998545,410.9759998321533,9.234057758465884,5
historical:500ms:seg1,1789754804.2649999,1789754836.46,BUY,4356.72,-1.8900000000003274,0.0,32.19500017166138,-6.128270488143601,5
historical:500ms:seg1,1789755023.316,1789755272.203,SELL,4349.99,-2.380000000000109,1.7600000000002183,248.88700008392334,-7.60769172722574,5
historical:500ms:seg1,1789755341.4550002,1789755653.822,BUY,4353.86,-0.13000000000010914,1.660000000000764,312.36699986457825,-0.40812868734751634,5
historical:500ms:seg1,1789756171.9750001,1789756312.451,BUY,4356.37,-1.1899999999995998,0.6900000000005093,140.47599983215332,-3.732304666411374,5
historical:500ms:seg1,1789756727.3049998,1789757036.499,SELL,4352.57,-0.8100000000004002,3.5499999999992724,309.1940002441406,-2.5178025346941637,5
historical:500ms:seg1,1789757080.707,1789757417.4060001,BUY,4356.46,-0.9600000000000364,1.4399999999995998,336.69900012016296,-2.9659340850900713,5
historical:500ms:seg1,1789757676.8990002,1789757802.9750001,SELL,4353.2,-3.119999999999891,0.6599999999998545,126.07599997520447,-9.569882918950926,5
historical:500ms:seg1,1789758160.884,1789758295.278,BUY,4357.37,-0.9700000000002547,0.0,134.39400005340576,-2.905631163106011,5
historical:500ms:seg1,1789758316.261,1789758856.488,BUY,4358.7,1.6700000000000728,6.0600000000004,540.2269999980927,4.966085363894441,8
historical:500ms:seg1,1789758965.4819999,1789759030.978,BUY,4362.6,-0.2600000000002183,1.1899999999995998,65.49600005149841,-0.7828468572461785,5
historical:500ms:seg1,1789759143.4940002,1789759617.997,BUY,4365.07,3.6599999999998545,6.3400000000001455,474.50299978256226,10.99858584422434,5
historical:500ms:seg1,1789759757.164,1789760227.4540002,BUY,4374.02,4.119999999999891,9.679999999999382,470.2900002002716,12.720778072587859,8
historical:500ms:seg1,1789760586.95,1789760610.981,BUY,4380.73,-1.7999999999992724,0.0,24.030999898910522,-5.729351992001588,5
historical:500ms:seg1,1789761579.498,1789761738.4220002,BUY,4383.34,-1.069999999999709,1.5799999999999272,158.9240002632141,-3.359803412176706,5
historical:500ms:seg1,1789761785.427,1789762122.7150002,BUY,4384.88,1.0799999999999272,1.9099999999998545,337.2880001068115,3.3639890364282725,5
historical:500ms:seg1,1789762599.4780002,1789762735.922,BUY,4387.55,-1.3500000000003638,1.5599999999994907,136.44399976730347,-4.239046684530602,5
historical:500ms:seg1,1789763209.432,1789763515.4529998,BUY,4386.38,0.10999999999967258,1.3999999999996362,306.02099990844727,0.34190659040886723,5
historical:500ms:seg1,1789763595.416,1789764006.909,BUY,4388.96,3.6099999999996726,7.130000000000109,411.4930000305176,11.230009769840525,5
historical:500ms:seg1,1789764048.901,1789764069.88,BUY,4395.03,-1.6899999999995998,0.18000000000029104,20.979000091552734,-5.399602565253115,5
historical:500ms:seg1,1789764172.9180002,1789764198.412,BUY,4395.88,-2.0200000000004366,0.7200000000002547,25.49399971961975,-6.372158850613458,5
historical:500ms:seg1,1789764625.912,1789764686.318,BUY,4396.56,-2.0399999999999636,0.37999999999919964,60.4060001373291,-6.337755501886809,5
historical:500ms:seg1,1789767083.43,1789767408.607,SELL,4387.99,0.05999999999949068,0.4399999999995998,325.17700004577637,0.18355258360750232,5
historical:500ms:seg1,1789767518.4329998,1789768061.9129999,SELL,4386.61,3.259999999999309,6.079999999999927,543.4800000190735,9.977511570092704,5
historical:500ms:seg1,1789768347.027,1789768641.5740001,SELL,4381.34,-0.3400000000001455,1.3800000000001091,294.547000169754,-1.0660420207104009,5
historical:500ms:seg1,1789768941.6019998,1789769043.4689999,SELL,4379.47,-2.2899999999999636,0.0,101.86700010299683,-7.161797279546459,5
historical:500ms:seg2,1789770246.9180002,1789770337.966,BUY,4383.36,-1.5799999999999272,0.03999999999996362,91.0479998588562,-5.924999999999727,5
historical:500ms:seg2,1789963652.4499998,1789963940.188,BUY,4378.46,-2.0399999999999636,1.7200000000002547,287.73800015449524,-7.55934749999987,5
historical:500ms:seg2,1789964718.395,1789964813.479,BUY,4380.32,-2.469999999999345,0.0,95.08400011062622,-9.012702462560117,5
historical:500ms:seg2,1789965666.456,1789965747.4620001,BUY,4380.22,-2.1900000000005093,0.2899999999999636,81.00600004196167,-7.842985954366779,5
historical:500ms:seg2,1789967135.81,1789967207.875,SELL,4374.34,-0.019999999999527063,1.6599999999998545,72.06500005722046,-0.07044899461079512,5
historical:500ms:seg2,1789967407.9529998,1789968364.9190001,SELL,4373.45,8.720000000000255,11.889999999999418,956.9660003185272,30.71115428678636,5
historical:500ms:seg2,1789968909.7459998,1789968988.4689999,SELL,4366.93,-1.819999999999709,0.0,78.72300004959106,-6.829104136971059,5
historical:500ms:seg2,1789980565.4819999,1789980643.7459998,SELL,4351.12,-1.2100000000000364,0.42000000000007276,78.26399993896484,-4.478254454537508,5
historical:500ms:seg2,1789981170.447,1789981288.152,SELL,4351.93,-1.9699999999993452,0.9400000000005093,117.70499992370605,-7.224876166827364,5
historical:500ms:seg2,1789981376.447,1789981493.865,SELL,4351.76,0.4899999999997817,2.1500000000005457,117.41799998283386,1.7704989972163672,5
historical:500ms:seg2,1789984595.971,1789984679.334,BUY,4353.78,-0.8800000000001091,0.47000000000025466,83.36300015449524,-3.19135696185365,5
historical:500ms:seg2,1789985171.9950001,1789985307.407,BUY,4355.48,-1.1099999999996726,0.5800000000008367,135.4119999408722,-3.9988935756290167,5
historical:500ms:seg2,1789985439.9420002,1789985670.3630002,SELL,4350.64,-1.4899999999997817,4.170000000000073,230.4210000038147,-5.323196533380747,8
historical:500ms:seg2,1789985816.676,1789986006.773,BUY,4354.55,-1.110000000000582,1.0100000000002183,190.09699988365173,-3.921287175474746,5
historical:500ms:seg2,1789988031.429,1789988064.4889998,SELL,4346.43,-1.1799999999993815,0.0,33.05999994277954,-4.133872164402786,5
historical:500ms:seg2,1789988289.477,1789988553.9740002,SELL,4345.68,-1.6099999999996726,1.930000000000291,264.49700021743774,-5.5903667009797795,5
historical:500ms:seg2,1789991822.8019998,1789991957.259,SELL,4351.03,-2.3900000000003274,0.0,134.45700025558472,-8.198535792006801,5
historical:500ms:seg2,1789992003.967,1789992157.553,BUY,4353.54,-1.7299999999995634,0.3500000000003638,153.58599996566772,-5.8281289856159955,5
historical:500ms:seg2,1789993142.9529998,1789993231.971,SELL,4352.13,-1.949999999999818,0.3900000000003274,89.01800012588501,-6.484041949974389,5
historical:500ms:seg2,1789993530.42,1789994227.9750001,SELL,4349.55,5.369999999999891,9.19000000000051,697.5550000667572,17.594909195780183,5
historical:500ms:seg3,1790003881.687,1790003906.9750001,BUY,4370.36,-1.8299999999999272,0.0,25.288000106811523,-6.862499999999726,5
historical:500ms:seg3,1790004002.493,1790004300.9910002,SELL,4366.92,12.0600000000004,12.0600000000004,298.4980001449585,44.604286875001506,2
historical:500ms:seg3,1790004386.968,1790004600.4659998,SELL,4354.57,-1.1500000000005457,2.7899999999999636,213.49799990653992,-4.638022911799092,5
historical:500ms:seg3,1790005635.436,1790005753.867,SELL,4355.27,-2.8299999999999272,0.0,118.43099999427795,-11.315127390118686,5
historical:500ms:seg3,1790005831.348,1790005876.7129998,SELL,4357.06,-1.4399999999995998,0.0,45.364999771118164,-5.635317274987741,5
historical:500ms:seg3,1790006595.474,1790006733.447,SELL,4357.61,-2.030000000000655,1.5299999999997453,137.97300004959106,-7.85843428631605,5
historical:500ms:seg3,1790006920.9190001,1790007252.925,BUY,4362.04,1.2799999999997453,2.1400000000003274,332.0059998035431,4.879630896112118,5
historical:500ms:seg3,1790007728.943,1790007761.937,BUY,4363.91,-2.3099999999994907,0.3400000000001455,32.99399995803833,-8.890748488102274,5
historical:500ms:seg3,1790007814.414,1790008030.414,BUY,4364.89,-1.0300000000006548,3.6099999999996726,216.0,-3.8955921033203547,5
historical:500ms:seg3,1790008220.905,1790008658.9889998,SELL,4360.02,3.8200000000006185,7.700000000000728,438.08399987220764,14.336121222819175,5
historical:500ms:seg3,1790008913.96,1790009045.98,SELL,4351.05,-1.3699999999998909,1.5700000000006185,132.0199999809265,-5.2887921469407715,5
historical:500ms:seg3,1790009649.464,1790010188.864,SELL,4348.98,12.769999999999527,12.769999999999527,539.4000000953674,48.791185433175336,2
historical:500ms:seg3,1790010325.957,1790010430.484,SELL,4324.92,-4.050000000000182,1.9200000000000728,104.52699995040894,-16.956135703451036,1
historical:500ms:seg3,1790017634.997,1790017779.459,BUY,4354.98,-4.039999999999964,0.32000000000061846,144.46200013160706,-16.400497789898644,1
historical:500ms:seg3,1790017792.981,1790017933.96,BUY,4354.19,-0.7199999999993452,1.5200000000004366,140.97900009155273,-2.83429830419116,5
historical:500ms:seg3,1790018364.615,1790018519.277,BUY,4355.56,-1.6000000000003638,1.319999999999709,154.6619999408722,-6.264429096337214,5
historical:500ms:seg3,1790047330.333,1790047402.964,SELL,4358.91,-3.2200000000002547,0.02999999999974534,72.63100004196167,-12.455877593700217,5
historical:500ms:seg4,1790052078.9980001,1790052094.459,BUY,4357.23,-2.5,0.0,15.460999965667725,-9.375,5
historical:500ms:seg4,1790052285.46,1790052764.0089998,SELL,4350.58,2.7100000000000364,6.789999999999964,478.54899978637695,9.971953125000134,5
historical:500ms:seg4,1790056887.4550002,1790056919.705,SELL,4342.9,-1.2200000000002547,0.2599999999993088,32.24999976158142,-4.580462121094707,5
historical:500ms:seg4,1790057360.189,1790057517.401,SELL,4340.41,-2.2600000000002183,0.5100000000002183,157.21200013160706,-8.40747952251701,5
historical:500ms:seg4,1790086827.4910002,1790087004.44,SELL,4312.01,-3.199999999999818,0.0,176.94899988174438,-11.702616275552657,5
current7d:500ms,1790694283.851,1790694390.359,BUY,4158.93,-3.230000000000473,0.0,106.50799989700317,-12.112500000001774,5
current7d:500ms,1790694690.996,1790694926.4899998,SELL,4151.87,-3.119999999999891,0.7899999999999636,235.49399971961975,-11.416567499999557,5
current7d:500ms,1790695016.448,1790695134.872,BUY,4157.09,-3.4200000000000728,0.0,118.42400002479553,-12.221479418625227,5
current7d:500ms,1790695366.961,1790695537.982,SELL,4150.6,-1.9600000000000364,1.7100000000000364,171.02100014686584,-6.824466960296317,5
current7d:500ms,1790695947.473,1790696210.752,BUY,4156.79,-1.5600000000004002,1.9399999999995998,263.279000043869,-5.351872337617975,5
current7d:500ms,1790696667.302,1790696729.4499998,BUY,4156.69,-3.589999999999236,1.1400000000003274,62.14799976348877,-12.172068588617046,5
current7d:500ms,1790697036.3379998,1790697178.452,BUY,4155.81,-3.3200000000006185,0.16999999999916326,142.114000082016,-10.953536025353609,5
current7d:500ms,1790697446.4540002,1790697541.4329998,SELL,4151.11,-0.9400000000005093,1.269999999999527,94.97899961471558,-3.0240799396465325,5
current7d:500ms,1790698026.415,1790698316.978,BUY,4156.62,-0.6499999999996362,2.6700000000000728,290.5629999637604,-2.0763767174943175,5
current7d:500ms,1790698696.2849998,1790698747.498,BUY,4159.76,-2.530000000000655,0.0,51.21300005912781,-8.04249782142388,5
current7d:500ms,1790699048.987,1790699120.277,BUY,4159.22,-1.0700000000006185,0.42999999999938154,71.28999996185303,-3.336831551396592,5
current7d:500ms,1790699421.481,1790699447.91,SELL,4153.72,-4.099999999999454,0.0,26.42900013923645,-12.683382486538774,1
current7d:500ms,1790699486.981,1790699541.4390001,BUY,4160.23,-4.369999999999891,0.0,54.45800018310547,-13.10293176490137,1
current7d:500ms,1790699861.459,1790699913.96,BUY,4161.99,-4.0,0.0,52.50099992752075,-11.600442266642611,1
current7d:500ms,1790700004.458,1790700169.96,BUY,4159.91,1.3699999999998909,3.2200000000002547,165.50200009346008,3.8539569320350338,5
current7d:500ms,1790700305.4499998,1790700366.9859998,SELL,4154.05,-4.75,0.06000000000040018,61.53600001335144,-13.499556651592705,1
current7d:500ms,1790700635.4950001,1790700749.964,BUY,4160.32,-0.5999999999994543,1.4500000000007276,114.4689998626709,-1.6444591510569948,5
current7d:500ms,1790700817.492,1790700970.949,BUY,4164.13,-2.9099999999998545,0.07999999999992724,153.45699977874756,-7.939736561661463,5
current7d:500ms,1790701377.868,1790701837.982,BUY,4164.16,2.5100000000002183,4.930000000000291,460.114000082016,6.698898297636677,5
current7d:500ms,1790702197.48,1790702210.947,BUY,4167.91,-1.550000000000182,0.0,13.467000007629395,-4.214644557784602,5
current7d:500ms,1790702278.412,1790702287.976,BUY,4168.34,-1.9400000000005093,0.0,9.564000129699707,-5.2137804327186155,5
current7d:500ms,1790702306.9539998,1790702647.941,BUY,4168.96,2.449999999999818,6.0600000000004,340.9870002269745,6.488610217619063,5
current7d:500ms,1790703341.488,1790703700.473,SELL,4166.97,-0.09000000000014552,3.9000000000005457,358.9850001335144,-0.24273692193228902,5
current7d:500ms,1790703740.965,1790703915.42,BUY,4168.54,-1.819999999999709,2.0299999999997453,174.45500016212463,-4.905366617859858,5
current7d:500ms,1790704005.8830001,1790704252.98,SELL,4164.27,-1.4099999999998545,1.360000000000582,247.09699988365173,-3.748437248666024,5
current7d:500ms,1790705099.359,1790705201.9,SELL,4168.21,0.569999999999709,2.25,102.54100012779236,1.4993011270305872,5
current7d:500ms,1790705292.992,1790705778.992,SELL,4163.62,0.9499999999998181,2.800000000000182,486.0,2.509517732248534,5
current7d:500ms,1790705831.467,1790705853.96,SELL,4161.29,-0.5299999999997453,0.0,22.493000030517578,-1.410022067818671,5
current7d:500ms,1790705937.96,1790706602.968,SELL,4160.41,6.930000000000291,11.840000000000146,665.0079998970032,18.363417744512848,8
current7d:500ms,1790707310.474,1790707573.767,SELL,4155.64,-1.3499999999994543,1.550000000000182,263.29299998283386,-3.763218775670517,5
current7d:500ms,1790707779.872,1790707939.978,BUY,4160.65,-2.7899999999999636,0.0,160.10599994659424,-7.698573450174542,5
current7d:500ms,1790708052.492,1790708219.407,SELL,4154.62,-2.699999999999818,0.569999999999709,166.91499996185303,-7.294336258770224,5
current7d:500ms,1790708319.9459999,1790708505.9459999,BUY,4159.0,-2.9799999999995634,0.0,186.0,-7.887757529480787,5
current7d:500ms,1790708710.9980001,1790709051.9699998,SELL,4152.98,0.9499999999998181,1.9199999999991633,340.97199964523315,2.4583533024368256,5
current7d:500ms,1790709412.449,1790709568.708,SELL,4150.91,-0.11000000000058208,0.8999999999996362,156.2590000629425,-0.28667957649508274,5
current7d:500ms,1790711032.459,1790711378.985,SELL,4150.08,1.680000000000291,5.100000000000364,346.5259997844696,4.374766823784107,5
current7d:500ms,1790711706.4060001,1790712061.4659998,SELL,4146.46,0.7399999999997817,1.7200000000002547,355.05999970436096,1.9512605806331396,5
current7d:500ms,1790713167.928,1790713213.866,BUY,4148.71,-1.6400000000003274,0.0,45.937999963760376,-4.348415846006564,5
current7d:500ms,1790713398.4220002,1790713449.6499999,BUY,4148.94,-1.839999999999236,0.0,51.227999687194824,-4.818702322695353,5
current7d:500ms,1790714011.754,1790714030.487,BUY,4148.87,-1.5999999999994543,0.02999999999974534,18.73300004005432,-4.132351504906554,5
current7d:500ms,1790714409.982,1790714672.932,SELL,4144.21,-1.1700000000000728,0.25,262.94999980926514,-2.9855206535085785,5
current7d:500ms,1790715285.456,1790715560.96,SELL,4142.68,-0.7199999999993452,0.11999999999989086,275.5039999485016,-1.8211216675514854,5
current7d:500ms,1790715606.983,1790715756.471,BUY,4149.7,12.5600000000004,12.5600000000004,149.48799991607666,31.596906095122463,2
current7d:500ms,1790715772.4380002,1790715799.968,BUY,4163.12,-4.220000000000255,0.0,27.52999973297119,-11.616200017514236,1
current7d:500ms,1790715862.3420002,1790716045.971,BUY,4161.61,-1.4200000000000728,2.7000000000007276,183.628999710083,-3.7850561960859945,5
current7d:500ms,1790716423.9750001,1790716751.971,BUY,4166.35,0.9899999999997817,3.6700000000000728,327.99599981307983,2.6107731648737267,5
current7d:500ms,1790717759.473,1790718214.4780002,BUY,4167.19,3.5200000000004366,8.320000000000618,455.0050001144409,9.351673442218011,5
current7d:500ms,1790718424.348,1790718761.484,SELL,4168.82,0.6999999999998181,3.9600000000000364,337.135999917984,1.9088040723756359,5
current7d:500ms,1790719152.904,1790719445.993,BUY,4172.1,-0.9400000000005093,0.22999999999956344,293.08899998664856,-2.5767082516167363,5
current7d:500ms,1790719474.43,1790719675.457,BUY,4173.2,-1.9399999999995998,0.23000000000047294,201.02699995040894,-5.2803961376333755,5
current7d:500ms,1790719934.499,1790720221.982,SELL,4169.03,-0.6300000000001091,0.9799999999995634,287.4830000400543,-1.6898179461415799,5
current7d:500ms,1790720329.9329998,1790720617.517,BUY,4170.68,-0.6599999999998545,0.8899999999994179,287.5840001106262,-1.7619208685523207,5
current7d:500ms,1790720803.6729999,1790720876.488,SELL,4168.61,-1.6900000000005093,0.0,72.81500005722046,-4.489252907316813,5
current7d:500ms,1790722433.3409998,1790722740.4659998,BUY,4173.75,0.10999999999967258,1.4700000000002547,307.125,0.2884962597261675,5
current7d:500ms,1790741175.956,1790741730.474,SELL,4176.95,2.899999999999636,4.550000000000182,554.5179998874664,7.612085277360597,5
current7d:500ms,1790742184.977,1790742337.8630002,SELL,4169.56,-0.8899999999994179,0.22000000000025466,152.8860001564026,-2.3869333922771596,5
current7d:500ms,1790743132.461,1790743202.3569999,SELL,4168.22,-1.4699999999993452,0.0,69.89599990844727,-3.91614707805595,5
current7d:500ms,1790743389.8,1790743420.9950001,SELL,4167.82,-1.9900000000006912,0.0,31.195000171661377,-5.243002311212049,5
current7d:500ms,1790743810.895,1790743892.4899998,BUY,4171.55,-1.480000000000473,0.38000000000010914,81.59499979019165,-3.841120976151365,5
current7d:500ms,1790744715.4099998,1790745074.488,BUY,4174.94,0.8700000000008004,3.130000000000109,359.07800006866455,2.232892935126328,5
current7d:500ms,1790757478.977,1790757776.664,SELL,4175.93,-0.8400000000001455,2.030000000000655,297.6870000362396,-2.169963852508212,5
current7d:500ms,1790761099.443,1790761197.47,BUY,4183.46,-3.5200000000004366,0.0,98.02699995040894,-9.03589481242298,5
current7d:500ms,1790761855.984,1790762346.977,BUY,4183.96,7.880000000000109,10.840000000000146,490.9930000305176,19.69406132166683,5
current7d:500ms,1790762866.313,1790762931.4659998,BUY,4196.56,-2.0100000000002183,1.2799999999997453,65.15299987792969,-5.3203731592660475,5
current7d:500ms,1790764580.985,1790764834.879,BUY,4198.17,-1.6900000000005093,0.6999999999998181,253.89400005340576,-4.4059128469034725,5
current7d:500ms,1790764967.262,1790765277.3779998,SELL,4193.54,0.21000000000003638,1.9600000000000364,310.1159996986389,0.5405409818516943,5
current7d:500ms,1790765856.9950001,1790766079.464,SELL,4192.92,-2.6099999999996726,0.569999999999709,222.4689998626709,-6.728733292731656,5
current7d:500ms,1790766225.973,1790766266.472,BUY,4196.67,-2.8400000000001455,0.07999999999992724,40.49899983406067,-7.178364782152652,5
current7d:500ms,1790767011.46,1790767450.473,BUY,4197.23,2.4000000000005457,3.9500000000007276,439.0130000114441,5.937013193487914,5
current7d:500ms,1790768042.994,1790768417.77,BUY,4200.48,0.4000000000005457,1.660000000000764,374.7760000228882,1.0073132384962653,5
current7d:500ms,1790769206.543,1790769625.492,SELL,4195.78,3.469999999999345,4.1599999999998545,418.94900012016296,8.764657670973392,5
current7d:500ms,1790770188.609,1790770551.2350001,SELL,4190.82,0.0,2.759999999999309,362.62600016593933,0.0,5
current7d:500ms,1790770967.483,1790771267.712,SELL,4186.03,-0.5799999999999272,2.6599999999998545,300.22899985313416,-1.5031122692735965,5
current7d:500ms,1790772424.81,1790772724.8609998,SELL,4186.32,-0.9900000000006912,0.5900000000001455,300.05099987983704,-2.5544965406800952,5
current7d:500ms,1790773513.416,1790773585.402,BUY,4190.73,-2.25,0.0,71.98600006103516,-5.762566826963096,5
current7d:500ms,1790774334.483,1790774445.7350001,SELL,4186.35,-1.199999999999818,1.3100000000004002,111.25200009346008,-3.0215058729371913,5
current7d:500ms,1790777181.155,1790777696.803,SELL,4183.02,2.680000000000291,3.7100000000000364,515.6480000019073,6.687297514848772,5
current7d:500ms,1790777784.48,1790777821.944,SELL,4178.29,-1.680000000000291,0.0,37.46399998664856,-4.2762971968015355,5
current7d:500ms,1790777868.015,1790778161.9950001,SELL,4178.47,-0.5399999999999636,1.7600000000002183,293.9800000190735,-1.3572050953245463,5
current7d:500ms,1790778363.4,1790778646.9910002,BUY,4184.09,-0.8699999999998909,0.7399999999997817,283.59100008010864,-2.1777524458868727,5
current7d:500ms,1790778700.992,1790778774.95,BUY,4184.93,-2.110000000000582,0.3899999999994179,73.95799994468689,-5.247212539754343,5
current7d:500ms,1790778895.9699998,1790779276.84,BUY,4186.72,1.3099999999994907,5.4399999999996,380.87000012397766,3.2061942065000713,8
current7d:500ms,1790780569.387,1790780742.443,BUY,4187.88,-0.8900000000003274,1.4700000000002547,173.05599999427795,-2.1996554255552834,5
current7d:500ms,1790781013.997,1790781428.4819999,BUY,4190.24,0.3900000000003274,4.449999999999818,414.4849998950958,0.9574599584049251,5
current7d:500ms,1790781648.374,1790781854.993,SELL,4184.27,-4.609999999999673,1.2600000000002183,206.61899995803833,-11.350771891504634,1
current7d:500ms,1790781919.776,1790782216.98,BUY,4191.68,12.929999999999382,12.929999999999382,297.2039999961853,30.735588734684367,2
current7d:500ms,1790782314.4780002,1790782378.4940002,BUY,4217.58,-4.399999999999636,1.1499999999996362,64.01600003242493,-11.473407485677331,1
current7d:500ms,1790782499.459,1790782578.43,BUY,4215.52,-4.040000000000873,3.719999999999345,78.97099995613098,-10.187029899127143,1
current7d:500ms,1790782922.921,1790782964.471,BUY,4215.0,-4.039999999999964,1.1599999999998545,41.549999952316284,-9.8783628931813,1
current7d:500ms,1790783093.4529998,1790783207.492,BUY,4215.32,-2.639999999999418,3.5700000000006185,114.03900027275085,-6.259576245901469,5
current7d:500ms,1790783549.3990002,1790783584.992,BUY,4213.62,-3.2799999999997453,0.0,35.59299993515015,-7.623063699562862,5
current7d:500ms,1790783755.9689999,1790783814.486,BUY,4214.88,-2.2799999999997453,1.2799999999997453,58.51700019836426,-5.168604523848079,5
current7d:500ms,1790784400.403,1790784500.98,SELL,4208.85,-1.7899999999999636,0.5200000000004366,100.57699990272522,-3.9884194218501943,5
current7d:500ms,1790784510.4910002,1790784583.9859998,SELL,4208.2,0.7600000000002183,2.6799999999993815,73.4949996471405,1.6706731381262185,5
current7d:500ms,1790784623.9580002,1790785254.988,SELL,4205.25,12.050000000000182,12.050000000000182,631.0299997329712,26.639949340667965,2
current7d:500ms,1790785256.487,1790785554.4899998,SELL,4192.64,-1.019999999999527,1.160000000000764,298.00299978256226,-2.4587954736567053,5
current7d:500ms,1790785806.993,1790785825.4659998,SELL,4191.19,-3.8400000000001455,0.0,18.472999811172485,-9.185828473541509,5
current7d:500ms,1790785891.9529998,1790786070.4889998,SELL,4192.04,-1.449999999999818,3.5799999999999272,178.53600001335144,-3.368711221244264,5
current7d:500ms,1790786123.9420002,1790786253.485,SELL,4190.1,-0.03999999999996362,1.5700000000006185,129.54299974441528,-0.09191935135753446,5
current7d:500ms,1790786302.968,1790786877.982,SELL,4186.0,3.569999999999709,8.220000000000255,575.0140001773834,8.201340968034145,8
current7d:500ms,1790787540.4910002,1790787837.925,SELL,4178.18,-0.7100000000000364,3.610000000000582,297.4339997768402,-1.6747511567066091,5
current7d:500ms,1790788268.812,1790788325.972,SELL,4178.73,-2.4500000000007276,0.0,57.15999984741211,-5.748297340357761,5
current7d:500ms,1790788473.99,1790788496.458,BUY,4182.81,-2.180000000000291,0.0,22.467999935150146,-5.020826849496514,5
current7d:500ms,1790788556.928,1790788607.929,BUY,4182.87,-3.2399999999997817,0.02999999999974534,51.00099992752075,-7.340140234330379,5
current7d:500ms,1790788740.467,1790789056.429,SELL,4177.82,3.2100000000000364,4.9299999999993815,315.9619998931885,7.0954620967604605,5
current7d:500ms,1790789107.396,1790789440.488,SELL,4172.66,1.8400000000001455,4.109999999999673,333.0920000076294,4.165098142679891,5
current7d:500ms,1790789580.964,1790789600.8460002,SELL,4168.46,-3.6599999999998545,1.0399999999999636,19.882000207901,-8.399255423476662,5
current7d:500ms,1790789804.456,1790789946.4950001,SELL,4168.59,-1.180000000000291,3.6900000000005093,142.03900003433228,-2.6336232560883603,5
current7d:500ms,1790790683.362,1790790693.9689999,SELL,4170.17,-1.519999999999527,0.11999999999989086,10.60699987411499,-3.3624405501789703,5
current7d:500ms,1790790753.994,1790790821.816,SELL,4169.3,-2.4700000000002547,0.6000000000003638,67.82200002670288,-5.401676682851019,5
current7d:500ms,1790790857.9750001,1790791004.414,BUY,4176.02,-3.680000000000291,0.7899999999999636,146.43899989128113,-7.8987559069100906,5
current7d:500ms,1790791134.473,1790791445.459,SELL,4166.02,-1.4199999999991633,3.660000000000764,310.98600006103516,-2.9637677571471186,5
current7d:500ms,1790791606.982,1790791891.472,SELL,4161.81,-1.3599999999996726,1.860000000000582,284.48999977111816,-2.8083077024837864,5
current7d:500ms,1790792377.922,1790792985.923,SELL,4158.67,1.480000000000473,7.050000000000182,608.0010001659393,3.0249273430894292,5
current7d:500ms,1790793367.464,1790793667.959,SELL,4157.48,-0.47000000000025466,1.7899999999999636,300.49500012397766,-0.9712816872981445,5
current7d:500ms,1790793765.4940002,1790793830.427,SELL,4156.78,-0.8900000000003274,1.0900000000001455,64.93299984931946,-1.8327522302589812,5
current7d:500ms,1790794193.425,1790794344.496,BUY,4161.4,-4.069999999999709,0.32999999999992724,151.07100009918213,-8.325292965307051,1
current7d:500ms,1790794401.3539999,1790794780.96,SELL,4156.15,0.02999999999974534,1.9699999999993452,379.6060001850128,0.059492604895379386,5
current7d:500ms,1790795260.714,1790795515.4350002,SELL,4157.29,-2.6899999999996,0.5399999999999636,254.72100019454956,-5.335703835633938,5
current7d:500ms,1790795625.492,1790795888.4550002,BUY,4160.62,-2.9700000000002547,0.9000000000005457,262.9630000591278,-5.772240279528349,5
current7d:500ms,1790796156.355,1790796352.2710001,BUY,4162.63,-1.9700000000002547,0.3499999999994543,195.91600012779236,-3.7434401837660327,5
current7d:500ms,1790796826.976,1790797068.464,SELL,4158.19,-2.130000000000109,3.019999999999527,241.48799991607666,-3.9876744777958204,5
current7d:500ms,1790797581.496,1790797658.881,SELL,4157.69,-1.4600000000000364,0.0,77.38499999046326,-2.689670522018249,5
current7d:500ms,1790798576.983,1790799197.96,SELL,4156.39,1.180000000000291,5.150000000000546,620.9769999980927,2.150039714498104,5
current7d:500ms,1790800474.3379998,1790800742.983,SELL,4151.5,-1.1599999999998545,0.5500000000001819,268.6450002193451,-2.13230370892026,5
current7d:500ms,1790801013.4950001,1790801404.191,SELL,4151.85,1.6400000000003274,4.100000000000364,390.69599986076355,2.9884089425098996,5
current7d:500ms,1790801410.994,1790801557.386,BUY,4150.91,-1.5100000000002183,0.5600000000004002,146.39199995994568,-2.7853665990725265,5
current7d:500ms,1790803217.994,1790803270.819,BUY,4151.53,-1.5900000000001455,0.0,52.825000047683716,-2.899720193720019,5
current7d:500ms,1790803692.418,1790803996.474,BUY,4153.46,0.06999999999970896,1.4899999999997817,304.05599999427795,0.12613828435713278,5
current7d:500ms,1790808455.7089999,1790808483.9550002,SELL,4150.39,-2.6599999999998545,0.07000000000061846,28.246000289916992,-4.795771264363635,5
current7d:500ms,1790808485.96,1790808582.985,BUY,4154.01,-1.2200000000002547,0.9699999999993452,97.02499985694885,-2.155682957038273,5
current7d:500ms,1790808772.4780002,1790809071.4899998,BUY,4155.18,-1.0,1.8499999999994543,299.0119996070862,-1.7507856212958388,5
current7d:500ms,1790809092.972,1790809170.449,SELL,4153.81,-2.009999999999309,0.0,77.47699999809265,-3.4926860055624003,5
current7d:500ms,1790828358.355,1790828702.122,BUY,4163.83,-0.36999999999989086,0.8299999999999272,343.7669999599457,-0.6332400461147418,5
current7d:500ms,1790849166.951,1790849250.408,SELL,4178.92,-1.4600000000000364,0.0,83.45700001716614,-2.491797014272932,5
current7d:500ms,1790849553.4689999,1790850104.966,SELL,4178.17,12.149999999999636,12.149999999999636,551.4970002174377,20.509464944618543,2
current7d:500ms,1790850222.4659998,1790850702.4620001,SELL,4162.23,4.799999999999272,7.399999999999636,479.996000289917,8.8408454074841,5
current7d:500ms,1790851199.444,1790851275.916,SELL,4160.55,-1.699999999999818,0.06000000000040018,76.47199988365173,-3.243853527429502,5
current7d:500ms,1790851939.345,1790852021.365,SELL,4162.65,-2.2600000000002183,0.4600000000000364,82.01999998092651,-4.257433725058398,5
current7d:500ms,1790852044.259,1790852175.973,BUY,4165.42,0.11999999999989086,1.019999999999527,131.71399998664856,0.2222267375264305,5
current7d:500ms,1790852627.499,1790852837.423,BUY,4166.19,-1.1199999999998909,1.4500000000007276,209.92400002479553,-2.075982921510257,5
current7d:500ms,1790852947.3209999,1790853423.4950001,SELL,4162.05,1.5100000000002183,3.5399999999999636,476.1740002632141,2.7753593250935777,5
current7d:500ms,1790853471.4540002,1790853497.997,SELL,4157.53,-1.7899999999999636,0.0,26.542999744415283,-3.3272546902749336,5
current7d:500ms,1790853550.449,1790853782.465,SELL,4156.42,-1.7100000000000364,1.3800000000001091,232.01600003242493,-3.1358785286365376,5
current7d:500ms,1790854330.303,1790854487.912,SELL,4154.75,-3.4399999999996,0.06999999999970896,157.60899996757507,-6.227528333088791,5
current7d:500ms,1790854861.9139998,1790855229.979,SELL,4155.75,3.3100000000004,6.4099999999998545,368.06500029563904,5.83758730172663,5
current7d:500ms,1790856133.8140001,1790856174.38,BUY,4155.66,-2.3099999999994907,0.0,40.56599998474121,-4.175101960420492,5
current7d:500ms,1790856257.4129999,1790856944.987,BUY,4157.06,2.699999999999818,5.289999999999964,687.574000120163,4.795443489689826,5
current7d:500ms,1790857459.9859998,1790857504.9529998,BUY,4162.92,-3.0399999999999636,0.0,44.967000007629395,-5.508650262919697,5
current7d:500ms,1790857811.479,1790857870.368,BUY,4161.67,-2.2600000000002183,0.019999999999527063,58.888999938964844,-4.001874955082933,5
current7d:500ms,1790859322.961,1790860016.4689999,SELL,4156.34,2.5799999999999272,5.8400000000001455,693.5079998970032,4.491075836483163,5
current7d:500ms,1790860732.967,1790861004.487,BUY,4163.89,-1.5200000000004366,1.5499999999992724,271.5199999809265,-2.6971034085113343,5
current7d:500ms,1790861069.3820002,1790861143.4950001,BUY,4164.71,0.5600000000004002,0.8699999999998909,74.11299991607666,0.9823418425046342,5
current7d:500ms,1790861400.997,1790861977.923,BUY,4168.3,0.5799999999999272,4.309999999999491,576.9260001182556,1.0216986667509824,5
current7d:500ms,1790862196.463,1790862561.91,BUY,4172.47,0.46999999999934516,5.009999999999309,365.4470000267029,0.8315297177526249,8
current7d:500ms,1790862849.486,1790863006.8019998,BUY,4178.12,-2.4399999999996,0.6599999999998545,157.31599974632263,-4.332094677492102,5
current7d:500ms,1790863546.977,1790863874.4620001,SELL,4171.4,-0.6000000000003638,1.1700000000000728,327.4850001335144,-1.0457747569419555,5
current7d:500ms,1790865385.777,1790866328.983,BUY,4175.37,6.520000000000437,8.760000000000218,943.2060000896454,11.312947306481986,5
current7d:500ms,1790866500.956,1790866718.9329998,BUY,4184.39,-1.0799999999999272,1.389999999999418,217.97699975967407,-1.9655586601455202,5
current7d:500ms,1790868244.424,1790868338.436,SELL,4175.14,-1.9299999999993815,0.0,94.01200008392334,-3.4840746625424526,5
current7d:500ms,1790868704.38,1790869003.9740002,BUY,4183.86,-0.3599999999996726,1.2899999999999636,299.5940001010895,-0.640472210076711,5
current7d:500ms,1790871227.273,1790871580.407,SELL,4173.7,-0.11999999999989086,3.630000000000109,353.1340000629425,-0.21291431170316844,5
current7d:500ms,1790871886.8070002,1790872278.978,SELL,4171.23,0.049999999999272404,3.869999999999891,392.1709997653961,0.08863445367488905,5
current7d:500ms,1790872690.499,1790873102.468,SELL,4165.13,-0.019999999999527063,5.650000000000546,411.9689998626709,-0.035467076637684086,5
current7d:500ms,1790874016.985,1790874481.973,SELL,4160.86,3.9200000000000728,8.759999999999309,464.98800015449524,6.950504289097446,5
current7d:500ms,1790874838.96,1790875016.978,SELL,4153.72,-1.8400000000001455,1.949999999999818,178.01799988746643,-3.3583985642763055,5
current7d:500ms,1790875620.992,1790875696.479,BUY,4163.79,-4.269999999999527,1.3400000000001455,75.48699998855591,-7.686122215031837,1
current7d:500ms,1790875813.952,1790875881.471,BUY,4164.63,-4.010000000000218,0.0,67.51900005340576,-6.986954647751231,1
current7d:500ms,1790875993.973,1790876045.473,BUY,4168.32,-4.329999999999927,0.21000000000003638,51.5,-7.317615761220935,1
current7d:500ms,1790876168.4940002,1790876488.797,BUY,4167.96,-0.10999999999967258,6.779999999999745,320.30299973487854,-0.1798608269812879,8
current7d:500ms,1790876988.488,1790877029.9689999,BUY,4170.03,-1.8299999999999272,0.25,41.48099994659424,-2.989761531756259,5
current7d:500ms,1790877543.473,1790878030.901,SELL,4160.48,5.4399999999996,8.069999999999709,487.4279999732971,8.765614851227578,5
current7d:500ms,1790878087.959,1790878116.9550002,SELL,4152.76,-2.2899999999999636,0.3400000000001455,28.996000051498413,-3.8404865691345944,5
current7d:500ms,1790878181.987,1790878346.9299998,SELL,4152.21,-2.430000000000291,1.8999999999996362,164.94299983978271,-4.00528327332482,5
current7d:500ms,1790879282.443,1790879470.488,BUY,4168.52,-4.0,0.0,188.04499983787537,-6.472900387930856,1
current7d:500ms,1790879865.405,1790880125.471,BUY,4167.18,0.6799999999993815,6.369999999999891,260.0659999847412,1.0673812739688275,8
current7d:500ms,1790880647.8579998,1790880900.467,SELL,4163.15,-3.1400000000003274,2.5999999999994543,252.60900020599365,-4.953926829392434,5
current7d:500ms,1790880957.669,1790881286.248,BUY,4167.23,2.6700000000000728,4.600000000000364,328.5789999961853,4.113213103928286,5
current7d:500ms,1790881445.853,1790881894.487,BUY,4172.48,0.24000000000069122,3.990000000000691,448.6340000629425,0.37713080416597045,5
current7d:500ms,1790882093.481,1790882291.471,SELL,4169.52,-2.3299999999999272,0.7300000000004729,197.99000000953674,-3.6679019179034373,5
current7d:500ms,1790883396.756,1790883439.477,SELL,4166.82,-0.6300000000001091,0.26999999999952706,42.72099995613098,-0.9744194674205805,5
current7d:500ms,1790883500.763,1790883771.978,SELL,4164.75,-1.4200000000000728,1.8699999999998909,271.2149999141693,-2.185932978286344,5
current7d:500ms,1790884192.999,1790884650.415,SELL,4163.92,3.0,3.930000000000291,457.4159998893738,4.568984771973556,5
current7d:500ms,1790885187.957,1790885487.405,BUY,4171.66,-0.819999999999709,0.8100000000004002,299.44799995422363,-1.2769550940199559,5
current7d:500ms,1790885749.98,1790885823.965,BUY,4173.19,-0.25,0.680000000000291,73.98499989509583,-0.38692128664395925,5
current7d:500ms,1790886645.427,1790886648.486,BUY,4185.79,-4.329999999999927,0.0,3.059000015258789,-6.6889114158895,1
current7d:500ms,1790887042.477,1790887269.408,BUY,4179.21,-4.069999999999709,0.0,226.93099999427795,-6.083088753318389,1
current7d:500ms,1790887584.889,1790887788.907,BUY,4178.37,-1.0,1.4600000000000364,204.018000125885,-1.4489932356569484,5
current7d:500ms,1790888056.9699998,1790888172.418,SELL,4173.66,0.13000000000010914,5.210000000000036,115.44800019264221,0.1869563522307947,8
current7d:500ms,1790888225.4550002,1790888395.999,SELL,4169.55,-1.6199999999998909,2.369999999999891,170.54399991035461,-2.3320352936304714,5
current7d:500ms,1790888468.29,1790888503.9889998,SELL,4167.46,-4.0,0.0,35.698999881744385,-5.688150777316094,1
current7d:500ms,1790889832.997,1790889916.9529998,BUY,4178.53,-4.1799999999993815,1.610000000000582,83.9559998512268,-5.765794035425607,1
current7d:500ms,1790890366.415,1790890394.956,BUY,4174.27,-0.8600000000005821,0.03999999999996362,28.54100012779236,-1.149074473081554,5
current7d:500ms,1790890489.813,1790890780.42,BUY,4177.01,-0.23999999999978172,4.9299999999993815,290.60700011253357,-0.31860361192419406,8
current7d:500ms,1790892381.496,1790892517.401,SELL,4174.35,-1.4099999999998545,0.7400000000006912,135.90499997138977,-1.868426986860051,5
current7d:500ms,1790892960.4819999,1790893073.432,BUY,4178.44,-2.5399999999999636,0.12000000000080036,112.95000004768372,-3.3302252932939,5
current7d:500ms,1790893870.8620002,1790894030.839,BUY,4178.88,-2.369999999999891,0.18999999999959982,159.97699975967407,-3.048141444272448,5
current7d:500ms,1790894318.966,1790894490.708,SELL,4174.98,-1.550000000000182,0.7999999999992724,171.74199986457825,-1.9580755829774452,5
current7d:500ms,1790894676.2910001,1790894790.957,BUY,4177.35,-1.2000000000007276,0.0,114.66599988937378,-1.498306803349375,5
current7d:500ms,1790895068.9580002,1790895141.479,BUY,4180.04,-4.319999999999709,0.0,72.52099990844727,-5.3453593516256,1
current7d:500ms,1790918211.994,1790919166.887,BUY,4158.18,0.7799999999997453,4.059999999999491,954.893000125885,0.9338639751695947,5
current7d:500ms,1790931844.4,1790932044.665,BUY,4191.68,0.2899999999999636,5.0,200.2649998664856,0.34923699106809225,8
current7d:500ms,1790932078.605,1790932150.993,BUY,4194.37,-0.4399999999995998,0.7799999999997453,72.38800001144409,-0.531029296104455,5
current7d:500ms,1790932943.9139998,1790933141.988,BUY,4192.06,-3.110000000000582,0.0,198.07400012016296,-3.7410253573198755,5
current7d:500ms,1790933581.829,1790933762.99,SELL,4186.55,-1.5100000000002183,1.25,181.16100001335144,-1.7740149745012632,5
current7d:500ms,1790933809.4060001,1790934568.9750001,SELL,4183.05,2.7600000000002183,3.449999999999818,759.569000005722,3.2058483069968053,5
current7d:500ms,1790935570.407,1790935613.893,SELL,4179.07,-1.9900000000006912,0.9899999999997817,43.48599982261658,-2.3593103768969272,5
current7d:500ms,1790936007.446,1790936227.9699998,BUY,4183.93,0.5,5.130000000000109,220.52399969100952,0.5839441380705832,8
current7d:500ms,1790936713.98,1790936839.46,BUY,4186.74,0.38000000000010914,1.9600000000000364,125.48000001907349,0.44546178572727235,5
current7d:500ms,1790937950.467,1790938089.1379998,SELL,4180.6,-1.8299999999999272,0.0,138.67099976539612,-2.1513641416423748,5
current7d:500ms,1790938649.9740002,1790938839.979,BUY,4188.31,-3.050000000000182,3.589999999999236,190.00499987602234,-3.5363944479975755,5
current7d:500ms,1790939034.965,1790939057.337,BUY,4189.53,-3.8099999999994907,0.020000000000436557,22.371999979019165,-4.31654190467083,5
current7d:500ms,1790939175.4899998,1790939493.934,BUY,4189.64,-0.7200000000002547,6.670000000000073,318.4440002441406,-0.7924151281411506,5
current7d:500ms,1790940183.4529998,1790940208.9889998,SELL,4184.22,-0.8299999999999272,0.06000000000040018,25.53600001335144,-0.9085457663229669,5
current7d:500ms,1790940519.481,1790940573.966,SELL,4183.59,-0.3099999999994907,0.8900000000003274,54.485000133514404,-0.33722400164713595,5
current7d:500ms,1790940749.481,1790940960.4499998,SELL,4182.0,-1.5100000000002183,0.6300000000001091,210.9689998626709,-1.6387881720138795,5
current7d:500ms,1790941275.335,1790941765.9699998,SELL,4182.36,0.8999999999996362,2.899999999999636,490.6349997520447,0.9656993419658526,5
current7d:500ms,1790942202.3,1790942421.96,BUY,4185.63,-2.6099999999996726,0.8099999999994907,219.6600000858307,-2.8194316563207327,5
current7d:500ms,1790942471.819,1790942722.982,SELL,4182.22,-1.0,1.0300000000006548,251.16300010681152,-1.0590962764937195,5
current7d:500ms,1790943022.922,1790943478.349,BUY,4184.34,1.0900000000001455,4.1599999999998545,455.42700004577637,1.145756829317971,5
current7d:500ms,1790944253.922,1790944291.452,BUY,4188.67,-1.9200000000000728,0.0,37.52999997138977,-2.0347127628286876,5
current7d:500ms,1790944660.983,1790944813.461,SELL,4182.66,-2.100000000000364,0.6899999999995998,152.4779999256134,-2.193420358329621,5
current7d:500ms,1790945223.498,1790945345.458,SELL,4180.7,-4.289999999999964,0.9600000000000364,121.96000003814697,-4.41027114627187,1
current7d:500ms,1790946134.977,1790946264.9580002,SELL,4182.79,-3.180000000000291,0.8100000000004002,129.98100018501282,-3.1639670716569657,5
current7d:500ms,1790946471.901,1790947068.2700002,SELL,4178.56,6.240000000000691,8.320000000000618,596.3690001964569,6.060465500524376,5
current7d:500ms,1790947237.4899998,1790947529.359,SELL,4168.51,-2.199999999999818,2.2600000000002183,291.8690001964569,-2.2367002610713125,5
current7d:500ms,1790948364.722,1790948401.823,BUY,4178.99,-0.9499999999998181,0.0,37.1010000705719,-0.9499113506478314,5
current7d:500ms,1790948706.4899998,1790948939.554,BUY,4182.53,-2.259999999999309,0.18000000000029104,233.0640001296997,-2.2436881104632125,5
current7d:500ms,1790949613.4659998,1790949820.9950001,BUY,4183.7,-2.199999999999818,0.7600000000002183,207.5290002822876,-2.147100315655311,5
current7d:500ms,1790950068.349,1790950312.9539998,BUY,4186.31,-1.5600000000004002,1.9199999999991633,244.6049997806549,-1.497368241044745,5
current7d:500ms,1790952339.476,1790952415.9689999,SELL,4178.43,-0.9099999999998545,0.19000000000050932,76.492999792099,-0.8632452690306088,5
current7d:500ms,1790952672.472,1790952737.401,SELL,4176.76,-2.3400000000001455,0.0,64.92900013923645,-2.204623594464856,5
current7d:500ms,1790953027.458,1790953190.726,BUY,4184.52,-2.910000000000764,0.6699999999991633,163.268000125885,-2.69353138060379,5
current7d:500ms,1790953385.9299998,1790953565.387,SELL,4179.37,-0.7300000000004729,1.1400000000003274,179.45700025558472,-0.6609497912381003,5
current7d:500ms,1790953740.464,1790953781.457,BUY,4182.29,-3.3400000000001455,0.0,40.99300003051758,-3.0075148553101982,5
current7d:500ms,1790953872.728,1790954195.456,SELL,4178.24,0.13999999999941792,3.3299999999999272,322.728000164032,0.1229056063305778,5
current7d:500ms,1790954294.445,1790954595.88,BUY,4179.17,-0.010000000000218279,3.4700000000002547,301.4350001811981,-0.008788189801458677,5
current7d:500ms,1790955023.48,1790955077.332,BUY,4210.06,12.210000000000036,12.210000000000036,53.85199999809265,10.729574968865785,2
current7d:500ms,1790955354.9459999,1790955369.956,BUY,4225.31,-4.690000000000509,0.0,15.010000228881836,-4.498764691748229,1
current7d:500ms,1790956010.904,1790956108.464,BUY,4214.43,-3.5100000000002183,0.06999999999970896,97.55999994277954,-3.2484493516934627,5
current7d:500ms,1790956631.901,1790956647.4099998,BUY,4215.23,-4.079999999999927,0.0,15.508999824523926,-3.6765727646268616,1
current7d:500ms,1790956707.421,1790957106.483,BUY,4215.31,3.5499999999992724,9.919999999999163,399.0620000362396,3.1010900036768585,5
current7d:500ms,1790957178.4910002,1790957539.4950001,SELL,4213.68,12.11999999999989,12.11999999999989,361.0039999485016,10.869272417833066,2
current7d:500ms,1790957594.441,1790958139.4780002,SELL,4198.79,12.050000000000182,12.050000000000182,545.0370001792908,11.788806586749434,2
current7d:500ms,1790958144.381,1790958298.9889998,SELL,4187.34,-3.6599999999998545,2.8900000000003274,154.60799980163574,-3.904269305744066,5
current7d:500ms,1790959385.4220002,1790959525.804,SELL,4190.0,0.6099999999996726,6.430000000000291,140.38199973106384,0.6328495188832512,8
current7d:500ms,1790959613.936,1790959665.4780002,SELL,4187.38,-4.260000000000218,0.0,51.54200005531311,-4.4397915920369035,1
current7d:500ms,1790959968.9910002,1790960266.928,SELL,4186.14,-2.1700000000000728,7.579999999999927,297.93699979782104,-2.189326371820797,5
current7d:500ms,1790960901.811,1790961198.476,SELL,4184.0,-0.7600000000002183,4.109999999999673,296.664999961853,-0.7542895228991562,5
current7d:500ms,1790961303.956,1790961325.9740002,BUY,4190.57,-4.210000000000036,0.0,22.01800012588501,-4.154550270688884,1
current7d:500ms,1790961913.467,1790962358.4889998,SELL,4180.96,6.850000000000364,11.510000000000218,445.021999835968,6.546338923838626,8
current7d:500ms,1790962445.273,1790962484.978,SELL,4171.08,-3.8100000000004,0.8099999999994907,39.704999923706055,-3.8281640142854174,5
current7d:500ms,1790963290.88,1790963603.425,SELL,4174.46,12.159999999999854,12.159999999999854,312.54499983787537,11.868843728958916,2
current7d:500ms,1790963675.4550002,1790963997.498,SELL,4159.61,0.4399999999995998,3.6700000000000728,322.0429997444153,0.4686319244977356,5
current7d:500ms,1790964063.9,1790964683.967,SELL,4155.57,8.799999999999272,11.029999999999745,620.066999912262,9.403568196979311,5
current7d:500ms,1790964693.365,1790964860.467,SELL,4143.78,-1.75,1.3299999999999272,167.10199999809265,-1.9934495990302576,5
current7d:500ms,1790964929.9859998,1790965065.961,SELL,4143.63,0.4099999999998545,4.029999999999745,135.97500014305115,0.4609069056841929,5
current7d:500ms,1790965178.46,1790965232.956,SELL,4141.82,-1.2400000000006912,0.4099999999998545,54.49600005149841,-1.3982487831226718,5
current7d:500ms,1790965240.4620001,1790965245.959,SELL,4140.9,-1.0700000000006185,0.1999999999998181,5.496999979019165,-1.195332438951958,5
current7d:500ms,1790965456.849,1790965601.966,SELL,4139.47,-2.0599999999994907,5.510000000000218,145.11700010299683,-2.282826342078945,8
current7d:500ms,1790966189.4220002,1790966272.959,BUY,4147.44,-3.4299999999993815,0.0,83.53699994087219,-3.7422909687244506,5
current7d:500ms,1790966392.848,1790966902.978,SELL,4140.04,3.149999999999636,8.069999999999709,510.12999987602234,3.348386204284531,8
current7d:500ms,1790967163.982,1790967680.987,SELL,4129.88,-0.4899999999997817,4.210000000000036,517.0049998760223,-0.5331653955226066,5
current7d:500ms,1790968621.952,1790968946.9750001,BUY,4137.79,0.13000000000010914,3.149999999999636,325.0230002403259,0.14093220744962606,5
current7d:500ms,1790969448.445,1790969900.324,BUY,4138.73,-0.41999999999916326,2.2200000000002547,451.8789999485016,-0.4557633759048142,5
current7d:500ms,1790970378.256,1790970606.4940002,BUY,4139.09,-2.4600000000000364,0.32999999999992724,228.23800015449524,-2.661062367448111,5
current7d:500ms,1790970809.4750001,1790970956.85,BUY,4139.03,-0.17000000000007276,0.8299999999999272,147.37499976158142,-0.18050169932961838,5
current7d:500ms,1790971104.424,1790971128.964,BUY,4140.13,-1.1300000000001091,0.0,24.539999961853027,-1.1982756612887764,5
current7d:500ms,1790971263.451,1790971572.484,BUY,4140.98,0.0500000000001819,2.1200000000008004,309.0329999923706,0.0525716935868832,5
current7d:500ms,1790972159.4780002,1790972305.4540002,SELL,4134.68,-1.9200000000000728,0.0,145.9760000705719,-2.0195100661166987,5
current7d:500ms,1790972686.915,1790972948.4780002,SELL,4132.57,-1.1500000000005457,2.369999999999891,261.56300020217896,-1.192184109031411,5
current7d:500ms,1790973880.206,1790973971.922,BUY,4138.3,-2.2899999999999636,0.3899999999994179,91.71599984169006,-2.3535256376496396,5
current7d:500ms,1790974301.493,1790974520.4259999,BUY,4139.79,-0.27999999999974534,0.21000000000003638,218.93299984931946,-0.28282492303487483,5
current7d:500ms,1790975224.957,1790975366.4750001,BUY,4139.24,-1.199999999999818,0.0,141.518000125885,-1.2095613887002117,5
current7d:500ms,1790975577.854,1790975822.978,BUY,4139.26,-1.5399999999999636,1.800000000000182,245.12399983406067,-1.5383000147926493,5
current7d:500ms,1790976480.973,1790976814.4819999,BUY,4138.49,0.9200000000000728,2.119999999999891,333.5089998245239,0.9083701543196073,5
current7d:500ms,1790976981.9950001,1790977168.9529998,BUY,4140.69,-1.139999999999418,0.9700000000002547,186.9579997062683,-1.1333556690843651,5
current7d:500ms,1790977528.994,1790977664.999,BUY,4143.19,-0.8499999999994543,0.0500000000001819,136.00500011444092,-0.8378207512250163,5
current7d:500ms,1790978358.47,1790978620.983,BUY,4146.66,-2.649999999999636,1.050000000000182,262.5130000114441,-2.5953777134487153,5
current7d:500ms,1790979240.2510002,1790979363.947,BUY,4148.18,-1.2100000000000364,1.0099999999993088,123.69599986076355,-1.161506205089498,5
current7d:500ms,1790981024.4750001,1790981569.467,SELL,4144.0,1.7200000000002547,3.2399999999997817,544.9919998645782,1.6360832416520061,5
current7d:500ms,1791174656.405,1791174711.3660002,SELL,4154.82,-1.1400000000003274,0.0,54.961000204086304,-1.0983692649042371,5
current7d:500ms,1791191597.1100001,1791191952.5049999,BUY,4149.74,2.5,4.289999999999964,355.39499974250793,2.3881101045811195,5
current7d:500ms,1791192356.23,1791192450.4689999,BUY,4155.59,-2.1500000000005457,0.0,94.23899984359741,-2.0922829653766644,5
current7d:500ms,1791192551.479,1791192593.978,BUY,4155.73,-1.3699999999998909,0.17000000000007276,42.49899983406067,-1.3117239611656748,5
current7d:500ms,1791192752.421,1791192770.421,BUY,4155.19,-1.5399999999999636,0.0,18.0,-1.459342216128283,5
current7d:500ms,1791193786.907,1791193992.9459999,SELL,4148.58,-2.6400000000003274,0.5599999999994907,206.0389997959137,-2.472834537483797,5
current7d:500ms,1791194793.973,1791195065.407,BUY,4156.17,-1.230000000000473,2.0399999999999636,271.4340000152588,-1.1293041927196814,5
current7d:500ms,1791196062.42,1791196141.8270001,SELL,4151.28,-1.4900000000006912,0.36999999999989086,79.40700006484985,-1.355398925770302,5
current7d:500ms,1791196368.492,1791196498.932,BUY,4153.26,-0.5399999999999636,1.6499999999996362,130.43999981880188,-0.48572903697853287,5
current7d:500ms,1791196861.498,1791197171.912,BUY,4156.87,4.25,9.109999999999673,310.4140000343323,3.807384807610946,8
current7d:500ms,1791198082.312,1791198487.4899998,BUY,4163.46,-1.1099999999996726,2.430000000000291,405.17799973487854,-1.0260958047461524,5
current7d:500ms,1791198575.799,1791198623.3830001,BUY,4166.31,-1.4000000000005457,0.0,47.58400011062622,-1.2834008829200687,5
current7d:500ms,1791198735.1100001,1791199051.8609998,BUY,4168.27,-0.18000000000029104,2.0499999999992724,316.7509996891022,-0.16327609375512356,5
current7d:500ms,1791199615.4750001,1791199734.477,BUY,4168.17,-0.9600000000000364,1.680000000000291,119.0019998550415,-0.8696302454842469,5
current7d:500ms,1791200055.4689999,1791200326.451,SELL,4163.7,-2.6500000000005457,1.7899999999999636,270.98200011253357,-2.3832579223435406,5
current7d:500ms,1791200681.493,1791200939.979,SELL,4161.69,-2.9500000000007276,1.4199999999991633,258.48600006103516,-2.600331124473318,5
current7d:500ms,1791201086.98,1791201243.4529998,BUY,4168.38,-3.2899999999999636,0.5299999999997453,156.47299981117249,-2.8358671344239643,5
current7d:500ms,1791201301.891,1791201513.479,SELL,4163.67,-3.2799999999997453,0.0,211.5880000591278,-2.7574851459734133,5
current7d:500ms,1791201543.303,1791201811.498,BUY,4167.6,-1.1900000000005093,0.7999999999992724,268.1949999332428,-0.9758185071788907,5
current7d:500ms,1791202118.905,1791202139.8179998,BUY,4168.77,-1.3300000000008367,0.0,20.912999868392944,-1.0808868948851582,5
current7d:500ms,1791202764.428,1791202862.424,BUY,4168.0,-0.9099999999998545,1.25,97.99600005149841,-0.73217713817904,5
current7d:500ms,1791202997.443,1791203055.415,BUY,4169.95,-2.550000000000182,0.0,57.97199988365173,-2.037702279657582,5
current7d:500ms,1791203593.3969998,1791204114.429,SELL,4162.85,1.800000000000182,2.6900000000005093,521.0320000648499,1.4108690989829553,5
current7d:500ms,1791204173.8300002,1791204225.8460002,SELL,4159.04,-1.9399999999995998,0.0,52.01600003242493,-1.5411315076269159,5
current7d:500ms,1791210436.996,1791210754.4910002,BUY,4164.18,0.049999999999272404,4.149999999999636,317.49500012397766,0.039141959901267065,5
current7d:500ms,1791213803.833,1791213817.405,BUY,4157.93,-1.8800000000001091,0.0,13.57200002670288,-1.4722895939437513,5
current7d:500ms,1791213908.481,1791214656.468,BUY,4158.22,5.479999999999563,7.869999999999891,747.9869999885559,4.231056437481814,5
current7d:500ms,1791215368.256,1791215631.4659998,SELL,4156.19,-0.9000000000005457,1.199999999999818,263.2099997997284,-0.7234411626567138,5
current7d:500ms,1791216300.488,1791216560.945,SELL,4153.69,1.5299999999997453,6.460000000000036,260.45700001716614,1.221548489173979,8
current7d:500ms,1791217271.98,1791217338.286,SELL,4150.16,-2.1400000000003274,0.0,66.30599999427795,-1.7281769426846767,5
current7d:500ms,1791219339.9859998,1791219659.498,SELL,4138.64,-0.46999999999934516,4.0,319.51200008392334,-0.3734610562118777,5
current7d:500ms,1791220085.449,1791220130.457,SELL,4139.56,-4.789999999999964,0.2600000000002183,45.00800013542175,-3.7927077929542543,1
current7d:500ms,1791220214.912,1791220239.389,BUY,4146.69,-4.029999999999745,0.0,24.47699999809265,-3.0763074540570874,1
current7d:500ms,1791220812.4899998,1791220861.8979998,SELL,4139.4,-2.0700000000006185,0.0,49.407999992370605,-1.532378398711351,5
current7d:500ms,1791221107.894,1791221127.937,SELL,4138.52,-1.6499999999996362,0.0,20.042999982833862,-1.202497859766394,5
current7d:500ms,1791221478.449,1791221726.39,SELL,4134.67,-1.819999999999709,1.5200000000004366,247.9410002231598,-1.309977482865688,5
current7d:500ms,1791222158.386,1791222352.477,BUY,4142.4,-4.059999999999491,0.0,194.09100008010864,-2.8823686474241494,1
current7d:500ms,1791222653.8969998,1791223179.903,BUY,4143.29,3.630000000000109,4.930000000000291,526.0060002803802,2.4986206638574444,5
current7d:500ms,1791224002.4099998,1791224553.994,SELL,4139.63,12.569999999999709,12.569999999999709,551.5840001106262,8.887805877599314,2
current7d:500ms,1791224568.9529998,1791224574.963,SELL,4123.67,-4.109999999999673,0.07999999999992724,6.010000228881836,-3.1800033828381644,1
current7d:500ms,1791228338.465,1791228632.568,SELL,4127.75,-0.569999999999709,1.300000000000182,294.103000164032,-0.4274278525011408,5
current7d:500ms,1791260762.268,1791261094.492,SELL,4137.28,0.8499999999994543,3.009999999999309,332.2240002155304,0.6346675590647316,5
current7d:500ms,1791266686.2940001,1791266940.276,BUY,4133.23,-4.009999999999309,0.0,253.981999874115,-3.0132251701927135,1
current7d:500ms,1791278895.345,1791279148.0449998,BUY,4134.57,-1.389999999999418,0.4000000000005457,252.69999980926514,-1.0130716629042056,5
current7d:500ms,1791279960.345,1791280261.888,BUY,4133.18,-0.3000000000001819,1.3800000000001091,301.54299998283386,-0.2163691490977255,5
current7d:500ms,1791280867.432,1791280964.372,SELL,4130.15,-1.660000000000764,0.46999999999934516,96.94000005722046,-1.1945488291009714,5
current7d:500ms,1791281457.443,1791281573.164,SELL,4128.95,-2.119999999999891,0.4099999999998545,115.72099995613098,-1.5065750577695625,5
current7d:500ms,1791281628.4339998,1791281863.896,BUY,4132.73,5.5700000000006185,10.3700000000008,235.46200013160706,3.8953755966681918,8
current7d:500ms,1791281924.3769999,1791282011.962,BUY,4140.51,-2.4899999999997817,0.9699999999993452,87.58500003814697,-1.8141258943309444,5
current7d:500ms,1791287964.174,1791288220.767,BUY,4155.6,-1.5100000000002183,0.8899999999994179,256.59299993515015,-1.079587594704676,5
current7d:500ms,1791288854.411,1791288969.248,SELL,4150.11,-2.480000000000473,0.0,114.83699989318848,-1.753017177273403,5
current7d:500ms,1791289039.468,1791289394.8009999,BUY,4154.18,0.8999999999996362,3.1599999999998545,355.3329999446869,0.6243427225796689,5
block:20260928T150531Z:500ms,1790619042.9950001,1790619268.4550002,SELL,4119.72,-1.9600000000000364,1.0200000000004366,225.46000003814697,-7.3500000000001355,5
block:20260928T150531Z:500ms,1790619332.3980002,1790619644.994,BUY,4123.04,-0.11999999999989086,3.600000000000364,312.5959997177124,-0.44338499999959663,5
block:20260928T150531Z:500ms,1790620000.909,1790620058.2350001,BUY,4124.93,-1.4900000000006912,0.0,57.32600021362305,-5.500408922627555,5
block:20260928T150531Z:500ms,1790620201.9420002,1790620226.418,BUY,4125.89,-1.110000000000582,0.0,24.47599983215332,-4.051829165596252,5
block:20260928T150531Z:500ms,1790620473.9550002,1790620569.7779999,SELL,4120.84,-2.389999999999418,0.0,95.82299971580505,-8.651579706141487,5
block:20260928T150531Z:500ms,1790620608.484,1790620742.985,BUY,4124.71,-2.7799999999997453,0.3599999999996726,134.50099992752075,-9.882958321736583,5
block:20260928T150531Z:500ms,1790621231.456,1790621401.9550002,SELL,4117.48,-2.6400000000003274,1.839999999999236,170.49900007247925,-9.189572809902328,5
block:20260928T150531Z:500ms,1790622160.401,1790622325.449,SELL,4121.73,-1.3200000000006185,0.7999999999992724,165.0479998588562,-4.503809634134671,5
block:20260928T150531Z:500ms,1790622687.463,1790623000.459,SELL,4119.48,-1.360000000000582,2.649999999999636,312.9960000514984,-4.594349855688553,5
block:20260928T150531Z:500ms,1790623002.485,1790623506.965,BUY,4123.42,12.0,12.0,504.4800000190735,40.124889592575556,2
block:20260928T150531Z:500ms,1790623595.4689999,1790623770.944,BUY,4141.03,1.8900000000003274,6.890000000000327,175.47500014305115,6.888440420806603,8
block:20260928T150531Z:500ms,1790625799.9169998,1790625838.9699998,SELL,4127.4,-1.300000000000182,0.0,39.05299997329712,-4.805243006826834,5
block:20260928T150531Z:500ms,1790625972.9750001,1790626278.052,SELL,4127.22,0.3100000000004002,0.7700000000004366,305.0769999027252,1.1346934500999077,5
block:20260928T150531Z:500ms,1790626306.4750001,1790626361.9889998,BUY,4140.47,-0.3400000000001455,5.869999999999891,55.513999700546265,-1.2473959619546453,8
block:20260928T150531Z:500ms,1790627127.407,1790627225.465,BUY,4137.62,-2.649999999999636,0.32999999999992724,98.05799984931946,-9.697558885191278,5
block:20260928T150531Z:500ms,1790628484.408,1790628538.1699998,SELL,4135.64,-2.0399999999999636,0.0,53.76199984550476,-7.316917962563206,5
block:20260928T150531Z:500ms,1790628928.356,1790629387.596,SELL,4136.52,1.230000000000473,2.4200000000000728,459.24000000953674,4.344172556283744,5
block:20260928T150531Z:500ms,1790629467.437,1790629655.9689999,BUY,4137.28,-1.5799999999999272,0.5900000000001455,188.53199982643127,-5.631797663430463,5
block:20260928T150531Z:500ms,1790631132.677,1790631426.973,SELL,4133.64,-1.2100000000000364,1.6900000000005093,294.2960000038147,-4.261850406300177,5
block:20260928T150531Z:500ms,1790631675.393,1790632029.9740002,BUY,4137.34,0.5999999999994543,1.769999999999527,354.58100032806396,2.0941359242276203,5
block:20260928T150531Z:500ms,1790632216.963,1790632433.2870002,BUY,4140.56,-2.2600000000002183,0.8699999999998909,216.32400012016296,-7.923407585180966,5
block:20260929T132027Z:500ms,1790699048.987,1790699120.277,BUY,4159.22,-1.0700000000006185,0.42999999999938154,71.28999996185303,-4.012500000002319,5
block:20260929T132027Z:500ms,1790699421.481,1790699447.91,SELL,4153.72,-4.099999999999454,0.0,26.42900013923645,-15.2516156249979,1
block:20260929T132027Z:500ms,1790699486.981,1790699541.4390001,BUY,4160.23,-4.369999999999891,0.0,54.45800018310547,-15.756118610390223,1
block:20260929T132027Z:500ms,1790699861.459,1790699913.96,BUY,4161.99,-4.0,0.0,52.50099992752075,-13.949392972938286,1
block:20260929T132027Z:500ms,1790700004.458,1790700169.96,BUY,4159.91,1.3699999999998909,3.2200000000002547,165.50200009346008,4.634337080434053,5
block:20260929T132027Z:500ms,1790700305.4499998,1790700366.9859998,SELL,4154.05,-4.75,0.06000000000040018,61.53600001335144,-16.23305528919375,1
block:20260929T132027Z:500ms,1790700635.4950001,1790700749.964,BUY,4160.32,-0.5999999999994543,1.4500000000007276,114.4689998626709,-1.9774424456213036,5
block:20260929T132027Z:500ms,1790700817.492,1790700970.949,BUY,4164.13,-2.9099999999998545,0.07999999999992724,153.45699977874756,-9.547438179895883,5
block:20260929T132027Z:500ms,1790701377.868,1790701837.982,BUY,4164.16,2.5100000000002183,4.930000000000291,460.114000082016,8.05534501974865,5
block:20260929T132027Z:500ms,1790702197.48,1790702210.947,BUY,4167.91,-1.550000000000182,0.0,13.467000007629395,-5.068059633109882,5
block:20260929T132027Z:500ms,1790702278.412,1790702287.976,BUY,4168.34,-1.9400000000005093,0.0,9.564000129699707,-6.269508563457327,5
block:20260929T132027Z:500ms,1790702306.9539998,1790702647.941,BUY,4168.96,2.449999999999818,6.0600000000004,340.9870002269745,7.8024761205925,5
block:20260929T132027Z:500ms,1790703341.488,1790703700.473,SELL,4166.97,-0.09000000000014552,3.9000000000005457,358.9850001335144,-0.29188824315876044,5
block:20260929T132027Z:500ms,1790703740.965,1790703915.42,BUY,4168.54,-1.819999999999709,2.0299999999997453,174.45500016212463,-5.898644642680885,5
block:20260929T132027Z:500ms,1790704005.8830001,1790704252.98,SELL,4164.27,-1.4099999999998545,1.360000000000582,247.09699988365173,-4.507450924211635,5
block:20260929T132027Z:500ms,1790705099.359,1790705201.9,SELL,4168.21,0.569999999999709,2.25,102.54100012779236,1.8028916592136042,5
block:20260929T132027Z:500ms,1790705292.992,1790705778.992,SELL,4163.62,0.9499999999998181,2.800000000000182,486.0,3.0176650350955274,5
block:20260929T132027Z:500ms,1790705831.467,1790705853.96,SELL,4161.29,-0.5299999999997453,0.0,22.493000030517578,-1.6955346591462541,5
block:20260929T132027Z:500ms,1790705937.96,1790706602.968,SELL,4160.41,6.930000000000291,11.840000000000146,665.0079998970032,22.08179003493932,8
block:20260929T132027Z:500ms,1790707310.474,1790707573.767,SELL,4155.64,-1.3499999999994543,1.550000000000182,263.29299998283386,-4.525225533505514,5
block:20260929T132027Z:500ms,1790707779.872,1790707939.978,BUY,4160.65,-2.7899999999999636,0.0,160.10599994659424,-9.257442424959786,5
block:20260929T132027Z:500ms,1790708052.492,1790708219.407,SELL,4154.62,-2.699999999999818,0.569999999999709,166.91499996185303,-8.771352040855177,5
block:20260929T132027Z:500ms,1790708319.9459999,1790708505.9459999,BUY,4159.0,-2.9799999999995634,0.0,186.0,-9.484934015867045,5
block:20260929T132027Z:500ms,1790708710.9980001,1790709051.9699998,SELL,4152.98,0.9499999999998181,1.9199999999991633,340.97199964523315,2.956140420664909,5
block:20260929T132027Z:500ms,1790709412.449,1790709568.708,SELL,4150.91,-0.11000000000058208,0.8999999999996362,156.2590000629425,-0.3447287592943488,5
block:20260929T132027Z:500ms,1790711032.459,1790711378.985,SELL,4150.08,1.680000000000291,5.100000000000364,346.5259997844696,5.260604741374179,5
block:20260929T132027Z:500ms,1790711706.4060001,1790712061.4659998,SELL,4146.46,0.7399999999997817,1.7200000000002547,355.05999970436096,2.3463674923950166,5
block:20260929T132027Z:500ms,1790713167.928,1790713213.866,BUY,4148.71,-1.6400000000003274,0.0,45.937999963760376,-5.228918006007452,5
block:20261001T171601Z:500ms,1790886645.427,1790886648.486,BUY,4185.79,-4.329999999999927,0.0,3.059000015258789,-16.237499999999727,1
block:20261001T171601Z:500ms,1790887042.477,1790887269.408,BUY,4179.21,-4.069999999999709,0.0,226.93099999427795,-14.766850312498955,1
block:20261001T171601Z:500ms,1790887584.889,1790887788.907,BUY,4178.37,-1.0,1.4600000000000364,204.018000125885,-3.51746737265626,5
block:20261001T171601Z:500ms,1790888056.9699998,1790888172.418,SELL,4173.66,0.13000000000010914,5.210000000000036,115.44800019264221,0.453841227757355,8
block:20261001T171601Z:500ms,1790888225.4550002,1790888395.999,SELL,4169.55,-1.6199999999998909,2.369999999999891,170.54399991035461,-5.661074086042239,5
block:20261001T171601Z:500ms,1790888468.29,1790888503.9889998,SELL,4167.46,-4.0,0.0,35.698999881744385,-13.808128483696807,1
block:20261001T171601Z:500ms,1790889832.997,1790889916.9529998,BUY,4178.53,-4.1799999999993815,1.610000000000582,83.9559998512268,-13.996609437497197,1
block:20261001T171601Z:500ms,1790890366.415,1790890394.956,BUY,4174.27,-0.8600000000005821,0.03999999999996362,28.54100012779236,-2.789407064405,5
block:20261001T171601Z:500ms,1790890489.813,1790890780.42,BUY,4177.01,-0.23999999999978172,4.9299999999993815,290.60700011253357,-0.7734182480470267,8
block:20261001T171601Z:500ms,1790892381.496,1790892517.401,SELL,4174.35,-1.4099999999998545,0.7400000000006912,135.90499997138977,-4.535653309306849,5
block:20261001T171601Z:500ms,1790892960.4819999,1790893073.432,BUY,4178.44,-2.5399999999999636,0.12000000000080036,112.95000004768372,-8.084205312004105,5
block:20261001T171601Z:500ms,1790893870.8620002,1790894030.839,BUY,4178.88,-2.369999999999891,0.18999999999959982,159.97699975967407,-7.399439703118157,5
block:20261001T171601Z:500ms,1790894318.966,1790894490.708,SELL,4174.98,-1.550000000000182,0.7999999999992724,171.74199986457825,-4.753277521820447,5
block:20261001T171601Z:500ms,1790894676.2910001,1790894790.957,BUY,4177.35,-1.2000000000007276,0.0,114.66599988937378,-3.6371772933921873,5
block:20261001T171601Z:500ms,1790895068.9580002,1790895141.479,BUY,4180.04,-4.319999999999709,0.0,72.52099990844727,-12.97599371189715,1
block:20261002T071041Z:500ms,1790936007.446,1790936227.9699998,BUY,4183.93,0.5,5.130000000000109,220.52399969100952,1.875,8
block:20261002T071041Z:500ms,1790936713.98,1790936839.46,BUY,4186.74,0.38000000000010914,1.9600000000000364,125.48000001907349,1.4303437500004108,5
block:20261002T071041Z:500ms,1790937950.467,1790938089.1379998,SELL,4180.6,-1.8299999999999272,0.0,138.67099976539612,-6.907865842968479,5
block:20261002T071041Z:500ms,1790938649.9740002,1790938839.979,BUY,4188.31,-3.050000000000182,3.589999999999236,190.00499987602234,-11.355092307124032,5
block:20261002T071041Z:500ms,1790939034.965,1790939057.337,BUY,4189.53,-3.8099999999994907,0.020000000000436557,22.371999979019165,-13.860086168515513,5
block:20261002T071041Z:500ms,1790939175.4899998,1790939493.934,BUY,4189.64,-0.7200000000002547,6.670000000000073,318.4440002441406,-2.544384416930418,5
block:20261002T071041Z:500ms,1790940183.4529998,1790940208.9889998,SELL,4184.22,-0.8299999999999272,0.06000000000040018,25.53600001335144,-2.9172710209647703,5
block:20261002T071041Z:500ms,1790940519.481,1790940573.966,SELL,4183.59,-0.3099999999994907,0.8900000000003274,54.485000133514404,-1.0828004972831018,5
block:20261002T071041Z:500ms,1790940749.481,1790940960.4499998,SELL,4182.0,-1.5100000000002183,0.6300000000001091,210.9689998626709,-5.262023577595385,5
block:20261002T071041Z:500ms,1790941275.335,1790941765.9699998,SELL,4182.36,0.8999999999996362,2.899999999999636,490.6349997520447,3.1007867844494235,5
block:20261002T071041Z:500ms,1790942202.3,1790942421.96,BUY,4185.63,-2.6099999999996726,0.8099999999994907,219.6600000858307,-9.052979576211422,5
block:20261002T071041Z:500ms,1790942471.819,1790942722.982,SELL,4182.22,-1.0,1.0300000000006548,251.16300010681152,-3.4006772034514254,5
block:20261002T071041Z:500ms,1790943022.922,1790943478.349,BUY,4184.34,1.0900000000001455,4.1599999999998545,455.42700004577637,3.6789376156243296,5
block:20261002T071041Z:500ms,1790944253.922,1790944291.452,BUY,4188.67,-1.9200000000000728,0.0,37.52999997138977,-6.533307180562273,5
block:20261002T071041Z:500ms,1790944660.983,1790944813.461,SELL,4182.66,-2.100000000000364,0.6899999999995998,152.4779999256134,-7.042905140647081,5
block:20261002T071041Z:500ms,1790945223.498,1790945345.458,SELL,4180.7,-4.289999999999964,0.9600000000000364,121.96000003814697,-14.161043600133247,1
block:20261002T071041Z:500ms,1790946134.977,1790946264.9580002,SELL,4182.79,-3.180000000000291,0.8100000000004002,129.98100018501282,-10.159256464082766,5
block:20261002T071041Z:500ms,1790946471.901,1790947068.2700002,SELL,4178.56,6.240000000000691,8.320000000000618,596.3690001964569,19.459691557190833,5
block:20261002T071041Z:500ms,1790947237.4899998,1790947529.359,SELL,4168.51,-2.199999999999818,2.2600000000002183,291.8690001964569,-7.181873600727524,5
block:20261002T071041Z:500ms,1790948364.722,1790948401.823,BUY,4178.99,-0.9499999999998181,0.0,37.1010000705719,-3.0500927509086475,5
block:20261002T071041Z:500ms,1790948706.4899998,1790948939.554,BUY,4182.53,-2.259999999999309,0.18000000000029104,233.0640001296997,-7.204311051085539,5
block:20261002T071041Z:500ms,1790949613.4659998,1790949820.9950001,BUY,4183.7,-2.199999999999818,0.7600000000002183,207.5290002822876,-6.8941750235826404,5
block:20261002T132739Z:500ms,1790959385.4220002,1790959525.804,SELL,4190.0,0.6099999999996726,6.430000000000291,140.38199973106384,2.287499999998772,8
block:20261002T132739Z:500ms,1790959613.936,1790959665.4780002,SELL,4187.38,-4.260000000000218,0.0,51.54200005531311,-16.04808562500078,1
block:20261002T132739Z:500ms,1790959968.9910002,1790960266.928,SELL,4186.14,-2.1700000000000728,7.579999999999927,297.93699979782104,-7.913546468953358,5
block:20261002T132739Z:500ms,1790960901.811,1790961198.476,SELL,4184.0,-0.7600000000002183,4.109999999999673,296.664999961853,-2.726457447065237,5
block:20261002T132739Z:500ms,1790961303.956,1790961325.9740002,BUY,4190.57,-4.210000000000036,0.0,22.01800012588501,-15.017051385242402,1
block:20261002T132739Z:500ms,1790961913.467,1790962358.4889998,SELL,4180.96,6.850000000000364,11.510000000000218,445.021999835968,23.662418697414495,8
block:20261002T132739Z:500ms,1790962445.273,1790962484.978,SELL,4171.08,-3.8100000000004,0.8099999999994907,39.704999923706055,-13.837294524812108,5
block:20261002T132739Z:500ms,1790963290.88,1790963603.425,SELL,4174.46,12.159999999999854,12.159999999999854,312.54499983787537,42.901162472065636,2
block:20261002T132739Z:500ms,1790963675.4550002,1790963997.498,SELL,4159.61,0.4399999999995998,3.6700000000000728,322.0429997444153,1.6939185308691955,5
block:20261002T132739Z:500ms,1790964063.9,1790964683.967,SELL,4155.57,8.799999999999272,11.029999999999745,620.066999912262,33.99016924044928,5
block:20261002T132739Z:500ms,1790964693.365,1790964860.467,SELL,4143.78,-1.75,1.3299999999999272,167.10199999809265,-7.20552962705262,5
block:20261002T132739Z:500ms,1790964929.9859998,1790965065.961,SELL,4143.63,0.4099999999998545,4.029999999999745,135.97500014305115,1.665995651877121,5
block:20261002T132739Z:500ms,1790965178.46,1790965232.956,SELL,4141.82,-1.2400000000006912,0.4099999999998545,54.49600005149841,-5.054114755488112,5
block:20261002T132739Z:500ms,1790965240.4620001,1790965245.959,SELL,4140.9,-1.0700000000006185,0.1999999999998181,5.496999979019165,-4.320652655193951,5
block:20261002T132739Z:500ms,1790965456.849,1790965601.966,SELL,4139.47,-2.0599999999994907,5.510000000000218,145.11700010299683,-8.251511776002687,8
block:20261002T132739Z:500ms,1790966189.4220002,1790966272.959,BUY,4147.44,-3.4299999999993815,0.0,83.53699994087219,-13.52689752543184,5
block:20261002T132739Z:500ms,1790966392.848,1790966902.978,SELL,4140.04,3.149999999999636,8.069999999999709,510.12999987602234,12.103088038706042,8
block:20261002T132739Z:500ms,1790967163.982,1790967680.987,SELL,4129.88,-0.4899999999997817,4.210000000000036,517.0049998760223,-1.9271814323403211,5
block:20261002T132739Z:500ms,1790968621.952,1790968946.9750001,BUY,4137.79,0.13000000000010914,3.149999999999636,325.0230002403259,0.5094140311740046,5
block:20261002T132739Z:500ms,1790969448.445,1790969900.324,BUY,4138.73,-0.41999999999916326,2.2200000000002547,451.8789999485016,-1.6474038318326265,5
block:20261002T132739Z:500ms,1790970378.256,1790970606.4940002,BUY,4139.09,-2.4600000000000364,0.32999999999992724,228.23800015449524,-9.618684985770294,5
block:20261002T132739Z:500ms,1790970809.4750001,1790970956.85,BUY,4139.03,-0.17000000000007276,0.8299999999999272,147.37499976158142,-0.6524420496437984,5
block:20261002T132739Z:500ms,1790971104.424,1790971128.964,BUY,4140.13,-1.1300000000001091,0.0,24.539999961853027,-4.3312912365542555,5
block:20261002T132739Z:500ms,1790971263.451,1790971572.484,BUY,4140.98,0.0500000000001819,2.1200000000008004,309.0329999923706,0.19002582050175504,5
block:20261002T132739Z:500ms,1790972159.4780002,1790972305.4540002,SELL,4134.68,-1.9200000000000728,0.0,145.9760000705719,-7.299727879056349,5
block:20261005T132049Z:500ms,1791217271.98,1791217338.286,SELL,4150.16,-2.1400000000003274,0.0,66.30599999427795,-8.025000000001228,5
block:20261005T132049Z:500ms,1791219339.9859998,1791219659.498,SELL,4138.64,-0.46999999999934516,4.0,319.51200008392334,-1.7342118749975792,5
block:20261005T132049Z:500ms,1791220085.449,1791220130.457,SELL,4139.56,-4.789999999999964,0.2600000000002183,45.00800013542175,-17.611900313390535,1
block:20261005T132049Z:500ms,1791220214.912,1791220239.389,BUY,4146.69,-4.029999999999745,0.0,24.47699999809265,-14.285208134105027,1
block:20261005T132049Z:500ms,1791220812.4899998,1791220861.8979998,SELL,4139.4,-2.0700000000006185,0.0,49.407999992370605,-7.115785626995401,5
block:20261005T132049Z:500ms,1791221107.894,1791221127.937,SELL,4138.52,-1.6499999999996362,0.0,20.042999982833862,-5.583945188873833,5
block:20261005T132049Z:500ms,1791221478.449,1791221726.39,SELL,4134.67,-1.819999999999709,1.5200000000004366,247.9410002231598,-6.083039901960365,5
block:20261005T132049Z:500ms,1791222158.386,1791222352.477,BUY,4142.4,-4.059999999999491,0.0,194.09100008010864,-13.384629677820458,1
block:20261005T132049Z:500ms,1791222653.8969998,1791223179.903,BUY,4143.29,3.630000000000109,4.930000000000291,526.0060002803802,11.602649203448868,5
block:20261005T132049Z:500ms,1791224002.4099998,1791224553.994,SELL,4139.63,12.569999999999709,12.569999999999709,551.5840001106262,41.27160848295113,2
block:20261005T132049Z:500ms,1791224568.9529998,1791224574.963,SELL,4123.67,-4.109999999999673,0.07999999999992724,6.010000228881836,-14.766732802045304,1
block:20261005T132049Z:500ms,1791228338.465,1791228632.568,SELL,4127.75,-0.569999999999709,1.300000000000182,294.103000164032,-1.984813262809536,5
historical:1s:seg0,1789573098.973,1789573139.992,SELL,4338.83,-2.480000000000473,0.0,41.01900005340576,-9.300000000001774,5
historical:1s:seg0,1789573370.976,1789573474.585,BUY,4345.13,-0.9899999999997817,0.0,103.60899996757507,-3.6434474999991835,5
historical:1s:seg0,1789573713.866,1789573971.971,BUY,4345.78,-2.9099999999998545,1.8699999999998909,258.1050000190735,-10.630009258311947,5
historical:1s:seg0,1789574387.9950001,1789574468.984,BUY,4348.61,-1.319999999999709,1.3800000000001091,80.98899984359741,-4.716622778091663,5
historical:1s:seg0,1789575036.962,1789575477.9950001,BUY,4350.66,3.8900000000003274,9.489999999999782,441.0330002307892,13.762136929526553,8
historical:1s:seg0,1789575997.8339999,1789576041.536,BUY,4354.92,-0.5100000000002183,0.0,43.7020001411438,-1.8569306195294863,5
historical:1s:seg0,1789576714.9139998,1789577214.951,SELL,4345.98,0.5799999999999272,5.399999999999636,500.03700017929077,2.1037258014648637,8
historical:1s:seg0,1789577485.9740002,1789577841.873,SELL,4341.52,2.6900000000005093,6.140000000000327,355.8989996910095,9.799377850703639,5
historical:1s:seg0,1789578167.976,1789578568.9190001,SELL,4332.92,3.050000000000182,8.550000000000182,400.9430000782013,11.33497952098996,8
historical:1s:seg0,1789579132.9699998,1789579455.74,SELL,4333.9,-0.16000000000076398,2.619999999999891,322.7700002193451,-0.6082238519390054,5
historical:1s:seg0,1789579764.7089999,1789579982.997,BUY,4337.74,-2.25,0.6400000000003274,218.28800010681152,-8.542884140349953,5
historical:1s:seg0,1789580254.921,1789580643.792,BUY,4339.97,2.199999999999818,3.8599999999996726,388.8710000514984,8.212084682247946,5
historical:1s:seg0,1789580671.875,1789581246.98,BUY,4344.17,5.5900000000001455,10.289999999999964,575.1050000190735,21.21045227474462,8
historical:1s:seg0,1789581553.9169998,1789581769.835,BUY,4355.55,-4.029999999999745,1.8699999999998909,215.91800022125244,-15.932342211097708,1
historical:1s:seg0,1789582167.949,1789582364.911,BUY,4356.85,-3.3299999999999272,1.019999999999527,196.96200013160706,-12.767027610091134,5
historical:1s:seg0,1789583162.9299998,1789583509.8009999,SELL,4347.43,1.1599999999998545,4.260000000000218,346.8710000514984,4.336299841084768,5
historical:1s:seg0,1789584430.963,1789584507.9180002,BUY,4358.41,-4.519999999999527,2.2200000000002547,76.95500016212463,-17.043617186771,1
historical:1s:seg0,1789586021.987,1789586314.645,BUY,4350.71,-0.5900000000001455,1.3100000000004002,292.6579999923706,-2.149301936470295,5
historical:1s:seg0,1789586497.9539998,1789587086.985,SELL,4348.14,0.8000000000001819,3.5600000000004,589.0310001373291,2.901411898849316,5
historical:1s:seg0,1789588198.956,1789588507.852,SELL,4346.06,-0.06999999999970896,2.100000000000364,308.89599990844727,-0.2553967823950914,5
historical:1s:seg0,1789588674.757,1789588824.815,BUY,4346.71,-0.7700000000004366,0.6199999999998909,150.05800008773804,-2.8078896899409456,5
historical:1s:seg0,1789588845.036,1789589146.966,SELL,4345.66,0.02999999999974534,2.1899999999996,301.9300000667572,0.1087665244268668,5
historical:1s:seg0,1789590113.965,1789590295.6430001,SELL,4343.02,-1.7199999999993452,0.410000000000764,181.6780002117157,-6.237350488689363,5
historical:1s:seg0,1789591658.9910002,1789591713.978,SELL,4342.77,-2.0999999999994543,0.0,54.98699975013733,-7.517131512506218,5
historical:1s:seg0,1789591908.9529998,1789591935.992,BUY,4346.43,-2.030000000000655,0.0,27.039000272750854,-7.152112134815631,5
historical:1s:seg0,1789592032.9169998,1789592395.957,BUY,4348.52,15.6899999999996,15.6899999999996,363.0400002002716,54.437507911539626,2
historical:1s:seg0,1789593089.9350002,1789593192.9580002,SELL,4321.31,12.470000000000255,12.470000000000255,103.02300000190735,48.35676975387238,2
historical:1s:seg0,1789593369.9740002,1789593386.99,SELL,4308.35,-4.119999999999891,0.0,17.015999794006348,-17.470959661412646,1
historical:1s:seg0,1789593939.956,1789594155.95,SELL,4313.98,-4.050000000000182,0.9599999999991269,215.99399995803833,-16.643442568422017,1
historical:1s:seg0,1789594271.925,1789594357.9539998,SELL,4307.44,12.969999999999345,12.969999999999345,86.02899980545044,51.681120263024226,2
historical:1s:seg0,1789594373.96,1789594474.752,SELL,4294.16,12.279999999999745,12.279999999999745,100.79200005531311,53.691531779921924,2
historical:1s:seg0,1789595067.95,1789595077.9580002,BUY,4310.8,-4.0,0.0,10.008000135421753,-19.099844253046854,1
historical:1s:seg0,1789595309.5939999,1789595477.9910002,SELL,4294.55,12.079999999999927,12.079999999999927,168.39700031280518,55.95108375487511,2
historical:1s:seg0,1789595529.981,1789595631.924,SELL,4281.07,12.039999999999964,12.039999999999964,101.9430000782013,60.818198128685935,2
historical:1s:seg0,1789595704.979,1789595721.9910002,SELL,4265.06,-4.1299999999992,0.3600000000005821,17.01200008392334,-22.745900021871645,1
historical:1s:seg0,1789597638.9350002,1789597643.993,SELL,4240.14,-5.149999999999636,0.0,5.057999849319458,-27.484971115929696,1
historical:1s:seg0,1789598426.7849998,1789598442.997,BUY,4264.94,-1.2100000000000364,0.0,16.212000131607056,-6.2082078774682286,5
historical:1s:seg0,1789598469.9750001,1789598788.981,BUY,4266.34,2.6599999999998545,4.5900000000001455,319.0059998035431,13.523942082649546,5
historical:1s:seg0,1789599004.99,1789599231.911,BUY,4273.08,-4.100000000000364,3.3599999999996726,226.9210000038147,-21.261035105835155,1
historical:1s:seg0,1789599542.8209999,1789599576.959,BUY,4271.92,-0.21000000000003638,0.27999999999974534,34.13800024986267,-1.0554937165926355,5
historical:1s:seg0,1789616033.966,1789616095.905,BUY,4289.16,-4.130000000000109,0.0,61.93899989128113,-20.72534917511399,1
historical:1s:seg0,1789616167.62,1789616186.968,BUY,4287.96,-3.2399999999997817,0.0,19.348000049591064,-15.755485716585452,5
historical:1s:seg0,1789618083.901,1789618106.8830001,BUY,4310.43,-4.180000000000291,0.0,22.98200011253357,-19.832587218876437,1
historical:1s:seg0,1789621747.74,1789622042.8470001,SELL,4287.01,0.9000000000005457,5.400000000000546,295.10700011253357,4.136304317851061,8
historical:1s:seg0,1789622946.924,1789622968.96,SELL,4289.98,-1.360000000000582,0.0,22.03600001335144,-6.292605717682588,5
historical:1s:seg0,1789623052.8019998,1789623547.99,SELL,4289.56,3.110000000000582,5.8100000000004,495.18800020217896,14.242933634861593,5
historical:1s:seg0,1789623788.931,1789623937.9859998,BUY,4289.57,-4.279999999999745,1.1500000000005457,149.05499982833862,-20.05840587295639,1
historical:1s:seg0,1789624060.988,1789624644.96,SELL,4283.08,3.5799999999999272,8.710000000000036,583.9720001220703,16.239257275485592,5
historical:1s:seg0,1789635303.94,1789636432.893,BUY,4304.06,5.6899999999996,8.1299999999992,1128.952999830246,26.503449940406824,5
historical:1s:seg0,1789636476.993,1789636511.9950001,BUY,4311.21,-1.0399999999999636,1.1400000000003274,35.00200009346008,-5.050942715866287,5
historical:1s:seg0,1789636943.705,1789636996.982,BUY,4308.17,-1.9400000000005093,0.3999999999996362,53.277000188827515,-9.348459618852887,5
historical:1s:seg0,1789637375.979,1789637704.868,BUY,4311.29,0.7200000000002547,3.8299999999999272,328.88899993896484,3.4190497229935843,5
historical:1s:seg0,1789637868.9950001,1789638168.766,SELL,4308.17,-0.47999999999956344,2.180000000000291,299.77099990844727,-2.2916750609956096,5
historical:1s:seg0,1789638346.551,1789638439.7859998,BUY,4310.28,-2.4600000000000364,0.0,93.23499965667725,-11.702553282737984,5
historical:1s:seg0,1789641013.985,1789641314.772,BUY,4332.07,-0.7699999999995271,2.6400000000003274,300.78700017929077,-3.595412074996531,5
historical:1s:seg0,1789642080.941,1789642215.7580001,BUY,4335.6,-3.7000000000007276,0.0,134.81700015068054,-17.176882740240842,5
historical:1s:seg0,1789642615.978,1789642782.817,SELL,4324.06,-4.079999999999927,0.0,166.83899998664856,-18.41538240981556,1
historical:1s:seg0,1789643354.904,1789643414.737,SELL,4326.2,-0.5500000000001819,0.0,59.83299994468689,-2.406502313589409,5
historical:1s:seg0,1789643437.879,1789643837.992,SELL,4325.88,3.7600000000002183,7.789999999999964,400.11300015449524,16.383861542199888,8
historical:1s:seg0,1789643932.887,1789644321.922,SELL,4317.71,1.1000000000003638,2.9099999999998545,389.0349998474121,4.928317840814892,5
historical:1s:seg0,1789644644.6499999,1789644835.7900002,SELL,4314.71,-0.75,2.2700000000004366,191.14000034332275,-3.3879384974999898,5
historical:1s:seg0,1789645354.9950001,1789645839.908,SELL,4315.33,2.8900000000003274,4.859999999999673,484.91299986839294,12.98142277676812,5
historical:1s:seg0,1789646487.8209999,1789647094.98,BUY,4315.56,0.7899999999999636,2.8099999999994907,607.1590001583099,3.6254699450544856,5
historical:1s:seg0,1789647191.928,1789647250.822,BUY,4318.93,-2.630000000000109,0.13000000000010914,58.89400005340576,-12.141114869975233,5
historical:1s:seg0,1789647568.96,1789647869.9129999,SELL,4311.78,-0.010000000000218279,1.1599999999998545,300.952999830246,-0.04525335125256371,5
historical:1s:seg0,1789648005.8140001,1789648356.9889998,SELL,4309.32,0.47999999999956344,4.009999999999309,351.1749997138977,2.1719979480091594,5
historical:1s:seg0,1789649157.912,1789649659.994,SELL,4307.72,-2.869999999999891,0.8600000000005821,502.08200001716614,-13.033489986646979,5
historical:1s:seg0,1789655706.996,1789655764.5740001,SELL,4325.69,-1.7700000000004366,0.47999999999956344,57.57800006866455,-7.865056126480084,5
historical:1s:seg0,1789655892.9889998,1789656010.484,SELL,4323.93,-1.7799999999997453,0.0,117.49500012397766,-7.8044929725358525,5
historical:1s:seg0,1789656683.68,1789657105.947,BUY,4336.33,13.13000000000011,13.13000000000011,422.2669999599457,56.8005495935246,2
historical:1s:seg0,1789657248.983,1789657302.9459999,BUY,4353.26,-4.0600000000004,0.07999999999992724,53.96299982070923,-19.29318917607735,1
historical:1s:seg0,1789657739.91,1789657744.968,BUY,4350.59,0.010000000000218279,0.4399999999995998,5.057999849319458,0.04607318119722217,5
historical:1s:seg0,1789657881.929,1789658067.652,BUY,4355.23,-2.5299999999997453,0.0,185.72300004959106,-11.657389081254816,5
historical:1s:seg0,1789658159.988,1789658487.956,BUY,4356.36,12.88000000000011,12.88000000000011,327.9680001735687,58.22060426478178,2
historical:1s:seg0,1789658502.96,1789658788.9750001,BUY,4371.31,-1.3500000000003638,2.7899999999999636,286.0150001049042,-6.6917985061838605,5
historical:1s:seg0,1789658857.817,1789659073.9889998,BUY,4377.37,-4.029999999999745,3.5,216.17199993133545,-19.773998153048375,1
historical:1s:seg0,1789659699.912,1789659734.815,BUY,4370.03,-4.219999999999345,0.020000000000436557,34.90300011634827,-20.080423977279057,1
historical:1s:seg0,1789660171.945,1789660664.696,BUY,4367.18,4.469999999999345,7.5900000000001455,492.75100016593933,20.596826340294083,5
historical:1s:seg0,1789660802.9910002,1789660845.972,SELL,4369.92,-3.0100000000002183,3.149999999999636,42.98099970817566,-14.334424648658745,5
historical:1s:seg0,1789660914.903,1789661110.9390001,SELL,4367.89,1.0399999999999636,2.350000000000364,196.03600001335144,4.84094950588116,5
historical:1s:seg0,1789661136.963,1789661220.937,SELL,4365.06,-3.369999999999891,0.6400000000003274,83.97399997711182,-15.808893301472251,5
historical:1s:seg0,1789661301.747,1789661327.987,BUY,4371.49,-2.0599999999994907,0.09000000000014552,26.240000009536743,-9.41934909731304,5
historical:1s:seg0,1789661551.952,1789661693.957,SELL,4362.43,-4.029999999999745,1.8500000000003638,142.00500011444092,-18.14247340760098,1
historical:1s:seg0,1789661738.981,1789662180.98,BUY,4367.68,3.7999999999992724,7.259999999999309,441.99900007247925,16.589986393460364,5
historical:1s:seg0,1789662244.9169998,1789662601.994,SELL,4368.07,0.8800000000001091,2.7899999999999636,357.0770001411438,3.951385496052043,5
historical:1s:seg0,1789662703.811,1789662743.9889998,SELL,4365.11,-2.430000000000291,1.2799999999997453,40.17799973487854,-10.983226222718312,5
historical:1s:seg0,1789662797.996,1789662828.926,BUY,4369.28,-3.699999999999818,0.0,30.930000066757202,-16.418646346414597,5
historical:1s:seg0,1789662880.985,1789662996.978,BUY,4370.8,-4.140000000000327,2.7200000000002547,115.99300003051758,-17.861335050988426,1
historical:1s:seg0,1789663186.976,1789663432.959,SELL,4362.9,1.9600000000000364,6.309999999999491,245.98300004005432,8.193529365072976,8
historical:1s:seg0,1789663485.716,1789663585.966,SELL,4357.25,-3.0900000000001455,1.4799999999995634,100.25,-13.107234909400995,5
historical:1s:seg0,1789664249.9169998,1789664355.944,SELL,4366.62,-0.8699999999998909,1.569999999999709,106.02700018882751,-3.6048618201051332,5
historical:1s:seg0,1789664424.964,1789664522.9529998,SELL,4365.18,-2.7799999999997453,0.2600000000002183,97.98899984359741,-11.443822378053811,5
historical:1s:seg0,1789664555.756,1789664717.956,BUY,4368.78,-0.7899999999999636,1.0900000000001455,162.20000004768372,-3.184216819554971,5
historical:1s:seg0,1789664819.742,1789665092.982,BUY,4375.74,-2.0999999999994543,3.9400000000005093,273.24000000953674,-8.41422240922368,5
historical:1s:seg0,1789665484.8769999,1789665750.957,SELL,4366.31,-3.4600000000000364,0.5200000000004366,266.08000016212463,-13.64508404082436,5
historical:1s:seg0,1789665967.9580002,1789666049.9180002,BUY,4372.23,-2.8299999999999272,0.6000000000003638,81.96000003814697,-10.870957610173258,5
historical:1s:seg0,1789666202.903,1789666467.9889998,SELL,4366.86,0.5999999999994543,4.699999999999818,265.08599972724915,2.255877357220057,8
historical:1s:seg0,1789666765.9889998,1789667100.6499999,SELL,4362.53,1.0799999999999272,2.9200000000000728,334.66100001335144,4.078851849593002,5
historical:1s:seg0,1789667272.96,1789667284.9740002,SELL,4359.64,-1.6799999999993815,0.0,12.014000177383423,-6.396274188225394,5
historical:1s:seg0,1789667740.815,1789668157.9910002,SELL,4356.22,2.0700000000006185,4.300000000000182,417.1760001182556,7.781821396582171,5
historical:1s:seg0,1789668661.9529998,1789668791.965,SELL,4354.91,-2.119999999999891,1.199999999999818,130.01200008392334,-8.093519057185567,5
historical:1s:seg0,1789668996.984,1789669248.668,BUY,4362.92,-1.3699999999998909,1.519999999999527,251.6840000152588,-5.147084897510026,5
historical:1s:seg0,1789670129.932,1789670824.967,BUY,4361.05,3.2399999999997817,5.920000000000073,695.0350000858307,12.047593769788097,5
historical:1s:seg0,1789670895.816,1789670941.979,BUY,4365.82,-1.0099999999993088,0.42000000000007276,46.16300010681152,-3.8468375930154863,5
historical:1s:seg0,1789671126.757,1789671283.672,BUY,4367.32,-1.2999999999992724,0.03999999999996362,156.91499996185303,-4.913868453191641,5
historical:1s:seg0,1789671532.6590002,1789671871.971,BUY,4368.86,0.19000000000050932,3.4700000000002547,339.31199979782104,0.7111785113845195,5
historical:1s:seg0,1789673153.8019998,1789673398.915,SELL,4365.25,-2.600000000000364,1.4099999999998545,245.11300015449524,-9.745784452524907,5
historical:1s:seg0,1789673424.9550002,1789673449.985,SELL,4365.8,-0.6700000000000728,0.11000000000058208,25.02999973297119,-2.4624411189689352,5
historical:1s:seg0,1789673595.894,1789673944.909,SELL,4361.5,1.8900000000003274,3.5799999999999272,349.0149998664856,6.911384023782772,5
historical:1s:seg0,1789674161.938,1789674234.8769999,SELL,4358.42,-0.10999999999967258,0.7100000000000364,72.93899989128113,-0.40795175563638175,5
historical:1s:seg0,1789674609.9910002,1789674825.982,SELL,4357.49,-2.7600000000002183,1.0299999999997453,215.9909999370575,-10.227435812838818,5
historical:1s:seg0,1789675605.871,1789675805.9550002,BUY,4364.65,-1.7999999999992724,1.0600000000004002,200.08400011062622,-6.531996450983607,5
historical:1s:seg0,1789678087.81,1789678232.972,SELL,4359.31,-1.089999999999236,0.410000000000764,145.1619999408722,-3.9020876687743686,5
historical:1s:seg0,1789680568.853,1789681138.528,SELL,4356.25,4.670000000000073,7.5900000000001455,569.6750001907349,16.58144810709783,5
historical:1s:seg0,1789681578.984,1789681689.9129999,SELL,4350.27,-1.6199999999998909,0.0,110.92899990081787,-5.953487278333402,5
historical:1s:seg0,1789681869.948,1789681883.932,SELL,4350.34,-0.569999999999709,0.21000000000003638,13.983999967575073,-2.069294365742258,5
historical:1s:seg0,1789682485.896,1789682795.9580002,BUY,4354.04,0.1000000000003638,1.2399999999997817,310.0620002746582,0.36148212848022143,5
historical:1s:seg0,1789682886.893,1789682958.993,BUY,4355.91,-2.019999999999527,0.0,72.10000014305115,-7.307415449518674,5
historical:1s:seg0,1789705892.67,1789706281.927,SELL,4358.11,3.519999999999527,6.869999999999891,389.2569999694824,12.540798282780408,5
historical:1s:seg0,1789706388.943,1789706854.891,SELL,4350.79,0.569999999999709,4.670000000000073,465.94799995422363,2.084366180040149,5
historical:1s:seg0,1789707625.8609998,1789707876.988,SELL,4347.39,-1.1300000000001091,1.1900000000005093,251.12700009346008,-4.149829535738647,5
historical:1s:seg0,1789711787.8140001,1789712052.945,SELL,4345.44,-1.5600000000004002,0.0,265.1309998035431,-5.680415203063106,5
historical:1s:seg0,1789712212.949,1789712808.972,SELL,4340.97,2.9400000000005093,6.210000000000036,596.0230000019073,10.580144727467397,5
historical:1s:seg0,1789713337.9910002,1789714215.345,BUY,4351.85,6.069999999999709,8.920000000000073,877.3539998531342,22.32570139338218,5
historical:1s:seg0,1789721871.719,1789722322.851,BUY,4374.91,5.829999999999927,11.980000000000473,451.1319999694824,22.419163142424424,5
historical:1s:seg0,1789722582.8009999,1789722912.984,BUY,4388.07,0.25,2.0900000000001455,330.18300008773804,1.0034065630714928,5
historical:1s:seg0,1789723386.987,1789723817.9190001,BUY,4389.65,2.0200000000004366,4.0700000000006185,430.9320001602173,8.12272663904995,5
historical:1s:seg0,1789724374.999,1789724409.8009999,BUY,4394.38,-0.569999999999709,0.15999999999985448,34.80199980735779,-2.3267811832408847,5
historical:1s:seg0,1789724461.6169999,1789724820.666,BUY,4396.11,0.23000000000047294,0.9600000000000364,359.04900002479553,0.9348629202602645,5
historical:1s:seg0,1789725601.9529998,1789725688.956,BUY,4395.82,-4.009999999999309,0.0,87.00300025939941,-16.327247785958587,1
historical:1s:seg0,1789726085.947,1789726215.96,BUY,4394.38,-1.6500000000005457,1.2100000000000364,130.0130000114441,-6.516144534794638,5
historical:1s:seg0,1789726412.116,1789726615.977,SELL,4390.6,-1.8599999999996726,1.4400000000005093,203.86100006103516,-7.254571804777135,5
historical:1s:seg0,1789726990.7510002,1789727054.966,BUY,4394.31,-0.930000000000291,0.0,64.21499991416931,-3.5766852640520046,5
historical:1s:seg0,1789727159.964,1789727174.586,BUY,4394.78,-1.2799999999997453,0.0,14.621999979019165,-4.888413432200831,5
historical:1s:seg0,1789727462.938,1789727511.9950001,BUY,4397.0,-3.7299999999995634,0.1499999999996362,49.057000160217285,-14.1083889015081,5
historical:1s:seg0,1789728024.789,1789728132.934,SELL,4392.71,-2.0600000000004,1.1899999999995998,108.14499998092651,-7.573789771395447,5
historical:1s:seg0,1789728507.949,1789728941.962,BUY,4396.94,-0.6399999999994179,2.550000000000182,434.0130000114441,-2.3166678739942936,5
historical:1s:seg0,1789730945.569,1789731283.908,SELL,4388.18,0.010000000000218279,1.8299999999999272,338.33899998664856,0.036024185441430524,5
historical:1s:seg0,1789735408.09,1789735828.723,SELL,4378.78,2.889999999999418,5.039999999999964,420.63300013542175,10.411770416563517,5
historical:1s:seg0,1789737236.9889998,1789737258.9299998,BUY,4380.18,-0.7300000000004729,0.0,21.94099998474121,-2.686967212614744,5
historical:1s:seg1,1789741742.91,1789741950.817,SELL,4379.48,-1.6400000000003274,1.7899999999999636,207.90699982643127,-6.150000000001228,5
historical:1s:seg1,1789742144.813,1789742280.667,BUY,4381.64,-1.6300000000001091,0.9399999999995998,135.85400009155273,-6.037316250000389,5
historical:1s:seg1,1789742587.753,1789742913.921,SELL,4376.39,0.0500000000001819,1.7200000000002547,326.16799998283386,0.18292975640691486,5
historical:1s:seg1,1789743056.736,1789743377.9299998,SELL,4374.59,0.0,1.6000000000003638,321.19399976730347,0.0,5
historical:1s:seg1,1789743603.9529998,1789743754.988,BUY,4382.26,-4.079999999999927,0.4600000000000364,151.0350000858307,-14.932665773295733,1
historical:1s:seg1,1789743864.91,1789743897.965,SELL,4374.24,-5.5600000000004,0.3400000000001455,33.05499982833862,-19.72672492047209,1
historical:1s:seg1,1789744063.983,1789744166.993,SELL,4372.75,-1.6099999999996726,0.8800000000001091,103.00999999046326,-5.474034890461484,5
historical:1s:seg1,1789744313.9299998,1789744367.463,SELL,4370.93,-1.9600000000000364,0.0,53.533000230789185,-6.583574162456109,5
historical:1s:seg1,1789744480.9169998,1789744517.963,SELL,4371.93,-1.639999999999418,0.0,37.046000242233276,-5.427726949242627,5
historical:1s:seg1,1789744802.98,1789745074.916,SELL,4370.18,12.300000000000182,12.300000000000182,271.9359998703003,40.207244308267114,2
historical:1s:seg1,1789745077.971,1789745373.981,SELL,4357.72,-0.9600000000000364,3.5799999999999272,296.00999999046326,-3.4276185440550893,5
historical:1s:seg1,1789746099.742,1789746241.924,SELL,4367.98,-2.100000000000364,1.0499999999992724,142.1819999217987,-7.443930573052646,5
historical:1s:seg1,1789747211.965,1789747341.9950001,BUY,4370.41,-2.699999999999818,3.0900000000001455,130.03000020980835,-9.420028285532508,5
historical:1s:seg1,1789747636.965,1789747803.959,BUY,4374.0,-2.3400000000001455,1.3500000000003638,166.9940001964569,-7.998703017718125,5
historical:1s:seg1,1789748502.9350002,1789748913.949,SELL,4367.55,0.7799999999997453,4.260000000000218,411.01399970054626,2.6194419265847024,5
historical:1s:seg1,1789749091.967,1789749512.81,SELL,4362.25,2.9200000000000728,8.600000000000364,420.84299993515015,9.863481708487104,8
historical:1s:seg1,1789749858.9529998,1789749939.9889998,SELL,4353.02,-2.9299999999993815,0.28000000000065484,81.03600001335144,-10.114010765975602,5
historical:1s:seg1,1789750253.981,1789750360.993,SELL,4352.4,-3.850000000000364,0.46999999999934516,107.01200008392334,-12.997699048012278,5
historical:1s:seg1,1789750425.964,1789750737.559,SELL,4352.46,1.8400000000001455,4.319999999999709,311.59500002861023,6.032519090369161,5
historical:1s:seg1,1789750763.879,1789750771.992,SELL,4347.34,-0.9700000000002547,0.0,8.11300015449524,-3.2240732707624256,5
historical:1s:seg1,1789751885.94,1789752156.8899999,SELL,4351.74,0.9399999999995998,7.9399999999996,270.94999980926514,3.1016299478891702,8
historical:1s:seg1,1789752309.925,1789752354.98,BUY,4354.16,-4.359999999999673,0.0,45.0550000667572,-14.487706887382695,1
historical:1s:seg1,1789752517.94,1789752815.652,SELL,4345.92,-0.7799999999997453,2.880000000000109,297.7119998931885,-2.507084385386743,5
historical:1s:seg1,1789753577.981,1789753623.945,BUY,4354.72,-1.930000000000291,0.3099999999994907,45.96399998664856,-6.1671367019814225,5
historical:1s:seg1,1789753746.996,1789754157.972,BUY,4354.49,2.9099999999998545,7.150000000000546,410.9759998321533,9.164038408713635,5
historical:1s:seg1,1789755107.965,1789755272.9550002,SELL,4349.24,-3.1700000000000728,0.9499999999998181,164.99000024795532,-10.20069348589031,5
historical:1s:seg1,1789755341.9580002,1789755654.32,BUY,4353.89,-0.17000000000007276,1.6300000000001091,312.36199975013733,-0.5340344604749023,5
historical:1s:seg1,1789756171.9750001,1789756313.996,BUY,4356.37,-1.199999999999818,0.6900000000005093,142.02099990844727,-3.7648487049705,5
historical:1s:seg1,1789756768.855,1789757036.95,SELL,4351.84,-1.4799999999995634,2.7899999999999636,268.09500002861023,-4.601523582171123,5
historical:1s:seg1,1789757072.393,1789757417.6590002,BUY,4355.49,-0.010000000000218279,2.4099999999998545,345.2660002708435,-0.030746261287227752,5
historical:1s:seg1,1789757676.8990002,1789757802.9750001,SELL,4353.2,-3.119999999999891,0.6300000000001091,126.07599997520447,-9.592114058891212,5
historical:1s:seg1,1789758160.884,1789758295.8739998,BUY,4357.37,-0.9700000000002547,0.0,134.98999977111816,-2.9123810359674596,5
historical:1s:seg1,1789758319.967,1789758855.292,BUY,4358.24,2.1900000000005093,6.520000000000437,535.3250000476837,6.527539882482722,8
historical:1s:seg1,1789758965.931,1789759030.978,BUY,4362.65,-0.3099999999994907,1.1400000000003274,65.04699993133545,-0.9391661939554454,5
historical:1s:seg1,1789759147.951,1789759617.997,BUY,4365.45,3.2799999999997453,5.850000000000364,470.0460000038147,9.913880757366385,5
historical:1s:seg1,1789759757.9750001,1789760128.9539998,BUY,4374.52,4.649999999999636,9.179999999999382,370.9789996147156,14.400486079752659,8
historical:1s:seg1,1789760586.95,1789760609.88,BUY,4380.73,-1.7999999999992724,0.0,22.930000066757202,-5.768788270366117,5
historical:1s:seg1,1789761577.894,1789761738.773,BUY,4383.22,-0.9700000000002547,1.699999999999818,160.8789999485016,-3.066767966588,5
historical:1s:seg1,1789761785.427,1789762123.711,BUY,4384.88,1.2299999999995634,1.9099999999998545,338.28399991989136,3.8604973117978347,5
historical:1s:seg1,1789762599.677,1789762736.864,BUY,4387.56,-1.7600000000002183,1.5499999999992724,137.18700003623962,-5.57492219766,5
historical:1s:seg1,1789763209.78,1789763515.704,BUY,4386.4,0.09000000000014552,1.3800000000001091,305.92400002479553,0.28131817626097627,5
historical:1s:seg1,1789763595.416,1789764006.909,BUY,4388.96,3.6099999999996726,7.130000000000109,411.4930000305176,11.291601315182156,5
historical:1s:seg1,1789764048.901,1789764069.88,BUY,4395.03,-1.6899999999995998,0.18000000000029104,20.979000091552734,-5.429216953222547,5
historical:1s:seg1,1789764172.9180002,1789764198.903,BUY,4395.88,-2.0299999999997453,0.7200000000002547,25.984999895095825,-6.438825624575362,5
historical:1s:seg1,1789764625.912,1789764686.62,BUY,4396.56,-2.0200000000004366,0.2999999999992724,60.70799994468689,-6.309559063534792,5
historical:1s:seg1,1789767084.385,1789767408.607,SELL,4387.92,-0.010000000000218279,0.36999999999989086,324.2220001220703,-0.030762223979487694,5
historical:1s:seg1,1789767952.8579998,1789768061.9129999,SELL,4380.47,-2.880000000000109,0.0,109.0550000667572,-8.858856041861452,5
historical:1s:seg1,1789768347.98,1789768642.9750001,SELL,4381.17,-0.5599999999994907,1.199999999999818,294.99500012397766,-1.6853481460956439,5
historical:1s:seg2,1789770246.9180002,1789770337.966,BUY,4383.36,-1.5799999999999272,0.03999999999996362,91.0479998588562,-5.924999999999727,5
historical:1s:seg2,1789963653.855,1789963943.9980001,BUY,4378.63,-2.3599999999996726,1.550000000000182,290.143000125885,-8.745127499998793,5
historical:1s:seg2,1789965666.856,1789965747.959,BUY,4380.26,-2.1900000000005093,0.25,81.10300016403198,-7.971543155814378,5
historical:1s:seg2,1789967135.81,1789967208.526,SELL,4374.34,-0.13999999999941792,1.5600000000004002,72.71600008010864,-0.5012262458093125,5
historical:1s:seg2,1789967407.9529998,1789968363.924,SELL,4373.45,8.699999999999818,11.889999999999418,955.9710001945496,31.114925977168497,5
historical:1s:seg2,1789968909.7459998,1789968989.669,SELL,4366.93,-1.9799999999995634,0.0,79.92300009727478,-7.5433846317701985,5
historical:1s:seg2,1789981376.9529998,1789981493.865,SELL,4351.74,0.46999999999934516,2.0999999999994543,116.91200017929077,1.7640109716618528,5
historical:1s:seg2,1789982256.972,1789982854.756,SELL,4350.77,1.8900000000003274,4.25,597.7840001583099,7.118580890515065,5
historical:1s:seg2,1789984595.971,1789984681.5900002,BUY,4353.78,-0.6799999999993815,0.47000000000025466,85.61900019645691,-2.5974873051579976,5
historical:1s:seg2,1789985171.9950001,1789985307.407,BUY,4355.48,-1.1099999999996726,0.5800000000008367,135.4119999408722,-4.218391960430375,5
historical:1s:seg2,1789985439.9420002,1789985670.86,SELL,4350.64,-1.8599999999996726,4.170000000000073,230.91799974441528,-7.009810230711853,8
historical:1s:seg2,1789985816.676,1789986006.773,BUY,4354.55,-1.110000000000582,0.9499999999998181,190.09699988365173,-4.124917177192522,5
historical:1s:seg2,1789988032.98,1789988065.837,SELL,4346.5,-1.3699999999998909,0.0,32.85699987411499,-5.048730469473128,5
historical:1s:seg2,1789988400.994,1789988553.9740002,SELL,4343.6,-3.6899999999996,0.0,152.98000025749207,-13.458681809334207,5
historical:1s:seg2,1789991823.757,1789991957.86,SELL,4350.95,-2.6700000000000728,0.0,134.1029999256134,-9.468885677507158,5
historical:1s:seg2,1789992011.825,1789992158.205,BUY,4354.09,-2.2799999999997453,0.0,146.37999987602234,-7.923872071661207,5
historical:1s:seg2,1789993142.9529998,1789993231.971,SELL,4352.13,-1.949999999999818,0.3900000000003274,89.01800012588501,-6.661109221714964,5
historical:1s:seg2,1789993529.968,1789994227.9750001,SELL,4349.63,5.449999999999818,9.270000000000437,698.007000207901,18.344673446895094,5
historical:1s:seg3,1790004004.944,1790004306.959,SELL,4366.76,12.13000000000011,12.13000000000011,302.0150001049042,45.48750000000041,2
historical:1s:seg3,1790004386.968,1790004600.871,SELL,4354.57,-1.0399999999999636,2.7899999999999636,213.90300011634827,-4.254802499999855,5
historical:1s:seg3,1790005635.9459999,1790005754.568,SELL,4355.16,-2.9899999999997817,0.0,118.62200021743774,-12.137143241436624,5
historical:1s:seg3,1790006542.8860002,1790006584.965,BUY,4359.86,-1.269999999999527,0.11999999999989086,42.078999757766724,-5.039635154310943,5
historical:1s:seg3,1790006595.927,1790006734.99,SELL,4357.73,-1.9700000000002547,1.6499999999996362,139.06299996376038,-7.742926204766337,5
historical:1s:seg3,1790006920.9190001,1790007253.924,BUY,4362.04,1.230000000000473,2.0299999999997453,333.00499987602234,4.762987359499594,5
historical:1s:seg3,1790007729.9580002,1790007761.937,BUY,4364.15,-2.5499999999992724,0.09000000000014552,31.978999853134155,-9.965578122450266,5
historical:1s:seg3,1790007814.859,1790008032.766,BUY,4364.92,-0.8800000000001091,3.5799999999999272,217.90700006484985,-3.373328654101554,5
historical:1s:seg3,1790008386.895,1790008658.9889998,SELL,4353.85,-2.3499999999994543,1.5300000000006548,272.0939998626709,-8.948865920125826,5
historical:1s:seg3,1790008913.96,1790009044.879,SELL,4351.05,-1.0900000000001455,1.5700000000006185,130.91899991035461,-4.077593596822416,5
historical:1s:seg3,1790009649.967,1790010188.864,SELL,4349.01,12.800000000000182,12.800000000000182,538.8970000743866,47.49221894068733,2
historical:1s:seg3,1790010325.957,1790010435.882,SELL,4324.92,-4.789999999999964,1.9200000000000728,109.92499995231628,-19.478636772154132,1
historical:1s:seg3,1790017634.997,1790017779.973,BUY,4354.98,-4.109999999999673,0.32000000000061846,144.9760000705719,-16.11297334582986,1
historical:1s:seg3,1790017792.981,1790017933.96,BUY,4354.19,-0.7199999999993452,1.4400000000005093,140.97900009155273,-2.735700603053735,5
historical:1s:seg3,1790018364.615,1790018519.6739998,BUY,4355.56,-1.5900000000001455,1.319999999999709,155.0589997768402,-6.0087156020582935,5
historical:1s:seg3,1790047330.685,1790047402.964,SELL,4358.89,-3.2399999999997817,0.0,72.27900004386902,-12.098163399967964,5
historical:1s:seg4,1790052078.9980001,1790052094.976,BUY,4357.23,-2.9099999999998545,0.0,15.977999925613403,-10.912499999999454,5
historical:1s:seg4,1790052378.8569999,1790052768.959,SELL,4348.32,0.47999999999956344,4.519999999999527,390.10200023651123,1.7607149999984004,8
historical:1s:seg4,1790056887.4550002,1790056920.804,SELL,4342.9,-1.3800000000001091,0.2599999999993088,33.34899973869324,-5.08027902525039,5
historical:1s:seg4,1790057363.9910002,1790057517.7500002,SELL,4340.17,-2.5900000000001455,0.27000000000043656,153.7590000629425,-9.43604215631002,5
current7d:1s,1790694690.996,1790694928.9950001,SELL,4151.87,-2.8900000000003274,0.7899999999999636,237.99900007247925,-10.837500000001228,5
current7d:1s,1790695016.448,1790695135.6780002,BUY,4157.09,-3.3400000000001455,0.0,119.23000025749207,-12.253520625000503,5
current7d:1s,1790695366.961,1790695537.982,SELL,4150.6,-1.9600000000000364,1.7000000000007276,171.02100014686584,-7.010561996812605,5
current7d:1s,1790695954.973,1790696214.896,BUY,4156.84,-1.7100000000000364,1.8099999999994907,259.9229998588562,-6.026447202875359,5
current7d:1s,1790696667.6030002,1790696729.895,BUY,4156.64,-3.5600000000004,0.9699999999993452,62.29199981689453,-12.385381603682179,5
current7d:1s,1790697036.887,1790697179.8609998,BUY,4156.12,-3.8499999999994543,0.0,142.97399973869324,-13.036675245003915,5
current7d:1s,1790698029.9139998,1790698316.978,BUY,4157.52,-1.550000000000182,1.769999999999527,287.0640001296997,-5.096980242422605,5
current7d:1s,1790699048.987,1790699102.905,BUY,4159.22,-0.32000000000061846,0.4099999999998545,53.91799998283386,-1.040047039404094,5
current7d:1s,1790699486.981,1790699541.9980001,BUY,4160.23,-4.389999999999418,0.0,55.01700019836426,-14.23390177302307,1
current7d:1s,1790699858.9529998,1790699951.9889998,BUY,4161.57,-4.210000000000036,0.25,93.03600001335144,-13.200843928381392,1
current7d:1s,1790700024.927,1790700169.96,BUY,4160.25,1.0299999999997453,2.880000000000109,145.0329999923706,3.127683634151938,5
current7d:1s,1790700305.907,1790700366.9859998,SELL,4153.77,-5.029999999999745,0.0,61.078999757766724,-15.392019709552104,1
current7d:1s,1790700635.9910002,1790700749.964,BUY,4160.3,-0.5799999999999272,1.4700000000002547,113.97299981117249,-1.7078700485655547,5
current7d:1s,1790700816.934,1790700980.7710001,BUY,4163.99,-2.7299999999995634,0.0,163.83700013160706,-8.003799003141493,5
current7d:1s,1790701377.868,1790701837.982,BUY,4164.16,2.5100000000002183,4.930000000000291,460.114000082016,7.2081326954472065,5
current7d:1s,1790702306.9539998,1790702647.941,BUY,4168.96,2.449999999999818,6.029999999999745,340.9870002269745,7.168276172877563,5
current7d:1s,1790702708.965,1790702801.987,BUY,4174.92,-2.6599999999998545,0.0,93.0220000743866,-7.925706954487547,5
current7d:1s,1790703341.941,1790703700.719,SELL,4167.0,-0.07999999999992724,3.930000000000291,358.77800011634827,-0.23361170227786138,5
current7d:1s,1790703740.965,1790703915.624,BUY,4168.54,-1.7600000000002183,1.9700000000002547,174.65900015830994,-5.1363737756481935,5
current7d:1s,1790704005.8830001,1790704252.98,SELL,4164.27,-1.4099999999998545,1.360000000000582,247.09699988365173,-4.060618656221563,5
current7d:1s,1790705103.915,1790705200.952,SELL,4167.28,-0.2899999999999636,1.2299999999995634,97.03699994087219,-0.8263308567661427,5
current7d:1s,1790705292.992,1790705778.992,SELL,4163.62,0.9499999999998181,2.800000000000182,486.0,2.701058302741349,5
current7d:1s,1790706141.968,1790706602.968,SELL,4158.44,4.960000000000036,9.86999999999989,461.0,14.202846928440666,8
current7d:1s,1790707310.962,1790707573.767,SELL,4155.2,-1.7899999999999636,1.1099999999996726,262.8050000667572,-5.316297413947395,5
current7d:1s,1790707779.872,1790707939.978,BUY,4160.65,-2.7899999999999636,0.0,160.10599994659424,-8.175052445838482,5
current7d:1s,1790708052.888,1790708219.9699998,SELL,4154.55,-2.769999999999527,0.5,167.08199977874756,-7.946613204781469,5
current7d:1s,1790708319.9459999,1790708505.9459999,BUY,4159.0,-2.9799999999995634,0.0,186.0,-8.371457220233939,5
current7d:1s,1790708710.9980001,1790709051.9699998,SELL,4152.98,0.9499999999998181,1.9199999999991633,340.97199964523315,2.609106507984329,5
current7d:1s,1790711033.905,1790711378.985,SELL,4150.09,1.6900000000005093,5.110000000000582,345.07999992370605,4.674533581299963,5
current7d:1s,1790713167.928,1790713213.866,BUY,4148.71,-1.6400000000003274,0.0,45.937999963760376,-4.593730534251871,5
current7d:1s,1790714409.982,1790714672.932,SELL,4144.21,-1.1700000000000728,0.25,262.94999980926514,-3.2369246030216634,5
current7d:1s,1790715286.905,1790715560.96,SELL,4142.72,-0.6799999999993815,0.15999999999985448,274.0550000667572,-1.8647811973900676,5
current7d:1s,1790715606.983,1790715756.972,BUY,4149.7,12.789999999999964,12.789999999999964,149.9889998435974,34.89546132634711,2
current7d:1s,1790715778.994,1790715798.966,BUY,4163.38,-4.029999999999745,0.0,19.972000122070312,-12.04992322673345,1
current7d:1s,1790715863.997,1790716045.971,BUY,4161.47,-1.2800000000006548,2.639999999999418,181.97399997711182,-3.711591637824213,5
current7d:1s,1790716423.9750001,1790716751.971,BUY,4166.35,0.9899999999997817,3.639999999999418,327.99599981307983,2.8431255894667244,5
current7d:1s,1790717759.967,1790718216.982,BUY,4167.15,4.260000000000218,8.210000000000036,457.0150001049042,12.324893429383001,5
current7d:1s,1790718424.9550002,1790718761.996,SELL,4168.55,0.47000000000025466,3.6900000000005093,337.0409998893738,1.4032339610317563,5
current7d:1s,1790718835.763,1790719081.119,BUY,4171.23,-1.9599999999991269,0.0,245.35599994659424,-5.872411717141045,5
current7d:1s,1790719150.9950001,1790719445.993,BUY,4171.97,-0.8100000000004002,0.3099999999994907,294.9979999065399,-2.3911891247819805,5
current7d:1s,1790719474.988,1790719676.864,BUY,4173.18,-1.9600000000000364,0.25,201.87600016593933,-5.750936784767498,5
current7d:1s,1790719934.6929998,1790720221.982,SELL,4169.03,-0.6300000000001091,0.9799999999995634,287.28900027275085,-1.8213422187960937,5
current7d:1s,1790720329.9329998,1790720618.9699998,BUY,4170.68,-0.680000000000291,0.8899999999994179,289.0369999408722,-1.956604343226452,5
current7d:1s,1790720803.6729999,1790720880.943,SELL,4168.61,-1.8100000000004002,0.0,77.27000021934509,-5.181459480215909,5
current7d:1s,1790722433.904,1790722740.968,BUY,4173.75,0.23999999999978172,1.4600000000000364,307.0639998912811,0.6777177239026985,5
current7d:1s,1790741175.956,1790741733.978,SELL,4176.95,2.9299999999993815,4.550000000000182,558.021999835968,8.288696726300648,5
current7d:1s,1790742184.977,1790742338.167,SELL,4169.56,-0.8899999999994179,0.19000000000050932,153.19000005722046,-2.5730540425948836,5
current7d:1s,1790743133.7580001,1790743202.852,SELL,4167.96,-1.8500000000003638,0.0,69.0939998626709,-5.312781997411331,5
current7d:1s,1790743810.895,1790743892.997,BUY,4171.55,-1.5,0.22999999999956344,82.10199999809265,-4.247892281510436,5
current7d:1s,1790757478.977,1790757776.664,SELL,4175.93,-0.8400000000001455,2.030000000000655,297.6870000362396,-2.3520579562727355,5
current7d:1s,1790761855.984,1790762346.977,BUY,4183.96,7.880000000000109,10.840000000000146,490.9930000305176,21.925537059815476,5
current7d:1s,1790762866.964,1790762930.916,BUY,4196.74,-2.119999999999891,1.050000000000182,63.95199990272522,-6.247364588338075,5
current7d:1s,1790764580.985,1790764834.879,BUY,4198.17,-1.6900000000005093,0.6999999999998181,253.89400005340576,-4.901025103981976,5
current7d:1s,1790764967.962,1790765277.88,SELL,4193.46,0.1999999999998181,1.8800000000001091,309.91800022125244,0.5726514332287723,5
current7d:1s,1790765856.9950001,1790766079.956,SELL,4192.92,-2.8299999999999272,0.3400000000001455,222.96099996566772,-8.11517230686457,5
current7d:1s,1790766109.928,1790766266.973,BUY,4196.3,-2.4899999999997817,0.4499999999998181,157.04500007629395,-6.988653766388939,5
current7d:1s,1790767011.9539998,1790767450.977,BUY,4197.13,2.5299999999997453,4.019999999999527,439.0230002403259,6.968311591555388,5
current7d:1s,1790768042.994,1790768417.77,BUY,4200.48,0.4000000000005457,1.660000000000764,374.7760000228882,1.1226142773147099,5
current7d:1s,1790770968.638,1790771268.616,SELL,4185.98,-0.5200000000004366,2.5999999999994543,299.9779999256134,-1.463776756189888,5
current7d:1s,1790777181.9550002,1790777697.947,SELL,4183.03,2.6099999999996726,3.699999999999818,515.9919998645782,7.3183799039435895,5
current7d:1s,1790778030.9539998,1790778161.9950001,SELL,4177.17,-1.8400000000001455,0.4600000000000364,131.04100036621094,-5.260311276106981,5
current7d:1s,1790778363.952,1790778646.9910002,BUY,4184.07,-0.8499999999994543,0.680000000000291,283.03900027275085,-2.3965006159885944,5
current7d:1s,1790778703.701,1790778774.95,BUY,4185.31,-2.490000000000691,0.0,71.24900007247925,-6.97558244960474,5
current7d:1s,1790778895.9699998,1790779294.9750001,BUY,4186.72,0.3599999999996726,5.389999999999418,399.0050003528595,0.9896838719060543,5
current7d:1s,1790780568.793,1790780742.5449998,BUY,4187.73,-0.7599999999993088,1.6200000000008004,173.7519998550415,-2.094973816538196,5
current7d:1s,1790781013.997,1790781428.98,BUY,4190.24,0.28000000000065484,4.449999999999818,414.9830000400543,0.7674330137123652,5
current7d:1s,1790781648.374,1790781854.993,SELL,4184.27,-4.609999999999673,1.2600000000002183,206.61899995803833,-12.661770400754381,1
current7d:1s,1790781919.776,1790782216.98,BUY,4191.68,12.929999999999382,12.929999999999382,297.2039999961853,34.285506872167375,2
current7d:1s,1790782512.922,1790782548.948,BUY,4218.8,-4.350000000000364,0.4399999999995998,36.026000022888184,-12.65313193888535,1
current7d:1s,1790782922.921,1790782964.964,BUY,4215.0,-4.329999999999927,1.1599999999998545,42.04299998283386,-12.184046159909546,1
current7d:1s,1790783094.952,1790783207.9889998,BUY,4215.38,-2.6700000000000728,3.5100000000002183,113.03699994087219,-7.269040629680119,5
current7d:1s,1790783549.859,1790783584.992,BUY,4213.44,-3.0999999999994543,0.0,35.13300013542175,-8.270704899743409,5
current7d:1s,1790783755.9689999,1790783815.994,BUY,4214.88,-2.7200000000002547,1.2799999999997453,60.02500009536743,-7.0881541772413925,5
current7d:1s,1790784401.96,1790784500.98,SELL,4208.96,-1.680000000000291,0.6300000000001091,99.01999998092651,-4.288666837427952,5
current7d:1s,1790784508.941,1790784583.9859998,SELL,4208.62,1.180000000000291,3.0999999999994543,75.04499983787537,2.9743231962062264,5
current7d:1s,1790784623.9580002,1790785254.988,SELL,4205.25,12.050000000000182,12.050000000000182,631.0299997329712,30.642189640447594,2
current7d:1s,1790785305.934,1790785554.638,SELL,4192.45,-1.300000000000182,0.9600000000000364,248.7039999961853,-3.6045577417402015,5
current7d:1s,1790785806.993,1790785825.921,SELL,4191.19,-3.9000000000005457,0.0,18.92799997329712,-10.708239911274688,5
current7d:1s,1790785887.9580002,1790786072.992,SELL,4192.47,-1.2199999999993452,3.949999999999818,185.03399991989136,-3.2517767052596533,5
current7d:1s,1790786138.903,1790786163.987,SELL,4188.82,-4.3100000000004,0.2599999999993088,25.08399987220764,-11.382720416099135,1
current7d:1s,1790786578.888,1790786925.972,SELL,4185.4,1.4200000000000728,7.589999999999236,347.08399987220764,3.6289974593226217,5
current7d:1s,1790787593.934,1790787838.9750001,SELL,4177.34,-1.6300000000001091,2.7700000000004366,245.04100012779236,-4.21004467612048,5
current7d:1s,1790788275.823,1790788326.968,SELL,4178.66,-2.5200000000004366,0.0,51.144999980926514,-6.429210881894155,5
current7d:1s,1790788473.99,1790788496.91,BUY,4182.81,-2.1400000000003274,0.0,22.920000076293945,-5.356537866636539,5
current7d:1s,1790788556.928,1790788608.979,BUY,4182.87,-3.269999999999527,0.02999999999974534,52.051000118255615,-8.053621013445182,5
current7d:1s,1790788922.988,1790789440.985,SELL,4175.82,4.789999999999964,7.269999999999527,517.9969999790192,11.507873865216668,5
current7d:1s,1790789804.901,1790789946.988,SELL,4168.49,-1.360000000000582,3.5,142.08699989318848,-3.384751598749161,5
current7d:1s,1790790753.994,1790790823.812,SELL,4169.3,-2.75,0.5,69.8180000782013,-6.7743563339788935,5
current7d:1s,1790790857.9750001,1790791009.972,BUY,4176.02,-4.630000000000109,0.37999999999919964,151.9969997406006,-11.170313140420037,1
current7d:1s,1790791232.929,1790791445.997,SELL,4165.13,-2.3099999999994907,2.75,213.0680000782013,-5.379567921897122,5
current7d:1s,1790791584.9129999,1790791891.978,SELL,4163.47,0.3000000000001819,3.5100000000002183,307.06500005722046,0.6865411568382656,5
current7d:1s,1790792377.922,1790792985.923,SELL,4158.67,1.480000000000473,7.050000000000182,608.0010001659393,3.39455698057538,5
current7d:1s,1790793370.967,1790793667.959,SELL,4157.06,-0.8899999999994179,1.3700000000008004,296.9920001029968,-2.0639800953515057,5
current7d:1s,1790794114.684,1790794348.997,BUY,4160.0,-2.5200000000004366,1.680000000000291,234.31299996376038,-5.805069248433915,5
current7d:1s,1790794400.911,1790794780.96,SELL,4156.12,0.0,1.8699999999998909,380.04900002479553,0.0,5
current7d:1s,1790795261.865,1790795515.9910002,SELL,4156.99,-4.039999999999964,0.23999999999978172,254.12600016593933,-9.13064599052989,1
current7d:1s,1790795626.9329998,1790795888.901,BUY,4161.07,-3.389999999999418,0.4500000000007276,261.9680001735687,-7.429459738535196,5
current7d:1s,1790796156.616,1790796352.812,BUY,4162.68,-2.030000000000655,0.26999999999952706,196.19600009918213,-4.33579599442882,5
current7d:1s,1790796870.873,1790797068.968,SELL,4157.34,-3.0900000000001455,2.1599999999998545,198.09500002861023,-6.499325623780518,5
current7d:1s,1790798580.585,1790799197.96,SELL,4156.01,0.8000000000001819,4.770000000000437,617.375,1.6436773469127615,5
current7d:1s,1790800474.3379998,1790800742.983,SELL,4151.5,-1.1599999999998545,0.5500000000001819,268.6450002193451,-2.3976321459408028,5
current7d:1s,1790803217.994,1790803270.819,BUY,4151.53,-1.5900000000001455,0.0,52.825000047683716,-3.2578178160102595,5
current7d:1s,1790803692.766,1790803996.978,BUY,4153.42,0.14000000000032742,1.5299999999997453,304.2119998931885,0.2834311744645405,5
current7d:1s,1790828400.959,1790828702.8700001,BUY,4163.93,-0.5200000000004366,0.6499999999996362,301.91100001335144,-1.053849743875699,5
current7d:1s,1790849166.951,1790849262.932,SELL,4178.92,-1.2299999999995634,0.0,95.98099994659424,-2.4830382072003694,5
current7d:1s,1790849600.9980001,1790850137.9980001,SELL,4176.42,12.25,12.25,537.0,24.50131642423811,2
current7d:1s,1790850280.983,1790850702.911,SELL,4161.01,3.5,6.030000000000655,421.9279999732971,7.643535677347139,5
current7d:1s,1790851204.698,1790851275.916,SELL,4160.13,-2.119999999999891,0.0,71.21799993515015,-4.751330970405556,5
current7d:1s,1790851942.9859998,1790852021.7710001,SELL,4161.82,-3.100000000000364,0.0,78.78500032424927,-6.837232502230376,5
current7d:1s,1790852045.707,1790852175.973,BUY,4165.65,-0.10999999999967258,0.7200000000002547,130.26600003242493,-0.2369707590705201,5
current7d:1s,1790852630.999,1790852838.98,BUY,4166.22,-1.2800000000006548,1.4200000000000728,207.98099994659424,-2.7552030044522287,5
current7d:1s,1790852949.5809999,1790853423.944,SELL,4162.03,1.5999999999994543,3.519999999999527,474.36300015449524,3.410941319508933,5
current7d:1s,1790853473.9180002,1790853497.997,SELL,4157.59,-1.7299999999995634,0.0,24.078999757766724,-3.7323372653399787,5
current7d:1s,1790853550.9980001,1790853782.9699998,SELL,4156.46,-2.050000000000182,1.4200000000000728,231.97199964523315,-4.365327102955547,5
current7d:1s,1790854330.956,1790854487.912,SELL,4154.85,-3.339999999999236,0.14000000000032742,156.9559998512268,-7.00293759210362,5
current7d:1s,1790854785.962,1790854811.993,SELL,4156.09,-2.4799999999995634,0.0,26.0310001373291,-5.0695313573192,5
current7d:1s,1790854923.996,1790855229.979,SELL,4152.83,0.3900000000003274,3.4899999999997817,305.9830000400543,0.7823963100364805,5
current7d:1s,1790856133.8140001,1790856174.826,BUY,4155.66,-2.2600000000002183,0.0,41.01199984550476,-4.547147926893919,5
current7d:1s,1790856260.966,1790856944.987,BUY,4157.16,2.600000000000364,5.190000000000509,684.0209999084473,5.142562743710823,5
current7d:1s,1790857459.9859998,1790857505.85,BUY,4162.92,-3.0100000000002183,0.0,45.86400008201599,-6.069598684157947,5
current7d:1s,1790857811.976,1790857870.624,BUY,4161.77,-2.430000000000291,0.0,58.64800000190735,-4.789423026607291,5
current7d:1s,1790859322.961,1790860016.9139998,SELL,4156.34,2.5200000000004366,5.779999999999745,693.952999830246,4.876288969427155,5
current7d:1s,1790860732.967,1790861002.5779998,BUY,4163.89,-1.6700000000000728,1.4600000000000364,269.6109998226166,-3.2925844792398133,5
current7d:1s,1790861068.983,1790861143.4950001,BUY,4164.69,0.5800000000008367,0.8900000000003274,74.51200008392334,1.1292095916241267,5
current7d:1s,1790861400.997,1790861978.925,BUY,4168.3,0.5799999999999272,4.130000000000109,577.9279999732971,1.1341216533459204,5
current7d:1s,1790862369.38,1790862743.9910002,BUY,4173.36,2.430000000000291,4.0900000000001455,374.61100006103516,4.7722480182206155,5
current7d:1s,1790862849.885,1790863006.8019998,BUY,4178.31,-2.630000000000109,0.4399999999995998,156.91699981689453,-5.2591582250479805,5
current7d:1s,1790865580.99,1790866328.983,BUY,4178.28,3.610000000000582,5.850000000000364,747.9930000305176,7.076452850914401,5
current7d:1s,1790866500.956,1790866718.9329998,BUY,4184.39,-1.0799999999999272,1.389999999999418,217.97699975967407,-2.1743744146258672,5
current7d:1s,1790868711.736,1790869003.9740002,BUY,4184.12,-0.6199999999998909,1.0299999999997453,292.23800015449524,-1.2381411377385572,5
current7d:1s,1790870399.4620001,1790870524.9699998,SELL,4178.55,-1.1300000000001091,0.4000000000005457,125.5079996585846,-2.2461188274785537,5
current7d:1s,1790871138.8979998,1790871580.963,SELL,4173.97,0.020000000000436557,3.8400000000001455,442.06500029563904,0.03941739770732864,5
current7d:1s,1790872162.9169998,1790872278.978,SELL,4167.97,-3.2100000000000364,0.6100000000005821,116.06100010871887,-6.327441305738029,5
current7d:1s,1790872690.992,1790873101.961,SELL,4165.03,0.4399999999995998,5.550000000000182,410.9689998626709,0.8464322706450302,5
current7d:1s,1790874016.985,1790874481.973,SELL,4160.86,3.9200000000000728,8.759999999999309,464.98800015449524,7.565827156328776,5
current7d:1s,1790874838.96,1790875020.979,SELL,4153.72,-1.6700000000000728,1.949999999999818,182.01900005340576,-3.3179587583650054,5
current7d:1s,1790875813.952,1790875881.982,BUY,4164.63,-4.1599999999998545,0.0,68.03000020980835,-8.161574557875145,1
current7d:1s,1790875993.973,1790876045.815,BUY,4168.32,-4.219999999999345,0.21000000000003638,51.842000007629395,-8.020975740779102,1
current7d:1s,1790876168.9390001,1790876489.3990002,BUY,4168.2,-0.32999999999992724,6.539999999999964,320.460000038147,-0.6073807851498536,8
current7d:1s,1790876989.9350002,1790877029.9689999,BUY,4170.02,-1.8200000000006185,0.2599999999993088,40.03399968147278,-3.341506309777711,5
current7d:1s,1790877547.972,1790878031.949,SELL,4160.11,4.369999999999891,7.6599999999998545,483.97699999809265,7.913769259116417,5
current7d:1s,1790878087.959,1790878116.9550002,SELL,4152.76,-2.2899999999999636,0.2899999999999636,28.996000051498413,-4.282951390544031,5
current7d:1s,1790878181.987,1790878347.985,SELL,4152.21,-2.4700000000002547,1.8999999999996362,165.99799990653992,-4.540260917038205,5
current7d:1s,1790879251.909,1790879490.9529998,BUY,4166.13,-4.150000000000546,2.1599999999998545,239.04399991035461,-7.4870579845074055,1
current7d:1s,1790879890.676,1790880199.978,BUY,4167.12,0.8900000000003274,6.430000000000291,309.3019998073578,1.5556821063180128,5
current7d:1s,1790880647.8579998,1790880900.973,SELL,4163.15,-2.990000000000691,2.5599999999994907,253.11500024795532,-5.261278865492867,5
current7d:1s,1790880957.669,1790881335.973,BUY,4167.23,1.930000000000291,4.600000000000364,378.30400013923645,3.3199193129706135,5
current7d:1s,1790881445.853,1790881894.994,BUY,4172.48,0.2600000000002183,3.990000000000691,449.1410000324249,0.4537168589157147,5
current7d:1s,1790882093.826,1790882291.92,SELL,4169.42,-2.5799999999999272,0.47000000000025466,198.09400010108948,-4.511046713533589,5
current7d:1s,1790883396.756,1790883439.873,SELL,4166.82,-0.5399999999999636,0.2599999999993088,43.11699986457825,-0.9259028287590438,5
current7d:1s,1790883500.763,1790883771.978,SELL,4164.75,-1.4200000000000728,1.8699999999998909,271.2149999141693,-2.4249206475366756,5
current7d:1s,1790884187.9980001,1790884660.928,SELL,4163.85,3.0600000000004,3.860000000000582,472.9299998283386,5.169881297521291,5
current7d:1s,1790885187.957,1790885487.959,BUY,4171.66,-0.5900000000001455,0.8100000000004002,300.0020000934601,-1.019683903021902,5
current7d:1s,1790885749.98,1790885823.965,BUY,4173.19,-0.25,0.680000000000291,73.98499989509583,-0.43015754311473675,5
current7d:1s,1790886639.972,1790886661.9580002,BUY,4183.7,-4.869999999999891,2.0600000000004,21.986000299453735,-8.363757435612618,1
current7d:1s,1790887042.9750001,1790887269.8070002,BUY,4179.33,-4.289999999999964,0.0,226.83200001716614,-7.098559225408268,1
current7d:1s,1790887584.889,1790887788.907,BUY,4178.37,-1.0,1.4600000000000364,204.018000125885,-1.6014366159279294,5
current7d:1s,1790888056.9699998,1790888182.99,SELL,4173.66,-0.2899999999999636,5.099999999999454,126.02000021934509,-0.4609334939793984,8
current7d:1s,1790888225.945,1790888395.999,SELL,4168.96,-2.2100000000000364,1.7600000000002183,170.05400013923645,-3.504991136629068,5
current7d:1s,1790889799.956,1790889998.951,BUY,4177.91,-4.079999999999927,2.230000000000473,198.99499988555908,-6.363500138841824,1
current7d:1s,1790890511.949,1790890660.966,BUY,4181.29,-4.239999999999782,0.6499999999996362,149.01700019836426,-6.410689859479064,1
current7d:1s,1790892381.496,1790892517.95,SELL,4174.35,-1.4299999999993815,0.7300000000004729,136.4539999961853,-2.0933412236749396,5
current7d:1s,1790892966.9980001,1790893073.99,BUY,4178.69,-2.7100000000000364,0.0,106.99199986457825,-3.9245540397418237,5
current7d:1s,1790893870.8620002,1790894030.839,BUY,4178.88,-2.369999999999891,0.18999999999959982,159.97699975967407,-3.3624156180644666,5
current7d:1s,1790894318.966,1790894490.708,SELL,4174.98,-1.550000000000182,0.7999999999992724,171.74199986457825,-2.1599601074698587,5
current7d:1s,1790894679.8979998,1790894790.957,BUY,4177.53,-1.3800000000001091,0.0,111.05900025367737,-1.9007056698607763,5
current7d:1s,1790895068.9580002,1790895141.812,BUY,4180.04,-4.279999999999745,0.0,72.85399985313416,-5.833929570463411,1
current7d:1s,1790918353.972,1790918650.973,BUY,4160.29,-4.369999999999891,0.0,297.00100016593933,-5.765398617890213,1
current7d:1s,1790931853.912,1790932150.993,BUY,4195.08,-1.1499999999996362,1.6000000000003638,297.0810000896454,-1.4674835995229585,5
current7d:1s,1790932943.9139998,1790933141.988,BUY,4192.06,-3.110000000000582,0.0,198.07400012016296,-3.934357027231294,5
current7d:1s,1790933581.829,1790933762.99,SELL,4186.55,-1.5100000000002183,1.25,181.16100001335144,-1.8656939247112934,5
current7d:1s,1790934068.684,1790934568.9750001,SELL,4181.4,1.1099999999996726,1.7999999999992724,500.29100012779236,1.3559384665725616,5
current7d:1s,1790935580.964,1790935613.893,SELL,4178.57,-2.490000000000691,0.4899999999997817,32.92899990081787,-3.0670219542574944,5
current7d:1s,1790936007.894,1790936222.964,BUY,4184.17,0.1000000000003638,4.880000000000109,215.0699999332428,0.12087330599485276,8
current7d:1s,1790936713.98,1790936839.46,BUY,4186.74,0.38000000000010914,1.9600000000000364,125.48000001907349,0.4596630517009868,5
current7d:1s,1790937215.544,1790937326.9180002,BUY,4187.49,-2.4299999999993815,0.0,111.37400031089783,-2.9478016107824936,5
current7d:1s,1790938649.9740002,1790938839.979,BUY,4188.31,-3.050000000000182,3.339999999999236,190.00499987602234,-3.632484640165457,5
current7d:1s,1790939034.965,1790939057.698,BUY,4189.53,-3.9099999999998545,0.0,22.73300004005432,-4.550203598761763,5
current7d:1s,1790939218.9910002,1790939493.934,BUY,4190.56,-1.6400000000003274,5.75,274.9429998397827,-1.8525577903569734,5
current7d:1s,1790940189.8140001,1790940208.9889998,SELL,4183.93,-1.1199999999998909,0.0,19.174999713897705,-1.249599932365389,5
current7d:1s,1790940519.833,1790940573.966,SELL,4183.6,-0.2999999999992724,0.9000000000005457,54.13300013542175,-0.3319026677492776,5
current7d:1s,1790940749.987,1790940961.803,SELL,4182.04,-1.6000000000003638,0.6599999999998545,211.8159999847412,-1.766164729321184,5
current7d:1s,1790941275.335,1790941765.9699998,SELL,4182.36,0.8999999999996362,2.819999999999709,490.6349997520447,0.9815460483196252,5
current7d:1s,1790942202.798,1790942421.96,BUY,4185.69,-2.6699999999991633,0.75,219.1619999408722,-2.9315754029660805,5
current7d:1s,1790942471.819,1790942722.982,SELL,4182.22,-1.0,1.0300000000006548,251.16300010681152,-1.0759815001957316,5
current7d:1s,1790943023.983,1790943478.9980001,BUY,4184.71,0.7600000000002183,3.5799999999999272,455.0150001049042,0.8116128455978735,5
current7d:1s,1790944253.922,1790944291.996,BUY,4188.67,-1.9099999999998545,0.0,38.074000120162964,-2.051337584396577,5
current7d:1s,1790944660.983,1790944813.957,SELL,4182.66,-2.0600000000004,0.6700000000000728,152.97399997711182,-2.1807442290111667,5
current7d:1s,1790945230.952,1790945343.961,SELL,4180.0,-4.1599999999998545,0.2600000000002183,113.0090000629425,-4.335793786212317,1
current7d:1s,1790946134.977,1790946264.9580002,SELL,4182.79,-3.180000000000291,0.7799999999997453,129.98100018501282,-3.2109721451596225,5
current7d:1s,1790946604.941,1790947068.971,SELL,4177.21,4.9399999999996,6.930000000000291,464.02999997138977,4.869147443369582,5
current7d:1s,1790947158.948,1790947529.904,SELL,4170.48,-0.38000000000010914,4.229999999999563,370.9560000896454,-0.3884268735498669,5
current7d:1s,1790948364.722,1790948401.823,BUY,4178.99,-0.9499999999998181,0.0,37.1010000705719,-0.9682996424001601,5
current7d:1s,1790948706.98,1790948939.554,BUY,4182.43,-2.1599999999998545,0.27999999999974534,232.57399988174438,-2.185921153776914,5
current7d:1s,1790949834.8609998,1790950312.9539998,BUY,4184.2,0.5500000000001819,4.029999999999745,478.09299993515015,0.547583369026677,5
current7d:1s,1790952339.9740002,1790952415.9689999,SELL,4178.46,-0.8800000000001091,0.11999999999989086,75.9949996471405,-0.8797474406780786,5
current7d:1s,1790953029.9139998,1790953191.728,BUY,4185.12,-3.619999999999891,0.06999999999970896,161.8140001296997,-3.595075919774402,5
current7d:1s,1790953385.9299998,1790953571.996,SELL,4179.37,-1.230000000000473,1.1099999999996726,186.0660002231598,-1.1883667454478992,5
current7d:1s,1790953872.728,1790954195.957,SELL,4178.24,0.22999999999956344,3.3299999999999272,323.22900009155273,0.22016498724410055,5
current7d:1s,1790954353.947,1790954595.88,BUY,4181.88,-2.7200000000002547,0.680000000000291,241.93300008773804,-2.6081816496751986,5
current7d:1s,1790956010.904,1790956109.767,BUY,4214.43,-3.6900000000005093,0.06999999999970896,98.86299991607666,-3.466123825529754,5
current7d:1s,1790956631.901,1790956647.909,BUY,4215.23,-4.079999999999927,0.0,16.007999897003174,-3.7263987269710936,1
current7d:1s,1790956708.876,1790957106.99,BUY,4215.4,3.0799999999999272,9.760000000000218,398.114000082016,2.7269858950616026,5
current7d:1s,1790957213.988,1790957608.983,SELL,4210.8,12.029999999999745,12.029999999999745,394.99500012397766,10.897224223677757,2
current7d:1s,1790957672.952,1790958189.9550002,SELL,4197.39,12.450000000000728,12.450000000000728,517.0030002593994,12.295204254097017,2
current7d:1s,1790959417.915,1790959507.987,SELL,4188.82,0.4600000000000364,5.25,90.07200002670288,0.4966990937838465,8
current7d:1s,1790959613.936,1790959667.976,SELL,4187.38,-4.239999999999782,0.0,54.03999996185303,-4.594064939102401,1
current7d:1s,1790959968.9910002,1790960267.9910002,SELL,4186.14,-2.9600000000000364,7.400000000000546,299.0,-3.1051891686689,5
current7d:1s,1790960901.811,1790961198.957,SELL,4184.0,-1.0299999999997453,4.079999999999927,297.14599990844727,-1.0565343203369502,5
current7d:1s,1790961303.956,1790961325.9740002,BUY,4190.57,-4.210000000000036,0.0,22.01800012588501,-4.285095743029243,1
current7d:1s,1790961913.9580002,1790962359.985,SELL,4180.82,6.779999999999745,11.36999999999989,446.02699971199036,6.683040918934172,8
current7d:1s,1790962446.983,1790962483.983,SELL,4170.72,-4.009999999999309,0.4400000000005093,37.0,-4.153646450463227,1
current7d:1s,1790963306.804,1790963604.979,SELL,4174.04,12.260000000000218,12.260000000000218,298.17500019073486,12.317250633490586,2
current7d:1s,1790963680.965,1790963997.994,SELL,4159.44,0.18999999999959982,3.3499999999994543,317.029000043869,0.2084393268801129,5
current7d:1s,1790964063.9,1790964683.967,SELL,4155.57,8.799999999999272,11.019999999999527,620.066999912262,9.667788977409378,5
current7d:1s,1790964701.981,1790964860.971,SELL,4143.39,-2.1599999999998545,0.8200000000006185,158.99000000953674,-2.529620930434541,5
current7d:1s,1790964929.9859998,1790965065.961,SELL,4143.63,0.4099999999998545,4.029999999999745,135.97500014305115,0.4723809441008905,5
current7d:1s,1790965178.916,1790965233.964,SELL,4141.76,-1.7100000000000364,0.3500000000003638,55.04800009727478,-1.9762324671027929,5
current7d:1s,1790965456.849,1790965601.966,SELL,4139.47,-2.0599999999994907,5.360000000000582,145.11700010299683,-2.3501917009158193,8
current7d:1s,1790966189.9699998,1790966272.959,BUY,4147.52,-3.5100000000002183,0.0,82.98900032043457,-3.9425840530933276,5
current7d:1s,1790966386.689,1790966901.923,SELL,4141.36,4.849999999999454,9.389999999999418,515.2340002059937,5.304318606920399,8
current7d:1s,1790967163.982,1790967680.987,SELL,4129.88,-0.4899999999997817,4.210000000000036,517.0049998760223,-0.5553936012701413,5
current7d:1s,1790968621.952,1790968946.9750001,BUY,4137.79,0.13000000000010914,3.0799999999999272,325.0230002403259,0.14680781402490636,5
current7d:1s,1790969448.8460002,1790969900.881,BUY,4138.67,-0.48000000000047294,2.2799999999997453,452.0349998474121,-0.5425881291456081,5
current7d:1s,1790970810.871,1790970961.9580002,BUY,4139.15,-0.5599999999994907,0.7100000000000364,151.08700013160706,-0.6307406138596005,5
current7d:1s,1790971263.951,1790971572.9889998,BUY,4141.01,-0.0500000000001819,2.0799999999999272,309.03799986839294,-0.05607959850752222,5
current7d:1s,1790972166.6390002,1790972306.5110002,SELL,4134.91,-1.5799999999999272,0.0,139.87199997901917,-1.7714507695888597,5
current7d:1s,1790972686.915,1790972948.9689999,SELL,4132.57,-1.0,2.369999999999891,262.05399990081787,-1.1078854923856412,5
current7d:1s,1790974301.887,1790974520.981,BUY,4139.79,-0.22999999999956344,0.21000000000003638,219.0939998626709,-0.2529025607738522,5
current7d:1s,1790975022.753,1790975035.576,BUY,4137.04,-0.4600000000000364,0.0,12.822999954223633,-0.5049326077140346,5
current7d:1s,1790975224.957,1790975368.873,BUY,4139.24,-1.199999999999818,0.0,143.91599988937378,-1.3126711049147086,5
current7d:1s,1790975577.854,1790975822.978,BUY,4139.26,-1.5399999999999636,1.800000000000182,245.12399983406067,-1.669433233378994,5
current7d:1s,1790976480.973,1790976814.82,BUY,4138.49,1.0200000000004366,2.119999999999891,333.84699988365173,1.0929573409901927,5
current7d:1s,1790976981.9950001,1790977168.9529998,BUY,4140.69,-1.139999999999418,0.9700000000002547,186.9579997062683,-1.2308853428415887,5
current7d:1s,1790977530.94,1790977664.999,BUY,4143.46,-1.1199999999998909,0.0,134.0590000152588,-1.1989514262632448,5
current7d:1s,1790978358.9129999,1790978620.983,BUY,4146.68,-2.6700000000000728,1.019999999999527,262.0700001716614,-2.83420555851342,5
current7d:1s,1790979274.957,1790979363.947,BUY,4149.01,-2.0399999999999636,0.17999999999938154,88.99000000953674,-2.122097081684003,5
current7d:1s,1790981248.444,1790981569.7619998,SELL,4141.73,-0.5500000000001819,0.9599999999991269,321.3179998397827,-0.5633803666589369,5
current7d:1s,1791192355.9299998,1791192450.869,BUY,4155.59,-2.180000000000291,0.0,94.9390001296997,-2.2238236388528345,5
current7d:1s,1791192552.981,1791192593.978,BUY,4155.95,-1.5900000000001455,0.0,40.996999979019165,-1.5954440158478975,5
current7d:1s,1791192753.627,1791192771.976,BUY,4155.31,-1.980000000000473,0.0,18.348999977111816,-1.9630869968547802,5
current7d:1s,1791193834.948,1791193992.9459999,SELL,4147.77,-3.449999999999818,0.0,157.99799990653992,-3.3697354972629596,5
current7d:1s,1791194754.553,1791195065.9129999,BUY,4155.22,-0.3900000000003274,2.9399999999996,311.3599998950958,-0.37107014510056324,5
current7d:1s,1791196062.908,1791196141.8270001,SELL,4151.26,-1.5100000000002183,0.3500000000003638,78.9190001487732,-1.4325051154822768,5
current7d:1s,1791196408.91,1791196499.782,BUY,4153.56,-0.8700000000008004,1.3499999999994543,90.87199997901917,-0.8160035335721634,5
current7d:1s,1791196828.8430002,1791197173.96,BUY,4155.87,4.930000000000291,9.920000000000073,345.11699986457825,4.593848292917779,8
current7d:1s,1791198086.957,1791198487.78,BUY,4163.83,-1.4399999999995998,2.050000000000182,400.82299995422363,-1.3914272617256425,5
current7d:1s,1791198575.799,1791198623.844,BUY,4166.31,-1.410000000000764,0.0,48.045000076293945,-1.347724850481385,5
current7d:1s,1791198766.961,1791199051.8609998,BUY,4169.04,-0.9499999999998181,1.2100000000000364,284.89999985694885,-0.8984390263668306,5
current7d:1s,1791200171.798,1791200326.85,SELL,4162.24,-4.0900000000001455,0.32999999999992724,155.0519998073578,-3.8404568226990086,1
current7d:1s,1791200711.7910001,1791200939.979,SELL,4161.32,-3.3200000000006185,1.0499999999992724,228.18799996376038,-3.0218094591887694,5
current7d:1s,1791201086.98,1791201241.5500002,BUY,4168.38,-3.2100000000000364,0.5199999999995271,154.57000017166138,-2.8489392035333587,5
current7d:1s,1791201301.891,1791201513.873,SELL,4163.67,-3.300000000000182,0.0,211.981999874115,-2.8583047583450982,5
current7d:1s,1791201544.959,1791201811.8979998,BUY,4167.82,-1.4099999999998545,0.4900000000006912,266.93899965286255,-1.1910490966550342,5
current7d:1s,1791202997.941,1791203071.8830001,BUY,4169.88,-1.8400000000001455,0.0,73.94200015068054,-1.5378403578176927,5
current7d:1s,1791204173.8300002,1791204225.8460002,SELL,4159.04,-1.9399999999995998,0.0,52.01600003242493,-1.5990430609271664,5
current7d:1s,1791210436.996,1791210754.689,BUY,4164.18,0.13000000000010914,4.009999999999309,317.6929998397827,0.10559330307783646,5
current7d:1s,1791216300.997,1791216576.8140001,SELL,4153.66,1.3999999999996362,6.430000000000291,275.81700015068054,1.1382673782116135,8
current7d:1s,1791217271.98,1791217338.977,SELL,4150.16,-2.1599999999998545,0.0,66.99699997901917,-1.7746238864824253,5
current7d:1s,1791219339.9859998,1791219659.9980001,SELL,4138.64,-0.8099999999994907,3.980000000000473,320.0120003223419,-0.654703117320162,5
current7d:1s,1791221107.894,1791221131.736,SELL,4138.52,-1.889999999999418,0.0,23.842000007629395,-1.5183601903928572,5
current7d:1s,1791221475.994,1791221726.39,SELL,4134.65,-1.8400000000001455,1.5,250.39600014686584,-1.4572385607609046,5
current7d:1s,1791222653.8969998,1791223179.903,BUY,4143.29,3.630000000000109,4.930000000000291,526.0060002803802,2.8352049277712315,5
current7d:1s,1791224002.4099998,1791224553.994,SELL,4139.63,12.569999999999709,12.569999999999709,551.5840001106262,10.085064686186145,2
current7d:1s,1791228340.767,1791228632.568,SELL,4127.7,-0.6199999999998909,0.9600000000000364,291.8010001182556,-0.5443291311753599,5
current7d:1s,1791281694.9689999,1791281880.8209999,BUY,4137.73,0.8600000000005821,5.3700000000008,185.85199999809265,0.7515262590574789,8
current7d:1s,1791281925.9859998,1791282011.962,BUY,4141.09,-3.069999999999709,0.38000000000010914,85.9760000705719,-2.7000778633993088,5
current7d:1s,1791288157.968,1791288220.767,BUY,4156.67,-2.5799999999999272,0.0,62.79900002479553,-2.2168743036268337,5
current7d:1s,1791288857.967,1791288969.6460001,SELL,4150.11,-2.490000000000691,0.0,111.67900013923645,-2.0981413514621234,5
current7d:1s,1791289119.8979998,1791289394.8009999,BUY,4156.33,-1.25,1.0100000000002183,274.90300011634827,-1.0336137358047117,5
block:20260928T150531Z:1s,1790619042.9950001,1790619330.9889998,SELL,4119.72,-1.4200000000000728,1.0100000000002183,287.99399971961975,-5.325000000000273,5
block:20260928T150531Z:1s,1790619334.9910002,1790619644.994,BUY,4123.2,-0.27999999999974534,3.4400000000005093,310.00299978256226,-1.0388174999990545,5
block:20260928T150531Z:1s,1790620000.909,1790620058.2350001,BUY,4124.93,-1.4900000000006912,0.0,57.32600021362305,-5.516384339440067,5
block:20260928T150531Z:1s,1790620201.9420002,1790620226.926,BUY,4125.89,-1.110000000000582,0.0,24.983999967575073,-4.063597319688798,5
block:20260928T150531Z:1s,1790620473.9550002,1790620570.976,SELL,4120.84,-2.300000000000182,0.0,97.02099990844727,-8.349969464505698,5
block:20260928T150531Z:1s,1790620608.6739998,1790620742.985,BUY,4124.58,-2.649999999999636,0.4499999999998181,134.31100010871887,-9.454661348603977,5
block:20260928T150531Z:1s,1790621231.753,1790621401.9550002,SELL,4117.51,-2.6099999999996726,1.8699999999998909,170.2020001411438,-9.126874483292298,5
block:20260928T150531Z:1s,1790622215.879,1790622325.951,SELL,4121.36,-1.660000000000764,0.32999999999992724,110.07200002670288,-5.691202459531268,5
block:20260928T150531Z:1s,1790622687.816,1790623000.978,SELL,4119.52,-2.219999999999345,2.6900000000005093,313.1619999408722,-7.516367659862009,5
block:20260928T150531Z:1s,1790623003.9750001,1790623544.962,BUY,4125.3,12.260000000000218,12.260000000000218,540.9869997501373,40.818179682836515,2
block:20260928T150531Z:1s,1790623601.977,1790623782.908,BUY,4142.87,-0.2600000000002183,5.050000000000182,180.93099999427795,-0.945233844961224,8
block:20260928T150531Z:1s,1790625799.9169998,1790625838.9699998,SELL,4127.4,-1.300000000000182,0.0,39.05299997329712,-4.71695319481444,5
block:20260928T150531Z:1s,1790625972.9750001,1790626280.906,SELL,4127.22,0.4499999999998181,0.7700000000004366,307.9309997558594,1.61687177347931,5
block:20260928T150531Z:1s,1790626307.9980001,1790626362.999,BUY,4141.69,-2.009999999999309,4.600000000000364,55.00099992752075,-7.2464015968598785,8
block:20260928T150531Z:1s,1790627127.9580002,1790627225.957,BUY,4137.71,-2.6700000000000728,0.23999999999978172,97.99899983406067,-9.480707854601512,5
block:20260928T150531Z:1s,1790628484.956,1790628538.8769999,SELL,4135.65,-2.0900000000001455,0.0,53.92099976539612,-7.27261815011619,5
block:20260928T150531Z:1s,1790628928.9550002,1790629388.992,SELL,4136.34,1.230000000000473,2.2399999999997817,460.0369999408722,4.21296766916598,5
block:20260928T150531Z:1s,1790629467.9889998,1790629655.9689999,BUY,4137.26,-1.5600000000004002,0.5900000000001455,187.9800000190735,-5.392567789939084,5
block:20260928T150531Z:1s,1790631138.895,1790631426.973,SELL,4133.22,-1.6300000000001091,1.2400000000006912,288.07800006866455,-5.568617844408399,5
block:20260928T150531Z:1s,1790631717.961,1790632030.976,BUY,4137.92,0.07999999999992724,1.1700000000000728,313.0150001049042,0.269965226564669,5
block:20260928T150531Z:1s,1790632216.963,1790632433.9889998,BUY,4140.56,-2.1400000000003274,0.6599999999998545,217.0259997844696,-7.225902752498934,5
block:20260929T132027Z:1s,1790699048.987,1790699102.905,BUY,4159.22,-0.32000000000061846,0.4099999999998545,53.91799998283386,-1.2000000000023192,5
block:20260929T132027Z:1s,1790699486.981,1790699541.9980001,BUY,4160.23,-4.389999999999418,0.0,55.01700019836426,-16.422989999997746,1
block:20260929T132027Z:1s,1790699858.9529998,1790699951.9889998,BUY,4161.57,-4.210000000000036,0.25,93.03600001335144,-15.23105409075013,1
block:20260929T132027Z:1s,1790700024.927,1790700169.96,BUY,4160.25,1.0299999999997453,2.880000000000109,145.0329999923706,3.6087025093980625,5
block:20260929T132027Z:1s,1790700305.907,1790700366.9859998,SELL,4153.77,-5.029999999999745,0.0,61.078999757766724,-17.75921948884259,1
block:20260929T132027Z:1s,1790700635.9910002,1790700749.964,BUY,4160.3,-0.5799999999999272,1.4700000000002547,113.97299981117249,-1.9705301593444058,5
block:20260929T132027Z:1s,1790700816.934,1790700980.7710001,BUY,4163.99,-2.7299999999995634,0.0,163.83700013160706,-9.234735007073711,5
block:20260929T132027Z:1s,1790701377.868,1790701837.982,BUY,4164.16,2.5100000000002183,4.930000000000291,460.114000082016,8.316700021096487,5
block:20260929T132027Z:1s,1790702306.9539998,1790702647.941,BUY,4168.96,2.449999999999818,6.029999999999745,340.9870002269745,8.270713805789272,5
block:20260929T132027Z:1s,1790702708.965,1790702801.987,BUY,4174.92,-2.6599999999998545,0.0,93.0220000743866,-9.144632872425445,5
block:20260929T132027Z:1s,1790703341.941,1790703700.719,SELL,4167.0,-0.07999999999992724,3.930000000000291,358.77800011634827,-0.2695397728304633,5
block:20260929T132027Z:1s,1790703740.965,1790703915.624,BUY,4168.54,-1.7600000000002183,1.9700000000002547,174.65900015830994,-5.92631707727496,5
block:20260929T132027Z:1s,1790704005.8830001,1790704252.98,SELL,4164.27,-1.4099999999998545,1.360000000000582,247.09699988365173,-4.685117309950889,5
block:20260929T132027Z:1s,1790705103.915,1790705200.952,SELL,4167.28,-0.2899999999999636,1.2299999999995634,97.03699994087219,-0.9534155577130762,5
block:20260929T132027Z:1s,1790705292.992,1790705778.992,SELL,4163.62,0.9499999999998181,2.800000000000182,486.0,3.11646477562496,5
block:20260929T132027Z:1s,1790706141.968,1790706602.968,SELL,4158.44,4.960000000000036,9.86999999999989,461.0,16.387159107656274,8
block:20260929T132027Z:1s,1790707310.962,1790707573.767,SELL,4155.2,-1.7899999999999636,1.1099999999996726,262.8050000667572,-6.133911885758973,5
block:20260929T132027Z:1s,1790707779.872,1790707939.978,BUY,4160.65,-2.7899999999999636,0.0,160.10599994659424,-9.432326196174664,5
block:20260929T132027Z:1s,1790708052.888,1790708219.9699998,SELL,4154.55,-2.769999999999527,0.5,167.08199977874756,-9.168754377898052,5
block:20260929T132027Z:1s,1790708319.9459999,1790708505.9459999,BUY,4159.0,-2.9799999999995634,0.0,186.0,-9.65893684006443,5
block:20260929T132027Z:1s,1790708710.9980001,1790709051.9699998,SELL,4152.98,0.9499999999998181,1.9199999999991633,340.97199964523315,3.010371349531599,5
block:20260929T132027Z:1s,1790711033.905,1790711378.985,SELL,4150.09,1.6900000000005093,5.110000000000582,345.07999992370605,5.393448647077335,5
block:20260929T132027Z:1s,1790713167.928,1790713213.866,BUY,4148.71,-1.6400000000003274,0.0,45.937999963760376,-5.300218578835946,5
block:20261001T171601Z:1s,1790886639.972,1790886661.9580002,BUY,4183.7,-4.869999999999891,2.0600000000004,21.986000299453735,-18.26249999999959,1
block:20261001T171601Z:1s,1790887042.9750001,1790887269.8070002,BUY,4179.33,-4.289999999999964,0.0,226.83200001716614,-15.49990406249988,1
block:20261001T171601Z:1s,1790887584.889,1790887788.907,BUY,4178.37,-1.0,1.4600000000000364,204.018000125885,-3.496781969531254,5
block:20261001T171601Z:1s,1790888056.9699998,1790888182.99,SELL,4173.66,-0.2899999999999636,5.099999999999454,126.02000021934509,-1.006461270380207,8
block:20261001T171601Z:1s,1790888225.945,1790888395.999,SELL,4168.96,-2.2100000000000364,1.7600000000002183,170.05400013923645,-7.653246895962664,5
block:20261001T171601Z:1s,1790889799.956,1790889998.951,BUY,4177.91,-4.079999999999927,2.230000000000473,198.99499988555908,-13.894881837529521,1
block:20261001T171601Z:1s,1790890511.949,1790890660.966,BUY,4181.29,-4.239999999999782,0.6499999999996362,149.01700019836426,-13.99792192205756,1
block:20261001T171601Z:1s,1790892381.496,1790892517.95,SELL,4174.35,-1.4299999999993815,0.7300000000004729,136.4539999961853,-4.570869539398895,5
block:20261001T171601Z:1s,1790892966.9980001,1790893073.99,BUY,4178.69,-2.7100000000000364,0.0,106.99199986457825,-8.569374315616281,5
block:20261001T171601Z:1s,1790893870.8620002,1790894030.839,BUY,4178.88,-2.369999999999891,0.18999999999959982,159.97699975967407,-7.3419292342740174,5
block:20261001T171601Z:1s,1790894318.966,1790894490.708,SELL,4174.98,-1.550000000000182,0.7999999999992724,171.74199986457825,-4.7163337490762745,5
block:20261001T171601Z:1s,1790894679.8979998,1790894790.957,BUY,4177.53,-1.3800000000001091,0.0,111.05900025367737,-4.1502443803583535,5
block:20261001T171601Z:1s,1790895068.9580002,1790895141.812,BUY,4180.04,-4.279999999999745,0.0,72.85399985313416,-12.738549581427671,1
block:20261002T071041Z:1s,1790936007.894,1790936222.964,BUY,4184.17,0.1000000000003638,4.880000000000109,215.0699999332428,0.3750000000013642,8
block:20261002T071041Z:1s,1790936713.98,1790936839.46,BUY,4186.74,0.38000000000010914,1.9600000000000364,125.48000001907349,1.4260687500004132,5
block:20261002T071041Z:1s,1790937215.544,1790937326.9180002,BUY,4187.49,-2.4299999999993815,0.0,111.37400031089783,-9.145324477966454,5
block:20261002T071041Z:1s,1790938649.9740002,1790938839.979,BUY,4188.31,-3.050000000000182,3.339999999999236,190.00499987602234,-11.26950015022348,5
block:20261002T071041Z:1s,1790939034.965,1790939057.698,BUY,4189.53,-3.9099999999998545,0.0,22.73300004005432,-14.116651608871608,5
block:20261002T071041Z:1s,1790939218.9910002,1790939493.934,BUY,4190.56,-1.6400000000003274,5.75,274.9429998397827,-5.747415987910312,5
block:20261002T071041Z:1s,1790940189.8140001,1790940208.9889998,SELL,4183.93,-1.1199999999998909,0.0,19.174999713897705,-3.876786282809874,5
block:20261002T071041Z:1s,1790940519.833,1790940573.966,SELL,4183.6,-0.2999999999992724,0.9000000000005457,54.13300013542175,-1.0297021280424978,5
block:20261002T071041Z:1s,1790940749.987,1790940961.803,SELL,4182.04,-1.6000000000003638,0.6599999999998545,211.8159999847412,-5.479388257371376,5
block:20261002T071041Z:1s,1790941275.335,1790941765.9699998,SELL,4182.36,0.8999999999996362,2.819999999999709,490.6349997520447,3.0451700240322106,5
block:20261002T071041Z:1s,1790942202.798,1790942421.96,BUY,4185.69,-2.6699999999991633,0.75,219.1619999408722,-9.094983934360938,5
block:20261002T071041Z:1s,1790942471.819,1790942722.982,SELL,4182.22,-1.0,1.0300000000006548,251.16300010681152,-3.33814864459858,5
block:20261002T071041Z:1s,1790943023.983,1790943478.9980001,BUY,4184.71,0.7600000000002183,3.5799999999999272,455.0150001049042,2.517965522621432,5
block:20261002T071041Z:1s,1790944253.922,1790944291.996,BUY,4188.67,-1.9099999999998545,0.0,38.074000120162964,-6.36411478796048,5
block:20261002T071041Z:1s,1790944660.983,1790944813.957,SELL,4182.66,-2.0600000000004,0.6700000000000728,152.97399997711182,-6.765588805165853,5
block:20261002T071041Z:1s,1790945230.952,1790945343.961,SELL,4180.0,-4.1599999999998545,0.2600000000002183,113.0090000629425,-13.451461896018396,1
block:20261002T071041Z:1s,1790946134.977,1790946264.9580002,SELL,4182.79,-3.180000000000291,0.7799999999997453,129.98100018501282,-9.96179052544914,5
block:20261002T071041Z:1s,1790946604.941,1790947068.971,SELL,4177.21,4.9399999999996,6.930000000000291,464.02999997138977,15.106149999305808,5
block:20261002T071041Z:1s,1790947158.948,1790947529.904,SELL,4170.48,-0.38000000000010914,4.229999999999563,370.9560000896454,-1.2050640659066005,5
block:20261002T071041Z:1s,1790948364.722,1790948401.823,BUY,4178.99,-0.9499999999998181,0.0,37.1010000705719,-3.0040740832954773,5
block:20261002T071041Z:1s,1790948706.98,1790948939.554,BUY,4182.43,-2.1599999999998545,0.27999999999974534,232.57399988174438,-6.781649810291707,5
block:20261002T132739Z:1s,1790959417.915,1790959507.987,SELL,4188.82,0.4600000000000364,5.25,90.07200002670288,1.7250000000001364,8
block:20261002T132739Z:1s,1790959613.936,1790959667.976,SELL,4187.38,-4.239999999999782,0.0,54.03999996185303,-15.954854999999181,1
block:20261002T132739Z:1s,1790959968.9910002,1790960267.9910002,SELL,4186.14,-2.9600000000000364,7.400000000000546,299.0,-10.784097219000156,5
block:20261002T132739Z:1s,1790960901.811,1790961198.957,SELL,4184.0,-1.0299999999997453,4.079999999999927,297.14599990844727,-3.669267219107324,5
block:20261002T132739Z:1s,1790961303.956,1790961325.9740002,BUY,4190.57,-4.210000000000036,0.0,22.01800012588501,-14.881827346241915,1
block:20261002T132739Z:1s,1790961913.9580002,1790962359.985,SELL,4180.82,6.779999999999745,11.36999999999989,446.02699971199036,23.209717371015014,8
block:20261002T132739Z:1s,1790962446.983,1790962483.983,SELL,4170.72,-4.009999999999309,0.4400000000005093,37.0,-14.425313467891511,1
block:20261002T132739Z:1s,1790963306.804,1790963604.979,SELL,4174.04,12.260000000000218,12.260000000000218,298.17500019073486,42.77691988707213,2
block:20261002T132739Z:1s,1790963680.965,1790963997.994,SELL,4159.44,0.18999999999959982,3.3499999999994543,317.029000043869,0.7238946947318077,5
block:20261002T132739Z:1s,1790964063.9,1790964683.967,SELL,4155.57,8.799999999999272,11.019999999999527,620.066999912262,33.57553133223544,5
block:20261002T132739Z:1s,1790964701.981,1790964860.971,SELL,4143.39,-2.1599999999998545,0.8200000000006185,158.99000000953674,-8.785190389131003,5
block:20261002T132739Z:1s,1790964929.9859998,1790965065.961,SELL,4143.63,0.4099999999998545,4.029999999999745,135.97500014305115,1.6405448263787448,5
block:20261002T132739Z:1s,1790965178.916,1790965233.964,SELL,4141.76,-1.7100000000000364,0.3500000000003638,55.04800009727478,-6.863312312053696,5
block:20261002T132739Z:1s,1790965456.849,1790965601.966,SELL,4139.47,-2.0599999999994907,5.360000000000582,145.11700010299683,-8.162045662689216,8
block:20261002T132739Z:1s,1790966189.9699998,1790966272.959,BUY,4147.52,-3.5100000000002183,0.0,82.98900032043457,-13.692309039215134,5
block:20261002T132739Z:1s,1790966386.689,1790966901.923,SELL,4141.36,4.849999999999454,9.389999999999418,515.2340002059937,18.421514577838717,8
block:20261002T132739Z:1s,1790967163.982,1790967680.987,SELL,4129.88,-0.4899999999997817,4.210000000000036,517.0049998760223,-1.9288417759988812,5
block:20261002T132739Z:1s,1790968621.952,1790968946.9750001,BUY,4137.79,0.13000000000010914,3.0799999999999272,325.0230002403259,0.5098529116769235,5
block:20261002T132739Z:1s,1790969448.8460002,1790969900.881,BUY,4138.67,-0.48000000000047294,2.2799999999997453,452.0349998474121,-1.884369298212492,5
block:20261002T132739Z:1s,1790970810.871,1790970961.9580002,BUY,4139.15,-0.5599999999994907,0.7100000000000364,151.08700013160706,-2.1905164968579234,5
block:20261002T132739Z:1s,1790971263.951,1790971572.9889998,BUY,4141.01,-0.0500000000001819,2.0799999999999272,309.03799986839294,-0.19476038639116502,5
block:20261002T132739Z:1s,1790972166.6390002,1790972306.5110002,SELL,4134.91,-1.5799999999999272,0.0,139.87199997901917,-6.152120299359406,5
block:20261005T132049Z:1s,1791217271.98,1791217338.977,SELL,4150.16,-2.1599999999998545,0.0,66.99699997901917,-8.099999999999454,5
block:20261005T132049Z:1s,1791219339.9859998,1791219659.9980001,SELL,4138.64,-0.8099999999994907,3.980000000000473,320.0120003223419,-2.988292499998124,5
block:20261005T132049Z:1s,1791221107.894,1791221131.736,SELL,4138.52,-1.889999999999418,0.0,23.842000007629395,-6.9303234538103995,5
block:20261005T132049Z:1s,1791221475.994,1791221726.39,SELL,4134.65,-1.8400000000001455,1.5,250.39600014686584,-6.651343099837976,5
block:20261005T132049Z:1s,1791222653.8969998,1791223179.903,BUY,4143.29,3.630000000000109,4.930000000000291,526.0060002803802,12.940860364764879,5
block:20261005T132049Z:1s,1791224002.4099998,1791224553.994,SELL,4139.63,12.569999999999709,12.569999999999709,551.5840001106262,46.03173922110467,2
block:20261005T132049Z:1s,1791228340.767,1791228632.568,SELL,4127.7,-0.6199999999998909,0.9600000000000364,291.8010001182556,-2.4845072784744024,5
